robustness_family,model_label,outcome,country_scope,term,coefficient,standard_error,ci_lower,ci_upper,p_value,estimation_n,psu_count,fe_region_count,weight_method,clustering_method,fe_included,reference_category_metadata
binary_lpm,model4_preferred_lpm,stunted,pooled,const,0.578,0.034,0.512,0.644,0.0,36985,4434,114,model_specific_equal_total_country_weight,cluster_robust_country_psu,True,"{'child_sex': {'reference': 'Male', 'reference_column': 'child_sex_Male'}, 'maternal_education': {'reference': 'No education', 'reference_column': 'maternal_education_No education'}, 'literacy': {'reference': 'Cannot read at all', 'reference_column': 'literacy_Cannot read at all'}, 'wealth_quintile': {'reference': 'Poorest', 'reference_column': 'wealth_quintile_Poorest'}, 'residence': {'reference': 'Rural', 'reference_column': 'residence_Rural'}, 'country_admin_region': {'reference': 'ethiopia::01', 'reference_column': 'country_admin_region_ethiopia::01'}}"
binary_lpm,model4_preferred_lpm,stunted,pooled,water_rate_loo,-0.017,0.017,-0.051,0.016,0.308,36985,4434,114,model_specific_equal_total_country_weight,cluster_robust_country_psu,True,"{'child_sex': {'reference': 'Male', 'reference_column': 'child_sex_Male'}, 'maternal_education': {'reference': 'No education', 'reference_column': 'maternal_education_No education'}, 'literacy': {'reference': 'Cannot read at all', 'reference_column': 'literacy_Cannot read at all'}, 'wealth_quintile': {'reference': 'Poorest', 'reference_column': 'wealth_quintile_Poorest'}, 'residence': {'reference': 'Rural', 'reference_column': 'residence_Rural'}, 'country_admin_region': {'reference': 'ethiopia::01', 'reference_column': 'country_admin_region_ethiopia::01'}}"
binary_lpm,model4_preferred_lpm,stunted,pooled,sanitation_rate_loo_core,0.011,0.019,-0.027,0.049,0.581,36985,4434,114,model_specific_equal_total_country_weight,cluster_robust_country_psu,True,"{'child_sex': {'reference': 'Male', 'reference_column': 'child_sex_Male'}, 'maternal_education': {'reference': 'No education', 'reference_column': 'maternal_education_No education'}, 'literacy': {'reference': 'Cannot read at all', 'reference_column': 'literacy_Cannot read at all'}, 'wealth_quintile': {'reference': 'Poorest', 'reference_column': 'wealth_quintile_Poorest'}, 'residence': {'reference': 'Rural', 'reference_column': 'residence_Rural'}, 'country_admin_region': {'reference': 'ethiopia::01', 'reference_column': 'country_admin_region_ethiopia::01'}}"
binary_lpm,model4_preferred_lpm,stunted,pooled,b19_raw,0.003,0.0,0.002,0.003,0.0,36985,4434,114,model_specific_equal_total_country_weight,cluster_robust_country_psu,True,"{'child_sex': {'reference': 'Male', 'reference_column': 'child_sex_Male'}, 'maternal_education': {'reference': 'No education', 'reference_column': 'maternal_education_No education'}, 'literacy': {'reference': 'Cannot read at all', 'reference_column': 'literacy_Cannot read at all'}, 'wealth_quintile': {'reference': 'Poorest', 'reference_column': 'wealth_quintile_Poorest'}, 'residence': {'reference': 'Rural', 'reference_column': 'residence_Rural'}, 'country_admin_region': {'reference': 'ethiopia::01', 'reference_column': 'country_admin_region_ethiopia::01'}}"
binary_lpm,model4_preferred_lpm,stunted,pooled,birth_order_raw,0.013,0.003,0.007,0.019,0.0,36985,4434,114,model_specific_equal_total_country_weight,cluster_robust_country_psu,True,"{'child_sex': {'reference': 'Male', 'reference_column': 'child_sex_Male'}, 'maternal_education': {'reference': 'No education', 'reference_column': 'maternal_education_No education'}, 'literacy': {'reference': 'Cannot read at all', 'reference_column': 'literacy_Cannot read at all'}, 'wealth_quintile': {'reference': 'Poorest', 'reference_column': 'wealth_quintile_Poorest'}, 'residence': {'reference': 'Rural', 'reference_column': 'residence_Rural'}, 'country_admin_region': {'reference': 'ethiopia::01', 'reference_column': 'country_admin_region_ethiopia::01'}}"
binary_lpm,model4_preferred_lpm,stunted,pooled,maternal_age,-0.006,0.001,-0.008,-0.004,0.0,36985,4434,114,model_specific_equal_total_country_weight,cluster_robust_country_psu,True,"{'child_sex': {'reference': 'Male', 'reference_column': 'child_sex_Male'}, 'maternal_education': {'reference': 'No education', 'reference_column': 'maternal_education_No education'}, 'literacy': {'reference': 'Cannot read at all', 'reference_column': 'literacy_Cannot read at all'}, 'wealth_quintile': {'reference': 'Poorest', 'reference_column': 'wealth_quintile_Poorest'}, 'residence': {'reference': 'Rural', 'reference_column': 'residence_Rural'}, 'country_admin_region': {'reference': 'ethiopia::01', 'reference_column': 'country_admin_region_ethiopia::01'}}"
binary_lpm,model4_preferred_lpm,stunted,pooled,household_size_raw,0.003,0.001,0.0,0.006,0.023,36985,4434,114,model_specific_equal_total_country_weight,cluster_robust_country_psu,True,"{'child_sex': {'reference': 'Male', 'reference_column': 'child_sex_Male'}, 'maternal_education': {'reference': 'No education', 'reference_column': 'maternal_education_No education'}, 'literacy': {'reference': 'Cannot read at all', 'reference_column': 'literacy_Cannot read at all'}, 'wealth_quintile': {'reference': 'Poorest', 'reference_column': 'wealth_quintile_Poorest'}, 'residence': {'reference': 'Rural', 'reference_column': 'residence_Rural'}, 'country_admin_region': {'reference': 'ethiopia::01', 'reference_column': 'country_admin_region_ethiopia::01'}}"
binary_lpm,model4_preferred_lpm,stunted,pooled,child_sex_Female,-0.043,0.007,-0.057,-0.029,0.0,36985,4434,114,model_specific_equal_total_country_weight,cluster_robust_country_psu,True,"{'child_sex': {'reference': 'Male', 'reference_column': 'child_sex_Male'}, 'maternal_education': {'reference': 'No education', 'reference_column': 'maternal_education_No education'}, 'literacy': {'reference': 'Cannot read at all', 'reference_column': 'literacy_Cannot read at all'}, 'wealth_quintile': {'reference': 'Poorest', 'reference_column': 'wealth_quintile_Poorest'}, 'residence': {'reference': 'Rural', 'reference_column': 'residence_Rural'}, 'country_admin_region': {'reference': 'ethiopia::01', 'reference_column': 'country_admin_region_ethiopia::01'}}"
binary_lpm,model4_preferred_lpm,stunted,pooled,maternal_education_Higher,-0.056,0.019,-0.094,-0.018,0.004,36985,4434,114,model_specific_equal_total_country_weight,cluster_robust_country_psu,True,"{'child_sex': {'reference': 'Male', 'reference_column': 'child_sex_Male'}, 'maternal_education': {'reference': 'No education', 'reference_column': 'maternal_education_No education'}, 'literacy': {'reference': 'Cannot read at all', 'reference_column': 'literacy_Cannot read at all'}, 'wealth_quintile': {'reference': 'Poorest', 'reference_column': 'wealth_quintile_Poorest'}, 'residence': {'reference': 'Rural', 'reference_column': 'residence_Rural'}, 'country_admin_region': {'reference': 'ethiopia::01', 'reference_column': 'country_admin_region_ethiopia::01'}}"
binary_lpm,model4_preferred_lpm,stunted,pooled,maternal_education_Primary,-0.009,0.015,-0.038,0.019,0.518,36985,4434,114,model_specific_equal_total_country_weight,cluster_robust_country_psu,True,"{'child_sex': {'reference': 'Male', 'reference_column': 'child_sex_Male'}, 'maternal_education': {'reference': 'No education', 'reference_column': 'maternal_education_No education'}, 'literacy': {'reference': 'Cannot read at all', 'reference_column': 'literacy_Cannot read at all'}, 'wealth_quintile': {'reference': 'Poorest', 'reference_column': 'wealth_quintile_Poorest'}, 'residence': {'reference': 'Rural', 'reference_column': 'residence_Rural'}, 'country_admin_region': {'reference': 'ethiopia::01', 'reference_column': 'country_admin_region_ethiopia::01'}}"
binary_lpm,model4_preferred_lpm,stunted,pooled,maternal_education_Secondary,-0.018,0.016,-0.05,0.014,0.26,36985,4434,114,model_specific_equal_total_country_weight,cluster_robust_country_psu,True,"{'child_sex': {'reference': 'Male', 'reference_column': 'child_sex_Male'}, 'maternal_education': {'reference': 'No education', 'reference_column': 'maternal_education_No education'}, 'literacy': {'reference': 'Cannot read at all', 'reference_column': 'literacy_Cannot read at all'}, 'wealth_quintile': {'reference': 'Poorest', 'reference_column': 'wealth_quintile_Poorest'}, 'residence': {'reference': 'Rural', 'reference_column': 'residence_Rural'}, 'country_admin_region': {'reference': 'ethiopia::01', 'reference_column': 'country_admin_region_ethiopia::01'}}"
binary_lpm,model4_preferred_lpm,stunted,pooled,literacy_Able to read only parts of sentence,-0.038,0.015,-0.067,-0.008,0.013,36985,4434,114,model_specific_equal_total_country_weight,cluster_robust_country_psu,True,"{'child_sex': {'reference': 'Male', 'reference_column': 'child_sex_Male'}, 'maternal_education': {'reference': 'No education', 'reference_column': 'maternal_education_No education'}, 'literacy': {'reference': 'Cannot read at all', 'reference_column': 'literacy_Cannot read at all'}, 'wealth_quintile': {'reference': 'Poorest', 'reference_column': 'wealth_quintile_Poorest'}, 'residence': {'reference': 'Rural', 'reference_column': 'residence_Rural'}, 'country_admin_region': {'reference': 'ethiopia::01', 'reference_column': 'country_admin_region_ethiopia::01'}}"
binary_lpm,model4_preferred_lpm,stunted,pooled,literacy_Able to read whole sentence,-0.049,0.014,-0.076,-0.021,0.0,36985,4434,114,model_specific_equal_total_country_weight,cluster_robust_country_psu,True,"{'child_sex': {'reference': 'Male', 'reference_column': 'child_sex_Male'}, 'maternal_education': {'reference': 'No education', 'reference_column': 'maternal_education_No education'}, 'literacy': {'reference': 'Cannot read at all', 'reference_column': 'literacy_Cannot read at all'}, 'wealth_quintile': {'reference': 'Poorest', 'reference_column': 'wealth_quintile_Poorest'}, 'residence': {'reference': 'Rural', 'reference_column': 'residence_Rural'}, 'country_admin_region': {'reference': 'ethiopia::01', 'reference_column': 'country_admin_region_ethiopia::01'}}"
binary_lpm,model4_preferred_lpm,stunted,pooled,literacy_Blind/visually impaired,-0.074,0.135,-0.338,0.191,0.584,36985,4434,114,model_specific_equal_total_country_weight,cluster_robust_country_psu,True,"{'child_sex': {'reference': 'Male', 'reference_column': 'child_sex_Male'}, 'maternal_education': {'reference': 'No education', 'reference_column': 'maternal_education_No education'}, 'literacy': {'reference': 'Cannot read at all', 'reference_column': 'literacy_Cannot read at all'}, 'wealth_quintile': {'reference': 'Poorest', 'reference_column': 'wealth_quintile_Poorest'}, 'residence': {'reference': 'Rural', 'reference_column': 'residence_Rural'}, 'country_admin_region': {'reference': 'ethiopia::01', 'reference_column': 'country_admin_region_ethiopia::01'}}"
binary_lpm,model4_preferred_lpm,stunted,pooled,literacy_No card with required language,-0.161,0.042,-0.244,-0.079,0.0,36985,4434,114,model_specific_equal_total_country_weight,cluster_robust_country_psu,True,"{'child_sex': {'reference': 'Male', 'reference_column': 'child_sex_Male'}, 'maternal_education': {'reference': 'No education', 'reference_column': 'maternal_education_No education'}, 'literacy': {'reference': 'Cannot read at all', 'reference_column': 'literacy_Cannot read at all'}, 'wealth_quintile': {'reference': 'Poorest', 'reference_column': 'wealth_quintile_Poorest'}, 'residence': {'reference': 'Rural', 'reference_column': 'residence_Rural'}, 'country_admin_region': {'reference': 'ethiopia::01', 'reference_column': 'country_admin_region_ethiopia::01'}}"
binary_lpm,model4_preferred_lpm,stunted,pooled,wealth_quintile_Middle,-0.044,0.015,-0.073,-0.014,0.003,36985,4434,114,model_specific_equal_total_country_weight,cluster_robust_country_psu,True,"{'child_sex': {'reference': 'Male', 'reference_column': 'child_sex_Male'}, 'maternal_education': {'reference': 'No education', 'reference_column': 'maternal_education_No education'}, 'literacy': {'reference': 'Cannot read at all', 'reference_column': 'literacy_Cannot read at all'}, 'wealth_quintile': {'reference': 'Poorest', 'reference_column': 'wealth_quintile_Poorest'}, 'residence': {'reference': 'Rural', 'reference_column': 'residence_Rural'}, 'country_admin_region': {'reference': 'ethiopia::01', 'reference_column': 'country_admin_region_ethiopia::01'}}"
binary_lpm,model4_preferred_lpm,stunted,pooled,wealth_quintile_Poorer,-0.015,0.012,-0.038,0.008,0.207,36985,4434,114,model_specific_equal_total_country_weight,cluster_robust_country_psu,True,"{'child_sex': {'reference': 'Male', 'reference_column': 'child_sex_Male'}, 'maternal_education': {'reference': 'No education', 'reference_column': 'maternal_education_No education'}, 'literacy': {'reference': 'Cannot read at all', 'reference_column': 'literacy_Cannot read at all'}, 'wealth_quintile': {'reference': 'Poorest', 'reference_column': 'wealth_quintile_Poorest'}, 'residence': {'reference': 'Rural', 'reference_column': 'residence_Rural'}, 'country_admin_region': {'reference': 'ethiopia::01', 'reference_column': 'country_admin_region_ethiopia::01'}}"
binary_lpm,model4_preferred_lpm,stunted,pooled,wealth_quintile_Richer,-0.081,0.017,-0.114,-0.048,0.0,36985,4434,114,model_specific_equal_total_country_weight,cluster_robust_country_psu,True,"{'child_sex': {'reference': 'Male', 'reference_column': 'child_sex_Male'}, 'maternal_education': {'reference': 'No education', 'reference_column': 'maternal_education_No education'}, 'literacy': {'reference': 'Cannot read at all', 'reference_column': 'literacy_Cannot read at all'}, 'wealth_quintile': {'reference': 'Poorest', 'reference_column': 'wealth_quintile_Poorest'}, 'residence': {'reference': 'Rural', 'reference_column': 'residence_Rural'}, 'country_admin_region': {'reference': 'ethiopia::01', 'reference_column': 'country_admin_region_ethiopia::01'}}"
binary_lpm,model4_preferred_lpm,stunted,pooled,wealth_quintile_Richest,-0.127,0.02,-0.167,-0.087,0.0,36985,4434,114,model_specific_equal_total_country_weight,cluster_robust_country_psu,True,"{'child_sex': {'reference': 'Male', 'reference_column': 'child_sex_Male'}, 'maternal_education': {'reference': 'No education', 'reference_column': 'maternal_education_No education'}, 'literacy': {'reference': 'Cannot read at all', 'reference_column': 'literacy_Cannot read at all'}, 'wealth_quintile': {'reference': 'Poorest', 'reference_column': 'wealth_quintile_Poorest'}, 'residence': {'reference': 'Rural', 'reference_column': 'residence_Rural'}, 'country_admin_region': {'reference': 'ethiopia::01', 'reference_column': 'country_admin_region_ethiopia::01'}}"
binary_lpm,model4_preferred_lpm,stunted,pooled,residence_Urban,0.007,0.012,-0.016,0.03,0.571,36985,4434,114,model_specific_equal_total_country_weight,cluster_robust_country_psu,True,"{'child_sex': {'reference': 'Male', 'reference_column': 'child_sex_Male'}, 'maternal_education': {'reference': 'No education', 'reference_column': 'maternal_education_No education'}, 'literacy': {'reference': 'Cannot read at all', 'reference_column': 'literacy_Cannot read at all'}, 'wealth_quintile': {'reference': 'Poorest', 'reference_column': 'wealth_quintile_Poorest'}, 'residence': {'reference': 'Rural', 'reference_column': 'residence_Rural'}, 'country_admin_region': {'reference': 'ethiopia::01', 'reference_column': 'country_admin_region_ethiopia::01'}}"
binary_lpm,model4_preferred_lpm,stunted,pooled,country_admin_region_ethiopia::02,-0.041,0.037,-0.113,0.032,0.271,36985,4434,114,model_specific_equal_total_country_weight,cluster_robust_country_psu,True,"{'child_sex': {'reference': 'Male', 'reference_column': 'child_sex_Male'}, 'maternal_education': {'reference': 'No education', 'reference_column': 'maternal_education_No education'}, 'literacy': {'reference': 'Cannot read at all', 'reference_column': 'literacy_Cannot read at all'}, 'wealth_quintile': {'reference': 'Poorest', 'reference_column': 'wealth_quintile_Poorest'}, 'residence': {'reference': 'Rural', 'reference_column': 'residence_Rural'}, 'country_admin_region': {'reference': 'ethiopia::01', 'reference_column': 'country_admin_region_ethiopia::01'}}"
binary_lpm,model4_preferred_lpm,stunted,pooled,country_admin_region_ethiopia::03,0.016,0.033,-0.048,0.08,0.621,36985,4434,114,model_specific_equal_total_country_weight,cluster_robust_country_psu,True,"{'child_sex': {'reference': 'Male', 'reference_column': 'child_sex_Male'}, 'maternal_education': {'reference': 'No education', 'reference_column': 'maternal_education_No education'}, 'literacy': {'reference': 'Cannot read at all', 'reference_column': 'literacy_Cannot read at all'}, 'wealth_quintile': {'reference': 'Poorest', 'reference_column': 'wealth_quintile_Poorest'}, 'residence': {'reference': 'Rural', 'reference_column': 'residence_Rural'}, 'country_admin_region': {'reference': 'ethiopia::01', 'reference_column': 'country_admin_region_ethiopia::01'}}"
binary_lpm,model4_preferred_lpm,stunted,pooled,country_admin_region_ethiopia::04,-0.032,0.032,-0.095,0.03,0.313,36985,4434,114,model_specific_equal_total_country_weight,cluster_robust_country_psu,True,"{'child_sex': {'reference': 'Male', 'reference_column': 'child_sex_Male'}, 'maternal_education': {'reference': 'No education', 'reference_column': 'maternal_education_No education'}, 'literacy': {'reference': 'Cannot read at all', 'reference_column': 'literacy_Cannot read at all'}, 'wealth_quintile': {'reference': 'Poorest', 'reference_column': 'wealth_quintile_Poorest'}, 'residence': {'reference': 'Rural', 'reference_column': 'residence_Rural'}, 'country_admin_region': {'reference': 'ethiopia::01', 'reference_column': 'country_admin_region_ethiopia::01'}}"
binary_lpm,model4_preferred_lpm,stunted,pooled,country_admin_region_ethiopia::05,-0.172,0.044,-0.259,-0.085,0.0,36985,4434,114,model_specific_equal_total_country_weight,cluster_robust_country_psu,True,"{'child_sex': {'reference': 'Male', 'reference_column': 'child_sex_Male'}, 'maternal_education': {'reference': 'No education', 'reference_column': 'maternal_education_No education'}, 'literacy': {'reference': 'Cannot read at all', 'reference_column': 'literacy_Cannot read at all'}, 'wealth_quintile': {'reference': 'Poorest', 'reference_column': 'wealth_quintile_Poorest'}, 'residence': {'reference': 'Rural', 'reference_column': 'residence_Rural'}, 'country_admin_region': {'reference': 'ethiopia::01', 'reference_column': 'country_admin_region_ethiopia::01'}}"
binary_lpm,model4_preferred_lpm,stunted,pooled,country_admin_region_ethiopia::06,0.079,0.047,-0.013,0.172,0.091,36985,4434,114,model_specific_equal_total_country_weight,cluster_robust_country_psu,True,"{'child_sex': {'reference': 'Male', 'reference_column': 'child_sex_Male'}, 'maternal_education': {'reference': 'No education', 'reference_column': 'maternal_education_No education'}, 'literacy': {'reference': 'Cannot read at all', 'reference_column': 'literacy_Cannot read at all'}, 'wealth_quintile': {'reference': 'Poorest', 'reference_column': 'wealth_quintile_Poorest'}, 'residence': {'reference': 'Rural', 'reference_column': 'residence_Rural'}, 'country_admin_region': {'reference': 'ethiopia::01', 'reference_column': 'country_admin_region_ethiopia::01'}}"
binary_lpm,model4_preferred_lpm,stunted,pooled,country_admin_region_ethiopia::07,-0.089,0.036,-0.16,-0.017,0.015,36985,4434,114,model_specific_equal_total_country_weight,cluster_robust_country_psu,True,"{'child_sex': {'reference': 'Male', 'reference_column': 'child_sex_Male'}, 'maternal_education': {'reference': 'No education', 'reference_column': 'maternal_education_No education'}, 'literacy': {'reference': 'Cannot read at all', 'reference_column': 'literacy_Cannot read at all'}, 'wealth_quintile': {'reference': 'Poorest', 'reference_column': 'wealth_quintile_Poorest'}, 'residence': {'reference': 'Rural', 'reference_column': 'residence_Rural'}, 'country_admin_region': {'reference': 'ethiopia::01', 'reference_column': 'country_admin_region_ethiopia::01'}}"
binary_lpm,model4_preferred_lpm,stunted,pooled,country_admin_region_ethiopia::08,-0.119,0.032,-0.182,-0.055,0.0,36985,4434,114,model_specific_equal_total_country_weight,cluster_robust_country_psu,True,"{'child_sex': {'reference': 'Male', 'reference_column': 'child_sex_Male'}, 'maternal_education': {'reference': 'No education', 'reference_column': 'maternal_education_No education'}, 'literacy': {'reference': 'Cannot read at all', 'reference_column': 'literacy_Cannot read at all'}, 'wealth_quintile': {'reference': 'Poorest', 'reference_column': 'wealth_quintile_Poorest'}, 'residence': {'reference': 'Rural', 'reference_column': 'residence_Rural'}, 'country_admin_region': {'reference': 'ethiopia::01', 'reference_column': 'country_admin_region_ethiopia::01'}}"
binary_lpm,model4_preferred_lpm,stunted,pooled,country_admin_region_ethiopia::09,-0.055,0.038,-0.129,0.019,0.147,36985,4434,114,model_specific_equal_total_country_weight,cluster_robust_country_psu,True,"{'child_sex': {'reference': 'Male', 'reference_column': 'child_sex_Male'}, 'maternal_education': {'reference': 'No education', 'reference_column': 'maternal_education_No education'}, 'literacy': {'reference': 'Cannot read at all', 'reference_column': 'literacy_Cannot read at all'}, 'wealth_quintile': {'reference': 'Poorest', 'reference_column': 'wealth_quintile_Poorest'}, 'residence': {'reference': 'Rural', 'reference_column': 'residence_Rural'}, 'country_admin_region': {'reference': 'ethiopia::01', 'reference_column': 'country_admin_region_ethiopia::01'}}"
binary_lpm,model4_preferred_lpm,stunted,pooled,country_admin_region_ethiopia::10,-0.048,0.038,-0.122,0.026,0.207,36985,4434,114,model_specific_equal_total_country_weight,cluster_robust_country_psu,True,"{'child_sex': {'reference': 'Male', 'reference_column': 'child_sex_Male'}, 'maternal_education': {'reference': 'No education', 'reference_column': 'maternal_education_No education'}, 'literacy': {'reference': 'Cannot read at all', 'reference_column': 'literacy_Cannot read at all'}, 'wealth_quintile': {'reference': 'Poorest', 'reference_column': 'wealth_quintile_Poorest'}, 'residence': {'reference': 'Rural', 'reference_column': 'residence_Rural'}, 'country_admin_region': {'reference': 'ethiopia::01', 'reference_column': 'country_admin_region_ethiopia::01'}}"
binary_lpm,model4_preferred_lpm,stunted,pooled,country_admin_region_ethiopia::12,-0.251,0.033,-0.316,-0.187,0.0,36985,4434,114,model_specific_equal_total_country_weight,cluster_robust_country_psu,True,"{'child_sex': {'reference': 'Male', 'reference_column': 'child_sex_Male'}, 'maternal_education': {'reference': 'No education', 'reference_column': 'maternal_education_No education'}, 'literacy': {'reference': 'Cannot read at all', 'reference_column': 'literacy_Cannot read at all'}, 'wealth_quintile': {'reference': 'Poorest', 'reference_column': 'wealth_quintile_Poorest'}, 'residence': {'reference': 'Rural', 'reference_column': 'residence_Rural'}, 'country_admin_region': {'reference': 'ethiopia::01', 'reference_column': 'country_admin_region_ethiopia::01'}}"
binary_lpm,model4_preferred_lpm,stunted,pooled,country_admin_region_ethiopia::13,-0.062,0.043,-0.146,0.021,0.144,36985,4434,114,model_specific_equal_total_country_weight,cluster_robust_country_psu,True,"{'child_sex': {'reference': 'Male', 'reference_column': 'child_sex_Male'}, 'maternal_education': {'reference': 'No education', 'reference_column': 'maternal_education_No education'}, 'literacy': {'reference': 'Cannot read at all', 'reference_column': 'literacy_Cannot read at all'}, 'wealth_quintile': {'reference': 'Poorest', 'reference_column': 'wealth_quintile_Poorest'}, 'residence': {'reference': 'Rural', 'reference_column': 'residence_Rural'}, 'country_admin_region': {'reference': 'ethiopia::01', 'reference_column': 'country_admin_region_ethiopia::01'}}"
binary_lpm,model4_preferred_lpm,stunted,pooled,country_admin_region_ethiopia::14,-0.151,0.032,-0.214,-0.089,0.0,36985,4434,114,model_specific_equal_total_country_weight,cluster_robust_country_psu,True,"{'child_sex': {'reference': 'Male', 'reference_column': 'child_sex_Male'}, 'maternal_education': {'reference': 'No education', 'reference_column': 'maternal_education_No education'}, 'literacy': {'reference': 'Cannot read at all', 'reference_column': 'literacy_Cannot read at all'}, 'wealth_quintile': {'reference': 'Poorest', 'reference_column': 'wealth_quintile_Poorest'}, 'residence': {'reference': 'Rural', 'reference_column': 'residence_Rural'}, 'country_admin_region': {'reference': 'ethiopia::01', 'reference_column': 'country_admin_region_ethiopia::01'}}"
binary_lpm,model4_preferred_lpm,stunted,pooled,country_admin_region_ethiopia::15,-0.075,0.042,-0.158,0.007,0.073,36985,4434,114,model_specific_equal_total_country_weight,cluster_robust_country_psu,True,"{'child_sex': {'reference': 'Male', 'reference_column': 'child_sex_Male'}, 'maternal_education': {'reference': 'No education', 'reference_column': 'maternal_education_No education'}, 'literacy': {'reference': 'Cannot read at all', 'reference_column': 'literacy_Cannot read at all'}, 'wealth_quintile': {'reference': 'Poorest', 'reference_column': 'wealth_quintile_Poorest'}, 'residence': {'reference': 'Rural', 'reference_column': 'residence_Rural'}, 'country_admin_region': {'reference': 'ethiopia::01', 'reference_column': 'country_admin_region_ethiopia::01'}}"
binary_lpm,model4_preferred_lpm,stunted,pooled,country_admin_region_ghana::01,-0.279,0.037,-0.352,-0.205,0.0,36985,4434,114,model_specific_equal_total_country_weight,cluster_robust_country_psu,True,"{'child_sex': {'reference': 'Male', 'reference_column': 'child_sex_Male'}, 'maternal_education': {'reference': 'No education', 'reference_column': 'maternal_education_No education'}, 'literacy': {'reference': 'Cannot read at all', 'reference_column': 'literacy_Cannot read at all'}, 'wealth_quintile': {'reference': 'Poorest', 'reference_column': 'wealth_quintile_Poorest'}, 'residence': {'reference': 'Rural', 'reference_column': 'residence_Rural'}, 'country_admin_region': {'reference': 'ethiopia::01', 'reference_column': 'country_admin_region_ethiopia::01'}}"
binary_lpm,model4_preferred_lpm,stunted,pooled,country_admin_region_ghana::02,-0.244,0.038,-0.318,-0.171,0.0,36985,4434,114,model_specific_equal_total_country_weight,cluster_robust_country_psu,True,"{'child_sex': {'reference': 'Male', 'reference_column': 'child_sex_Male'}, 'maternal_education': {'reference': 'No education', 'reference_column': 'maternal_education_No education'}, 'literacy': {'reference': 'Cannot read at all', 'reference_column': 'literacy_Cannot read at all'}, 'wealth_quintile': {'reference': 'Poorest', 'reference_column': 'wealth_quintile_Poorest'}, 'residence': {'reference': 'Rural', 'reference_column': 'residence_Rural'}, 'country_admin_region': {'reference': 'ethiopia::01', 'reference_column': 'country_admin_region_ethiopia::01'}}"
binary_lpm,model4_preferred_lpm,stunted,pooled,country_admin_region_ghana::03,-0.223,0.036,-0.292,-0.153,0.0,36985,4434,114,model_specific_equal_total_country_weight,cluster_robust_country_psu,True,"{'child_sex': {'reference': 'Male', 'reference_column': 'child_sex_Male'}, 'maternal_education': {'reference': 'No education', 'reference_column': 'maternal_education_No education'}, 'literacy': {'reference': 'Cannot read at all', 'reference_column': 'literacy_Cannot read at all'}, 'wealth_quintile': {'reference': 'Poorest', 'reference_column': 'wealth_quintile_Poorest'}, 'residence': {'reference': 'Rural', 'reference_column': 'residence_Rural'}, 'country_admin_region': {'reference': 'ethiopia::01', 'reference_column': 'country_admin_region_ethiopia::01'}}"
binary_lpm,model4_preferred_lpm,stunted,pooled,country_admin_region_ghana::04,-0.24,0.034,-0.307,-0.172,0.0,36985,4434,114,model_specific_equal_total_country_weight,cluster_robust_country_psu,True,"{'child_sex': {'reference': 'Male', 'reference_column': 'child_sex_Male'}, 'maternal_education': {'reference': 'No education', 'reference_column': 'maternal_education_No education'}, 'literacy': {'reference': 'Cannot read at all', 'reference_column': 'literacy_Cannot read at all'}, 'wealth_quintile': {'reference': 'Poorest', 'reference_column': 'wealth_quintile_Poorest'}, 'residence': {'reference': 'Rural', 'reference_column': 'residence_Rural'}, 'country_admin_region': {'reference': 'ethiopia::01', 'reference_column': 'country_admin_region_ethiopia::01'}}"
binary_lpm,model4_preferred_lpm,stunted,pooled,country_admin_region_ghana::05,-0.269,0.031,-0.33,-0.209,0.0,36985,4434,114,model_specific_equal_total_country_weight,cluster_robust_country_psu,True,"{'child_sex': {'reference': 'Male', 'reference_column': 'child_sex_Male'}, 'maternal_education': {'reference': 'No education', 'reference_column': 'maternal_education_No education'}, 'literacy': {'reference': 'Cannot read at all', 'reference_column': 'literacy_Cannot read at all'}, 'wealth_quintile': {'reference': 'Poorest', 'reference_column': 'wealth_quintile_Poorest'}, 'residence': {'reference': 'Rural', 'reference_column': 'residence_Rural'}, 'country_admin_region': {'reference': 'ethiopia::01', 'reference_column': 'country_admin_region_ethiopia::01'}}"
binary_lpm,model4_preferred_lpm,stunted,pooled,country_admin_region_ghana::06,-0.232,0.036,-0.302,-0.162,0.0,36985,4434,114,model_specific_equal_total_country_weight,cluster_robust_country_psu,True,"{'child_sex': {'reference': 'Male', 'reference_column': 'child_sex_Male'}, 'maternal_education': {'reference': 'No education', 'reference_column': 'maternal_education_No education'}, 'literacy': {'reference': 'Cannot read at all', 'reference_column': 'literacy_Cannot read at all'}, 'wealth_quintile': {'reference': 'Poorest', 'reference_column': 'wealth_quintile_Poorest'}, 'residence': {'reference': 'Rural', 'reference_column': 'residence_Rural'}, 'country_admin_region': {'reference': 'ethiopia::01', 'reference_column': 'country_admin_region_ethiopia::01'}}"
binary_lpm,model4_preferred_lpm,stunted,pooled,country_admin_region_ghana::07,-0.317,0.035,-0.386,-0.248,0.0,36985,4434,114,model_specific_equal_total_country_weight,cluster_robust_country_psu,True,"{'child_sex': {'reference': 'Male', 'reference_column': 'child_sex_Male'}, 'maternal_education': {'reference': 'No education', 'reference_column': 'maternal_education_No education'}, 'literacy': {'reference': 'Cannot read at all', 'reference_column': 'literacy_Cannot read at all'}, 'wealth_quintile': {'reference': 'Poorest', 'reference_column': 'wealth_quintile_Poorest'}, 'residence': {'reference': 'Rural', 'reference_column': 'residence_Rural'}, 'country_admin_region': {'reference': 'ethiopia::01', 'reference_column': 'country_admin_region_ethiopia::01'}}"
binary_lpm,model4_preferred_lpm,stunted,pooled,country_admin_region_ghana::08,-0.273,0.032,-0.335,-0.21,0.0,36985,4434,114,model_specific_equal_total_country_weight,cluster_robust_country_psu,True,"{'child_sex': {'reference': 'Male', 'reference_column': 'child_sex_Male'}, 'maternal_education': {'reference': 'No education', 'reference_column': 'maternal_education_No education'}, 'literacy': {'reference': 'Cannot read at all', 'reference_column': 'literacy_Cannot read at all'}, 'wealth_quintile': {'reference': 'Poorest', 'reference_column': 'wealth_quintile_Poorest'}, 'residence': {'reference': 'Rural', 'reference_column': 'residence_Rural'}, 'country_admin_region': {'reference': 'ethiopia::01', 'reference_column': 'country_admin_region_ethiopia::01'}}"
binary_lpm,model4_preferred_lpm,stunted,pooled,country_admin_region_ghana::09,-0.238,0.042,-0.32,-0.156,0.0,36985,4434,114,model_specific_equal_total_country_weight,cluster_robust_country_psu,True,"{'child_sex': {'reference': 'Male', 'reference_column': 'child_sex_Male'}, 'maternal_education': {'reference': 'No education', 'reference_column': 'maternal_education_No education'}, 'literacy': {'reference': 'Cannot read at all', 'reference_column': 'literacy_Cannot read at all'}, 'wealth_quintile': {'reference': 'Poorest', 'reference_column': 'wealth_quintile_Poorest'}, 'residence': {'reference': 'Rural', 'reference_column': 'residence_Rural'}, 'country_admin_region': {'reference': 'ethiopia::01', 'reference_column': 'country_admin_region_ethiopia::01'}}"
binary_lpm,model4_preferred_lpm,stunted,pooled,country_admin_region_ghana::10,-0.307,0.031,-0.369,-0.246,0.0,36985,4434,114,model_specific_equal_total_country_weight,cluster_robust_country_psu,True,"{'child_sex': {'reference': 'Male', 'reference_column': 'child_sex_Male'}, 'maternal_education': {'reference': 'No education', 'reference_column': 'maternal_education_No education'}, 'literacy': {'reference': 'Cannot read at all', 'reference_column': 'literacy_Cannot read at all'}, 'wealth_quintile': {'reference': 'Poorest', 'reference_column': 'wealth_quintile_Poorest'}, 'residence': {'reference': 'Rural', 'reference_column': 'residence_Rural'}, 'country_admin_region': {'reference': 'ethiopia::01', 'reference_column': 'country_admin_region_ethiopia::01'}}"
binary_lpm,model4_preferred_lpm,stunted,pooled,country_admin_region_ghana::11,-0.268,0.038,-0.342,-0.194,0.0,36985,4434,114,model_specific_equal_total_country_weight,cluster_robust_country_psu,True,"{'child_sex': {'reference': 'Male', 'reference_column': 'child_sex_Male'}, 'maternal_education': {'reference': 'No education', 'reference_column': 'maternal_education_No education'}, 'literacy': {'reference': 'Cannot read at all', 'reference_column': 'literacy_Cannot read at all'}, 'wealth_quintile': {'reference': 'Poorest', 'reference_column': 'wealth_quintile_Poorest'}, 'residence': {'reference': 'Rural', 'reference_column': 'residence_Rural'}, 'country_admin_region': {'reference': 'ethiopia::01', 'reference_column': 'country_admin_region_ethiopia::01'}}"
binary_lpm,model4_preferred_lpm,stunted,pooled,country_admin_region_ghana::12,-0.182,0.034,-0.249,-0.116,0.0,36985,4434,114,model_specific_equal_total_country_weight,cluster_robust_country_psu,True,"{'child_sex': {'reference': 'Male', 'reference_column': 'child_sex_Male'}, 'maternal_education': {'reference': 'No education', 'reference_column': 'maternal_education_No education'}, 'literacy': {'reference': 'Cannot read at all', 'reference_column': 'literacy_Cannot read at all'}, 'wealth_quintile': {'reference': 'Poorest', 'reference_column': 'wealth_quintile_Poorest'}, 'residence': {'reference': 'Rural', 'reference_column': 'residence_Rural'}, 'country_admin_region': {'reference': 'ethiopia::01', 'reference_column': 'country_admin_region_ethiopia::01'}}"
binary_lpm,model4_preferred_lpm,stunted,pooled,country_admin_region_ghana::13,-0.273,0.032,-0.337,-0.21,0.0,36985,4434,114,model_specific_equal_total_country_weight,cluster_robust_country_psu,True,"{'child_sex': {'reference': 'Male', 'reference_column': 'child_sex_Male'}, 'maternal_education': {'reference': 'No education', 'reference_column': 'maternal_education_No education'}, 'literacy': {'reference': 'Cannot read at all', 'reference_column': 'literacy_Cannot read at all'}, 'wealth_quintile': {'reference': 'Poorest', 'reference_column': 'wealth_quintile_Poorest'}, 'residence': {'reference': 'Rural', 'reference_column': 'residence_Rural'}, 'country_admin_region': {'reference': 'ethiopia::01', 'reference_column': 'country_admin_region_ethiopia::01'}}"
binary_lpm,model4_preferred_lpm,stunted,pooled,country_admin_region_ghana::14,-0.215,0.038,-0.289,-0.142,0.0,36985,4434,114,model_specific_equal_total_country_weight,cluster_robust_country_psu,True,"{'child_sex': {'reference': 'Male', 'reference_column': 'child_sex_Male'}, 'maternal_education': {'reference': 'No education', 'reference_column': 'maternal_education_No education'}, 'literacy': {'reference': 'Cannot read at all', 'reference_column': 'literacy_Cannot read at all'}, 'wealth_quintile': {'reference': 'Poorest', 'reference_column': 'wealth_quintile_Poorest'}, 'residence': {'reference': 'Rural', 'reference_column': 'residence_Rural'}, 'country_admin_region': {'reference': 'ethiopia::01', 'reference_column': 'country_admin_region_ethiopia::01'}}"
binary_lpm,model4_preferred_lpm,stunted,pooled,country_admin_region_ghana::15,-0.218,0.035,-0.287,-0.149,0.0,36985,4434,114,model_specific_equal_total_country_weight,cluster_robust_country_psu,True,"{'child_sex': {'reference': 'Male', 'reference_column': 'child_sex_Male'}, 'maternal_education': {'reference': 'No education', 'reference_column': 'maternal_education_No education'}, 'literacy': {'reference': 'Cannot read at all', 'reference_column': 'literacy_Cannot read at all'}, 'wealth_quintile': {'reference': 'Poorest', 'reference_column': 'wealth_quintile_Poorest'}, 'residence': {'reference': 'Rural', 'reference_column': 'residence_Rural'}, 'country_admin_region': {'reference': 'ethiopia::01', 'reference_column': 'country_admin_region_ethiopia::01'}}"
binary_lpm,model4_preferred_lpm,stunted,pooled,country_admin_region_ghana::16,-0.281,0.034,-0.349,-0.214,0.0,36985,4434,114,model_specific_equal_total_country_weight,cluster_robust_country_psu,True,"{'child_sex': {'reference': 'Male', 'reference_column': 'child_sex_Male'}, 'maternal_education': {'reference': 'No education', 'reference_column': 'maternal_education_No education'}, 'literacy': {'reference': 'Cannot read at all', 'reference_column': 'literacy_Cannot read at all'}, 'wealth_quintile': {'reference': 'Poorest', 'reference_column': 'wealth_quintile_Poorest'}, 'residence': {'reference': 'Rural', 'reference_column': 'residence_Rural'}, 'country_admin_region': {'reference': 'ethiopia::01', 'reference_column': 'country_admin_region_ethiopia::01'}}"
binary_lpm,model4_preferred_lpm,stunted,pooled,country_admin_region_kenya::01,-0.218,0.032,-0.282,-0.155,0.0,36985,4434,114,model_specific_equal_total_country_weight,cluster_robust_country_psu,True,"{'child_sex': {'reference': 'Male', 'reference_column': 'child_sex_Male'}, 'maternal_education': {'reference': 'No education', 'reference_column': 'maternal_education_No education'}, 'literacy': {'reference': 'Cannot read at all', 'reference_column': 'literacy_Cannot read at all'}, 'wealth_quintile': {'reference': 'Poorest', 'reference_column': 'wealth_quintile_Poorest'}, 'residence': {'reference': 'Rural', 'reference_column': 'residence_Rural'}, 'country_admin_region': {'reference': 'ethiopia::01', 'reference_column': 'country_admin_region_ethiopia::01'}}"
binary_lpm,model4_preferred_lpm,stunted,pooled,country_admin_region_kenya::02,-0.236,0.039,-0.312,-0.161,0.0,36985,4434,114,model_specific_equal_total_country_weight,cluster_robust_country_psu,True,"{'child_sex': {'reference': 'Male', 'reference_column': 'child_sex_Male'}, 'maternal_education': {'reference': 'No education', 'reference_column': 'maternal_education_No education'}, 'literacy': {'reference': 'Cannot read at all', 'reference_column': 'literacy_Cannot read at all'}, 'wealth_quintile': {'reference': 'Poorest', 'reference_column': 'wealth_quintile_Poorest'}, 'residence': {'reference': 'Rural', 'reference_column': 'residence_Rural'}, 'country_admin_region': {'reference': 'ethiopia::01', 'reference_column': 'country_admin_region_ethiopia::01'}}"
binary_lpm,model4_preferred_lpm,stunted,pooled,country_admin_region_kenya::03,-0.084,0.038,-0.158,-0.01,0.027,36985,4434,114,model_specific_equal_total_country_weight,cluster_robust_country_psu,True,"{'child_sex': {'reference': 'Male', 'reference_column': 'child_sex_Male'}, 'maternal_education': {'reference': 'No education', 'reference_column': 'maternal_education_No education'}, 'literacy': {'reference': 'Cannot read at all', 'reference_column': 'literacy_Cannot read at all'}, 'wealth_quintile': {'reference': 'Poorest', 'reference_column': 'wealth_quintile_Poorest'}, 'residence': {'reference': 'Rural', 'reference_column': 'residence_Rural'}, 'country_admin_region': {'reference': 'ethiopia::01', 'reference_column': 'country_admin_region_ethiopia::01'}}"
binary_lpm,model4_preferred_lpm,stunted,pooled,country_admin_region_kenya::04,-0.29,0.033,-0.354,-0.227,0.0,36985,4434,114,model_specific_equal_total_country_weight,cluster_robust_country_psu,True,"{'child_sex': {'reference': 'Male', 'reference_column': 'child_sex_Male'}, 'maternal_education': {'reference': 'No education', 'reference_column': 'maternal_education_No education'}, 'literacy': {'reference': 'Cannot read at all', 'reference_column': 'literacy_Cannot read at all'}, 'wealth_quintile': {'reference': 'Poorest', 'reference_column': 'wealth_quintile_Poorest'}, 'residence': {'reference': 'Rural', 'reference_column': 'residence_Rural'}, 'country_admin_region': {'reference': 'ethiopia::01', 'reference_column': 'country_admin_region_ethiopia::01'}}"
binary_lpm,model4_preferred_lpm,stunted,pooled,country_admin_region_kenya::05,-0.273,0.034,-0.338,-0.207,0.0,36985,4434,114,model_specific_equal_total_country_weight,cluster_robust_country_psu,True,"{'child_sex': {'reference': 'Male', 'reference_column': 'child_sex_Male'}, 'maternal_education': {'reference': 'No education', 'reference_column': 'maternal_education_No education'}, 'literacy': {'reference': 'Cannot read at all', 'reference_column': 'literacy_Cannot read at all'}, 'wealth_quintile': {'reference': 'Poorest', 'reference_column': 'wealth_quintile_Poorest'}, 'residence': {'reference': 'Rural', 'reference_column': 'residence_Rural'}, 'country_admin_region': {'reference': 'ethiopia::01', 'reference_column': 'country_admin_region_ethiopia::01'}}"
binary_lpm,model4_preferred_lpm,stunted,pooled,country_admin_region_kenya::06,-0.229,0.035,-0.298,-0.16,0.0,36985,4434,114,model_specific_equal_total_country_weight,cluster_robust_country_psu,True,"{'child_sex': {'reference': 'Male', 'reference_column': 'child_sex_Male'}, 'maternal_education': {'reference': 'No education', 'reference_column': 'maternal_education_No education'}, 'literacy': {'reference': 'Cannot read at all', 'reference_column': 'literacy_Cannot read at all'}, 'wealth_quintile': {'reference': 'Poorest', 'reference_column': 'wealth_quintile_Poorest'}, 'residence': {'reference': 'Rural', 'reference_column': 'residence_Rural'}, 'country_admin_region': {'reference': 'ethiopia::01', 'reference_column': 'country_admin_region_ethiopia::01'}}"
binary_lpm,model4_preferred_lpm,stunted,pooled,country_admin_region_kenya::07,-0.38,0.03,-0.439,-0.321,0.0,36985,4434,114,model_specific_equal_total_country_weight,cluster_robust_country_psu,True,"{'child_sex': {'reference': 'Male', 'reference_column': 'child_sex_Male'}, 'maternal_education': {'reference': 'No education', 'reference_column': 'maternal_education_No education'}, 'literacy': {'reference': 'Cannot read at all', 'reference_column': 'literacy_Cannot read at all'}, 'wealth_quintile': {'reference': 'Poorest', 'reference_column': 'wealth_quintile_Poorest'}, 'residence': {'reference': 'Rural', 'reference_column': 'residence_Rural'}, 'country_admin_region': {'reference': 'ethiopia::01', 'reference_column': 'country_admin_region_ethiopia::01'}}"
binary_lpm,model4_preferred_lpm,stunted,pooled,country_admin_region_kenya::08,-0.391,0.028,-0.445,-0.336,0.0,36985,4434,114,model_specific_equal_total_country_weight,cluster_robust_country_psu,True,"{'child_sex': {'reference': 'Male', 'reference_column': 'child_sex_Male'}, 'maternal_education': {'reference': 'No education', 'reference_column': 'maternal_education_No education'}, 'literacy': {'reference': 'Cannot read at all', 'reference_column': 'literacy_Cannot read at all'}, 'wealth_quintile': {'reference': 'Poorest', 'reference_column': 'wealth_quintile_Poorest'}, 'residence': {'reference': 'Rural', 'reference_column': 'residence_Rural'}, 'country_admin_region': {'reference': 'ethiopia::01', 'reference_column': 'country_admin_region_ethiopia::01'}}"
binary_lpm,model4_preferred_lpm,stunted,pooled,country_admin_region_kenya::09,-0.326,0.031,-0.387,-0.264,0.0,36985,4434,114,model_specific_equal_total_country_weight,cluster_robust_country_psu,True,"{'child_sex': {'reference': 'Male', 'reference_column': 'child_sex_Male'}, 'maternal_education': {'reference': 'No education', 'reference_column': 'maternal_education_No education'}, 'literacy': {'reference': 'Cannot read at all', 'reference_column': 'literacy_Cannot read at all'}, 'wealth_quintile': {'reference': 'Poorest', 'reference_column': 'wealth_quintile_Poorest'}, 'residence': {'reference': 'Rural', 'reference_column': 'residence_Rural'}, 'country_admin_region': {'reference': 'ethiopia::01', 'reference_column': 'country_admin_region_ethiopia::01'}}"
binary_lpm,model4_preferred_lpm,stunted,pooled,country_admin_region_kenya::10,-0.286,0.036,-0.357,-0.215,0.0,36985,4434,114,model_specific_equal_total_country_weight,cluster_robust_country_psu,True,"{'child_sex': {'reference': 'Male', 'reference_column': 'child_sex_Male'}, 'maternal_education': {'reference': 'No education', 'reference_column': 'maternal_education_No education'}, 'literacy': {'reference': 'Cannot read at all', 'reference_column': 'literacy_Cannot read at all'}, 'wealth_quintile': {'reference': 'Poorest', 'reference_column': 'wealth_quintile_Poorest'}, 'residence': {'reference': 'Rural', 'reference_column': 'residence_Rural'}, 'country_admin_region': {'reference': 'ethiopia::01', 'reference_column': 'country_admin_region_ethiopia::01'}}"
binary_lpm,model4_preferred_lpm,stunted,pooled,country_admin_region_kenya::11,-0.314,0.035,-0.383,-0.245,0.0,36985,4434,114,model_specific_equal_total_country_weight,cluster_robust_country_psu,True,"{'child_sex': {'reference': 'Male', 'reference_column': 'child_sex_Male'}, 'maternal_education': {'reference': 'No education', 'reference_column': 'maternal_education_No education'}, 'literacy': {'reference': 'Cannot read at all', 'reference_column': 'literacy_Cannot read at all'}, 'wealth_quintile': {'reference': 'Poorest', 'reference_column': 'wealth_quintile_Poorest'}, 'residence': {'reference': 'Rural', 'reference_column': 'residence_Rural'}, 'country_admin_region': {'reference': 'ethiopia::01', 'reference_column': 'country_admin_region_ethiopia::01'}}"
binary_lpm,model4_preferred_lpm,stunted,pooled,country_admin_region_kenya::12,-0.147,0.042,-0.229,-0.064,0.001,36985,4434,114,model_specific_equal_total_country_weight,cluster_robust_country_psu,True,"{'child_sex': {'reference': 'Male', 'reference_column': 'child_sex_Male'}, 'maternal_education': {'reference': 'No education', 'reference_column': 'maternal_education_No education'}, 'literacy': {'reference': 'Cannot read at all', 'reference_column': 'literacy_Cannot read at all'}, 'wealth_quintile': {'reference': 'Poorest', 'reference_column': 'wealth_quintile_Poorest'}, 'residence': {'reference': 'Rural', 'reference_column': 'residence_Rural'}, 'country_admin_region': {'reference': 'ethiopia::01', 'reference_column': 'country_admin_region_ethiopia::01'}}"
binary_lpm,model4_preferred_lpm,stunted,pooled,country_admin_region_kenya::13,-0.199,0.037,-0.272,-0.125,0.0,36985,4434,114,model_specific_equal_total_country_weight,cluster_robust_country_psu,True,"{'child_sex': {'reference': 'Male', 'reference_column': 'child_sex_Male'}, 'maternal_education': {'reference': 'No education', 'reference_column': 'maternal_education_No education'}, 'literacy': {'reference': 'Cannot read at all', 'reference_column': 'literacy_Cannot read at all'}, 'wealth_quintile': {'reference': 'Poorest', 'reference_column': 'wealth_quintile_Poorest'}, 'residence': {'reference': 'Rural', 'reference_column': 'residence_Rural'}, 'country_admin_region': {'reference': 'ethiopia::01', 'reference_column': 'country_admin_region_ethiopia::01'}}"
binary_lpm,model4_preferred_lpm,stunted,pooled,country_admin_region_kenya::14,-0.181,0.042,-0.263,-0.1,0.0,36985,4434,114,model_specific_equal_total_country_weight,cluster_robust_country_psu,True,"{'child_sex': {'reference': 'Male', 'reference_column': 'child_sex_Male'}, 'maternal_education': {'reference': 'No education', 'reference_column': 'maternal_education_No education'}, 'literacy': {'reference': 'Cannot read at all', 'reference_column': 'literacy_Cannot read at all'}, 'wealth_quintile': {'reference': 'Poorest', 'reference_column': 'wealth_quintile_Poorest'}, 'residence': {'reference': 'Rural', 'reference_column': 'residence_Rural'}, 'country_admin_region': {'reference': 'ethiopia::01', 'reference_column': 'country_admin_region_ethiopia::01'}}"
binary_lpm,model4_preferred_lpm,stunted,pooled,country_admin_region_kenya::15,-0.202,0.037,-0.275,-0.129,0.0,36985,4434,114,model_specific_equal_total_country_weight,cluster_robust_country_psu,True,"{'child_sex': {'reference': 'Male', 'reference_column': 'child_sex_Male'}, 'maternal_education': {'reference': 'No education', 'reference_column': 'maternal_education_No education'}, 'literacy': {'reference': 'Cannot read at all', 'reference_column': 'literacy_Cannot read at all'}, 'wealth_quintile': {'reference': 'Poorest', 'reference_column': 'wealth_quintile_Poorest'}, 'residence': {'reference': 'Rural', 'reference_column': 'residence_Rural'}, 'country_admin_region': {'reference': 'ethiopia::01', 'reference_column': 'country_admin_region_ethiopia::01'}}"
binary_lpm,model4_preferred_lpm,stunted,pooled,country_admin_region_kenya::16,-0.221,0.035,-0.29,-0.152,0.0,36985,4434,114,model_specific_equal_total_country_weight,cluster_robust_country_psu,True,"{'child_sex': {'reference': 'Male', 'reference_column': 'child_sex_Male'}, 'maternal_education': {'reference': 'No education', 'reference_column': 'maternal_education_No education'}, 'literacy': {'reference': 'Cannot read at all', 'reference_column': 'literacy_Cannot read at all'}, 'wealth_quintile': {'reference': 'Poorest', 'reference_column': 'wealth_quintile_Poorest'}, 'residence': {'reference': 'Rural', 'reference_column': 'residence_Rural'}, 'country_admin_region': {'reference': 'ethiopia::01', 'reference_column': 'country_admin_region_ethiopia::01'}}"
binary_lpm,model4_preferred_lpm,stunted,pooled,country_admin_region_kenya::17,-0.195,0.036,-0.265,-0.125,0.0,36985,4434,114,model_specific_equal_total_country_weight,cluster_robust_country_psu,True,"{'child_sex': {'reference': 'Male', 'reference_column': 'child_sex_Male'}, 'maternal_education': {'reference': 'No education', 'reference_column': 'maternal_education_No education'}, 'literacy': {'reference': 'Cannot read at all', 'reference_column': 'literacy_Cannot read at all'}, 'wealth_quintile': {'reference': 'Poorest', 'reference_column': 'wealth_quintile_Poorest'}, 'residence': {'reference': 'Rural', 'reference_column': 'residence_Rural'}, 'country_admin_region': {'reference': 'ethiopia::01', 'reference_column': 'country_admin_region_ethiopia::01'}}"
binary_lpm,model4_preferred_lpm,stunted,pooled,country_admin_region_kenya::18,-0.187,0.039,-0.263,-0.111,0.0,36985,4434,114,model_specific_equal_total_country_weight,cluster_robust_country_psu,True,"{'child_sex': {'reference': 'Male', 'reference_column': 'child_sex_Male'}, 'maternal_education': {'reference': 'No education', 'reference_column': 'maternal_education_No education'}, 'literacy': {'reference': 'Cannot read at all', 'reference_column': 'literacy_Cannot read at all'}, 'wealth_quintile': {'reference': 'Poorest', 'reference_column': 'wealth_quintile_Poorest'}, 'residence': {'reference': 'Rural', 'reference_column': 'residence_Rural'}, 'country_admin_region': {'reference': 'ethiopia::01', 'reference_column': 'country_admin_region_ethiopia::01'}}"
binary_lpm,model4_preferred_lpm,stunted,pooled,country_admin_region_kenya::19,-0.229,0.039,-0.306,-0.152,0.0,36985,4434,114,model_specific_equal_total_country_weight,cluster_robust_country_psu,True,"{'child_sex': {'reference': 'Male', 'reference_column': 'child_sex_Male'}, 'maternal_education': {'reference': 'No education', 'reference_column': 'maternal_education_No education'}, 'literacy': {'reference': 'Cannot read at all', 'reference_column': 'literacy_Cannot read at all'}, 'wealth_quintile': {'reference': 'Poorest', 'reference_column': 'wealth_quintile_Poorest'}, 'residence': {'reference': 'Rural', 'reference_column': 'residence_Rural'}, 'country_admin_region': {'reference': 'ethiopia::01', 'reference_column': 'country_admin_region_ethiopia::01'}}"
binary_lpm,model4_preferred_lpm,stunted,pooled,country_admin_region_kenya::20,-0.243,0.035,-0.312,-0.174,0.0,36985,4434,114,model_specific_equal_total_country_weight,cluster_robust_country_psu,True,"{'child_sex': {'reference': 'Male', 'reference_column': 'child_sex_Male'}, 'maternal_education': {'reference': 'No education', 'reference_column': 'maternal_education_No education'}, 'literacy': {'reference': 'Cannot read at all', 'reference_column': 'literacy_Cannot read at all'}, 'wealth_quintile': {'reference': 'Poorest', 'reference_column': 'wealth_quintile_Poorest'}, 'residence': {'reference': 'Rural', 'reference_column': 'residence_Rural'}, 'country_admin_region': {'reference': 'ethiopia::01', 'reference_column': 'country_admin_region_ethiopia::01'}}"
binary_lpm,model4_preferred_lpm,stunted,pooled,country_admin_region_kenya::21,-0.291,0.032,-0.353,-0.229,0.0,36985,4434,114,model_specific_equal_total_country_weight,cluster_robust_country_psu,True,"{'child_sex': {'reference': 'Male', 'reference_column': 'child_sex_Male'}, 'maternal_education': {'reference': 'No education', 'reference_column': 'maternal_education_No education'}, 'literacy': {'reference': 'Cannot read at all', 'reference_column': 'literacy_Cannot read at all'}, 'wealth_quintile': {'reference': 'Poorest', 'reference_column': 'wealth_quintile_Poorest'}, 'residence': {'reference': 'Rural', 'reference_column': 'residence_Rural'}, 'country_admin_region': {'reference': 'ethiopia::01', 'reference_column': 'country_admin_region_ethiopia::01'}}"
binary_lpm,model4_preferred_lpm,stunted,pooled,country_admin_region_kenya::22,-0.181,0.037,-0.253,-0.109,0.0,36985,4434,114,model_specific_equal_total_country_weight,cluster_robust_country_psu,True,"{'child_sex': {'reference': 'Male', 'reference_column': 'child_sex_Male'}, 'maternal_education': {'reference': 'No education', 'reference_column': 'maternal_education_No education'}, 'literacy': {'reference': 'Cannot read at all', 'reference_column': 'literacy_Cannot read at all'}, 'wealth_quintile': {'reference': 'Poorest', 'reference_column': 'wealth_quintile_Poorest'}, 'residence': {'reference': 'Rural', 'reference_column': 'residence_Rural'}, 'country_admin_region': {'reference': 'ethiopia::01', 'reference_column': 'country_admin_region_ethiopia::01'}}"
binary_lpm,model4_preferred_lpm,stunted,pooled,country_admin_region_kenya::23,-0.27,0.035,-0.339,-0.201,0.0,36985,4434,114,model_specific_equal_total_country_weight,cluster_robust_country_psu,True,"{'child_sex': {'reference': 'Male', 'reference_column': 'child_sex_Male'}, 'maternal_education': {'reference': 'No education', 'reference_column': 'maternal_education_No education'}, 'literacy': {'reference': 'Cannot read at all', 'reference_column': 'literacy_Cannot read at all'}, 'wealth_quintile': {'reference': 'Poorest', 'reference_column': 'wealth_quintile_Poorest'}, 'residence': {'reference': 'Rural', 'reference_column': 'residence_Rural'}, 'country_admin_region': {'reference': 'ethiopia::01', 'reference_column': 'country_admin_region_ethiopia::01'}}"
binary_lpm,model4_preferred_lpm,stunted,pooled,country_admin_region_kenya::24,-0.143,0.032,-0.206,-0.081,0.0,36985,4434,114,model_specific_equal_total_country_weight,cluster_robust_country_psu,True,"{'child_sex': {'reference': 'Male', 'reference_column': 'child_sex_Male'}, 'maternal_education': {'reference': 'No education', 'reference_column': 'maternal_education_No education'}, 'literacy': {'reference': 'Cannot read at all', 'reference_column': 'literacy_Cannot read at all'}, 'wealth_quintile': {'reference': 'Poorest', 'reference_column': 'wealth_quintile_Poorest'}, 'residence': {'reference': 'Rural', 'reference_column': 'residence_Rural'}, 'country_admin_region': {'reference': 'ethiopia::01', 'reference_column': 'country_admin_region_ethiopia::01'}}"
binary_lpm,model4_preferred_lpm,stunted,pooled,country_admin_region_kenya::25,-0.184,0.033,-0.248,-0.119,0.0,36985,4434,114,model_specific_equal_total_country_weight,cluster_robust_country_psu,True,"{'child_sex': {'reference': 'Male', 'reference_column': 'child_sex_Male'}, 'maternal_education': {'reference': 'No education', 'reference_column': 'maternal_education_No education'}, 'literacy': {'reference': 'Cannot read at all', 'reference_column': 'literacy_Cannot read at all'}, 'wealth_quintile': {'reference': 'Poorest', 'reference_column': 'wealth_quintile_Poorest'}, 'residence': {'reference': 'Rural', 'reference_column': 'residence_Rural'}, 'country_admin_region': {'reference': 'ethiopia::01', 'reference_column': 'country_admin_region_ethiopia::01'}}"
binary_lpm,model4_preferred_lpm,stunted,pooled,country_admin_region_kenya::26,-0.199,0.039,-0.276,-0.122,0.0,36985,4434,114,model_specific_equal_total_country_weight,cluster_robust_country_psu,True,"{'child_sex': {'reference': 'Male', 'reference_column': 'child_sex_Male'}, 'maternal_education': {'reference': 'No education', 'reference_column': 'maternal_education_No education'}, 'literacy': {'reference': 'Cannot read at all', 'reference_column': 'literacy_Cannot read at all'}, 'wealth_quintile': {'reference': 'Poorest', 'reference_column': 'wealth_quintile_Poorest'}, 'residence': {'reference': 'Rural', 'reference_column': 'residence_Rural'}, 'country_admin_region': {'reference': 'ethiopia::01', 'reference_column': 'country_admin_region_ethiopia::01'}}"
binary_lpm,model4_preferred_lpm,stunted,pooled,country_admin_region_kenya::27,-0.221,0.035,-0.288,-0.153,0.0,36985,4434,114,model_specific_equal_total_country_weight,cluster_robust_country_psu,True,"{'child_sex': {'reference': 'Male', 'reference_column': 'child_sex_Male'}, 'maternal_education': {'reference': 'No education', 'reference_column': 'maternal_education_No education'}, 'literacy': {'reference': 'Cannot read at all', 'reference_column': 'literacy_Cannot read at all'}, 'wealth_quintile': {'reference': 'Poorest', 'reference_column': 'wealth_quintile_Poorest'}, 'residence': {'reference': 'Rural', 'reference_column': 'residence_Rural'}, 'country_admin_region': {'reference': 'ethiopia::01', 'reference_column': 'country_admin_region_ethiopia::01'}}"
binary_lpm,model4_preferred_lpm,stunted,pooled,country_admin_region_kenya::28,-0.206,0.033,-0.271,-0.141,0.0,36985,4434,114,model_specific_equal_total_country_weight,cluster_robust_country_psu,True,"{'child_sex': {'reference': 'Male', 'reference_column': 'child_sex_Male'}, 'maternal_education': {'reference': 'No education', 'reference_column': 'maternal_education_No education'}, 'literacy': {'reference': 'Cannot read at all', 'reference_column': 'literacy_Cannot read at all'}, 'wealth_quintile': {'reference': 'Poorest', 'reference_column': 'wealth_quintile_Poorest'}, 'residence': {'reference': 'Rural', 'reference_column': 'residence_Rural'}, 'country_admin_region': {'reference': 'ethiopia::01', 'reference_column': 'country_admin_region_ethiopia::01'}}"
binary_lpm,model4_preferred_lpm,stunted,pooled,country_admin_region_kenya::29,-0.259,0.034,-0.327,-0.192,0.0,36985,4434,114,model_specific_equal_total_country_weight,cluster_robust_country_psu,True,"{'child_sex': {'reference': 'Male', 'reference_column': 'child_sex_Male'}, 'maternal_education': {'reference': 'No education', 'reference_column': 'maternal_education_No education'}, 'literacy': {'reference': 'Cannot read at all', 'reference_column': 'literacy_Cannot read at all'}, 'wealth_quintile': {'reference': 'Poorest', 'reference_column': 'wealth_quintile_Poorest'}, 'residence': {'reference': 'Rural', 'reference_column': 'residence_Rural'}, 'country_admin_region': {'reference': 'ethiopia::01', 'reference_column': 'country_admin_region_ethiopia::01'}}"
binary_lpm,model4_preferred_lpm,stunted,pooled,country_admin_region_kenya::30,-0.251,0.029,-0.307,-0.195,0.0,36985,4434,114,model_specific_equal_total_country_weight,cluster_robust_country_psu,True,"{'child_sex': {'reference': 'Male', 'reference_column': 'child_sex_Male'}, 'maternal_education': {'reference': 'No education', 'reference_column': 'maternal_education_No education'}, 'literacy': {'reference': 'Cannot read at all', 'reference_column': 'literacy_Cannot read at all'}, 'wealth_quintile': {'reference': 'Poorest', 'reference_column': 'wealth_quintile_Poorest'}, 'residence': {'reference': 'Rural', 'reference_column': 'residence_Rural'}, 'country_admin_region': {'reference': 'ethiopia::01', 'reference_column': 'country_admin_region_ethiopia::01'}}"
binary_lpm,model4_preferred_lpm,stunted,pooled,country_admin_region_kenya::31,-0.264,0.03,-0.324,-0.205,0.0,36985,4434,114,model_specific_equal_total_country_weight,cluster_robust_country_psu,True,"{'child_sex': {'reference': 'Male', 'reference_column': 'child_sex_Male'}, 'maternal_education': {'reference': 'No education', 'reference_column': 'maternal_education_No education'}, 'literacy': {'reference': 'Cannot read at all', 'reference_column': 'literacy_Cannot read at all'}, 'wealth_quintile': {'reference': 'Poorest', 'reference_column': 'wealth_quintile_Poorest'}, 'residence': {'reference': 'Rural', 'reference_column': 'residence_Rural'}, 'country_admin_region': {'reference': 'ethiopia::01', 'reference_column': 'country_admin_region_ethiopia::01'}}"
binary_lpm,model4_preferred_lpm,stunted,pooled,country_admin_region_kenya::32,-0.182,0.032,-0.245,-0.12,0.0,36985,4434,114,model_specific_equal_total_country_weight,cluster_robust_country_psu,True,"{'child_sex': {'reference': 'Male', 'reference_column': 'child_sex_Male'}, 'maternal_education': {'reference': 'No education', 'reference_column': 'maternal_education_No education'}, 'literacy': {'reference': 'Cannot read at all', 'reference_column': 'literacy_Cannot read at all'}, 'wealth_quintile': {'reference': 'Poorest', 'reference_column': 'wealth_quintile_Poorest'}, 'residence': {'reference': 'Rural', 'reference_column': 'residence_Rural'}, 'country_admin_region': {'reference': 'ethiopia::01', 'reference_column': 'country_admin_region_ethiopia::01'}}"
binary_lpm,model4_preferred_lpm,stunted,pooled,country_admin_region_kenya::33,-0.244,0.035,-0.312,-0.176,0.0,36985,4434,114,model_specific_equal_total_country_weight,cluster_robust_country_psu,True,"{'child_sex': {'reference': 'Male', 'reference_column': 'child_sex_Male'}, 'maternal_education': {'reference': 'No education', 'reference_column': 'maternal_education_No education'}, 'literacy': {'reference': 'Cannot read at all', 'reference_column': 'literacy_Cannot read at all'}, 'wealth_quintile': {'reference': 'Poorest', 'reference_column': 'wealth_quintile_Poorest'}, 'residence': {'reference': 'Rural', 'reference_column': 'residence_Rural'}, 'country_admin_region': {'reference': 'ethiopia::01', 'reference_column': 'country_admin_region_ethiopia::01'}}"
binary_lpm,model4_preferred_lpm,stunted,pooled,country_admin_region_kenya::34,-0.228,0.033,-0.293,-0.162,0.0,36985,4434,114,model_specific_equal_total_country_weight,cluster_robust_country_psu,True,"{'child_sex': {'reference': 'Male', 'reference_column': 'child_sex_Male'}, 'maternal_education': {'reference': 'No education', 'reference_column': 'maternal_education_No education'}, 'literacy': {'reference': 'Cannot read at all', 'reference_column': 'literacy_Cannot read at all'}, 'wealth_quintile': {'reference': 'Poorest', 'reference_column': 'wealth_quintile_Poorest'}, 'residence': {'reference': 'Rural', 'reference_column': 'residence_Rural'}, 'country_admin_region': {'reference': 'ethiopia::01', 'reference_column': 'country_admin_region_ethiopia::01'}}"
binary_lpm,model4_preferred_lpm,stunted,pooled,country_admin_region_kenya::35,-0.212,0.034,-0.279,-0.144,0.0,36985,4434,114,model_specific_equal_total_country_weight,cluster_robust_country_psu,True,"{'child_sex': {'reference': 'Male', 'reference_column': 'child_sex_Male'}, 'maternal_education': {'reference': 'No education', 'reference_column': 'maternal_education_No education'}, 'literacy': {'reference': 'Cannot read at all', 'reference_column': 'literacy_Cannot read at all'}, 'wealth_quintile': {'reference': 'Poorest', 'reference_column': 'wealth_quintile_Poorest'}, 'residence': {'reference': 'Rural', 'reference_column': 'residence_Rural'}, 'country_admin_region': {'reference': 'ethiopia::01', 'reference_column': 'country_admin_region_ethiopia::01'}}"
binary_lpm,model4_preferred_lpm,stunted,pooled,country_admin_region_kenya::36,-0.197,0.037,-0.269,-0.126,0.0,36985,4434,114,model_specific_equal_total_country_weight,cluster_robust_country_psu,True,"{'child_sex': {'reference': 'Male', 'reference_column': 'child_sex_Male'}, 'maternal_education': {'reference': 'No education', 'reference_column': 'maternal_education_No education'}, 'literacy': {'reference': 'Cannot read at all', 'reference_column': 'literacy_Cannot read at all'}, 'wealth_quintile': {'reference': 'Poorest', 'reference_column': 'wealth_quintile_Poorest'}, 'residence': {'reference': 'Rural', 'reference_column': 'residence_Rural'}, 'country_admin_region': {'reference': 'ethiopia::01', 'reference_column': 'country_admin_region_ethiopia::01'}}"
binary_lpm,model4_preferred_lpm,stunted,pooled,country_admin_region_kenya::37,-0.283,0.03,-0.341,-0.225,0.0,36985,4434,114,model_specific_equal_total_country_weight,cluster_robust_country_psu,True,"{'child_sex': {'reference': 'Male', 'reference_column': 'child_sex_Male'}, 'maternal_education': {'reference': 'No education', 'reference_column': 'maternal_education_No education'}, 'literacy': {'reference': 'Cannot read at all', 'reference_column': 'literacy_Cannot read at all'}, 'wealth_quintile': {'reference': 'Poorest', 'reference_column': 'wealth_quintile_Poorest'}, 'residence': {'reference': 'Rural', 'reference_column': 'residence_Rural'}, 'country_admin_region': {'reference': 'ethiopia::01', 'reference_column': 'country_admin_region_ethiopia::01'}}"
binary_lpm,model4_preferred_lpm,stunted,pooled,country_admin_region_kenya::38,-0.255,0.035,-0.324,-0.185,0.0,36985,4434,114,model_specific_equal_total_country_weight,cluster_robust_country_psu,True,"{'child_sex': {'reference': 'Male', 'reference_column': 'child_sex_Male'}, 'maternal_education': {'reference': 'No education', 'reference_column': 'maternal_education_No education'}, 'literacy': {'reference': 'Cannot read at all', 'reference_column': 'literacy_Cannot read at all'}, 'wealth_quintile': {'reference': 'Poorest', 'reference_column': 'wealth_quintile_Poorest'}, 'residence': {'reference': 'Rural', 'reference_column': 'residence_Rural'}, 'country_admin_region': {'reference': 'ethiopia::01', 'reference_column': 'country_admin_region_ethiopia::01'}}"
binary_lpm,model4_preferred_lpm,stunted,pooled,country_admin_region_kenya::39,-0.224,0.033,-0.288,-0.16,0.0,36985,4434,114,model_specific_equal_total_country_weight,cluster_robust_country_psu,True,"{'child_sex': {'reference': 'Male', 'reference_column': 'child_sex_Male'}, 'maternal_education': {'reference': 'No education', 'reference_column': 'maternal_education_No education'}, 'literacy': {'reference': 'Cannot read at all', 'reference_column': 'literacy_Cannot read at all'}, 'wealth_quintile': {'reference': 'Poorest', 'reference_column': 'wealth_quintile_Poorest'}, 'residence': {'reference': 'Rural', 'reference_column': 'residence_Rural'}, 'country_admin_region': {'reference': 'ethiopia::01', 'reference_column': 'country_admin_region_ethiopia::01'}}"
binary_lpm,model4_preferred_lpm,stunted,pooled,country_admin_region_kenya::40,-0.263,0.031,-0.324,-0.202,0.0,36985,4434,114,model_specific_equal_total_country_weight,cluster_robust_country_psu,True,"{'child_sex': {'reference': 'Male', 'reference_column': 'child_sex_Male'}, 'maternal_education': {'reference': 'No education', 'reference_column': 'maternal_education_No education'}, 'literacy': {'reference': 'Cannot read at all', 'reference_column': 'literacy_Cannot read at all'}, 'wealth_quintile': {'reference': 'Poorest', 'reference_column': 'wealth_quintile_Poorest'}, 'residence': {'reference': 'Rural', 'reference_column': 'residence_Rural'}, 'country_admin_region': {'reference': 'ethiopia::01', 'reference_column': 'country_admin_region_ethiopia::01'}}"
binary_lpm,model4_preferred_lpm,stunted,pooled,country_admin_region_kenya::41,-0.228,0.036,-0.298,-0.158,0.0,36985,4434,114,model_specific_equal_total_country_weight,cluster_robust_country_psu,True,"{'child_sex': {'reference': 'Male', 'reference_column': 'child_sex_Male'}, 'maternal_education': {'reference': 'No education', 'reference_column': 'maternal_education_No education'}, 'literacy': {'reference': 'Cannot read at all', 'reference_column': 'literacy_Cannot read at all'}, 'wealth_quintile': {'reference': 'Poorest', 'reference_column': 'wealth_quintile_Poorest'}, 'residence': {'reference': 'Rural', 'reference_column': 'residence_Rural'}, 'country_admin_region': {'reference': 'ethiopia::01', 'reference_column': 'country_admin_region_ethiopia::01'}}"
binary_lpm,model4_preferred_lpm,stunted,pooled,country_admin_region_kenya::42,-0.314,0.032,-0.377,-0.252,0.0,36985,4434,114,model_specific_equal_total_country_weight,cluster_robust_country_psu,True,"{'child_sex': {'reference': 'Male', 'reference_column': 'child_sex_Male'}, 'maternal_education': {'reference': 'No education', 'reference_column': 'maternal_education_No education'}, 'literacy': {'reference': 'Cannot read at all', 'reference_column': 'literacy_Cannot read at all'}, 'wealth_quintile': {'reference': 'Poorest', 'reference_column': 'wealth_quintile_Poorest'}, 'residence': {'reference': 'Rural', 'reference_column': 'residence_Rural'}, 'country_admin_region': {'reference': 'ethiopia::01', 'reference_column': 'country_admin_region_ethiopia::01'}}"
binary_lpm,model4_preferred_lpm,stunted,pooled,country_admin_region_kenya::43,-0.317,0.03,-0.376,-0.258,0.0,36985,4434,114,model_specific_equal_total_country_weight,cluster_robust_country_psu,True,"{'child_sex': {'reference': 'Male', 'reference_column': 'child_sex_Male'}, 'maternal_education': {'reference': 'No education', 'reference_column': 'maternal_education_No education'}, 'literacy': {'reference': 'Cannot read at all', 'reference_column': 'literacy_Cannot read at all'}, 'wealth_quintile': {'reference': 'Poorest', 'reference_column': 'wealth_quintile_Poorest'}, 'residence': {'reference': 'Rural', 'reference_column': 'residence_Rural'}, 'country_admin_region': {'reference': 'ethiopia::01', 'reference_column': 'country_admin_region_ethiopia::01'}}"
binary_lpm,model4_preferred_lpm,stunted,pooled,country_admin_region_kenya::44,-0.306,0.031,-0.367,-0.246,0.0,36985,4434,114,model_specific_equal_total_country_weight,cluster_robust_country_psu,True,"{'child_sex': {'reference': 'Male', 'reference_column': 'child_sex_Male'}, 'maternal_education': {'reference': 'No education', 'reference_column': 'maternal_education_No education'}, 'literacy': {'reference': 'Cannot read at all', 'reference_column': 'literacy_Cannot read at all'}, 'wealth_quintile': {'reference': 'Poorest', 'reference_column': 'wealth_quintile_Poorest'}, 'residence': {'reference': 'Rural', 'reference_column': 'residence_Rural'}, 'country_admin_region': {'reference': 'ethiopia::01', 'reference_column': 'country_admin_region_ethiopia::01'}}"
binary_lpm,model4_preferred_lpm,stunted,pooled,country_admin_region_kenya::45,-0.234,0.031,-0.294,-0.174,0.0,36985,4434,114,model_specific_equal_total_country_weight,cluster_robust_country_psu,True,"{'child_sex': {'reference': 'Male', 'reference_column': 'child_sex_Male'}, 'maternal_education': {'reference': 'No education', 'reference_column': 'maternal_education_No education'}, 'literacy': {'reference': 'Cannot read at all', 'reference_column': 'literacy_Cannot read at all'}, 'wealth_quintile': {'reference': 'Poorest', 'reference_column': 'wealth_quintile_Poorest'}, 'residence': {'reference': 'Rural', 'reference_column': 'residence_Rural'}, 'country_admin_region': {'reference': 'ethiopia::01', 'reference_column': 'country_admin_region_ethiopia::01'}}"
binary_lpm,model4_preferred_lpm,stunted,pooled,country_admin_region_kenya::46,-0.258,0.036,-0.33,-0.187,0.0,36985,4434,114,model_specific_equal_total_country_weight,cluster_robust_country_psu,True,"{'child_sex': {'reference': 'Male', 'reference_column': 'child_sex_Male'}, 'maternal_education': {'reference': 'No education', 'reference_column': 'maternal_education_No education'}, 'literacy': {'reference': 'Cannot read at all', 'reference_column': 'literacy_Cannot read at all'}, 'wealth_quintile': {'reference': 'Poorest', 'reference_column': 'wealth_quintile_Poorest'}, 'residence': {'reference': 'Rural', 'reference_column': 'residence_Rural'}, 'country_admin_region': {'reference': 'ethiopia::01', 'reference_column': 'country_admin_region_ethiopia::01'}}"
binary_lpm,model4_preferred_lpm,stunted,pooled,country_admin_region_kenya::47,-0.203,0.03,-0.262,-0.144,0.0,36985,4434,114,model_specific_equal_total_country_weight,cluster_robust_country_psu,True,"{'child_sex': {'reference': 'Male', 'reference_column': 'child_sex_Male'}, 'maternal_education': {'reference': 'No education', 'reference_column': 'maternal_education_No education'}, 'literacy': {'reference': 'Cannot read at all', 'reference_column': 'literacy_Cannot read at all'}, 'wealth_quintile': {'reference': 'Poorest', 'reference_column': 'wealth_quintile_Poorest'}, 'residence': {'reference': 'Rural', 'reference_column': 'residence_Rural'}, 'country_admin_region': {'reference': 'ethiopia::01', 'reference_column': 'country_admin_region_ethiopia::01'}}"
binary_lpm,model4_preferred_lpm,stunted,pooled,country_admin_region_nigeria::01,-0.164,0.036,-0.235,-0.094,0.0,36985,4434,114,model_specific_equal_total_country_weight,cluster_robust_country_psu,True,"{'child_sex': {'reference': 'Male', 'reference_column': 'child_sex_Male'}, 'maternal_education': {'reference': 'No education', 'reference_column': 'maternal_education_No education'}, 'literacy': {'reference': 'Cannot read at all', 'reference_column': 'literacy_Cannot read at all'}, 'wealth_quintile': {'reference': 'Poorest', 'reference_column': 'wealth_quintile_Poorest'}, 'residence': {'reference': 'Rural', 'reference_column': 'residence_Rural'}, 'country_admin_region': {'reference': 'ethiopia::01', 'reference_column': 'country_admin_region_ethiopia::01'}}"
binary_lpm,model4_preferred_lpm,stunted,pooled,country_admin_region_nigeria::02,-0.164,0.048,-0.258,-0.069,0.001,36985,4434,114,model_specific_equal_total_country_weight,cluster_robust_country_psu,True,"{'child_sex': {'reference': 'Male', 'reference_column': 'child_sex_Male'}, 'maternal_education': {'reference': 'No education', 'reference_column': 'maternal_education_No education'}, 'literacy': {'reference': 'Cannot read at all', 'reference_column': 'literacy_Cannot read at all'}, 'wealth_quintile': {'reference': 'Poorest', 'reference_column': 'wealth_quintile_Poorest'}, 'residence': {'reference': 'Rural', 'reference_column': 'residence_Rural'}, 'country_admin_region': {'reference': 'ethiopia::01', 'reference_column': 'country_admin_region_ethiopia::01'}}"
binary_lpm,model4_preferred_lpm,stunted,pooled,country_admin_region_nigeria::03,-0.084,0.064,-0.21,0.042,0.193,36985,4434,114,model_specific_equal_total_country_weight,cluster_robust_country_psu,True,"{'child_sex': {'reference': 'Male', 'reference_column': 'child_sex_Male'}, 'maternal_education': {'reference': 'No education', 'reference_column': 'maternal_education_No education'}, 'literacy': {'reference': 'Cannot read at all', 'reference_column': 'literacy_Cannot read at all'}, 'wealth_quintile': {'reference': 'Poorest', 'reference_column': 'wealth_quintile_Poorest'}, 'residence': {'reference': 'Rural', 'reference_column': 'residence_Rural'}, 'country_admin_region': {'reference': 'ethiopia::01', 'reference_column': 'country_admin_region_ethiopia::01'}}"
binary_lpm,model4_preferred_lpm,stunted,pooled,country_admin_region_nigeria::04,-0.013,0.041,-0.095,0.068,0.751,36985,4434,114,model_specific_equal_total_country_weight,cluster_robust_country_psu,True,"{'child_sex': {'reference': 'Male', 'reference_column': 'child_sex_Male'}, 'maternal_education': {'reference': 'No education', 'reference_column': 'maternal_education_No education'}, 'literacy': {'reference': 'Cannot read at all', 'reference_column': 'literacy_Cannot read at all'}, 'wealth_quintile': {'reference': 'Poorest', 'reference_column': 'wealth_quintile_Poorest'}, 'residence': {'reference': 'Rural', 'reference_column': 'residence_Rural'}, 'country_admin_region': {'reference': 'ethiopia::01', 'reference_column': 'country_admin_region_ethiopia::01'}}"
binary_lpm,model4_preferred_lpm,stunted,pooled,country_admin_region_nigeria::05,-0.068,0.042,-0.151,0.014,0.105,36985,4434,114,model_specific_equal_total_country_weight,cluster_robust_country_psu,True,"{'child_sex': {'reference': 'Male', 'reference_column': 'child_sex_Male'}, 'maternal_education': {'reference': 'No education', 'reference_column': 'maternal_education_No education'}, 'literacy': {'reference': 'Cannot read at all', 'reference_column': 'literacy_Cannot read at all'}, 'wealth_quintile': {'reference': 'Poorest', 'reference_column': 'wealth_quintile_Poorest'}, 'residence': {'reference': 'Rural', 'reference_column': 'residence_Rural'}, 'country_admin_region': {'reference': 'ethiopia::01', 'reference_column': 'country_admin_region_ethiopia::01'}}"
binary_lpm,model4_preferred_lpm,stunted,pooled,country_admin_region_nigeria::06,-0.035,0.045,-0.123,0.053,0.439,36985,4434,114,model_specific_equal_total_country_weight,cluster_robust_country_psu,True,"{'child_sex': {'reference': 'Male', 'reference_column': 'child_sex_Male'}, 'maternal_education': {'reference': 'No education', 'reference_column': 'maternal_education_No education'}, 'literacy': {'reference': 'Cannot read at all', 'reference_column': 'literacy_Cannot read at all'}, 'wealth_quintile': {'reference': 'Poorest', 'reference_column': 'wealth_quintile_Poorest'}, 'residence': {'reference': 'Rural', 'reference_column': 'residence_Rural'}, 'country_admin_region': {'reference': 'ethiopia::01', 'reference_column': 'country_admin_region_ethiopia::01'}}"
binary_lpm,model4_preferred_lpm,stunted,pooled,country_admin_region_nigeria::07,-0.009,0.04,-0.087,0.068,0.814,36985,4434,114,model_specific_equal_total_country_weight,cluster_robust_country_psu,True,"{'child_sex': {'reference': 'Male', 'reference_column': 'child_sex_Male'}, 'maternal_education': {'reference': 'No education', 'reference_column': 'maternal_education_No education'}, 'literacy': {'reference': 'Cannot read at all', 'reference_column': 'literacy_Cannot read at all'}, 'wealth_quintile': {'reference': 'Poorest', 'reference_column': 'wealth_quintile_Poorest'}, 'residence': {'reference': 'Rural', 'reference_column': 'residence_Rural'}, 'country_admin_region': {'reference': 'ethiopia::01', 'reference_column': 'country_admin_region_ethiopia::01'}}"
binary_lpm,model4_preferred_lpm,stunted,pooled,country_admin_region_nigeria::08,0.001,0.046,-0.089,0.091,0.987,36985,4434,114,model_specific_equal_total_country_weight,cluster_robust_country_psu,True,"{'child_sex': {'reference': 'Male', 'reference_column': 'child_sex_Male'}, 'maternal_education': {'reference': 'No education', 'reference_column': 'maternal_education_No education'}, 'literacy': {'reference': 'Cannot read at all', 'reference_column': 'literacy_Cannot read at all'}, 'wealth_quintile': {'reference': 'Poorest', 'reference_column': 'wealth_quintile_Poorest'}, 'residence': {'reference': 'Rural', 'reference_column': 'residence_Rural'}, 'country_admin_region': {'reference': 'ethiopia::01', 'reference_column': 'country_admin_region_ethiopia::01'}}"
binary_lpm,model4_preferred_lpm,stunted,pooled,country_admin_region_nigeria::09,0.125,0.036,0.054,0.196,0.001,36985,4434,114,model_specific_equal_total_country_weight,cluster_robust_country_psu,True,"{'child_sex': {'reference': 'Male', 'reference_column': 'child_sex_Male'}, 'maternal_education': {'reference': 'No education', 'reference_column': 'maternal_education_No education'}, 'literacy': {'reference': 'Cannot read at all', 'reference_column': 'literacy_Cannot read at all'}, 'wealth_quintile': {'reference': 'Poorest', 'reference_column': 'wealth_quintile_Poorest'}, 'residence': {'reference': 'Rural', 'reference_column': 'residence_Rural'}, 'country_admin_region': {'reference': 'ethiopia::01', 'reference_column': 'country_admin_region_ethiopia::01'}}"
binary_lpm,model4_preferred_lpm,stunted,pooled,country_admin_region_nigeria::10,-0.083,0.043,-0.168,0.001,0.054,36985,4434,114,model_specific_equal_total_country_weight,cluster_robust_country_psu,True,"{'child_sex': {'reference': 'Male', 'reference_column': 'child_sex_Male'}, 'maternal_education': {'reference': 'No education', 'reference_column': 'maternal_education_No education'}, 'literacy': {'reference': 'Cannot read at all', 'reference_column': 'literacy_Cannot read at all'}, 'wealth_quintile': {'reference': 'Poorest', 'reference_column': 'wealth_quintile_Poorest'}, 'residence': {'reference': 'Rural', 'reference_column': 'residence_Rural'}, 'country_admin_region': {'reference': 'ethiopia::01', 'reference_column': 'country_admin_region_ethiopia::01'}}"
binary_lpm,model4_preferred_lpm,stunted,pooled,country_admin_region_nigeria::11,0.036,0.04,-0.041,0.114,0.358,36985,4434,114,model_specific_equal_total_country_weight,cluster_robust_country_psu,True,"{'child_sex': {'reference': 'Male', 'reference_column': 'child_sex_Male'}, 'maternal_education': {'reference': 'No education', 'reference_column': 'maternal_education_No education'}, 'literacy': {'reference': 'Cannot read at all', 'reference_column': 'literacy_Cannot read at all'}, 'wealth_quintile': {'reference': 'Poorest', 'reference_column': 'wealth_quintile_Poorest'}, 'residence': {'reference': 'Rural', 'reference_column': 'residence_Rural'}, 'country_admin_region': {'reference': 'ethiopia::01', 'reference_column': 'country_admin_region_ethiopia::01'}}"
binary_lpm,model4_preferred_lpm,stunted,pooled,country_admin_region_nigeria::12,-0.013,0.05,-0.11,0.085,0.801,36985,4434,114,model_specific_equal_total_country_weight,cluster_robust_country_psu,True,"{'child_sex': {'reference': 'Male', 'reference_column': 'child_sex_Male'}, 'maternal_education': {'reference': 'No education', 'reference_column': 'maternal_education_No education'}, 'literacy': {'reference': 'Cannot read at all', 'reference_column': 'literacy_Cannot read at all'}, 'wealth_quintile': {'reference': 'Poorest', 'reference_column': 'wealth_quintile_Poorest'}, 'residence': {'reference': 'Rural', 'reference_column': 'residence_Rural'}, 'country_admin_region': {'reference': 'ethiopia::01', 'reference_column': 'country_admin_region_ethiopia::01'}}"
binary_lpm,model4_preferred_lpm,stunted,pooled,country_admin_region_nigeria::13,0.054,0.06,-0.064,0.173,0.368,36985,4434,114,model_specific_equal_total_country_weight,cluster_robust_country_psu,True,"{'child_sex': {'reference': 'Male', 'reference_column': 'child_sex_Male'}, 'maternal_education': {'reference': 'No education', 'reference_column': 'maternal_education_No education'}, 'literacy': {'reference': 'Cannot read at all', 'reference_column': 'literacy_Cannot read at all'}, 'wealth_quintile': {'reference': 'Poorest', 'reference_column': 'wealth_quintile_Poorest'}, 'residence': {'reference': 'Rural', 'reference_column': 'residence_Rural'}, 'country_admin_region': {'reference': 'ethiopia::01', 'reference_column': 'country_admin_region_ethiopia::01'}}"
binary_lpm,model4_preferred_lpm,stunted,pooled,country_admin_region_nigeria::14,0.032,0.035,-0.036,0.101,0.355,36985,4434,114,model_specific_equal_total_country_weight,cluster_robust_country_psu,True,"{'child_sex': {'reference': 'Male', 'reference_column': 'child_sex_Male'}, 'maternal_education': {'reference': 'No education', 'reference_column': 'maternal_education_No education'}, 'literacy': {'reference': 'Cannot read at all', 'reference_column': 'literacy_Cannot read at all'}, 'wealth_quintile': {'reference': 'Poorest', 'reference_column': 'wealth_quintile_Poorest'}, 'residence': {'reference': 'Rural', 'reference_column': 'residence_Rural'}, 'country_admin_region': {'reference': 'ethiopia::01', 'reference_column': 'country_admin_region_ethiopia::01'}}"
binary_lpm,model4_preferred_lpm,stunted,pooled,country_admin_region_nigeria::15,-0.042,0.04,-0.12,0.037,0.299,36985,4434,114,model_specific_equal_total_country_weight,cluster_robust_country_psu,True,"{'child_sex': {'reference': 'Male', 'reference_column': 'child_sex_Male'}, 'maternal_education': {'reference': 'No education', 'reference_column': 'maternal_education_No education'}, 'literacy': {'reference': 'Cannot read at all', 'reference_column': 'literacy_Cannot read at all'}, 'wealth_quintile': {'reference': 'Poorest', 'reference_column': 'wealth_quintile_Poorest'}, 'residence': {'reference': 'Rural', 'reference_column': 'residence_Rural'}, 'country_admin_region': {'reference': 'ethiopia::01', 'reference_column': 'country_admin_region_ethiopia::01'}}"
binary_lpm,model4_preferred_lpm,stunted,pooled,country_admin_region_nigeria::16,0.06,0.044,-0.027,0.147,0.175,36985,4434,114,model_specific_equal_total_country_weight,cluster_robust_country_psu,True,"{'child_sex': {'reference': 'Male', 'reference_column': 'child_sex_Male'}, 'maternal_education': {'reference': 'No education', 'reference_column': 'maternal_education_No education'}, 'literacy': {'reference': 'Cannot read at all', 'reference_column': 'literacy_Cannot read at all'}, 'wealth_quintile': {'reference': 'Poorest', 'reference_column': 'wealth_quintile_Poorest'}, 'residence': {'reference': 'Rural', 'reference_column': 'residence_Rural'}, 'country_admin_region': {'reference': 'ethiopia::01', 'reference_column': 'country_admin_region_ethiopia::01'}}"
binary_lpm,model4_preferred_lpm,stunted,pooled,country_admin_region_nigeria::17,0.134,0.055,0.027,0.241,0.014,36985,4434,114,model_specific_equal_total_country_weight,cluster_robust_country_psu,True,"{'child_sex': {'reference': 'Male', 'reference_column': 'child_sex_Male'}, 'maternal_education': {'reference': 'No education', 'reference_column': 'maternal_education_No education'}, 'literacy': {'reference': 'Cannot read at all', 'reference_column': 'literacy_Cannot read at all'}, 'wealth_quintile': {'reference': 'Poorest', 'reference_column': 'wealth_quintile_Poorest'}, 'residence': {'reference': 'Rural', 'reference_column': 'residence_Rural'}, 'country_admin_region': {'reference': 'ethiopia::01', 'reference_column': 'country_admin_region_ethiopia::01'}}"
binary_lpm,model4_preferred_lpm,stunted,pooled,country_admin_region_nigeria::18,0.079,0.04,0.001,0.157,0.047,36985,4434,114,model_specific_equal_total_country_weight,cluster_robust_country_psu,True,"{'child_sex': {'reference': 'Male', 'reference_column': 'child_sex_Male'}, 'maternal_education': {'reference': 'No education', 'reference_column': 'maternal_education_No education'}, 'literacy': {'reference': 'Cannot read at all', 'reference_column': 'literacy_Cannot read at all'}, 'wealth_quintile': {'reference': 'Poorest', 'reference_column': 'wealth_quintile_Poorest'}, 'residence': {'reference': 'Rural', 'reference_column': 'residence_Rural'}, 'country_admin_region': {'reference': 'ethiopia::01', 'reference_column': 'country_admin_region_ethiopia::01'}}"
binary_lpm,model4_preferred_lpm,stunted,pooled,country_admin_region_nigeria::19,-0.081,0.054,-0.187,0.025,0.136,36985,4434,114,model_specific_equal_total_country_weight,cluster_robust_country_psu,True,"{'child_sex': {'reference': 'Male', 'reference_column': 'child_sex_Male'}, 'maternal_education': {'reference': 'No education', 'reference_column': 'maternal_education_No education'}, 'literacy': {'reference': 'Cannot read at all', 'reference_column': 'literacy_Cannot read at all'}, 'wealth_quintile': {'reference': 'Poorest', 'reference_column': 'wealth_quintile_Poorest'}, 'residence': {'reference': 'Rural', 'reference_column': 'residence_Rural'}, 'country_admin_region': {'reference': 'ethiopia::01', 'reference_column': 'country_admin_region_ethiopia::01'}}"
binary_lpm,model4_preferred_lpm,stunted,pooled,country_admin_region_nigeria::20,0.141,0.053,0.038,0.245,0.007,36985,4434,114,model_specific_equal_total_country_weight,cluster_robust_country_psu,True,"{'child_sex': {'reference': 'Male', 'reference_column': 'child_sex_Male'}, 'maternal_education': {'reference': 'No education', 'reference_column': 'maternal_education_No education'}, 'literacy': {'reference': 'Cannot read at all', 'reference_column': 'literacy_Cannot read at all'}, 'wealth_quintile': {'reference': 'Poorest', 'reference_column': 'wealth_quintile_Poorest'}, 'residence': {'reference': 'Rural', 'reference_column': 'residence_Rural'}, 'country_admin_region': {'reference': 'ethiopia::01', 'reference_column': 'country_admin_region_ethiopia::01'}}"
binary_lpm,model4_preferred_lpm,stunted,pooled,country_admin_region_nigeria::21,-0.148,0.045,-0.235,-0.061,0.001,36985,4434,114,model_specific_equal_total_country_weight,cluster_robust_country_psu,True,"{'child_sex': {'reference': 'Male', 'reference_column': 'child_sex_Male'}, 'maternal_education': {'reference': 'No education', 'reference_column': 'maternal_education_No education'}, 'literacy': {'reference': 'Cannot read at all', 'reference_column': 'literacy_Cannot read at all'}, 'wealth_quintile': {'reference': 'Poorest', 'reference_column': 'wealth_quintile_Poorest'}, 'residence': {'reference': 'Rural', 'reference_column': 'residence_Rural'}, 'country_admin_region': {'reference': 'ethiopia::01', 'reference_column': 'country_admin_region_ethiopia::01'}}"
binary_lpm,model4_preferred_lpm,stunted,pooled,country_admin_region_nigeria::22,-0.22,0.037,-0.292,-0.147,0.0,36985,4434,114,model_specific_equal_total_country_weight,cluster_robust_country_psu,True,"{'child_sex': {'reference': 'Male', 'reference_column': 'child_sex_Male'}, 'maternal_education': {'reference': 'No education', 'reference_column': 'maternal_education_No education'}, 'literacy': {'reference': 'Cannot read at all', 'reference_column': 'literacy_Cannot read at all'}, 'wealth_quintile': {'reference': 'Poorest', 'reference_column': 'wealth_quintile_Poorest'}, 'residence': {'reference': 'Rural', 'reference_column': 'residence_Rural'}, 'country_admin_region': {'reference': 'ethiopia::01', 'reference_column': 'country_admin_region_ethiopia::01'}}"
binary_lpm,model4_preferred_lpm,stunted,pooled,country_admin_region_nigeria::23,-0.14,0.032,-0.203,-0.077,0.0,36985,4434,114,model_specific_equal_total_country_weight,cluster_robust_country_psu,True,"{'child_sex': {'reference': 'Male', 'reference_column': 'child_sex_Male'}, 'maternal_education': {'reference': 'No education', 'reference_column': 'maternal_education_No education'}, 'literacy': {'reference': 'Cannot read at all', 'reference_column': 'literacy_Cannot read at all'}, 'wealth_quintile': {'reference': 'Poorest', 'reference_column': 'wealth_quintile_Poorest'}, 'residence': {'reference': 'Rural', 'reference_column': 'residence_Rural'}, 'country_admin_region': {'reference': 'ethiopia::01', 'reference_column': 'country_admin_region_ethiopia::01'}}"
binary_lpm,model4_preferred_lpm,stunted,pooled,country_admin_region_nigeria::24,-0.233,0.037,-0.305,-0.161,0.0,36985,4434,114,model_specific_equal_total_country_weight,cluster_robust_country_psu,True,"{'child_sex': {'reference': 'Male', 'reference_column': 'child_sex_Male'}, 'maternal_education': {'reference': 'No education', 'reference_column': 'maternal_education_No education'}, 'literacy': {'reference': 'Cannot read at all', 'reference_column': 'literacy_Cannot read at all'}, 'wealth_quintile': {'reference': 'Poorest', 'reference_column': 'wealth_quintile_Poorest'}, 'residence': {'reference': 'Rural', 'reference_column': 'residence_Rural'}, 'country_admin_region': {'reference': 'ethiopia::01', 'reference_column': 'country_admin_region_ethiopia::01'}}"
binary_lpm,model4_preferred_lpm,stunted,pooled,country_admin_region_nigeria::25,-0.205,0.032,-0.268,-0.143,0.0,36985,4434,114,model_specific_equal_total_country_weight,cluster_robust_country_psu,True,"{'child_sex': {'reference': 'Male', 'reference_column': 'child_sex_Male'}, 'maternal_education': {'reference': 'No education', 'reference_column': 'maternal_education_No education'}, 'literacy': {'reference': 'Cannot read at all', 'reference_column': 'literacy_Cannot read at all'}, 'wealth_quintile': {'reference': 'Poorest', 'reference_column': 'wealth_quintile_Poorest'}, 'residence': {'reference': 'Rural', 'reference_column': 'residence_Rural'}, 'country_admin_region': {'reference': 'ethiopia::01', 'reference_column': 'country_admin_region_ethiopia::01'}}"
binary_lpm,model4_preferred_lpm,stunted,pooled,country_admin_region_nigeria::26,-0.125,0.04,-0.203,-0.048,0.002,36985,4434,114,model_specific_equal_total_country_weight,cluster_robust_country_psu,True,"{'child_sex': {'reference': 'Male', 'reference_column': 'child_sex_Male'}, 'maternal_education': {'reference': 'No education', 'reference_column': 'maternal_education_No education'}, 'literacy': {'reference': 'Cannot read at all', 'reference_column': 'literacy_Cannot read at all'}, 'wealth_quintile': {'reference': 'Poorest', 'reference_column': 'wealth_quintile_Poorest'}, 'residence': {'reference': 'Rural', 'reference_column': 'residence_Rural'}, 'country_admin_region': {'reference': 'ethiopia::01', 'reference_column': 'country_admin_region_ethiopia::01'}}"
binary_lpm,model4_preferred_lpm,stunted,pooled,country_admin_region_nigeria::27,-0.131,0.043,-0.216,-0.047,0.002,36985,4434,114,model_specific_equal_total_country_weight,cluster_robust_country_psu,True,"{'child_sex': {'reference': 'Male', 'reference_column': 'child_sex_Male'}, 'maternal_education': {'reference': 'No education', 'reference_column': 'maternal_education_No education'}, 'literacy': {'reference': 'Cannot read at all', 'reference_column': 'literacy_Cannot read at all'}, 'wealth_quintile': {'reference': 'Poorest', 'reference_column': 'wealth_quintile_Poorest'}, 'residence': {'reference': 'Rural', 'reference_column': 'residence_Rural'}, 'country_admin_region': {'reference': 'ethiopia::01', 'reference_column': 'country_admin_region_ethiopia::01'}}"
binary_lpm,model4_preferred_lpm,stunted,pooled,country_admin_region_nigeria::28,-0.173,0.055,-0.281,-0.065,0.002,36985,4434,114,model_specific_equal_total_country_weight,cluster_robust_country_psu,True,"{'child_sex': {'reference': 'Male', 'reference_column': 'child_sex_Male'}, 'maternal_education': {'reference': 'No education', 'reference_column': 'maternal_education_No education'}, 'literacy': {'reference': 'Cannot read at all', 'reference_column': 'literacy_Cannot read at all'}, 'wealth_quintile': {'reference': 'Poorest', 'reference_column': 'wealth_quintile_Poorest'}, 'residence': {'reference': 'Rural', 'reference_column': 'residence_Rural'}, 'country_admin_region': {'reference': 'ethiopia::01', 'reference_column': 'country_admin_region_ethiopia::01'}}"
binary_lpm,model4_preferred_lpm,stunted,pooled,country_admin_region_nigeria::29,-0.128,0.039,-0.206,-0.051,0.001,36985,4434,114,model_specific_equal_total_country_weight,cluster_robust_country_psu,True,"{'child_sex': {'reference': 'Male', 'reference_column': 'child_sex_Male'}, 'maternal_education': {'reference': 'No education', 'reference_column': 'maternal_education_No education'}, 'literacy': {'reference': 'Cannot read at all', 'reference_column': 'literacy_Cannot read at all'}, 'wealth_quintile': {'reference': 'Poorest', 'reference_column': 'wealth_quintile_Poorest'}, 'residence': {'reference': 'Rural', 'reference_column': 'residence_Rural'}, 'country_admin_region': {'reference': 'ethiopia::01', 'reference_column': 'country_admin_region_ethiopia::01'}}"
binary_lpm,model4_preferred_lpm,stunted,pooled,country_admin_region_nigeria::30,-0.203,0.036,-0.274,-0.132,0.0,36985,4434,114,model_specific_equal_total_country_weight,cluster_robust_country_psu,True,"{'child_sex': {'reference': 'Male', 'reference_column': 'child_sex_Male'}, 'maternal_education': {'reference': 'No education', 'reference_column': 'maternal_education_No education'}, 'literacy': {'reference': 'Cannot read at all', 'reference_column': 'literacy_Cannot read at all'}, 'wealth_quintile': {'reference': 'Poorest', 'reference_column': 'wealth_quintile_Poorest'}, 'residence': {'reference': 'Rural', 'reference_column': 'residence_Rural'}, 'country_admin_region': {'reference': 'ethiopia::01', 'reference_column': 'country_admin_region_ethiopia::01'}}"
binary_lpm,model4_preferred_lpm,stunted,pooled,country_admin_region_nigeria::31,-0.215,0.032,-0.277,-0.153,0.0,36985,4434,114,model_specific_equal_total_country_weight,cluster_robust_country_psu,True,"{'child_sex': {'reference': 'Male', 'reference_column': 'child_sex_Male'}, 'maternal_education': {'reference': 'No education', 'reference_column': 'maternal_education_No education'}, 'literacy': {'reference': 'Cannot read at all', 'reference_column': 'literacy_Cannot read at all'}, 'wealth_quintile': {'reference': 'Poorest', 'reference_column': 'wealth_quintile_Poorest'}, 'residence': {'reference': 'Rural', 'reference_column': 'residence_Rural'}, 'country_admin_region': {'reference': 'ethiopia::01', 'reference_column': 'country_admin_region_ethiopia::01'}}"
binary_lpm,model4_preferred_lpm,stunted,pooled,country_admin_region_nigeria::32,-0.188,0.054,-0.294,-0.083,0.0,36985,4434,114,model_specific_equal_total_country_weight,cluster_robust_country_psu,True,"{'child_sex': {'reference': 'Male', 'reference_column': 'child_sex_Male'}, 'maternal_education': {'reference': 'No education', 'reference_column': 'maternal_education_No education'}, 'literacy': {'reference': 'Cannot read at all', 'reference_column': 'literacy_Cannot read at all'}, 'wealth_quintile': {'reference': 'Poorest', 'reference_column': 'wealth_quintile_Poorest'}, 'residence': {'reference': 'Rural', 'reference_column': 'residence_Rural'}, 'country_admin_region': {'reference': 'ethiopia::01', 'reference_column': 'country_admin_region_ethiopia::01'}}"
binary_lpm,model4_preferred_lpm,stunted,pooled,country_admin_region_nigeria::33,-0.117,0.047,-0.208,-0.026,0.012,36985,4434,114,model_specific_equal_total_country_weight,cluster_robust_country_psu,True,"{'child_sex': {'reference': 'Male', 'reference_column': 'child_sex_Male'}, 'maternal_education': {'reference': 'No education', 'reference_column': 'maternal_education_No education'}, 'literacy': {'reference': 'Cannot read at all', 'reference_column': 'literacy_Cannot read at all'}, 'wealth_quintile': {'reference': 'Poorest', 'reference_column': 'wealth_quintile_Poorest'}, 'residence': {'reference': 'Rural', 'reference_column': 'residence_Rural'}, 'country_admin_region': {'reference': 'ethiopia::01', 'reference_column': 'country_admin_region_ethiopia::01'}}"
binary_lpm,model4_preferred_lpm,stunted,pooled,country_admin_region_nigeria::34,-0.184,0.039,-0.26,-0.108,0.0,36985,4434,114,model_specific_equal_total_country_weight,cluster_robust_country_psu,True,"{'child_sex': {'reference': 'Male', 'reference_column': 'child_sex_Male'}, 'maternal_education': {'reference': 'No education', 'reference_column': 'maternal_education_No education'}, 'literacy': {'reference': 'Cannot read at all', 'reference_column': 'literacy_Cannot read at all'}, 'wealth_quintile': {'reference': 'Poorest', 'reference_column': 'wealth_quintile_Poorest'}, 'residence': {'reference': 'Rural', 'reference_column': 'residence_Rural'}, 'country_admin_region': {'reference': 'ethiopia::01', 'reference_column': 'country_admin_region_ethiopia::01'}}"
binary_lpm,model4_preferred_lpm,stunted,pooled,country_admin_region_nigeria::35,-0.139,0.048,-0.233,-0.045,0.004,36985,4434,114,model_specific_equal_total_country_weight,cluster_robust_country_psu,True,"{'child_sex': {'reference': 'Male', 'reference_column': 'child_sex_Male'}, 'maternal_education': {'reference': 'No education', 'reference_column': 'maternal_education_No education'}, 'literacy': {'reference': 'Cannot read at all', 'reference_column': 'literacy_Cannot read at all'}, 'wealth_quintile': {'reference': 'Poorest', 'reference_column': 'wealth_quintile_Poorest'}, 'residence': {'reference': 'Rural', 'reference_column': 'residence_Rural'}, 'country_admin_region': {'reference': 'ethiopia::01', 'reference_column': 'country_admin_region_ethiopia::01'}}"
binary_lpm,model4_preferred_lpm,stunted,pooled,country_admin_region_nigeria::36,-0.012,0.053,-0.117,0.092,0.817,36985,4434,114,model_specific_equal_total_country_weight,cluster_robust_country_psu,True,"{'child_sex': {'reference': 'Male', 'reference_column': 'child_sex_Male'}, 'maternal_education': {'reference': 'No education', 'reference_column': 'maternal_education_No education'}, 'literacy': {'reference': 'Cannot read at all', 'reference_column': 'literacy_Cannot read at all'}, 'wealth_quintile': {'reference': 'Poorest', 'reference_column': 'wealth_quintile_Poorest'}, 'residence': {'reference': 'Rural', 'reference_column': 'residence_Rural'}, 'country_admin_region': {'reference': 'ethiopia::01', 'reference_column': 'country_admin_region_ethiopia::01'}}"
binary_lpm,model4_preferred_lpm,stunted,pooled,country_admin_region_nigeria::37,-0.13,0.035,-0.2,-0.061,0.0,36985,4434,114,model_specific_equal_total_country_weight,cluster_robust_country_psu,True,"{'child_sex': {'reference': 'Male', 'reference_column': 'child_sex_Male'}, 'maternal_education': {'reference': 'No education', 'reference_column': 'maternal_education_No education'}, 'literacy': {'reference': 'Cannot read at all', 'reference_column': 'literacy_Cannot read at all'}, 'wealth_quintile': {'reference': 'Poorest', 'reference_column': 'wealth_quintile_Poorest'}, 'residence': {'reference': 'Rural', 'reference_column': 'residence_Rural'}, 'country_admin_region': {'reference': 'ethiopia::01', 'reference_column': 'country_admin_region_ethiopia::01'}}"
binary_lpm,model4_preferred_lpm,stunted,ethiopia,const,0.482,0.075,0.335,0.629,0.0,5843,787,14,weight_original,cluster_robust_psu,True,"{'child_sex': {'reference': 'Male', 'reference_column': 'child_sex_Male'}, 'maternal_education': {'reference': 'No education', 'reference_column': 'maternal_education_No education'}, 'literacy': {'reference': 'Cannot read at all', 'reference_column': 'literacy_Cannot read at all'}, 'wealth_quintile': {'reference': 'Poorest', 'reference_column': 'wealth_quintile_Poorest'}, 'residence': {'reference': 'Rural', 'reference_column': 'residence_Rural'}, 'country_admin_region': {'reference': 'ethiopia::01', 'reference_column': 'country_admin_region_ethiopia::01'}}"
binary_lpm,model4_preferred_lpm,stunted,ethiopia,water_rate_loo,0.03,0.041,-0.051,0.11,0.472,5843,787,14,weight_original,cluster_robust_psu,True,"{'child_sex': {'reference': 'Male', 'reference_column': 'child_sex_Male'}, 'maternal_education': {'reference': 'No education', 'reference_column': 'maternal_education_No education'}, 'literacy': {'reference': 'Cannot read at all', 'reference_column': 'literacy_Cannot read at all'}, 'wealth_quintile': {'reference': 'Poorest', 'reference_column': 'wealth_quintile_Poorest'}, 'residence': {'reference': 'Rural', 'reference_column': 'residence_Rural'}, 'country_admin_region': {'reference': 'ethiopia::01', 'reference_column': 'country_admin_region_ethiopia::01'}}"
binary_lpm,model4_preferred_lpm,stunted,ethiopia,sanitation_rate_loo_core,-0.036,0.045,-0.125,0.053,0.425,5843,787,14,weight_original,cluster_robust_psu,True,"{'child_sex': {'reference': 'Male', 'reference_column': 'child_sex_Male'}, 'maternal_education': {'reference': 'No education', 'reference_column': 'maternal_education_No education'}, 'literacy': {'reference': 'Cannot read at all', 'reference_column': 'literacy_Cannot read at all'}, 'wealth_quintile': {'reference': 'Poorest', 'reference_column': 'wealth_quintile_Poorest'}, 'residence': {'reference': 'Rural', 'reference_column': 'residence_Rural'}, 'country_admin_region': {'reference': 'ethiopia::01', 'reference_column': 'country_admin_region_ethiopia::01'}}"
binary_lpm,model4_preferred_lpm,stunted,ethiopia,b19_raw,0.007,0.0,0.006,0.007,0.0,5843,787,14,weight_original,cluster_robust_psu,True,"{'child_sex': {'reference': 'Male', 'reference_column': 'child_sex_Male'}, 'maternal_education': {'reference': 'No education', 'reference_column': 'maternal_education_No education'}, 'literacy': {'reference': 'Cannot read at all', 'reference_column': 'literacy_Cannot read at all'}, 'wealth_quintile': {'reference': 'Poorest', 'reference_column': 'wealth_quintile_Poorest'}, 'residence': {'reference': 'Rural', 'reference_column': 'residence_Rural'}, 'country_admin_region': {'reference': 'ethiopia::01', 'reference_column': 'country_admin_region_ethiopia::01'}}"
binary_lpm,model4_preferred_lpm,stunted,ethiopia,birth_order_raw,0.024,0.009,0.006,0.041,0.007,5843,787,14,weight_original,cluster_robust_psu,True,"{'child_sex': {'reference': 'Male', 'reference_column': 'child_sex_Male'}, 'maternal_education': {'reference': 'No education', 'reference_column': 'maternal_education_No education'}, 'literacy': {'reference': 'Cannot read at all', 'reference_column': 'literacy_Cannot read at all'}, 'wealth_quintile': {'reference': 'Poorest', 'reference_column': 'wealth_quintile_Poorest'}, 'residence': {'reference': 'Rural', 'reference_column': 'residence_Rural'}, 'country_admin_region': {'reference': 'ethiopia::01', 'reference_column': 'country_admin_region_ethiopia::01'}}"
binary_lpm,model4_preferred_lpm,stunted,ethiopia,maternal_age,-0.008,0.003,-0.013,-0.003,0.002,5843,787,14,weight_original,cluster_robust_psu,True,"{'child_sex': {'reference': 'Male', 'reference_column': 'child_sex_Male'}, 'maternal_education': {'reference': 'No education', 'reference_column': 'maternal_education_No education'}, 'literacy': {'reference': 'Cannot read at all', 'reference_column': 'literacy_Cannot read at all'}, 'wealth_quintile': {'reference': 'Poorest', 'reference_column': 'wealth_quintile_Poorest'}, 'residence': {'reference': 'Rural', 'reference_column': 'residence_Rural'}, 'country_admin_region': {'reference': 'ethiopia::01', 'reference_column': 'country_admin_region_ethiopia::01'}}"
binary_lpm,model4_preferred_lpm,stunted,ethiopia,household_size_raw,0.0,0.006,-0.012,0.012,0.991,5843,787,14,weight_original,cluster_robust_psu,True,"{'child_sex': {'reference': 'Male', 'reference_column': 'child_sex_Male'}, 'maternal_education': {'reference': 'No education', 'reference_column': 'maternal_education_No education'}, 'literacy': {'reference': 'Cannot read at all', 'reference_column': 'literacy_Cannot read at all'}, 'wealth_quintile': {'reference': 'Poorest', 'reference_column': 'wealth_quintile_Poorest'}, 'residence': {'reference': 'Rural', 'reference_column': 'residence_Rural'}, 'country_admin_region': {'reference': 'ethiopia::01', 'reference_column': 'country_admin_region_ethiopia::01'}}"
binary_lpm,model4_preferred_lpm,stunted,ethiopia,child_sex_Female,-0.022,0.021,-0.063,0.02,0.307,5843,787,14,weight_original,cluster_robust_psu,True,"{'child_sex': {'reference': 'Male', 'reference_column': 'child_sex_Male'}, 'maternal_education': {'reference': 'No education', 'reference_column': 'maternal_education_No education'}, 'literacy': {'reference': 'Cannot read at all', 'reference_column': 'literacy_Cannot read at all'}, 'wealth_quintile': {'reference': 'Poorest', 'reference_column': 'wealth_quintile_Poorest'}, 'residence': {'reference': 'Rural', 'reference_column': 'residence_Rural'}, 'country_admin_region': {'reference': 'ethiopia::01', 'reference_column': 'country_admin_region_ethiopia::01'}}"
binary_lpm,model4_preferred_lpm,stunted,ethiopia,maternal_education_Higher,-0.037,0.059,-0.152,0.079,0.533,5843,787,14,weight_original,cluster_robust_psu,True,"{'child_sex': {'reference': 'Male', 'reference_column': 'child_sex_Male'}, 'maternal_education': {'reference': 'No education', 'reference_column': 'maternal_education_No education'}, 'literacy': {'reference': 'Cannot read at all', 'reference_column': 'literacy_Cannot read at all'}, 'wealth_quintile': {'reference': 'Poorest', 'reference_column': 'wealth_quintile_Poorest'}, 'residence': {'reference': 'Rural', 'reference_column': 'residence_Rural'}, 'country_admin_region': {'reference': 'ethiopia::01', 'reference_column': 'country_admin_region_ethiopia::01'}}"
binary_lpm,model4_preferred_lpm,stunted,ethiopia,maternal_education_Primary,0.006,0.037,-0.065,0.078,0.86,5843,787,14,weight_original,cluster_robust_psu,True,"{'child_sex': {'reference': 'Male', 'reference_column': 'child_sex_Male'}, 'maternal_education': {'reference': 'No education', 'reference_column': 'maternal_education_No education'}, 'literacy': {'reference': 'Cannot read at all', 'reference_column': 'literacy_Cannot read at all'}, 'wealth_quintile': {'reference': 'Poorest', 'reference_column': 'wealth_quintile_Poorest'}, 'residence': {'reference': 'Rural', 'reference_column': 'residence_Rural'}, 'country_admin_region': {'reference': 'ethiopia::01', 'reference_column': 'country_admin_region_ethiopia::01'}}"
binary_lpm,model4_preferred_lpm,stunted,ethiopia,maternal_education_Secondary,-0.007,0.05,-0.105,0.092,0.89,5843,787,14,weight_original,cluster_robust_psu,True,"{'child_sex': {'reference': 'Male', 'reference_column': 'child_sex_Male'}, 'maternal_education': {'reference': 'No education', 'reference_column': 'maternal_education_No education'}, 'literacy': {'reference': 'Cannot read at all', 'reference_column': 'literacy_Cannot read at all'}, 'wealth_quintile': {'reference': 'Poorest', 'reference_column': 'wealth_quintile_Poorest'}, 'residence': {'reference': 'Rural', 'reference_column': 'residence_Rural'}, 'country_admin_region': {'reference': 'ethiopia::01', 'reference_column': 'country_admin_region_ethiopia::01'}}"
binary_lpm,model4_preferred_lpm,stunted,ethiopia,literacy_Able to read only parts of sentence,-0.029,0.04,-0.108,0.05,0.47,5843,787,14,weight_original,cluster_robust_psu,True,"{'child_sex': {'reference': 'Male', 'reference_column': 'child_sex_Male'}, 'maternal_education': {'reference': 'No education', 'reference_column': 'maternal_education_No education'}, 'literacy': {'reference': 'Cannot read at all', 'reference_column': 'literacy_Cannot read at all'}, 'wealth_quintile': {'reference': 'Poorest', 'reference_column': 'wealth_quintile_Poorest'}, 'residence': {'reference': 'Rural', 'reference_column': 'residence_Rural'}, 'country_admin_region': {'reference': 'ethiopia::01', 'reference_column': 'country_admin_region_ethiopia::01'}}"
binary_lpm,model4_preferred_lpm,stunted,ethiopia,literacy_Able to read whole sentence,-0.052,0.041,-0.132,0.029,0.207,5843,787,14,weight_original,cluster_robust_psu,True,"{'child_sex': {'reference': 'Male', 'reference_column': 'child_sex_Male'}, 'maternal_education': {'reference': 'No education', 'reference_column': 'maternal_education_No education'}, 'literacy': {'reference': 'Cannot read at all', 'reference_column': 'literacy_Cannot read at all'}, 'wealth_quintile': {'reference': 'Poorest', 'reference_column': 'wealth_quintile_Poorest'}, 'residence': {'reference': 'Rural', 'reference_column': 'residence_Rural'}, 'country_admin_region': {'reference': 'ethiopia::01', 'reference_column': 'country_admin_region_ethiopia::01'}}"
binary_lpm,model4_preferred_lpm,stunted,ethiopia,literacy_Blind/visually impaired,-0.119,0.143,-0.399,0.161,0.405,5843,787,14,weight_original,cluster_robust_psu,True,"{'child_sex': {'reference': 'Male', 'reference_column': 'child_sex_Male'}, 'maternal_education': {'reference': 'No education', 'reference_column': 'maternal_education_No education'}, 'literacy': {'reference': 'Cannot read at all', 'reference_column': 'literacy_Cannot read at all'}, 'wealth_quintile': {'reference': 'Poorest', 'reference_column': 'wealth_quintile_Poorest'}, 'residence': {'reference': 'Rural', 'reference_column': 'residence_Rural'}, 'country_admin_region': {'reference': 'ethiopia::01', 'reference_column': 'country_admin_region_ethiopia::01'}}"
binary_lpm,model4_preferred_lpm,stunted,ethiopia,literacy_No card with required language,-0.131,0.073,-0.274,0.013,0.074,5843,787,14,weight_original,cluster_robust_psu,True,"{'child_sex': {'reference': 'Male', 'reference_column': 'child_sex_Male'}, 'maternal_education': {'reference': 'No education', 'reference_column': 'maternal_education_No education'}, 'literacy': {'reference': 'Cannot read at all', 'reference_column': 'literacy_Cannot read at all'}, 'wealth_quintile': {'reference': 'Poorest', 'reference_column': 'wealth_quintile_Poorest'}, 'residence': {'reference': 'Rural', 'reference_column': 'residence_Rural'}, 'country_admin_region': {'reference': 'ethiopia::01', 'reference_column': 'country_admin_region_ethiopia::01'}}"
binary_lpm,model4_preferred_lpm,stunted,ethiopia,wealth_quintile_Middle,-0.033,0.04,-0.111,0.044,0.398,5843,787,14,weight_original,cluster_robust_psu,True,"{'child_sex': {'reference': 'Male', 'reference_column': 'child_sex_Male'}, 'maternal_education': {'reference': 'No education', 'reference_column': 'maternal_education_No education'}, 'literacy': {'reference': 'Cannot read at all', 'reference_column': 'literacy_Cannot read at all'}, 'wealth_quintile': {'reference': 'Poorest', 'reference_column': 'wealth_quintile_Poorest'}, 'residence': {'reference': 'Rural', 'reference_column': 'residence_Rural'}, 'country_admin_region': {'reference': 'ethiopia::01', 'reference_column': 'country_admin_region_ethiopia::01'}}"
binary_lpm,model4_preferred_lpm,stunted,ethiopia,wealth_quintile_Poorer,-0.046,0.033,-0.112,0.019,0.165,5843,787,14,weight_original,cluster_robust_psu,True,"{'child_sex': {'reference': 'Male', 'reference_column': 'child_sex_Male'}, 'maternal_education': {'reference': 'No education', 'reference_column': 'maternal_education_No education'}, 'literacy': {'reference': 'Cannot read at all', 'reference_column': 'literacy_Cannot read at all'}, 'wealth_quintile': {'reference': 'Poorest', 'reference_column': 'wealth_quintile_Poorest'}, 'residence': {'reference': 'Rural', 'reference_column': 'residence_Rural'}, 'country_admin_region': {'reference': 'ethiopia::01', 'reference_column': 'country_admin_region_ethiopia::01'}}"
binary_lpm,model4_preferred_lpm,stunted,ethiopia,wealth_quintile_Richer,-0.116,0.04,-0.196,-0.037,0.004,5843,787,14,weight_original,cluster_robust_psu,True,"{'child_sex': {'reference': 'Male', 'reference_column': 'child_sex_Male'}, 'maternal_education': {'reference': 'No education', 'reference_column': 'maternal_education_No education'}, 'literacy': {'reference': 'Cannot read at all', 'reference_column': 'literacy_Cannot read at all'}, 'wealth_quintile': {'reference': 'Poorest', 'reference_column': 'wealth_quintile_Poorest'}, 'residence': {'reference': 'Rural', 'reference_column': 'residence_Rural'}, 'country_admin_region': {'reference': 'ethiopia::01', 'reference_column': 'country_admin_region_ethiopia::01'}}"
binary_lpm,model4_preferred_lpm,stunted,ethiopia,wealth_quintile_Richest,-0.168,0.062,-0.289,-0.047,0.006,5843,787,14,weight_original,cluster_robust_psu,True,"{'child_sex': {'reference': 'Male', 'reference_column': 'child_sex_Male'}, 'maternal_education': {'reference': 'No education', 'reference_column': 'maternal_education_No education'}, 'literacy': {'reference': 'Cannot read at all', 'reference_column': 'literacy_Cannot read at all'}, 'wealth_quintile': {'reference': 'Poorest', 'reference_column': 'wealth_quintile_Poorest'}, 'residence': {'reference': 'Rural', 'reference_column': 'residence_Rural'}, 'country_admin_region': {'reference': 'ethiopia::01', 'reference_column': 'country_admin_region_ethiopia::01'}}"
binary_lpm,model4_preferred_lpm,stunted,ethiopia,residence_Urban,0.051,0.031,-0.011,0.112,0.105,5843,787,14,weight_original,cluster_robust_psu,True,"{'child_sex': {'reference': 'Male', 'reference_column': 'child_sex_Male'}, 'maternal_education': {'reference': 'No education', 'reference_column': 'maternal_education_No education'}, 'literacy': {'reference': 'Cannot read at all', 'reference_column': 'literacy_Cannot read at all'}, 'wealth_quintile': {'reference': 'Poorest', 'reference_column': 'wealth_quintile_Poorest'}, 'residence': {'reference': 'Rural', 'reference_column': 'residence_Rural'}, 'country_admin_region': {'reference': 'ethiopia::01', 'reference_column': 'country_admin_region_ethiopia::01'}}"
binary_lpm,model4_preferred_lpm,stunted,ethiopia,country_admin_region_ethiopia::02,-0.044,0.04,-0.122,0.035,0.273,5843,787,14,weight_original,cluster_robust_psu,True,"{'child_sex': {'reference': 'Male', 'reference_column': 'child_sex_Male'}, 'maternal_education': {'reference': 'No education', 'reference_column': 'maternal_education_No education'}, 'literacy': {'reference': 'Cannot read at all', 'reference_column': 'literacy_Cannot read at all'}, 'wealth_quintile': {'reference': 'Poorest', 'reference_column': 'wealth_quintile_Poorest'}, 'residence': {'reference': 'Rural', 'reference_column': 'residence_Rural'}, 'country_admin_region': {'reference': 'ethiopia::01', 'reference_column': 'country_admin_region_ethiopia::01'}}"
binary_lpm,model4_preferred_lpm,stunted,ethiopia,country_admin_region_ethiopia::03,0.018,0.034,-0.048,0.084,0.589,5843,787,14,weight_original,cluster_robust_psu,True,"{'child_sex': {'reference': 'Male', 'reference_column': 'child_sex_Male'}, 'maternal_education': {'reference': 'No education', 'reference_column': 'maternal_education_No education'}, 'literacy': {'reference': 'Cannot read at all', 'reference_column': 'literacy_Cannot read at all'}, 'wealth_quintile': {'reference': 'Poorest', 'reference_column': 'wealth_quintile_Poorest'}, 'residence': {'reference': 'Rural', 'reference_column': 'residence_Rural'}, 'country_admin_region': {'reference': 'ethiopia::01', 'reference_column': 'country_admin_region_ethiopia::01'}}"
binary_lpm,model4_preferred_lpm,stunted,ethiopia,country_admin_region_ethiopia::04,-0.03,0.033,-0.094,0.035,0.37,5843,787,14,weight_original,cluster_robust_psu,True,"{'child_sex': {'reference': 'Male', 'reference_column': 'child_sex_Male'}, 'maternal_education': {'reference': 'No education', 'reference_column': 'maternal_education_No education'}, 'literacy': {'reference': 'Cannot read at all', 'reference_column': 'literacy_Cannot read at all'}, 'wealth_quintile': {'reference': 'Poorest', 'reference_column': 'wealth_quintile_Poorest'}, 'residence': {'reference': 'Rural', 'reference_column': 'residence_Rural'}, 'country_admin_region': {'reference': 'ethiopia::01', 'reference_column': 'country_admin_region_ethiopia::01'}}"
binary_lpm,model4_preferred_lpm,stunted,ethiopia,country_admin_region_ethiopia::05,-0.181,0.047,-0.272,-0.089,0.0,5843,787,14,weight_original,cluster_robust_psu,True,"{'child_sex': {'reference': 'Male', 'reference_column': 'child_sex_Male'}, 'maternal_education': {'reference': 'No education', 'reference_column': 'maternal_education_No education'}, 'literacy': {'reference': 'Cannot read at all', 'reference_column': 'literacy_Cannot read at all'}, 'wealth_quintile': {'reference': 'Poorest', 'reference_column': 'wealth_quintile_Poorest'}, 'residence': {'reference': 'Rural', 'reference_column': 'residence_Rural'}, 'country_admin_region': {'reference': 'ethiopia::01', 'reference_column': 'country_admin_region_ethiopia::01'}}"
binary_lpm,model4_preferred_lpm,stunted,ethiopia,country_admin_region_ethiopia::06,0.071,0.047,-0.022,0.164,0.133,5843,787,14,weight_original,cluster_robust_psu,True,"{'child_sex': {'reference': 'Male', 'reference_column': 'child_sex_Male'}, 'maternal_education': {'reference': 'No education', 'reference_column': 'maternal_education_No education'}, 'literacy': {'reference': 'Cannot read at all', 'reference_column': 'literacy_Cannot read at all'}, 'wealth_quintile': {'reference': 'Poorest', 'reference_column': 'wealth_quintile_Poorest'}, 'residence': {'reference': 'Rural', 'reference_column': 'residence_Rural'}, 'country_admin_region': {'reference': 'ethiopia::01', 'reference_column': 'country_admin_region_ethiopia::01'}}"
binary_lpm,model4_preferred_lpm,stunted,ethiopia,country_admin_region_ethiopia::07,-0.08,0.038,-0.156,-0.005,0.037,5843,787,14,weight_original,cluster_robust_psu,True,"{'child_sex': {'reference': 'Male', 'reference_column': 'child_sex_Male'}, 'maternal_education': {'reference': 'No education', 'reference_column': 'maternal_education_No education'}, 'literacy': {'reference': 'Cannot read at all', 'reference_column': 'literacy_Cannot read at all'}, 'wealth_quintile': {'reference': 'Poorest', 'reference_column': 'wealth_quintile_Poorest'}, 'residence': {'reference': 'Rural', 'reference_column': 'residence_Rural'}, 'country_admin_region': {'reference': 'ethiopia::01', 'reference_column': 'country_admin_region_ethiopia::01'}}"
binary_lpm,model4_preferred_lpm,stunted,ethiopia,country_admin_region_ethiopia::08,-0.108,0.035,-0.177,-0.039,0.002,5843,787,14,weight_original,cluster_robust_psu,True,"{'child_sex': {'reference': 'Male', 'reference_column': 'child_sex_Male'}, 'maternal_education': {'reference': 'No education', 'reference_column': 'maternal_education_No education'}, 'literacy': {'reference': 'Cannot read at all', 'reference_column': 'literacy_Cannot read at all'}, 'wealth_quintile': {'reference': 'Poorest', 'reference_column': 'wealth_quintile_Poorest'}, 'residence': {'reference': 'Rural', 'reference_column': 'residence_Rural'}, 'country_admin_region': {'reference': 'ethiopia::01', 'reference_column': 'country_admin_region_ethiopia::01'}}"
binary_lpm,model4_preferred_lpm,stunted,ethiopia,country_admin_region_ethiopia::09,-0.036,0.042,-0.118,0.047,0.399,5843,787,14,weight_original,cluster_robust_psu,True,"{'child_sex': {'reference': 'Male', 'reference_column': 'child_sex_Male'}, 'maternal_education': {'reference': 'No education', 'reference_column': 'maternal_education_No education'}, 'literacy': {'reference': 'Cannot read at all', 'reference_column': 'literacy_Cannot read at all'}, 'wealth_quintile': {'reference': 'Poorest', 'reference_column': 'wealth_quintile_Poorest'}, 'residence': {'reference': 'Rural', 'reference_column': 'residence_Rural'}, 'country_admin_region': {'reference': 'ethiopia::01', 'reference_column': 'country_admin_region_ethiopia::01'}}"
binary_lpm,model4_preferred_lpm,stunted,ethiopia,country_admin_region_ethiopia::10,-0.039,0.041,-0.119,0.041,0.337,5843,787,14,weight_original,cluster_robust_psu,True,"{'child_sex': {'reference': 'Male', 'reference_column': 'child_sex_Male'}, 'maternal_education': {'reference': 'No education', 'reference_column': 'maternal_education_No education'}, 'literacy': {'reference': 'Cannot read at all', 'reference_column': 'literacy_Cannot read at all'}, 'wealth_quintile': {'reference': 'Poorest', 'reference_column': 'wealth_quintile_Poorest'}, 'residence': {'reference': 'Rural', 'reference_column': 'residence_Rural'}, 'country_admin_region': {'reference': 'ethiopia::01', 'reference_column': 'country_admin_region_ethiopia::01'}}"
binary_lpm,model4_preferred_lpm,stunted,ethiopia,country_admin_region_ethiopia::12,-0.257,0.037,-0.33,-0.183,0.0,5843,787,14,weight_original,cluster_robust_psu,True,"{'child_sex': {'reference': 'Male', 'reference_column': 'child_sex_Male'}, 'maternal_education': {'reference': 'No education', 'reference_column': 'maternal_education_No education'}, 'literacy': {'reference': 'Cannot read at all', 'reference_column': 'literacy_Cannot read at all'}, 'wealth_quintile': {'reference': 'Poorest', 'reference_column': 'wealth_quintile_Poorest'}, 'residence': {'reference': 'Rural', 'reference_column': 'residence_Rural'}, 'country_admin_region': {'reference': 'ethiopia::01', 'reference_column': 'country_admin_region_ethiopia::01'}}"
binary_lpm,model4_preferred_lpm,stunted,ethiopia,country_admin_region_ethiopia::13,-0.044,0.045,-0.132,0.044,0.329,5843,787,14,weight_original,cluster_robust_psu,True,"{'child_sex': {'reference': 'Male', 'reference_column': 'child_sex_Male'}, 'maternal_education': {'reference': 'No education', 'reference_column': 'maternal_education_No education'}, 'literacy': {'reference': 'Cannot read at all', 'reference_column': 'literacy_Cannot read at all'}, 'wealth_quintile': {'reference': 'Poorest', 'reference_column': 'wealth_quintile_Poorest'}, 'residence': {'reference': 'Rural', 'reference_column': 'residence_Rural'}, 'country_admin_region': {'reference': 'ethiopia::01', 'reference_column': 'country_admin_region_ethiopia::01'}}"
binary_lpm,model4_preferred_lpm,stunted,ethiopia,country_admin_region_ethiopia::14,-0.145,0.041,-0.225,-0.064,0.0,5843,787,14,weight_original,cluster_robust_psu,True,"{'child_sex': {'reference': 'Male', 'reference_column': 'child_sex_Male'}, 'maternal_education': {'reference': 'No education', 'reference_column': 'maternal_education_No education'}, 'literacy': {'reference': 'Cannot read at all', 'reference_column': 'literacy_Cannot read at all'}, 'wealth_quintile': {'reference': 'Poorest', 'reference_column': 'wealth_quintile_Poorest'}, 'residence': {'reference': 'Rural', 'reference_column': 'residence_Rural'}, 'country_admin_region': {'reference': 'ethiopia::01', 'reference_column': 'country_admin_region_ethiopia::01'}}"
binary_lpm,model4_preferred_lpm,stunted,ethiopia,country_admin_region_ethiopia::15,-0.063,0.045,-0.153,0.026,0.163,5843,787,14,weight_original,cluster_robust_psu,True,"{'child_sex': {'reference': 'Male', 'reference_column': 'child_sex_Male'}, 'maternal_education': {'reference': 'No education', 'reference_column': 'maternal_education_No education'}, 'literacy': {'reference': 'Cannot read at all', 'reference_column': 'literacy_Cannot read at all'}, 'wealth_quintile': {'reference': 'Poorest', 'reference_column': 'wealth_quintile_Poorest'}, 'residence': {'reference': 'Rural', 'reference_column': 'residence_Rural'}, 'country_admin_region': {'reference': 'ethiopia::01', 'reference_column': 'country_admin_region_ethiopia::01'}}"
binary_lpm,model4_preferred_lpm,stunted,ghana,const,0.291,0.061,0.171,0.411,0.0,4405,616,16,weight_original,cluster_robust_psu,True,"{'child_sex': {'reference': 'Male', 'reference_column': 'child_sex_Male'}, 'maternal_education': {'reference': 'No education', 'reference_column': 'maternal_education_No education'}, 'literacy': {'reference': 'Cannot read at all', 'reference_column': 'literacy_Cannot read at all'}, 'wealth_quintile': {'reference': 'Poorest', 'reference_column': 'wealth_quintile_Poorest'}, 'residence': {'reference': 'Rural', 'reference_column': 'residence_Rural'}, 'country_admin_region': {'reference': 'ghana::01', 'reference_column': 'country_admin_region_ghana::01'}}"
binary_lpm,model4_preferred_lpm,stunted,ghana,water_rate_loo,-0.021,0.036,-0.091,0.049,0.555,4405,616,16,weight_original,cluster_robust_psu,True,"{'child_sex': {'reference': 'Male', 'reference_column': 'child_sex_Male'}, 'maternal_education': {'reference': 'No education', 'reference_column': 'maternal_education_No education'}, 'literacy': {'reference': 'Cannot read at all', 'reference_column': 'literacy_Cannot read at all'}, 'wealth_quintile': {'reference': 'Poorest', 'reference_column': 'wealth_quintile_Poorest'}, 'residence': {'reference': 'Rural', 'reference_column': 'residence_Rural'}, 'country_admin_region': {'reference': 'ghana::01', 'reference_column': 'country_admin_region_ghana::01'}}"
binary_lpm,model4_preferred_lpm,stunted,ghana,sanitation_rate_loo_core,0.018,0.041,-0.061,0.098,0.655,4405,616,16,weight_original,cluster_robust_psu,True,"{'child_sex': {'reference': 'Male', 'reference_column': 'child_sex_Male'}, 'maternal_education': {'reference': 'No education', 'reference_column': 'maternal_education_No education'}, 'literacy': {'reference': 'Cannot read at all', 'reference_column': 'literacy_Cannot read at all'}, 'wealth_quintile': {'reference': 'Poorest', 'reference_column': 'wealth_quintile_Poorest'}, 'residence': {'reference': 'Rural', 'reference_column': 'residence_Rural'}, 'country_admin_region': {'reference': 'ghana::01', 'reference_column': 'country_admin_region_ghana::01'}}"
binary_lpm,model4_preferred_lpm,stunted,ghana,b19_raw,0.001,0.0,-0.0,0.001,0.269,4405,616,16,weight_original,cluster_robust_psu,True,"{'child_sex': {'reference': 'Male', 'reference_column': 'child_sex_Male'}, 'maternal_education': {'reference': 'No education', 'reference_column': 'maternal_education_No education'}, 'literacy': {'reference': 'Cannot read at all', 'reference_column': 'literacy_Cannot read at all'}, 'wealth_quintile': {'reference': 'Poorest', 'reference_column': 'wealth_quintile_Poorest'}, 'residence': {'reference': 'Rural', 'reference_column': 'residence_Rural'}, 'country_admin_region': {'reference': 'ghana::01', 'reference_column': 'country_admin_region_ghana::01'}}"
binary_lpm,model4_preferred_lpm,stunted,ghana,birth_order_raw,-0.0,0.007,-0.014,0.013,0.965,4405,616,16,weight_original,cluster_robust_psu,True,"{'child_sex': {'reference': 'Male', 'reference_column': 'child_sex_Male'}, 'maternal_education': {'reference': 'No education', 'reference_column': 'maternal_education_No education'}, 'literacy': {'reference': 'Cannot read at all', 'reference_column': 'literacy_Cannot read at all'}, 'wealth_quintile': {'reference': 'Poorest', 'reference_column': 'wealth_quintile_Poorest'}, 'residence': {'reference': 'Rural', 'reference_column': 'residence_Rural'}, 'country_admin_region': {'reference': 'ghana::01', 'reference_column': 'country_admin_region_ghana::01'}}"
binary_lpm,model4_preferred_lpm,stunted,ghana,maternal_age,-0.003,0.002,-0.006,0.001,0.113,4405,616,16,weight_original,cluster_robust_psu,True,"{'child_sex': {'reference': 'Male', 'reference_column': 'child_sex_Male'}, 'maternal_education': {'reference': 'No education', 'reference_column': 'maternal_education_No education'}, 'literacy': {'reference': 'Cannot read at all', 'reference_column': 'literacy_Cannot read at all'}, 'wealth_quintile': {'reference': 'Poorest', 'reference_column': 'wealth_quintile_Poorest'}, 'residence': {'reference': 'Rural', 'reference_column': 'residence_Rural'}, 'country_admin_region': {'reference': 'ghana::01', 'reference_column': 'country_admin_region_ghana::01'}}"
binary_lpm,model4_preferred_lpm,stunted,ghana,household_size_raw,0.001,0.003,-0.005,0.007,0.782,4405,616,16,weight_original,cluster_robust_psu,True,"{'child_sex': {'reference': 'Male', 'reference_column': 'child_sex_Male'}, 'maternal_education': {'reference': 'No education', 'reference_column': 'maternal_education_No education'}, 'literacy': {'reference': 'Cannot read at all', 'reference_column': 'literacy_Cannot read at all'}, 'wealth_quintile': {'reference': 'Poorest', 'reference_column': 'wealth_quintile_Poorest'}, 'residence': {'reference': 'Rural', 'reference_column': 'residence_Rural'}, 'country_admin_region': {'reference': 'ghana::01', 'reference_column': 'country_admin_region_ghana::01'}}"
binary_lpm,model4_preferred_lpm,stunted,ghana,child_sex_Female,-0.049,0.015,-0.078,-0.021,0.001,4405,616,16,weight_original,cluster_robust_psu,True,"{'child_sex': {'reference': 'Male', 'reference_column': 'child_sex_Male'}, 'maternal_education': {'reference': 'No education', 'reference_column': 'maternal_education_No education'}, 'literacy': {'reference': 'Cannot read at all', 'reference_column': 'literacy_Cannot read at all'}, 'wealth_quintile': {'reference': 'Poorest', 'reference_column': 'wealth_quintile_Poorest'}, 'residence': {'reference': 'Rural', 'reference_column': 'residence_Rural'}, 'country_admin_region': {'reference': 'ghana::01', 'reference_column': 'country_admin_region_ghana::01'}}"
binary_lpm,model4_preferred_lpm,stunted,ghana,maternal_education_Higher,-0.059,0.036,-0.13,0.011,0.1,4405,616,16,weight_original,cluster_robust_psu,True,"{'child_sex': {'reference': 'Male', 'reference_column': 'child_sex_Male'}, 'maternal_education': {'reference': 'No education', 'reference_column': 'maternal_education_No education'}, 'literacy': {'reference': 'Cannot read at all', 'reference_column': 'literacy_Cannot read at all'}, 'wealth_quintile': {'reference': 'Poorest', 'reference_column': 'wealth_quintile_Poorest'}, 'residence': {'reference': 'Rural', 'reference_column': 'residence_Rural'}, 'country_admin_region': {'reference': 'ghana::01', 'reference_column': 'country_admin_region_ghana::01'}}"
binary_lpm,model4_preferred_lpm,stunted,ghana,maternal_education_Primary,-0.026,0.026,-0.077,0.026,0.326,4405,616,16,weight_original,cluster_robust_psu,True,"{'child_sex': {'reference': 'Male', 'reference_column': 'child_sex_Male'}, 'maternal_education': {'reference': 'No education', 'reference_column': 'maternal_education_No education'}, 'literacy': {'reference': 'Cannot read at all', 'reference_column': 'literacy_Cannot read at all'}, 'wealth_quintile': {'reference': 'Poorest', 'reference_column': 'wealth_quintile_Poorest'}, 'residence': {'reference': 'Rural', 'reference_column': 'residence_Rural'}, 'country_admin_region': {'reference': 'ghana::01', 'reference_column': 'country_admin_region_ghana::01'}}"
binary_lpm,model4_preferred_lpm,stunted,ghana,maternal_education_Secondary,-0.016,0.029,-0.073,0.042,0.59,4405,616,16,weight_original,cluster_robust_psu,True,"{'child_sex': {'reference': 'Male', 'reference_column': 'child_sex_Male'}, 'maternal_education': {'reference': 'No education', 'reference_column': 'maternal_education_No education'}, 'literacy': {'reference': 'Cannot read at all', 'reference_column': 'literacy_Cannot read at all'}, 'wealth_quintile': {'reference': 'Poorest', 'reference_column': 'wealth_quintile_Poorest'}, 'residence': {'reference': 'Rural', 'reference_column': 'residence_Rural'}, 'country_admin_region': {'reference': 'ghana::01', 'reference_column': 'country_admin_region_ghana::01'}}"
binary_lpm,model4_preferred_lpm,stunted,ghana,literacy_Able to read only parts of sentence,-0.042,0.031,-0.103,0.02,0.182,4405,616,16,weight_original,cluster_robust_psu,True,"{'child_sex': {'reference': 'Male', 'reference_column': 'child_sex_Male'}, 'maternal_education': {'reference': 'No education', 'reference_column': 'maternal_education_No education'}, 'literacy': {'reference': 'Cannot read at all', 'reference_column': 'literacy_Cannot read at all'}, 'wealth_quintile': {'reference': 'Poorest', 'reference_column': 'wealth_quintile_Poorest'}, 'residence': {'reference': 'Rural', 'reference_column': 'residence_Rural'}, 'country_admin_region': {'reference': 'ghana::01', 'reference_column': 'country_admin_region_ghana::01'}}"
binary_lpm,model4_preferred_lpm,stunted,ghana,literacy_Able to read whole sentence,-0.05,0.027,-0.103,0.003,0.062,4405,616,16,weight_original,cluster_robust_psu,True,"{'child_sex': {'reference': 'Male', 'reference_column': 'child_sex_Male'}, 'maternal_education': {'reference': 'No education', 'reference_column': 'maternal_education_No education'}, 'literacy': {'reference': 'Cannot read at all', 'reference_column': 'literacy_Cannot read at all'}, 'wealth_quintile': {'reference': 'Poorest', 'reference_column': 'wealth_quintile_Poorest'}, 'residence': {'reference': 'Rural', 'reference_column': 'residence_Rural'}, 'country_admin_region': {'reference': 'ghana::01', 'reference_column': 'country_admin_region_ghana::01'}}"
binary_lpm,model4_preferred_lpm,stunted,ghana,literacy_Blind/visually impaired,0.111,0.296,-0.469,0.69,0.708,4405,616,16,weight_original,cluster_robust_psu,True,"{'child_sex': {'reference': 'Male', 'reference_column': 'child_sex_Male'}, 'maternal_education': {'reference': 'No education', 'reference_column': 'maternal_education_No education'}, 'literacy': {'reference': 'Cannot read at all', 'reference_column': 'literacy_Cannot read at all'}, 'wealth_quintile': {'reference': 'Poorest', 'reference_column': 'wealth_quintile_Poorest'}, 'residence': {'reference': 'Rural', 'reference_column': 'residence_Rural'}, 'country_admin_region': {'reference': 'ghana::01', 'reference_column': 'country_admin_region_ghana::01'}}"
binary_lpm,model4_preferred_lpm,stunted,ghana,literacy_No card with required language,-0.156,0.034,-0.222,-0.09,0.0,4405,616,16,weight_original,cluster_robust_psu,True,"{'child_sex': {'reference': 'Male', 'reference_column': 'child_sex_Male'}, 'maternal_education': {'reference': 'No education', 'reference_column': 'maternal_education_No education'}, 'literacy': {'reference': 'Cannot read at all', 'reference_column': 'literacy_Cannot read at all'}, 'wealth_quintile': {'reference': 'Poorest', 'reference_column': 'wealth_quintile_Poorest'}, 'residence': {'reference': 'Rural', 'reference_column': 'residence_Rural'}, 'country_admin_region': {'reference': 'ghana::01', 'reference_column': 'country_admin_region_ghana::01'}}"
binary_lpm,model4_preferred_lpm,stunted,ghana,wealth_quintile_Middle,-0.018,0.031,-0.079,0.042,0.558,4405,616,16,weight_original,cluster_robust_psu,True,"{'child_sex': {'reference': 'Male', 'reference_column': 'child_sex_Male'}, 'maternal_education': {'reference': 'No education', 'reference_column': 'maternal_education_No education'}, 'literacy': {'reference': 'Cannot read at all', 'reference_column': 'literacy_Cannot read at all'}, 'wealth_quintile': {'reference': 'Poorest', 'reference_column': 'wealth_quintile_Poorest'}, 'residence': {'reference': 'Rural', 'reference_column': 'residence_Rural'}, 'country_admin_region': {'reference': 'ghana::01', 'reference_column': 'country_admin_region_ghana::01'}}"
binary_lpm,model4_preferred_lpm,stunted,ghana,wealth_quintile_Poorer,0.017,0.022,-0.026,0.061,0.433,4405,616,16,weight_original,cluster_robust_psu,True,"{'child_sex': {'reference': 'Male', 'reference_column': 'child_sex_Male'}, 'maternal_education': {'reference': 'No education', 'reference_column': 'maternal_education_No education'}, 'literacy': {'reference': 'Cannot read at all', 'reference_column': 'literacy_Cannot read at all'}, 'wealth_quintile': {'reference': 'Poorest', 'reference_column': 'wealth_quintile_Poorest'}, 'residence': {'reference': 'Rural', 'reference_column': 'residence_Rural'}, 'country_admin_region': {'reference': 'ghana::01', 'reference_column': 'country_admin_region_ghana::01'}}"
binary_lpm,model4_preferred_lpm,stunted,ghana,wealth_quintile_Richer,-0.023,0.037,-0.096,0.05,0.537,4405,616,16,weight_original,cluster_robust_psu,True,"{'child_sex': {'reference': 'Male', 'reference_column': 'child_sex_Male'}, 'maternal_education': {'reference': 'No education', 'reference_column': 'maternal_education_No education'}, 'literacy': {'reference': 'Cannot read at all', 'reference_column': 'literacy_Cannot read at all'}, 'wealth_quintile': {'reference': 'Poorest', 'reference_column': 'wealth_quintile_Poorest'}, 'residence': {'reference': 'Rural', 'reference_column': 'residence_Rural'}, 'country_admin_region': {'reference': 'ghana::01', 'reference_column': 'country_admin_region_ghana::01'}}"
binary_lpm,model4_preferred_lpm,stunted,ghana,wealth_quintile_Richest,-0.083,0.037,-0.155,-0.011,0.024,4405,616,16,weight_original,cluster_robust_psu,True,"{'child_sex': {'reference': 'Male', 'reference_column': 'child_sex_Male'}, 'maternal_education': {'reference': 'No education', 'reference_column': 'maternal_education_No education'}, 'literacy': {'reference': 'Cannot read at all', 'reference_column': 'literacy_Cannot read at all'}, 'wealth_quintile': {'reference': 'Poorest', 'reference_column': 'wealth_quintile_Poorest'}, 'residence': {'reference': 'Rural', 'reference_column': 'residence_Rural'}, 'country_admin_region': {'reference': 'ghana::01', 'reference_column': 'country_admin_region_ghana::01'}}"
binary_lpm,model4_preferred_lpm,stunted,ghana,residence_Urban,0.011,0.021,-0.03,0.052,0.598,4405,616,16,weight_original,cluster_robust_psu,True,"{'child_sex': {'reference': 'Male', 'reference_column': 'child_sex_Male'}, 'maternal_education': {'reference': 'No education', 'reference_column': 'maternal_education_No education'}, 'literacy': {'reference': 'Cannot read at all', 'reference_column': 'literacy_Cannot read at all'}, 'wealth_quintile': {'reference': 'Poorest', 'reference_column': 'wealth_quintile_Poorest'}, 'residence': {'reference': 'Rural', 'reference_column': 'residence_Rural'}, 'country_admin_region': {'reference': 'ghana::01', 'reference_column': 'country_admin_region_ghana::01'}}"
binary_lpm,model4_preferred_lpm,stunted,ghana,country_admin_region_ghana::02,0.032,0.038,-0.042,0.106,0.4,4405,616,16,weight_original,cluster_robust_psu,True,"{'child_sex': {'reference': 'Male', 'reference_column': 'child_sex_Male'}, 'maternal_education': {'reference': 'No education', 'reference_column': 'maternal_education_No education'}, 'literacy': {'reference': 'Cannot read at all', 'reference_column': 'literacy_Cannot read at all'}, 'wealth_quintile': {'reference': 'Poorest', 'reference_column': 'wealth_quintile_Poorest'}, 'residence': {'reference': 'Rural', 'reference_column': 'residence_Rural'}, 'country_admin_region': {'reference': 'ghana::01', 'reference_column': 'country_admin_region_ghana::01'}}"
binary_lpm,model4_preferred_lpm,stunted,ghana,country_admin_region_ghana::03,0.028,0.036,-0.042,0.099,0.434,4405,616,16,weight_original,cluster_robust_psu,True,"{'child_sex': {'reference': 'Male', 'reference_column': 'child_sex_Male'}, 'maternal_education': {'reference': 'No education', 'reference_column': 'maternal_education_No education'}, 'literacy': {'reference': 'Cannot read at all', 'reference_column': 'literacy_Cannot read at all'}, 'wealth_quintile': {'reference': 'Poorest', 'reference_column': 'wealth_quintile_Poorest'}, 'residence': {'reference': 'Rural', 'reference_column': 'residence_Rural'}, 'country_admin_region': {'reference': 'ghana::01', 'reference_column': 'country_admin_region_ghana::01'}}"
binary_lpm,model4_preferred_lpm,stunted,ghana,country_admin_region_ghana::04,0.034,0.035,-0.035,0.102,0.339,4405,616,16,weight_original,cluster_robust_psu,True,"{'child_sex': {'reference': 'Male', 'reference_column': 'child_sex_Male'}, 'maternal_education': {'reference': 'No education', 'reference_column': 'maternal_education_No education'}, 'literacy': {'reference': 'Cannot read at all', 'reference_column': 'literacy_Cannot read at all'}, 'wealth_quintile': {'reference': 'Poorest', 'reference_column': 'wealth_quintile_Poorest'}, 'residence': {'reference': 'Rural', 'reference_column': 'residence_Rural'}, 'country_admin_region': {'reference': 'ghana::01', 'reference_column': 'country_admin_region_ghana::01'}}"
binary_lpm,model4_preferred_lpm,stunted,ghana,country_admin_region_ghana::05,0.0,0.031,-0.06,0.061,0.994,4405,616,16,weight_original,cluster_robust_psu,True,"{'child_sex': {'reference': 'Male', 'reference_column': 'child_sex_Male'}, 'maternal_education': {'reference': 'No education', 'reference_column': 'maternal_education_No education'}, 'literacy': {'reference': 'Cannot read at all', 'reference_column': 'literacy_Cannot read at all'}, 'wealth_quintile': {'reference': 'Poorest', 'reference_column': 'wealth_quintile_Poorest'}, 'residence': {'reference': 'Rural', 'reference_column': 'residence_Rural'}, 'country_admin_region': {'reference': 'ghana::01', 'reference_column': 'country_admin_region_ghana::01'}}"
binary_lpm,model4_preferred_lpm,stunted,ghana,country_admin_region_ghana::06,0.042,0.036,-0.029,0.113,0.248,4405,616,16,weight_original,cluster_robust_psu,True,"{'child_sex': {'reference': 'Male', 'reference_column': 'child_sex_Male'}, 'maternal_education': {'reference': 'No education', 'reference_column': 'maternal_education_No education'}, 'literacy': {'reference': 'Cannot read at all', 'reference_column': 'literacy_Cannot read at all'}, 'wealth_quintile': {'reference': 'Poorest', 'reference_column': 'wealth_quintile_Poorest'}, 'residence': {'reference': 'Rural', 'reference_column': 'residence_Rural'}, 'country_admin_region': {'reference': 'ghana::01', 'reference_column': 'country_admin_region_ghana::01'}}"
binary_lpm,model4_preferred_lpm,stunted,ghana,country_admin_region_ghana::07,-0.036,0.036,-0.107,0.034,0.314,4405,616,16,weight_original,cluster_robust_psu,True,"{'child_sex': {'reference': 'Male', 'reference_column': 'child_sex_Male'}, 'maternal_education': {'reference': 'No education', 'reference_column': 'maternal_education_No education'}, 'literacy': {'reference': 'Cannot read at all', 'reference_column': 'literacy_Cannot read at all'}, 'wealth_quintile': {'reference': 'Poorest', 'reference_column': 'wealth_quintile_Poorest'}, 'residence': {'reference': 'Rural', 'reference_column': 'residence_Rural'}, 'country_admin_region': {'reference': 'ghana::01', 'reference_column': 'country_admin_region_ghana::01'}}"
binary_lpm,model4_preferred_lpm,stunted,ghana,country_admin_region_ghana::08,0.014,0.034,-0.052,0.08,0.678,4405,616,16,weight_original,cluster_robust_psu,True,"{'child_sex': {'reference': 'Male', 'reference_column': 'child_sex_Male'}, 'maternal_education': {'reference': 'No education', 'reference_column': 'maternal_education_No education'}, 'literacy': {'reference': 'Cannot read at all', 'reference_column': 'literacy_Cannot read at all'}, 'wealth_quintile': {'reference': 'Poorest', 'reference_column': 'wealth_quintile_Poorest'}, 'residence': {'reference': 'Rural', 'reference_column': 'residence_Rural'}, 'country_admin_region': {'reference': 'ghana::01', 'reference_column': 'country_admin_region_ghana::01'}}"
binary_lpm,model4_preferred_lpm,stunted,ghana,country_admin_region_ghana::09,0.035,0.042,-0.047,0.117,0.399,4405,616,16,weight_original,cluster_robust_psu,True,"{'child_sex': {'reference': 'Male', 'reference_column': 'child_sex_Male'}, 'maternal_education': {'reference': 'No education', 'reference_column': 'maternal_education_No education'}, 'literacy': {'reference': 'Cannot read at all', 'reference_column': 'literacy_Cannot read at all'}, 'wealth_quintile': {'reference': 'Poorest', 'reference_column': 'wealth_quintile_Poorest'}, 'residence': {'reference': 'Rural', 'reference_column': 'residence_Rural'}, 'country_admin_region': {'reference': 'ghana::01', 'reference_column': 'country_admin_region_ghana::01'}}"
binary_lpm,model4_preferred_lpm,stunted,ghana,country_admin_region_ghana::10,-0.016,0.034,-0.083,0.05,0.629,4405,616,16,weight_original,cluster_robust_psu,True,"{'child_sex': {'reference': 'Male', 'reference_column': 'child_sex_Male'}, 'maternal_education': {'reference': 'No education', 'reference_column': 'maternal_education_No education'}, 'literacy': {'reference': 'Cannot read at all', 'reference_column': 'literacy_Cannot read at all'}, 'wealth_quintile': {'reference': 'Poorest', 'reference_column': 'wealth_quintile_Poorest'}, 'residence': {'reference': 'Rural', 'reference_column': 'residence_Rural'}, 'country_admin_region': {'reference': 'ghana::01', 'reference_column': 'country_admin_region_ghana::01'}}"
binary_lpm,model4_preferred_lpm,stunted,ghana,country_admin_region_ghana::11,0.029,0.041,-0.051,0.109,0.473,4405,616,16,weight_original,cluster_robust_psu,True,"{'child_sex': {'reference': 'Male', 'reference_column': 'child_sex_Male'}, 'maternal_education': {'reference': 'No education', 'reference_column': 'maternal_education_No education'}, 'literacy': {'reference': 'Cannot read at all', 'reference_column': 'literacy_Cannot read at all'}, 'wealth_quintile': {'reference': 'Poorest', 'reference_column': 'wealth_quintile_Poorest'}, 'residence': {'reference': 'Rural', 'reference_column': 'residence_Rural'}, 'country_admin_region': {'reference': 'ghana::01', 'reference_column': 'country_admin_region_ghana::01'}}"
binary_lpm,model4_preferred_lpm,stunted,ghana,country_admin_region_ghana::12,0.117,0.039,0.041,0.193,0.003,4405,616,16,weight_original,cluster_robust_psu,True,"{'child_sex': {'reference': 'Male', 'reference_column': 'child_sex_Male'}, 'maternal_education': {'reference': 'No education', 'reference_column': 'maternal_education_No education'}, 'literacy': {'reference': 'Cannot read at all', 'reference_column': 'literacy_Cannot read at all'}, 'wealth_quintile': {'reference': 'Poorest', 'reference_column': 'wealth_quintile_Poorest'}, 'residence': {'reference': 'Rural', 'reference_column': 'residence_Rural'}, 'country_admin_region': {'reference': 'ghana::01', 'reference_column': 'country_admin_region_ghana::01'}}"
binary_lpm,model4_preferred_lpm,stunted,ghana,country_admin_region_ghana::13,0.037,0.038,-0.037,0.112,0.328,4405,616,16,weight_original,cluster_robust_psu,True,"{'child_sex': {'reference': 'Male', 'reference_column': 'child_sex_Male'}, 'maternal_education': {'reference': 'No education', 'reference_column': 'maternal_education_No education'}, 'literacy': {'reference': 'Cannot read at all', 'reference_column': 'literacy_Cannot read at all'}, 'wealth_quintile': {'reference': 'Poorest', 'reference_column': 'wealth_quintile_Poorest'}, 'residence': {'reference': 'Rural', 'reference_column': 'residence_Rural'}, 'country_admin_region': {'reference': 'ghana::01', 'reference_column': 'country_admin_region_ghana::01'}}"
binary_lpm,model4_preferred_lpm,stunted,ghana,country_admin_region_ghana::14,0.095,0.042,0.012,0.178,0.026,4405,616,16,weight_original,cluster_robust_psu,True,"{'child_sex': {'reference': 'Male', 'reference_column': 'child_sex_Male'}, 'maternal_education': {'reference': 'No education', 'reference_column': 'maternal_education_No education'}, 'literacy': {'reference': 'Cannot read at all', 'reference_column': 'literacy_Cannot read at all'}, 'wealth_quintile': {'reference': 'Poorest', 'reference_column': 'wealth_quintile_Poorest'}, 'residence': {'reference': 'Rural', 'reference_column': 'residence_Rural'}, 'country_admin_region': {'reference': 'ghana::01', 'reference_column': 'country_admin_region_ghana::01'}}"
binary_lpm,model4_preferred_lpm,stunted,ghana,country_admin_region_ghana::15,0.075,0.04,-0.003,0.154,0.06,4405,616,16,weight_original,cluster_robust_psu,True,"{'child_sex': {'reference': 'Male', 'reference_column': 'child_sex_Male'}, 'maternal_education': {'reference': 'No education', 'reference_column': 'maternal_education_No education'}, 'literacy': {'reference': 'Cannot read at all', 'reference_column': 'literacy_Cannot read at all'}, 'wealth_quintile': {'reference': 'Poorest', 'reference_column': 'wealth_quintile_Poorest'}, 'residence': {'reference': 'Rural', 'reference_column': 'residence_Rural'}, 'country_admin_region': {'reference': 'ghana::01', 'reference_column': 'country_admin_region_ghana::01'}}"
binary_lpm,model4_preferred_lpm,stunted,ghana,country_admin_region_ghana::16,0.017,0.039,-0.058,0.093,0.651,4405,616,16,weight_original,cluster_robust_psu,True,"{'child_sex': {'reference': 'Male', 'reference_column': 'child_sex_Male'}, 'maternal_education': {'reference': 'No education', 'reference_column': 'maternal_education_No education'}, 'literacy': {'reference': 'Cannot read at all', 'reference_column': 'literacy_Cannot read at all'}, 'wealth_quintile': {'reference': 'Poorest', 'reference_column': 'wealth_quintile_Poorest'}, 'residence': {'reference': 'Rural', 'reference_column': 'residence_Rural'}, 'country_admin_region': {'reference': 'ghana::01', 'reference_column': 'country_admin_region_ghana::01'}}"
binary_lpm,model4_preferred_lpm,stunted,kenya,const,0.373,0.036,0.303,0.443,0.0,17327,1688,47,weight_original,cluster_robust_psu,True,"{'child_sex': {'reference': 'Male', 'reference_column': 'child_sex_Male'}, 'maternal_education': {'reference': 'No education', 'reference_column': 'maternal_education_No education'}, 'literacy': {'reference': 'Cannot read at all', 'reference_column': 'literacy_Cannot read at all'}, 'wealth_quintile': {'reference': 'Poorest', 'reference_column': 'wealth_quintile_Poorest'}, 'residence': {'reference': 'Rural', 'reference_column': 'residence_Rural'}, 'country_admin_region': {'reference': 'kenya::01', 'reference_column': 'country_admin_region_kenya::01'}}"
binary_lpm,model4_preferred_lpm,stunted,kenya,water_rate_loo,-0.03,0.018,-0.064,0.005,0.092,17327,1688,47,weight_original,cluster_robust_psu,True,"{'child_sex': {'reference': 'Male', 'reference_column': 'child_sex_Male'}, 'maternal_education': {'reference': 'No education', 'reference_column': 'maternal_education_No education'}, 'literacy': {'reference': 'Cannot read at all', 'reference_column': 'literacy_Cannot read at all'}, 'wealth_quintile': {'reference': 'Poorest', 'reference_column': 'wealth_quintile_Poorest'}, 'residence': {'reference': 'Rural', 'reference_column': 'residence_Rural'}, 'country_admin_region': {'reference': 'kenya::01', 'reference_column': 'country_admin_region_kenya::01'}}"
binary_lpm,model4_preferred_lpm,stunted,kenya,sanitation_rate_loo_core,0.005,0.021,-0.037,0.047,0.802,17327,1688,47,weight_original,cluster_robust_psu,True,"{'child_sex': {'reference': 'Male', 'reference_column': 'child_sex_Male'}, 'maternal_education': {'reference': 'No education', 'reference_column': 'maternal_education_No education'}, 'literacy': {'reference': 'Cannot read at all', 'reference_column': 'literacy_Cannot read at all'}, 'wealth_quintile': {'reference': 'Poorest', 'reference_column': 'wealth_quintile_Poorest'}, 'residence': {'reference': 'Rural', 'reference_column': 'residence_Rural'}, 'country_admin_region': {'reference': 'kenya::01', 'reference_column': 'country_admin_region_kenya::01'}}"
binary_lpm,model4_preferred_lpm,stunted,kenya,b19_raw,-0.0,0.0,-0.0,0.0,0.861,17327,1688,47,weight_original,cluster_robust_psu,True,"{'child_sex': {'reference': 'Male', 'reference_column': 'child_sex_Male'}, 'maternal_education': {'reference': 'No education', 'reference_column': 'maternal_education_No education'}, 'literacy': {'reference': 'Cannot read at all', 'reference_column': 'literacy_Cannot read at all'}, 'wealth_quintile': {'reference': 'Poorest', 'reference_column': 'wealth_quintile_Poorest'}, 'residence': {'reference': 'Rural', 'reference_column': 'residence_Rural'}, 'country_admin_region': {'reference': 'kenya::01', 'reference_column': 'country_admin_region_kenya::01'}}"
binary_lpm,model4_preferred_lpm,stunted,kenya,birth_order_raw,0.016,0.003,0.01,0.023,0.0,17327,1688,47,weight_original,cluster_robust_psu,True,"{'child_sex': {'reference': 'Male', 'reference_column': 'child_sex_Male'}, 'maternal_education': {'reference': 'No education', 'reference_column': 'maternal_education_No education'}, 'literacy': {'reference': 'Cannot read at all', 'reference_column': 'literacy_Cannot read at all'}, 'wealth_quintile': {'reference': 'Poorest', 'reference_column': 'wealth_quintile_Poorest'}, 'residence': {'reference': 'Rural', 'reference_column': 'residence_Rural'}, 'country_admin_region': {'reference': 'kenya::01', 'reference_column': 'country_admin_region_kenya::01'}}"
binary_lpm,model4_preferred_lpm,stunted,kenya,maternal_age,-0.006,0.001,-0.008,-0.004,0.0,17327,1688,47,weight_original,cluster_robust_psu,True,"{'child_sex': {'reference': 'Male', 'reference_column': 'child_sex_Male'}, 'maternal_education': {'reference': 'No education', 'reference_column': 'maternal_education_No education'}, 'literacy': {'reference': 'Cannot read at all', 'reference_column': 'literacy_Cannot read at all'}, 'wealth_quintile': {'reference': 'Poorest', 'reference_column': 'wealth_quintile_Poorest'}, 'residence': {'reference': 'Rural', 'reference_column': 'residence_Rural'}, 'country_admin_region': {'reference': 'kenya::01', 'reference_column': 'country_admin_region_kenya::01'}}"
binary_lpm,model4_preferred_lpm,stunted,kenya,household_size_raw,0.005,0.002,0.001,0.009,0.009,17327,1688,47,weight_original,cluster_robust_psu,True,"{'child_sex': {'reference': 'Male', 'reference_column': 'child_sex_Male'}, 'maternal_education': {'reference': 'No education', 'reference_column': 'maternal_education_No education'}, 'literacy': {'reference': 'Cannot read at all', 'reference_column': 'literacy_Cannot read at all'}, 'wealth_quintile': {'reference': 'Poorest', 'reference_column': 'wealth_quintile_Poorest'}, 'residence': {'reference': 'Rural', 'reference_column': 'residence_Rural'}, 'country_admin_region': {'reference': 'kenya::01', 'reference_column': 'country_admin_region_kenya::01'}}"
binary_lpm,model4_preferred_lpm,stunted,kenya,child_sex_Female,-0.046,0.007,-0.061,-0.032,0.0,17327,1688,47,weight_original,cluster_robust_psu,True,"{'child_sex': {'reference': 'Male', 'reference_column': 'child_sex_Male'}, 'maternal_education': {'reference': 'No education', 'reference_column': 'maternal_education_No education'}, 'literacy': {'reference': 'Cannot read at all', 'reference_column': 'literacy_Cannot read at all'}, 'wealth_quintile': {'reference': 'Poorest', 'reference_column': 'wealth_quintile_Poorest'}, 'residence': {'reference': 'Rural', 'reference_column': 'residence_Rural'}, 'country_admin_region': {'reference': 'kenya::01', 'reference_column': 'country_admin_region_kenya::01'}}"
binary_lpm,model4_preferred_lpm,stunted,kenya,maternal_education_Higher,0.04,0.027,-0.014,0.094,0.143,17327,1688,47,weight_original,cluster_robust_psu,True,"{'child_sex': {'reference': 'Male', 'reference_column': 'child_sex_Male'}, 'maternal_education': {'reference': 'No education', 'reference_column': 'maternal_education_No education'}, 'literacy': {'reference': 'Cannot read at all', 'reference_column': 'literacy_Cannot read at all'}, 'wealth_quintile': {'reference': 'Poorest', 'reference_column': 'wealth_quintile_Poorest'}, 'residence': {'reference': 'Rural', 'reference_column': 'residence_Rural'}, 'country_admin_region': {'reference': 'kenya::01', 'reference_column': 'country_admin_region_kenya::01'}}"
binary_lpm,model4_preferred_lpm,stunted,kenya,maternal_education_Primary,0.079,0.023,0.035,0.123,0.0,17327,1688,47,weight_original,cluster_robust_psu,True,"{'child_sex': {'reference': 'Male', 'reference_column': 'child_sex_Male'}, 'maternal_education': {'reference': 'No education', 'reference_column': 'maternal_education_No education'}, 'literacy': {'reference': 'Cannot read at all', 'reference_column': 'literacy_Cannot read at all'}, 'wealth_quintile': {'reference': 'Poorest', 'reference_column': 'wealth_quintile_Poorest'}, 'residence': {'reference': 'Rural', 'reference_column': 'residence_Rural'}, 'country_admin_region': {'reference': 'kenya::01', 'reference_column': 'country_admin_region_kenya::01'}}"
binary_lpm,model4_preferred_lpm,stunted,kenya,maternal_education_Secondary,0.059,0.025,0.009,0.108,0.021,17327,1688,47,weight_original,cluster_robust_psu,True,"{'child_sex': {'reference': 'Male', 'reference_column': 'child_sex_Male'}, 'maternal_education': {'reference': 'No education', 'reference_column': 'maternal_education_No education'}, 'literacy': {'reference': 'Cannot read at all', 'reference_column': 'literacy_Cannot read at all'}, 'wealth_quintile': {'reference': 'Poorest', 'reference_column': 'wealth_quintile_Poorest'}, 'residence': {'reference': 'Rural', 'reference_column': 'residence_Rural'}, 'country_admin_region': {'reference': 'kenya::01', 'reference_column': 'country_admin_region_kenya::01'}}"
binary_lpm,model4_preferred_lpm,stunted,kenya,literacy_Able to read only parts of sentence,-0.052,0.023,-0.096,-0.008,0.021,17327,1688,47,weight_original,cluster_robust_psu,True,"{'child_sex': {'reference': 'Male', 'reference_column': 'child_sex_Male'}, 'maternal_education': {'reference': 'No education', 'reference_column': 'maternal_education_No education'}, 'literacy': {'reference': 'Cannot read at all', 'reference_column': 'literacy_Cannot read at all'}, 'wealth_quintile': {'reference': 'Poorest', 'reference_column': 'wealth_quintile_Poorest'}, 'residence': {'reference': 'Rural', 'reference_column': 'residence_Rural'}, 'country_admin_region': {'reference': 'kenya::01', 'reference_column': 'country_admin_region_kenya::01'}}"
binary_lpm,model4_preferred_lpm,stunted,kenya,literacy_Able to read whole sentence,-0.055,0.021,-0.096,-0.014,0.009,17327,1688,47,weight_original,cluster_robust_psu,True,"{'child_sex': {'reference': 'Male', 'reference_column': 'child_sex_Male'}, 'maternal_education': {'reference': 'No education', 'reference_column': 'maternal_education_No education'}, 'literacy': {'reference': 'Cannot read at all', 'reference_column': 'literacy_Cannot read at all'}, 'wealth_quintile': {'reference': 'Poorest', 'reference_column': 'wealth_quintile_Poorest'}, 'residence': {'reference': 'Rural', 'reference_column': 'residence_Rural'}, 'country_admin_region': {'reference': 'kenya::01', 'reference_column': 'country_admin_region_kenya::01'}}"
binary_lpm,model4_preferred_lpm,stunted,kenya,literacy_Blind/visually impaired,-0.178,0.058,-0.292,-0.064,0.002,17327,1688,47,weight_original,cluster_robust_psu,True,"{'child_sex': {'reference': 'Male', 'reference_column': 'child_sex_Male'}, 'maternal_education': {'reference': 'No education', 'reference_column': 'maternal_education_No education'}, 'literacy': {'reference': 'Cannot read at all', 'reference_column': 'literacy_Cannot read at all'}, 'wealth_quintile': {'reference': 'Poorest', 'reference_column': 'wealth_quintile_Poorest'}, 'residence': {'reference': 'Rural', 'reference_column': 'residence_Rural'}, 'country_admin_region': {'reference': 'kenya::01', 'reference_column': 'country_admin_region_kenya::01'}}"
binary_lpm,model4_preferred_lpm,stunted,kenya,literacy_No card with required language,-0.209,0.028,-0.264,-0.154,0.0,17327,1688,47,weight_original,cluster_robust_psu,True,"{'child_sex': {'reference': 'Male', 'reference_column': 'child_sex_Male'}, 'maternal_education': {'reference': 'No education', 'reference_column': 'maternal_education_No education'}, 'literacy': {'reference': 'Cannot read at all', 'reference_column': 'literacy_Cannot read at all'}, 'wealth_quintile': {'reference': 'Poorest', 'reference_column': 'wealth_quintile_Poorest'}, 'residence': {'reference': 'Rural', 'reference_column': 'residence_Rural'}, 'country_admin_region': {'reference': 'kenya::01', 'reference_column': 'country_admin_region_kenya::01'}}"
binary_lpm,model4_preferred_lpm,stunted,kenya,wealth_quintile_Middle,-0.082,0.014,-0.111,-0.054,0.0,17327,1688,47,weight_original,cluster_robust_psu,True,"{'child_sex': {'reference': 'Male', 'reference_column': 'child_sex_Male'}, 'maternal_education': {'reference': 'No education', 'reference_column': 'maternal_education_No education'}, 'literacy': {'reference': 'Cannot read at all', 'reference_column': 'literacy_Cannot read at all'}, 'wealth_quintile': {'reference': 'Poorest', 'reference_column': 'wealth_quintile_Poorest'}, 'residence': {'reference': 'Rural', 'reference_column': 'residence_Rural'}, 'country_admin_region': {'reference': 'kenya::01', 'reference_column': 'country_admin_region_kenya::01'}}"
binary_lpm,model4_preferred_lpm,stunted,kenya,wealth_quintile_Poorer,-0.038,0.014,-0.065,-0.012,0.005,17327,1688,47,weight_original,cluster_robust_psu,True,"{'child_sex': {'reference': 'Male', 'reference_column': 'child_sex_Male'}, 'maternal_education': {'reference': 'No education', 'reference_column': 'maternal_education_No education'}, 'literacy': {'reference': 'Cannot read at all', 'reference_column': 'literacy_Cannot read at all'}, 'wealth_quintile': {'reference': 'Poorest', 'reference_column': 'wealth_quintile_Poorest'}, 'residence': {'reference': 'Rural', 'reference_column': 'residence_Rural'}, 'country_admin_region': {'reference': 'kenya::01', 'reference_column': 'country_admin_region_kenya::01'}}"
binary_lpm,model4_preferred_lpm,stunted,kenya,wealth_quintile_Richer,-0.128,0.016,-0.159,-0.096,0.0,17327,1688,47,weight_original,cluster_robust_psu,True,"{'child_sex': {'reference': 'Male', 'reference_column': 'child_sex_Male'}, 'maternal_education': {'reference': 'No education', 'reference_column': 'maternal_education_No education'}, 'literacy': {'reference': 'Cannot read at all', 'reference_column': 'literacy_Cannot read at all'}, 'wealth_quintile': {'reference': 'Poorest', 'reference_column': 'wealth_quintile_Poorest'}, 'residence': {'reference': 'Rural', 'reference_column': 'residence_Rural'}, 'country_admin_region': {'reference': 'kenya::01', 'reference_column': 'country_admin_region_kenya::01'}}"
binary_lpm,model4_preferred_lpm,stunted,kenya,wealth_quintile_Richest,-0.148,0.022,-0.191,-0.106,0.0,17327,1688,47,weight_original,cluster_robust_psu,True,"{'child_sex': {'reference': 'Male', 'reference_column': 'child_sex_Male'}, 'maternal_education': {'reference': 'No education', 'reference_column': 'maternal_education_No education'}, 'literacy': {'reference': 'Cannot read at all', 'reference_column': 'literacy_Cannot read at all'}, 'wealth_quintile': {'reference': 'Poorest', 'reference_column': 'wealth_quintile_Poorest'}, 'residence': {'reference': 'Rural', 'reference_column': 'residence_Rural'}, 'country_admin_region': {'reference': 'kenya::01', 'reference_column': 'country_admin_region_kenya::01'}}"
binary_lpm,model4_preferred_lpm,stunted,kenya,residence_Urban,0.024,0.013,-0.001,0.049,0.056,17327,1688,47,weight_original,cluster_robust_psu,True,"{'child_sex': {'reference': 'Male', 'reference_column': 'child_sex_Male'}, 'maternal_education': {'reference': 'No education', 'reference_column': 'maternal_education_No education'}, 'literacy': {'reference': 'Cannot read at all', 'reference_column': 'literacy_Cannot read at all'}, 'wealth_quintile': {'reference': 'Poorest', 'reference_column': 'wealth_quintile_Poorest'}, 'residence': {'reference': 'Rural', 'reference_column': 'residence_Rural'}, 'country_admin_region': {'reference': 'kenya::01', 'reference_column': 'country_admin_region_kenya::01'}}"
binary_lpm,model4_preferred_lpm,stunted,kenya,country_admin_region_kenya::02,-0.011,0.035,-0.079,0.058,0.761,17327,1688,47,weight_original,cluster_robust_psu,True,"{'child_sex': {'reference': 'Male', 'reference_column': 'child_sex_Male'}, 'maternal_education': {'reference': 'No education', 'reference_column': 'maternal_education_No education'}, 'literacy': {'reference': 'Cannot read at all', 'reference_column': 'literacy_Cannot read at all'}, 'wealth_quintile': {'reference': 'Poorest', 'reference_column': 'wealth_quintile_Poorest'}, 'residence': {'reference': 'Rural', 'reference_column': 'residence_Rural'}, 'country_admin_region': {'reference': 'kenya::01', 'reference_column': 'country_admin_region_kenya::01'}}"
binary_lpm,model4_preferred_lpm,stunted,kenya,country_admin_region_kenya::03,0.137,0.033,0.072,0.203,0.0,17327,1688,47,weight_original,cluster_robust_psu,True,"{'child_sex': {'reference': 'Male', 'reference_column': 'child_sex_Male'}, 'maternal_education': {'reference': 'No education', 'reference_column': 'maternal_education_No education'}, 'literacy': {'reference': 'Cannot read at all', 'reference_column': 'literacy_Cannot read at all'}, 'wealth_quintile': {'reference': 'Poorest', 'reference_column': 'wealth_quintile_Poorest'}, 'residence': {'reference': 'Rural', 'reference_column': 'residence_Rural'}, 'country_admin_region': {'reference': 'kenya::01', 'reference_column': 'country_admin_region_kenya::01'}}"
binary_lpm,model4_preferred_lpm,stunted,kenya,country_admin_region_kenya::04,-0.055,0.03,-0.114,0.003,0.065,17327,1688,47,weight_original,cluster_robust_psu,True,"{'child_sex': {'reference': 'Male', 'reference_column': 'child_sex_Male'}, 'maternal_education': {'reference': 'No education', 'reference_column': 'maternal_education_No education'}, 'literacy': {'reference': 'Cannot read at all', 'reference_column': 'literacy_Cannot read at all'}, 'wealth_quintile': {'reference': 'Poorest', 'reference_column': 'wealth_quintile_Poorest'}, 'residence': {'reference': 'Rural', 'reference_column': 'residence_Rural'}, 'country_admin_region': {'reference': 'kenya::01', 'reference_column': 'country_admin_region_kenya::01'}}"
binary_lpm,model4_preferred_lpm,stunted,kenya,country_admin_region_kenya::05,-0.05,0.029,-0.106,0.007,0.085,17327,1688,47,weight_original,cluster_robust_psu,True,"{'child_sex': {'reference': 'Male', 'reference_column': 'child_sex_Male'}, 'maternal_education': {'reference': 'No education', 'reference_column': 'maternal_education_No education'}, 'literacy': {'reference': 'Cannot read at all', 'reference_column': 'literacy_Cannot read at all'}, 'wealth_quintile': {'reference': 'Poorest', 'reference_column': 'wealth_quintile_Poorest'}, 'residence': {'reference': 'Rural', 'reference_column': 'residence_Rural'}, 'country_admin_region': {'reference': 'kenya::01', 'reference_column': 'country_admin_region_kenya::01'}}"
binary_lpm,model4_preferred_lpm,stunted,kenya,country_admin_region_kenya::06,-0.001,0.03,-0.06,0.059,0.982,17327,1688,47,weight_original,cluster_robust_psu,True,"{'child_sex': {'reference': 'Male', 'reference_column': 'child_sex_Male'}, 'maternal_education': {'reference': 'No education', 'reference_column': 'maternal_education_No education'}, 'literacy': {'reference': 'Cannot read at all', 'reference_column': 'literacy_Cannot read at all'}, 'wealth_quintile': {'reference': 'Poorest', 'reference_column': 'wealth_quintile_Poorest'}, 'residence': {'reference': 'Rural', 'reference_column': 'residence_Rural'}, 'country_admin_region': {'reference': 'kenya::01', 'reference_column': 'country_admin_region_kenya::01'}}"
binary_lpm,model4_preferred_lpm,stunted,kenya,country_admin_region_kenya::07,-0.111,0.027,-0.163,-0.058,0.0,17327,1688,47,weight_original,cluster_robust_psu,True,"{'child_sex': {'reference': 'Male', 'reference_column': 'child_sex_Male'}, 'maternal_education': {'reference': 'No education', 'reference_column': 'maternal_education_No education'}, 'literacy': {'reference': 'Cannot read at all', 'reference_column': 'literacy_Cannot read at all'}, 'wealth_quintile': {'reference': 'Poorest', 'reference_column': 'wealth_quintile_Poorest'}, 'residence': {'reference': 'Rural', 'reference_column': 'residence_Rural'}, 'country_admin_region': {'reference': 'kenya::01', 'reference_column': 'country_admin_region_kenya::01'}}"
binary_lpm,model4_preferred_lpm,stunted,kenya,country_admin_region_kenya::08,-0.136,0.026,-0.188,-0.085,0.0,17327,1688,47,weight_original,cluster_robust_psu,True,"{'child_sex': {'reference': 'Male', 'reference_column': 'child_sex_Male'}, 'maternal_education': {'reference': 'No education', 'reference_column': 'maternal_education_No education'}, 'literacy': {'reference': 'Cannot read at all', 'reference_column': 'literacy_Cannot read at all'}, 'wealth_quintile': {'reference': 'Poorest', 'reference_column': 'wealth_quintile_Poorest'}, 'residence': {'reference': 'Rural', 'reference_column': 'residence_Rural'}, 'country_admin_region': {'reference': 'kenya::01', 'reference_column': 'country_admin_region_kenya::01'}}"
binary_lpm,model4_preferred_lpm,stunted,kenya,country_admin_region_kenya::09,-0.066,0.028,-0.12,-0.012,0.017,17327,1688,47,weight_original,cluster_robust_psu,True,"{'child_sex': {'reference': 'Male', 'reference_column': 'child_sex_Male'}, 'maternal_education': {'reference': 'No education', 'reference_column': 'maternal_education_No education'}, 'literacy': {'reference': 'Cannot read at all', 'reference_column': 'literacy_Cannot read at all'}, 'wealth_quintile': {'reference': 'Poorest', 'reference_column': 'wealth_quintile_Poorest'}, 'residence': {'reference': 'Rural', 'reference_column': 'residence_Rural'}, 'country_admin_region': {'reference': 'kenya::01', 'reference_column': 'country_admin_region_kenya::01'}}"
binary_lpm,model4_preferred_lpm,stunted,kenya,country_admin_region_kenya::10,-0.025,0.034,-0.093,0.042,0.463,17327,1688,47,weight_original,cluster_robust_psu,True,"{'child_sex': {'reference': 'Male', 'reference_column': 'child_sex_Male'}, 'maternal_education': {'reference': 'No education', 'reference_column': 'maternal_education_No education'}, 'literacy': {'reference': 'Cannot read at all', 'reference_column': 'literacy_Cannot read at all'}, 'wealth_quintile': {'reference': 'Poorest', 'reference_column': 'wealth_quintile_Poorest'}, 'residence': {'reference': 'Rural', 'reference_column': 'residence_Rural'}, 'country_admin_region': {'reference': 'kenya::01', 'reference_column': 'country_admin_region_kenya::01'}}"
binary_lpm,model4_preferred_lpm,stunted,kenya,country_admin_region_kenya::11,-0.069,0.031,-0.13,-0.009,0.025,17327,1688,47,weight_original,cluster_robust_psu,True,"{'child_sex': {'reference': 'Male', 'reference_column': 'child_sex_Male'}, 'maternal_education': {'reference': 'No education', 'reference_column': 'maternal_education_No education'}, 'literacy': {'reference': 'Cannot read at all', 'reference_column': 'literacy_Cannot read at all'}, 'wealth_quintile': {'reference': 'Poorest', 'reference_column': 'wealth_quintile_Poorest'}, 'residence': {'reference': 'Rural', 'reference_column': 'residence_Rural'}, 'country_admin_region': {'reference': 'kenya::01', 'reference_column': 'country_admin_region_kenya::01'}}"
binary_lpm,model4_preferred_lpm,stunted,kenya,country_admin_region_kenya::12,0.074,0.039,-0.003,0.15,0.061,17327,1688,47,weight_original,cluster_robust_psu,True,"{'child_sex': {'reference': 'Male', 'reference_column': 'child_sex_Male'}, 'maternal_education': {'reference': 'No education', 'reference_column': 'maternal_education_No education'}, 'literacy': {'reference': 'Cannot read at all', 'reference_column': 'literacy_Cannot read at all'}, 'wealth_quintile': {'reference': 'Poorest', 'reference_column': 'wealth_quintile_Poorest'}, 'residence': {'reference': 'Rural', 'reference_column': 'residence_Rural'}, 'country_admin_region': {'reference': 'kenya::01', 'reference_column': 'country_admin_region_kenya::01'}}"
binary_lpm,model4_preferred_lpm,stunted,kenya,country_admin_region_kenya::13,0.022,0.034,-0.045,0.089,0.519,17327,1688,47,weight_original,cluster_robust_psu,True,"{'child_sex': {'reference': 'Male', 'reference_column': 'child_sex_Male'}, 'maternal_education': {'reference': 'No education', 'reference_column': 'maternal_education_No education'}, 'literacy': {'reference': 'Cannot read at all', 'reference_column': 'literacy_Cannot read at all'}, 'wealth_quintile': {'reference': 'Poorest', 'reference_column': 'wealth_quintile_Poorest'}, 'residence': {'reference': 'Rural', 'reference_column': 'residence_Rural'}, 'country_admin_region': {'reference': 'kenya::01', 'reference_column': 'country_admin_region_kenya::01'}}"
binary_lpm,model4_preferred_lpm,stunted,kenya,country_admin_region_kenya::14,0.049,0.039,-0.026,0.125,0.201,17327,1688,47,weight_original,cluster_robust_psu,True,"{'child_sex': {'reference': 'Male', 'reference_column': 'child_sex_Male'}, 'maternal_education': {'reference': 'No education', 'reference_column': 'maternal_education_No education'}, 'literacy': {'reference': 'Cannot read at all', 'reference_column': 'literacy_Cannot read at all'}, 'wealth_quintile': {'reference': 'Poorest', 'reference_column': 'wealth_quintile_Poorest'}, 'residence': {'reference': 'Rural', 'reference_column': 'residence_Rural'}, 'country_admin_region': {'reference': 'kenya::01', 'reference_column': 'country_admin_region_kenya::01'}}"
binary_lpm,model4_preferred_lpm,stunted,kenya,country_admin_region_kenya::15,0.011,0.033,-0.052,0.075,0.725,17327,1688,47,weight_original,cluster_robust_psu,True,"{'child_sex': {'reference': 'Male', 'reference_column': 'child_sex_Male'}, 'maternal_education': {'reference': 'No education', 'reference_column': 'maternal_education_No education'}, 'literacy': {'reference': 'Cannot read at all', 'reference_column': 'literacy_Cannot read at all'}, 'wealth_quintile': {'reference': 'Poorest', 'reference_column': 'wealth_quintile_Poorest'}, 'residence': {'reference': 'Rural', 'reference_column': 'residence_Rural'}, 'country_admin_region': {'reference': 'kenya::01', 'reference_column': 'country_admin_region_kenya::01'}}"
binary_lpm,model4_preferred_lpm,stunted,kenya,country_admin_region_kenya::16,0.001,0.03,-0.058,0.059,0.977,17327,1688,47,weight_original,cluster_robust_psu,True,"{'child_sex': {'reference': 'Male', 'reference_column': 'child_sex_Male'}, 'maternal_education': {'reference': 'No education', 'reference_column': 'maternal_education_No education'}, 'literacy': {'reference': 'Cannot read at all', 'reference_column': 'literacy_Cannot read at all'}, 'wealth_quintile': {'reference': 'Poorest', 'reference_column': 'wealth_quintile_Poorest'}, 'residence': {'reference': 'Rural', 'reference_column': 'residence_Rural'}, 'country_admin_region': {'reference': 'kenya::01', 'reference_column': 'country_admin_region_kenya::01'}}"
binary_lpm,model4_preferred_lpm,stunted,kenya,country_admin_region_kenya::17,0.026,0.032,-0.037,0.088,0.418,17327,1688,47,weight_original,cluster_robust_psu,True,"{'child_sex': {'reference': 'Male', 'reference_column': 'child_sex_Male'}, 'maternal_education': {'reference': 'No education', 'reference_column': 'maternal_education_No education'}, 'literacy': {'reference': 'Cannot read at all', 'reference_column': 'literacy_Cannot read at all'}, 'wealth_quintile': {'reference': 'Poorest', 'reference_column': 'wealth_quintile_Poorest'}, 'residence': {'reference': 'Rural', 'reference_column': 'residence_Rural'}, 'country_admin_region': {'reference': 'kenya::01', 'reference_column': 'country_admin_region_kenya::01'}}"
binary_lpm,model4_preferred_lpm,stunted,kenya,country_admin_region_kenya::18,0.049,0.035,-0.02,0.118,0.168,17327,1688,47,weight_original,cluster_robust_psu,True,"{'child_sex': {'reference': 'Male', 'reference_column': 'child_sex_Male'}, 'maternal_education': {'reference': 'No education', 'reference_column': 'maternal_education_No education'}, 'literacy': {'reference': 'Cannot read at all', 'reference_column': 'literacy_Cannot read at all'}, 'wealth_quintile': {'reference': 'Poorest', 'reference_column': 'wealth_quintile_Poorest'}, 'residence': {'reference': 'Rural', 'reference_column': 'residence_Rural'}, 'country_admin_region': {'reference': 'kenya::01', 'reference_column': 'country_admin_region_kenya::01'}}"
binary_lpm,model4_preferred_lpm,stunted,kenya,country_admin_region_kenya::19,0.005,0.033,-0.06,0.071,0.873,17327,1688,47,weight_original,cluster_robust_psu,True,"{'child_sex': {'reference': 'Male', 'reference_column': 'child_sex_Male'}, 'maternal_education': {'reference': 'No education', 'reference_column': 'maternal_education_No education'}, 'literacy': {'reference': 'Cannot read at all', 'reference_column': 'literacy_Cannot read at all'}, 'wealth_quintile': {'reference': 'Poorest', 'reference_column': 'wealth_quintile_Poorest'}, 'residence': {'reference': 'Rural', 'reference_column': 'residence_Rural'}, 'country_admin_region': {'reference': 'kenya::01', 'reference_column': 'country_admin_region_kenya::01'}}"
binary_lpm,model4_preferred_lpm,stunted,kenya,country_admin_region_kenya::20,-0.009,0.031,-0.069,0.051,0.763,17327,1688,47,weight_original,cluster_robust_psu,True,"{'child_sex': {'reference': 'Male', 'reference_column': 'child_sex_Male'}, 'maternal_education': {'reference': 'No education', 'reference_column': 'maternal_education_No education'}, 'literacy': {'reference': 'Cannot read at all', 'reference_column': 'literacy_Cannot read at all'}, 'wealth_quintile': {'reference': 'Poorest', 'reference_column': 'wealth_quintile_Poorest'}, 'residence': {'reference': 'Rural', 'reference_column': 'residence_Rural'}, 'country_admin_region': {'reference': 'kenya::01', 'reference_column': 'country_admin_region_kenya::01'}}"
binary_lpm,model4_preferred_lpm,stunted,kenya,country_admin_region_kenya::21,-0.061,0.026,-0.113,-0.01,0.02,17327,1688,47,weight_original,cluster_robust_psu,True,"{'child_sex': {'reference': 'Male', 'reference_column': 'child_sex_Male'}, 'maternal_education': {'reference': 'No education', 'reference_column': 'maternal_education_No education'}, 'literacy': {'reference': 'Cannot read at all', 'reference_column': 'literacy_Cannot read at all'}, 'wealth_quintile': {'reference': 'Poorest', 'reference_column': 'wealth_quintile_Poorest'}, 'residence': {'reference': 'Rural', 'reference_column': 'residence_Rural'}, 'country_admin_region': {'reference': 'kenya::01', 'reference_column': 'country_admin_region_kenya::01'}}"
binary_lpm,model4_preferred_lpm,stunted,kenya,country_admin_region_kenya::22,0.042,0.033,-0.023,0.107,0.205,17327,1688,47,weight_original,cluster_robust_psu,True,"{'child_sex': {'reference': 'Male', 'reference_column': 'child_sex_Male'}, 'maternal_education': {'reference': 'No education', 'reference_column': 'maternal_education_No education'}, 'literacy': {'reference': 'Cannot read at all', 'reference_column': 'literacy_Cannot read at all'}, 'wealth_quintile': {'reference': 'Poorest', 'reference_column': 'wealth_quintile_Poorest'}, 'residence': {'reference': 'Rural', 'reference_column': 'residence_Rural'}, 'country_admin_region': {'reference': 'kenya::01', 'reference_column': 'country_admin_region_kenya::01'}}"
binary_lpm,model4_preferred_lpm,stunted,kenya,country_admin_region_kenya::23,-0.02,0.035,-0.088,0.048,0.562,17327,1688,47,weight_original,cluster_robust_psu,True,"{'child_sex': {'reference': 'Male', 'reference_column': 'child_sex_Male'}, 'maternal_education': {'reference': 'No education', 'reference_column': 'maternal_education_No education'}, 'literacy': {'reference': 'Cannot read at all', 'reference_column': 'literacy_Cannot read at all'}, 'wealth_quintile': {'reference': 'Poorest', 'reference_column': 'wealth_quintile_Poorest'}, 'residence': {'reference': 'Rural', 'reference_column': 'residence_Rural'}, 'country_admin_region': {'reference': 'kenya::01', 'reference_column': 'country_admin_region_kenya::01'}}"
binary_lpm,model4_preferred_lpm,stunted,kenya,country_admin_region_kenya::24,0.08,0.028,0.024,0.135,0.005,17327,1688,47,weight_original,cluster_robust_psu,True,"{'child_sex': {'reference': 'Male', 'reference_column': 'child_sex_Male'}, 'maternal_education': {'reference': 'No education', 'reference_column': 'maternal_education_No education'}, 'literacy': {'reference': 'Cannot read at all', 'reference_column': 'literacy_Cannot read at all'}, 'wealth_quintile': {'reference': 'Poorest', 'reference_column': 'wealth_quintile_Poorest'}, 'residence': {'reference': 'Rural', 'reference_column': 'residence_Rural'}, 'country_admin_region': {'reference': 'kenya::01', 'reference_column': 'country_admin_region_kenya::01'}}"
binary_lpm,model4_preferred_lpm,stunted,kenya,country_admin_region_kenya::25,0.059,0.03,-0.001,0.119,0.053,17327,1688,47,weight_original,cluster_robust_psu,True,"{'child_sex': {'reference': 'Male', 'reference_column': 'child_sex_Male'}, 'maternal_education': {'reference': 'No education', 'reference_column': 'maternal_education_No education'}, 'literacy': {'reference': 'Cannot read at all', 'reference_column': 'literacy_Cannot read at all'}, 'wealth_quintile': {'reference': 'Poorest', 'reference_column': 'wealth_quintile_Poorest'}, 'residence': {'reference': 'Rural', 'reference_column': 'residence_Rural'}, 'country_admin_region': {'reference': 'kenya::01', 'reference_column': 'country_admin_region_kenya::01'}}"
binary_lpm,model4_preferred_lpm,stunted,kenya,country_admin_region_kenya::26,0.026,0.034,-0.041,0.093,0.445,17327,1688,47,weight_original,cluster_robust_psu,True,"{'child_sex': {'reference': 'Male', 'reference_column': 'child_sex_Male'}, 'maternal_education': {'reference': 'No education', 'reference_column': 'maternal_education_No education'}, 'literacy': {'reference': 'Cannot read at all', 'reference_column': 'literacy_Cannot read at all'}, 'wealth_quintile': {'reference': 'Poorest', 'reference_column': 'wealth_quintile_Poorest'}, 'residence': {'reference': 'Rural', 'reference_column': 'residence_Rural'}, 'country_admin_region': {'reference': 'kenya::01', 'reference_column': 'country_admin_region_kenya::01'}}"
binary_lpm,model4_preferred_lpm,stunted,kenya,country_admin_region_kenya::27,0.001,0.03,-0.058,0.06,0.976,17327,1688,47,weight_original,cluster_robust_psu,True,"{'child_sex': {'reference': 'Male', 'reference_column': 'child_sex_Male'}, 'maternal_education': {'reference': 'No education', 'reference_column': 'maternal_education_No education'}, 'literacy': {'reference': 'Cannot read at all', 'reference_column': 'literacy_Cannot read at all'}, 'wealth_quintile': {'reference': 'Poorest', 'reference_column': 'wealth_quintile_Poorest'}, 'residence': {'reference': 'Rural', 'reference_column': 'residence_Rural'}, 'country_admin_region': {'reference': 'kenya::01', 'reference_column': 'country_admin_region_kenya::01'}}"
binary_lpm,model4_preferred_lpm,stunted,kenya,country_admin_region_kenya::28,0.014,0.03,-0.045,0.073,0.642,17327,1688,47,weight_original,cluster_robust_psu,True,"{'child_sex': {'reference': 'Male', 'reference_column': 'child_sex_Male'}, 'maternal_education': {'reference': 'No education', 'reference_column': 'maternal_education_No education'}, 'literacy': {'reference': 'Cannot read at all', 'reference_column': 'literacy_Cannot read at all'}, 'wealth_quintile': {'reference': 'Poorest', 'reference_column': 'wealth_quintile_Poorest'}, 'residence': {'reference': 'Rural', 'reference_column': 'residence_Rural'}, 'country_admin_region': {'reference': 'kenya::01', 'reference_column': 'country_admin_region_kenya::01'}}"
binary_lpm,model4_preferred_lpm,stunted,kenya,country_admin_region_kenya::29,-0.037,0.03,-0.096,0.022,0.216,17327,1688,47,weight_original,cluster_robust_psu,True,"{'child_sex': {'reference': 'Male', 'reference_column': 'child_sex_Male'}, 'maternal_education': {'reference': 'No education', 'reference_column': 'maternal_education_No education'}, 'literacy': {'reference': 'Cannot read at all', 'reference_column': 'literacy_Cannot read at all'}, 'wealth_quintile': {'reference': 'Poorest', 'reference_column': 'wealth_quintile_Poorest'}, 'residence': {'reference': 'Rural', 'reference_column': 'residence_Rural'}, 'country_admin_region': {'reference': 'kenya::01', 'reference_column': 'country_admin_region_kenya::01'}}"
binary_lpm,model4_preferred_lpm,stunted,kenya,country_admin_region_kenya::30,-0.035,0.025,-0.084,0.015,0.173,17327,1688,47,weight_original,cluster_robust_psu,True,"{'child_sex': {'reference': 'Male', 'reference_column': 'child_sex_Male'}, 'maternal_education': {'reference': 'No education', 'reference_column': 'maternal_education_No education'}, 'literacy': {'reference': 'Cannot read at all', 'reference_column': 'literacy_Cannot read at all'}, 'wealth_quintile': {'reference': 'Poorest', 'reference_column': 'wealth_quintile_Poorest'}, 'residence': {'reference': 'Rural', 'reference_column': 'residence_Rural'}, 'country_admin_region': {'reference': 'kenya::01', 'reference_column': 'country_admin_region_kenya::01'}}"
binary_lpm,model4_preferred_lpm,stunted,kenya,country_admin_region_kenya::31,-0.039,0.027,-0.092,0.015,0.156,17327,1688,47,weight_original,cluster_robust_psu,True,"{'child_sex': {'reference': 'Male', 'reference_column': 'child_sex_Male'}, 'maternal_education': {'reference': 'No education', 'reference_column': 'maternal_education_No education'}, 'literacy': {'reference': 'Cannot read at all', 'reference_column': 'literacy_Cannot read at all'}, 'wealth_quintile': {'reference': 'Poorest', 'reference_column': 'wealth_quintile_Poorest'}, 'residence': {'reference': 'Rural', 'reference_column': 'residence_Rural'}, 'country_admin_region': {'reference': 'kenya::01', 'reference_column': 'country_admin_region_kenya::01'}}"
binary_lpm,model4_preferred_lpm,stunted,kenya,country_admin_region_kenya::32,0.038,0.027,-0.016,0.092,0.166,17327,1688,47,weight_original,cluster_robust_psu,True,"{'child_sex': {'reference': 'Male', 'reference_column': 'child_sex_Male'}, 'maternal_education': {'reference': 'No education', 'reference_column': 'maternal_education_No education'}, 'literacy': {'reference': 'Cannot read at all', 'reference_column': 'literacy_Cannot read at all'}, 'wealth_quintile': {'reference': 'Poorest', 'reference_column': 'wealth_quintile_Poorest'}, 'residence': {'reference': 'Rural', 'reference_column': 'residence_Rural'}, 'country_admin_region': {'reference': 'kenya::01', 'reference_column': 'country_admin_region_kenya::01'}}"
binary_lpm,model4_preferred_lpm,stunted,kenya,country_admin_region_kenya::33,-0.019,0.033,-0.084,0.045,0.559,17327,1688,47,weight_original,cluster_robust_psu,True,"{'child_sex': {'reference': 'Male', 'reference_column': 'child_sex_Male'}, 'maternal_education': {'reference': 'No education', 'reference_column': 'maternal_education_No education'}, 'literacy': {'reference': 'Cannot read at all', 'reference_column': 'literacy_Cannot read at all'}, 'wealth_quintile': {'reference': 'Poorest', 'reference_column': 'wealth_quintile_Poorest'}, 'residence': {'reference': 'Rural', 'reference_column': 'residence_Rural'}, 'country_admin_region': {'reference': 'kenya::01', 'reference_column': 'country_admin_region_kenya::01'}}"
binary_lpm,model4_preferred_lpm,stunted,kenya,country_admin_region_kenya::34,-0.003,0.029,-0.06,0.055,0.925,17327,1688,47,weight_original,cluster_robust_psu,True,"{'child_sex': {'reference': 'Male', 'reference_column': 'child_sex_Male'}, 'maternal_education': {'reference': 'No education', 'reference_column': 'maternal_education_No education'}, 'literacy': {'reference': 'Cannot read at all', 'reference_column': 'literacy_Cannot read at all'}, 'wealth_quintile': {'reference': 'Poorest', 'reference_column': 'wealth_quintile_Poorest'}, 'residence': {'reference': 'Rural', 'reference_column': 'residence_Rural'}, 'country_admin_region': {'reference': 'kenya::01', 'reference_column': 'country_admin_region_kenya::01'}}"
binary_lpm,model4_preferred_lpm,stunted,kenya,country_admin_region_kenya::35,0.009,0.032,-0.054,0.071,0.778,17327,1688,47,weight_original,cluster_robust_psu,True,"{'child_sex': {'reference': 'Male', 'reference_column': 'child_sex_Male'}, 'maternal_education': {'reference': 'No education', 'reference_column': 'maternal_education_No education'}, 'literacy': {'reference': 'Cannot read at all', 'reference_column': 'literacy_Cannot read at all'}, 'wealth_quintile': {'reference': 'Poorest', 'reference_column': 'wealth_quintile_Poorest'}, 'residence': {'reference': 'Rural', 'reference_column': 'residence_Rural'}, 'country_admin_region': {'reference': 'kenya::01', 'reference_column': 'country_admin_region_kenya::01'}}"
binary_lpm,model4_preferred_lpm,stunted,kenya,country_admin_region_kenya::36,0.023,0.032,-0.04,0.086,0.472,17327,1688,47,weight_original,cluster_robust_psu,True,"{'child_sex': {'reference': 'Male', 'reference_column': 'child_sex_Male'}, 'maternal_education': {'reference': 'No education', 'reference_column': 'maternal_education_No education'}, 'literacy': {'reference': 'Cannot read at all', 'reference_column': 'literacy_Cannot read at all'}, 'wealth_quintile': {'reference': 'Poorest', 'reference_column': 'wealth_quintile_Poorest'}, 'residence': {'reference': 'Rural', 'reference_column': 'residence_Rural'}, 'country_admin_region': {'reference': 'kenya::01', 'reference_column': 'country_admin_region_kenya::01'}}"
binary_lpm,model4_preferred_lpm,stunted,kenya,country_admin_region_kenya::37,-0.066,0.026,-0.116,-0.016,0.01,17327,1688,47,weight_original,cluster_robust_psu,True,"{'child_sex': {'reference': 'Male', 'reference_column': 'child_sex_Male'}, 'maternal_education': {'reference': 'No education', 'reference_column': 'maternal_education_No education'}, 'literacy': {'reference': 'Cannot read at all', 'reference_column': 'literacy_Cannot read at all'}, 'wealth_quintile': {'reference': 'Poorest', 'reference_column': 'wealth_quintile_Poorest'}, 'residence': {'reference': 'Rural', 'reference_column': 'residence_Rural'}, 'country_admin_region': {'reference': 'kenya::01', 'reference_column': 'country_admin_region_kenya::01'}}"
binary_lpm,model4_preferred_lpm,stunted,kenya,country_admin_region_kenya::38,-0.032,0.031,-0.093,0.03,0.312,17327,1688,47,weight_original,cluster_robust_psu,True,"{'child_sex': {'reference': 'Male', 'reference_column': 'child_sex_Male'}, 'maternal_education': {'reference': 'No education', 'reference_column': 'maternal_education_No education'}, 'literacy': {'reference': 'Cannot read at all', 'reference_column': 'literacy_Cannot read at all'}, 'wealth_quintile': {'reference': 'Poorest', 'reference_column': 'wealth_quintile_Poorest'}, 'residence': {'reference': 'Rural', 'reference_column': 'residence_Rural'}, 'country_admin_region': {'reference': 'kenya::01', 'reference_column': 'country_admin_region_kenya::01'}}"
binary_lpm,model4_preferred_lpm,stunted,kenya,country_admin_region_kenya::39,-0.001,0.028,-0.056,0.054,0.959,17327,1688,47,weight_original,cluster_robust_psu,True,"{'child_sex': {'reference': 'Male', 'reference_column': 'child_sex_Male'}, 'maternal_education': {'reference': 'No education', 'reference_column': 'maternal_education_No education'}, 'literacy': {'reference': 'Cannot read at all', 'reference_column': 'literacy_Cannot read at all'}, 'wealth_quintile': {'reference': 'Poorest', 'reference_column': 'wealth_quintile_Poorest'}, 'residence': {'reference': 'Rural', 'reference_column': 'residence_Rural'}, 'country_admin_region': {'reference': 'kenya::01', 'reference_column': 'country_admin_region_kenya::01'}}"
binary_lpm,model4_preferred_lpm,stunted,kenya,country_admin_region_kenya::40,-0.049,0.028,-0.103,0.005,0.078,17327,1688,47,weight_original,cluster_robust_psu,True,"{'child_sex': {'reference': 'Male', 'reference_column': 'child_sex_Male'}, 'maternal_education': {'reference': 'No education', 'reference_column': 'maternal_education_No education'}, 'literacy': {'reference': 'Cannot read at all', 'reference_column': 'literacy_Cannot read at all'}, 'wealth_quintile': {'reference': 'Poorest', 'reference_column': 'wealth_quintile_Poorest'}, 'residence': {'reference': 'Rural', 'reference_column': 'residence_Rural'}, 'country_admin_region': {'reference': 'kenya::01', 'reference_column': 'country_admin_region_kenya::01'}}"
binary_lpm,model4_preferred_lpm,stunted,kenya,country_admin_region_kenya::41,-0.009,0.031,-0.07,0.052,0.773,17327,1688,47,weight_original,cluster_robust_psu,True,"{'child_sex': {'reference': 'Male', 'reference_column': 'child_sex_Male'}, 'maternal_education': {'reference': 'No education', 'reference_column': 'maternal_education_No education'}, 'literacy': {'reference': 'Cannot read at all', 'reference_column': 'literacy_Cannot read at all'}, 'wealth_quintile': {'reference': 'Poorest', 'reference_column': 'wealth_quintile_Poorest'}, 'residence': {'reference': 'Rural', 'reference_column': 'residence_Rural'}, 'country_admin_region': {'reference': 'kenya::01', 'reference_column': 'country_admin_region_kenya::01'}}"
binary_lpm,model4_preferred_lpm,stunted,kenya,country_admin_region_kenya::42,-0.093,0.027,-0.147,-0.039,0.001,17327,1688,47,weight_original,cluster_robust_psu,True,"{'child_sex': {'reference': 'Male', 'reference_column': 'child_sex_Male'}, 'maternal_education': {'reference': 'No education', 'reference_column': 'maternal_education_No education'}, 'literacy': {'reference': 'Cannot read at all', 'reference_column': 'literacy_Cannot read at all'}, 'wealth_quintile': {'reference': 'Poorest', 'reference_column': 'wealth_quintile_Poorest'}, 'residence': {'reference': 'Rural', 'reference_column': 'residence_Rural'}, 'country_admin_region': {'reference': 'kenya::01', 'reference_column': 'country_admin_region_kenya::01'}}"
binary_lpm,model4_preferred_lpm,stunted,kenya,country_admin_region_kenya::43,-0.106,0.026,-0.156,-0.055,0.0,17327,1688,47,weight_original,cluster_robust_psu,True,"{'child_sex': {'reference': 'Male', 'reference_column': 'child_sex_Male'}, 'maternal_education': {'reference': 'No education', 'reference_column': 'maternal_education_No education'}, 'literacy': {'reference': 'Cannot read at all', 'reference_column': 'literacy_Cannot read at all'}, 'wealth_quintile': {'reference': 'Poorest', 'reference_column': 'wealth_quintile_Poorest'}, 'residence': {'reference': 'Rural', 'reference_column': 'residence_Rural'}, 'country_admin_region': {'reference': 'kenya::01', 'reference_column': 'country_admin_region_kenya::01'}}"
binary_lpm,model4_preferred_lpm,stunted,kenya,country_admin_region_kenya::44,-0.101,0.027,-0.155,-0.047,0.0,17327,1688,47,weight_original,cluster_robust_psu,True,"{'child_sex': {'reference': 'Male', 'reference_column': 'child_sex_Male'}, 'maternal_education': {'reference': 'No education', 'reference_column': 'maternal_education_No education'}, 'literacy': {'reference': 'Cannot read at all', 'reference_column': 'literacy_Cannot read at all'}, 'wealth_quintile': {'reference': 'Poorest', 'reference_column': 'wealth_quintile_Poorest'}, 'residence': {'reference': 'Rural', 'reference_column': 'residence_Rural'}, 'country_admin_region': {'reference': 'kenya::01', 'reference_column': 'country_admin_region_kenya::01'}}"
binary_lpm,model4_preferred_lpm,stunted,kenya,country_admin_region_kenya::45,-0.015,0.028,-0.07,0.04,0.602,17327,1688,47,weight_original,cluster_robust_psu,True,"{'child_sex': {'reference': 'Male', 'reference_column': 'child_sex_Male'}, 'maternal_education': {'reference': 'No education', 'reference_column': 'maternal_education_No education'}, 'literacy': {'reference': 'Cannot read at all', 'reference_column': 'literacy_Cannot read at all'}, 'wealth_quintile': {'reference': 'Poorest', 'reference_column': 'wealth_quintile_Poorest'}, 'residence': {'reference': 'Rural', 'reference_column': 'residence_Rural'}, 'country_admin_region': {'reference': 'kenya::01', 'reference_column': 'country_admin_region_kenya::01'}}"
binary_lpm,model4_preferred_lpm,stunted,kenya,country_admin_region_kenya::46,-0.033,0.033,-0.097,0.031,0.314,17327,1688,47,weight_original,cluster_robust_psu,True,"{'child_sex': {'reference': 'Male', 'reference_column': 'child_sex_Male'}, 'maternal_education': {'reference': 'No education', 'reference_column': 'maternal_education_No education'}, 'literacy': {'reference': 'Cannot read at all', 'reference_column': 'literacy_Cannot read at all'}, 'wealth_quintile': {'reference': 'Poorest', 'reference_column': 'wealth_quintile_Poorest'}, 'residence': {'reference': 'Rural', 'reference_column': 'residence_Rural'}, 'country_admin_region': {'reference': 'kenya::01', 'reference_column': 'country_admin_region_kenya::01'}}"
binary_lpm,model4_preferred_lpm,stunted,kenya,country_admin_region_kenya::47,0.015,0.025,-0.034,0.063,0.55,17327,1688,47,weight_original,cluster_robust_psu,True,"{'child_sex': {'reference': 'Male', 'reference_column': 'child_sex_Male'}, 'maternal_education': {'reference': 'No education', 'reference_column': 'maternal_education_No education'}, 'literacy': {'reference': 'Cannot read at all', 'reference_column': 'literacy_Cannot read at all'}, 'wealth_quintile': {'reference': 'Poorest', 'reference_column': 'wealth_quintile_Poorest'}, 'residence': {'reference': 'Rural', 'reference_column': 'residence_Rural'}, 'country_admin_region': {'reference': 'kenya::01', 'reference_column': 'country_admin_region_kenya::01'}}"
binary_lpm,model4_preferred_lpm,stunted,nigeria,const,0.459,0.049,0.362,0.556,0.0,9410,1343,37,weight_original,cluster_robust_psu,True,"{'child_sex': {'reference': 'Male', 'reference_column': 'child_sex_Male'}, 'maternal_education': {'reference': 'No education', 'reference_column': 'maternal_education_No education'}, 'literacy': {'reference': 'Cannot read at all', 'reference_column': 'literacy_Cannot read at all'}, 'wealth_quintile': {'reference': 'Poorest', 'reference_column': 'wealth_quintile_Poorest'}, 'residence': {'reference': 'Rural', 'reference_column': 'residence_Rural'}, 'country_admin_region': {'reference': 'nigeria::01', 'reference_column': 'country_admin_region_nigeria::01'}}"
binary_lpm,model4_preferred_lpm,stunted,nigeria,water_rate_loo,-0.059,0.027,-0.111,-0.006,0.029,9410,1343,37,weight_original,cluster_robust_psu,True,"{'child_sex': {'reference': 'Male', 'reference_column': 'child_sex_Male'}, 'maternal_education': {'reference': 'No education', 'reference_column': 'maternal_education_No education'}, 'literacy': {'reference': 'Cannot read at all', 'reference_column': 'literacy_Cannot read at all'}, 'wealth_quintile': {'reference': 'Poorest', 'reference_column': 'wealth_quintile_Poorest'}, 'residence': {'reference': 'Rural', 'reference_column': 'residence_Rural'}, 'country_admin_region': {'reference': 'nigeria::01', 'reference_column': 'country_admin_region_nigeria::01'}}"
binary_lpm,model4_preferred_lpm,stunted,nigeria,sanitation_rate_loo_core,0.077,0.027,0.024,0.13,0.005,9410,1343,37,weight_original,cluster_robust_psu,True,"{'child_sex': {'reference': 'Male', 'reference_column': 'child_sex_Male'}, 'maternal_education': {'reference': 'No education', 'reference_column': 'maternal_education_No education'}, 'literacy': {'reference': 'Cannot read at all', 'reference_column': 'literacy_Cannot read at all'}, 'wealth_quintile': {'reference': 'Poorest', 'reference_column': 'wealth_quintile_Poorest'}, 'residence': {'reference': 'Rural', 'reference_column': 'residence_Rural'}, 'country_admin_region': {'reference': 'nigeria::01', 'reference_column': 'country_admin_region_nigeria::01'}}"
binary_lpm,model4_preferred_lpm,stunted,nigeria,b19_raw,0.004,0.0,0.004,0.005,0.0,9410,1343,37,weight_original,cluster_robust_psu,True,"{'child_sex': {'reference': 'Male', 'reference_column': 'child_sex_Male'}, 'maternal_education': {'reference': 'No education', 'reference_column': 'maternal_education_No education'}, 'literacy': {'reference': 'Cannot read at all', 'reference_column': 'literacy_Cannot read at all'}, 'wealth_quintile': {'reference': 'Poorest', 'reference_column': 'wealth_quintile_Poorest'}, 'residence': {'reference': 'Rural', 'reference_column': 'residence_Rural'}, 'country_admin_region': {'reference': 'nigeria::01', 'reference_column': 'country_admin_region_nigeria::01'}}"
binary_lpm,model4_preferred_lpm,stunted,nigeria,birth_order_raw,0.014,0.004,0.007,0.022,0.0,9410,1343,37,weight_original,cluster_robust_psu,True,"{'child_sex': {'reference': 'Male', 'reference_column': 'child_sex_Male'}, 'maternal_education': {'reference': 'No education', 'reference_column': 'maternal_education_No education'}, 'literacy': {'reference': 'Cannot read at all', 'reference_column': 'literacy_Cannot read at all'}, 'wealth_quintile': {'reference': 'Poorest', 'reference_column': 'wealth_quintile_Poorest'}, 'residence': {'reference': 'Rural', 'reference_column': 'residence_Rural'}, 'country_admin_region': {'reference': 'nigeria::01', 'reference_column': 'country_admin_region_nigeria::01'}}"
binary_lpm,model4_preferred_lpm,stunted,nigeria,maternal_age,-0.007,0.001,-0.01,-0.004,0.0,9410,1343,37,weight_original,cluster_robust_psu,True,"{'child_sex': {'reference': 'Male', 'reference_column': 'child_sex_Male'}, 'maternal_education': {'reference': 'No education', 'reference_column': 'maternal_education_No education'}, 'literacy': {'reference': 'Cannot read at all', 'reference_column': 'literacy_Cannot read at all'}, 'wealth_quintile': {'reference': 'Poorest', 'reference_column': 'wealth_quintile_Poorest'}, 'residence': {'reference': 'Rural', 'reference_column': 'residence_Rural'}, 'country_admin_region': {'reference': 'nigeria::01', 'reference_column': 'country_admin_region_nigeria::01'}}"
binary_lpm,model4_preferred_lpm,stunted,nigeria,household_size_raw,0.003,0.002,-0.0,0.007,0.083,9410,1343,37,weight_original,cluster_robust_psu,True,"{'child_sex': {'reference': 'Male', 'reference_column': 'child_sex_Male'}, 'maternal_education': {'reference': 'No education', 'reference_column': 'maternal_education_No education'}, 'literacy': {'reference': 'Cannot read at all', 'reference_column': 'literacy_Cannot read at all'}, 'wealth_quintile': {'reference': 'Poorest', 'reference_column': 'wealth_quintile_Poorest'}, 'residence': {'reference': 'Rural', 'reference_column': 'residence_Rural'}, 'country_admin_region': {'reference': 'nigeria::01', 'reference_column': 'country_admin_region_nigeria::01'}}"
binary_lpm,model4_preferred_lpm,stunted,nigeria,child_sex_Female,-0.057,0.011,-0.077,-0.036,0.0,9410,1343,37,weight_original,cluster_robust_psu,True,"{'child_sex': {'reference': 'Male', 'reference_column': 'child_sex_Male'}, 'maternal_education': {'reference': 'No education', 'reference_column': 'maternal_education_No education'}, 'literacy': {'reference': 'Cannot read at all', 'reference_column': 'literacy_Cannot read at all'}, 'wealth_quintile': {'reference': 'Poorest', 'reference_column': 'wealth_quintile_Poorest'}, 'residence': {'reference': 'Rural', 'reference_column': 'residence_Rural'}, 'country_admin_region': {'reference': 'nigeria::01', 'reference_column': 'country_admin_region_nigeria::01'}}"
binary_lpm,model4_preferred_lpm,stunted,nigeria,maternal_education_Higher,-0.068,0.031,-0.128,-0.007,0.028,9410,1343,37,weight_original,cluster_robust_psu,True,"{'child_sex': {'reference': 'Male', 'reference_column': 'child_sex_Male'}, 'maternal_education': {'reference': 'No education', 'reference_column': 'maternal_education_No education'}, 'literacy': {'reference': 'Cannot read at all', 'reference_column': 'literacy_Cannot read at all'}, 'wealth_quintile': {'reference': 'Poorest', 'reference_column': 'wealth_quintile_Poorest'}, 'residence': {'reference': 'Rural', 'reference_column': 'residence_Rural'}, 'country_admin_region': {'reference': 'nigeria::01', 'reference_column': 'country_admin_region_nigeria::01'}}"
binary_lpm,model4_preferred_lpm,stunted,nigeria,maternal_education_Primary,-0.035,0.024,-0.083,0.013,0.149,9410,1343,37,weight_original,cluster_robust_psu,True,"{'child_sex': {'reference': 'Male', 'reference_column': 'child_sex_Male'}, 'maternal_education': {'reference': 'No education', 'reference_column': 'maternal_education_No education'}, 'literacy': {'reference': 'Cannot read at all', 'reference_column': 'literacy_Cannot read at all'}, 'wealth_quintile': {'reference': 'Poorest', 'reference_column': 'wealth_quintile_Poorest'}, 'residence': {'reference': 'Rural', 'reference_column': 'residence_Rural'}, 'country_admin_region': {'reference': 'nigeria::01', 'reference_column': 'country_admin_region_nigeria::01'}}"
binary_lpm,model4_preferred_lpm,stunted,nigeria,maternal_education_Secondary,-0.012,0.025,-0.061,0.037,0.628,9410,1343,37,weight_original,cluster_robust_psu,True,"{'child_sex': {'reference': 'Male', 'reference_column': 'child_sex_Male'}, 'maternal_education': {'reference': 'No education', 'reference_column': 'maternal_education_No education'}, 'literacy': {'reference': 'Cannot read at all', 'reference_column': 'literacy_Cannot read at all'}, 'wealth_quintile': {'reference': 'Poorest', 'reference_column': 'wealth_quintile_Poorest'}, 'residence': {'reference': 'Rural', 'reference_column': 'residence_Rural'}, 'country_admin_region': {'reference': 'nigeria::01', 'reference_column': 'country_admin_region_nigeria::01'}}"
binary_lpm,model4_preferred_lpm,stunted,nigeria,literacy_Able to read only parts of sentence,-0.062,0.022,-0.104,-0.02,0.004,9410,1343,37,weight_original,cluster_robust_psu,True,"{'child_sex': {'reference': 'Male', 'reference_column': 'child_sex_Male'}, 'maternal_education': {'reference': 'No education', 'reference_column': 'maternal_education_No education'}, 'literacy': {'reference': 'Cannot read at all', 'reference_column': 'literacy_Cannot read at all'}, 'wealth_quintile': {'reference': 'Poorest', 'reference_column': 'wealth_quintile_Poorest'}, 'residence': {'reference': 'Rural', 'reference_column': 'residence_Rural'}, 'country_admin_region': {'reference': 'nigeria::01', 'reference_column': 'country_admin_region_nigeria::01'}}"
binary_lpm,model4_preferred_lpm,stunted,nigeria,literacy_Able to read whole sentence,-0.067,0.022,-0.11,-0.024,0.002,9410,1343,37,weight_original,cluster_robust_psu,True,"{'child_sex': {'reference': 'Male', 'reference_column': 'child_sex_Male'}, 'maternal_education': {'reference': 'No education', 'reference_column': 'maternal_education_No education'}, 'literacy': {'reference': 'Cannot read at all', 'reference_column': 'literacy_Cannot read at all'}, 'wealth_quintile': {'reference': 'Poorest', 'reference_column': 'wealth_quintile_Poorest'}, 'residence': {'reference': 'Rural', 'reference_column': 'residence_Rural'}, 'country_admin_region': {'reference': 'nigeria::01', 'reference_column': 'country_admin_region_nigeria::01'}}"
binary_lpm,model4_preferred_lpm,stunted,nigeria,literacy_Blind/visually impaired,0.464,0.041,0.384,0.544,0.0,9410,1343,37,weight_original,cluster_robust_psu,True,"{'child_sex': {'reference': 'Male', 'reference_column': 'child_sex_Male'}, 'maternal_education': {'reference': 'No education', 'reference_column': 'maternal_education_No education'}, 'literacy': {'reference': 'Cannot read at all', 'reference_column': 'literacy_Cannot read at all'}, 'wealth_quintile': {'reference': 'Poorest', 'reference_column': 'wealth_quintile_Poorest'}, 'residence': {'reference': 'Rural', 'reference_column': 'residence_Rural'}, 'country_admin_region': {'reference': 'nigeria::01', 'reference_column': 'country_admin_region_nigeria::01'}}"
binary_lpm,model4_preferred_lpm,stunted,nigeria,literacy_No card with required language,-0.138,0.226,-0.582,0.305,0.541,9410,1343,37,weight_original,cluster_robust_psu,True,"{'child_sex': {'reference': 'Male', 'reference_column': 'child_sex_Male'}, 'maternal_education': {'reference': 'No education', 'reference_column': 'maternal_education_No education'}, 'literacy': {'reference': 'Cannot read at all', 'reference_column': 'literacy_Cannot read at all'}, 'wealth_quintile': {'reference': 'Poorest', 'reference_column': 'wealth_quintile_Poorest'}, 'residence': {'reference': 'Rural', 'reference_column': 'residence_Rural'}, 'country_admin_region': {'reference': 'nigeria::01', 'reference_column': 'country_admin_region_nigeria::01'}}"
binary_lpm,model4_preferred_lpm,stunted,nigeria,wealth_quintile_Middle,-0.057,0.023,-0.102,-0.012,0.012,9410,1343,37,weight_original,cluster_robust_psu,True,"{'child_sex': {'reference': 'Male', 'reference_column': 'child_sex_Male'}, 'maternal_education': {'reference': 'No education', 'reference_column': 'maternal_education_No education'}, 'literacy': {'reference': 'Cannot read at all', 'reference_column': 'literacy_Cannot read at all'}, 'wealth_quintile': {'reference': 'Poorest', 'reference_column': 'wealth_quintile_Poorest'}, 'residence': {'reference': 'Rural', 'reference_column': 'residence_Rural'}, 'country_admin_region': {'reference': 'nigeria::01', 'reference_column': 'country_admin_region_nigeria::01'}}"
binary_lpm,model4_preferred_lpm,stunted,nigeria,wealth_quintile_Poorer,-0.009,0.02,-0.048,0.03,0.646,9410,1343,37,weight_original,cluster_robust_psu,True,"{'child_sex': {'reference': 'Male', 'reference_column': 'child_sex_Male'}, 'maternal_education': {'reference': 'No education', 'reference_column': 'maternal_education_No education'}, 'literacy': {'reference': 'Cannot read at all', 'reference_column': 'literacy_Cannot read at all'}, 'wealth_quintile': {'reference': 'Poorest', 'reference_column': 'wealth_quintile_Poorest'}, 'residence': {'reference': 'Rural', 'reference_column': 'residence_Rural'}, 'country_admin_region': {'reference': 'nigeria::01', 'reference_column': 'country_admin_region_nigeria::01'}}"
binary_lpm,model4_preferred_lpm,stunted,nigeria,wealth_quintile_Richer,-0.087,0.028,-0.141,-0.033,0.002,9410,1343,37,weight_original,cluster_robust_psu,True,"{'child_sex': {'reference': 'Male', 'reference_column': 'child_sex_Male'}, 'maternal_education': {'reference': 'No education', 'reference_column': 'maternal_education_No education'}, 'literacy': {'reference': 'Cannot read at all', 'reference_column': 'literacy_Cannot read at all'}, 'wealth_quintile': {'reference': 'Poorest', 'reference_column': 'wealth_quintile_Poorest'}, 'residence': {'reference': 'Rural', 'reference_column': 'residence_Rural'}, 'country_admin_region': {'reference': 'nigeria::01', 'reference_column': 'country_admin_region_nigeria::01'}}"
binary_lpm,model4_preferred_lpm,stunted,nigeria,wealth_quintile_Richest,-0.162,0.033,-0.228,-0.097,0.0,9410,1343,37,weight_original,cluster_robust_psu,True,"{'child_sex': {'reference': 'Male', 'reference_column': 'child_sex_Male'}, 'maternal_education': {'reference': 'No education', 'reference_column': 'maternal_education_No education'}, 'literacy': {'reference': 'Cannot read at all', 'reference_column': 'literacy_Cannot read at all'}, 'wealth_quintile': {'reference': 'Poorest', 'reference_column': 'wealth_quintile_Poorest'}, 'residence': {'reference': 'Rural', 'reference_column': 'residence_Rural'}, 'country_admin_region': {'reference': 'nigeria::01', 'reference_column': 'country_admin_region_nigeria::01'}}"
binary_lpm,model4_preferred_lpm,stunted,nigeria,residence_Urban,-0.046,0.02,-0.085,-0.008,0.019,9410,1343,37,weight_original,cluster_robust_psu,True,"{'child_sex': {'reference': 'Male', 'reference_column': 'child_sex_Male'}, 'maternal_education': {'reference': 'No education', 'reference_column': 'maternal_education_No education'}, 'literacy': {'reference': 'Cannot read at all', 'reference_column': 'literacy_Cannot read at all'}, 'wealth_quintile': {'reference': 'Poorest', 'reference_column': 'wealth_quintile_Poorest'}, 'residence': {'reference': 'Rural', 'reference_column': 'residence_Rural'}, 'country_admin_region': {'reference': 'nigeria::01', 'reference_column': 'country_admin_region_nigeria::01'}}"
binary_lpm,model4_preferred_lpm,stunted,nigeria,country_admin_region_nigeria::02,-0.018,0.049,-0.115,0.079,0.716,9410,1343,37,weight_original,cluster_robust_psu,True,"{'child_sex': {'reference': 'Male', 'reference_column': 'child_sex_Male'}, 'maternal_education': {'reference': 'No education', 'reference_column': 'maternal_education_No education'}, 'literacy': {'reference': 'Cannot read at all', 'reference_column': 'literacy_Cannot read at all'}, 'wealth_quintile': {'reference': 'Poorest', 'reference_column': 'wealth_quintile_Poorest'}, 'residence': {'reference': 'Rural', 'reference_column': 'residence_Rural'}, 'country_admin_region': {'reference': 'nigeria::01', 'reference_column': 'country_admin_region_nigeria::01'}}"
binary_lpm,model4_preferred_lpm,stunted,nigeria,country_admin_region_nigeria::03,0.068,0.064,-0.057,0.193,0.284,9410,1343,37,weight_original,cluster_robust_psu,True,"{'child_sex': {'reference': 'Male', 'reference_column': 'child_sex_Male'}, 'maternal_education': {'reference': 'No education', 'reference_column': 'maternal_education_No education'}, 'literacy': {'reference': 'Cannot read at all', 'reference_column': 'literacy_Cannot read at all'}, 'wealth_quintile': {'reference': 'Poorest', 'reference_column': 'wealth_quintile_Poorest'}, 'residence': {'reference': 'Rural', 'reference_column': 'residence_Rural'}, 'country_admin_region': {'reference': 'nigeria::01', 'reference_column': 'country_admin_region_nigeria::01'}}"
binary_lpm,model4_preferred_lpm,stunted,nigeria,country_admin_region_nigeria::04,0.129,0.045,0.041,0.218,0.004,9410,1343,37,weight_original,cluster_robust_psu,True,"{'child_sex': {'reference': 'Male', 'reference_column': 'child_sex_Male'}, 'maternal_education': {'reference': 'No education', 'reference_column': 'maternal_education_No education'}, 'literacy': {'reference': 'Cannot read at all', 'reference_column': 'literacy_Cannot read at all'}, 'wealth_quintile': {'reference': 'Poorest', 'reference_column': 'wealth_quintile_Poorest'}, 'residence': {'reference': 'Rural', 'reference_column': 'residence_Rural'}, 'country_admin_region': {'reference': 'nigeria::01', 'reference_column': 'country_admin_region_nigeria::01'}}"
binary_lpm,model4_preferred_lpm,stunted,nigeria,country_admin_region_nigeria::05,0.068,0.045,-0.02,0.156,0.13,9410,1343,37,weight_original,cluster_robust_psu,True,"{'child_sex': {'reference': 'Male', 'reference_column': 'child_sex_Male'}, 'maternal_education': {'reference': 'No education', 'reference_column': 'maternal_education_No education'}, 'literacy': {'reference': 'Cannot read at all', 'reference_column': 'literacy_Cannot read at all'}, 'wealth_quintile': {'reference': 'Poorest', 'reference_column': 'wealth_quintile_Poorest'}, 'residence': {'reference': 'Rural', 'reference_column': 'residence_Rural'}, 'country_admin_region': {'reference': 'nigeria::01', 'reference_column': 'country_admin_region_nigeria::01'}}"
binary_lpm,model4_preferred_lpm,stunted,nigeria,country_admin_region_nigeria::06,0.09,0.048,-0.004,0.185,0.061,9410,1343,37,weight_original,cluster_robust_psu,True,"{'child_sex': {'reference': 'Male', 'reference_column': 'child_sex_Male'}, 'maternal_education': {'reference': 'No education', 'reference_column': 'maternal_education_No education'}, 'literacy': {'reference': 'Cannot read at all', 'reference_column': 'literacy_Cannot read at all'}, 'wealth_quintile': {'reference': 'Poorest', 'reference_column': 'wealth_quintile_Poorest'}, 'residence': {'reference': 'Rural', 'reference_column': 'residence_Rural'}, 'country_admin_region': {'reference': 'nigeria::01', 'reference_column': 'country_admin_region_nigeria::01'}}"
binary_lpm,model4_preferred_lpm,stunted,nigeria,country_admin_region_nigeria::07,0.129,0.043,0.044,0.214,0.003,9410,1343,37,weight_original,cluster_robust_psu,True,"{'child_sex': {'reference': 'Male', 'reference_column': 'child_sex_Male'}, 'maternal_education': {'reference': 'No education', 'reference_column': 'maternal_education_No education'}, 'literacy': {'reference': 'Cannot read at all', 'reference_column': 'literacy_Cannot read at all'}, 'wealth_quintile': {'reference': 'Poorest', 'reference_column': 'wealth_quintile_Poorest'}, 'residence': {'reference': 'Rural', 'reference_column': 'residence_Rural'}, 'country_admin_region': {'reference': 'nigeria::01', 'reference_column': 'country_admin_region_nigeria::01'}}"
binary_lpm,model4_preferred_lpm,stunted,nigeria,country_admin_region_nigeria::08,0.135,0.048,0.04,0.23,0.005,9410,1343,37,weight_original,cluster_robust_psu,True,"{'child_sex': {'reference': 'Male', 'reference_column': 'child_sex_Male'}, 'maternal_education': {'reference': 'No education', 'reference_column': 'maternal_education_No education'}, 'literacy': {'reference': 'Cannot read at all', 'reference_column': 'literacy_Cannot read at all'}, 'wealth_quintile': {'reference': 'Poorest', 'reference_column': 'wealth_quintile_Poorest'}, 'residence': {'reference': 'Rural', 'reference_column': 'residence_Rural'}, 'country_admin_region': {'reference': 'nigeria::01', 'reference_column': 'country_admin_region_nigeria::01'}}"
binary_lpm,model4_preferred_lpm,stunted,nigeria,country_admin_region_nigeria::09,0.249,0.041,0.169,0.329,0.0,9410,1343,37,weight_original,cluster_robust_psu,True,"{'child_sex': {'reference': 'Male', 'reference_column': 'child_sex_Male'}, 'maternal_education': {'reference': 'No education', 'reference_column': 'maternal_education_No education'}, 'literacy': {'reference': 'Cannot read at all', 'reference_column': 'literacy_Cannot read at all'}, 'wealth_quintile': {'reference': 'Poorest', 'reference_column': 'wealth_quintile_Poorest'}, 'residence': {'reference': 'Rural', 'reference_column': 'residence_Rural'}, 'country_admin_region': {'reference': 'nigeria::01', 'reference_column': 'country_admin_region_nigeria::01'}}"
binary_lpm,model4_preferred_lpm,stunted,nigeria,country_admin_region_nigeria::10,0.076,0.046,-0.014,0.167,0.099,9410,1343,37,weight_original,cluster_robust_psu,True,"{'child_sex': {'reference': 'Male', 'reference_column': 'child_sex_Male'}, 'maternal_education': {'reference': 'No education', 'reference_column': 'maternal_education_No education'}, 'literacy': {'reference': 'Cannot read at all', 'reference_column': 'literacy_Cannot read at all'}, 'wealth_quintile': {'reference': 'Poorest', 'reference_column': 'wealth_quintile_Poorest'}, 'residence': {'reference': 'Rural', 'reference_column': 'residence_Rural'}, 'country_admin_region': {'reference': 'nigeria::01', 'reference_column': 'country_admin_region_nigeria::01'}}"
binary_lpm,model4_preferred_lpm,stunted,nigeria,country_admin_region_nigeria::11,0.16,0.044,0.074,0.245,0.0,9410,1343,37,weight_original,cluster_robust_psu,True,"{'child_sex': {'reference': 'Male', 'reference_column': 'child_sex_Male'}, 'maternal_education': {'reference': 'No education', 'reference_column': 'maternal_education_No education'}, 'literacy': {'reference': 'Cannot read at all', 'reference_column': 'literacy_Cannot read at all'}, 'wealth_quintile': {'reference': 'Poorest', 'reference_column': 'wealth_quintile_Poorest'}, 'residence': {'reference': 'Rural', 'reference_column': 'residence_Rural'}, 'country_admin_region': {'reference': 'nigeria::01', 'reference_column': 'country_admin_region_nigeria::01'}}"
binary_lpm,model4_preferred_lpm,stunted,nigeria,country_admin_region_nigeria::12,0.124,0.053,0.019,0.229,0.021,9410,1343,37,weight_original,cluster_robust_psu,True,"{'child_sex': {'reference': 'Male', 'reference_column': 'child_sex_Male'}, 'maternal_education': {'reference': 'No education', 'reference_column': 'maternal_education_No education'}, 'literacy': {'reference': 'Cannot read at all', 'reference_column': 'literacy_Cannot read at all'}, 'wealth_quintile': {'reference': 'Poorest', 'reference_column': 'wealth_quintile_Poorest'}, 'residence': {'reference': 'Rural', 'reference_column': 'residence_Rural'}, 'country_admin_region': {'reference': 'nigeria::01', 'reference_column': 'country_admin_region_nigeria::01'}}"
binary_lpm,model4_preferred_lpm,stunted,nigeria,country_admin_region_nigeria::13,0.21,0.061,0.09,0.331,0.001,9410,1343,37,weight_original,cluster_robust_psu,True,"{'child_sex': {'reference': 'Male', 'reference_column': 'child_sex_Male'}, 'maternal_education': {'reference': 'No education', 'reference_column': 'maternal_education_No education'}, 'literacy': {'reference': 'Cannot read at all', 'reference_column': 'literacy_Cannot read at all'}, 'wealth_quintile': {'reference': 'Poorest', 'reference_column': 'wealth_quintile_Poorest'}, 'residence': {'reference': 'Rural', 'reference_column': 'residence_Rural'}, 'country_admin_region': {'reference': 'nigeria::01', 'reference_column': 'country_admin_region_nigeria::01'}}"
binary_lpm,model4_preferred_lpm,stunted,nigeria,country_admin_region_nigeria::14,0.153,0.04,0.074,0.233,0.0,9410,1343,37,weight_original,cluster_robust_psu,True,"{'child_sex': {'reference': 'Male', 'reference_column': 'child_sex_Male'}, 'maternal_education': {'reference': 'No education', 'reference_column': 'maternal_education_No education'}, 'literacy': {'reference': 'Cannot read at all', 'reference_column': 'literacy_Cannot read at all'}, 'wealth_quintile': {'reference': 'Poorest', 'reference_column': 'wealth_quintile_Poorest'}, 'residence': {'reference': 'Rural', 'reference_column': 'residence_Rural'}, 'country_admin_region': {'reference': 'nigeria::01', 'reference_column': 'country_admin_region_nigeria::01'}}"
binary_lpm,model4_preferred_lpm,stunted,nigeria,country_admin_region_nigeria::15,0.1,0.04,0.022,0.178,0.012,9410,1343,37,weight_original,cluster_robust_psu,True,"{'child_sex': {'reference': 'Male', 'reference_column': 'child_sex_Male'}, 'maternal_education': {'reference': 'No education', 'reference_column': 'maternal_education_No education'}, 'literacy': {'reference': 'Cannot read at all', 'reference_column': 'literacy_Cannot read at all'}, 'wealth_quintile': {'reference': 'Poorest', 'reference_column': 'wealth_quintile_Poorest'}, 'residence': {'reference': 'Rural', 'reference_column': 'residence_Rural'}, 'country_admin_region': {'reference': 'nigeria::01', 'reference_column': 'country_admin_region_nigeria::01'}}"
binary_lpm,model4_preferred_lpm,stunted,nigeria,country_admin_region_nigeria::16,0.188,0.046,0.098,0.277,0.0,9410,1343,37,weight_original,cluster_robust_psu,True,"{'child_sex': {'reference': 'Male', 'reference_column': 'child_sex_Male'}, 'maternal_education': {'reference': 'No education', 'reference_column': 'maternal_education_No education'}, 'literacy': {'reference': 'Cannot read at all', 'reference_column': 'literacy_Cannot read at all'}, 'wealth_quintile': {'reference': 'Poorest', 'reference_column': 'wealth_quintile_Poorest'}, 'residence': {'reference': 'Rural', 'reference_column': 'residence_Rural'}, 'country_admin_region': {'reference': 'nigeria::01', 'reference_column': 'country_admin_region_nigeria::01'}}"
binary_lpm,model4_preferred_lpm,stunted,nigeria,country_admin_region_nigeria::17,0.253,0.052,0.151,0.355,0.0,9410,1343,37,weight_original,cluster_robust_psu,True,"{'child_sex': {'reference': 'Male', 'reference_column': 'child_sex_Male'}, 'maternal_education': {'reference': 'No education', 'reference_column': 'maternal_education_No education'}, 'literacy': {'reference': 'Cannot read at all', 'reference_column': 'literacy_Cannot read at all'}, 'wealth_quintile': {'reference': 'Poorest', 'reference_column': 'wealth_quintile_Poorest'}, 'residence': {'reference': 'Rural', 'reference_column': 'residence_Rural'}, 'country_admin_region': {'reference': 'nigeria::01', 'reference_column': 'country_admin_region_nigeria::01'}}"
binary_lpm,model4_preferred_lpm,stunted,nigeria,country_admin_region_nigeria::18,0.181,0.045,0.093,0.269,0.0,9410,1343,37,weight_original,cluster_robust_psu,True,"{'child_sex': {'reference': 'Male', 'reference_column': 'child_sex_Male'}, 'maternal_education': {'reference': 'No education', 'reference_column': 'maternal_education_No education'}, 'literacy': {'reference': 'Cannot read at all', 'reference_column': 'literacy_Cannot read at all'}, 'wealth_quintile': {'reference': 'Poorest', 'reference_column': 'wealth_quintile_Poorest'}, 'residence': {'reference': 'Rural', 'reference_column': 'residence_Rural'}, 'country_admin_region': {'reference': 'nigeria::01', 'reference_column': 'country_admin_region_nigeria::01'}}"
binary_lpm,model4_preferred_lpm,stunted,nigeria,country_admin_region_nigeria::19,0.024,0.058,-0.089,0.137,0.678,9410,1343,37,weight_original,cluster_robust_psu,True,"{'child_sex': {'reference': 'Male', 'reference_column': 'child_sex_Male'}, 'maternal_education': {'reference': 'No education', 'reference_column': 'maternal_education_No education'}, 'literacy': {'reference': 'Cannot read at all', 'reference_column': 'literacy_Cannot read at all'}, 'wealth_quintile': {'reference': 'Poorest', 'reference_column': 'wealth_quintile_Poorest'}, 'residence': {'reference': 'Rural', 'reference_column': 'residence_Rural'}, 'country_admin_region': {'reference': 'nigeria::01', 'reference_column': 'country_admin_region_nigeria::01'}}"
binary_lpm,model4_preferred_lpm,stunted,nigeria,country_admin_region_nigeria::20,0.245,0.052,0.143,0.346,0.0,9410,1343,37,weight_original,cluster_robust_psu,True,"{'child_sex': {'reference': 'Male', 'reference_column': 'child_sex_Male'}, 'maternal_education': {'reference': 'No education', 'reference_column': 'maternal_education_No education'}, 'literacy': {'reference': 'Cannot read at all', 'reference_column': 'literacy_Cannot read at all'}, 'wealth_quintile': {'reference': 'Poorest', 'reference_column': 'wealth_quintile_Poorest'}, 'residence': {'reference': 'Rural', 'reference_column': 'residence_Rural'}, 'country_admin_region': {'reference': 'nigeria::01', 'reference_column': 'country_admin_region_nigeria::01'}}"
binary_lpm,model4_preferred_lpm,stunted,nigeria,country_admin_region_nigeria::21,-0.004,0.045,-0.092,0.083,0.921,9410,1343,37,weight_original,cluster_robust_psu,True,"{'child_sex': {'reference': 'Male', 'reference_column': 'child_sex_Male'}, 'maternal_education': {'reference': 'No education', 'reference_column': 'maternal_education_No education'}, 'literacy': {'reference': 'Cannot read at all', 'reference_column': 'literacy_Cannot read at all'}, 'wealth_quintile': {'reference': 'Poorest', 'reference_column': 'wealth_quintile_Poorest'}, 'residence': {'reference': 'Rural', 'reference_column': 'residence_Rural'}, 'country_admin_region': {'reference': 'nigeria::01', 'reference_column': 'country_admin_region_nigeria::01'}}"
binary_lpm,model4_preferred_lpm,stunted,nigeria,country_admin_region_nigeria::22,-0.058,0.039,-0.136,0.019,0.139,9410,1343,37,weight_original,cluster_robust_psu,True,"{'child_sex': {'reference': 'Male', 'reference_column': 'child_sex_Male'}, 'maternal_education': {'reference': 'No education', 'reference_column': 'maternal_education_No education'}, 'literacy': {'reference': 'Cannot read at all', 'reference_column': 'literacy_Cannot read at all'}, 'wealth_quintile': {'reference': 'Poorest', 'reference_column': 'wealth_quintile_Poorest'}, 'residence': {'reference': 'Rural', 'reference_column': 'residence_Rural'}, 'country_admin_region': {'reference': 'nigeria::01', 'reference_column': 'country_admin_region_nigeria::01'}}"
binary_lpm,model4_preferred_lpm,stunted,nigeria,country_admin_region_nigeria::23,0.024,0.037,-0.048,0.095,0.519,9410,1343,37,weight_original,cluster_robust_psu,True,"{'child_sex': {'reference': 'Male', 'reference_column': 'child_sex_Male'}, 'maternal_education': {'reference': 'No education', 'reference_column': 'maternal_education_No education'}, 'literacy': {'reference': 'Cannot read at all', 'reference_column': 'literacy_Cannot read at all'}, 'wealth_quintile': {'reference': 'Poorest', 'reference_column': 'wealth_quintile_Poorest'}, 'residence': {'reference': 'Rural', 'reference_column': 'residence_Rural'}, 'country_admin_region': {'reference': 'nigeria::01', 'reference_column': 'country_admin_region_nigeria::01'}}"
binary_lpm,model4_preferred_lpm,stunted,nigeria,country_admin_region_nigeria::24,-0.063,0.04,-0.14,0.015,0.112,9410,1343,37,weight_original,cluster_robust_psu,True,"{'child_sex': {'reference': 'Male', 'reference_column': 'child_sex_Male'}, 'maternal_education': {'reference': 'No education', 'reference_column': 'maternal_education_No education'}, 'literacy': {'reference': 'Cannot read at all', 'reference_column': 'literacy_Cannot read at all'}, 'wealth_quintile': {'reference': 'Poorest', 'reference_column': 'wealth_quintile_Poorest'}, 'residence': {'reference': 'Rural', 'reference_column': 'residence_Rural'}, 'country_admin_region': {'reference': 'nigeria::01', 'reference_column': 'country_admin_region_nigeria::01'}}"
binary_lpm,model4_preferred_lpm,stunted,nigeria,country_admin_region_nigeria::25,-0.059,0.033,-0.123,0.005,0.072,9410,1343,37,weight_original,cluster_robust_psu,True,"{'child_sex': {'reference': 'Male', 'reference_column': 'child_sex_Male'}, 'maternal_education': {'reference': 'No education', 'reference_column': 'maternal_education_No education'}, 'literacy': {'reference': 'Cannot read at all', 'reference_column': 'literacy_Cannot read at all'}, 'wealth_quintile': {'reference': 'Poorest', 'reference_column': 'wealth_quintile_Poorest'}, 'residence': {'reference': 'Rural', 'reference_column': 'residence_Rural'}, 'country_admin_region': {'reference': 'nigeria::01', 'reference_column': 'country_admin_region_nigeria::01'}}"
binary_lpm,model4_preferred_lpm,stunted,nigeria,country_admin_region_nigeria::26,0.025,0.039,-0.051,0.101,0.513,9410,1343,37,weight_original,cluster_robust_psu,True,"{'child_sex': {'reference': 'Male', 'reference_column': 'child_sex_Male'}, 'maternal_education': {'reference': 'No education', 'reference_column': 'maternal_education_No education'}, 'literacy': {'reference': 'Cannot read at all', 'reference_column': 'literacy_Cannot read at all'}, 'wealth_quintile': {'reference': 'Poorest', 'reference_column': 'wealth_quintile_Poorest'}, 'residence': {'reference': 'Rural', 'reference_column': 'residence_Rural'}, 'country_admin_region': {'reference': 'nigeria::01', 'reference_column': 'country_admin_region_nigeria::01'}}"
binary_lpm,model4_preferred_lpm,stunted,nigeria,country_admin_region_nigeria::27,0.044,0.046,-0.047,0.135,0.341,9410,1343,37,weight_original,cluster_robust_psu,True,"{'child_sex': {'reference': 'Male', 'reference_column': 'child_sex_Male'}, 'maternal_education': {'reference': 'No education', 'reference_column': 'maternal_education_No education'}, 'literacy': {'reference': 'Cannot read at all', 'reference_column': 'literacy_Cannot read at all'}, 'wealth_quintile': {'reference': 'Poorest', 'reference_column': 'wealth_quintile_Poorest'}, 'residence': {'reference': 'Rural', 'reference_column': 'residence_Rural'}, 'country_admin_region': {'reference': 'nigeria::01', 'reference_column': 'country_admin_region_nigeria::01'}}"
binary_lpm,model4_preferred_lpm,stunted,nigeria,country_admin_region_nigeria::28,-0.018,0.059,-0.134,0.098,0.756,9410,1343,37,weight_original,cluster_robust_psu,True,"{'child_sex': {'reference': 'Male', 'reference_column': 'child_sex_Male'}, 'maternal_education': {'reference': 'No education', 'reference_column': 'maternal_education_No education'}, 'literacy': {'reference': 'Cannot read at all', 'reference_column': 'literacy_Cannot read at all'}, 'wealth_quintile': {'reference': 'Poorest', 'reference_column': 'wealth_quintile_Poorest'}, 'residence': {'reference': 'Rural', 'reference_column': 'residence_Rural'}, 'country_admin_region': {'reference': 'nigeria::01', 'reference_column': 'country_admin_region_nigeria::01'}}"
binary_lpm,model4_preferred_lpm,stunted,nigeria,country_admin_region_nigeria::29,0.055,0.041,-0.025,0.135,0.175,9410,1343,37,weight_original,cluster_robust_psu,True,"{'child_sex': {'reference': 'Male', 'reference_column': 'child_sex_Male'}, 'maternal_education': {'reference': 'No education', 'reference_column': 'maternal_education_No education'}, 'literacy': {'reference': 'Cannot read at all', 'reference_column': 'literacy_Cannot read at all'}, 'wealth_quintile': {'reference': 'Poorest', 'reference_column': 'wealth_quintile_Poorest'}, 'residence': {'reference': 'Rural', 'reference_column': 'residence_Rural'}, 'country_admin_region': {'reference': 'nigeria::01', 'reference_column': 'country_admin_region_nigeria::01'}}"
binary_lpm,model4_preferred_lpm,stunted,nigeria,country_admin_region_nigeria::30,-0.024,0.038,-0.098,0.051,0.529,9410,1343,37,weight_original,cluster_robust_psu,True,"{'child_sex': {'reference': 'Male', 'reference_column': 'child_sex_Male'}, 'maternal_education': {'reference': 'No education', 'reference_column': 'maternal_education_No education'}, 'literacy': {'reference': 'Cannot read at all', 'reference_column': 'literacy_Cannot read at all'}, 'wealth_quintile': {'reference': 'Poorest', 'reference_column': 'wealth_quintile_Poorest'}, 'residence': {'reference': 'Rural', 'reference_column': 'residence_Rural'}, 'country_admin_region': {'reference': 'nigeria::01', 'reference_column': 'country_admin_region_nigeria::01'}}"
binary_lpm,model4_preferred_lpm,stunted,nigeria,country_admin_region_nigeria::31,-0.031,0.034,-0.098,0.037,0.37,9410,1343,37,weight_original,cluster_robust_psu,True,"{'child_sex': {'reference': 'Male', 'reference_column': 'child_sex_Male'}, 'maternal_education': {'reference': 'No education', 'reference_column': 'maternal_education_No education'}, 'literacy': {'reference': 'Cannot read at all', 'reference_column': 'literacy_Cannot read at all'}, 'wealth_quintile': {'reference': 'Poorest', 'reference_column': 'wealth_quintile_Poorest'}, 'residence': {'reference': 'Rural', 'reference_column': 'residence_Rural'}, 'country_admin_region': {'reference': 'nigeria::01', 'reference_column': 'country_admin_region_nigeria::01'}}"
binary_lpm,model4_preferred_lpm,stunted,nigeria,country_admin_region_nigeria::32,-0.015,0.059,-0.131,0.101,0.795,9410,1343,37,weight_original,cluster_robust_psu,True,"{'child_sex': {'reference': 'Male', 'reference_column': 'child_sex_Male'}, 'maternal_education': {'reference': 'No education', 'reference_column': 'maternal_education_No education'}, 'literacy': {'reference': 'Cannot read at all', 'reference_column': 'literacy_Cannot read at all'}, 'wealth_quintile': {'reference': 'Poorest', 'reference_column': 'wealth_quintile_Poorest'}, 'residence': {'reference': 'Rural', 'reference_column': 'residence_Rural'}, 'country_admin_region': {'reference': 'nigeria::01', 'reference_column': 'country_admin_region_nigeria::01'}}"
binary_lpm,model4_preferred_lpm,stunted,nigeria,country_admin_region_nigeria::33,0.078,0.048,-0.016,0.172,0.105,9410,1343,37,weight_original,cluster_robust_psu,True,"{'child_sex': {'reference': 'Male', 'reference_column': 'child_sex_Male'}, 'maternal_education': {'reference': 'No education', 'reference_column': 'maternal_education_No education'}, 'literacy': {'reference': 'Cannot read at all', 'reference_column': 'literacy_Cannot read at all'}, 'wealth_quintile': {'reference': 'Poorest', 'reference_column': 'wealth_quintile_Poorest'}, 'residence': {'reference': 'Rural', 'reference_column': 'residence_Rural'}, 'country_admin_region': {'reference': 'nigeria::01', 'reference_column': 'country_admin_region_nigeria::01'}}"
binary_lpm,model4_preferred_lpm,stunted,nigeria,country_admin_region_nigeria::34,-0.007,0.04,-0.086,0.072,0.867,9410,1343,37,weight_original,cluster_robust_psu,True,"{'child_sex': {'reference': 'Male', 'reference_column': 'child_sex_Male'}, 'maternal_education': {'reference': 'No education', 'reference_column': 'maternal_education_No education'}, 'literacy': {'reference': 'Cannot read at all', 'reference_column': 'literacy_Cannot read at all'}, 'wealth_quintile': {'reference': 'Poorest', 'reference_column': 'wealth_quintile_Poorest'}, 'residence': {'reference': 'Rural', 'reference_column': 'residence_Rural'}, 'country_admin_region': {'reference': 'nigeria::01', 'reference_column': 'country_admin_region_nigeria::01'}}"
binary_lpm,model4_preferred_lpm,stunted,nigeria,country_admin_region_nigeria::35,0.032,0.049,-0.065,0.128,0.52,9410,1343,37,weight_original,cluster_robust_psu,True,"{'child_sex': {'reference': 'Male', 'reference_column': 'child_sex_Male'}, 'maternal_education': {'reference': 'No education', 'reference_column': 'maternal_education_No education'}, 'literacy': {'reference': 'Cannot read at all', 'reference_column': 'literacy_Cannot read at all'}, 'wealth_quintile': {'reference': 'Poorest', 'reference_column': 'wealth_quintile_Poorest'}, 'residence': {'reference': 'Rural', 'reference_column': 'residence_Rural'}, 'country_admin_region': {'reference': 'nigeria::01', 'reference_column': 'country_admin_region_nigeria::01'}}"
binary_lpm,model4_preferred_lpm,stunted,nigeria,country_admin_region_nigeria::36,0.178,0.055,0.07,0.286,0.001,9410,1343,37,weight_original,cluster_robust_psu,True,"{'child_sex': {'reference': 'Male', 'reference_column': 'child_sex_Male'}, 'maternal_education': {'reference': 'No education', 'reference_column': 'maternal_education_No education'}, 'literacy': {'reference': 'Cannot read at all', 'reference_column': 'literacy_Cannot read at all'}, 'wealth_quintile': {'reference': 'Poorest', 'reference_column': 'wealth_quintile_Poorest'}, 'residence': {'reference': 'Rural', 'reference_column': 'residence_Rural'}, 'country_admin_region': {'reference': 'nigeria::01', 'reference_column': 'country_admin_region_nigeria::01'}}"
binary_lpm,model4_preferred_lpm,stunted,nigeria,country_admin_region_nigeria::37,0.046,0.039,-0.03,0.122,0.232,9410,1343,37,weight_original,cluster_robust_psu,True,"{'child_sex': {'reference': 'Male', 'reference_column': 'child_sex_Male'}, 'maternal_education': {'reference': 'No education', 'reference_column': 'maternal_education_No education'}, 'literacy': {'reference': 'Cannot read at all', 'reference_column': 'literacy_Cannot read at all'}, 'wealth_quintile': {'reference': 'Poorest', 'reference_column': 'wealth_quintile_Poorest'}, 'residence': {'reference': 'Rural', 'reference_column': 'residence_Rural'}, 'country_admin_region': {'reference': 'nigeria::01', 'reference_column': 'country_admin_region_nigeria::01'}}"
binary_lpm,model4_preferred_lpm,wasted,pooled,const,0.117,0.02,0.079,0.155,0.0,37088,4434,114,model_specific_equal_total_country_weight,cluster_robust_country_psu,True,"{'child_sex': {'reference': 'Male', 'reference_column': 'child_sex_Male'}, 'maternal_education': {'reference': 'No education', 'reference_column': 'maternal_education_No education'}, 'literacy': {'reference': 'Cannot read at all', 'reference_column': 'literacy_Cannot read at all'}, 'wealth_quintile': {'reference': 'Poorest', 'reference_column': 'wealth_quintile_Poorest'}, 'residence': {'reference': 'Rural', 'reference_column': 'residence_Rural'}, 'country_admin_region': {'reference': 'ethiopia::01', 'reference_column': 'country_admin_region_ethiopia::01'}}"
binary_lpm,model4_preferred_lpm,wasted,pooled,water_rate_loo,-0.004,0.008,-0.02,0.011,0.578,37088,4434,114,model_specific_equal_total_country_weight,cluster_robust_country_psu,True,"{'child_sex': {'reference': 'Male', 'reference_column': 'child_sex_Male'}, 'maternal_education': {'reference': 'No education', 'reference_column': 'maternal_education_No education'}, 'literacy': {'reference': 'Cannot read at all', 'reference_column': 'literacy_Cannot read at all'}, 'wealth_quintile': {'reference': 'Poorest', 'reference_column': 'wealth_quintile_Poorest'}, 'residence': {'reference': 'Rural', 'reference_column': 'residence_Rural'}, 'country_admin_region': {'reference': 'ethiopia::01', 'reference_column': 'country_admin_region_ethiopia::01'}}"
binary_lpm,model4_preferred_lpm,wasted,pooled,sanitation_rate_loo_core,-0.002,0.011,-0.023,0.019,0.817,37088,4434,114,model_specific_equal_total_country_weight,cluster_robust_country_psu,True,"{'child_sex': {'reference': 'Male', 'reference_column': 'child_sex_Male'}, 'maternal_education': {'reference': 'No education', 'reference_column': 'maternal_education_No education'}, 'literacy': {'reference': 'Cannot read at all', 'reference_column': 'literacy_Cannot read at all'}, 'wealth_quintile': {'reference': 'Poorest', 'reference_column': 'wealth_quintile_Poorest'}, 'residence': {'reference': 'Rural', 'reference_column': 'residence_Rural'}, 'country_admin_region': {'reference': 'ethiopia::01', 'reference_column': 'country_admin_region_ethiopia::01'}}"
binary_lpm,model4_preferred_lpm,wasted,pooled,b19_raw,-0.001,0.0,-0.001,-0.001,0.0,37088,4434,114,model_specific_equal_total_country_weight,cluster_robust_country_psu,True,"{'child_sex': {'reference': 'Male', 'reference_column': 'child_sex_Male'}, 'maternal_education': {'reference': 'No education', 'reference_column': 'maternal_education_No education'}, 'literacy': {'reference': 'Cannot read at all', 'reference_column': 'literacy_Cannot read at all'}, 'wealth_quintile': {'reference': 'Poorest', 'reference_column': 'wealth_quintile_Poorest'}, 'residence': {'reference': 'Rural', 'reference_column': 'residence_Rural'}, 'country_admin_region': {'reference': 'ethiopia::01', 'reference_column': 'country_admin_region_ethiopia::01'}}"
binary_lpm,model4_preferred_lpm,wasted,pooled,birth_order_raw,-0.001,0.002,-0.004,0.002,0.356,37088,4434,114,model_specific_equal_total_country_weight,cluster_robust_country_psu,True,"{'child_sex': {'reference': 'Male', 'reference_column': 'child_sex_Male'}, 'maternal_education': {'reference': 'No education', 'reference_column': 'maternal_education_No education'}, 'literacy': {'reference': 'Cannot read at all', 'reference_column': 'literacy_Cannot read at all'}, 'wealth_quintile': {'reference': 'Poorest', 'reference_column': 'wealth_quintile_Poorest'}, 'residence': {'reference': 'Rural', 'reference_column': 'residence_Rural'}, 'country_admin_region': {'reference': 'ethiopia::01', 'reference_column': 'country_admin_region_ethiopia::01'}}"
binary_lpm,model4_preferred_lpm,wasted,pooled,maternal_age,-0.0,0.001,-0.001,0.001,0.878,37088,4434,114,model_specific_equal_total_country_weight,cluster_robust_country_psu,True,"{'child_sex': {'reference': 'Male', 'reference_column': 'child_sex_Male'}, 'maternal_education': {'reference': 'No education', 'reference_column': 'maternal_education_No education'}, 'literacy': {'reference': 'Cannot read at all', 'reference_column': 'literacy_Cannot read at all'}, 'wealth_quintile': {'reference': 'Poorest', 'reference_column': 'wealth_quintile_Poorest'}, 'residence': {'reference': 'Rural', 'reference_column': 'residence_Rural'}, 'country_admin_region': {'reference': 'ethiopia::01', 'reference_column': 'country_admin_region_ethiopia::01'}}"
binary_lpm,model4_preferred_lpm,wasted,pooled,household_size_raw,0.0,0.001,-0.002,0.002,0.799,37088,4434,114,model_specific_equal_total_country_weight,cluster_robust_country_psu,True,"{'child_sex': {'reference': 'Male', 'reference_column': 'child_sex_Male'}, 'maternal_education': {'reference': 'No education', 'reference_column': 'maternal_education_No education'}, 'literacy': {'reference': 'Cannot read at all', 'reference_column': 'literacy_Cannot read at all'}, 'wealth_quintile': {'reference': 'Poorest', 'reference_column': 'wealth_quintile_Poorest'}, 'residence': {'reference': 'Rural', 'reference_column': 'residence_Rural'}, 'country_admin_region': {'reference': 'ethiopia::01', 'reference_column': 'country_admin_region_ethiopia::01'}}"
binary_lpm,model4_preferred_lpm,wasted,pooled,child_sex_Female,-0.014,0.004,-0.021,-0.006,0.0,37088,4434,114,model_specific_equal_total_country_weight,cluster_robust_country_psu,True,"{'child_sex': {'reference': 'Male', 'reference_column': 'child_sex_Male'}, 'maternal_education': {'reference': 'No education', 'reference_column': 'maternal_education_No education'}, 'literacy': {'reference': 'Cannot read at all', 'reference_column': 'literacy_Cannot read at all'}, 'wealth_quintile': {'reference': 'Poorest', 'reference_column': 'wealth_quintile_Poorest'}, 'residence': {'reference': 'Rural', 'reference_column': 'residence_Rural'}, 'country_admin_region': {'reference': 'ethiopia::01', 'reference_column': 'country_admin_region_ethiopia::01'}}"
binary_lpm,model4_preferred_lpm,wasted,pooled,maternal_education_Higher,-0.028,0.011,-0.051,-0.006,0.012,37088,4434,114,model_specific_equal_total_country_weight,cluster_robust_country_psu,True,"{'child_sex': {'reference': 'Male', 'reference_column': 'child_sex_Male'}, 'maternal_education': {'reference': 'No education', 'reference_column': 'maternal_education_No education'}, 'literacy': {'reference': 'Cannot read at all', 'reference_column': 'literacy_Cannot read at all'}, 'wealth_quintile': {'reference': 'Poorest', 'reference_column': 'wealth_quintile_Poorest'}, 'residence': {'reference': 'Rural', 'reference_column': 'residence_Rural'}, 'country_admin_region': {'reference': 'ethiopia::01', 'reference_column': 'country_admin_region_ethiopia::01'}}"
binary_lpm,model4_preferred_lpm,wasted,pooled,maternal_education_Primary,-0.013,0.008,-0.029,0.003,0.117,37088,4434,114,model_specific_equal_total_country_weight,cluster_robust_country_psu,True,"{'child_sex': {'reference': 'Male', 'reference_column': 'child_sex_Male'}, 'maternal_education': {'reference': 'No education', 'reference_column': 'maternal_education_No education'}, 'literacy': {'reference': 'Cannot read at all', 'reference_column': 'literacy_Cannot read at all'}, 'wealth_quintile': {'reference': 'Poorest', 'reference_column': 'wealth_quintile_Poorest'}, 'residence': {'reference': 'Rural', 'reference_column': 'residence_Rural'}, 'country_admin_region': {'reference': 'ethiopia::01', 'reference_column': 'country_admin_region_ethiopia::01'}}"
binary_lpm,model4_preferred_lpm,wasted,pooled,maternal_education_Secondary,-0.02,0.01,-0.039,-0.0,0.048,37088,4434,114,model_specific_equal_total_country_weight,cluster_robust_country_psu,True,"{'child_sex': {'reference': 'Male', 'reference_column': 'child_sex_Male'}, 'maternal_education': {'reference': 'No education', 'reference_column': 'maternal_education_No education'}, 'literacy': {'reference': 'Cannot read at all', 'reference_column': 'literacy_Cannot read at all'}, 'wealth_quintile': {'reference': 'Poorest', 'reference_column': 'wealth_quintile_Poorest'}, 'residence': {'reference': 'Rural', 'reference_column': 'residence_Rural'}, 'country_admin_region': {'reference': 'ethiopia::01', 'reference_column': 'country_admin_region_ethiopia::01'}}"
binary_lpm,model4_preferred_lpm,wasted,pooled,literacy_Able to read only parts of sentence,-0.009,0.008,-0.024,0.006,0.232,37088,4434,114,model_specific_equal_total_country_weight,cluster_robust_country_psu,True,"{'child_sex': {'reference': 'Male', 'reference_column': 'child_sex_Male'}, 'maternal_education': {'reference': 'No education', 'reference_column': 'maternal_education_No education'}, 'literacy': {'reference': 'Cannot read at all', 'reference_column': 'literacy_Cannot read at all'}, 'wealth_quintile': {'reference': 'Poorest', 'reference_column': 'wealth_quintile_Poorest'}, 'residence': {'reference': 'Rural', 'reference_column': 'residence_Rural'}, 'country_admin_region': {'reference': 'ethiopia::01', 'reference_column': 'country_admin_region_ethiopia::01'}}"
binary_lpm,model4_preferred_lpm,wasted,pooled,literacy_Able to read whole sentence,-0.01,0.008,-0.026,0.005,0.2,37088,4434,114,model_specific_equal_total_country_weight,cluster_robust_country_psu,True,"{'child_sex': {'reference': 'Male', 'reference_column': 'child_sex_Male'}, 'maternal_education': {'reference': 'No education', 'reference_column': 'maternal_education_No education'}, 'literacy': {'reference': 'Cannot read at all', 'reference_column': 'literacy_Cannot read at all'}, 'wealth_quintile': {'reference': 'Poorest', 'reference_column': 'wealth_quintile_Poorest'}, 'residence': {'reference': 'Rural', 'reference_column': 'residence_Rural'}, 'country_admin_region': {'reference': 'ethiopia::01', 'reference_column': 'country_admin_region_ethiopia::01'}}"
binary_lpm,model4_preferred_lpm,wasted,pooled,literacy_Blind/visually impaired,-0.05,0.017,-0.083,-0.018,0.002,37088,4434,114,model_specific_equal_total_country_weight,cluster_robust_country_psu,True,"{'child_sex': {'reference': 'Male', 'reference_column': 'child_sex_Male'}, 'maternal_education': {'reference': 'No education', 'reference_column': 'maternal_education_No education'}, 'literacy': {'reference': 'Cannot read at all', 'reference_column': 'literacy_Cannot read at all'}, 'wealth_quintile': {'reference': 'Poorest', 'reference_column': 'wealth_quintile_Poorest'}, 'residence': {'reference': 'Rural', 'reference_column': 'residence_Rural'}, 'country_admin_region': {'reference': 'ethiopia::01', 'reference_column': 'country_admin_region_ethiopia::01'}}"
binary_lpm,model4_preferred_lpm,wasted,pooled,literacy_No card with required language,-0.059,0.009,-0.077,-0.04,0.0,37088,4434,114,model_specific_equal_total_country_weight,cluster_robust_country_psu,True,"{'child_sex': {'reference': 'Male', 'reference_column': 'child_sex_Male'}, 'maternal_education': {'reference': 'No education', 'reference_column': 'maternal_education_No education'}, 'literacy': {'reference': 'Cannot read at all', 'reference_column': 'literacy_Cannot read at all'}, 'wealth_quintile': {'reference': 'Poorest', 'reference_column': 'wealth_quintile_Poorest'}, 'residence': {'reference': 'Rural', 'reference_column': 'residence_Rural'}, 'country_admin_region': {'reference': 'ethiopia::01', 'reference_column': 'country_admin_region_ethiopia::01'}}"
binary_lpm,model4_preferred_lpm,wasted,pooled,wealth_quintile_Middle,-0.02,0.007,-0.034,-0.006,0.006,37088,4434,114,model_specific_equal_total_country_weight,cluster_robust_country_psu,True,"{'child_sex': {'reference': 'Male', 'reference_column': 'child_sex_Male'}, 'maternal_education': {'reference': 'No education', 'reference_column': 'maternal_education_No education'}, 'literacy': {'reference': 'Cannot read at all', 'reference_column': 'literacy_Cannot read at all'}, 'wealth_quintile': {'reference': 'Poorest', 'reference_column': 'wealth_quintile_Poorest'}, 'residence': {'reference': 'Rural', 'reference_column': 'residence_Rural'}, 'country_admin_region': {'reference': 'ethiopia::01', 'reference_column': 'country_admin_region_ethiopia::01'}}"
binary_lpm,model4_preferred_lpm,wasted,pooled,wealth_quintile_Poorer,-0.01,0.007,-0.023,0.003,0.126,37088,4434,114,model_specific_equal_total_country_weight,cluster_robust_country_psu,True,"{'child_sex': {'reference': 'Male', 'reference_column': 'child_sex_Male'}, 'maternal_education': {'reference': 'No education', 'reference_column': 'maternal_education_No education'}, 'literacy': {'reference': 'Cannot read at all', 'reference_column': 'literacy_Cannot read at all'}, 'wealth_quintile': {'reference': 'Poorest', 'reference_column': 'wealth_quintile_Poorest'}, 'residence': {'reference': 'Rural', 'reference_column': 'residence_Rural'}, 'country_admin_region': {'reference': 'ethiopia::01', 'reference_column': 'country_admin_region_ethiopia::01'}}"
binary_lpm,model4_preferred_lpm,wasted,pooled,wealth_quintile_Richer,-0.014,0.009,-0.031,0.004,0.12,37088,4434,114,model_specific_equal_total_country_weight,cluster_robust_country_psu,True,"{'child_sex': {'reference': 'Male', 'reference_column': 'child_sex_Male'}, 'maternal_education': {'reference': 'No education', 'reference_column': 'maternal_education_No education'}, 'literacy': {'reference': 'Cannot read at all', 'reference_column': 'literacy_Cannot read at all'}, 'wealth_quintile': {'reference': 'Poorest', 'reference_column': 'wealth_quintile_Poorest'}, 'residence': {'reference': 'Rural', 'reference_column': 'residence_Rural'}, 'country_admin_region': {'reference': 'ethiopia::01', 'reference_column': 'country_admin_region_ethiopia::01'}}"
binary_lpm,model4_preferred_lpm,wasted,pooled,wealth_quintile_Richest,-0.013,0.011,-0.035,0.008,0.224,37088,4434,114,model_specific_equal_total_country_weight,cluster_robust_country_psu,True,"{'child_sex': {'reference': 'Male', 'reference_column': 'child_sex_Male'}, 'maternal_education': {'reference': 'No education', 'reference_column': 'maternal_education_No education'}, 'literacy': {'reference': 'Cannot read at all', 'reference_column': 'literacy_Cannot read at all'}, 'wealth_quintile': {'reference': 'Poorest', 'reference_column': 'wealth_quintile_Poorest'}, 'residence': {'reference': 'Rural', 'reference_column': 'residence_Rural'}, 'country_admin_region': {'reference': 'ethiopia::01', 'reference_column': 'country_admin_region_ethiopia::01'}}"
binary_lpm,model4_preferred_lpm,wasted,pooled,residence_Urban,0.013,0.006,0.001,0.024,0.032,37088,4434,114,model_specific_equal_total_country_weight,cluster_robust_country_psu,True,"{'child_sex': {'reference': 'Male', 'reference_column': 'child_sex_Male'}, 'maternal_education': {'reference': 'No education', 'reference_column': 'maternal_education_No education'}, 'literacy': {'reference': 'Cannot read at all', 'reference_column': 'literacy_Cannot read at all'}, 'wealth_quintile': {'reference': 'Poorest', 'reference_column': 'wealth_quintile_Poorest'}, 'residence': {'reference': 'Rural', 'reference_column': 'residence_Rural'}, 'country_admin_region': {'reference': 'ethiopia::01', 'reference_column': 'country_admin_region_ethiopia::01'}}"
binary_lpm,model4_preferred_lpm,wasted,pooled,country_admin_region_ethiopia::02,0.039,0.019,0.002,0.075,0.037,37088,4434,114,model_specific_equal_total_country_weight,cluster_robust_country_psu,True,"{'child_sex': {'reference': 'Male', 'reference_column': 'child_sex_Male'}, 'maternal_education': {'reference': 'No education', 'reference_column': 'maternal_education_No education'}, 'literacy': {'reference': 'Cannot read at all', 'reference_column': 'literacy_Cannot read at all'}, 'wealth_quintile': {'reference': 'Poorest', 'reference_column': 'wealth_quintile_Poorest'}, 'residence': {'reference': 'Rural', 'reference_column': 'residence_Rural'}, 'country_admin_region': {'reference': 'ethiopia::01', 'reference_column': 'country_admin_region_ethiopia::01'}}"
binary_lpm,model4_preferred_lpm,wasted,pooled,country_admin_region_ethiopia::03,0.002,0.016,-0.028,0.032,0.896,37088,4434,114,model_specific_equal_total_country_weight,cluster_robust_country_psu,True,"{'child_sex': {'reference': 'Male', 'reference_column': 'child_sex_Male'}, 'maternal_education': {'reference': 'No education', 'reference_column': 'maternal_education_No education'}, 'literacy': {'reference': 'Cannot read at all', 'reference_column': 'literacy_Cannot read at all'}, 'wealth_quintile': {'reference': 'Poorest', 'reference_column': 'wealth_quintile_Poorest'}, 'residence': {'reference': 'Rural', 'reference_column': 'residence_Rural'}, 'country_admin_region': {'reference': 'ethiopia::01', 'reference_column': 'country_admin_region_ethiopia::01'}}"
binary_lpm,model4_preferred_lpm,wasted,pooled,country_admin_region_ethiopia::04,-0.011,0.016,-0.042,0.019,0.465,37088,4434,114,model_specific_equal_total_country_weight,cluster_robust_country_psu,True,"{'child_sex': {'reference': 'Male', 'reference_column': 'child_sex_Male'}, 'maternal_education': {'reference': 'No education', 'reference_column': 'maternal_education_No education'}, 'literacy': {'reference': 'Cannot read at all', 'reference_column': 'literacy_Cannot read at all'}, 'wealth_quintile': {'reference': 'Poorest', 'reference_column': 'wealth_quintile_Poorest'}, 'residence': {'reference': 'Rural', 'reference_column': 'residence_Rural'}, 'country_admin_region': {'reference': 'ethiopia::01', 'reference_column': 'country_admin_region_ethiopia::01'}}"
binary_lpm,model4_preferred_lpm,wasted,pooled,country_admin_region_ethiopia::05,0.067,0.02,0.028,0.106,0.001,37088,4434,114,model_specific_equal_total_country_weight,cluster_robust_country_psu,True,"{'child_sex': {'reference': 'Male', 'reference_column': 'child_sex_Male'}, 'maternal_education': {'reference': 'No education', 'reference_column': 'maternal_education_No education'}, 'literacy': {'reference': 'Cannot read at all', 'reference_column': 'literacy_Cannot read at all'}, 'wealth_quintile': {'reference': 'Poorest', 'reference_column': 'wealth_quintile_Poorest'}, 'residence': {'reference': 'Rural', 'reference_column': 'residence_Rural'}, 'country_admin_region': {'reference': 'ethiopia::01', 'reference_column': 'country_admin_region_ethiopia::01'}}"
binary_lpm,model4_preferred_lpm,wasted,pooled,country_admin_region_ethiopia::06,-0.01,0.016,-0.041,0.02,0.513,37088,4434,114,model_specific_equal_total_country_weight,cluster_robust_country_psu,True,"{'child_sex': {'reference': 'Male', 'reference_column': 'child_sex_Male'}, 'maternal_education': {'reference': 'No education', 'reference_column': 'maternal_education_No education'}, 'literacy': {'reference': 'Cannot read at all', 'reference_column': 'literacy_Cannot read at all'}, 'wealth_quintile': {'reference': 'Poorest', 'reference_column': 'wealth_quintile_Poorest'}, 'residence': {'reference': 'Rural', 'reference_column': 'residence_Rural'}, 'country_admin_region': {'reference': 'ethiopia::01', 'reference_column': 'country_admin_region_ethiopia::01'}}"
binary_lpm,model4_preferred_lpm,wasted,pooled,country_admin_region_ethiopia::07,-0.01,0.017,-0.043,0.022,0.531,37088,4434,114,model_specific_equal_total_country_weight,cluster_robust_country_psu,True,"{'child_sex': {'reference': 'Male', 'reference_column': 'child_sex_Male'}, 'maternal_education': {'reference': 'No education', 'reference_column': 'maternal_education_No education'}, 'literacy': {'reference': 'Cannot read at all', 'reference_column': 'literacy_Cannot read at all'}, 'wealth_quintile': {'reference': 'Poorest', 'reference_column': 'wealth_quintile_Poorest'}, 'residence': {'reference': 'Rural', 'reference_column': 'residence_Rural'}, 'country_admin_region': {'reference': 'ethiopia::01', 'reference_column': 'country_admin_region_ethiopia::01'}}"
binary_lpm,model4_preferred_lpm,wasted,pooled,country_admin_region_ethiopia::08,-0.007,0.017,-0.04,0.027,0.684,37088,4434,114,model_specific_equal_total_country_weight,cluster_robust_country_psu,True,"{'child_sex': {'reference': 'Male', 'reference_column': 'child_sex_Male'}, 'maternal_education': {'reference': 'No education', 'reference_column': 'maternal_education_No education'}, 'literacy': {'reference': 'Cannot read at all', 'reference_column': 'literacy_Cannot read at all'}, 'wealth_quintile': {'reference': 'Poorest', 'reference_column': 'wealth_quintile_Poorest'}, 'residence': {'reference': 'Rural', 'reference_column': 'residence_Rural'}, 'country_admin_region': {'reference': 'ethiopia::01', 'reference_column': 'country_admin_region_ethiopia::01'}}"
binary_lpm,model4_preferred_lpm,wasted,pooled,country_admin_region_ethiopia::09,-0.024,0.017,-0.056,0.009,0.159,37088,4434,114,model_specific_equal_total_country_weight,cluster_robust_country_psu,True,"{'child_sex': {'reference': 'Male', 'reference_column': 'child_sex_Male'}, 'maternal_education': {'reference': 'No education', 'reference_column': 'maternal_education_No education'}, 'literacy': {'reference': 'Cannot read at all', 'reference_column': 'literacy_Cannot read at all'}, 'wealth_quintile': {'reference': 'Poorest', 'reference_column': 'wealth_quintile_Poorest'}, 'residence': {'reference': 'Rural', 'reference_column': 'residence_Rural'}, 'country_admin_region': {'reference': 'ethiopia::01', 'reference_column': 'country_admin_region_ethiopia::01'}}"
binary_lpm,model4_preferred_lpm,wasted,pooled,country_admin_region_ethiopia::10,-0.002,0.019,-0.038,0.035,0.936,37088,4434,114,model_specific_equal_total_country_weight,cluster_robust_country_psu,True,"{'child_sex': {'reference': 'Male', 'reference_column': 'child_sex_Male'}, 'maternal_education': {'reference': 'No education', 'reference_column': 'maternal_education_No education'}, 'literacy': {'reference': 'Cannot read at all', 'reference_column': 'literacy_Cannot read at all'}, 'wealth_quintile': {'reference': 'Poorest', 'reference_column': 'wealth_quintile_Poorest'}, 'residence': {'reference': 'Rural', 'reference_column': 'residence_Rural'}, 'country_admin_region': {'reference': 'ethiopia::01', 'reference_column': 'country_admin_region_ethiopia::01'}}"
binary_lpm,model4_preferred_lpm,wasted,pooled,country_admin_region_ethiopia::12,0.084,0.024,0.038,0.131,0.0,37088,4434,114,model_specific_equal_total_country_weight,cluster_robust_country_psu,True,"{'child_sex': {'reference': 'Male', 'reference_column': 'child_sex_Male'}, 'maternal_education': {'reference': 'No education', 'reference_column': 'maternal_education_No education'}, 'literacy': {'reference': 'Cannot read at all', 'reference_column': 'literacy_Cannot read at all'}, 'wealth_quintile': {'reference': 'Poorest', 'reference_column': 'wealth_quintile_Poorest'}, 'residence': {'reference': 'Rural', 'reference_column': 'residence_Rural'}, 'country_admin_region': {'reference': 'ethiopia::01', 'reference_column': 'country_admin_region_ethiopia::01'}}"
binary_lpm,model4_preferred_lpm,wasted,pooled,country_admin_region_ethiopia::13,-0.021,0.017,-0.055,0.013,0.228,37088,4434,114,model_specific_equal_total_country_weight,cluster_robust_country_psu,True,"{'child_sex': {'reference': 'Male', 'reference_column': 'child_sex_Male'}, 'maternal_education': {'reference': 'No education', 'reference_column': 'maternal_education_No education'}, 'literacy': {'reference': 'Cannot read at all', 'reference_column': 'literacy_Cannot read at all'}, 'wealth_quintile': {'reference': 'Poorest', 'reference_column': 'wealth_quintile_Poorest'}, 'residence': {'reference': 'Rural', 'reference_column': 'residence_Rural'}, 'country_admin_region': {'reference': 'ethiopia::01', 'reference_column': 'country_admin_region_ethiopia::01'}}"
binary_lpm,model4_preferred_lpm,wasted,pooled,country_admin_region_ethiopia::14,-0.018,0.018,-0.052,0.016,0.303,37088,4434,114,model_specific_equal_total_country_weight,cluster_robust_country_psu,True,"{'child_sex': {'reference': 'Male', 'reference_column': 'child_sex_Male'}, 'maternal_education': {'reference': 'No education', 'reference_column': 'maternal_education_No education'}, 'literacy': {'reference': 'Cannot read at all', 'reference_column': 'literacy_Cannot read at all'}, 'wealth_quintile': {'reference': 'Poorest', 'reference_column': 'wealth_quintile_Poorest'}, 'residence': {'reference': 'Rural', 'reference_column': 'residence_Rural'}, 'country_admin_region': {'reference': 'ethiopia::01', 'reference_column': 'country_admin_region_ethiopia::01'}}"
binary_lpm,model4_preferred_lpm,wasted,pooled,country_admin_region_ethiopia::15,0.016,0.022,-0.027,0.06,0.465,37088,4434,114,model_specific_equal_total_country_weight,cluster_robust_country_psu,True,"{'child_sex': {'reference': 'Male', 'reference_column': 'child_sex_Male'}, 'maternal_education': {'reference': 'No education', 'reference_column': 'maternal_education_No education'}, 'literacy': {'reference': 'Cannot read at all', 'reference_column': 'literacy_Cannot read at all'}, 'wealth_quintile': {'reference': 'Poorest', 'reference_column': 'wealth_quintile_Poorest'}, 'residence': {'reference': 'Rural', 'reference_column': 'residence_Rural'}, 'country_admin_region': {'reference': 'ethiopia::01', 'reference_column': 'country_admin_region_ethiopia::01'}}"
binary_lpm,model4_preferred_lpm,wasted,pooled,country_admin_region_ghana::01,0.011,0.018,-0.025,0.046,0.558,37088,4434,114,model_specific_equal_total_country_weight,cluster_robust_country_psu,True,"{'child_sex': {'reference': 'Male', 'reference_column': 'child_sex_Male'}, 'maternal_education': {'reference': 'No education', 'reference_column': 'maternal_education_No education'}, 'literacy': {'reference': 'Cannot read at all', 'reference_column': 'literacy_Cannot read at all'}, 'wealth_quintile': {'reference': 'Poorest', 'reference_column': 'wealth_quintile_Poorest'}, 'residence': {'reference': 'Rural', 'reference_column': 'residence_Rural'}, 'country_admin_region': {'reference': 'ethiopia::01', 'reference_column': 'country_admin_region_ethiopia::01'}}"
binary_lpm,model4_preferred_lpm,wasted,pooled,country_admin_region_ghana::02,0.036,0.022,-0.007,0.078,0.099,37088,4434,114,model_specific_equal_total_country_weight,cluster_robust_country_psu,True,"{'child_sex': {'reference': 'Male', 'reference_column': 'child_sex_Male'}, 'maternal_education': {'reference': 'No education', 'reference_column': 'maternal_education_No education'}, 'literacy': {'reference': 'Cannot read at all', 'reference_column': 'literacy_Cannot read at all'}, 'wealth_quintile': {'reference': 'Poorest', 'reference_column': 'wealth_quintile_Poorest'}, 'residence': {'reference': 'Rural', 'reference_column': 'residence_Rural'}, 'country_admin_region': {'reference': 'ethiopia::01', 'reference_column': 'country_admin_region_ethiopia::01'}}"
binary_lpm,model4_preferred_lpm,wasted,pooled,country_admin_region_ghana::03,0.006,0.026,-0.045,0.057,0.824,37088,4434,114,model_specific_equal_total_country_weight,cluster_robust_country_psu,True,"{'child_sex': {'reference': 'Male', 'reference_column': 'child_sex_Male'}, 'maternal_education': {'reference': 'No education', 'reference_column': 'maternal_education_No education'}, 'literacy': {'reference': 'Cannot read at all', 'reference_column': 'literacy_Cannot read at all'}, 'wealth_quintile': {'reference': 'Poorest', 'reference_column': 'wealth_quintile_Poorest'}, 'residence': {'reference': 'Rural', 'reference_column': 'residence_Rural'}, 'country_admin_region': {'reference': 'ethiopia::01', 'reference_column': 'country_admin_region_ethiopia::01'}}"
binary_lpm,model4_preferred_lpm,wasted,pooled,country_admin_region_ghana::04,0.041,0.025,-0.007,0.09,0.094,37088,4434,114,model_specific_equal_total_country_weight,cluster_robust_country_psu,True,"{'child_sex': {'reference': 'Male', 'reference_column': 'child_sex_Male'}, 'maternal_education': {'reference': 'No education', 'reference_column': 'maternal_education_No education'}, 'literacy': {'reference': 'Cannot read at all', 'reference_column': 'literacy_Cannot read at all'}, 'wealth_quintile': {'reference': 'Poorest', 'reference_column': 'wealth_quintile_Poorest'}, 'residence': {'reference': 'Rural', 'reference_column': 'residence_Rural'}, 'country_admin_region': {'reference': 'ethiopia::01', 'reference_column': 'country_admin_region_ethiopia::01'}}"
binary_lpm,model4_preferred_lpm,wasted,pooled,country_admin_region_ghana::05,-0.002,0.02,-0.042,0.037,0.913,37088,4434,114,model_specific_equal_total_country_weight,cluster_robust_country_psu,True,"{'child_sex': {'reference': 'Male', 'reference_column': 'child_sex_Male'}, 'maternal_education': {'reference': 'No education', 'reference_column': 'maternal_education_No education'}, 'literacy': {'reference': 'Cannot read at all', 'reference_column': 'literacy_Cannot read at all'}, 'wealth_quintile': {'reference': 'Poorest', 'reference_column': 'wealth_quintile_Poorest'}, 'residence': {'reference': 'Rural', 'reference_column': 'residence_Rural'}, 'country_admin_region': {'reference': 'ethiopia::01', 'reference_column': 'country_admin_region_ethiopia::01'}}"
binary_lpm,model4_preferred_lpm,wasted,pooled,country_admin_region_ghana::06,0.037,0.019,-0.0,0.074,0.051,37088,4434,114,model_specific_equal_total_country_weight,cluster_robust_country_psu,True,"{'child_sex': {'reference': 'Male', 'reference_column': 'child_sex_Male'}, 'maternal_education': {'reference': 'No education', 'reference_column': 'maternal_education_No education'}, 'literacy': {'reference': 'Cannot read at all', 'reference_column': 'literacy_Cannot read at all'}, 'wealth_quintile': {'reference': 'Poorest', 'reference_column': 'wealth_quintile_Poorest'}, 'residence': {'reference': 'Rural', 'reference_column': 'residence_Rural'}, 'country_admin_region': {'reference': 'ethiopia::01', 'reference_column': 'country_admin_region_ethiopia::01'}}"
binary_lpm,model4_preferred_lpm,wasted,pooled,country_admin_region_ghana::07,-0.03,0.016,-0.062,0.001,0.057,37088,4434,114,model_specific_equal_total_country_weight,cluster_robust_country_psu,True,"{'child_sex': {'reference': 'Male', 'reference_column': 'child_sex_Male'}, 'maternal_education': {'reference': 'No education', 'reference_column': 'maternal_education_No education'}, 'literacy': {'reference': 'Cannot read at all', 'reference_column': 'literacy_Cannot read at all'}, 'wealth_quintile': {'reference': 'Poorest', 'reference_column': 'wealth_quintile_Poorest'}, 'residence': {'reference': 'Rural', 'reference_column': 'residence_Rural'}, 'country_admin_region': {'reference': 'ethiopia::01', 'reference_column': 'country_admin_region_ethiopia::01'}}"
binary_lpm,model4_preferred_lpm,wasted,pooled,country_admin_region_ghana::08,-0.01,0.02,-0.049,0.03,0.629,37088,4434,114,model_specific_equal_total_country_weight,cluster_robust_country_psu,True,"{'child_sex': {'reference': 'Male', 'reference_column': 'child_sex_Male'}, 'maternal_education': {'reference': 'No education', 'reference_column': 'maternal_education_No education'}, 'literacy': {'reference': 'Cannot read at all', 'reference_column': 'literacy_Cannot read at all'}, 'wealth_quintile': {'reference': 'Poorest', 'reference_column': 'wealth_quintile_Poorest'}, 'residence': {'reference': 'Rural', 'reference_column': 'residence_Rural'}, 'country_admin_region': {'reference': 'ethiopia::01', 'reference_column': 'country_admin_region_ethiopia::01'}}"
binary_lpm,model4_preferred_lpm,wasted,pooled,country_admin_region_ghana::09,-0.008,0.023,-0.053,0.037,0.717,37088,4434,114,model_specific_equal_total_country_weight,cluster_robust_country_psu,True,"{'child_sex': {'reference': 'Male', 'reference_column': 'child_sex_Male'}, 'maternal_education': {'reference': 'No education', 'reference_column': 'maternal_education_No education'}, 'literacy': {'reference': 'Cannot read at all', 'reference_column': 'literacy_Cannot read at all'}, 'wealth_quintile': {'reference': 'Poorest', 'reference_column': 'wealth_quintile_Poorest'}, 'residence': {'reference': 'Rural', 'reference_column': 'residence_Rural'}, 'country_admin_region': {'reference': 'ethiopia::01', 'reference_column': 'country_admin_region_ethiopia::01'}}"
binary_lpm,model4_preferred_lpm,wasted,pooled,country_admin_region_ghana::10,-0.001,0.02,-0.04,0.038,0.944,37088,4434,114,model_specific_equal_total_country_weight,cluster_robust_country_psu,True,"{'child_sex': {'reference': 'Male', 'reference_column': 'child_sex_Male'}, 'maternal_education': {'reference': 'No education', 'reference_column': 'maternal_education_No education'}, 'literacy': {'reference': 'Cannot read at all', 'reference_column': 'literacy_Cannot read at all'}, 'wealth_quintile': {'reference': 'Poorest', 'reference_column': 'wealth_quintile_Poorest'}, 'residence': {'reference': 'Rural', 'reference_column': 'residence_Rural'}, 'country_admin_region': {'reference': 'ethiopia::01', 'reference_column': 'country_admin_region_ethiopia::01'}}"
binary_lpm,model4_preferred_lpm,wasted,pooled,country_admin_region_ghana::11,0.014,0.02,-0.026,0.054,0.487,37088,4434,114,model_specific_equal_total_country_weight,cluster_robust_country_psu,True,"{'child_sex': {'reference': 'Male', 'reference_column': 'child_sex_Male'}, 'maternal_education': {'reference': 'No education', 'reference_column': 'maternal_education_No education'}, 'literacy': {'reference': 'Cannot read at all', 'reference_column': 'literacy_Cannot read at all'}, 'wealth_quintile': {'reference': 'Poorest', 'reference_column': 'wealth_quintile_Poorest'}, 'residence': {'reference': 'Rural', 'reference_column': 'residence_Rural'}, 'country_admin_region': {'reference': 'ethiopia::01', 'reference_column': 'country_admin_region_ethiopia::01'}}"
binary_lpm,model4_preferred_lpm,wasted,pooled,country_admin_region_ghana::12,0.012,0.018,-0.023,0.048,0.5,37088,4434,114,model_specific_equal_total_country_weight,cluster_robust_country_psu,True,"{'child_sex': {'reference': 'Male', 'reference_column': 'child_sex_Male'}, 'maternal_education': {'reference': 'No education', 'reference_column': 'maternal_education_No education'}, 'literacy': {'reference': 'Cannot read at all', 'reference_column': 'literacy_Cannot read at all'}, 'wealth_quintile': {'reference': 'Poorest', 'reference_column': 'wealth_quintile_Poorest'}, 'residence': {'reference': 'Rural', 'reference_column': 'residence_Rural'}, 'country_admin_region': {'reference': 'ethiopia::01', 'reference_column': 'country_admin_region_ethiopia::01'}}"
binary_lpm,model4_preferred_lpm,wasted,pooled,country_admin_region_ghana::13,-0.016,0.017,-0.049,0.018,0.354,37088,4434,114,model_specific_equal_total_country_weight,cluster_robust_country_psu,True,"{'child_sex': {'reference': 'Male', 'reference_column': 'child_sex_Male'}, 'maternal_education': {'reference': 'No education', 'reference_column': 'maternal_education_No education'}, 'literacy': {'reference': 'Cannot read at all', 'reference_column': 'literacy_Cannot read at all'}, 'wealth_quintile': {'reference': 'Poorest', 'reference_column': 'wealth_quintile_Poorest'}, 'residence': {'reference': 'Rural', 'reference_column': 'residence_Rural'}, 'country_admin_region': {'reference': 'ethiopia::01', 'reference_column': 'country_admin_region_ethiopia::01'}}"
binary_lpm,model4_preferred_lpm,wasted,pooled,country_admin_region_ghana::14,0.015,0.018,-0.019,0.049,0.391,37088,4434,114,model_specific_equal_total_country_weight,cluster_robust_country_psu,True,"{'child_sex': {'reference': 'Male', 'reference_column': 'child_sex_Male'}, 'maternal_education': {'reference': 'No education', 'reference_column': 'maternal_education_No education'}, 'literacy': {'reference': 'Cannot read at all', 'reference_column': 'literacy_Cannot read at all'}, 'wealth_quintile': {'reference': 'Poorest', 'reference_column': 'wealth_quintile_Poorest'}, 'residence': {'reference': 'Rural', 'reference_column': 'residence_Rural'}, 'country_admin_region': {'reference': 'ethiopia::01', 'reference_column': 'country_admin_region_ethiopia::01'}}"
binary_lpm,model4_preferred_lpm,wasted,pooled,country_admin_region_ghana::15,-0.029,0.016,-0.061,0.003,0.079,37088,4434,114,model_specific_equal_total_country_weight,cluster_robust_country_psu,True,"{'child_sex': {'reference': 'Male', 'reference_column': 'child_sex_Male'}, 'maternal_education': {'reference': 'No education', 'reference_column': 'maternal_education_No education'}, 'literacy': {'reference': 'Cannot read at all', 'reference_column': 'literacy_Cannot read at all'}, 'wealth_quintile': {'reference': 'Poorest', 'reference_column': 'wealth_quintile_Poorest'}, 'residence': {'reference': 'Rural', 'reference_column': 'residence_Rural'}, 'country_admin_region': {'reference': 'ethiopia::01', 'reference_column': 'country_admin_region_ethiopia::01'}}"
binary_lpm,model4_preferred_lpm,wasted,pooled,country_admin_region_ghana::16,0.011,0.019,-0.027,0.049,0.563,37088,4434,114,model_specific_equal_total_country_weight,cluster_robust_country_psu,True,"{'child_sex': {'reference': 'Male', 'reference_column': 'child_sex_Male'}, 'maternal_education': {'reference': 'No education', 'reference_column': 'maternal_education_No education'}, 'literacy': {'reference': 'Cannot read at all', 'reference_column': 'literacy_Cannot read at all'}, 'wealth_quintile': {'reference': 'Poorest', 'reference_column': 'wealth_quintile_Poorest'}, 'residence': {'reference': 'Rural', 'reference_column': 'residence_Rural'}, 'country_admin_region': {'reference': 'ethiopia::01', 'reference_column': 'country_admin_region_ethiopia::01'}}"
binary_lpm,model4_preferred_lpm,wasted,pooled,country_admin_region_kenya::01,0.003,0.019,-0.034,0.04,0.879,37088,4434,114,model_specific_equal_total_country_weight,cluster_robust_country_psu,True,"{'child_sex': {'reference': 'Male', 'reference_column': 'child_sex_Male'}, 'maternal_education': {'reference': 'No education', 'reference_column': 'maternal_education_No education'}, 'literacy': {'reference': 'Cannot read at all', 'reference_column': 'literacy_Cannot read at all'}, 'wealth_quintile': {'reference': 'Poorest', 'reference_column': 'wealth_quintile_Poorest'}, 'residence': {'reference': 'Rural', 'reference_column': 'residence_Rural'}, 'country_admin_region': {'reference': 'ethiopia::01', 'reference_column': 'country_admin_region_ethiopia::01'}}"
binary_lpm,model4_preferred_lpm,wasted,pooled,country_admin_region_kenya::02,0.007,0.017,-0.027,0.04,0.691,37088,4434,114,model_specific_equal_total_country_weight,cluster_robust_country_psu,True,"{'child_sex': {'reference': 'Male', 'reference_column': 'child_sex_Male'}, 'maternal_education': {'reference': 'No education', 'reference_column': 'maternal_education_No education'}, 'literacy': {'reference': 'Cannot read at all', 'reference_column': 'literacy_Cannot read at all'}, 'wealth_quintile': {'reference': 'Poorest', 'reference_column': 'wealth_quintile_Poorest'}, 'residence': {'reference': 'Rural', 'reference_column': 'residence_Rural'}, 'country_admin_region': {'reference': 'ethiopia::01', 'reference_column': 'country_admin_region_ethiopia::01'}}"
binary_lpm,model4_preferred_lpm,wasted,pooled,country_admin_region_kenya::03,0.026,0.02,-0.013,0.066,0.194,37088,4434,114,model_specific_equal_total_country_weight,cluster_robust_country_psu,True,"{'child_sex': {'reference': 'Male', 'reference_column': 'child_sex_Male'}, 'maternal_education': {'reference': 'No education', 'reference_column': 'maternal_education_No education'}, 'literacy': {'reference': 'Cannot read at all', 'reference_column': 'literacy_Cannot read at all'}, 'wealth_quintile': {'reference': 'Poorest', 'reference_column': 'wealth_quintile_Poorest'}, 'residence': {'reference': 'Rural', 'reference_column': 'residence_Rural'}, 'country_admin_region': {'reference': 'ethiopia::01', 'reference_column': 'country_admin_region_ethiopia::01'}}"
binary_lpm,model4_preferred_lpm,wasted,pooled,country_admin_region_kenya::04,0.048,0.018,0.013,0.084,0.008,37088,4434,114,model_specific_equal_total_country_weight,cluster_robust_country_psu,True,"{'child_sex': {'reference': 'Male', 'reference_column': 'child_sex_Male'}, 'maternal_education': {'reference': 'No education', 'reference_column': 'maternal_education_No education'}, 'literacy': {'reference': 'Cannot read at all', 'reference_column': 'literacy_Cannot read at all'}, 'wealth_quintile': {'reference': 'Poorest', 'reference_column': 'wealth_quintile_Poorest'}, 'residence': {'reference': 'Rural', 'reference_column': 'residence_Rural'}, 'country_admin_region': {'reference': 'ethiopia::01', 'reference_column': 'country_admin_region_ethiopia::01'}}"
binary_lpm,model4_preferred_lpm,wasted,pooled,country_admin_region_kenya::05,-0.012,0.016,-0.043,0.018,0.426,37088,4434,114,model_specific_equal_total_country_weight,cluster_robust_country_psu,True,"{'child_sex': {'reference': 'Male', 'reference_column': 'child_sex_Male'}, 'maternal_education': {'reference': 'No education', 'reference_column': 'maternal_education_No education'}, 'literacy': {'reference': 'Cannot read at all', 'reference_column': 'literacy_Cannot read at all'}, 'wealth_quintile': {'reference': 'Poorest', 'reference_column': 'wealth_quintile_Poorest'}, 'residence': {'reference': 'Rural', 'reference_column': 'residence_Rural'}, 'country_admin_region': {'reference': 'ethiopia::01', 'reference_column': 'country_admin_region_ethiopia::01'}}"
binary_lpm,model4_preferred_lpm,wasted,pooled,country_admin_region_kenya::06,0.005,0.021,-0.037,0.047,0.812,37088,4434,114,model_specific_equal_total_country_weight,cluster_robust_country_psu,True,"{'child_sex': {'reference': 'Male', 'reference_column': 'child_sex_Male'}, 'maternal_education': {'reference': 'No education', 'reference_column': 'maternal_education_No education'}, 'literacy': {'reference': 'Cannot read at all', 'reference_column': 'literacy_Cannot read at all'}, 'wealth_quintile': {'reference': 'Poorest', 'reference_column': 'wealth_quintile_Poorest'}, 'residence': {'reference': 'Rural', 'reference_column': 'residence_Rural'}, 'country_admin_region': {'reference': 'ethiopia::01', 'reference_column': 'country_admin_region_ethiopia::01'}}"
binary_lpm,model4_preferred_lpm,wasted,pooled,country_admin_region_kenya::07,0.091,0.03,0.033,0.149,0.002,37088,4434,114,model_specific_equal_total_country_weight,cluster_robust_country_psu,True,"{'child_sex': {'reference': 'Male', 'reference_column': 'child_sex_Male'}, 'maternal_education': {'reference': 'No education', 'reference_column': 'maternal_education_No education'}, 'literacy': {'reference': 'Cannot read at all', 'reference_column': 'literacy_Cannot read at all'}, 'wealth_quintile': {'reference': 'Poorest', 'reference_column': 'wealth_quintile_Poorest'}, 'residence': {'reference': 'Rural', 'reference_column': 'residence_Rural'}, 'country_admin_region': {'reference': 'ethiopia::01', 'reference_column': 'country_admin_region_ethiopia::01'}}"
binary_lpm,model4_preferred_lpm,wasted,pooled,country_admin_region_kenya::08,0.16,0.022,0.117,0.204,0.0,37088,4434,114,model_specific_equal_total_country_weight,cluster_robust_country_psu,True,"{'child_sex': {'reference': 'Male', 'reference_column': 'child_sex_Male'}, 'maternal_education': {'reference': 'No education', 'reference_column': 'maternal_education_No education'}, 'literacy': {'reference': 'Cannot read at all', 'reference_column': 'literacy_Cannot read at all'}, 'wealth_quintile': {'reference': 'Poorest', 'reference_column': 'wealth_quintile_Poorest'}, 'residence': {'reference': 'Rural', 'reference_column': 'residence_Rural'}, 'country_admin_region': {'reference': 'ethiopia::01', 'reference_column': 'country_admin_region_ethiopia::01'}}"
binary_lpm,model4_preferred_lpm,wasted,pooled,country_admin_region_kenya::09,0.099,0.022,0.055,0.143,0.0,37088,4434,114,model_specific_equal_total_country_weight,cluster_robust_country_psu,True,"{'child_sex': {'reference': 'Male', 'reference_column': 'child_sex_Male'}, 'maternal_education': {'reference': 'No education', 'reference_column': 'maternal_education_No education'}, 'literacy': {'reference': 'Cannot read at all', 'reference_column': 'literacy_Cannot read at all'}, 'wealth_quintile': {'reference': 'Poorest', 'reference_column': 'wealth_quintile_Poorest'}, 'residence': {'reference': 'Rural', 'reference_column': 'residence_Rural'}, 'country_admin_region': {'reference': 'ethiopia::01', 'reference_column': 'country_admin_region_ethiopia::01'}}"
binary_lpm,model4_preferred_lpm,wasted,pooled,country_admin_region_kenya::10,0.14,0.034,0.073,0.207,0.0,37088,4434,114,model_specific_equal_total_country_weight,cluster_robust_country_psu,True,"{'child_sex': {'reference': 'Male', 'reference_column': 'child_sex_Male'}, 'maternal_education': {'reference': 'No education', 'reference_column': 'maternal_education_No education'}, 'literacy': {'reference': 'Cannot read at all', 'reference_column': 'literacy_Cannot read at all'}, 'wealth_quintile': {'reference': 'Poorest', 'reference_column': 'wealth_quintile_Poorest'}, 'residence': {'reference': 'Rural', 'reference_column': 'residence_Rural'}, 'country_admin_region': {'reference': 'ethiopia::01', 'reference_column': 'country_admin_region_ethiopia::01'}}"
binary_lpm,model4_preferred_lpm,wasted,pooled,country_admin_region_kenya::11,0.013,0.022,-0.031,0.056,0.57,37088,4434,114,model_specific_equal_total_country_weight,cluster_robust_country_psu,True,"{'child_sex': {'reference': 'Male', 'reference_column': 'child_sex_Male'}, 'maternal_education': {'reference': 'No education', 'reference_column': 'maternal_education_No education'}, 'literacy': {'reference': 'Cannot read at all', 'reference_column': 'literacy_Cannot read at all'}, 'wealth_quintile': {'reference': 'Poorest', 'reference_column': 'wealth_quintile_Poorest'}, 'residence': {'reference': 'Rural', 'reference_column': 'residence_Rural'}, 'country_admin_region': {'reference': 'ethiopia::01', 'reference_column': 'country_admin_region_ethiopia::01'}}"
binary_lpm,model4_preferred_lpm,wasted,pooled,country_admin_region_kenya::12,0.032,0.025,-0.017,0.081,0.2,37088,4434,114,model_specific_equal_total_country_weight,cluster_robust_country_psu,True,"{'child_sex': {'reference': 'Male', 'reference_column': 'child_sex_Male'}, 'maternal_education': {'reference': 'No education', 'reference_column': 'maternal_education_No education'}, 'literacy': {'reference': 'Cannot read at all', 'reference_column': 'literacy_Cannot read at all'}, 'wealth_quintile': {'reference': 'Poorest', 'reference_column': 'wealth_quintile_Poorest'}, 'residence': {'reference': 'Rural', 'reference_column': 'residence_Rural'}, 'country_admin_region': {'reference': 'ethiopia::01', 'reference_column': 'country_admin_region_ethiopia::01'}}"
binary_lpm,model4_preferred_lpm,wasted,pooled,country_admin_region_kenya::13,-0.001,0.017,-0.035,0.033,0.95,37088,4434,114,model_specific_equal_total_country_weight,cluster_robust_country_psu,True,"{'child_sex': {'reference': 'Male', 'reference_column': 'child_sex_Male'}, 'maternal_education': {'reference': 'No education', 'reference_column': 'maternal_education_No education'}, 'literacy': {'reference': 'Cannot read at all', 'reference_column': 'literacy_Cannot read at all'}, 'wealth_quintile': {'reference': 'Poorest', 'reference_column': 'wealth_quintile_Poorest'}, 'residence': {'reference': 'Rural', 'reference_column': 'residence_Rural'}, 'country_admin_region': {'reference': 'ethiopia::01', 'reference_column': 'country_admin_region_ethiopia::01'}}"
binary_lpm,model4_preferred_lpm,wasted,pooled,country_admin_region_kenya::14,0.019,0.02,-0.02,0.058,0.352,37088,4434,114,model_specific_equal_total_country_weight,cluster_robust_country_psu,True,"{'child_sex': {'reference': 'Male', 'reference_column': 'child_sex_Male'}, 'maternal_education': {'reference': 'No education', 'reference_column': 'maternal_education_No education'}, 'literacy': {'reference': 'Cannot read at all', 'reference_column': 'literacy_Cannot read at all'}, 'wealth_quintile': {'reference': 'Poorest', 'reference_column': 'wealth_quintile_Poorest'}, 'residence': {'reference': 'Rural', 'reference_column': 'residence_Rural'}, 'country_admin_region': {'reference': 'ethiopia::01', 'reference_column': 'country_admin_region_ethiopia::01'}}"
binary_lpm,model4_preferred_lpm,wasted,pooled,country_admin_region_kenya::15,-0.003,0.017,-0.036,0.031,0.877,37088,4434,114,model_specific_equal_total_country_weight,cluster_robust_country_psu,True,"{'child_sex': {'reference': 'Male', 'reference_column': 'child_sex_Male'}, 'maternal_education': {'reference': 'No education', 'reference_column': 'maternal_education_No education'}, 'literacy': {'reference': 'Cannot read at all', 'reference_column': 'literacy_Cannot read at all'}, 'wealth_quintile': {'reference': 'Poorest', 'reference_column': 'wealth_quintile_Poorest'}, 'residence': {'reference': 'Rural', 'reference_column': 'residence_Rural'}, 'country_admin_region': {'reference': 'ethiopia::01', 'reference_column': 'country_admin_region_ethiopia::01'}}"
binary_lpm,model4_preferred_lpm,wasted,pooled,country_admin_region_kenya::16,-0.004,0.018,-0.038,0.031,0.828,37088,4434,114,model_specific_equal_total_country_weight,cluster_robust_country_psu,True,"{'child_sex': {'reference': 'Male', 'reference_column': 'child_sex_Male'}, 'maternal_education': {'reference': 'No education', 'reference_column': 'maternal_education_No education'}, 'literacy': {'reference': 'Cannot read at all', 'reference_column': 'literacy_Cannot read at all'}, 'wealth_quintile': {'reference': 'Poorest', 'reference_column': 'wealth_quintile_Poorest'}, 'residence': {'reference': 'Rural', 'reference_column': 'residence_Rural'}, 'country_admin_region': {'reference': 'ethiopia::01', 'reference_column': 'country_admin_region_ethiopia::01'}}"
binary_lpm,model4_preferred_lpm,wasted,pooled,country_admin_region_kenya::17,-0.002,0.018,-0.036,0.033,0.928,37088,4434,114,model_specific_equal_total_country_weight,cluster_robust_country_psu,True,"{'child_sex': {'reference': 'Male', 'reference_column': 'child_sex_Male'}, 'maternal_education': {'reference': 'No education', 'reference_column': 'maternal_education_No education'}, 'literacy': {'reference': 'Cannot read at all', 'reference_column': 'literacy_Cannot read at all'}, 'wealth_quintile': {'reference': 'Poorest', 'reference_column': 'wealth_quintile_Poorest'}, 'residence': {'reference': 'Rural', 'reference_column': 'residence_Rural'}, 'country_admin_region': {'reference': 'ethiopia::01', 'reference_column': 'country_admin_region_ethiopia::01'}}"
binary_lpm,model4_preferred_lpm,wasted,pooled,country_admin_region_kenya::18,-0.012,0.016,-0.043,0.019,0.444,37088,4434,114,model_specific_equal_total_country_weight,cluster_robust_country_psu,True,"{'child_sex': {'reference': 'Male', 'reference_column': 'child_sex_Male'}, 'maternal_education': {'reference': 'No education', 'reference_column': 'maternal_education_No education'}, 'literacy': {'reference': 'Cannot read at all', 'reference_column': 'literacy_Cannot read at all'}, 'wealth_quintile': {'reference': 'Poorest', 'reference_column': 'wealth_quintile_Poorest'}, 'residence': {'reference': 'Rural', 'reference_column': 'residence_Rural'}, 'country_admin_region': {'reference': 'ethiopia::01', 'reference_column': 'country_admin_region_ethiopia::01'}}"
binary_lpm,model4_preferred_lpm,wasted,pooled,country_admin_region_kenya::19,-0.0,0.021,-0.041,0.041,0.994,37088,4434,114,model_specific_equal_total_country_weight,cluster_robust_country_psu,True,"{'child_sex': {'reference': 'Male', 'reference_column': 'child_sex_Male'}, 'maternal_education': {'reference': 'No education', 'reference_column': 'maternal_education_No education'}, 'literacy': {'reference': 'Cannot read at all', 'reference_column': 'literacy_Cannot read at all'}, 'wealth_quintile': {'reference': 'Poorest', 'reference_column': 'wealth_quintile_Poorest'}, 'residence': {'reference': 'Rural', 'reference_column': 'residence_Rural'}, 'country_admin_region': {'reference': 'ethiopia::01', 'reference_column': 'country_admin_region_ethiopia::01'}}"
binary_lpm,model4_preferred_lpm,wasted,pooled,country_admin_region_kenya::20,-0.01,0.017,-0.044,0.023,0.546,37088,4434,114,model_specific_equal_total_country_weight,cluster_robust_country_psu,True,"{'child_sex': {'reference': 'Male', 'reference_column': 'child_sex_Male'}, 'maternal_education': {'reference': 'No education', 'reference_column': 'maternal_education_No education'}, 'literacy': {'reference': 'Cannot read at all', 'reference_column': 'literacy_Cannot read at all'}, 'wealth_quintile': {'reference': 'Poorest', 'reference_column': 'wealth_quintile_Poorest'}, 'residence': {'reference': 'Rural', 'reference_column': 'residence_Rural'}, 'country_admin_region': {'reference': 'ethiopia::01', 'reference_column': 'country_admin_region_ethiopia::01'}}"
binary_lpm,model4_preferred_lpm,wasted,pooled,country_admin_region_kenya::21,-0.02,0.016,-0.051,0.011,0.213,37088,4434,114,model_specific_equal_total_country_weight,cluster_robust_country_psu,True,"{'child_sex': {'reference': 'Male', 'reference_column': 'child_sex_Male'}, 'maternal_education': {'reference': 'No education', 'reference_column': 'maternal_education_No education'}, 'literacy': {'reference': 'Cannot read at all', 'reference_column': 'literacy_Cannot read at all'}, 'wealth_quintile': {'reference': 'Poorest', 'reference_column': 'wealth_quintile_Poorest'}, 'residence': {'reference': 'Rural', 'reference_column': 'residence_Rural'}, 'country_admin_region': {'reference': 'ethiopia::01', 'reference_column': 'country_admin_region_ethiopia::01'}}"
binary_lpm,model4_preferred_lpm,wasted,pooled,country_admin_region_kenya::22,-0.008,0.017,-0.041,0.025,0.625,37088,4434,114,model_specific_equal_total_country_weight,cluster_robust_country_psu,True,"{'child_sex': {'reference': 'Male', 'reference_column': 'child_sex_Male'}, 'maternal_education': {'reference': 'No education', 'reference_column': 'maternal_education_No education'}, 'literacy': {'reference': 'Cannot read at all', 'reference_column': 'literacy_Cannot read at all'}, 'wealth_quintile': {'reference': 'Poorest', 'reference_column': 'wealth_quintile_Poorest'}, 'residence': {'reference': 'Rural', 'reference_column': 'residence_Rural'}, 'country_admin_region': {'reference': 'ethiopia::01', 'reference_column': 'country_admin_region_ethiopia::01'}}"
binary_lpm,model4_preferred_lpm,wasted,pooled,country_admin_region_kenya::23,0.153,0.032,0.09,0.216,0.0,37088,4434,114,model_specific_equal_total_country_weight,cluster_robust_country_psu,True,"{'child_sex': {'reference': 'Male', 'reference_column': 'child_sex_Male'}, 'maternal_education': {'reference': 'No education', 'reference_column': 'maternal_education_No education'}, 'literacy': {'reference': 'Cannot read at all', 'reference_column': 'literacy_Cannot read at all'}, 'wealth_quintile': {'reference': 'Poorest', 'reference_column': 'wealth_quintile_Poorest'}, 'residence': {'reference': 'Rural', 'reference_column': 'residence_Rural'}, 'country_admin_region': {'reference': 'ethiopia::01', 'reference_column': 'country_admin_region_ethiopia::01'}}"
binary_lpm,model4_preferred_lpm,wasted,pooled,country_admin_region_kenya::24,0.048,0.021,0.007,0.089,0.021,37088,4434,114,model_specific_equal_total_country_weight,cluster_robust_country_psu,True,"{'child_sex': {'reference': 'Male', 'reference_column': 'child_sex_Male'}, 'maternal_education': {'reference': 'No education', 'reference_column': 'maternal_education_No education'}, 'literacy': {'reference': 'Cannot read at all', 'reference_column': 'literacy_Cannot read at all'}, 'wealth_quintile': {'reference': 'Poorest', 'reference_column': 'wealth_quintile_Poorest'}, 'residence': {'reference': 'Rural', 'reference_column': 'residence_Rural'}, 'country_admin_region': {'reference': 'ethiopia::01', 'reference_column': 'country_admin_region_ethiopia::01'}}"
binary_lpm,model4_preferred_lpm,wasted,pooled,country_admin_region_kenya::25,0.09,0.021,0.049,0.131,0.0,37088,4434,114,model_specific_equal_total_country_weight,cluster_robust_country_psu,True,"{'child_sex': {'reference': 'Male', 'reference_column': 'child_sex_Male'}, 'maternal_education': {'reference': 'No education', 'reference_column': 'maternal_education_No education'}, 'literacy': {'reference': 'Cannot read at all', 'reference_column': 'literacy_Cannot read at all'}, 'wealth_quintile': {'reference': 'Poorest', 'reference_column': 'wealth_quintile_Poorest'}, 'residence': {'reference': 'Rural', 'reference_column': 'residence_Rural'}, 'country_admin_region': {'reference': 'ethiopia::01', 'reference_column': 'country_admin_region_ethiopia::01'}}"
binary_lpm,model4_preferred_lpm,wasted,pooled,country_admin_region_kenya::26,-0.001,0.016,-0.033,0.032,0.974,37088,4434,114,model_specific_equal_total_country_weight,cluster_robust_country_psu,True,"{'child_sex': {'reference': 'Male', 'reference_column': 'child_sex_Male'}, 'maternal_education': {'reference': 'No education', 'reference_column': 'maternal_education_No education'}, 'literacy': {'reference': 'Cannot read at all', 'reference_column': 'literacy_Cannot read at all'}, 'wealth_quintile': {'reference': 'Poorest', 'reference_column': 'wealth_quintile_Poorest'}, 'residence': {'reference': 'Rural', 'reference_column': 'residence_Rural'}, 'country_admin_region': {'reference': 'ethiopia::01', 'reference_column': 'country_admin_region_ethiopia::01'}}"
binary_lpm,model4_preferred_lpm,wasted,pooled,country_admin_region_kenya::27,-0.002,0.016,-0.034,0.03,0.911,37088,4434,114,model_specific_equal_total_country_weight,cluster_robust_country_psu,True,"{'child_sex': {'reference': 'Male', 'reference_column': 'child_sex_Male'}, 'maternal_education': {'reference': 'No education', 'reference_column': 'maternal_education_No education'}, 'literacy': {'reference': 'Cannot read at all', 'reference_column': 'literacy_Cannot read at all'}, 'wealth_quintile': {'reference': 'Poorest', 'reference_column': 'wealth_quintile_Poorest'}, 'residence': {'reference': 'Rural', 'reference_column': 'residence_Rural'}, 'country_admin_region': {'reference': 'ethiopia::01', 'reference_column': 'country_admin_region_ethiopia::01'}}"
binary_lpm,model4_preferred_lpm,wasted,pooled,country_admin_region_kenya::28,0.015,0.022,-0.028,0.059,0.493,37088,4434,114,model_specific_equal_total_country_weight,cluster_robust_country_psu,True,"{'child_sex': {'reference': 'Male', 'reference_column': 'child_sex_Male'}, 'maternal_education': {'reference': 'No education', 'reference_column': 'maternal_education_No education'}, 'literacy': {'reference': 'Cannot read at all', 'reference_column': 'literacy_Cannot read at all'}, 'wealth_quintile': {'reference': 'Poorest', 'reference_column': 'wealth_quintile_Poorest'}, 'residence': {'reference': 'Rural', 'reference_column': 'residence_Rural'}, 'country_admin_region': {'reference': 'ethiopia::01', 'reference_column': 'country_admin_region_ethiopia::01'}}"
binary_lpm,model4_preferred_lpm,wasted,pooled,country_admin_region_kenya::29,-0.003,0.018,-0.038,0.032,0.865,37088,4434,114,model_specific_equal_total_country_weight,cluster_robust_country_psu,True,"{'child_sex': {'reference': 'Male', 'reference_column': 'child_sex_Male'}, 'maternal_education': {'reference': 'No education', 'reference_column': 'maternal_education_No education'}, 'literacy': {'reference': 'Cannot read at all', 'reference_column': 'literacy_Cannot read at all'}, 'wealth_quintile': {'reference': 'Poorest', 'reference_column': 'wealth_quintile_Poorest'}, 'residence': {'reference': 'Rural', 'reference_column': 'residence_Rural'}, 'country_admin_region': {'reference': 'ethiopia::01', 'reference_column': 'country_admin_region_ethiopia::01'}}"
binary_lpm,model4_preferred_lpm,wasted,pooled,country_admin_region_kenya::30,0.085,0.032,0.021,0.148,0.009,37088,4434,114,model_specific_equal_total_country_weight,cluster_robust_country_psu,True,"{'child_sex': {'reference': 'Male', 'reference_column': 'child_sex_Male'}, 'maternal_education': {'reference': 'No education', 'reference_column': 'maternal_education_No education'}, 'literacy': {'reference': 'Cannot read at all', 'reference_column': 'literacy_Cannot read at all'}, 'wealth_quintile': {'reference': 'Poorest', 'reference_column': 'wealth_quintile_Poorest'}, 'residence': {'reference': 'Rural', 'reference_column': 'residence_Rural'}, 'country_admin_region': {'reference': 'ethiopia::01', 'reference_column': 'country_admin_region_ethiopia::01'}}"
binary_lpm,model4_preferred_lpm,wasted,pooled,country_admin_region_kenya::31,-0.012,0.015,-0.042,0.019,0.445,37088,4434,114,model_specific_equal_total_country_weight,cluster_robust_country_psu,True,"{'child_sex': {'reference': 'Male', 'reference_column': 'child_sex_Male'}, 'maternal_education': {'reference': 'No education', 'reference_column': 'maternal_education_No education'}, 'literacy': {'reference': 'Cannot read at all', 'reference_column': 'literacy_Cannot read at all'}, 'wealth_quintile': {'reference': 'Poorest', 'reference_column': 'wealth_quintile_Poorest'}, 'residence': {'reference': 'Rural', 'reference_column': 'residence_Rural'}, 'country_admin_region': {'reference': 'ethiopia::01', 'reference_column': 'country_admin_region_ethiopia::01'}}"
binary_lpm,model4_preferred_lpm,wasted,pooled,country_admin_region_kenya::32,-0.007,0.015,-0.037,0.023,0.666,37088,4434,114,model_specific_equal_total_country_weight,cluster_robust_country_psu,True,"{'child_sex': {'reference': 'Male', 'reference_column': 'child_sex_Male'}, 'maternal_education': {'reference': 'No education', 'reference_column': 'maternal_education_No education'}, 'literacy': {'reference': 'Cannot read at all', 'reference_column': 'literacy_Cannot read at all'}, 'wealth_quintile': {'reference': 'Poorest', 'reference_column': 'wealth_quintile_Poorest'}, 'residence': {'reference': 'Rural', 'reference_column': 'residence_Rural'}, 'country_admin_region': {'reference': 'ethiopia::01', 'reference_column': 'country_admin_region_ethiopia::01'}}"
binary_lpm,model4_preferred_lpm,wasted,pooled,country_admin_region_kenya::33,-0.024,0.015,-0.054,0.007,0.124,37088,4434,114,model_specific_equal_total_country_weight,cluster_robust_country_psu,True,"{'child_sex': {'reference': 'Male', 'reference_column': 'child_sex_Male'}, 'maternal_education': {'reference': 'No education', 'reference_column': 'maternal_education_No education'}, 'literacy': {'reference': 'Cannot read at all', 'reference_column': 'literacy_Cannot read at all'}, 'wealth_quintile': {'reference': 'Poorest', 'reference_column': 'wealth_quintile_Poorest'}, 'residence': {'reference': 'Rural', 'reference_column': 'residence_Rural'}, 'country_admin_region': {'reference': 'ethiopia::01', 'reference_column': 'country_admin_region_ethiopia::01'}}"
binary_lpm,model4_preferred_lpm,wasted,pooled,country_admin_region_kenya::34,0.026,0.019,-0.011,0.064,0.173,37088,4434,114,model_specific_equal_total_country_weight,cluster_robust_country_psu,True,"{'child_sex': {'reference': 'Male', 'reference_column': 'child_sex_Male'}, 'maternal_education': {'reference': 'No education', 'reference_column': 'maternal_education_No education'}, 'literacy': {'reference': 'Cannot read at all', 'reference_column': 'literacy_Cannot read at all'}, 'wealth_quintile': {'reference': 'Poorest', 'reference_column': 'wealth_quintile_Poorest'}, 'residence': {'reference': 'Rural', 'reference_column': 'residence_Rural'}, 'country_admin_region': {'reference': 'ethiopia::01', 'reference_column': 'country_admin_region_ethiopia::01'}}"
binary_lpm,model4_preferred_lpm,wasted,pooled,country_admin_region_kenya::35,-0.013,0.016,-0.046,0.019,0.411,37088,4434,114,model_specific_equal_total_country_weight,cluster_robust_country_psu,True,"{'child_sex': {'reference': 'Male', 'reference_column': 'child_sex_Male'}, 'maternal_education': {'reference': 'No education', 'reference_column': 'maternal_education_No education'}, 'literacy': {'reference': 'Cannot read at all', 'reference_column': 'literacy_Cannot read at all'}, 'wealth_quintile': {'reference': 'Poorest', 'reference_column': 'wealth_quintile_Poorest'}, 'residence': {'reference': 'Rural', 'reference_column': 'residence_Rural'}, 'country_admin_region': {'reference': 'ethiopia::01', 'reference_column': 'country_admin_region_ethiopia::01'}}"
binary_lpm,model4_preferred_lpm,wasted,pooled,country_admin_region_kenya::36,-0.001,0.018,-0.036,0.034,0.948,37088,4434,114,model_specific_equal_total_country_weight,cluster_robust_country_psu,True,"{'child_sex': {'reference': 'Male', 'reference_column': 'child_sex_Male'}, 'maternal_education': {'reference': 'No education', 'reference_column': 'maternal_education_No education'}, 'literacy': {'reference': 'Cannot read at all', 'reference_column': 'literacy_Cannot read at all'}, 'wealth_quintile': {'reference': 'Poorest', 'reference_column': 'wealth_quintile_Poorest'}, 'residence': {'reference': 'Rural', 'reference_column': 'residence_Rural'}, 'country_admin_region': {'reference': 'ethiopia::01', 'reference_column': 'country_admin_region_ethiopia::01'}}"
binary_lpm,model4_preferred_lpm,wasted,pooled,country_admin_region_kenya::37,-0.021,0.015,-0.051,0.008,0.149,37088,4434,114,model_specific_equal_total_country_weight,cluster_robust_country_psu,True,"{'child_sex': {'reference': 'Male', 'reference_column': 'child_sex_Male'}, 'maternal_education': {'reference': 'No education', 'reference_column': 'maternal_education_No education'}, 'literacy': {'reference': 'Cannot read at all', 'reference_column': 'literacy_Cannot read at all'}, 'wealth_quintile': {'reference': 'Poorest', 'reference_column': 'wealth_quintile_Poorest'}, 'residence': {'reference': 'Rural', 'reference_column': 'residence_Rural'}, 'country_admin_region': {'reference': 'ethiopia::01', 'reference_column': 'country_admin_region_ethiopia::01'}}"
binary_lpm,model4_preferred_lpm,wasted,pooled,country_admin_region_kenya::38,-0.011,0.018,-0.047,0.025,0.539,37088,4434,114,model_specific_equal_total_country_weight,cluster_robust_country_psu,True,"{'child_sex': {'reference': 'Male', 'reference_column': 'child_sex_Male'}, 'maternal_education': {'reference': 'No education', 'reference_column': 'maternal_education_No education'}, 'literacy': {'reference': 'Cannot read at all', 'reference_column': 'literacy_Cannot read at all'}, 'wealth_quintile': {'reference': 'Poorest', 'reference_column': 'wealth_quintile_Poorest'}, 'residence': {'reference': 'Rural', 'reference_column': 'residence_Rural'}, 'country_admin_region': {'reference': 'ethiopia::01', 'reference_column': 'country_admin_region_ethiopia::01'}}"
binary_lpm,model4_preferred_lpm,wasted,pooled,country_admin_region_kenya::39,-0.018,0.016,-0.049,0.012,0.236,37088,4434,114,model_specific_equal_total_country_weight,cluster_robust_country_psu,True,"{'child_sex': {'reference': 'Male', 'reference_column': 'child_sex_Male'}, 'maternal_education': {'reference': 'No education', 'reference_column': 'maternal_education_No education'}, 'literacy': {'reference': 'Cannot read at all', 'reference_column': 'literacy_Cannot read at all'}, 'wealth_quintile': {'reference': 'Poorest', 'reference_column': 'wealth_quintile_Poorest'}, 'residence': {'reference': 'Rural', 'reference_column': 'residence_Rural'}, 'country_admin_region': {'reference': 'ethiopia::01', 'reference_column': 'country_admin_region_ethiopia::01'}}"
binary_lpm,model4_preferred_lpm,wasted,pooled,country_admin_region_kenya::40,-0.013,0.016,-0.044,0.018,0.4,37088,4434,114,model_specific_equal_total_country_weight,cluster_robust_country_psu,True,"{'child_sex': {'reference': 'Male', 'reference_column': 'child_sex_Male'}, 'maternal_education': {'reference': 'No education', 'reference_column': 'maternal_education_No education'}, 'literacy': {'reference': 'Cannot read at all', 'reference_column': 'literacy_Cannot read at all'}, 'wealth_quintile': {'reference': 'Poorest', 'reference_column': 'wealth_quintile_Poorest'}, 'residence': {'reference': 'Rural', 'reference_column': 'residence_Rural'}, 'country_admin_region': {'reference': 'ethiopia::01', 'reference_column': 'country_admin_region_ethiopia::01'}}"
binary_lpm,model4_preferred_lpm,wasted,pooled,country_admin_region_kenya::41,-0.025,0.015,-0.054,0.004,0.091,37088,4434,114,model_specific_equal_total_country_weight,cluster_robust_country_psu,True,"{'child_sex': {'reference': 'Male', 'reference_column': 'child_sex_Male'}, 'maternal_education': {'reference': 'No education', 'reference_column': 'maternal_education_No education'}, 'literacy': {'reference': 'Cannot read at all', 'reference_column': 'literacy_Cannot read at all'}, 'wealth_quintile': {'reference': 'Poorest', 'reference_column': 'wealth_quintile_Poorest'}, 'residence': {'reference': 'Rural', 'reference_column': 'residence_Rural'}, 'country_admin_region': {'reference': 'ethiopia::01', 'reference_column': 'country_admin_region_ethiopia::01'}}"
binary_lpm,model4_preferred_lpm,wasted,pooled,country_admin_region_kenya::42,-0.009,0.016,-0.041,0.023,0.58,37088,4434,114,model_specific_equal_total_country_weight,cluster_robust_country_psu,True,"{'child_sex': {'reference': 'Male', 'reference_column': 'child_sex_Male'}, 'maternal_education': {'reference': 'No education', 'reference_column': 'maternal_education_No education'}, 'literacy': {'reference': 'Cannot read at all', 'reference_column': 'literacy_Cannot read at all'}, 'wealth_quintile': {'reference': 'Poorest', 'reference_column': 'wealth_quintile_Poorest'}, 'residence': {'reference': 'Rural', 'reference_column': 'residence_Rural'}, 'country_admin_region': {'reference': 'ethiopia::01', 'reference_column': 'country_admin_region_ethiopia::01'}}"
binary_lpm,model4_preferred_lpm,wasted,pooled,country_admin_region_kenya::43,-0.027,0.015,-0.055,0.002,0.069,37088,4434,114,model_specific_equal_total_country_weight,cluster_robust_country_psu,True,"{'child_sex': {'reference': 'Male', 'reference_column': 'child_sex_Male'}, 'maternal_education': {'reference': 'No education', 'reference_column': 'maternal_education_No education'}, 'literacy': {'reference': 'Cannot read at all', 'reference_column': 'literacy_Cannot read at all'}, 'wealth_quintile': {'reference': 'Poorest', 'reference_column': 'wealth_quintile_Poorest'}, 'residence': {'reference': 'Rural', 'reference_column': 'residence_Rural'}, 'country_admin_region': {'reference': 'ethiopia::01', 'reference_column': 'country_admin_region_ethiopia::01'}}"
binary_lpm,model4_preferred_lpm,wasted,pooled,country_admin_region_kenya::44,-0.02,0.015,-0.05,0.01,0.193,37088,4434,114,model_specific_equal_total_country_weight,cluster_robust_country_psu,True,"{'child_sex': {'reference': 'Male', 'reference_column': 'child_sex_Male'}, 'maternal_education': {'reference': 'No education', 'reference_column': 'maternal_education_No education'}, 'literacy': {'reference': 'Cannot read at all', 'reference_column': 'literacy_Cannot read at all'}, 'wealth_quintile': {'reference': 'Poorest', 'reference_column': 'wealth_quintile_Poorest'}, 'residence': {'reference': 'Rural', 'reference_column': 'residence_Rural'}, 'country_admin_region': {'reference': 'ethiopia::01', 'reference_column': 'country_admin_region_ethiopia::01'}}"
binary_lpm,model4_preferred_lpm,wasted,pooled,country_admin_region_kenya::45,-0.002,0.017,-0.035,0.031,0.909,37088,4434,114,model_specific_equal_total_country_weight,cluster_robust_country_psu,True,"{'child_sex': {'reference': 'Male', 'reference_column': 'child_sex_Male'}, 'maternal_education': {'reference': 'No education', 'reference_column': 'maternal_education_No education'}, 'literacy': {'reference': 'Cannot read at all', 'reference_column': 'literacy_Cannot read at all'}, 'wealth_quintile': {'reference': 'Poorest', 'reference_column': 'wealth_quintile_Poorest'}, 'residence': {'reference': 'Rural', 'reference_column': 'residence_Rural'}, 'country_admin_region': {'reference': 'ethiopia::01', 'reference_column': 'country_admin_region_ethiopia::01'}}"
binary_lpm,model4_preferred_lpm,wasted,pooled,country_admin_region_kenya::46,-0.025,0.014,-0.053,0.004,0.088,37088,4434,114,model_specific_equal_total_country_weight,cluster_robust_country_psu,True,"{'child_sex': {'reference': 'Male', 'reference_column': 'child_sex_Male'}, 'maternal_education': {'reference': 'No education', 'reference_column': 'maternal_education_No education'}, 'literacy': {'reference': 'Cannot read at all', 'reference_column': 'literacy_Cannot read at all'}, 'wealth_quintile': {'reference': 'Poorest', 'reference_column': 'wealth_quintile_Poorest'}, 'residence': {'reference': 'Rural', 'reference_column': 'residence_Rural'}, 'country_admin_region': {'reference': 'ethiopia::01', 'reference_column': 'country_admin_region_ethiopia::01'}}"
binary_lpm,model4_preferred_lpm,wasted,pooled,country_admin_region_kenya::47,-0.014,0.016,-0.046,0.018,0.387,37088,4434,114,model_specific_equal_total_country_weight,cluster_robust_country_psu,True,"{'child_sex': {'reference': 'Male', 'reference_column': 'child_sex_Male'}, 'maternal_education': {'reference': 'No education', 'reference_column': 'maternal_education_No education'}, 'literacy': {'reference': 'Cannot read at all', 'reference_column': 'literacy_Cannot read at all'}, 'wealth_quintile': {'reference': 'Poorest', 'reference_column': 'wealth_quintile_Poorest'}, 'residence': {'reference': 'Rural', 'reference_column': 'residence_Rural'}, 'country_admin_region': {'reference': 'ethiopia::01', 'reference_column': 'country_admin_region_ethiopia::01'}}"
binary_lpm,model4_preferred_lpm,wasted,pooled,country_admin_region_nigeria::01,0.038,0.031,-0.024,0.1,0.226,37088,4434,114,model_specific_equal_total_country_weight,cluster_robust_country_psu,True,"{'child_sex': {'reference': 'Male', 'reference_column': 'child_sex_Male'}, 'maternal_education': {'reference': 'No education', 'reference_column': 'maternal_education_No education'}, 'literacy': {'reference': 'Cannot read at all', 'reference_column': 'literacy_Cannot read at all'}, 'wealth_quintile': {'reference': 'Poorest', 'reference_column': 'wealth_quintile_Poorest'}, 'residence': {'reference': 'Rural', 'reference_column': 'residence_Rural'}, 'country_admin_region': {'reference': 'ethiopia::01', 'reference_column': 'country_admin_region_ethiopia::01'}}"
binary_lpm,model4_preferred_lpm,wasted,pooled,country_admin_region_nigeria::02,0.018,0.022,-0.025,0.062,0.404,37088,4434,114,model_specific_equal_total_country_weight,cluster_robust_country_psu,True,"{'child_sex': {'reference': 'Male', 'reference_column': 'child_sex_Male'}, 'maternal_education': {'reference': 'No education', 'reference_column': 'maternal_education_No education'}, 'literacy': {'reference': 'Cannot read at all', 'reference_column': 'literacy_Cannot read at all'}, 'wealth_quintile': {'reference': 'Poorest', 'reference_column': 'wealth_quintile_Poorest'}, 'residence': {'reference': 'Rural', 'reference_column': 'residence_Rural'}, 'country_admin_region': {'reference': 'ethiopia::01', 'reference_column': 'country_admin_region_ethiopia::01'}}"
binary_lpm,model4_preferred_lpm,wasted,pooled,country_admin_region_nigeria::03,0.004,0.021,-0.038,0.045,0.861,37088,4434,114,model_specific_equal_total_country_weight,cluster_robust_country_psu,True,"{'child_sex': {'reference': 'Male', 'reference_column': 'child_sex_Male'}, 'maternal_education': {'reference': 'No education', 'reference_column': 'maternal_education_No education'}, 'literacy': {'reference': 'Cannot read at all', 'reference_column': 'literacy_Cannot read at all'}, 'wealth_quintile': {'reference': 'Poorest', 'reference_column': 'wealth_quintile_Poorest'}, 'residence': {'reference': 'Rural', 'reference_column': 'residence_Rural'}, 'country_admin_region': {'reference': 'ethiopia::01', 'reference_column': 'country_admin_region_ethiopia::01'}}"
binary_lpm,model4_preferred_lpm,wasted,pooled,country_admin_region_nigeria::04,0.009,0.022,-0.035,0.053,0.699,37088,4434,114,model_specific_equal_total_country_weight,cluster_robust_country_psu,True,"{'child_sex': {'reference': 'Male', 'reference_column': 'child_sex_Male'}, 'maternal_education': {'reference': 'No education', 'reference_column': 'maternal_education_No education'}, 'literacy': {'reference': 'Cannot read at all', 'reference_column': 'literacy_Cannot read at all'}, 'wealth_quintile': {'reference': 'Poorest', 'reference_column': 'wealth_quintile_Poorest'}, 'residence': {'reference': 'Rural', 'reference_column': 'residence_Rural'}, 'country_admin_region': {'reference': 'ethiopia::01', 'reference_column': 'country_admin_region_ethiopia::01'}}"
binary_lpm,model4_preferred_lpm,wasted,pooled,country_admin_region_nigeria::05,0.051,0.021,0.009,0.092,0.017,37088,4434,114,model_specific_equal_total_country_weight,cluster_robust_country_psu,True,"{'child_sex': {'reference': 'Male', 'reference_column': 'child_sex_Male'}, 'maternal_education': {'reference': 'No education', 'reference_column': 'maternal_education_No education'}, 'literacy': {'reference': 'Cannot read at all', 'reference_column': 'literacy_Cannot read at all'}, 'wealth_quintile': {'reference': 'Poorest', 'reference_column': 'wealth_quintile_Poorest'}, 'residence': {'reference': 'Rural', 'reference_column': 'residence_Rural'}, 'country_admin_region': {'reference': 'ethiopia::01', 'reference_column': 'country_admin_region_ethiopia::01'}}"
binary_lpm,model4_preferred_lpm,wasted,pooled,country_admin_region_nigeria::06,-0.008,0.019,-0.045,0.03,0.695,37088,4434,114,model_specific_equal_total_country_weight,cluster_robust_country_psu,True,"{'child_sex': {'reference': 'Male', 'reference_column': 'child_sex_Male'}, 'maternal_education': {'reference': 'No education', 'reference_column': 'maternal_education_No education'}, 'literacy': {'reference': 'Cannot read at all', 'reference_column': 'literacy_Cannot read at all'}, 'wealth_quintile': {'reference': 'Poorest', 'reference_column': 'wealth_quintile_Poorest'}, 'residence': {'reference': 'Rural', 'reference_column': 'residence_Rural'}, 'country_admin_region': {'reference': 'ethiopia::01', 'reference_column': 'country_admin_region_ethiopia::01'}}"
binary_lpm,model4_preferred_lpm,wasted,pooled,country_admin_region_nigeria::07,0.004,0.021,-0.037,0.044,0.857,37088,4434,114,model_specific_equal_total_country_weight,cluster_robust_country_psu,True,"{'child_sex': {'reference': 'Male', 'reference_column': 'child_sex_Male'}, 'maternal_education': {'reference': 'No education', 'reference_column': 'maternal_education_No education'}, 'literacy': {'reference': 'Cannot read at all', 'reference_column': 'literacy_Cannot read at all'}, 'wealth_quintile': {'reference': 'Poorest', 'reference_column': 'wealth_quintile_Poorest'}, 'residence': {'reference': 'Rural', 'reference_column': 'residence_Rural'}, 'country_admin_region': {'reference': 'ethiopia::01', 'reference_column': 'country_admin_region_ethiopia::01'}}"
binary_lpm,model4_preferred_lpm,wasted,pooled,country_admin_region_nigeria::08,0.017,0.022,-0.027,0.06,0.453,37088,4434,114,model_specific_equal_total_country_weight,cluster_robust_country_psu,True,"{'child_sex': {'reference': 'Male', 'reference_column': 'child_sex_Male'}, 'maternal_education': {'reference': 'No education', 'reference_column': 'maternal_education_No education'}, 'literacy': {'reference': 'Cannot read at all', 'reference_column': 'literacy_Cannot read at all'}, 'wealth_quintile': {'reference': 'Poorest', 'reference_column': 'wealth_quintile_Poorest'}, 'residence': {'reference': 'Rural', 'reference_column': 'residence_Rural'}, 'country_admin_region': {'reference': 'ethiopia::01', 'reference_column': 'country_admin_region_ethiopia::01'}}"
binary_lpm,model4_preferred_lpm,wasted,pooled,country_admin_region_nigeria::09,-0.008,0.018,-0.043,0.026,0.646,37088,4434,114,model_specific_equal_total_country_weight,cluster_robust_country_psu,True,"{'child_sex': {'reference': 'Male', 'reference_column': 'child_sex_Male'}, 'maternal_education': {'reference': 'No education', 'reference_column': 'maternal_education_No education'}, 'literacy': {'reference': 'Cannot read at all', 'reference_column': 'literacy_Cannot read at all'}, 'wealth_quintile': {'reference': 'Poorest', 'reference_column': 'wealth_quintile_Poorest'}, 'residence': {'reference': 'Rural', 'reference_column': 'residence_Rural'}, 'country_admin_region': {'reference': 'ethiopia::01', 'reference_column': 'country_admin_region_ethiopia::01'}}"
binary_lpm,model4_preferred_lpm,wasted,pooled,country_admin_region_nigeria::10,0.043,0.027,-0.011,0.096,0.121,37088,4434,114,model_specific_equal_total_country_weight,cluster_robust_country_psu,True,"{'child_sex': {'reference': 'Male', 'reference_column': 'child_sex_Male'}, 'maternal_education': {'reference': 'No education', 'reference_column': 'maternal_education_No education'}, 'literacy': {'reference': 'Cannot read at all', 'reference_column': 'literacy_Cannot read at all'}, 'wealth_quintile': {'reference': 'Poorest', 'reference_column': 'wealth_quintile_Poorest'}, 'residence': {'reference': 'Rural', 'reference_column': 'residence_Rural'}, 'country_admin_region': {'reference': 'ethiopia::01', 'reference_column': 'country_admin_region_ethiopia::01'}}"
binary_lpm,model4_preferred_lpm,wasted,pooled,country_admin_region_nigeria::11,0.025,0.018,-0.011,0.061,0.168,37088,4434,114,model_specific_equal_total_country_weight,cluster_robust_country_psu,True,"{'child_sex': {'reference': 'Male', 'reference_column': 'child_sex_Male'}, 'maternal_education': {'reference': 'No education', 'reference_column': 'maternal_education_No education'}, 'literacy': {'reference': 'Cannot read at all', 'reference_column': 'literacy_Cannot read at all'}, 'wealth_quintile': {'reference': 'Poorest', 'reference_column': 'wealth_quintile_Poorest'}, 'residence': {'reference': 'Rural', 'reference_column': 'residence_Rural'}, 'country_admin_region': {'reference': 'ethiopia::01', 'reference_column': 'country_admin_region_ethiopia::01'}}"
binary_lpm,model4_preferred_lpm,wasted,pooled,country_admin_region_nigeria::12,0.04,0.032,-0.022,0.102,0.206,37088,4434,114,model_specific_equal_total_country_weight,cluster_robust_country_psu,True,"{'child_sex': {'reference': 'Male', 'reference_column': 'child_sex_Male'}, 'maternal_education': {'reference': 'No education', 'reference_column': 'maternal_education_No education'}, 'literacy': {'reference': 'Cannot read at all', 'reference_column': 'literacy_Cannot read at all'}, 'wealth_quintile': {'reference': 'Poorest', 'reference_column': 'wealth_quintile_Poorest'}, 'residence': {'reference': 'Rural', 'reference_column': 'residence_Rural'}, 'country_admin_region': {'reference': 'ethiopia::01', 'reference_column': 'country_admin_region_ethiopia::01'}}"
binary_lpm,model4_preferred_lpm,wasted,pooled,country_admin_region_nigeria::13,0.042,0.026,-0.01,0.093,0.114,37088,4434,114,model_specific_equal_total_country_weight,cluster_robust_country_psu,True,"{'child_sex': {'reference': 'Male', 'reference_column': 'child_sex_Male'}, 'maternal_education': {'reference': 'No education', 'reference_column': 'maternal_education_No education'}, 'literacy': {'reference': 'Cannot read at all', 'reference_column': 'literacy_Cannot read at all'}, 'wealth_quintile': {'reference': 'Poorest', 'reference_column': 'wealth_quintile_Poorest'}, 'residence': {'reference': 'Rural', 'reference_column': 'residence_Rural'}, 'country_admin_region': {'reference': 'ethiopia::01', 'reference_column': 'country_admin_region_ethiopia::01'}}"
binary_lpm,model4_preferred_lpm,wasted,pooled,country_admin_region_nigeria::14,0.061,0.022,0.018,0.105,0.006,37088,4434,114,model_specific_equal_total_country_weight,cluster_robust_country_psu,True,"{'child_sex': {'reference': 'Male', 'reference_column': 'child_sex_Male'}, 'maternal_education': {'reference': 'No education', 'reference_column': 'maternal_education_No education'}, 'literacy': {'reference': 'Cannot read at all', 'reference_column': 'literacy_Cannot read at all'}, 'wealth_quintile': {'reference': 'Poorest', 'reference_column': 'wealth_quintile_Poorest'}, 'residence': {'reference': 'Rural', 'reference_column': 'residence_Rural'}, 'country_admin_region': {'reference': 'ethiopia::01', 'reference_column': 'country_admin_region_ethiopia::01'}}"
binary_lpm,model4_preferred_lpm,wasted,pooled,country_admin_region_nigeria::15,0.014,0.019,-0.023,0.05,0.465,37088,4434,114,model_specific_equal_total_country_weight,cluster_robust_country_psu,True,"{'child_sex': {'reference': 'Male', 'reference_column': 'child_sex_Male'}, 'maternal_education': {'reference': 'No education', 'reference_column': 'maternal_education_No education'}, 'literacy': {'reference': 'Cannot read at all', 'reference_column': 'literacy_Cannot read at all'}, 'wealth_quintile': {'reference': 'Poorest', 'reference_column': 'wealth_quintile_Poorest'}, 'residence': {'reference': 'Rural', 'reference_column': 'residence_Rural'}, 'country_admin_region': {'reference': 'ethiopia::01', 'reference_column': 'country_admin_region_ethiopia::01'}}"
binary_lpm,model4_preferred_lpm,wasted,pooled,country_admin_region_nigeria::16,0.056,0.024,0.008,0.103,0.022,37088,4434,114,model_specific_equal_total_country_weight,cluster_robust_country_psu,True,"{'child_sex': {'reference': 'Male', 'reference_column': 'child_sex_Male'}, 'maternal_education': {'reference': 'No education', 'reference_column': 'maternal_education_No education'}, 'literacy': {'reference': 'Cannot read at all', 'reference_column': 'literacy_Cannot read at all'}, 'wealth_quintile': {'reference': 'Poorest', 'reference_column': 'wealth_quintile_Poorest'}, 'residence': {'reference': 'Rural', 'reference_column': 'residence_Rural'}, 'country_admin_region': {'reference': 'ethiopia::01', 'reference_column': 'country_admin_region_ethiopia::01'}}"
binary_lpm,model4_preferred_lpm,wasted,pooled,country_admin_region_nigeria::17,0.019,0.023,-0.026,0.064,0.401,37088,4434,114,model_specific_equal_total_country_weight,cluster_robust_country_psu,True,"{'child_sex': {'reference': 'Male', 'reference_column': 'child_sex_Male'}, 'maternal_education': {'reference': 'No education', 'reference_column': 'maternal_education_No education'}, 'literacy': {'reference': 'Cannot read at all', 'reference_column': 'literacy_Cannot read at all'}, 'wealth_quintile': {'reference': 'Poorest', 'reference_column': 'wealth_quintile_Poorest'}, 'residence': {'reference': 'Rural', 'reference_column': 'residence_Rural'}, 'country_admin_region': {'reference': 'ethiopia::01', 'reference_column': 'country_admin_region_ethiopia::01'}}"
binary_lpm,model4_preferred_lpm,wasted,pooled,country_admin_region_nigeria::18,0.018,0.022,-0.025,0.061,0.407,37088,4434,114,model_specific_equal_total_country_weight,cluster_robust_country_psu,True,"{'child_sex': {'reference': 'Male', 'reference_column': 'child_sex_Male'}, 'maternal_education': {'reference': 'No education', 'reference_column': 'maternal_education_No education'}, 'literacy': {'reference': 'Cannot read at all', 'reference_column': 'literacy_Cannot read at all'}, 'wealth_quintile': {'reference': 'Poorest', 'reference_column': 'wealth_quintile_Poorest'}, 'residence': {'reference': 'Rural', 'reference_column': 'residence_Rural'}, 'country_admin_region': {'reference': 'ethiopia::01', 'reference_column': 'country_admin_region_ethiopia::01'}}"
binary_lpm,model4_preferred_lpm,wasted,pooled,country_admin_region_nigeria::19,-0.007,0.02,-0.047,0.032,0.722,37088,4434,114,model_specific_equal_total_country_weight,cluster_robust_country_psu,True,"{'child_sex': {'reference': 'Male', 'reference_column': 'child_sex_Male'}, 'maternal_education': {'reference': 'No education', 'reference_column': 'maternal_education_No education'}, 'literacy': {'reference': 'Cannot read at all', 'reference_column': 'literacy_Cannot read at all'}, 'wealth_quintile': {'reference': 'Poorest', 'reference_column': 'wealth_quintile_Poorest'}, 'residence': {'reference': 'Rural', 'reference_column': 'residence_Rural'}, 'country_admin_region': {'reference': 'ethiopia::01', 'reference_column': 'country_admin_region_ethiopia::01'}}"
binary_lpm,model4_preferred_lpm,wasted,pooled,country_admin_region_nigeria::20,-0.003,0.02,-0.044,0.037,0.864,37088,4434,114,model_specific_equal_total_country_weight,cluster_robust_country_psu,True,"{'child_sex': {'reference': 'Male', 'reference_column': 'child_sex_Male'}, 'maternal_education': {'reference': 'No education', 'reference_column': 'maternal_education_No education'}, 'literacy': {'reference': 'Cannot read at all', 'reference_column': 'literacy_Cannot read at all'}, 'wealth_quintile': {'reference': 'Poorest', 'reference_column': 'wealth_quintile_Poorest'}, 'residence': {'reference': 'Rural', 'reference_column': 'residence_Rural'}, 'country_admin_region': {'reference': 'ethiopia::01', 'reference_column': 'country_admin_region_ethiopia::01'}}"
binary_lpm,model4_preferred_lpm,wasted,pooled,country_admin_region_nigeria::21,0.05,0.023,0.005,0.096,0.03,37088,4434,114,model_specific_equal_total_country_weight,cluster_robust_country_psu,True,"{'child_sex': {'reference': 'Male', 'reference_column': 'child_sex_Male'}, 'maternal_education': {'reference': 'No education', 'reference_column': 'maternal_education_No education'}, 'literacy': {'reference': 'Cannot read at all', 'reference_column': 'literacy_Cannot read at all'}, 'wealth_quintile': {'reference': 'Poorest', 'reference_column': 'wealth_quintile_Poorest'}, 'residence': {'reference': 'Rural', 'reference_column': 'residence_Rural'}, 'country_admin_region': {'reference': 'ethiopia::01', 'reference_column': 'country_admin_region_ethiopia::01'}}"
binary_lpm,model4_preferred_lpm,wasted,pooled,country_admin_region_nigeria::22,0.055,0.021,0.014,0.096,0.009,37088,4434,114,model_specific_equal_total_country_weight,cluster_robust_country_psu,True,"{'child_sex': {'reference': 'Male', 'reference_column': 'child_sex_Male'}, 'maternal_education': {'reference': 'No education', 'reference_column': 'maternal_education_No education'}, 'literacy': {'reference': 'Cannot read at all', 'reference_column': 'literacy_Cannot read at all'}, 'wealth_quintile': {'reference': 'Poorest', 'reference_column': 'wealth_quintile_Poorest'}, 'residence': {'reference': 'Rural', 'reference_column': 'residence_Rural'}, 'country_admin_region': {'reference': 'ethiopia::01', 'reference_column': 'country_admin_region_ethiopia::01'}}"
binary_lpm,model4_preferred_lpm,wasted,pooled,country_admin_region_nigeria::23,0.024,0.017,-0.009,0.057,0.149,37088,4434,114,model_specific_equal_total_country_weight,cluster_robust_country_psu,True,"{'child_sex': {'reference': 'Male', 'reference_column': 'child_sex_Male'}, 'maternal_education': {'reference': 'No education', 'reference_column': 'maternal_education_No education'}, 'literacy': {'reference': 'Cannot read at all', 'reference_column': 'literacy_Cannot read at all'}, 'wealth_quintile': {'reference': 'Poorest', 'reference_column': 'wealth_quintile_Poorest'}, 'residence': {'reference': 'Rural', 'reference_column': 'residence_Rural'}, 'country_admin_region': {'reference': 'ethiopia::01', 'reference_column': 'country_admin_region_ethiopia::01'}}"
binary_lpm,model4_preferred_lpm,wasted,pooled,country_admin_region_nigeria::24,0.003,0.017,-0.03,0.036,0.859,37088,4434,114,model_specific_equal_total_country_weight,cluster_robust_country_psu,True,"{'child_sex': {'reference': 'Male', 'reference_column': 'child_sex_Male'}, 'maternal_education': {'reference': 'No education', 'reference_column': 'maternal_education_No education'}, 'literacy': {'reference': 'Cannot read at all', 'reference_column': 'literacy_Cannot read at all'}, 'wealth_quintile': {'reference': 'Poorest', 'reference_column': 'wealth_quintile_Poorest'}, 'residence': {'reference': 'Rural', 'reference_column': 'residence_Rural'}, 'country_admin_region': {'reference': 'ethiopia::01', 'reference_column': 'country_admin_region_ethiopia::01'}}"
binary_lpm,model4_preferred_lpm,wasted,pooled,country_admin_region_nigeria::25,0.047,0.025,-0.002,0.095,0.059,37088,4434,114,model_specific_equal_total_country_weight,cluster_robust_country_psu,True,"{'child_sex': {'reference': 'Male', 'reference_column': 'child_sex_Male'}, 'maternal_education': {'reference': 'No education', 'reference_column': 'maternal_education_No education'}, 'literacy': {'reference': 'Cannot read at all', 'reference_column': 'literacy_Cannot read at all'}, 'wealth_quintile': {'reference': 'Poorest', 'reference_column': 'wealth_quintile_Poorest'}, 'residence': {'reference': 'Rural', 'reference_column': 'residence_Rural'}, 'country_admin_region': {'reference': 'ethiopia::01', 'reference_column': 'country_admin_region_ethiopia::01'}}"
binary_lpm,model4_preferred_lpm,wasted,pooled,country_admin_region_nigeria::26,0.094,0.037,0.021,0.166,0.011,37088,4434,114,model_specific_equal_total_country_weight,cluster_robust_country_psu,True,"{'child_sex': {'reference': 'Male', 'reference_column': 'child_sex_Male'}, 'maternal_education': {'reference': 'No education', 'reference_column': 'maternal_education_No education'}, 'literacy': {'reference': 'Cannot read at all', 'reference_column': 'literacy_Cannot read at all'}, 'wealth_quintile': {'reference': 'Poorest', 'reference_column': 'wealth_quintile_Poorest'}, 'residence': {'reference': 'Rural', 'reference_column': 'residence_Rural'}, 'country_admin_region': {'reference': 'ethiopia::01', 'reference_column': 'country_admin_region_ethiopia::01'}}"
binary_lpm,model4_preferred_lpm,wasted,pooled,country_admin_region_nigeria::27,0.054,0.023,0.008,0.1,0.021,37088,4434,114,model_specific_equal_total_country_weight,cluster_robust_country_psu,True,"{'child_sex': {'reference': 'Male', 'reference_column': 'child_sex_Male'}, 'maternal_education': {'reference': 'No education', 'reference_column': 'maternal_education_No education'}, 'literacy': {'reference': 'Cannot read at all', 'reference_column': 'literacy_Cannot read at all'}, 'wealth_quintile': {'reference': 'Poorest', 'reference_column': 'wealth_quintile_Poorest'}, 'residence': {'reference': 'Rural', 'reference_column': 'residence_Rural'}, 'country_admin_region': {'reference': 'ethiopia::01', 'reference_column': 'country_admin_region_ethiopia::01'}}"
binary_lpm,model4_preferred_lpm,wasted,pooled,country_admin_region_nigeria::28,0.015,0.023,-0.029,0.059,0.503,37088,4434,114,model_specific_equal_total_country_weight,cluster_robust_country_psu,True,"{'child_sex': {'reference': 'Male', 'reference_column': 'child_sex_Male'}, 'maternal_education': {'reference': 'No education', 'reference_column': 'maternal_education_No education'}, 'literacy': {'reference': 'Cannot read at all', 'reference_column': 'literacy_Cannot read at all'}, 'wealth_quintile': {'reference': 'Poorest', 'reference_column': 'wealth_quintile_Poorest'}, 'residence': {'reference': 'Rural', 'reference_column': 'residence_Rural'}, 'country_admin_region': {'reference': 'ethiopia::01', 'reference_column': 'country_admin_region_ethiopia::01'}}"
binary_lpm,model4_preferred_lpm,wasted,pooled,country_admin_region_nigeria::29,0.12,0.028,0.065,0.175,0.0,37088,4434,114,model_specific_equal_total_country_weight,cluster_robust_country_psu,True,"{'child_sex': {'reference': 'Male', 'reference_column': 'child_sex_Male'}, 'maternal_education': {'reference': 'No education', 'reference_column': 'maternal_education_No education'}, 'literacy': {'reference': 'Cannot read at all', 'reference_column': 'literacy_Cannot read at all'}, 'wealth_quintile': {'reference': 'Poorest', 'reference_column': 'wealth_quintile_Poorest'}, 'residence': {'reference': 'Rural', 'reference_column': 'residence_Rural'}, 'country_admin_region': {'reference': 'ethiopia::01', 'reference_column': 'country_admin_region_ethiopia::01'}}"
binary_lpm,model4_preferred_lpm,wasted,pooled,country_admin_region_nigeria::30,0.041,0.021,0.0,0.082,0.049,37088,4434,114,model_specific_equal_total_country_weight,cluster_robust_country_psu,True,"{'child_sex': {'reference': 'Male', 'reference_column': 'child_sex_Male'}, 'maternal_education': {'reference': 'No education', 'reference_column': 'maternal_education_No education'}, 'literacy': {'reference': 'Cannot read at all', 'reference_column': 'literacy_Cannot read at all'}, 'wealth_quintile': {'reference': 'Poorest', 'reference_column': 'wealth_quintile_Poorest'}, 'residence': {'reference': 'Rural', 'reference_column': 'residence_Rural'}, 'country_admin_region': {'reference': 'ethiopia::01', 'reference_column': 'country_admin_region_ethiopia::01'}}"
binary_lpm,model4_preferred_lpm,wasted,pooled,country_admin_region_nigeria::31,0.088,0.028,0.034,0.143,0.002,37088,4434,114,model_specific_equal_total_country_weight,cluster_robust_country_psu,True,"{'child_sex': {'reference': 'Male', 'reference_column': 'child_sex_Male'}, 'maternal_education': {'reference': 'No education', 'reference_column': 'maternal_education_No education'}, 'literacy': {'reference': 'Cannot read at all', 'reference_column': 'literacy_Cannot read at all'}, 'wealth_quintile': {'reference': 'Poorest', 'reference_column': 'wealth_quintile_Poorest'}, 'residence': {'reference': 'Rural', 'reference_column': 'residence_Rural'}, 'country_admin_region': {'reference': 'ethiopia::01', 'reference_column': 'country_admin_region_ethiopia::01'}}"
binary_lpm,model4_preferred_lpm,wasted,pooled,country_admin_region_nigeria::32,0.013,0.024,-0.033,0.06,0.574,37088,4434,114,model_specific_equal_total_country_weight,cluster_robust_country_psu,True,"{'child_sex': {'reference': 'Male', 'reference_column': 'child_sex_Male'}, 'maternal_education': {'reference': 'No education', 'reference_column': 'maternal_education_No education'}, 'literacy': {'reference': 'Cannot read at all', 'reference_column': 'literacy_Cannot read at all'}, 'wealth_quintile': {'reference': 'Poorest', 'reference_column': 'wealth_quintile_Poorest'}, 'residence': {'reference': 'Rural', 'reference_column': 'residence_Rural'}, 'country_admin_region': {'reference': 'ethiopia::01', 'reference_column': 'country_admin_region_ethiopia::01'}}"
binary_lpm,model4_preferred_lpm,wasted,pooled,country_admin_region_nigeria::33,0.002,0.025,-0.047,0.05,0.949,37088,4434,114,model_specific_equal_total_country_weight,cluster_robust_country_psu,True,"{'child_sex': {'reference': 'Male', 'reference_column': 'child_sex_Male'}, 'maternal_education': {'reference': 'No education', 'reference_column': 'maternal_education_No education'}, 'literacy': {'reference': 'Cannot read at all', 'reference_column': 'literacy_Cannot read at all'}, 'wealth_quintile': {'reference': 'Poorest', 'reference_column': 'wealth_quintile_Poorest'}, 'residence': {'reference': 'Rural', 'reference_column': 'residence_Rural'}, 'country_admin_region': {'reference': 'ethiopia::01', 'reference_column': 'country_admin_region_ethiopia::01'}}"
binary_lpm,model4_preferred_lpm,wasted,pooled,country_admin_region_nigeria::34,0.087,0.034,0.02,0.154,0.011,37088,4434,114,model_specific_equal_total_country_weight,cluster_robust_country_psu,True,"{'child_sex': {'reference': 'Male', 'reference_column': 'child_sex_Male'}, 'maternal_education': {'reference': 'No education', 'reference_column': 'maternal_education_No education'}, 'literacy': {'reference': 'Cannot read at all', 'reference_column': 'literacy_Cannot read at all'}, 'wealth_quintile': {'reference': 'Poorest', 'reference_column': 'wealth_quintile_Poorest'}, 'residence': {'reference': 'Rural', 'reference_column': 'residence_Rural'}, 'country_admin_region': {'reference': 'ethiopia::01', 'reference_column': 'country_admin_region_ethiopia::01'}}"
binary_lpm,model4_preferred_lpm,wasted,pooled,country_admin_region_nigeria::35,0.054,0.031,-0.008,0.116,0.088,37088,4434,114,model_specific_equal_total_country_weight,cluster_robust_country_psu,True,"{'child_sex': {'reference': 'Male', 'reference_column': 'child_sex_Male'}, 'maternal_education': {'reference': 'No education', 'reference_column': 'maternal_education_No education'}, 'literacy': {'reference': 'Cannot read at all', 'reference_column': 'literacy_Cannot read at all'}, 'wealth_quintile': {'reference': 'Poorest', 'reference_column': 'wealth_quintile_Poorest'}, 'residence': {'reference': 'Rural', 'reference_column': 'residence_Rural'}, 'country_admin_region': {'reference': 'ethiopia::01', 'reference_column': 'country_admin_region_ethiopia::01'}}"
binary_lpm,model4_preferred_lpm,wasted,pooled,country_admin_region_nigeria::36,0.069,0.035,0.0,0.137,0.049,37088,4434,114,model_specific_equal_total_country_weight,cluster_robust_country_psu,True,"{'child_sex': {'reference': 'Male', 'reference_column': 'child_sex_Male'}, 'maternal_education': {'reference': 'No education', 'reference_column': 'maternal_education_No education'}, 'literacy': {'reference': 'Cannot read at all', 'reference_column': 'literacy_Cannot read at all'}, 'wealth_quintile': {'reference': 'Poorest', 'reference_column': 'wealth_quintile_Poorest'}, 'residence': {'reference': 'Rural', 'reference_column': 'residence_Rural'}, 'country_admin_region': {'reference': 'ethiopia::01', 'reference_column': 'country_admin_region_ethiopia::01'}}"
binary_lpm,model4_preferred_lpm,wasted,pooled,country_admin_region_nigeria::37,0.098,0.028,0.043,0.152,0.0,37088,4434,114,model_specific_equal_total_country_weight,cluster_robust_country_psu,True,"{'child_sex': {'reference': 'Male', 'reference_column': 'child_sex_Male'}, 'maternal_education': {'reference': 'No education', 'reference_column': 'maternal_education_No education'}, 'literacy': {'reference': 'Cannot read at all', 'reference_column': 'literacy_Cannot read at all'}, 'wealth_quintile': {'reference': 'Poorest', 'reference_column': 'wealth_quintile_Poorest'}, 'residence': {'reference': 'Rural', 'reference_column': 'residence_Rural'}, 'country_admin_region': {'reference': 'ethiopia::01', 'reference_column': 'country_admin_region_ethiopia::01'}}"
binary_lpm,model4_preferred_lpm,wasted,ethiopia,const,0.159,0.046,0.068,0.249,0.001,5884,787,14,weight_original,cluster_robust_psu,True,"{'child_sex': {'reference': 'Male', 'reference_column': 'child_sex_Male'}, 'maternal_education': {'reference': 'No education', 'reference_column': 'maternal_education_No education'}, 'literacy': {'reference': 'Cannot read at all', 'reference_column': 'literacy_Cannot read at all'}, 'wealth_quintile': {'reference': 'Poorest', 'reference_column': 'wealth_quintile_Poorest'}, 'residence': {'reference': 'Rural', 'reference_column': 'residence_Rural'}, 'country_admin_region': {'reference': 'ethiopia::01', 'reference_column': 'country_admin_region_ethiopia::01'}}"
binary_lpm,model4_preferred_lpm,wasted,ethiopia,water_rate_loo,-0.015,0.018,-0.051,0.02,0.403,5884,787,14,weight_original,cluster_robust_psu,True,"{'child_sex': {'reference': 'Male', 'reference_column': 'child_sex_Male'}, 'maternal_education': {'reference': 'No education', 'reference_column': 'maternal_education_No education'}, 'literacy': {'reference': 'Cannot read at all', 'reference_column': 'literacy_Cannot read at all'}, 'wealth_quintile': {'reference': 'Poorest', 'reference_column': 'wealth_quintile_Poorest'}, 'residence': {'reference': 'Rural', 'reference_column': 'residence_Rural'}, 'country_admin_region': {'reference': 'ethiopia::01', 'reference_column': 'country_admin_region_ethiopia::01'}}"
binary_lpm,model4_preferred_lpm,wasted,ethiopia,sanitation_rate_loo_core,0.029,0.025,-0.02,0.077,0.243,5884,787,14,weight_original,cluster_robust_psu,True,"{'child_sex': {'reference': 'Male', 'reference_column': 'child_sex_Male'}, 'maternal_education': {'reference': 'No education', 'reference_column': 'maternal_education_No education'}, 'literacy': {'reference': 'Cannot read at all', 'reference_column': 'literacy_Cannot read at all'}, 'wealth_quintile': {'reference': 'Poorest', 'reference_column': 'wealth_quintile_Poorest'}, 'residence': {'reference': 'Rural', 'reference_column': 'residence_Rural'}, 'country_admin_region': {'reference': 'ethiopia::01', 'reference_column': 'country_admin_region_ethiopia::01'}}"
binary_lpm,model4_preferred_lpm,wasted,ethiopia,b19_raw,-0.001,0.0,-0.001,-0.0,0.001,5884,787,14,weight_original,cluster_robust_psu,True,"{'child_sex': {'reference': 'Male', 'reference_column': 'child_sex_Male'}, 'maternal_education': {'reference': 'No education', 'reference_column': 'maternal_education_No education'}, 'literacy': {'reference': 'Cannot read at all', 'reference_column': 'literacy_Cannot read at all'}, 'wealth_quintile': {'reference': 'Poorest', 'reference_column': 'wealth_quintile_Poorest'}, 'residence': {'reference': 'Rural', 'reference_column': 'residence_Rural'}, 'country_admin_region': {'reference': 'ethiopia::01', 'reference_column': 'country_admin_region_ethiopia::01'}}"
binary_lpm,model4_preferred_lpm,wasted,ethiopia,birth_order_raw,-0.0,0.005,-0.01,0.009,0.966,5884,787,14,weight_original,cluster_robust_psu,True,"{'child_sex': {'reference': 'Male', 'reference_column': 'child_sex_Male'}, 'maternal_education': {'reference': 'No education', 'reference_column': 'maternal_education_No education'}, 'literacy': {'reference': 'Cannot read at all', 'reference_column': 'literacy_Cannot read at all'}, 'wealth_quintile': {'reference': 'Poorest', 'reference_column': 'wealth_quintile_Poorest'}, 'residence': {'reference': 'Rural', 'reference_column': 'residence_Rural'}, 'country_admin_region': {'reference': 'ethiopia::01', 'reference_column': 'country_admin_region_ethiopia::01'}}"
binary_lpm,model4_preferred_lpm,wasted,ethiopia,maternal_age,-0.001,0.001,-0.003,0.002,0.554,5884,787,14,weight_original,cluster_robust_psu,True,"{'child_sex': {'reference': 'Male', 'reference_column': 'child_sex_Male'}, 'maternal_education': {'reference': 'No education', 'reference_column': 'maternal_education_No education'}, 'literacy': {'reference': 'Cannot read at all', 'reference_column': 'literacy_Cannot read at all'}, 'wealth_quintile': {'reference': 'Poorest', 'reference_column': 'wealth_quintile_Poorest'}, 'residence': {'reference': 'Rural', 'reference_column': 'residence_Rural'}, 'country_admin_region': {'reference': 'ethiopia::01', 'reference_column': 'country_admin_region_ethiopia::01'}}"
binary_lpm,model4_preferred_lpm,wasted,ethiopia,household_size_raw,-0.001,0.004,-0.009,0.007,0.872,5884,787,14,weight_original,cluster_robust_psu,True,"{'child_sex': {'reference': 'Male', 'reference_column': 'child_sex_Male'}, 'maternal_education': {'reference': 'No education', 'reference_column': 'maternal_education_No education'}, 'literacy': {'reference': 'Cannot read at all', 'reference_column': 'literacy_Cannot read at all'}, 'wealth_quintile': {'reference': 'Poorest', 'reference_column': 'wealth_quintile_Poorest'}, 'residence': {'reference': 'Rural', 'reference_column': 'residence_Rural'}, 'country_admin_region': {'reference': 'ethiopia::01', 'reference_column': 'country_admin_region_ethiopia::01'}}"
binary_lpm,model4_preferred_lpm,wasted,ethiopia,child_sex_Female,-0.018,0.01,-0.037,0.001,0.064,5884,787,14,weight_original,cluster_robust_psu,True,"{'child_sex': {'reference': 'Male', 'reference_column': 'child_sex_Male'}, 'maternal_education': {'reference': 'No education', 'reference_column': 'maternal_education_No education'}, 'literacy': {'reference': 'Cannot read at all', 'reference_column': 'literacy_Cannot read at all'}, 'wealth_quintile': {'reference': 'Poorest', 'reference_column': 'wealth_quintile_Poorest'}, 'residence': {'reference': 'Rural', 'reference_column': 'residence_Rural'}, 'country_admin_region': {'reference': 'ethiopia::01', 'reference_column': 'country_admin_region_ethiopia::01'}}"
binary_lpm,model4_preferred_lpm,wasted,ethiopia,maternal_education_Higher,-0.061,0.027,-0.114,-0.007,0.026,5884,787,14,weight_original,cluster_robust_psu,True,"{'child_sex': {'reference': 'Male', 'reference_column': 'child_sex_Male'}, 'maternal_education': {'reference': 'No education', 'reference_column': 'maternal_education_No education'}, 'literacy': {'reference': 'Cannot read at all', 'reference_column': 'literacy_Cannot read at all'}, 'wealth_quintile': {'reference': 'Poorest', 'reference_column': 'wealth_quintile_Poorest'}, 'residence': {'reference': 'Rural', 'reference_column': 'residence_Rural'}, 'country_admin_region': {'reference': 'ethiopia::01', 'reference_column': 'country_admin_region_ethiopia::01'}}"
binary_lpm,model4_preferred_lpm,wasted,ethiopia,maternal_education_Primary,-0.032,0.016,-0.063,-0.0,0.05,5884,787,14,weight_original,cluster_robust_psu,True,"{'child_sex': {'reference': 'Male', 'reference_column': 'child_sex_Male'}, 'maternal_education': {'reference': 'No education', 'reference_column': 'maternal_education_No education'}, 'literacy': {'reference': 'Cannot read at all', 'reference_column': 'literacy_Cannot read at all'}, 'wealth_quintile': {'reference': 'Poorest', 'reference_column': 'wealth_quintile_Poorest'}, 'residence': {'reference': 'Rural', 'reference_column': 'residence_Rural'}, 'country_admin_region': {'reference': 'ethiopia::01', 'reference_column': 'country_admin_region_ethiopia::01'}}"
binary_lpm,model4_preferred_lpm,wasted,ethiopia,maternal_education_Secondary,-0.039,0.028,-0.094,0.015,0.158,5884,787,14,weight_original,cluster_robust_psu,True,"{'child_sex': {'reference': 'Male', 'reference_column': 'child_sex_Male'}, 'maternal_education': {'reference': 'No education', 'reference_column': 'maternal_education_No education'}, 'literacy': {'reference': 'Cannot read at all', 'reference_column': 'literacy_Cannot read at all'}, 'wealth_quintile': {'reference': 'Poorest', 'reference_column': 'wealth_quintile_Poorest'}, 'residence': {'reference': 'Rural', 'reference_column': 'residence_Rural'}, 'country_admin_region': {'reference': 'ethiopia::01', 'reference_column': 'country_admin_region_ethiopia::01'}}"
binary_lpm,model4_preferred_lpm,wasted,ethiopia,literacy_Able to read only parts of sentence,-0.008,0.012,-0.032,0.016,0.531,5884,787,14,weight_original,cluster_robust_psu,True,"{'child_sex': {'reference': 'Male', 'reference_column': 'child_sex_Male'}, 'maternal_education': {'reference': 'No education', 'reference_column': 'maternal_education_No education'}, 'literacy': {'reference': 'Cannot read at all', 'reference_column': 'literacy_Cannot read at all'}, 'wealth_quintile': {'reference': 'Poorest', 'reference_column': 'wealth_quintile_Poorest'}, 'residence': {'reference': 'Rural', 'reference_column': 'residence_Rural'}, 'country_admin_region': {'reference': 'ethiopia::01', 'reference_column': 'country_admin_region_ethiopia::01'}}"
binary_lpm,model4_preferred_lpm,wasted,ethiopia,literacy_Able to read whole sentence,0.011,0.019,-0.027,0.049,0.582,5884,787,14,weight_original,cluster_robust_psu,True,"{'child_sex': {'reference': 'Male', 'reference_column': 'child_sex_Male'}, 'maternal_education': {'reference': 'No education', 'reference_column': 'maternal_education_No education'}, 'literacy': {'reference': 'Cannot read at all', 'reference_column': 'literacy_Cannot read at all'}, 'wealth_quintile': {'reference': 'Poorest', 'reference_column': 'wealth_quintile_Poorest'}, 'residence': {'reference': 'Rural', 'reference_column': 'residence_Rural'}, 'country_admin_region': {'reference': 'ethiopia::01', 'reference_column': 'country_admin_region_ethiopia::01'}}"
binary_lpm,model4_preferred_lpm,wasted,ethiopia,literacy_Blind/visually impaired,-0.069,0.019,-0.106,-0.033,0.0,5884,787,14,weight_original,cluster_robust_psu,True,"{'child_sex': {'reference': 'Male', 'reference_column': 'child_sex_Male'}, 'maternal_education': {'reference': 'No education', 'reference_column': 'maternal_education_No education'}, 'literacy': {'reference': 'Cannot read at all', 'reference_column': 'literacy_Cannot read at all'}, 'wealth_quintile': {'reference': 'Poorest', 'reference_column': 'wealth_quintile_Poorest'}, 'residence': {'reference': 'Rural', 'reference_column': 'residence_Rural'}, 'country_admin_region': {'reference': 'ethiopia::01', 'reference_column': 'country_admin_region_ethiopia::01'}}"
binary_lpm,model4_preferred_lpm,wasted,ethiopia,literacy_No card with required language,-0.035,0.022,-0.079,0.008,0.111,5884,787,14,weight_original,cluster_robust_psu,True,"{'child_sex': {'reference': 'Male', 'reference_column': 'child_sex_Male'}, 'maternal_education': {'reference': 'No education', 'reference_column': 'maternal_education_No education'}, 'literacy': {'reference': 'Cannot read at all', 'reference_column': 'literacy_Cannot read at all'}, 'wealth_quintile': {'reference': 'Poorest', 'reference_column': 'wealth_quintile_Poorest'}, 'residence': {'reference': 'Rural', 'reference_column': 'residence_Rural'}, 'country_admin_region': {'reference': 'ethiopia::01', 'reference_column': 'country_admin_region_ethiopia::01'}}"
binary_lpm,model4_preferred_lpm,wasted,ethiopia,wealth_quintile_Middle,-0.033,0.017,-0.066,-0.001,0.046,5884,787,14,weight_original,cluster_robust_psu,True,"{'child_sex': {'reference': 'Male', 'reference_column': 'child_sex_Male'}, 'maternal_education': {'reference': 'No education', 'reference_column': 'maternal_education_No education'}, 'literacy': {'reference': 'Cannot read at all', 'reference_column': 'literacy_Cannot read at all'}, 'wealth_quintile': {'reference': 'Poorest', 'reference_column': 'wealth_quintile_Poorest'}, 'residence': {'reference': 'Rural', 'reference_column': 'residence_Rural'}, 'country_admin_region': {'reference': 'ethiopia::01', 'reference_column': 'country_admin_region_ethiopia::01'}}"
binary_lpm,model4_preferred_lpm,wasted,ethiopia,wealth_quintile_Poorer,-0.024,0.016,-0.055,0.007,0.133,5884,787,14,weight_original,cluster_robust_psu,True,"{'child_sex': {'reference': 'Male', 'reference_column': 'child_sex_Male'}, 'maternal_education': {'reference': 'No education', 'reference_column': 'maternal_education_No education'}, 'literacy': {'reference': 'Cannot read at all', 'reference_column': 'literacy_Cannot read at all'}, 'wealth_quintile': {'reference': 'Poorest', 'reference_column': 'wealth_quintile_Poorest'}, 'residence': {'reference': 'Rural', 'reference_column': 'residence_Rural'}, 'country_admin_region': {'reference': 'ethiopia::01', 'reference_column': 'country_admin_region_ethiopia::01'}}"
binary_lpm,model4_preferred_lpm,wasted,ethiopia,wealth_quintile_Richer,-0.035,0.02,-0.075,0.004,0.078,5884,787,14,weight_original,cluster_robust_psu,True,"{'child_sex': {'reference': 'Male', 'reference_column': 'child_sex_Male'}, 'maternal_education': {'reference': 'No education', 'reference_column': 'maternal_education_No education'}, 'literacy': {'reference': 'Cannot read at all', 'reference_column': 'literacy_Cannot read at all'}, 'wealth_quintile': {'reference': 'Poorest', 'reference_column': 'wealth_quintile_Poorest'}, 'residence': {'reference': 'Rural', 'reference_column': 'residence_Rural'}, 'country_admin_region': {'reference': 'ethiopia::01', 'reference_column': 'country_admin_region_ethiopia::01'}}"
binary_lpm,model4_preferred_lpm,wasted,ethiopia,wealth_quintile_Richest,-0.012,0.033,-0.076,0.052,0.709,5884,787,14,weight_original,cluster_robust_psu,True,"{'child_sex': {'reference': 'Male', 'reference_column': 'child_sex_Male'}, 'maternal_education': {'reference': 'No education', 'reference_column': 'maternal_education_No education'}, 'literacy': {'reference': 'Cannot read at all', 'reference_column': 'literacy_Cannot read at all'}, 'wealth_quintile': {'reference': 'Poorest', 'reference_column': 'wealth_quintile_Poorest'}, 'residence': {'reference': 'Rural', 'reference_column': 'residence_Rural'}, 'country_admin_region': {'reference': 'ethiopia::01', 'reference_column': 'country_admin_region_ethiopia::01'}}"
binary_lpm,model4_preferred_lpm,wasted,ethiopia,residence_Urban,0.007,0.016,-0.025,0.038,0.669,5884,787,14,weight_original,cluster_robust_psu,True,"{'child_sex': {'reference': 'Male', 'reference_column': 'child_sex_Male'}, 'maternal_education': {'reference': 'No education', 'reference_column': 'maternal_education_No education'}, 'literacy': {'reference': 'Cannot read at all', 'reference_column': 'literacy_Cannot read at all'}, 'wealth_quintile': {'reference': 'Poorest', 'reference_column': 'wealth_quintile_Poorest'}, 'residence': {'reference': 'Rural', 'reference_column': 'residence_Rural'}, 'country_admin_region': {'reference': 'ethiopia::01', 'reference_column': 'country_admin_region_ethiopia::01'}}"
binary_lpm,model4_preferred_lpm,wasted,ethiopia,country_admin_region_ethiopia::02,0.029,0.021,-0.012,0.07,0.167,5884,787,14,weight_original,cluster_robust_psu,True,"{'child_sex': {'reference': 'Male', 'reference_column': 'child_sex_Male'}, 'maternal_education': {'reference': 'No education', 'reference_column': 'maternal_education_No education'}, 'literacy': {'reference': 'Cannot read at all', 'reference_column': 'literacy_Cannot read at all'}, 'wealth_quintile': {'reference': 'Poorest', 'reference_column': 'wealth_quintile_Poorest'}, 'residence': {'reference': 'Rural', 'reference_column': 'residence_Rural'}, 'country_admin_region': {'reference': 'ethiopia::01', 'reference_column': 'country_admin_region_ethiopia::01'}}"
binary_lpm,model4_preferred_lpm,wasted,ethiopia,country_admin_region_ethiopia::03,-0.0,0.016,-0.032,0.032,0.994,5884,787,14,weight_original,cluster_robust_psu,True,"{'child_sex': {'reference': 'Male', 'reference_column': 'child_sex_Male'}, 'maternal_education': {'reference': 'No education', 'reference_column': 'maternal_education_No education'}, 'literacy': {'reference': 'Cannot read at all', 'reference_column': 'literacy_Cannot read at all'}, 'wealth_quintile': {'reference': 'Poorest', 'reference_column': 'wealth_quintile_Poorest'}, 'residence': {'reference': 'Rural', 'reference_column': 'residence_Rural'}, 'country_admin_region': {'reference': 'ethiopia::01', 'reference_column': 'country_admin_region_ethiopia::01'}}"
binary_lpm,model4_preferred_lpm,wasted,ethiopia,country_admin_region_ethiopia::04,-0.019,0.016,-0.05,0.013,0.247,5884,787,14,weight_original,cluster_robust_psu,True,"{'child_sex': {'reference': 'Male', 'reference_column': 'child_sex_Male'}, 'maternal_education': {'reference': 'No education', 'reference_column': 'maternal_education_No education'}, 'literacy': {'reference': 'Cannot read at all', 'reference_column': 'literacy_Cannot read at all'}, 'wealth_quintile': {'reference': 'Poorest', 'reference_column': 'wealth_quintile_Poorest'}, 'residence': {'reference': 'Rural', 'reference_column': 'residence_Rural'}, 'country_admin_region': {'reference': 'ethiopia::01', 'reference_column': 'country_admin_region_ethiopia::01'}}"
binary_lpm,model4_preferred_lpm,wasted,ethiopia,country_admin_region_ethiopia::05,0.053,0.021,0.011,0.096,0.013,5884,787,14,weight_original,cluster_robust_psu,True,"{'child_sex': {'reference': 'Male', 'reference_column': 'child_sex_Male'}, 'maternal_education': {'reference': 'No education', 'reference_column': 'maternal_education_No education'}, 'literacy': {'reference': 'Cannot read at all', 'reference_column': 'literacy_Cannot read at all'}, 'wealth_quintile': {'reference': 'Poorest', 'reference_column': 'wealth_quintile_Poorest'}, 'residence': {'reference': 'Rural', 'reference_column': 'residence_Rural'}, 'country_admin_region': {'reference': 'ethiopia::01', 'reference_column': 'country_admin_region_ethiopia::01'}}"
binary_lpm,model4_preferred_lpm,wasted,ethiopia,country_admin_region_ethiopia::06,-0.016,0.017,-0.049,0.017,0.341,5884,787,14,weight_original,cluster_robust_psu,True,"{'child_sex': {'reference': 'Male', 'reference_column': 'child_sex_Male'}, 'maternal_education': {'reference': 'No education', 'reference_column': 'maternal_education_No education'}, 'literacy': {'reference': 'Cannot read at all', 'reference_column': 'literacy_Cannot read at all'}, 'wealth_quintile': {'reference': 'Poorest', 'reference_column': 'wealth_quintile_Poorest'}, 'residence': {'reference': 'Rural', 'reference_column': 'residence_Rural'}, 'country_admin_region': {'reference': 'ethiopia::01', 'reference_column': 'country_admin_region_ethiopia::01'}}"
binary_lpm,model4_preferred_lpm,wasted,ethiopia,country_admin_region_ethiopia::07,-0.014,0.019,-0.05,0.023,0.463,5884,787,14,weight_original,cluster_robust_psu,True,"{'child_sex': {'reference': 'Male', 'reference_column': 'child_sex_Male'}, 'maternal_education': {'reference': 'No education', 'reference_column': 'maternal_education_No education'}, 'literacy': {'reference': 'Cannot read at all', 'reference_column': 'literacy_Cannot read at all'}, 'wealth_quintile': {'reference': 'Poorest', 'reference_column': 'wealth_quintile_Poorest'}, 'residence': {'reference': 'Rural', 'reference_column': 'residence_Rural'}, 'country_admin_region': {'reference': 'ethiopia::01', 'reference_column': 'country_admin_region_ethiopia::01'}}"
binary_lpm,model4_preferred_lpm,wasted,ethiopia,country_admin_region_ethiopia::08,-0.009,0.019,-0.045,0.028,0.634,5884,787,14,weight_original,cluster_robust_psu,True,"{'child_sex': {'reference': 'Male', 'reference_column': 'child_sex_Male'}, 'maternal_education': {'reference': 'No education', 'reference_column': 'maternal_education_No education'}, 'literacy': {'reference': 'Cannot read at all', 'reference_column': 'literacy_Cannot read at all'}, 'wealth_quintile': {'reference': 'Poorest', 'reference_column': 'wealth_quintile_Poorest'}, 'residence': {'reference': 'Rural', 'reference_column': 'residence_Rural'}, 'country_admin_region': {'reference': 'ethiopia::01', 'reference_column': 'country_admin_region_ethiopia::01'}}"
binary_lpm,model4_preferred_lpm,wasted,ethiopia,country_admin_region_ethiopia::09,-0.032,0.02,-0.071,0.006,0.097,5884,787,14,weight_original,cluster_robust_psu,True,"{'child_sex': {'reference': 'Male', 'reference_column': 'child_sex_Male'}, 'maternal_education': {'reference': 'No education', 'reference_column': 'maternal_education_No education'}, 'literacy': {'reference': 'Cannot read at all', 'reference_column': 'literacy_Cannot read at all'}, 'wealth_quintile': {'reference': 'Poorest', 'reference_column': 'wealth_quintile_Poorest'}, 'residence': {'reference': 'Rural', 'reference_column': 'residence_Rural'}, 'country_admin_region': {'reference': 'ethiopia::01', 'reference_column': 'country_admin_region_ethiopia::01'}}"
binary_lpm,model4_preferred_lpm,wasted,ethiopia,country_admin_region_ethiopia::10,-0.008,0.02,-0.047,0.03,0.669,5884,787,14,weight_original,cluster_robust_psu,True,"{'child_sex': {'reference': 'Male', 'reference_column': 'child_sex_Male'}, 'maternal_education': {'reference': 'No education', 'reference_column': 'maternal_education_No education'}, 'literacy': {'reference': 'Cannot read at all', 'reference_column': 'literacy_Cannot read at all'}, 'wealth_quintile': {'reference': 'Poorest', 'reference_column': 'wealth_quintile_Poorest'}, 'residence': {'reference': 'Rural', 'reference_column': 'residence_Rural'}, 'country_admin_region': {'reference': 'ethiopia::01', 'reference_column': 'country_admin_region_ethiopia::01'}}"
binary_lpm,model4_preferred_lpm,wasted,ethiopia,country_admin_region_ethiopia::12,0.079,0.025,0.03,0.128,0.002,5884,787,14,weight_original,cluster_robust_psu,True,"{'child_sex': {'reference': 'Male', 'reference_column': 'child_sex_Male'}, 'maternal_education': {'reference': 'No education', 'reference_column': 'maternal_education_No education'}, 'literacy': {'reference': 'Cannot read at all', 'reference_column': 'literacy_Cannot read at all'}, 'wealth_quintile': {'reference': 'Poorest', 'reference_column': 'wealth_quintile_Poorest'}, 'residence': {'reference': 'Rural', 'reference_column': 'residence_Rural'}, 'country_admin_region': {'reference': 'ethiopia::01', 'reference_column': 'country_admin_region_ethiopia::01'}}"
binary_lpm,model4_preferred_lpm,wasted,ethiopia,country_admin_region_ethiopia::13,-0.032,0.019,-0.069,0.006,0.1,5884,787,14,weight_original,cluster_robust_psu,True,"{'child_sex': {'reference': 'Male', 'reference_column': 'child_sex_Male'}, 'maternal_education': {'reference': 'No education', 'reference_column': 'maternal_education_No education'}, 'literacy': {'reference': 'Cannot read at all', 'reference_column': 'literacy_Cannot read at all'}, 'wealth_quintile': {'reference': 'Poorest', 'reference_column': 'wealth_quintile_Poorest'}, 'residence': {'reference': 'Rural', 'reference_column': 'residence_Rural'}, 'country_admin_region': {'reference': 'ethiopia::01', 'reference_column': 'country_admin_region_ethiopia::01'}}"
binary_lpm,model4_preferred_lpm,wasted,ethiopia,country_admin_region_ethiopia::14,-0.038,0.021,-0.08,0.003,0.068,5884,787,14,weight_original,cluster_robust_psu,True,"{'child_sex': {'reference': 'Male', 'reference_column': 'child_sex_Male'}, 'maternal_education': {'reference': 'No education', 'reference_column': 'maternal_education_No education'}, 'literacy': {'reference': 'Cannot read at all', 'reference_column': 'literacy_Cannot read at all'}, 'wealth_quintile': {'reference': 'Poorest', 'reference_column': 'wealth_quintile_Poorest'}, 'residence': {'reference': 'Rural', 'reference_column': 'residence_Rural'}, 'country_admin_region': {'reference': 'ethiopia::01', 'reference_column': 'country_admin_region_ethiopia::01'}}"
binary_lpm,model4_preferred_lpm,wasted,ethiopia,country_admin_region_ethiopia::15,0.001,0.024,-0.045,0.048,0.951,5884,787,14,weight_original,cluster_robust_psu,True,"{'child_sex': {'reference': 'Male', 'reference_column': 'child_sex_Male'}, 'maternal_education': {'reference': 'No education', 'reference_column': 'maternal_education_No education'}, 'literacy': {'reference': 'Cannot read at all', 'reference_column': 'literacy_Cannot read at all'}, 'wealth_quintile': {'reference': 'Poorest', 'reference_column': 'wealth_quintile_Poorest'}, 'residence': {'reference': 'Rural', 'reference_column': 'residence_Rural'}, 'country_admin_region': {'reference': 'ethiopia::01', 'reference_column': 'country_admin_region_ethiopia::01'}}"
binary_lpm,model4_preferred_lpm,wasted,ghana,const,0.123,0.042,0.041,0.204,0.003,4408,616,16,weight_original,cluster_robust_psu,True,"{'child_sex': {'reference': 'Male', 'reference_column': 'child_sex_Male'}, 'maternal_education': {'reference': 'No education', 'reference_column': 'maternal_education_No education'}, 'literacy': {'reference': 'Cannot read at all', 'reference_column': 'literacy_Cannot read at all'}, 'wealth_quintile': {'reference': 'Poorest', 'reference_column': 'wealth_quintile_Poorest'}, 'residence': {'reference': 'Rural', 'reference_column': 'residence_Rural'}, 'country_admin_region': {'reference': 'ghana::01', 'reference_column': 'country_admin_region_ghana::01'}}"
binary_lpm,model4_preferred_lpm,wasted,ghana,water_rate_loo,-0.012,0.016,-0.044,0.02,0.47,4408,616,16,weight_original,cluster_robust_psu,True,"{'child_sex': {'reference': 'Male', 'reference_column': 'child_sex_Male'}, 'maternal_education': {'reference': 'No education', 'reference_column': 'maternal_education_No education'}, 'literacy': {'reference': 'Cannot read at all', 'reference_column': 'literacy_Cannot read at all'}, 'wealth_quintile': {'reference': 'Poorest', 'reference_column': 'wealth_quintile_Poorest'}, 'residence': {'reference': 'Rural', 'reference_column': 'residence_Rural'}, 'country_admin_region': {'reference': 'ghana::01', 'reference_column': 'country_admin_region_ghana::01'}}"
binary_lpm,model4_preferred_lpm,wasted,ghana,sanitation_rate_loo_core,-0.007,0.022,-0.051,0.037,0.767,4408,616,16,weight_original,cluster_robust_psu,True,"{'child_sex': {'reference': 'Male', 'reference_column': 'child_sex_Male'}, 'maternal_education': {'reference': 'No education', 'reference_column': 'maternal_education_No education'}, 'literacy': {'reference': 'Cannot read at all', 'reference_column': 'literacy_Cannot read at all'}, 'wealth_quintile': {'reference': 'Poorest', 'reference_column': 'wealth_quintile_Poorest'}, 'residence': {'reference': 'Rural', 'reference_column': 'residence_Rural'}, 'country_admin_region': {'reference': 'ghana::01', 'reference_column': 'country_admin_region_ghana::01'}}"
binary_lpm,model4_preferred_lpm,wasted,ghana,b19_raw,-0.001,0.0,-0.002,-0.001,0.0,4408,616,16,weight_original,cluster_robust_psu,True,"{'child_sex': {'reference': 'Male', 'reference_column': 'child_sex_Male'}, 'maternal_education': {'reference': 'No education', 'reference_column': 'maternal_education_No education'}, 'literacy': {'reference': 'Cannot read at all', 'reference_column': 'literacy_Cannot read at all'}, 'wealth_quintile': {'reference': 'Poorest', 'reference_column': 'wealth_quintile_Poorest'}, 'residence': {'reference': 'Rural', 'reference_column': 'residence_Rural'}, 'country_admin_region': {'reference': 'ghana::01', 'reference_column': 'country_admin_region_ghana::01'}}"
binary_lpm,model4_preferred_lpm,wasted,ghana,birth_order_raw,-0.005,0.004,-0.013,0.003,0.23,4408,616,16,weight_original,cluster_robust_psu,True,"{'child_sex': {'reference': 'Male', 'reference_column': 'child_sex_Male'}, 'maternal_education': {'reference': 'No education', 'reference_column': 'maternal_education_No education'}, 'literacy': {'reference': 'Cannot read at all', 'reference_column': 'literacy_Cannot read at all'}, 'wealth_quintile': {'reference': 'Poorest', 'reference_column': 'wealth_quintile_Poorest'}, 'residence': {'reference': 'Rural', 'reference_column': 'residence_Rural'}, 'country_admin_region': {'reference': 'ghana::01', 'reference_column': 'country_admin_region_ghana::01'}}"
binary_lpm,model4_preferred_lpm,wasted,ghana,maternal_age,0.0,0.001,-0.002,0.002,0.86,4408,616,16,weight_original,cluster_robust_psu,True,"{'child_sex': {'reference': 'Male', 'reference_column': 'child_sex_Male'}, 'maternal_education': {'reference': 'No education', 'reference_column': 'maternal_education_No education'}, 'literacy': {'reference': 'Cannot read at all', 'reference_column': 'literacy_Cannot read at all'}, 'wealth_quintile': {'reference': 'Poorest', 'reference_column': 'wealth_quintile_Poorest'}, 'residence': {'reference': 'Rural', 'reference_column': 'residence_Rural'}, 'country_admin_region': {'reference': 'ghana::01', 'reference_column': 'country_admin_region_ghana::01'}}"
binary_lpm,model4_preferred_lpm,wasted,ghana,household_size_raw,0.002,0.002,-0.003,0.006,0.434,4408,616,16,weight_original,cluster_robust_psu,True,"{'child_sex': {'reference': 'Male', 'reference_column': 'child_sex_Male'}, 'maternal_education': {'reference': 'No education', 'reference_column': 'maternal_education_No education'}, 'literacy': {'reference': 'Cannot read at all', 'reference_column': 'literacy_Cannot read at all'}, 'wealth_quintile': {'reference': 'Poorest', 'reference_column': 'wealth_quintile_Poorest'}, 'residence': {'reference': 'Rural', 'reference_column': 'residence_Rural'}, 'country_admin_region': {'reference': 'ghana::01', 'reference_column': 'country_admin_region_ghana::01'}}"
binary_lpm,model4_preferred_lpm,wasted,ghana,child_sex_Female,-0.018,0.009,-0.036,0.0,0.052,4408,616,16,weight_original,cluster_robust_psu,True,"{'child_sex': {'reference': 'Male', 'reference_column': 'child_sex_Male'}, 'maternal_education': {'reference': 'No education', 'reference_column': 'maternal_education_No education'}, 'literacy': {'reference': 'Cannot read at all', 'reference_column': 'literacy_Cannot read at all'}, 'wealth_quintile': {'reference': 'Poorest', 'reference_column': 'wealth_quintile_Poorest'}, 'residence': {'reference': 'Rural', 'reference_column': 'residence_Rural'}, 'country_admin_region': {'reference': 'ghana::01', 'reference_column': 'country_admin_region_ghana::01'}}"
binary_lpm,model4_preferred_lpm,wasted,ghana,maternal_education_Higher,-0.008,0.028,-0.063,0.046,0.765,4408,616,16,weight_original,cluster_robust_psu,True,"{'child_sex': {'reference': 'Male', 'reference_column': 'child_sex_Male'}, 'maternal_education': {'reference': 'No education', 'reference_column': 'maternal_education_No education'}, 'literacy': {'reference': 'Cannot read at all', 'reference_column': 'literacy_Cannot read at all'}, 'wealth_quintile': {'reference': 'Poorest', 'reference_column': 'wealth_quintile_Poorest'}, 'residence': {'reference': 'Rural', 'reference_column': 'residence_Rural'}, 'country_admin_region': {'reference': 'ghana::01', 'reference_column': 'country_admin_region_ghana::01'}}"
binary_lpm,model4_preferred_lpm,wasted,ghana,maternal_education_Primary,0.011,0.02,-0.028,0.051,0.582,4408,616,16,weight_original,cluster_robust_psu,True,"{'child_sex': {'reference': 'Male', 'reference_column': 'child_sex_Male'}, 'maternal_education': {'reference': 'No education', 'reference_column': 'maternal_education_No education'}, 'literacy': {'reference': 'Cannot read at all', 'reference_column': 'literacy_Cannot read at all'}, 'wealth_quintile': {'reference': 'Poorest', 'reference_column': 'wealth_quintile_Poorest'}, 'residence': {'reference': 'Rural', 'reference_column': 'residence_Rural'}, 'country_admin_region': {'reference': 'ghana::01', 'reference_column': 'country_admin_region_ghana::01'}}"
binary_lpm,model4_preferred_lpm,wasted,ghana,maternal_education_Secondary,-0.016,0.019,-0.053,0.021,0.392,4408,616,16,weight_original,cluster_robust_psu,True,"{'child_sex': {'reference': 'Male', 'reference_column': 'child_sex_Male'}, 'maternal_education': {'reference': 'No education', 'reference_column': 'maternal_education_No education'}, 'literacy': {'reference': 'Cannot read at all', 'reference_column': 'literacy_Cannot read at all'}, 'wealth_quintile': {'reference': 'Poorest', 'reference_column': 'wealth_quintile_Poorest'}, 'residence': {'reference': 'Rural', 'reference_column': 'residence_Rural'}, 'country_admin_region': {'reference': 'ghana::01', 'reference_column': 'country_admin_region_ghana::01'}}"
binary_lpm,model4_preferred_lpm,wasted,ghana,literacy_Able to read only parts of sentence,-0.013,0.017,-0.046,0.021,0.458,4408,616,16,weight_original,cluster_robust_psu,True,"{'child_sex': {'reference': 'Male', 'reference_column': 'child_sex_Male'}, 'maternal_education': {'reference': 'No education', 'reference_column': 'maternal_education_No education'}, 'literacy': {'reference': 'Cannot read at all', 'reference_column': 'literacy_Cannot read at all'}, 'wealth_quintile': {'reference': 'Poorest', 'reference_column': 'wealth_quintile_Poorest'}, 'residence': {'reference': 'Rural', 'reference_column': 'residence_Rural'}, 'country_admin_region': {'reference': 'ghana::01', 'reference_column': 'country_admin_region_ghana::01'}}"
binary_lpm,model4_preferred_lpm,wasted,ghana,literacy_Able to read whole sentence,-0.015,0.017,-0.048,0.019,0.396,4408,616,16,weight_original,cluster_robust_psu,True,"{'child_sex': {'reference': 'Male', 'reference_column': 'child_sex_Male'}, 'maternal_education': {'reference': 'No education', 'reference_column': 'maternal_education_No education'}, 'literacy': {'reference': 'Cannot read at all', 'reference_column': 'literacy_Cannot read at all'}, 'wealth_quintile': {'reference': 'Poorest', 'reference_column': 'wealth_quintile_Poorest'}, 'residence': {'reference': 'Rural', 'reference_column': 'residence_Rural'}, 'country_admin_region': {'reference': 'ghana::01', 'reference_column': 'country_admin_region_ghana::01'}}"
binary_lpm,model4_preferred_lpm,wasted,ghana,literacy_Blind/visually impaired,-0.07,0.032,-0.134,-0.007,0.03,4408,616,16,weight_original,cluster_robust_psu,True,"{'child_sex': {'reference': 'Male', 'reference_column': 'child_sex_Male'}, 'maternal_education': {'reference': 'No education', 'reference_column': 'maternal_education_No education'}, 'literacy': {'reference': 'Cannot read at all', 'reference_column': 'literacy_Cannot read at all'}, 'wealth_quintile': {'reference': 'Poorest', 'reference_column': 'wealth_quintile_Poorest'}, 'residence': {'reference': 'Rural', 'reference_column': 'residence_Rural'}, 'country_admin_region': {'reference': 'ghana::01', 'reference_column': 'country_admin_region_ghana::01'}}"
binary_lpm,model4_preferred_lpm,wasted,ghana,literacy_No card with required language,-0.074,0.017,-0.107,-0.041,0.0,4408,616,16,weight_original,cluster_robust_psu,True,"{'child_sex': {'reference': 'Male', 'reference_column': 'child_sex_Male'}, 'maternal_education': {'reference': 'No education', 'reference_column': 'maternal_education_No education'}, 'literacy': {'reference': 'Cannot read at all', 'reference_column': 'literacy_Cannot read at all'}, 'wealth_quintile': {'reference': 'Poorest', 'reference_column': 'wealth_quintile_Poorest'}, 'residence': {'reference': 'Rural', 'reference_column': 'residence_Rural'}, 'country_admin_region': {'reference': 'ghana::01', 'reference_column': 'country_admin_region_ghana::01'}}"
binary_lpm,model4_preferred_lpm,wasted,ghana,wealth_quintile_Middle,-0.01,0.017,-0.043,0.022,0.536,4408,616,16,weight_original,cluster_robust_psu,True,"{'child_sex': {'reference': 'Male', 'reference_column': 'child_sex_Male'}, 'maternal_education': {'reference': 'No education', 'reference_column': 'maternal_education_No education'}, 'literacy': {'reference': 'Cannot read at all', 'reference_column': 'literacy_Cannot read at all'}, 'wealth_quintile': {'reference': 'Poorest', 'reference_column': 'wealth_quintile_Poorest'}, 'residence': {'reference': 'Rural', 'reference_column': 'residence_Rural'}, 'country_admin_region': {'reference': 'ghana::01', 'reference_column': 'country_admin_region_ghana::01'}}"
binary_lpm,model4_preferred_lpm,wasted,ghana,wealth_quintile_Poorer,0.017,0.013,-0.009,0.043,0.194,4408,616,16,weight_original,cluster_robust_psu,True,"{'child_sex': {'reference': 'Male', 'reference_column': 'child_sex_Male'}, 'maternal_education': {'reference': 'No education', 'reference_column': 'maternal_education_No education'}, 'literacy': {'reference': 'Cannot read at all', 'reference_column': 'literacy_Cannot read at all'}, 'wealth_quintile': {'reference': 'Poorest', 'reference_column': 'wealth_quintile_Poorest'}, 'residence': {'reference': 'Rural', 'reference_column': 'residence_Rural'}, 'country_admin_region': {'reference': 'ghana::01', 'reference_column': 'country_admin_region_ghana::01'}}"
binary_lpm,model4_preferred_lpm,wasted,ghana,wealth_quintile_Richer,-0.001,0.018,-0.037,0.035,0.961,4408,616,16,weight_original,cluster_robust_psu,True,"{'child_sex': {'reference': 'Male', 'reference_column': 'child_sex_Male'}, 'maternal_education': {'reference': 'No education', 'reference_column': 'maternal_education_No education'}, 'literacy': {'reference': 'Cannot read at all', 'reference_column': 'literacy_Cannot read at all'}, 'wealth_quintile': {'reference': 'Poorest', 'reference_column': 'wealth_quintile_Poorest'}, 'residence': {'reference': 'Rural', 'reference_column': 'residence_Rural'}, 'country_admin_region': {'reference': 'ghana::01', 'reference_column': 'country_admin_region_ghana::01'}}"
binary_lpm,model4_preferred_lpm,wasted,ghana,wealth_quintile_Richest,-0.006,0.02,-0.045,0.034,0.782,4408,616,16,weight_original,cluster_robust_psu,True,"{'child_sex': {'reference': 'Male', 'reference_column': 'child_sex_Male'}, 'maternal_education': {'reference': 'No education', 'reference_column': 'maternal_education_No education'}, 'literacy': {'reference': 'Cannot read at all', 'reference_column': 'literacy_Cannot read at all'}, 'wealth_quintile': {'reference': 'Poorest', 'reference_column': 'wealth_quintile_Poorest'}, 'residence': {'reference': 'Rural', 'reference_column': 'residence_Rural'}, 'country_admin_region': {'reference': 'ghana::01', 'reference_column': 'country_admin_region_ghana::01'}}"
binary_lpm,model4_preferred_lpm,wasted,ghana,residence_Urban,0.014,0.011,-0.008,0.036,0.206,4408,616,16,weight_original,cluster_robust_psu,True,"{'child_sex': {'reference': 'Male', 'reference_column': 'child_sex_Male'}, 'maternal_education': {'reference': 'No education', 'reference_column': 'maternal_education_No education'}, 'literacy': {'reference': 'Cannot read at all', 'reference_column': 'literacy_Cannot read at all'}, 'wealth_quintile': {'reference': 'Poorest', 'reference_column': 'wealth_quintile_Poorest'}, 'residence': {'reference': 'Rural', 'reference_column': 'residence_Rural'}, 'country_admin_region': {'reference': 'ghana::01', 'reference_column': 'country_admin_region_ghana::01'}}"
binary_lpm,model4_preferred_lpm,wasted,ghana,country_admin_region_ghana::02,0.025,0.022,-0.018,0.068,0.253,4408,616,16,weight_original,cluster_robust_psu,True,"{'child_sex': {'reference': 'Male', 'reference_column': 'child_sex_Male'}, 'maternal_education': {'reference': 'No education', 'reference_column': 'maternal_education_No education'}, 'literacy': {'reference': 'Cannot read at all', 'reference_column': 'literacy_Cannot read at all'}, 'wealth_quintile': {'reference': 'Poorest', 'reference_column': 'wealth_quintile_Poorest'}, 'residence': {'reference': 'Rural', 'reference_column': 'residence_Rural'}, 'country_admin_region': {'reference': 'ghana::01', 'reference_column': 'country_admin_region_ghana::01'}}"
binary_lpm,model4_preferred_lpm,wasted,ghana,country_admin_region_ghana::03,-0.003,0.025,-0.053,0.047,0.906,4408,616,16,weight_original,cluster_robust_psu,True,"{'child_sex': {'reference': 'Male', 'reference_column': 'child_sex_Male'}, 'maternal_education': {'reference': 'No education', 'reference_column': 'maternal_education_No education'}, 'literacy': {'reference': 'Cannot read at all', 'reference_column': 'literacy_Cannot read at all'}, 'wealth_quintile': {'reference': 'Poorest', 'reference_column': 'wealth_quintile_Poorest'}, 'residence': {'reference': 'Rural', 'reference_column': 'residence_Rural'}, 'country_admin_region': {'reference': 'ghana::01', 'reference_column': 'country_admin_region_ghana::01'}}"
binary_lpm,model4_preferred_lpm,wasted,ghana,country_admin_region_ghana::04,0.03,0.025,-0.019,0.079,0.227,4408,616,16,weight_original,cluster_robust_psu,True,"{'child_sex': {'reference': 'Male', 'reference_column': 'child_sex_Male'}, 'maternal_education': {'reference': 'No education', 'reference_column': 'maternal_education_No education'}, 'literacy': {'reference': 'Cannot read at all', 'reference_column': 'literacy_Cannot read at all'}, 'wealth_quintile': {'reference': 'Poorest', 'reference_column': 'wealth_quintile_Poorest'}, 'residence': {'reference': 'Rural', 'reference_column': 'residence_Rural'}, 'country_admin_region': {'reference': 'ghana::01', 'reference_column': 'country_admin_region_ghana::01'}}"
binary_lpm,model4_preferred_lpm,wasted,ghana,country_admin_region_ghana::05,-0.012,0.02,-0.052,0.028,0.559,4408,616,16,weight_original,cluster_robust_psu,True,"{'child_sex': {'reference': 'Male', 'reference_column': 'child_sex_Male'}, 'maternal_education': {'reference': 'No education', 'reference_column': 'maternal_education_No education'}, 'literacy': {'reference': 'Cannot read at all', 'reference_column': 'literacy_Cannot read at all'}, 'wealth_quintile': {'reference': 'Poorest', 'reference_column': 'wealth_quintile_Poorest'}, 'residence': {'reference': 'Rural', 'reference_column': 'residence_Rural'}, 'country_admin_region': {'reference': 'ghana::01', 'reference_column': 'country_admin_region_ghana::01'}}"
binary_lpm,model4_preferred_lpm,wasted,ghana,country_admin_region_ghana::06,0.027,0.019,-0.01,0.064,0.155,4408,616,16,weight_original,cluster_robust_psu,True,"{'child_sex': {'reference': 'Male', 'reference_column': 'child_sex_Male'}, 'maternal_education': {'reference': 'No education', 'reference_column': 'maternal_education_No education'}, 'literacy': {'reference': 'Cannot read at all', 'reference_column': 'literacy_Cannot read at all'}, 'wealth_quintile': {'reference': 'Poorest', 'reference_column': 'wealth_quintile_Poorest'}, 'residence': {'reference': 'Rural', 'reference_column': 'residence_Rural'}, 'country_admin_region': {'reference': 'ghana::01', 'reference_column': 'country_admin_region_ghana::01'}}"
binary_lpm,model4_preferred_lpm,wasted,ghana,country_admin_region_ghana::07,-0.044,0.017,-0.077,-0.011,0.008,4408,616,16,weight_original,cluster_robust_psu,True,"{'child_sex': {'reference': 'Male', 'reference_column': 'child_sex_Male'}, 'maternal_education': {'reference': 'No education', 'reference_column': 'maternal_education_No education'}, 'literacy': {'reference': 'Cannot read at all', 'reference_column': 'literacy_Cannot read at all'}, 'wealth_quintile': {'reference': 'Poorest', 'reference_column': 'wealth_quintile_Poorest'}, 'residence': {'reference': 'Rural', 'reference_column': 'residence_Rural'}, 'country_admin_region': {'reference': 'ghana::01', 'reference_column': 'country_admin_region_ghana::01'}}"
binary_lpm,model4_preferred_lpm,wasted,ghana,country_admin_region_ghana::08,-0.02,0.021,-0.061,0.02,0.329,4408,616,16,weight_original,cluster_robust_psu,True,"{'child_sex': {'reference': 'Male', 'reference_column': 'child_sex_Male'}, 'maternal_education': {'reference': 'No education', 'reference_column': 'maternal_education_No education'}, 'literacy': {'reference': 'Cannot read at all', 'reference_column': 'literacy_Cannot read at all'}, 'wealth_quintile': {'reference': 'Poorest', 'reference_column': 'wealth_quintile_Poorest'}, 'residence': {'reference': 'Rural', 'reference_column': 'residence_Rural'}, 'country_admin_region': {'reference': 'ghana::01', 'reference_column': 'country_admin_region_ghana::01'}}"
binary_lpm,model4_preferred_lpm,wasted,ghana,country_admin_region_ghana::09,-0.021,0.023,-0.066,0.024,0.357,4408,616,16,weight_original,cluster_robust_psu,True,"{'child_sex': {'reference': 'Male', 'reference_column': 'child_sex_Male'}, 'maternal_education': {'reference': 'No education', 'reference_column': 'maternal_education_No education'}, 'literacy': {'reference': 'Cannot read at all', 'reference_column': 'literacy_Cannot read at all'}, 'wealth_quintile': {'reference': 'Poorest', 'reference_column': 'wealth_quintile_Poorest'}, 'residence': {'reference': 'Rural', 'reference_column': 'residence_Rural'}, 'country_admin_region': {'reference': 'ghana::01', 'reference_column': 'country_admin_region_ghana::01'}}"
binary_lpm,model4_preferred_lpm,wasted,ghana,country_admin_region_ghana::10,-0.014,0.021,-0.055,0.027,0.505,4408,616,16,weight_original,cluster_robust_psu,True,"{'child_sex': {'reference': 'Male', 'reference_column': 'child_sex_Male'}, 'maternal_education': {'reference': 'No education', 'reference_column': 'maternal_education_No education'}, 'literacy': {'reference': 'Cannot read at all', 'reference_column': 'literacy_Cannot read at all'}, 'wealth_quintile': {'reference': 'Poorest', 'reference_column': 'wealth_quintile_Poorest'}, 'residence': {'reference': 'Rural', 'reference_column': 'residence_Rural'}, 'country_admin_region': {'reference': 'ghana::01', 'reference_column': 'country_admin_region_ghana::01'}}"
binary_lpm,model4_preferred_lpm,wasted,ghana,country_admin_region_ghana::11,-0.002,0.022,-0.045,0.04,0.921,4408,616,16,weight_original,cluster_robust_psu,True,"{'child_sex': {'reference': 'Male', 'reference_column': 'child_sex_Male'}, 'maternal_education': {'reference': 'No education', 'reference_column': 'maternal_education_No education'}, 'literacy': {'reference': 'Cannot read at all', 'reference_column': 'literacy_Cannot read at all'}, 'wealth_quintile': {'reference': 'Poorest', 'reference_column': 'wealth_quintile_Poorest'}, 'residence': {'reference': 'Rural', 'reference_column': 'residence_Rural'}, 'country_admin_region': {'reference': 'ghana::01', 'reference_column': 'country_admin_region_ghana::01'}}"
binary_lpm,model4_preferred_lpm,wasted,ghana,country_admin_region_ghana::12,0.003,0.022,-0.041,0.047,0.89,4408,616,16,weight_original,cluster_robust_psu,True,"{'child_sex': {'reference': 'Male', 'reference_column': 'child_sex_Male'}, 'maternal_education': {'reference': 'No education', 'reference_column': 'maternal_education_No education'}, 'literacy': {'reference': 'Cannot read at all', 'reference_column': 'literacy_Cannot read at all'}, 'wealth_quintile': {'reference': 'Poorest', 'reference_column': 'wealth_quintile_Poorest'}, 'residence': {'reference': 'Rural', 'reference_column': 'residence_Rural'}, 'country_admin_region': {'reference': 'ghana::01', 'reference_column': 'country_admin_region_ghana::01'}}"
binary_lpm,model4_preferred_lpm,wasted,ghana,country_admin_region_ghana::13,-0.027,0.02,-0.066,0.013,0.186,4408,616,16,weight_original,cluster_robust_psu,True,"{'child_sex': {'reference': 'Male', 'reference_column': 'child_sex_Male'}, 'maternal_education': {'reference': 'No education', 'reference_column': 'maternal_education_No education'}, 'literacy': {'reference': 'Cannot read at all', 'reference_column': 'literacy_Cannot read at all'}, 'wealth_quintile': {'reference': 'Poorest', 'reference_column': 'wealth_quintile_Poorest'}, 'residence': {'reference': 'Rural', 'reference_column': 'residence_Rural'}, 'country_admin_region': {'reference': 'ghana::01', 'reference_column': 'country_admin_region_ghana::01'}}"
binary_lpm,model4_preferred_lpm,wasted,ghana,country_admin_region_ghana::14,0.007,0.021,-0.034,0.048,0.737,4408,616,16,weight_original,cluster_robust_psu,True,"{'child_sex': {'reference': 'Male', 'reference_column': 'child_sex_Male'}, 'maternal_education': {'reference': 'No education', 'reference_column': 'maternal_education_No education'}, 'literacy': {'reference': 'Cannot read at all', 'reference_column': 'literacy_Cannot read at all'}, 'wealth_quintile': {'reference': 'Poorest', 'reference_column': 'wealth_quintile_Poorest'}, 'residence': {'reference': 'Rural', 'reference_column': 'residence_Rural'}, 'country_admin_region': {'reference': 'ghana::01', 'reference_column': 'country_admin_region_ghana::01'}}"
binary_lpm,model4_preferred_lpm,wasted,ghana,country_admin_region_ghana::15,-0.039,0.019,-0.076,-0.002,0.04,4408,616,16,weight_original,cluster_robust_psu,True,"{'child_sex': {'reference': 'Male', 'reference_column': 'child_sex_Male'}, 'maternal_education': {'reference': 'No education', 'reference_column': 'maternal_education_No education'}, 'literacy': {'reference': 'Cannot read at all', 'reference_column': 'literacy_Cannot read at all'}, 'wealth_quintile': {'reference': 'Poorest', 'reference_column': 'wealth_quintile_Poorest'}, 'residence': {'reference': 'Rural', 'reference_column': 'residence_Rural'}, 'country_admin_region': {'reference': 'ghana::01', 'reference_column': 'country_admin_region_ghana::01'}}"
binary_lpm,model4_preferred_lpm,wasted,ghana,country_admin_region_ghana::16,0.001,0.021,-0.041,0.043,0.96,4408,616,16,weight_original,cluster_robust_psu,True,"{'child_sex': {'reference': 'Male', 'reference_column': 'child_sex_Male'}, 'maternal_education': {'reference': 'No education', 'reference_column': 'maternal_education_No education'}, 'literacy': {'reference': 'Cannot read at all', 'reference_column': 'literacy_Cannot read at all'}, 'wealth_quintile': {'reference': 'Poorest', 'reference_column': 'wealth_quintile_Poorest'}, 'residence': {'reference': 'Rural', 'reference_column': 'residence_Rural'}, 'country_admin_region': {'reference': 'ghana::01', 'reference_column': 'country_admin_region_ghana::01'}}"
binary_lpm,model4_preferred_lpm,wasted,kenya,const,0.086,0.024,0.039,0.132,0.0,17332,1688,47,weight_original,cluster_robust_psu,True,"{'child_sex': {'reference': 'Male', 'reference_column': 'child_sex_Male'}, 'maternal_education': {'reference': 'No education', 'reference_column': 'maternal_education_No education'}, 'literacy': {'reference': 'Cannot read at all', 'reference_column': 'literacy_Cannot read at all'}, 'wealth_quintile': {'reference': 'Poorest', 'reference_column': 'wealth_quintile_Poorest'}, 'residence': {'reference': 'Rural', 'reference_column': 'residence_Rural'}, 'country_admin_region': {'reference': 'kenya::01', 'reference_column': 'country_admin_region_kenya::01'}}"
binary_lpm,model4_preferred_lpm,wasted,kenya,water_rate_loo,0.02,0.009,0.002,0.038,0.031,17332,1688,47,weight_original,cluster_robust_psu,True,"{'child_sex': {'reference': 'Male', 'reference_column': 'child_sex_Male'}, 'maternal_education': {'reference': 'No education', 'reference_column': 'maternal_education_No education'}, 'literacy': {'reference': 'Cannot read at all', 'reference_column': 'literacy_Cannot read at all'}, 'wealth_quintile': {'reference': 'Poorest', 'reference_column': 'wealth_quintile_Poorest'}, 'residence': {'reference': 'Rural', 'reference_column': 'residence_Rural'}, 'country_admin_region': {'reference': 'kenya::01', 'reference_column': 'country_admin_region_kenya::01'}}"
binary_lpm,model4_preferred_lpm,wasted,kenya,sanitation_rate_loo_core,-0.011,0.012,-0.034,0.011,0.325,17332,1688,47,weight_original,cluster_robust_psu,True,"{'child_sex': {'reference': 'Male', 'reference_column': 'child_sex_Male'}, 'maternal_education': {'reference': 'No education', 'reference_column': 'maternal_education_No education'}, 'literacy': {'reference': 'Cannot read at all', 'reference_column': 'literacy_Cannot read at all'}, 'wealth_quintile': {'reference': 'Poorest', 'reference_column': 'wealth_quintile_Poorest'}, 'residence': {'reference': 'Rural', 'reference_column': 'residence_Rural'}, 'country_admin_region': {'reference': 'kenya::01', 'reference_column': 'country_admin_region_kenya::01'}}"
binary_lpm,model4_preferred_lpm,wasted,kenya,b19_raw,0.0,0.0,0.0,0.001,0.009,17332,1688,47,weight_original,cluster_robust_psu,True,"{'child_sex': {'reference': 'Male', 'reference_column': 'child_sex_Male'}, 'maternal_education': {'reference': 'No education', 'reference_column': 'maternal_education_No education'}, 'literacy': {'reference': 'Cannot read at all', 'reference_column': 'literacy_Cannot read at all'}, 'wealth_quintile': {'reference': 'Poorest', 'reference_column': 'wealth_quintile_Poorest'}, 'residence': {'reference': 'Rural', 'reference_column': 'residence_Rural'}, 'country_admin_region': {'reference': 'kenya::01', 'reference_column': 'country_admin_region_kenya::01'}}"
binary_lpm,model4_preferred_lpm,wasted,kenya,birth_order_raw,-0.0,0.002,-0.004,0.004,0.996,17332,1688,47,weight_original,cluster_robust_psu,True,"{'child_sex': {'reference': 'Male', 'reference_column': 'child_sex_Male'}, 'maternal_education': {'reference': 'No education', 'reference_column': 'maternal_education_No education'}, 'literacy': {'reference': 'Cannot read at all', 'reference_column': 'literacy_Cannot read at all'}, 'wealth_quintile': {'reference': 'Poorest', 'reference_column': 'wealth_quintile_Poorest'}, 'residence': {'reference': 'Rural', 'reference_column': 'residence_Rural'}, 'country_admin_region': {'reference': 'kenya::01', 'reference_column': 'country_admin_region_kenya::01'}}"
binary_lpm,model4_preferred_lpm,wasted,kenya,maternal_age,0.0,0.001,-0.001,0.002,0.524,17332,1688,47,weight_original,cluster_robust_psu,True,"{'child_sex': {'reference': 'Male', 'reference_column': 'child_sex_Male'}, 'maternal_education': {'reference': 'No education', 'reference_column': 'maternal_education_No education'}, 'literacy': {'reference': 'Cannot read at all', 'reference_column': 'literacy_Cannot read at all'}, 'wealth_quintile': {'reference': 'Poorest', 'reference_column': 'wealth_quintile_Poorest'}, 'residence': {'reference': 'Rural', 'reference_column': 'residence_Rural'}, 'country_admin_region': {'reference': 'kenya::01', 'reference_column': 'country_admin_region_kenya::01'}}"
binary_lpm,model4_preferred_lpm,wasted,kenya,household_size_raw,0.0,0.001,-0.002,0.002,0.779,17332,1688,47,weight_original,cluster_robust_psu,True,"{'child_sex': {'reference': 'Male', 'reference_column': 'child_sex_Male'}, 'maternal_education': {'reference': 'No education', 'reference_column': 'maternal_education_No education'}, 'literacy': {'reference': 'Cannot read at all', 'reference_column': 'literacy_Cannot read at all'}, 'wealth_quintile': {'reference': 'Poorest', 'reference_column': 'wealth_quintile_Poorest'}, 'residence': {'reference': 'Rural', 'reference_column': 'residence_Rural'}, 'country_admin_region': {'reference': 'kenya::01', 'reference_column': 'country_admin_region_kenya::01'}}"
binary_lpm,model4_preferred_lpm,wasted,kenya,child_sex_Female,-0.01,0.004,-0.018,-0.003,0.007,17332,1688,47,weight_original,cluster_robust_psu,True,"{'child_sex': {'reference': 'Male', 'reference_column': 'child_sex_Male'}, 'maternal_education': {'reference': 'No education', 'reference_column': 'maternal_education_No education'}, 'literacy': {'reference': 'Cannot read at all', 'reference_column': 'literacy_Cannot read at all'}, 'wealth_quintile': {'reference': 'Poorest', 'reference_column': 'wealth_quintile_Poorest'}, 'residence': {'reference': 'Rural', 'reference_column': 'residence_Rural'}, 'country_admin_region': {'reference': 'kenya::01', 'reference_column': 'country_admin_region_kenya::01'}}"
binary_lpm,model4_preferred_lpm,wasted,kenya,maternal_education_Higher,-0.029,0.016,-0.059,0.002,0.07,17332,1688,47,weight_original,cluster_robust_psu,True,"{'child_sex': {'reference': 'Male', 'reference_column': 'child_sex_Male'}, 'maternal_education': {'reference': 'No education', 'reference_column': 'maternal_education_No education'}, 'literacy': {'reference': 'Cannot read at all', 'reference_column': 'literacy_Cannot read at all'}, 'wealth_quintile': {'reference': 'Poorest', 'reference_column': 'wealth_quintile_Poorest'}, 'residence': {'reference': 'Rural', 'reference_column': 'residence_Rural'}, 'country_admin_region': {'reference': 'kenya::01', 'reference_column': 'country_admin_region_kenya::01'}}"
binary_lpm,model4_preferred_lpm,wasted,kenya,maternal_education_Primary,-0.026,0.014,-0.053,0.001,0.058,17332,1688,47,weight_original,cluster_robust_psu,True,"{'child_sex': {'reference': 'Male', 'reference_column': 'child_sex_Male'}, 'maternal_education': {'reference': 'No education', 'reference_column': 'maternal_education_No education'}, 'literacy': {'reference': 'Cannot read at all', 'reference_column': 'literacy_Cannot read at all'}, 'wealth_quintile': {'reference': 'Poorest', 'reference_column': 'wealth_quintile_Poorest'}, 'residence': {'reference': 'Rural', 'reference_column': 'residence_Rural'}, 'country_admin_region': {'reference': 'kenya::01', 'reference_column': 'country_admin_region_kenya::01'}}"
binary_lpm,model4_preferred_lpm,wasted,kenya,maternal_education_Secondary,-0.03,0.015,-0.059,-0.001,0.043,17332,1688,47,weight_original,cluster_robust_psu,True,"{'child_sex': {'reference': 'Male', 'reference_column': 'child_sex_Male'}, 'maternal_education': {'reference': 'No education', 'reference_column': 'maternal_education_No education'}, 'literacy': {'reference': 'Cannot read at all', 'reference_column': 'literacy_Cannot read at all'}, 'wealth_quintile': {'reference': 'Poorest', 'reference_column': 'wealth_quintile_Poorest'}, 'residence': {'reference': 'Rural', 'reference_column': 'residence_Rural'}, 'country_admin_region': {'reference': 'kenya::01', 'reference_column': 'country_admin_region_kenya::01'}}"
binary_lpm,model4_preferred_lpm,wasted,kenya,literacy_Able to read only parts of sentence,-0.024,0.012,-0.047,-0.0,0.05,17332,1688,47,weight_original,cluster_robust_psu,True,"{'child_sex': {'reference': 'Male', 'reference_column': 'child_sex_Male'}, 'maternal_education': {'reference': 'No education', 'reference_column': 'maternal_education_No education'}, 'literacy': {'reference': 'Cannot read at all', 'reference_column': 'literacy_Cannot read at all'}, 'wealth_quintile': {'reference': 'Poorest', 'reference_column': 'wealth_quintile_Poorest'}, 'residence': {'reference': 'Rural', 'reference_column': 'residence_Rural'}, 'country_admin_region': {'reference': 'kenya::01', 'reference_column': 'country_admin_region_kenya::01'}}"
binary_lpm,model4_preferred_lpm,wasted,kenya,literacy_Able to read whole sentence,-0.015,0.011,-0.036,0.006,0.155,17332,1688,47,weight_original,cluster_robust_psu,True,"{'child_sex': {'reference': 'Male', 'reference_column': 'child_sex_Male'}, 'maternal_education': {'reference': 'No education', 'reference_column': 'maternal_education_No education'}, 'literacy': {'reference': 'Cannot read at all', 'reference_column': 'literacy_Cannot read at all'}, 'wealth_quintile': {'reference': 'Poorest', 'reference_column': 'wealth_quintile_Poorest'}, 'residence': {'reference': 'Rural', 'reference_column': 'residence_Rural'}, 'country_admin_region': {'reference': 'kenya::01', 'reference_column': 'country_admin_region_kenya::01'}}"
binary_lpm,model4_preferred_lpm,wasted,kenya,literacy_Blind/visually impaired,-0.047,0.014,-0.073,-0.02,0.001,17332,1688,47,weight_original,cluster_robust_psu,True,"{'child_sex': {'reference': 'Male', 'reference_column': 'child_sex_Male'}, 'maternal_education': {'reference': 'No education', 'reference_column': 'maternal_education_No education'}, 'literacy': {'reference': 'Cannot read at all', 'reference_column': 'literacy_Cannot read at all'}, 'wealth_quintile': {'reference': 'Poorest', 'reference_column': 'wealth_quintile_Poorest'}, 'residence': {'reference': 'Rural', 'reference_column': 'residence_Rural'}, 'country_admin_region': {'reference': 'kenya::01', 'reference_column': 'country_admin_region_kenya::01'}}"
binary_lpm,model4_preferred_lpm,wasted,kenya,literacy_No card with required language,-0.098,0.021,-0.139,-0.057,0.0,17332,1688,47,weight_original,cluster_robust_psu,True,"{'child_sex': {'reference': 'Male', 'reference_column': 'child_sex_Male'}, 'maternal_education': {'reference': 'No education', 'reference_column': 'maternal_education_No education'}, 'literacy': {'reference': 'Cannot read at all', 'reference_column': 'literacy_Cannot read at all'}, 'wealth_quintile': {'reference': 'Poorest', 'reference_column': 'wealth_quintile_Poorest'}, 'residence': {'reference': 'Rural', 'reference_column': 'residence_Rural'}, 'country_admin_region': {'reference': 'kenya::01', 'reference_column': 'country_admin_region_kenya::01'}}"
binary_lpm,model4_preferred_lpm,wasted,kenya,wealth_quintile_Middle,-0.013,0.007,-0.027,0.001,0.072,17332,1688,47,weight_original,cluster_robust_psu,True,"{'child_sex': {'reference': 'Male', 'reference_column': 'child_sex_Male'}, 'maternal_education': {'reference': 'No education', 'reference_column': 'maternal_education_No education'}, 'literacy': {'reference': 'Cannot read at all', 'reference_column': 'literacy_Cannot read at all'}, 'wealth_quintile': {'reference': 'Poorest', 'reference_column': 'wealth_quintile_Poorest'}, 'residence': {'reference': 'Rural', 'reference_column': 'residence_Rural'}, 'country_admin_region': {'reference': 'kenya::01', 'reference_column': 'country_admin_region_kenya::01'}}"
binary_lpm,model4_preferred_lpm,wasted,kenya,wealth_quintile_Poorer,-0.021,0.006,-0.033,-0.009,0.0,17332,1688,47,weight_original,cluster_robust_psu,True,"{'child_sex': {'reference': 'Male', 'reference_column': 'child_sex_Male'}, 'maternal_education': {'reference': 'No education', 'reference_column': 'maternal_education_No education'}, 'literacy': {'reference': 'Cannot read at all', 'reference_column': 'literacy_Cannot read at all'}, 'wealth_quintile': {'reference': 'Poorest', 'reference_column': 'wealth_quintile_Poorest'}, 'residence': {'reference': 'Rural', 'reference_column': 'residence_Rural'}, 'country_admin_region': {'reference': 'kenya::01', 'reference_column': 'country_admin_region_kenya::01'}}"
binary_lpm,model4_preferred_lpm,wasted,kenya,wealth_quintile_Richer,-0.017,0.008,-0.033,-0.0,0.048,17332,1688,47,weight_original,cluster_robust_psu,True,"{'child_sex': {'reference': 'Male', 'reference_column': 'child_sex_Male'}, 'maternal_education': {'reference': 'No education', 'reference_column': 'maternal_education_No education'}, 'literacy': {'reference': 'Cannot read at all', 'reference_column': 'literacy_Cannot read at all'}, 'wealth_quintile': {'reference': 'Poorest', 'reference_column': 'wealth_quintile_Poorest'}, 'residence': {'reference': 'Rural', 'reference_column': 'residence_Rural'}, 'country_admin_region': {'reference': 'kenya::01', 'reference_column': 'country_admin_region_kenya::01'}}"
binary_lpm,model4_preferred_lpm,wasted,kenya,wealth_quintile_Richest,-0.03,0.012,-0.054,-0.005,0.016,17332,1688,47,weight_original,cluster_robust_psu,True,"{'child_sex': {'reference': 'Male', 'reference_column': 'child_sex_Male'}, 'maternal_education': {'reference': 'No education', 'reference_column': 'maternal_education_No education'}, 'literacy': {'reference': 'Cannot read at all', 'reference_column': 'literacy_Cannot read at all'}, 'wealth_quintile': {'reference': 'Poorest', 'reference_column': 'wealth_quintile_Poorest'}, 'residence': {'reference': 'Rural', 'reference_column': 'residence_Rural'}, 'country_admin_region': {'reference': 'kenya::01', 'reference_column': 'country_admin_region_kenya::01'}}"
binary_lpm,model4_preferred_lpm,wasted,kenya,residence_Urban,-0.002,0.007,-0.017,0.012,0.777,17332,1688,47,weight_original,cluster_robust_psu,True,"{'child_sex': {'reference': 'Male', 'reference_column': 'child_sex_Male'}, 'maternal_education': {'reference': 'No education', 'reference_column': 'maternal_education_No education'}, 'literacy': {'reference': 'Cannot read at all', 'reference_column': 'literacy_Cannot read at all'}, 'wealth_quintile': {'reference': 'Poorest', 'reference_column': 'wealth_quintile_Poorest'}, 'residence': {'reference': 'Rural', 'reference_column': 'residence_Rural'}, 'country_admin_region': {'reference': 'kenya::01', 'reference_column': 'country_admin_region_kenya::01'}}"
binary_lpm,model4_preferred_lpm,wasted,kenya,country_admin_region_kenya::02,-0.011,0.018,-0.047,0.024,0.533,17332,1688,47,weight_original,cluster_robust_psu,True,"{'child_sex': {'reference': 'Male', 'reference_column': 'child_sex_Male'}, 'maternal_education': {'reference': 'No education', 'reference_column': 'maternal_education_No education'}, 'literacy': {'reference': 'Cannot read at all', 'reference_column': 'literacy_Cannot read at all'}, 'wealth_quintile': {'reference': 'Poorest', 'reference_column': 'wealth_quintile_Poorest'}, 'residence': {'reference': 'Rural', 'reference_column': 'residence_Rural'}, 'country_admin_region': {'reference': 'kenya::01', 'reference_column': 'country_admin_region_kenya::01'}}"
binary_lpm,model4_preferred_lpm,wasted,kenya,country_admin_region_kenya::03,0.003,0.021,-0.039,0.044,0.894,17332,1688,47,weight_original,cluster_robust_psu,True,"{'child_sex': {'reference': 'Male', 'reference_column': 'child_sex_Male'}, 'maternal_education': {'reference': 'No education', 'reference_column': 'maternal_education_No education'}, 'literacy': {'reference': 'Cannot read at all', 'reference_column': 'literacy_Cannot read at all'}, 'wealth_quintile': {'reference': 'Poorest', 'reference_column': 'wealth_quintile_Poorest'}, 'residence': {'reference': 'Rural', 'reference_column': 'residence_Rural'}, 'country_admin_region': {'reference': 'kenya::01', 'reference_column': 'country_admin_region_kenya::01'}}"
binary_lpm,model4_preferred_lpm,wasted,kenya,country_admin_region_kenya::04,0.024,0.02,-0.015,0.063,0.226,17332,1688,47,weight_original,cluster_robust_psu,True,"{'child_sex': {'reference': 'Male', 'reference_column': 'child_sex_Male'}, 'maternal_education': {'reference': 'No education', 'reference_column': 'maternal_education_No education'}, 'literacy': {'reference': 'Cannot read at all', 'reference_column': 'literacy_Cannot read at all'}, 'wealth_quintile': {'reference': 'Poorest', 'reference_column': 'wealth_quintile_Poorest'}, 'residence': {'reference': 'Rural', 'reference_column': 'residence_Rural'}, 'country_admin_region': {'reference': 'kenya::01', 'reference_column': 'country_admin_region_kenya::01'}}"
binary_lpm,model4_preferred_lpm,wasted,kenya,country_admin_region_kenya::05,-0.031,0.017,-0.064,0.002,0.068,17332,1688,47,weight_original,cluster_robust_psu,True,"{'child_sex': {'reference': 'Male', 'reference_column': 'child_sex_Male'}, 'maternal_education': {'reference': 'No education', 'reference_column': 'maternal_education_No education'}, 'literacy': {'reference': 'Cannot read at all', 'reference_column': 'literacy_Cannot read at all'}, 'wealth_quintile': {'reference': 'Poorest', 'reference_column': 'wealth_quintile_Poorest'}, 'residence': {'reference': 'Rural', 'reference_column': 'residence_Rural'}, 'country_admin_region': {'reference': 'kenya::01', 'reference_column': 'country_admin_region_kenya::01'}}"
binary_lpm,model4_preferred_lpm,wasted,kenya,country_admin_region_kenya::06,-0.01,0.022,-0.053,0.032,0.628,17332,1688,47,weight_original,cluster_robust_psu,True,"{'child_sex': {'reference': 'Male', 'reference_column': 'child_sex_Male'}, 'maternal_education': {'reference': 'No education', 'reference_column': 'maternal_education_No education'}, 'literacy': {'reference': 'Cannot read at all', 'reference_column': 'literacy_Cannot read at all'}, 'wealth_quintile': {'reference': 'Poorest', 'reference_column': 'wealth_quintile_Poorest'}, 'residence': {'reference': 'Rural', 'reference_column': 'residence_Rural'}, 'country_admin_region': {'reference': 'kenya::01', 'reference_column': 'country_admin_region_kenya::01'}}"
binary_lpm,model4_preferred_lpm,wasted,kenya,country_admin_region_kenya::07,0.062,0.031,0.002,0.123,0.043,17332,1688,47,weight_original,cluster_robust_psu,True,"{'child_sex': {'reference': 'Male', 'reference_column': 'child_sex_Male'}, 'maternal_education': {'reference': 'No education', 'reference_column': 'maternal_education_No education'}, 'literacy': {'reference': 'Cannot read at all', 'reference_column': 'literacy_Cannot read at all'}, 'wealth_quintile': {'reference': 'Poorest', 'reference_column': 'wealth_quintile_Poorest'}, 'residence': {'reference': 'Rural', 'reference_column': 'residence_Rural'}, 'country_admin_region': {'reference': 'kenya::01', 'reference_column': 'country_admin_region_kenya::01'}}"
binary_lpm,model4_preferred_lpm,wasted,kenya,country_admin_region_kenya::08,0.123,0.023,0.077,0.169,0.0,17332,1688,47,weight_original,cluster_robust_psu,True,"{'child_sex': {'reference': 'Male', 'reference_column': 'child_sex_Male'}, 'maternal_education': {'reference': 'No education', 'reference_column': 'maternal_education_No education'}, 'literacy': {'reference': 'Cannot read at all', 'reference_column': 'literacy_Cannot read at all'}, 'wealth_quintile': {'reference': 'Poorest', 'reference_column': 'wealth_quintile_Poorest'}, 'residence': {'reference': 'Rural', 'reference_column': 'residence_Rural'}, 'country_admin_region': {'reference': 'kenya::01', 'reference_column': 'country_admin_region_kenya::01'}}"
binary_lpm,model4_preferred_lpm,wasted,kenya,country_admin_region_kenya::09,0.067,0.023,0.023,0.112,0.003,17332,1688,47,weight_original,cluster_robust_psu,True,"{'child_sex': {'reference': 'Male', 'reference_column': 'child_sex_Male'}, 'maternal_education': {'reference': 'No education', 'reference_column': 'maternal_education_No education'}, 'literacy': {'reference': 'Cannot read at all', 'reference_column': 'literacy_Cannot read at all'}, 'wealth_quintile': {'reference': 'Poorest', 'reference_column': 'wealth_quintile_Poorest'}, 'residence': {'reference': 'Rural', 'reference_column': 'residence_Rural'}, 'country_admin_region': {'reference': 'kenya::01', 'reference_column': 'country_admin_region_kenya::01'}}"
binary_lpm,model4_preferred_lpm,wasted,kenya,country_admin_region_kenya::10,0.108,0.033,0.043,0.173,0.001,17332,1688,47,weight_original,cluster_robust_psu,True,"{'child_sex': {'reference': 'Male', 'reference_column': 'child_sex_Male'}, 'maternal_education': {'reference': 'No education', 'reference_column': 'maternal_education_No education'}, 'literacy': {'reference': 'Cannot read at all', 'reference_column': 'literacy_Cannot read at all'}, 'wealth_quintile': {'reference': 'Poorest', 'reference_column': 'wealth_quintile_Poorest'}, 'residence': {'reference': 'Rural', 'reference_column': 'residence_Rural'}, 'country_admin_region': {'reference': 'kenya::01', 'reference_column': 'country_admin_region_kenya::01'}}"
binary_lpm,model4_preferred_lpm,wasted,kenya,country_admin_region_kenya::11,-0.011,0.023,-0.056,0.033,0.62,17332,1688,47,weight_original,cluster_robust_psu,True,"{'child_sex': {'reference': 'Male', 'reference_column': 'child_sex_Male'}, 'maternal_education': {'reference': 'No education', 'reference_column': 'maternal_education_No education'}, 'literacy': {'reference': 'Cannot read at all', 'reference_column': 'literacy_Cannot read at all'}, 'wealth_quintile': {'reference': 'Poorest', 'reference_column': 'wealth_quintile_Poorest'}, 'residence': {'reference': 'Rural', 'reference_column': 'residence_Rural'}, 'country_admin_region': {'reference': 'kenya::01', 'reference_column': 'country_admin_region_kenya::01'}}"
binary_lpm,model4_preferred_lpm,wasted,kenya,country_admin_region_kenya::12,0.012,0.025,-0.036,0.061,0.618,17332,1688,47,weight_original,cluster_robust_psu,True,"{'child_sex': {'reference': 'Male', 'reference_column': 'child_sex_Male'}, 'maternal_education': {'reference': 'No education', 'reference_column': 'maternal_education_No education'}, 'literacy': {'reference': 'Cannot read at all', 'reference_column': 'literacy_Cannot read at all'}, 'wealth_quintile': {'reference': 'Poorest', 'reference_column': 'wealth_quintile_Poorest'}, 'residence': {'reference': 'Rural', 'reference_column': 'residence_Rural'}, 'country_admin_region': {'reference': 'kenya::01', 'reference_column': 'country_admin_region_kenya::01'}}"
binary_lpm,model4_preferred_lpm,wasted,kenya,country_admin_region_kenya::13,-0.016,0.018,-0.052,0.02,0.372,17332,1688,47,weight_original,cluster_robust_psu,True,"{'child_sex': {'reference': 'Male', 'reference_column': 'child_sex_Male'}, 'maternal_education': {'reference': 'No education', 'reference_column': 'maternal_education_No education'}, 'literacy': {'reference': 'Cannot read at all', 'reference_column': 'literacy_Cannot read at all'}, 'wealth_quintile': {'reference': 'Poorest', 'reference_column': 'wealth_quintile_Poorest'}, 'residence': {'reference': 'Rural', 'reference_column': 'residence_Rural'}, 'country_admin_region': {'reference': 'kenya::01', 'reference_column': 'country_admin_region_kenya::01'}}"
binary_lpm,model4_preferred_lpm,wasted,kenya,country_admin_region_kenya::14,-0.003,0.021,-0.043,0.038,0.898,17332,1688,47,weight_original,cluster_robust_psu,True,"{'child_sex': {'reference': 'Male', 'reference_column': 'child_sex_Male'}, 'maternal_education': {'reference': 'No education', 'reference_column': 'maternal_education_No education'}, 'literacy': {'reference': 'Cannot read at all', 'reference_column': 'literacy_Cannot read at all'}, 'wealth_quintile': {'reference': 'Poorest', 'reference_column': 'wealth_quintile_Poorest'}, 'residence': {'reference': 'Rural', 'reference_column': 'residence_Rural'}, 'country_admin_region': {'reference': 'kenya::01', 'reference_column': 'country_admin_region_kenya::01'}}"
binary_lpm,model4_preferred_lpm,wasted,kenya,country_admin_region_kenya::15,-0.013,0.018,-0.048,0.023,0.484,17332,1688,47,weight_original,cluster_robust_psu,True,"{'child_sex': {'reference': 'Male', 'reference_column': 'child_sex_Male'}, 'maternal_education': {'reference': 'No education', 'reference_column': 'maternal_education_No education'}, 'literacy': {'reference': 'Cannot read at all', 'reference_column': 'literacy_Cannot read at all'}, 'wealth_quintile': {'reference': 'Poorest', 'reference_column': 'wealth_quintile_Poorest'}, 'residence': {'reference': 'Rural', 'reference_column': 'residence_Rural'}, 'country_admin_region': {'reference': 'kenya::01', 'reference_column': 'country_admin_region_kenya::01'}}"
binary_lpm,model4_preferred_lpm,wasted,kenya,country_admin_region_kenya::16,-0.015,0.018,-0.05,0.02,0.395,17332,1688,47,weight_original,cluster_robust_psu,True,"{'child_sex': {'reference': 'Male', 'reference_column': 'child_sex_Male'}, 'maternal_education': {'reference': 'No education', 'reference_column': 'maternal_education_No education'}, 'literacy': {'reference': 'Cannot read at all', 'reference_column': 'literacy_Cannot read at all'}, 'wealth_quintile': {'reference': 'Poorest', 'reference_column': 'wealth_quintile_Poorest'}, 'residence': {'reference': 'Rural', 'reference_column': 'residence_Rural'}, 'country_admin_region': {'reference': 'kenya::01', 'reference_column': 'country_admin_region_kenya::01'}}"
binary_lpm,model4_preferred_lpm,wasted,kenya,country_admin_region_kenya::17,-0.015,0.018,-0.049,0.02,0.4,17332,1688,47,weight_original,cluster_robust_psu,True,"{'child_sex': {'reference': 'Male', 'reference_column': 'child_sex_Male'}, 'maternal_education': {'reference': 'No education', 'reference_column': 'maternal_education_No education'}, 'literacy': {'reference': 'Cannot read at all', 'reference_column': 'literacy_Cannot read at all'}, 'wealth_quintile': {'reference': 'Poorest', 'reference_column': 'wealth_quintile_Poorest'}, 'residence': {'reference': 'Rural', 'reference_column': 'residence_Rural'}, 'country_admin_region': {'reference': 'kenya::01', 'reference_column': 'country_admin_region_kenya::01'}}"
binary_lpm,model4_preferred_lpm,wasted,kenya,country_admin_region_kenya::18,-0.037,0.017,-0.07,-0.004,0.028,17332,1688,47,weight_original,cluster_robust_psu,True,"{'child_sex': {'reference': 'Male', 'reference_column': 'child_sex_Male'}, 'maternal_education': {'reference': 'No education', 'reference_column': 'maternal_education_No education'}, 'literacy': {'reference': 'Cannot read at all', 'reference_column': 'literacy_Cannot read at all'}, 'wealth_quintile': {'reference': 'Poorest', 'reference_column': 'wealth_quintile_Poorest'}, 'residence': {'reference': 'Rural', 'reference_column': 'residence_Rural'}, 'country_admin_region': {'reference': 'kenya::01', 'reference_column': 'country_admin_region_kenya::01'}}"
binary_lpm,model4_preferred_lpm,wasted,kenya,country_admin_region_kenya::19,-0.021,0.021,-0.062,0.02,0.315,17332,1688,47,weight_original,cluster_robust_psu,True,"{'child_sex': {'reference': 'Male', 'reference_column': 'child_sex_Male'}, 'maternal_education': {'reference': 'No education', 'reference_column': 'maternal_education_No education'}, 'literacy': {'reference': 'Cannot read at all', 'reference_column': 'literacy_Cannot read at all'}, 'wealth_quintile': {'reference': 'Poorest', 'reference_column': 'wealth_quintile_Poorest'}, 'residence': {'reference': 'Rural', 'reference_column': 'residence_Rural'}, 'country_admin_region': {'reference': 'kenya::01', 'reference_column': 'country_admin_region_kenya::01'}}"
binary_lpm,model4_preferred_lpm,wasted,kenya,country_admin_region_kenya::20,-0.024,0.017,-0.056,0.009,0.153,17332,1688,47,weight_original,cluster_robust_psu,True,"{'child_sex': {'reference': 'Male', 'reference_column': 'child_sex_Male'}, 'maternal_education': {'reference': 'No education', 'reference_column': 'maternal_education_No education'}, 'literacy': {'reference': 'Cannot read at all', 'reference_column': 'literacy_Cannot read at all'}, 'wealth_quintile': {'reference': 'Poorest', 'reference_column': 'wealth_quintile_Poorest'}, 'residence': {'reference': 'Rural', 'reference_column': 'residence_Rural'}, 'country_admin_region': {'reference': 'kenya::01', 'reference_column': 'country_admin_region_kenya::01'}}"
binary_lpm,model4_preferred_lpm,wasted,kenya,country_admin_region_kenya::21,-0.037,0.016,-0.069,-0.006,0.02,17332,1688,47,weight_original,cluster_robust_psu,True,"{'child_sex': {'reference': 'Male', 'reference_column': 'child_sex_Male'}, 'maternal_education': {'reference': 'No education', 'reference_column': 'maternal_education_No education'}, 'literacy': {'reference': 'Cannot read at all', 'reference_column': 'literacy_Cannot read at all'}, 'wealth_quintile': {'reference': 'Poorest', 'reference_column': 'wealth_quintile_Poorest'}, 'residence': {'reference': 'Rural', 'reference_column': 'residence_Rural'}, 'country_admin_region': {'reference': 'kenya::01', 'reference_column': 'country_admin_region_kenya::01'}}"
binary_lpm,model4_preferred_lpm,wasted,kenya,country_admin_region_kenya::22,-0.015,0.017,-0.048,0.018,0.388,17332,1688,47,weight_original,cluster_robust_psu,True,"{'child_sex': {'reference': 'Male', 'reference_column': 'child_sex_Male'}, 'maternal_education': {'reference': 'No education', 'reference_column': 'maternal_education_No education'}, 'literacy': {'reference': 'Cannot read at all', 'reference_column': 'literacy_Cannot read at all'}, 'wealth_quintile': {'reference': 'Poorest', 'reference_column': 'wealth_quintile_Poorest'}, 'residence': {'reference': 'Rural', 'reference_column': 'residence_Rural'}, 'country_admin_region': {'reference': 'kenya::01', 'reference_column': 'country_admin_region_kenya::01'}}"
binary_lpm,model4_preferred_lpm,wasted,kenya,country_admin_region_kenya::23,0.12,0.031,0.059,0.181,0.0,17332,1688,47,weight_original,cluster_robust_psu,True,"{'child_sex': {'reference': 'Male', 'reference_column': 'child_sex_Male'}, 'maternal_education': {'reference': 'No education', 'reference_column': 'maternal_education_No education'}, 'literacy': {'reference': 'Cannot read at all', 'reference_column': 'literacy_Cannot read at all'}, 'wealth_quintile': {'reference': 'Poorest', 'reference_column': 'wealth_quintile_Poorest'}, 'residence': {'reference': 'Rural', 'reference_column': 'residence_Rural'}, 'country_admin_region': {'reference': 'kenya::01', 'reference_column': 'country_admin_region_kenya::01'}}"
binary_lpm,model4_preferred_lpm,wasted,kenya,country_admin_region_kenya::24,0.028,0.022,-0.016,0.072,0.207,17332,1688,47,weight_original,cluster_robust_psu,True,"{'child_sex': {'reference': 'Male', 'reference_column': 'child_sex_Male'}, 'maternal_education': {'reference': 'No education', 'reference_column': 'maternal_education_No education'}, 'literacy': {'reference': 'Cannot read at all', 'reference_column': 'literacy_Cannot read at all'}, 'wealth_quintile': {'reference': 'Poorest', 'reference_column': 'wealth_quintile_Poorest'}, 'residence': {'reference': 'Rural', 'reference_column': 'residence_Rural'}, 'country_admin_region': {'reference': 'kenya::01', 'reference_column': 'country_admin_region_kenya::01'}}"
binary_lpm,model4_preferred_lpm,wasted,kenya,country_admin_region_kenya::25,0.066,0.022,0.024,0.108,0.002,17332,1688,47,weight_original,cluster_robust_psu,True,"{'child_sex': {'reference': 'Male', 'reference_column': 'child_sex_Male'}, 'maternal_education': {'reference': 'No education', 'reference_column': 'maternal_education_No education'}, 'literacy': {'reference': 'Cannot read at all', 'reference_column': 'literacy_Cannot read at all'}, 'wealth_quintile': {'reference': 'Poorest', 'reference_column': 'wealth_quintile_Poorest'}, 'residence': {'reference': 'Rural', 'reference_column': 'residence_Rural'}, 'country_admin_region': {'reference': 'kenya::01', 'reference_column': 'country_admin_region_kenya::01'}}"
binary_lpm,model4_preferred_lpm,wasted,kenya,country_admin_region_kenya::26,-0.016,0.016,-0.048,0.015,0.315,17332,1688,47,weight_original,cluster_robust_psu,True,"{'child_sex': {'reference': 'Male', 'reference_column': 'child_sex_Male'}, 'maternal_education': {'reference': 'No education', 'reference_column': 'maternal_education_No education'}, 'literacy': {'reference': 'Cannot read at all', 'reference_column': 'literacy_Cannot read at all'}, 'wealth_quintile': {'reference': 'Poorest', 'reference_column': 'wealth_quintile_Poorest'}, 'residence': {'reference': 'Rural', 'reference_column': 'residence_Rural'}, 'country_admin_region': {'reference': 'kenya::01', 'reference_column': 'country_admin_region_kenya::01'}}"
binary_lpm,model4_preferred_lpm,wasted,kenya,country_admin_region_kenya::27,-0.013,0.017,-0.047,0.02,0.429,17332,1688,47,weight_original,cluster_robust_psu,True,"{'child_sex': {'reference': 'Male', 'reference_column': 'child_sex_Male'}, 'maternal_education': {'reference': 'No education', 'reference_column': 'maternal_education_No education'}, 'literacy': {'reference': 'Cannot read at all', 'reference_column': 'literacy_Cannot read at all'}, 'wealth_quintile': {'reference': 'Poorest', 'reference_column': 'wealth_quintile_Poorest'}, 'residence': {'reference': 'Rural', 'reference_column': 'residence_Rural'}, 'country_admin_region': {'reference': 'kenya::01', 'reference_column': 'country_admin_region_kenya::01'}}"
binary_lpm,model4_preferred_lpm,wasted,kenya,country_admin_region_kenya::28,-0.002,0.023,-0.048,0.043,0.918,17332,1688,47,weight_original,cluster_robust_psu,True,"{'child_sex': {'reference': 'Male', 'reference_column': 'child_sex_Male'}, 'maternal_education': {'reference': 'No education', 'reference_column': 'maternal_education_No education'}, 'literacy': {'reference': 'Cannot read at all', 'reference_column': 'literacy_Cannot read at all'}, 'wealth_quintile': {'reference': 'Poorest', 'reference_column': 'wealth_quintile_Poorest'}, 'residence': {'reference': 'Rural', 'reference_column': 'residence_Rural'}, 'country_admin_region': {'reference': 'kenya::01', 'reference_column': 'country_admin_region_kenya::01'}}"
binary_lpm,model4_preferred_lpm,wasted,kenya,country_admin_region_kenya::29,-0.018,0.018,-0.053,0.017,0.309,17332,1688,47,weight_original,cluster_robust_psu,True,"{'child_sex': {'reference': 'Male', 'reference_column': 'child_sex_Male'}, 'maternal_education': {'reference': 'No education', 'reference_column': 'maternal_education_No education'}, 'literacy': {'reference': 'Cannot read at all', 'reference_column': 'literacy_Cannot read at all'}, 'wealth_quintile': {'reference': 'Poorest', 'reference_column': 'wealth_quintile_Poorest'}, 'residence': {'reference': 'Rural', 'reference_column': 'residence_Rural'}, 'country_admin_region': {'reference': 'kenya::01', 'reference_column': 'country_admin_region_kenya::01'}}"
binary_lpm,model4_preferred_lpm,wasted,kenya,country_admin_region_kenya::30,0.067,0.032,0.005,0.129,0.033,17332,1688,47,weight_original,cluster_robust_psu,True,"{'child_sex': {'reference': 'Male', 'reference_column': 'child_sex_Male'}, 'maternal_education': {'reference': 'No education', 'reference_column': 'maternal_education_No education'}, 'literacy': {'reference': 'Cannot read at all', 'reference_column': 'literacy_Cannot read at all'}, 'wealth_quintile': {'reference': 'Poorest', 'reference_column': 'wealth_quintile_Poorest'}, 'residence': {'reference': 'Rural', 'reference_column': 'residence_Rural'}, 'country_admin_region': {'reference': 'kenya::01', 'reference_column': 'country_admin_region_kenya::01'}}"
binary_lpm,model4_preferred_lpm,wasted,kenya,country_admin_region_kenya::31,-0.029,0.017,-0.061,0.003,0.079,17332,1688,47,weight_original,cluster_robust_psu,True,"{'child_sex': {'reference': 'Male', 'reference_column': 'child_sex_Male'}, 'maternal_education': {'reference': 'No education', 'reference_column': 'maternal_education_No education'}, 'literacy': {'reference': 'Cannot read at all', 'reference_column': 'literacy_Cannot read at all'}, 'wealth_quintile': {'reference': 'Poorest', 'reference_column': 'wealth_quintile_Poorest'}, 'residence': {'reference': 'Rural', 'reference_column': 'residence_Rural'}, 'country_admin_region': {'reference': 'kenya::01', 'reference_column': 'country_admin_region_kenya::01'}}"
binary_lpm,model4_preferred_lpm,wasted,kenya,country_admin_region_kenya::32,-0.016,0.016,-0.048,0.016,0.318,17332,1688,47,weight_original,cluster_robust_psu,True,"{'child_sex': {'reference': 'Male', 'reference_column': 'child_sex_Male'}, 'maternal_education': {'reference': 'No education', 'reference_column': 'maternal_education_No education'}, 'literacy': {'reference': 'Cannot read at all', 'reference_column': 'literacy_Cannot read at all'}, 'wealth_quintile': {'reference': 'Poorest', 'reference_column': 'wealth_quintile_Poorest'}, 'residence': {'reference': 'Rural', 'reference_column': 'residence_Rural'}, 'country_admin_region': {'reference': 'kenya::01', 'reference_column': 'country_admin_region_kenya::01'}}"
binary_lpm,model4_preferred_lpm,wasted,kenya,country_admin_region_kenya::33,-0.041,0.017,-0.074,-0.008,0.015,17332,1688,47,weight_original,cluster_robust_psu,True,"{'child_sex': {'reference': 'Male', 'reference_column': 'child_sex_Male'}, 'maternal_education': {'reference': 'No education', 'reference_column': 'maternal_education_No education'}, 'literacy': {'reference': 'Cannot read at all', 'reference_column': 'literacy_Cannot read at all'}, 'wealth_quintile': {'reference': 'Poorest', 'reference_column': 'wealth_quintile_Poorest'}, 'residence': {'reference': 'Rural', 'reference_column': 'residence_Rural'}, 'country_admin_region': {'reference': 'kenya::01', 'reference_column': 'country_admin_region_kenya::01'}}"
binary_lpm,model4_preferred_lpm,wasted,kenya,country_admin_region_kenya::34,0.013,0.019,-0.024,0.05,0.493,17332,1688,47,weight_original,cluster_robust_psu,True,"{'child_sex': {'reference': 'Male', 'reference_column': 'child_sex_Male'}, 'maternal_education': {'reference': 'No education', 'reference_column': 'maternal_education_No education'}, 'literacy': {'reference': 'Cannot read at all', 'reference_column': 'literacy_Cannot read at all'}, 'wealth_quintile': {'reference': 'Poorest', 'reference_column': 'wealth_quintile_Poorest'}, 'residence': {'reference': 'Rural', 'reference_column': 'residence_Rural'}, 'country_admin_region': {'reference': 'kenya::01', 'reference_column': 'country_admin_region_kenya::01'}}"
binary_lpm,model4_preferred_lpm,wasted,kenya,country_admin_region_kenya::35,-0.029,0.018,-0.064,0.005,0.098,17332,1688,47,weight_original,cluster_robust_psu,True,"{'child_sex': {'reference': 'Male', 'reference_column': 'child_sex_Male'}, 'maternal_education': {'reference': 'No education', 'reference_column': 'maternal_education_No education'}, 'literacy': {'reference': 'Cannot read at all', 'reference_column': 'literacy_Cannot read at all'}, 'wealth_quintile': {'reference': 'Poorest', 'reference_column': 'wealth_quintile_Poorest'}, 'residence': {'reference': 'Rural', 'reference_column': 'residence_Rural'}, 'country_admin_region': {'reference': 'kenya::01', 'reference_column': 'country_admin_region_kenya::01'}}"
binary_lpm,model4_preferred_lpm,wasted,kenya,country_admin_region_kenya::36,-0.018,0.017,-0.052,0.016,0.293,17332,1688,47,weight_original,cluster_robust_psu,True,"{'child_sex': {'reference': 'Male', 'reference_column': 'child_sex_Male'}, 'maternal_education': {'reference': 'No education', 'reference_column': 'maternal_education_No education'}, 'literacy': {'reference': 'Cannot read at all', 'reference_column': 'literacy_Cannot read at all'}, 'wealth_quintile': {'reference': 'Poorest', 'reference_column': 'wealth_quintile_Poorest'}, 'residence': {'reference': 'Rural', 'reference_column': 'residence_Rural'}, 'country_admin_region': {'reference': 'kenya::01', 'reference_column': 'country_admin_region_kenya::01'}}"
binary_lpm,model4_preferred_lpm,wasted,kenya,country_admin_region_kenya::37,-0.04,0.016,-0.072,-0.008,0.014,17332,1688,47,weight_original,cluster_robust_psu,True,"{'child_sex': {'reference': 'Male', 'reference_column': 'child_sex_Male'}, 'maternal_education': {'reference': 'No education', 'reference_column': 'maternal_education_No education'}, 'literacy': {'reference': 'Cannot read at all', 'reference_column': 'literacy_Cannot read at all'}, 'wealth_quintile': {'reference': 'Poorest', 'reference_column': 'wealth_quintile_Poorest'}, 'residence': {'reference': 'Rural', 'reference_column': 'residence_Rural'}, 'country_admin_region': {'reference': 'kenya::01', 'reference_column': 'country_admin_region_kenya::01'}}"
binary_lpm,model4_preferred_lpm,wasted,kenya,country_admin_region_kenya::38,-0.028,0.018,-0.064,0.007,0.122,17332,1688,47,weight_original,cluster_robust_psu,True,"{'child_sex': {'reference': 'Male', 'reference_column': 'child_sex_Male'}, 'maternal_education': {'reference': 'No education', 'reference_column': 'maternal_education_No education'}, 'literacy': {'reference': 'Cannot read at all', 'reference_column': 'literacy_Cannot read at all'}, 'wealth_quintile': {'reference': 'Poorest', 'reference_column': 'wealth_quintile_Poorest'}, 'residence': {'reference': 'Rural', 'reference_column': 'residence_Rural'}, 'country_admin_region': {'reference': 'kenya::01', 'reference_column': 'country_admin_region_kenya::01'}}"
binary_lpm,model4_preferred_lpm,wasted,kenya,country_admin_region_kenya::39,-0.041,0.017,-0.075,-0.008,0.015,17332,1688,47,weight_original,cluster_robust_psu,True,"{'child_sex': {'reference': 'Male', 'reference_column': 'child_sex_Male'}, 'maternal_education': {'reference': 'No education', 'reference_column': 'maternal_education_No education'}, 'literacy': {'reference': 'Cannot read at all', 'reference_column': 'literacy_Cannot read at all'}, 'wealth_quintile': {'reference': 'Poorest', 'reference_column': 'wealth_quintile_Poorest'}, 'residence': {'reference': 'Rural', 'reference_column': 'residence_Rural'}, 'country_admin_region': {'reference': 'kenya::01', 'reference_column': 'country_admin_region_kenya::01'}}"
binary_lpm,model4_preferred_lpm,wasted,kenya,country_admin_region_kenya::40,-0.026,0.016,-0.058,0.006,0.106,17332,1688,47,weight_original,cluster_robust_psu,True,"{'child_sex': {'reference': 'Male', 'reference_column': 'child_sex_Male'}, 'maternal_education': {'reference': 'No education', 'reference_column': 'maternal_education_No education'}, 'literacy': {'reference': 'Cannot read at all', 'reference_column': 'literacy_Cannot read at all'}, 'wealth_quintile': {'reference': 'Poorest', 'reference_column': 'wealth_quintile_Poorest'}, 'residence': {'reference': 'Rural', 'reference_column': 'residence_Rural'}, 'country_admin_region': {'reference': 'kenya::01', 'reference_column': 'country_admin_region_kenya::01'}}"
binary_lpm,model4_preferred_lpm,wasted,kenya,country_admin_region_kenya::41,-0.036,0.016,-0.067,-0.005,0.023,17332,1688,47,weight_original,cluster_robust_psu,True,"{'child_sex': {'reference': 'Male', 'reference_column': 'child_sex_Male'}, 'maternal_education': {'reference': 'No education', 'reference_column': 'maternal_education_No education'}, 'literacy': {'reference': 'Cannot read at all', 'reference_column': 'literacy_Cannot read at all'}, 'wealth_quintile': {'reference': 'Poorest', 'reference_column': 'wealth_quintile_Poorest'}, 'residence': {'reference': 'Rural', 'reference_column': 'residence_Rural'}, 'country_admin_region': {'reference': 'kenya::01', 'reference_column': 'country_admin_region_kenya::01'}}"
binary_lpm,model4_preferred_lpm,wasted,kenya,country_admin_region_kenya::42,-0.022,0.017,-0.056,0.011,0.195,17332,1688,47,weight_original,cluster_robust_psu,True,"{'child_sex': {'reference': 'Male', 'reference_column': 'child_sex_Male'}, 'maternal_education': {'reference': 'No education', 'reference_column': 'maternal_education_No education'}, 'literacy': {'reference': 'Cannot read at all', 'reference_column': 'literacy_Cannot read at all'}, 'wealth_quintile': {'reference': 'Poorest', 'reference_column': 'wealth_quintile_Poorest'}, 'residence': {'reference': 'Rural', 'reference_column': 'residence_Rural'}, 'country_admin_region': {'reference': 'kenya::01', 'reference_column': 'country_admin_region_kenya::01'}}"
binary_lpm,model4_preferred_lpm,wasted,kenya,country_admin_region_kenya::43,-0.042,0.016,-0.073,-0.011,0.007,17332,1688,47,weight_original,cluster_robust_psu,True,"{'child_sex': {'reference': 'Male', 'reference_column': 'child_sex_Male'}, 'maternal_education': {'reference': 'No education', 'reference_column': 'maternal_education_No education'}, 'literacy': {'reference': 'Cannot read at all', 'reference_column': 'literacy_Cannot read at all'}, 'wealth_quintile': {'reference': 'Poorest', 'reference_column': 'wealth_quintile_Poorest'}, 'residence': {'reference': 'Rural', 'reference_column': 'residence_Rural'}, 'country_admin_region': {'reference': 'kenya::01', 'reference_column': 'country_admin_region_kenya::01'}}"
binary_lpm,model4_preferred_lpm,wasted,kenya,country_admin_region_kenya::44,-0.034,0.017,-0.067,-0.001,0.046,17332,1688,47,weight_original,cluster_robust_psu,True,"{'child_sex': {'reference': 'Male', 'reference_column': 'child_sex_Male'}, 'maternal_education': {'reference': 'No education', 'reference_column': 'maternal_education_No education'}, 'literacy': {'reference': 'Cannot read at all', 'reference_column': 'literacy_Cannot read at all'}, 'wealth_quintile': {'reference': 'Poorest', 'reference_column': 'wealth_quintile_Poorest'}, 'residence': {'reference': 'Rural', 'reference_column': 'residence_Rural'}, 'country_admin_region': {'reference': 'kenya::01', 'reference_column': 'country_admin_region_kenya::01'}}"
binary_lpm,model4_preferred_lpm,wasted,kenya,country_admin_region_kenya::45,-0.017,0.018,-0.052,0.018,0.335,17332,1688,47,weight_original,cluster_robust_psu,True,"{'child_sex': {'reference': 'Male', 'reference_column': 'child_sex_Male'}, 'maternal_education': {'reference': 'No education', 'reference_column': 'maternal_education_No education'}, 'literacy': {'reference': 'Cannot read at all', 'reference_column': 'literacy_Cannot read at all'}, 'wealth_quintile': {'reference': 'Poorest', 'reference_column': 'wealth_quintile_Poorest'}, 'residence': {'reference': 'Rural', 'reference_column': 'residence_Rural'}, 'country_admin_region': {'reference': 'kenya::01', 'reference_column': 'country_admin_region_kenya::01'}}"
binary_lpm,model4_preferred_lpm,wasted,kenya,country_admin_region_kenya::46,-0.046,0.016,-0.078,-0.015,0.004,17332,1688,47,weight_original,cluster_robust_psu,True,"{'child_sex': {'reference': 'Male', 'reference_column': 'child_sex_Male'}, 'maternal_education': {'reference': 'No education', 'reference_column': 'maternal_education_No education'}, 'literacy': {'reference': 'Cannot read at all', 'reference_column': 'literacy_Cannot read at all'}, 'wealth_quintile': {'reference': 'Poorest', 'reference_column': 'wealth_quintile_Poorest'}, 'residence': {'reference': 'Rural', 'reference_column': 'residence_Rural'}, 'country_admin_region': {'reference': 'kenya::01', 'reference_column': 'country_admin_region_kenya::01'}}"
binary_lpm,model4_preferred_lpm,wasted,kenya,country_admin_region_kenya::47,-0.018,0.017,-0.05,0.015,0.291,17332,1688,47,weight_original,cluster_robust_psu,True,"{'child_sex': {'reference': 'Male', 'reference_column': 'child_sex_Male'}, 'maternal_education': {'reference': 'No education', 'reference_column': 'maternal_education_No education'}, 'literacy': {'reference': 'Cannot read at all', 'reference_column': 'literacy_Cannot read at all'}, 'wealth_quintile': {'reference': 'Poorest', 'reference_column': 'wealth_quintile_Poorest'}, 'residence': {'reference': 'Rural', 'reference_column': 'residence_Rural'}, 'country_admin_region': {'reference': 'kenya::01', 'reference_column': 'country_admin_region_kenya::01'}}"
binary_lpm,model4_preferred_lpm,wasted,nigeria,const,0.177,0.038,0.102,0.252,0.0,9464,1343,37,weight_original,cluster_robust_psu,True,"{'child_sex': {'reference': 'Male', 'reference_column': 'child_sex_Male'}, 'maternal_education': {'reference': 'No education', 'reference_column': 'maternal_education_No education'}, 'literacy': {'reference': 'Cannot read at all', 'reference_column': 'literacy_Cannot read at all'}, 'wealth_quintile': {'reference': 'Poorest', 'reference_column': 'wealth_quintile_Poorest'}, 'residence': {'reference': 'Rural', 'reference_column': 'residence_Rural'}, 'country_admin_region': {'reference': 'nigeria::01', 'reference_column': 'country_admin_region_nigeria::01'}}"
binary_lpm,model4_preferred_lpm,wasted,nigeria,water_rate_loo,-0.004,0.014,-0.032,0.024,0.793,9464,1343,37,weight_original,cluster_robust_psu,True,"{'child_sex': {'reference': 'Male', 'reference_column': 'child_sex_Male'}, 'maternal_education': {'reference': 'No education', 'reference_column': 'maternal_education_No education'}, 'literacy': {'reference': 'Cannot read at all', 'reference_column': 'literacy_Cannot read at all'}, 'wealth_quintile': {'reference': 'Poorest', 'reference_column': 'wealth_quintile_Poorest'}, 'residence': {'reference': 'Rural', 'reference_column': 'residence_Rural'}, 'country_admin_region': {'reference': 'nigeria::01', 'reference_column': 'country_admin_region_nigeria::01'}}"
binary_lpm,model4_preferred_lpm,wasted,nigeria,sanitation_rate_loo_core,-0.03,0.017,-0.064,0.004,0.085,9464,1343,37,weight_original,cluster_robust_psu,True,"{'child_sex': {'reference': 'Male', 'reference_column': 'child_sex_Male'}, 'maternal_education': {'reference': 'No education', 'reference_column': 'maternal_education_No education'}, 'literacy': {'reference': 'Cannot read at all', 'reference_column': 'literacy_Cannot read at all'}, 'wealth_quintile': {'reference': 'Poorest', 'reference_column': 'wealth_quintile_Poorest'}, 'residence': {'reference': 'Rural', 'reference_column': 'residence_Rural'}, 'country_admin_region': {'reference': 'nigeria::01', 'reference_column': 'country_admin_region_nigeria::01'}}"
binary_lpm,model4_preferred_lpm,wasted,nigeria,b19_raw,-0.002,0.0,-0.002,-0.001,0.0,9464,1343,37,weight_original,cluster_robust_psu,True,"{'child_sex': {'reference': 'Male', 'reference_column': 'child_sex_Male'}, 'maternal_education': {'reference': 'No education', 'reference_column': 'maternal_education_No education'}, 'literacy': {'reference': 'Cannot read at all', 'reference_column': 'literacy_Cannot read at all'}, 'wealth_quintile': {'reference': 'Poorest', 'reference_column': 'wealth_quintile_Poorest'}, 'residence': {'reference': 'Rural', 'reference_column': 'residence_Rural'}, 'country_admin_region': {'reference': 'nigeria::01', 'reference_column': 'country_admin_region_nigeria::01'}}"
binary_lpm,model4_preferred_lpm,wasted,nigeria,birth_order_raw,-0.002,0.002,-0.006,0.002,0.371,9464,1343,37,weight_original,cluster_robust_psu,True,"{'child_sex': {'reference': 'Male', 'reference_column': 'child_sex_Male'}, 'maternal_education': {'reference': 'No education', 'reference_column': 'maternal_education_No education'}, 'literacy': {'reference': 'Cannot read at all', 'reference_column': 'literacy_Cannot read at all'}, 'wealth_quintile': {'reference': 'Poorest', 'reference_column': 'wealth_quintile_Poorest'}, 'residence': {'reference': 'Rural', 'reference_column': 'residence_Rural'}, 'country_admin_region': {'reference': 'nigeria::01', 'reference_column': 'country_admin_region_nigeria::01'}}"
binary_lpm,model4_preferred_lpm,wasted,nigeria,maternal_age,0.0,0.001,-0.001,0.002,0.918,9464,1343,37,weight_original,cluster_robust_psu,True,"{'child_sex': {'reference': 'Male', 'reference_column': 'child_sex_Male'}, 'maternal_education': {'reference': 'No education', 'reference_column': 'maternal_education_No education'}, 'literacy': {'reference': 'Cannot read at all', 'reference_column': 'literacy_Cannot read at all'}, 'wealth_quintile': {'reference': 'Poorest', 'reference_column': 'wealth_quintile_Poorest'}, 'residence': {'reference': 'Rural', 'reference_column': 'residence_Rural'}, 'country_admin_region': {'reference': 'nigeria::01', 'reference_column': 'country_admin_region_nigeria::01'}}"
binary_lpm,model4_preferred_lpm,wasted,nigeria,household_size_raw,0.0,0.001,-0.002,0.002,0.943,9464,1343,37,weight_original,cluster_robust_psu,True,"{'child_sex': {'reference': 'Male', 'reference_column': 'child_sex_Male'}, 'maternal_education': {'reference': 'No education', 'reference_column': 'maternal_education_No education'}, 'literacy': {'reference': 'Cannot read at all', 'reference_column': 'literacy_Cannot read at all'}, 'wealth_quintile': {'reference': 'Poorest', 'reference_column': 'wealth_quintile_Poorest'}, 'residence': {'reference': 'Rural', 'reference_column': 'residence_Rural'}, 'country_admin_region': {'reference': 'nigeria::01', 'reference_column': 'country_admin_region_nigeria::01'}}"
binary_lpm,model4_preferred_lpm,wasted,nigeria,child_sex_Female,-0.008,0.006,-0.021,0.004,0.186,9464,1343,37,weight_original,cluster_robust_psu,True,"{'child_sex': {'reference': 'Male', 'reference_column': 'child_sex_Male'}, 'maternal_education': {'reference': 'No education', 'reference_column': 'maternal_education_No education'}, 'literacy': {'reference': 'Cannot read at all', 'reference_column': 'literacy_Cannot read at all'}, 'wealth_quintile': {'reference': 'Poorest', 'reference_column': 'wealth_quintile_Poorest'}, 'residence': {'reference': 'Rural', 'reference_column': 'residence_Rural'}, 'country_admin_region': {'reference': 'nigeria::01', 'reference_column': 'country_admin_region_nigeria::01'}}"
binary_lpm,model4_preferred_lpm,wasted,nigeria,maternal_education_Higher,-0.049,0.019,-0.086,-0.011,0.011,9464,1343,37,weight_original,cluster_robust_psu,True,"{'child_sex': {'reference': 'Male', 'reference_column': 'child_sex_Male'}, 'maternal_education': {'reference': 'No education', 'reference_column': 'maternal_education_No education'}, 'literacy': {'reference': 'Cannot read at all', 'reference_column': 'literacy_Cannot read at all'}, 'wealth_quintile': {'reference': 'Poorest', 'reference_column': 'wealth_quintile_Poorest'}, 'residence': {'reference': 'Rural', 'reference_column': 'residence_Rural'}, 'country_admin_region': {'reference': 'nigeria::01', 'reference_column': 'country_admin_region_nigeria::01'}}"
binary_lpm,model4_preferred_lpm,wasted,nigeria,maternal_education_Primary,-0.021,0.013,-0.047,0.005,0.118,9464,1343,37,weight_original,cluster_robust_psu,True,"{'child_sex': {'reference': 'Male', 'reference_column': 'child_sex_Male'}, 'maternal_education': {'reference': 'No education', 'reference_column': 'maternal_education_No education'}, 'literacy': {'reference': 'Cannot read at all', 'reference_column': 'literacy_Cannot read at all'}, 'wealth_quintile': {'reference': 'Poorest', 'reference_column': 'wealth_quintile_Poorest'}, 'residence': {'reference': 'Rural', 'reference_column': 'residence_Rural'}, 'country_admin_region': {'reference': 'nigeria::01', 'reference_column': 'country_admin_region_nigeria::01'}}"
binary_lpm,model4_preferred_lpm,wasted,nigeria,maternal_education_Secondary,-0.021,0.017,-0.054,0.013,0.229,9464,1343,37,weight_original,cluster_robust_psu,True,"{'child_sex': {'reference': 'Male', 'reference_column': 'child_sex_Male'}, 'maternal_education': {'reference': 'No education', 'reference_column': 'maternal_education_No education'}, 'literacy': {'reference': 'Cannot read at all', 'reference_column': 'literacy_Cannot read at all'}, 'wealth_quintile': {'reference': 'Poorest', 'reference_column': 'wealth_quintile_Poorest'}, 'residence': {'reference': 'Rural', 'reference_column': 'residence_Rural'}, 'country_admin_region': {'reference': 'nigeria::01', 'reference_column': 'country_admin_region_nigeria::01'}}"
binary_lpm,model4_preferred_lpm,wasted,nigeria,literacy_Able to read only parts of sentence,0.01,0.016,-0.021,0.042,0.523,9464,1343,37,weight_original,cluster_robust_psu,True,"{'child_sex': {'reference': 'Male', 'reference_column': 'child_sex_Male'}, 'maternal_education': {'reference': 'No education', 'reference_column': 'maternal_education_No education'}, 'literacy': {'reference': 'Cannot read at all', 'reference_column': 'literacy_Cannot read at all'}, 'wealth_quintile': {'reference': 'Poorest', 'reference_column': 'wealth_quintile_Poorest'}, 'residence': {'reference': 'Rural', 'reference_column': 'residence_Rural'}, 'country_admin_region': {'reference': 'nigeria::01', 'reference_column': 'country_admin_region_nigeria::01'}}"
binary_lpm,model4_preferred_lpm,wasted,nigeria,literacy_Able to read whole sentence,-0.006,0.014,-0.034,0.022,0.66,9464,1343,37,weight_original,cluster_robust_psu,True,"{'child_sex': {'reference': 'Male', 'reference_column': 'child_sex_Male'}, 'maternal_education': {'reference': 'No education', 'reference_column': 'maternal_education_No education'}, 'literacy': {'reference': 'Cannot read at all', 'reference_column': 'literacy_Cannot read at all'}, 'wealth_quintile': {'reference': 'Poorest', 'reference_column': 'wealth_quintile_Poorest'}, 'residence': {'reference': 'Rural', 'reference_column': 'residence_Rural'}, 'country_admin_region': {'reference': 'nigeria::01', 'reference_column': 'country_admin_region_nigeria::01'}}"
binary_lpm,model4_preferred_lpm,wasted,nigeria,literacy_Blind/visually impaired,0.036,0.14,-0.239,0.31,0.799,9464,1343,37,weight_original,cluster_robust_psu,True,"{'child_sex': {'reference': 'Male', 'reference_column': 'child_sex_Male'}, 'maternal_education': {'reference': 'No education', 'reference_column': 'maternal_education_No education'}, 'literacy': {'reference': 'Cannot read at all', 'reference_column': 'literacy_Cannot read at all'}, 'wealth_quintile': {'reference': 'Poorest', 'reference_column': 'wealth_quintile_Poorest'}, 'residence': {'reference': 'Rural', 'reference_column': 'residence_Rural'}, 'country_admin_region': {'reference': 'nigeria::01', 'reference_column': 'country_admin_region_nigeria::01'}}"
binary_lpm,model4_preferred_lpm,wasted,nigeria,literacy_No card with required language,-0.039,0.022,-0.083,0.004,0.075,9464,1343,37,weight_original,cluster_robust_psu,True,"{'child_sex': {'reference': 'Male', 'reference_column': 'child_sex_Male'}, 'maternal_education': {'reference': 'No education', 'reference_column': 'maternal_education_No education'}, 'literacy': {'reference': 'Cannot read at all', 'reference_column': 'literacy_Cannot read at all'}, 'wealth_quintile': {'reference': 'Poorest', 'reference_column': 'wealth_quintile_Poorest'}, 'residence': {'reference': 'Rural', 'reference_column': 'residence_Rural'}, 'country_admin_region': {'reference': 'nigeria::01', 'reference_column': 'country_admin_region_nigeria::01'}}"
binary_lpm,model4_preferred_lpm,wasted,nigeria,wealth_quintile_Middle,-0.015,0.014,-0.042,0.012,0.271,9464,1343,37,weight_original,cluster_robust_psu,True,"{'child_sex': {'reference': 'Male', 'reference_column': 'child_sex_Male'}, 'maternal_education': {'reference': 'No education', 'reference_column': 'maternal_education_No education'}, 'literacy': {'reference': 'Cannot read at all', 'reference_column': 'literacy_Cannot read at all'}, 'wealth_quintile': {'reference': 'Poorest', 'reference_column': 'wealth_quintile_Poorest'}, 'residence': {'reference': 'Rural', 'reference_column': 'residence_Rural'}, 'country_admin_region': {'reference': 'nigeria::01', 'reference_column': 'country_admin_region_nigeria::01'}}"
binary_lpm,model4_preferred_lpm,wasted,nigeria,wealth_quintile_Poorer,-0.01,0.013,-0.035,0.015,0.434,9464,1343,37,weight_original,cluster_robust_psu,True,"{'child_sex': {'reference': 'Male', 'reference_column': 'child_sex_Male'}, 'maternal_education': {'reference': 'No education', 'reference_column': 'maternal_education_No education'}, 'literacy': {'reference': 'Cannot read at all', 'reference_column': 'literacy_Cannot read at all'}, 'wealth_quintile': {'reference': 'Poorest', 'reference_column': 'wealth_quintile_Poorest'}, 'residence': {'reference': 'Rural', 'reference_column': 'residence_Rural'}, 'country_admin_region': {'reference': 'nigeria::01', 'reference_column': 'country_admin_region_nigeria::01'}}"
binary_lpm,model4_preferred_lpm,wasted,nigeria,wealth_quintile_Richer,0.009,0.017,-0.024,0.042,0.584,9464,1343,37,weight_original,cluster_robust_psu,True,"{'child_sex': {'reference': 'Male', 'reference_column': 'child_sex_Male'}, 'maternal_education': {'reference': 'No education', 'reference_column': 'maternal_education_No education'}, 'literacy': {'reference': 'Cannot read at all', 'reference_column': 'literacy_Cannot read at all'}, 'wealth_quintile': {'reference': 'Poorest', 'reference_column': 'wealth_quintile_Poorest'}, 'residence': {'reference': 'Rural', 'reference_column': 'residence_Rural'}, 'country_admin_region': {'reference': 'nigeria::01', 'reference_column': 'country_admin_region_nigeria::01'}}"
binary_lpm,model4_preferred_lpm,wasted,nigeria,wealth_quintile_Richest,0.012,0.019,-0.026,0.049,0.542,9464,1343,37,weight_original,cluster_robust_psu,True,"{'child_sex': {'reference': 'Male', 'reference_column': 'child_sex_Male'}, 'maternal_education': {'reference': 'No education', 'reference_column': 'maternal_education_No education'}, 'literacy': {'reference': 'Cannot read at all', 'reference_column': 'literacy_Cannot read at all'}, 'wealth_quintile': {'reference': 'Poorest', 'reference_column': 'wealth_quintile_Poorest'}, 'residence': {'reference': 'Rural', 'reference_column': 'residence_Rural'}, 'country_admin_region': {'reference': 'nigeria::01', 'reference_column': 'country_admin_region_nigeria::01'}}"
binary_lpm,model4_preferred_lpm,wasted,nigeria,residence_Urban,0.024,0.009,0.006,0.043,0.009,9464,1343,37,weight_original,cluster_robust_psu,True,"{'child_sex': {'reference': 'Male', 'reference_column': 'child_sex_Male'}, 'maternal_education': {'reference': 'No education', 'reference_column': 'maternal_education_No education'}, 'literacy': {'reference': 'Cannot read at all', 'reference_column': 'literacy_Cannot read at all'}, 'wealth_quintile': {'reference': 'Poorest', 'reference_column': 'wealth_quintile_Poorest'}, 'residence': {'reference': 'Rural', 'reference_column': 'residence_Rural'}, 'country_admin_region': {'reference': 'nigeria::01', 'reference_column': 'country_admin_region_nigeria::01'}}"
binary_lpm,model4_preferred_lpm,wasted,nigeria,country_admin_region_nigeria::02,-0.024,0.034,-0.092,0.043,0.48,9464,1343,37,weight_original,cluster_robust_psu,True,"{'child_sex': {'reference': 'Male', 'reference_column': 'child_sex_Male'}, 'maternal_education': {'reference': 'No education', 'reference_column': 'maternal_education_No education'}, 'literacy': {'reference': 'Cannot read at all', 'reference_column': 'literacy_Cannot read at all'}, 'wealth_quintile': {'reference': 'Poorest', 'reference_column': 'wealth_quintile_Poorest'}, 'residence': {'reference': 'Rural', 'reference_column': 'residence_Rural'}, 'country_admin_region': {'reference': 'nigeria::01', 'reference_column': 'country_admin_region_nigeria::01'}}"
binary_lpm,model4_preferred_lpm,wasted,nigeria,country_admin_region_nigeria::03,-0.041,0.034,-0.107,0.025,0.22,9464,1343,37,weight_original,cluster_robust_psu,True,"{'child_sex': {'reference': 'Male', 'reference_column': 'child_sex_Male'}, 'maternal_education': {'reference': 'No education', 'reference_column': 'maternal_education_No education'}, 'literacy': {'reference': 'Cannot read at all', 'reference_column': 'literacy_Cannot read at all'}, 'wealth_quintile': {'reference': 'Poorest', 'reference_column': 'wealth_quintile_Poorest'}, 'residence': {'reference': 'Rural', 'reference_column': 'residence_Rural'}, 'country_admin_region': {'reference': 'nigeria::01', 'reference_column': 'country_admin_region_nigeria::01'}}"
binary_lpm,model4_preferred_lpm,wasted,nigeria,country_admin_region_nigeria::04,-0.032,0.034,-0.099,0.035,0.346,9464,1343,37,weight_original,cluster_robust_psu,True,"{'child_sex': {'reference': 'Male', 'reference_column': 'child_sex_Male'}, 'maternal_education': {'reference': 'No education', 'reference_column': 'maternal_education_No education'}, 'literacy': {'reference': 'Cannot read at all', 'reference_column': 'literacy_Cannot read at all'}, 'wealth_quintile': {'reference': 'Poorest', 'reference_column': 'wealth_quintile_Poorest'}, 'residence': {'reference': 'Rural', 'reference_column': 'residence_Rural'}, 'country_admin_region': {'reference': 'nigeria::01', 'reference_column': 'country_admin_region_nigeria::01'}}"
binary_lpm,model4_preferred_lpm,wasted,nigeria,country_admin_region_nigeria::05,0.012,0.033,-0.053,0.077,0.72,9464,1343,37,weight_original,cluster_robust_psu,True,"{'child_sex': {'reference': 'Male', 'reference_column': 'child_sex_Male'}, 'maternal_education': {'reference': 'No education', 'reference_column': 'maternal_education_No education'}, 'literacy': {'reference': 'Cannot read at all', 'reference_column': 'literacy_Cannot read at all'}, 'wealth_quintile': {'reference': 'Poorest', 'reference_column': 'wealth_quintile_Poorest'}, 'residence': {'reference': 'Rural', 'reference_column': 'residence_Rural'}, 'country_admin_region': {'reference': 'nigeria::01', 'reference_column': 'country_admin_region_nigeria::01'}}"
binary_lpm,model4_preferred_lpm,wasted,nigeria,country_admin_region_nigeria::06,-0.046,0.032,-0.109,0.017,0.156,9464,1343,37,weight_original,cluster_robust_psu,True,"{'child_sex': {'reference': 'Male', 'reference_column': 'child_sex_Male'}, 'maternal_education': {'reference': 'No education', 'reference_column': 'maternal_education_No education'}, 'literacy': {'reference': 'Cannot read at all', 'reference_column': 'literacy_Cannot read at all'}, 'wealth_quintile': {'reference': 'Poorest', 'reference_column': 'wealth_quintile_Poorest'}, 'residence': {'reference': 'Rural', 'reference_column': 'residence_Rural'}, 'country_admin_region': {'reference': 'nigeria::01', 'reference_column': 'country_admin_region_nigeria::01'}}"
binary_lpm,model4_preferred_lpm,wasted,nigeria,country_admin_region_nigeria::07,-0.037,0.033,-0.103,0.028,0.265,9464,1343,37,weight_original,cluster_robust_psu,True,"{'child_sex': {'reference': 'Male', 'reference_column': 'child_sex_Male'}, 'maternal_education': {'reference': 'No education', 'reference_column': 'maternal_education_No education'}, 'literacy': {'reference': 'Cannot read at all', 'reference_column': 'literacy_Cannot read at all'}, 'wealth_quintile': {'reference': 'Poorest', 'reference_column': 'wealth_quintile_Poorest'}, 'residence': {'reference': 'Rural', 'reference_column': 'residence_Rural'}, 'country_admin_region': {'reference': 'nigeria::01', 'reference_column': 'country_admin_region_nigeria::01'}}"
binary_lpm,model4_preferred_lpm,wasted,nigeria,country_admin_region_nigeria::08,-0.02,0.034,-0.087,0.047,0.561,9464,1343,37,weight_original,cluster_robust_psu,True,"{'child_sex': {'reference': 'Male', 'reference_column': 'child_sex_Male'}, 'maternal_education': {'reference': 'No education', 'reference_column': 'maternal_education_No education'}, 'literacy': {'reference': 'Cannot read at all', 'reference_column': 'literacy_Cannot read at all'}, 'wealth_quintile': {'reference': 'Poorest', 'reference_column': 'wealth_quintile_Poorest'}, 'residence': {'reference': 'Rural', 'reference_column': 'residence_Rural'}, 'country_admin_region': {'reference': 'nigeria::01', 'reference_column': 'country_admin_region_nigeria::01'}}"
binary_lpm,model4_preferred_lpm,wasted,nigeria,country_admin_region_nigeria::09,-0.041,0.032,-0.103,0.02,0.189,9464,1343,37,weight_original,cluster_robust_psu,True,"{'child_sex': {'reference': 'Male', 'reference_column': 'child_sex_Male'}, 'maternal_education': {'reference': 'No education', 'reference_column': 'maternal_education_No education'}, 'literacy': {'reference': 'Cannot read at all', 'reference_column': 'literacy_Cannot read at all'}, 'wealth_quintile': {'reference': 'Poorest', 'reference_column': 'wealth_quintile_Poorest'}, 'residence': {'reference': 'Rural', 'reference_column': 'residence_Rural'}, 'country_admin_region': {'reference': 'nigeria::01', 'reference_column': 'country_admin_region_nigeria::01'}}"
binary_lpm,model4_preferred_lpm,wasted,nigeria,country_admin_region_nigeria::10,0.003,0.037,-0.07,0.076,0.93,9464,1343,37,weight_original,cluster_robust_psu,True,"{'child_sex': {'reference': 'Male', 'reference_column': 'child_sex_Male'}, 'maternal_education': {'reference': 'No education', 'reference_column': 'maternal_education_No education'}, 'literacy': {'reference': 'Cannot read at all', 'reference_column': 'literacy_Cannot read at all'}, 'wealth_quintile': {'reference': 'Poorest', 'reference_column': 'wealth_quintile_Poorest'}, 'residence': {'reference': 'Rural', 'reference_column': 'residence_Rural'}, 'country_admin_region': {'reference': 'nigeria::01', 'reference_column': 'country_admin_region_nigeria::01'}}"
binary_lpm,model4_preferred_lpm,wasted,nigeria,country_admin_region_nigeria::11,-0.011,0.032,-0.074,0.052,0.738,9464,1343,37,weight_original,cluster_robust_psu,True,"{'child_sex': {'reference': 'Male', 'reference_column': 'child_sex_Male'}, 'maternal_education': {'reference': 'No education', 'reference_column': 'maternal_education_No education'}, 'literacy': {'reference': 'Cannot read at all', 'reference_column': 'literacy_Cannot read at all'}, 'wealth_quintile': {'reference': 'Poorest', 'reference_column': 'wealth_quintile_Poorest'}, 'residence': {'reference': 'Rural', 'reference_column': 'residence_Rural'}, 'country_admin_region': {'reference': 'nigeria::01', 'reference_column': 'country_admin_region_nigeria::01'}}"
binary_lpm,model4_preferred_lpm,wasted,nigeria,country_admin_region_nigeria::12,-0.002,0.041,-0.084,0.079,0.953,9464,1343,37,weight_original,cluster_robust_psu,True,"{'child_sex': {'reference': 'Male', 'reference_column': 'child_sex_Male'}, 'maternal_education': {'reference': 'No education', 'reference_column': 'maternal_education_No education'}, 'literacy': {'reference': 'Cannot read at all', 'reference_column': 'literacy_Cannot read at all'}, 'wealth_quintile': {'reference': 'Poorest', 'reference_column': 'wealth_quintile_Poorest'}, 'residence': {'reference': 'Rural', 'reference_column': 'residence_Rural'}, 'country_admin_region': {'reference': 'nigeria::01', 'reference_column': 'country_admin_region_nigeria::01'}}"
binary_lpm,model4_preferred_lpm,wasted,nigeria,country_admin_region_nigeria::13,0.002,0.038,-0.073,0.077,0.964,9464,1343,37,weight_original,cluster_robust_psu,True,"{'child_sex': {'reference': 'Male', 'reference_column': 'child_sex_Male'}, 'maternal_education': {'reference': 'No education', 'reference_column': 'maternal_education_No education'}, 'literacy': {'reference': 'Cannot read at all', 'reference_column': 'literacy_Cannot read at all'}, 'wealth_quintile': {'reference': 'Poorest', 'reference_column': 'wealth_quintile_Poorest'}, 'residence': {'reference': 'Rural', 'reference_column': 'residence_Rural'}, 'country_admin_region': {'reference': 'nigeria::01', 'reference_column': 'country_admin_region_nigeria::01'}}"
binary_lpm,model4_preferred_lpm,wasted,nigeria,country_admin_region_nigeria::14,0.03,0.035,-0.039,0.099,0.401,9464,1343,37,weight_original,cluster_robust_psu,True,"{'child_sex': {'reference': 'Male', 'reference_column': 'child_sex_Male'}, 'maternal_education': {'reference': 'No education', 'reference_column': 'maternal_education_No education'}, 'literacy': {'reference': 'Cannot read at all', 'reference_column': 'literacy_Cannot read at all'}, 'wealth_quintile': {'reference': 'Poorest', 'reference_column': 'wealth_quintile_Poorest'}, 'residence': {'reference': 'Rural', 'reference_column': 'residence_Rural'}, 'country_admin_region': {'reference': 'nigeria::01', 'reference_column': 'country_admin_region_nigeria::01'}}"
binary_lpm,model4_preferred_lpm,wasted,nigeria,country_admin_region_nigeria::15,-0.022,0.033,-0.086,0.042,0.502,9464,1343,37,weight_original,cluster_robust_psu,True,"{'child_sex': {'reference': 'Male', 'reference_column': 'child_sex_Male'}, 'maternal_education': {'reference': 'No education', 'reference_column': 'maternal_education_No education'}, 'literacy': {'reference': 'Cannot read at all', 'reference_column': 'literacy_Cannot read at all'}, 'wealth_quintile': {'reference': 'Poorest', 'reference_column': 'wealth_quintile_Poorest'}, 'residence': {'reference': 'Rural', 'reference_column': 'residence_Rural'}, 'country_admin_region': {'reference': 'nigeria::01', 'reference_column': 'country_admin_region_nigeria::01'}}"
binary_lpm,model4_preferred_lpm,wasted,nigeria,country_admin_region_nigeria::16,0.026,0.034,-0.041,0.093,0.442,9464,1343,37,weight_original,cluster_robust_psu,True,"{'child_sex': {'reference': 'Male', 'reference_column': 'child_sex_Male'}, 'maternal_education': {'reference': 'No education', 'reference_column': 'maternal_education_No education'}, 'literacy': {'reference': 'Cannot read at all', 'reference_column': 'literacy_Cannot read at all'}, 'wealth_quintile': {'reference': 'Poorest', 'reference_column': 'wealth_quintile_Poorest'}, 'residence': {'reference': 'Rural', 'reference_column': 'residence_Rural'}, 'country_admin_region': {'reference': 'nigeria::01', 'reference_column': 'country_admin_region_nigeria::01'}}"
binary_lpm,model4_preferred_lpm,wasted,nigeria,country_admin_region_nigeria::17,-0.013,0.034,-0.08,0.054,0.707,9464,1343,37,weight_original,cluster_robust_psu,True,"{'child_sex': {'reference': 'Male', 'reference_column': 'child_sex_Male'}, 'maternal_education': {'reference': 'No education', 'reference_column': 'maternal_education_No education'}, 'literacy': {'reference': 'Cannot read at all', 'reference_column': 'literacy_Cannot read at all'}, 'wealth_quintile': {'reference': 'Poorest', 'reference_column': 'wealth_quintile_Poorest'}, 'residence': {'reference': 'Rural', 'reference_column': 'residence_Rural'}, 'country_admin_region': {'reference': 'nigeria::01', 'reference_column': 'country_admin_region_nigeria::01'}}"
binary_lpm,model4_preferred_lpm,wasted,nigeria,country_admin_region_nigeria::18,-0.015,0.035,-0.084,0.054,0.674,9464,1343,37,weight_original,cluster_robust_psu,True,"{'child_sex': {'reference': 'Male', 'reference_column': 'child_sex_Male'}, 'maternal_education': {'reference': 'No education', 'reference_column': 'maternal_education_No education'}, 'literacy': {'reference': 'Cannot read at all', 'reference_column': 'literacy_Cannot read at all'}, 'wealth_quintile': {'reference': 'Poorest', 'reference_column': 'wealth_quintile_Poorest'}, 'residence': {'reference': 'Rural', 'reference_column': 'residence_Rural'}, 'country_admin_region': {'reference': 'nigeria::01', 'reference_column': 'country_admin_region_nigeria::01'}}"
binary_lpm,model4_preferred_lpm,wasted,nigeria,country_admin_region_nigeria::19,-0.039,0.033,-0.104,0.026,0.243,9464,1343,37,weight_original,cluster_robust_psu,True,"{'child_sex': {'reference': 'Male', 'reference_column': 'child_sex_Male'}, 'maternal_education': {'reference': 'No education', 'reference_column': 'maternal_education_No education'}, 'literacy': {'reference': 'Cannot read at all', 'reference_column': 'literacy_Cannot read at all'}, 'wealth_quintile': {'reference': 'Poorest', 'reference_column': 'wealth_quintile_Poorest'}, 'residence': {'reference': 'Rural', 'reference_column': 'residence_Rural'}, 'country_admin_region': {'reference': 'nigeria::01', 'reference_column': 'country_admin_region_nigeria::01'}}"
binary_lpm,model4_preferred_lpm,wasted,nigeria,country_admin_region_nigeria::20,-0.031,0.033,-0.096,0.034,0.353,9464,1343,37,weight_original,cluster_robust_psu,True,"{'child_sex': {'reference': 'Male', 'reference_column': 'child_sex_Male'}, 'maternal_education': {'reference': 'No education', 'reference_column': 'maternal_education_No education'}, 'literacy': {'reference': 'Cannot read at all', 'reference_column': 'literacy_Cannot read at all'}, 'wealth_quintile': {'reference': 'Poorest', 'reference_column': 'wealth_quintile_Poorest'}, 'residence': {'reference': 'Rural', 'reference_column': 'residence_Rural'}, 'country_admin_region': {'reference': 'nigeria::01', 'reference_column': 'country_admin_region_nigeria::01'}}"
binary_lpm,model4_preferred_lpm,wasted,nigeria,country_admin_region_nigeria::21,0.007,0.034,-0.06,0.073,0.847,9464,1343,37,weight_original,cluster_robust_psu,True,"{'child_sex': {'reference': 'Male', 'reference_column': 'child_sex_Male'}, 'maternal_education': {'reference': 'No education', 'reference_column': 'maternal_education_No education'}, 'literacy': {'reference': 'Cannot read at all', 'reference_column': 'literacy_Cannot read at all'}, 'wealth_quintile': {'reference': 'Poorest', 'reference_column': 'wealth_quintile_Poorest'}, 'residence': {'reference': 'Rural', 'reference_column': 'residence_Rural'}, 'country_admin_region': {'reference': 'nigeria::01', 'reference_column': 'country_admin_region_nigeria::01'}}"
binary_lpm,model4_preferred_lpm,wasted,nigeria,country_admin_region_nigeria::22,0.006,0.033,-0.058,0.07,0.857,9464,1343,37,weight_original,cluster_robust_psu,True,"{'child_sex': {'reference': 'Male', 'reference_column': 'child_sex_Male'}, 'maternal_education': {'reference': 'No education', 'reference_column': 'maternal_education_No education'}, 'literacy': {'reference': 'Cannot read at all', 'reference_column': 'literacy_Cannot read at all'}, 'wealth_quintile': {'reference': 'Poorest', 'reference_column': 'wealth_quintile_Poorest'}, 'residence': {'reference': 'Rural', 'reference_column': 'residence_Rural'}, 'country_admin_region': {'reference': 'nigeria::01', 'reference_column': 'country_admin_region_nigeria::01'}}"
binary_lpm,model4_preferred_lpm,wasted,nigeria,country_admin_region_nigeria::23,-0.019,0.032,-0.081,0.043,0.547,9464,1343,37,weight_original,cluster_robust_psu,True,"{'child_sex': {'reference': 'Male', 'reference_column': 'child_sex_Male'}, 'maternal_education': {'reference': 'No education', 'reference_column': 'maternal_education_No education'}, 'literacy': {'reference': 'Cannot read at all', 'reference_column': 'literacy_Cannot read at all'}, 'wealth_quintile': {'reference': 'Poorest', 'reference_column': 'wealth_quintile_Poorest'}, 'residence': {'reference': 'Rural', 'reference_column': 'residence_Rural'}, 'country_admin_region': {'reference': 'nigeria::01', 'reference_column': 'country_admin_region_nigeria::01'}}"
binary_lpm,model4_preferred_lpm,wasted,nigeria,country_admin_region_nigeria::24,-0.049,0.031,-0.109,0.011,0.112,9464,1343,37,weight_original,cluster_robust_psu,True,"{'child_sex': {'reference': 'Male', 'reference_column': 'child_sex_Male'}, 'maternal_education': {'reference': 'No education', 'reference_column': 'maternal_education_No education'}, 'literacy': {'reference': 'Cannot read at all', 'reference_column': 'literacy_Cannot read at all'}, 'wealth_quintile': {'reference': 'Poorest', 'reference_column': 'wealth_quintile_Poorest'}, 'residence': {'reference': 'Rural', 'reference_column': 'residence_Rural'}, 'country_admin_region': {'reference': 'nigeria::01', 'reference_column': 'country_admin_region_nigeria::01'}}"
binary_lpm,model4_preferred_lpm,wasted,nigeria,country_admin_region_nigeria::25,0.008,0.035,-0.061,0.077,0.822,9464,1343,37,weight_original,cluster_robust_psu,True,"{'child_sex': {'reference': 'Male', 'reference_column': 'child_sex_Male'}, 'maternal_education': {'reference': 'No education', 'reference_column': 'maternal_education_No education'}, 'literacy': {'reference': 'Cannot read at all', 'reference_column': 'literacy_Cannot read at all'}, 'wealth_quintile': {'reference': 'Poorest', 'reference_column': 'wealth_quintile_Poorest'}, 'residence': {'reference': 'Rural', 'reference_column': 'residence_Rural'}, 'country_admin_region': {'reference': 'nigeria::01', 'reference_column': 'country_admin_region_nigeria::01'}}"
binary_lpm,model4_preferred_lpm,wasted,nigeria,country_admin_region_nigeria::26,0.055,0.045,-0.033,0.142,0.224,9464,1343,37,weight_original,cluster_robust_psu,True,"{'child_sex': {'reference': 'Male', 'reference_column': 'child_sex_Male'}, 'maternal_education': {'reference': 'No education', 'reference_column': 'maternal_education_No education'}, 'literacy': {'reference': 'Cannot read at all', 'reference_column': 'literacy_Cannot read at all'}, 'wealth_quintile': {'reference': 'Poorest', 'reference_column': 'wealth_quintile_Poorest'}, 'residence': {'reference': 'Rural', 'reference_column': 'residence_Rural'}, 'country_admin_region': {'reference': 'nigeria::01', 'reference_column': 'country_admin_region_nigeria::01'}}"
binary_lpm,model4_preferred_lpm,wasted,nigeria,country_admin_region_nigeria::27,0.006,0.035,-0.063,0.075,0.861,9464,1343,37,weight_original,cluster_robust_psu,True,"{'child_sex': {'reference': 'Male', 'reference_column': 'child_sex_Male'}, 'maternal_education': {'reference': 'No education', 'reference_column': 'maternal_education_No education'}, 'literacy': {'reference': 'Cannot read at all', 'reference_column': 'literacy_Cannot read at all'}, 'wealth_quintile': {'reference': 'Poorest', 'reference_column': 'wealth_quintile_Poorest'}, 'residence': {'reference': 'Rural', 'reference_column': 'residence_Rural'}, 'country_admin_region': {'reference': 'nigeria::01', 'reference_column': 'country_admin_region_nigeria::01'}}"
binary_lpm,model4_preferred_lpm,wasted,nigeria,country_admin_region_nigeria::28,-0.032,0.034,-0.099,0.034,0.341,9464,1343,37,weight_original,cluster_robust_psu,True,"{'child_sex': {'reference': 'Male', 'reference_column': 'child_sex_Male'}, 'maternal_education': {'reference': 'No education', 'reference_column': 'maternal_education_No education'}, 'literacy': {'reference': 'Cannot read at all', 'reference_column': 'literacy_Cannot read at all'}, 'wealth_quintile': {'reference': 'Poorest', 'reference_column': 'wealth_quintile_Poorest'}, 'residence': {'reference': 'Rural', 'reference_column': 'residence_Rural'}, 'country_admin_region': {'reference': 'nigeria::01', 'reference_column': 'country_admin_region_nigeria::01'}}"
binary_lpm,model4_preferred_lpm,wasted,nigeria,country_admin_region_nigeria::29,0.073,0.037,-0.001,0.146,0.052,9464,1343,37,weight_original,cluster_robust_psu,True,"{'child_sex': {'reference': 'Male', 'reference_column': 'child_sex_Male'}, 'maternal_education': {'reference': 'No education', 'reference_column': 'maternal_education_No education'}, 'literacy': {'reference': 'Cannot read at all', 'reference_column': 'literacy_Cannot read at all'}, 'wealth_quintile': {'reference': 'Poorest', 'reference_column': 'wealth_quintile_Poorest'}, 'residence': {'reference': 'Rural', 'reference_column': 'residence_Rural'}, 'country_admin_region': {'reference': 'nigeria::01', 'reference_column': 'country_admin_region_nigeria::01'}}"
binary_lpm,model4_preferred_lpm,wasted,nigeria,country_admin_region_nigeria::30,-0.009,0.033,-0.074,0.056,0.787,9464,1343,37,weight_original,cluster_robust_psu,True,"{'child_sex': {'reference': 'Male', 'reference_column': 'child_sex_Male'}, 'maternal_education': {'reference': 'No education', 'reference_column': 'maternal_education_No education'}, 'literacy': {'reference': 'Cannot read at all', 'reference_column': 'literacy_Cannot read at all'}, 'wealth_quintile': {'reference': 'Poorest', 'reference_column': 'wealth_quintile_Poorest'}, 'residence': {'reference': 'Rural', 'reference_column': 'residence_Rural'}, 'country_admin_region': {'reference': 'nigeria::01', 'reference_column': 'country_admin_region_nigeria::01'}}"
binary_lpm,model4_preferred_lpm,wasted,nigeria,country_admin_region_nigeria::31,0.036,0.038,-0.037,0.11,0.334,9464,1343,37,weight_original,cluster_robust_psu,True,"{'child_sex': {'reference': 'Male', 'reference_column': 'child_sex_Male'}, 'maternal_education': {'reference': 'No education', 'reference_column': 'maternal_education_No education'}, 'literacy': {'reference': 'Cannot read at all', 'reference_column': 'literacy_Cannot read at all'}, 'wealth_quintile': {'reference': 'Poorest', 'reference_column': 'wealth_quintile_Poorest'}, 'residence': {'reference': 'Rural', 'reference_column': 'residence_Rural'}, 'country_admin_region': {'reference': 'nigeria::01', 'reference_column': 'country_admin_region_nigeria::01'}}"
binary_lpm,model4_preferred_lpm,wasted,nigeria,country_admin_region_nigeria::32,-0.031,0.035,-0.099,0.038,0.384,9464,1343,37,weight_original,cluster_robust_psu,True,"{'child_sex': {'reference': 'Male', 'reference_column': 'child_sex_Male'}, 'maternal_education': {'reference': 'No education', 'reference_column': 'maternal_education_No education'}, 'literacy': {'reference': 'Cannot read at all', 'reference_column': 'literacy_Cannot read at all'}, 'wealth_quintile': {'reference': 'Poorest', 'reference_column': 'wealth_quintile_Poorest'}, 'residence': {'reference': 'Rural', 'reference_column': 'residence_Rural'}, 'country_admin_region': {'reference': 'nigeria::01', 'reference_column': 'country_admin_region_nigeria::01'}}"
binary_lpm,model4_preferred_lpm,wasted,nigeria,country_admin_region_nigeria::33,-0.048,0.035,-0.117,0.021,0.173,9464,1343,37,weight_original,cluster_robust_psu,True,"{'child_sex': {'reference': 'Male', 'reference_column': 'child_sex_Male'}, 'maternal_education': {'reference': 'No education', 'reference_column': 'maternal_education_No education'}, 'literacy': {'reference': 'Cannot read at all', 'reference_column': 'literacy_Cannot read at all'}, 'wealth_quintile': {'reference': 'Poorest', 'reference_column': 'wealth_quintile_Poorest'}, 'residence': {'reference': 'Rural', 'reference_column': 'residence_Rural'}, 'country_admin_region': {'reference': 'nigeria::01', 'reference_column': 'country_admin_region_nigeria::01'}}"
binary_lpm,model4_preferred_lpm,wasted,nigeria,country_admin_region_nigeria::34,0.041,0.043,-0.043,0.125,0.34,9464,1343,37,weight_original,cluster_robust_psu,True,"{'child_sex': {'reference': 'Male', 'reference_column': 'child_sex_Male'}, 'maternal_education': {'reference': 'No education', 'reference_column': 'maternal_education_No education'}, 'literacy': {'reference': 'Cannot read at all', 'reference_column': 'literacy_Cannot read at all'}, 'wealth_quintile': {'reference': 'Poorest', 'reference_column': 'wealth_quintile_Poorest'}, 'residence': {'reference': 'Rural', 'reference_column': 'residence_Rural'}, 'country_admin_region': {'reference': 'nigeria::01', 'reference_column': 'country_admin_region_nigeria::01'}}"
binary_lpm,model4_preferred_lpm,wasted,nigeria,country_admin_region_nigeria::35,0.004,0.04,-0.074,0.083,0.911,9464,1343,37,weight_original,cluster_robust_psu,True,"{'child_sex': {'reference': 'Male', 'reference_column': 'child_sex_Male'}, 'maternal_education': {'reference': 'No education', 'reference_column': 'maternal_education_No education'}, 'literacy': {'reference': 'Cannot read at all', 'reference_column': 'literacy_Cannot read at all'}, 'wealth_quintile': {'reference': 'Poorest', 'reference_column': 'wealth_quintile_Poorest'}, 'residence': {'reference': 'Rural', 'reference_column': 'residence_Rural'}, 'country_admin_region': {'reference': 'nigeria::01', 'reference_column': 'country_admin_region_nigeria::01'}}"
binary_lpm,model4_preferred_lpm,wasted,nigeria,country_admin_region_nigeria::36,0.014,0.043,-0.071,0.099,0.75,9464,1343,37,weight_original,cluster_robust_psu,True,"{'child_sex': {'reference': 'Male', 'reference_column': 'child_sex_Male'}, 'maternal_education': {'reference': 'No education', 'reference_column': 'maternal_education_No education'}, 'literacy': {'reference': 'Cannot read at all', 'reference_column': 'literacy_Cannot read at all'}, 'wealth_quintile': {'reference': 'Poorest', 'reference_column': 'wealth_quintile_Poorest'}, 'residence': {'reference': 'Rural', 'reference_column': 'residence_Rural'}, 'country_admin_region': {'reference': 'nigeria::01', 'reference_column': 'country_admin_region_nigeria::01'}}"
binary_lpm,model4_preferred_lpm,wasted,nigeria,country_admin_region_nigeria::37,0.048,0.037,-0.024,0.121,0.193,9464,1343,37,weight_original,cluster_robust_psu,True,"{'child_sex': {'reference': 'Male', 'reference_column': 'child_sex_Male'}, 'maternal_education': {'reference': 'No education', 'reference_column': 'maternal_education_No education'}, 'literacy': {'reference': 'Cannot read at all', 'reference_column': 'literacy_Cannot read at all'}, 'wealth_quintile': {'reference': 'Poorest', 'reference_column': 'wealth_quintile_Poorest'}, 'residence': {'reference': 'Rural', 'reference_column': 'residence_Rural'}, 'country_admin_region': {'reference': 'nigeria::01', 'reference_column': 'country_admin_region_nigeria::01'}}"
binary_lpm,model4_preferred_lpm,underweight,pooled,const,0.337,0.031,0.275,0.398,0.0,37260,4434,114,model_specific_equal_total_country_weight,cluster_robust_country_psu,True,"{'child_sex': {'reference': 'Male', 'reference_column': 'child_sex_Male'}, 'maternal_education': {'reference': 'No education', 'reference_column': 'maternal_education_No education'}, 'literacy': {'reference': 'Cannot read at all', 'reference_column': 'literacy_Cannot read at all'}, 'wealth_quintile': {'reference': 'Poorest', 'reference_column': 'wealth_quintile_Poorest'}, 'residence': {'reference': 'Rural', 'reference_column': 'residence_Rural'}, 'country_admin_region': {'reference': 'ethiopia::01', 'reference_column': 'country_admin_region_ethiopia::01'}}"
binary_lpm,model4_preferred_lpm,underweight,pooled,water_rate_loo,-0.01,0.016,-0.041,0.021,0.528,37260,4434,114,model_specific_equal_total_country_weight,cluster_robust_country_psu,True,"{'child_sex': {'reference': 'Male', 'reference_column': 'child_sex_Male'}, 'maternal_education': {'reference': 'No education', 'reference_column': 'maternal_education_No education'}, 'literacy': {'reference': 'Cannot read at all', 'reference_column': 'literacy_Cannot read at all'}, 'wealth_quintile': {'reference': 'Poorest', 'reference_column': 'wealth_quintile_Poorest'}, 'residence': {'reference': 'Rural', 'reference_column': 'residence_Rural'}, 'country_admin_region': {'reference': 'ethiopia::01', 'reference_column': 'country_admin_region_ethiopia::01'}}"
binary_lpm,model4_preferred_lpm,underweight,pooled,sanitation_rate_loo_core,-0.031,0.017,-0.065,0.002,0.069,37260,4434,114,model_specific_equal_total_country_weight,cluster_robust_country_psu,True,"{'child_sex': {'reference': 'Male', 'reference_column': 'child_sex_Male'}, 'maternal_education': {'reference': 'No education', 'reference_column': 'maternal_education_No education'}, 'literacy': {'reference': 'Cannot read at all', 'reference_column': 'literacy_Cannot read at all'}, 'wealth_quintile': {'reference': 'Poorest', 'reference_column': 'wealth_quintile_Poorest'}, 'residence': {'reference': 'Rural', 'reference_column': 'residence_Rural'}, 'country_admin_region': {'reference': 'ethiopia::01', 'reference_column': 'country_admin_region_ethiopia::01'}}"
binary_lpm,model4_preferred_lpm,underweight,pooled,b19_raw,0.001,0.0,0.0,0.001,0.0,37260,4434,114,model_specific_equal_total_country_weight,cluster_robust_country_psu,True,"{'child_sex': {'reference': 'Male', 'reference_column': 'child_sex_Male'}, 'maternal_education': {'reference': 'No education', 'reference_column': 'maternal_education_No education'}, 'literacy': {'reference': 'Cannot read at all', 'reference_column': 'literacy_Cannot read at all'}, 'wealth_quintile': {'reference': 'Poorest', 'reference_column': 'wealth_quintile_Poorest'}, 'residence': {'reference': 'Rural', 'reference_column': 'residence_Rural'}, 'country_admin_region': {'reference': 'ethiopia::01', 'reference_column': 'country_admin_region_ethiopia::01'}}"
binary_lpm,model4_preferred_lpm,underweight,pooled,birth_order_raw,0.005,0.002,0.0,0.01,0.041,37260,4434,114,model_specific_equal_total_country_weight,cluster_robust_country_psu,True,"{'child_sex': {'reference': 'Male', 'reference_column': 'child_sex_Male'}, 'maternal_education': {'reference': 'No education', 'reference_column': 'maternal_education_No education'}, 'literacy': {'reference': 'Cannot read at all', 'reference_column': 'literacy_Cannot read at all'}, 'wealth_quintile': {'reference': 'Poorest', 'reference_column': 'wealth_quintile_Poorest'}, 'residence': {'reference': 'Rural', 'reference_column': 'residence_Rural'}, 'country_admin_region': {'reference': 'ethiopia::01', 'reference_column': 'country_admin_region_ethiopia::01'}}"
binary_lpm,model4_preferred_lpm,underweight,pooled,maternal_age,-0.003,0.001,-0.004,-0.002,0.0,37260,4434,114,model_specific_equal_total_country_weight,cluster_robust_country_psu,True,"{'child_sex': {'reference': 'Male', 'reference_column': 'child_sex_Male'}, 'maternal_education': {'reference': 'No education', 'reference_column': 'maternal_education_No education'}, 'literacy': {'reference': 'Cannot read at all', 'reference_column': 'literacy_Cannot read at all'}, 'wealth_quintile': {'reference': 'Poorest', 'reference_column': 'wealth_quintile_Poorest'}, 'residence': {'reference': 'Rural', 'reference_column': 'residence_Rural'}, 'country_admin_region': {'reference': 'ethiopia::01', 'reference_column': 'country_admin_region_ethiopia::01'}}"
binary_lpm,model4_preferred_lpm,underweight,pooled,household_size_raw,0.002,0.001,-0.001,0.004,0.211,37260,4434,114,model_specific_equal_total_country_weight,cluster_robust_country_psu,True,"{'child_sex': {'reference': 'Male', 'reference_column': 'child_sex_Male'}, 'maternal_education': {'reference': 'No education', 'reference_column': 'maternal_education_No education'}, 'literacy': {'reference': 'Cannot read at all', 'reference_column': 'literacy_Cannot read at all'}, 'wealth_quintile': {'reference': 'Poorest', 'reference_column': 'wealth_quintile_Poorest'}, 'residence': {'reference': 'Rural', 'reference_column': 'residence_Rural'}, 'country_admin_region': {'reference': 'ethiopia::01', 'reference_column': 'country_admin_region_ethiopia::01'}}"
binary_lpm,model4_preferred_lpm,underweight,pooled,child_sex_Female,-0.024,0.006,-0.035,-0.013,0.0,37260,4434,114,model_specific_equal_total_country_weight,cluster_robust_country_psu,True,"{'child_sex': {'reference': 'Male', 'reference_column': 'child_sex_Male'}, 'maternal_education': {'reference': 'No education', 'reference_column': 'maternal_education_No education'}, 'literacy': {'reference': 'Cannot read at all', 'reference_column': 'literacy_Cannot read at all'}, 'wealth_quintile': {'reference': 'Poorest', 'reference_column': 'wealth_quintile_Poorest'}, 'residence': {'reference': 'Rural', 'reference_column': 'residence_Rural'}, 'country_admin_region': {'reference': 'ethiopia::01', 'reference_column': 'country_admin_region_ethiopia::01'}}"
binary_lpm,model4_preferred_lpm,underweight,pooled,maternal_education_Higher,-0.037,0.017,-0.07,-0.003,0.031,37260,4434,114,model_specific_equal_total_country_weight,cluster_robust_country_psu,True,"{'child_sex': {'reference': 'Male', 'reference_column': 'child_sex_Male'}, 'maternal_education': {'reference': 'No education', 'reference_column': 'maternal_education_No education'}, 'literacy': {'reference': 'Cannot read at all', 'reference_column': 'literacy_Cannot read at all'}, 'wealth_quintile': {'reference': 'Poorest', 'reference_column': 'wealth_quintile_Poorest'}, 'residence': {'reference': 'Rural', 'reference_column': 'residence_Rural'}, 'country_admin_region': {'reference': 'ethiopia::01', 'reference_column': 'country_admin_region_ethiopia::01'}}"
binary_lpm,model4_preferred_lpm,underweight,pooled,maternal_education_Primary,-0.015,0.013,-0.041,0.012,0.272,37260,4434,114,model_specific_equal_total_country_weight,cluster_robust_country_psu,True,"{'child_sex': {'reference': 'Male', 'reference_column': 'child_sex_Male'}, 'maternal_education': {'reference': 'No education', 'reference_column': 'maternal_education_No education'}, 'literacy': {'reference': 'Cannot read at all', 'reference_column': 'literacy_Cannot read at all'}, 'wealth_quintile': {'reference': 'Poorest', 'reference_column': 'wealth_quintile_Poorest'}, 'residence': {'reference': 'Rural', 'reference_column': 'residence_Rural'}, 'country_admin_region': {'reference': 'ethiopia::01', 'reference_column': 'country_admin_region_ethiopia::01'}}"
binary_lpm,model4_preferred_lpm,underweight,pooled,maternal_education_Secondary,-0.015,0.014,-0.044,0.013,0.284,37260,4434,114,model_specific_equal_total_country_weight,cluster_robust_country_psu,True,"{'child_sex': {'reference': 'Male', 'reference_column': 'child_sex_Male'}, 'maternal_education': {'reference': 'No education', 'reference_column': 'maternal_education_No education'}, 'literacy': {'reference': 'Cannot read at all', 'reference_column': 'literacy_Cannot read at all'}, 'wealth_quintile': {'reference': 'Poorest', 'reference_column': 'wealth_quintile_Poorest'}, 'residence': {'reference': 'Rural', 'reference_column': 'residence_Rural'}, 'country_admin_region': {'reference': 'ethiopia::01', 'reference_column': 'country_admin_region_ethiopia::01'}}"
binary_lpm,model4_preferred_lpm,underweight,pooled,literacy_Able to read only parts of sentence,-0.037,0.013,-0.062,-0.011,0.005,37260,4434,114,model_specific_equal_total_country_weight,cluster_robust_country_psu,True,"{'child_sex': {'reference': 'Male', 'reference_column': 'child_sex_Male'}, 'maternal_education': {'reference': 'No education', 'reference_column': 'maternal_education_No education'}, 'literacy': {'reference': 'Cannot read at all', 'reference_column': 'literacy_Cannot read at all'}, 'wealth_quintile': {'reference': 'Poorest', 'reference_column': 'wealth_quintile_Poorest'}, 'residence': {'reference': 'Rural', 'reference_column': 'residence_Rural'}, 'country_admin_region': {'reference': 'ethiopia::01', 'reference_column': 'country_admin_region_ethiopia::01'}}"
binary_lpm,model4_preferred_lpm,underweight,pooled,literacy_Able to read whole sentence,-0.047,0.012,-0.071,-0.024,0.0,37260,4434,114,model_specific_equal_total_country_weight,cluster_robust_country_psu,True,"{'child_sex': {'reference': 'Male', 'reference_column': 'child_sex_Male'}, 'maternal_education': {'reference': 'No education', 'reference_column': 'maternal_education_No education'}, 'literacy': {'reference': 'Cannot read at all', 'reference_column': 'literacy_Cannot read at all'}, 'wealth_quintile': {'reference': 'Poorest', 'reference_column': 'wealth_quintile_Poorest'}, 'residence': {'reference': 'Rural', 'reference_column': 'residence_Rural'}, 'country_admin_region': {'reference': 'ethiopia::01', 'reference_column': 'country_admin_region_ethiopia::01'}}"
binary_lpm,model4_preferred_lpm,underweight,pooled,literacy_Blind/visually impaired,-0.067,0.075,-0.214,0.08,0.372,37260,4434,114,model_specific_equal_total_country_weight,cluster_robust_country_psu,True,"{'child_sex': {'reference': 'Male', 'reference_column': 'child_sex_Male'}, 'maternal_education': {'reference': 'No education', 'reference_column': 'maternal_education_No education'}, 'literacy': {'reference': 'Cannot read at all', 'reference_column': 'literacy_Cannot read at all'}, 'wealth_quintile': {'reference': 'Poorest', 'reference_column': 'wealth_quintile_Poorest'}, 'residence': {'reference': 'Rural', 'reference_column': 'residence_Rural'}, 'country_admin_region': {'reference': 'ethiopia::01', 'reference_column': 'country_admin_region_ethiopia::01'}}"
binary_lpm,model4_preferred_lpm,underweight,pooled,literacy_No card with required language,-0.055,0.048,-0.149,0.039,0.248,37260,4434,114,model_specific_equal_total_country_weight,cluster_robust_country_psu,True,"{'child_sex': {'reference': 'Male', 'reference_column': 'child_sex_Male'}, 'maternal_education': {'reference': 'No education', 'reference_column': 'maternal_education_No education'}, 'literacy': {'reference': 'Cannot read at all', 'reference_column': 'literacy_Cannot read at all'}, 'wealth_quintile': {'reference': 'Poorest', 'reference_column': 'wealth_quintile_Poorest'}, 'residence': {'reference': 'Rural', 'reference_column': 'residence_Rural'}, 'country_admin_region': {'reference': 'ethiopia::01', 'reference_column': 'country_admin_region_ethiopia::01'}}"
binary_lpm,model4_preferred_lpm,underweight,pooled,wealth_quintile_Middle,-0.047,0.013,-0.072,-0.022,0.0,37260,4434,114,model_specific_equal_total_country_weight,cluster_robust_country_psu,True,"{'child_sex': {'reference': 'Male', 'reference_column': 'child_sex_Male'}, 'maternal_education': {'reference': 'No education', 'reference_column': 'maternal_education_No education'}, 'literacy': {'reference': 'Cannot read at all', 'reference_column': 'literacy_Cannot read at all'}, 'wealth_quintile': {'reference': 'Poorest', 'reference_column': 'wealth_quintile_Poorest'}, 'residence': {'reference': 'Rural', 'reference_column': 'residence_Rural'}, 'country_admin_region': {'reference': 'ethiopia::01', 'reference_column': 'country_admin_region_ethiopia::01'}}"
binary_lpm,model4_preferred_lpm,underweight,pooled,wealth_quintile_Poorer,-0.023,0.012,-0.045,0.0,0.051,37260,4434,114,model_specific_equal_total_country_weight,cluster_robust_country_psu,True,"{'child_sex': {'reference': 'Male', 'reference_column': 'child_sex_Male'}, 'maternal_education': {'reference': 'No education', 'reference_column': 'maternal_education_No education'}, 'literacy': {'reference': 'Cannot read at all', 'reference_column': 'literacy_Cannot read at all'}, 'wealth_quintile': {'reference': 'Poorest', 'reference_column': 'wealth_quintile_Poorest'}, 'residence': {'reference': 'Rural', 'reference_column': 'residence_Rural'}, 'country_admin_region': {'reference': 'ethiopia::01', 'reference_column': 'country_admin_region_ethiopia::01'}}"
binary_lpm,model4_preferred_lpm,underweight,pooled,wealth_quintile_Richer,-0.054,0.015,-0.083,-0.026,0.0,37260,4434,114,model_specific_equal_total_country_weight,cluster_robust_country_psu,True,"{'child_sex': {'reference': 'Male', 'reference_column': 'child_sex_Male'}, 'maternal_education': {'reference': 'No education', 'reference_column': 'maternal_education_No education'}, 'literacy': {'reference': 'Cannot read at all', 'reference_column': 'literacy_Cannot read at all'}, 'wealth_quintile': {'reference': 'Poorest', 'reference_column': 'wealth_quintile_Poorest'}, 'residence': {'reference': 'Rural', 'reference_column': 'residence_Rural'}, 'country_admin_region': {'reference': 'ethiopia::01', 'reference_column': 'country_admin_region_ethiopia::01'}}"
binary_lpm,model4_preferred_lpm,underweight,pooled,wealth_quintile_Richest,-0.081,0.018,-0.117,-0.045,0.0,37260,4434,114,model_specific_equal_total_country_weight,cluster_robust_country_psu,True,"{'child_sex': {'reference': 'Male', 'reference_column': 'child_sex_Male'}, 'maternal_education': {'reference': 'No education', 'reference_column': 'maternal_education_No education'}, 'literacy': {'reference': 'Cannot read at all', 'reference_column': 'literacy_Cannot read at all'}, 'wealth_quintile': {'reference': 'Poorest', 'reference_column': 'wealth_quintile_Poorest'}, 'residence': {'reference': 'Rural', 'reference_column': 'residence_Rural'}, 'country_admin_region': {'reference': 'ethiopia::01', 'reference_column': 'country_admin_region_ethiopia::01'}}"
binary_lpm,model4_preferred_lpm,underweight,pooled,residence_Urban,0.03,0.01,0.011,0.049,0.002,37260,4434,114,model_specific_equal_total_country_weight,cluster_robust_country_psu,True,"{'child_sex': {'reference': 'Male', 'reference_column': 'child_sex_Male'}, 'maternal_education': {'reference': 'No education', 'reference_column': 'maternal_education_No education'}, 'literacy': {'reference': 'Cannot read at all', 'reference_column': 'literacy_Cannot read at all'}, 'wealth_quintile': {'reference': 'Poorest', 'reference_column': 'wealth_quintile_Poorest'}, 'residence': {'reference': 'Rural', 'reference_column': 'residence_Rural'}, 'country_admin_region': {'reference': 'ethiopia::01', 'reference_column': 'country_admin_region_ethiopia::01'}}"
binary_lpm,model4_preferred_lpm,underweight,pooled,country_admin_region_ethiopia::02,0.132,0.034,0.066,0.198,0.0,37260,4434,114,model_specific_equal_total_country_weight,cluster_robust_country_psu,True,"{'child_sex': {'reference': 'Male', 'reference_column': 'child_sex_Male'}, 'maternal_education': {'reference': 'No education', 'reference_column': 'maternal_education_No education'}, 'literacy': {'reference': 'Cannot read at all', 'reference_column': 'literacy_Cannot read at all'}, 'wealth_quintile': {'reference': 'Poorest', 'reference_column': 'wealth_quintile_Poorest'}, 'residence': {'reference': 'Rural', 'reference_column': 'residence_Rural'}, 'country_admin_region': {'reference': 'ethiopia::01', 'reference_column': 'country_admin_region_ethiopia::01'}}"
binary_lpm,model4_preferred_lpm,underweight,pooled,country_admin_region_ethiopia::03,0.035,0.032,-0.028,0.097,0.277,37260,4434,114,model_specific_equal_total_country_weight,cluster_robust_country_psu,True,"{'child_sex': {'reference': 'Male', 'reference_column': 'child_sex_Male'}, 'maternal_education': {'reference': 'No education', 'reference_column': 'maternal_education_No education'}, 'literacy': {'reference': 'Cannot read at all', 'reference_column': 'literacy_Cannot read at all'}, 'wealth_quintile': {'reference': 'Poorest', 'reference_column': 'wealth_quintile_Poorest'}, 'residence': {'reference': 'Rural', 'reference_column': 'residence_Rural'}, 'country_admin_region': {'reference': 'ethiopia::01', 'reference_column': 'country_admin_region_ethiopia::01'}}"
binary_lpm,model4_preferred_lpm,underweight,pooled,country_admin_region_ethiopia::04,-0.053,0.03,-0.111,0.006,0.078,37260,4434,114,model_specific_equal_total_country_weight,cluster_robust_country_psu,True,"{'child_sex': {'reference': 'Male', 'reference_column': 'child_sex_Male'}, 'maternal_education': {'reference': 'No education', 'reference_column': 'maternal_education_No education'}, 'literacy': {'reference': 'Cannot read at all', 'reference_column': 'literacy_Cannot read at all'}, 'wealth_quintile': {'reference': 'Poorest', 'reference_column': 'wealth_quintile_Poorest'}, 'residence': {'reference': 'Rural', 'reference_column': 'residence_Rural'}, 'country_admin_region': {'reference': 'ethiopia::01', 'reference_column': 'country_admin_region_ethiopia::01'}}"
binary_lpm,model4_preferred_lpm,underweight,pooled,country_admin_region_ethiopia::05,-0.006,0.032,-0.07,0.057,0.843,37260,4434,114,model_specific_equal_total_country_weight,cluster_robust_country_psu,True,"{'child_sex': {'reference': 'Male', 'reference_column': 'child_sex_Male'}, 'maternal_education': {'reference': 'No education', 'reference_column': 'maternal_education_No education'}, 'literacy': {'reference': 'Cannot read at all', 'reference_column': 'literacy_Cannot read at all'}, 'wealth_quintile': {'reference': 'Poorest', 'reference_column': 'wealth_quintile_Poorest'}, 'residence': {'reference': 'Rural', 'reference_column': 'residence_Rural'}, 'country_admin_region': {'reference': 'ethiopia::01', 'reference_column': 'country_admin_region_ethiopia::01'}}"
binary_lpm,model4_preferred_lpm,underweight,pooled,country_admin_region_ethiopia::06,0.086,0.042,0.004,0.167,0.04,37260,4434,114,model_specific_equal_total_country_weight,cluster_robust_country_psu,True,"{'child_sex': {'reference': 'Male', 'reference_column': 'child_sex_Male'}, 'maternal_education': {'reference': 'No education', 'reference_column': 'maternal_education_No education'}, 'literacy': {'reference': 'Cannot read at all', 'reference_column': 'literacy_Cannot read at all'}, 'wealth_quintile': {'reference': 'Poorest', 'reference_column': 'wealth_quintile_Poorest'}, 'residence': {'reference': 'Rural', 'reference_column': 'residence_Rural'}, 'country_admin_region': {'reference': 'ethiopia::01', 'reference_column': 'country_admin_region_ethiopia::01'}}"
binary_lpm,model4_preferred_lpm,underweight,pooled,country_admin_region_ethiopia::07,-0.065,0.031,-0.125,-0.004,0.036,37260,4434,114,model_specific_equal_total_country_weight,cluster_robust_country_psu,True,"{'child_sex': {'reference': 'Male', 'reference_column': 'child_sex_Male'}, 'maternal_education': {'reference': 'No education', 'reference_column': 'maternal_education_No education'}, 'literacy': {'reference': 'Cannot read at all', 'reference_column': 'literacy_Cannot read at all'}, 'wealth_quintile': {'reference': 'Poorest', 'reference_column': 'wealth_quintile_Poorest'}, 'residence': {'reference': 'Rural', 'reference_column': 'residence_Rural'}, 'country_admin_region': {'reference': 'ethiopia::01', 'reference_column': 'country_admin_region_ethiopia::01'}}"
binary_lpm,model4_preferred_lpm,underweight,pooled,country_admin_region_ethiopia::08,-0.042,0.027,-0.095,0.012,0.127,37260,4434,114,model_specific_equal_total_country_weight,cluster_robust_country_psu,True,"{'child_sex': {'reference': 'Male', 'reference_column': 'child_sex_Male'}, 'maternal_education': {'reference': 'No education', 'reference_column': 'maternal_education_No education'}, 'literacy': {'reference': 'Cannot read at all', 'reference_column': 'literacy_Cannot read at all'}, 'wealth_quintile': {'reference': 'Poorest', 'reference_column': 'wealth_quintile_Poorest'}, 'residence': {'reference': 'Rural', 'reference_column': 'residence_Rural'}, 'country_admin_region': {'reference': 'ethiopia::01', 'reference_column': 'country_admin_region_ethiopia::01'}}"
binary_lpm,model4_preferred_lpm,underweight,pooled,country_admin_region_ethiopia::09,-0.028,0.032,-0.09,0.035,0.383,37260,4434,114,model_specific_equal_total_country_weight,cluster_robust_country_psu,True,"{'child_sex': {'reference': 'Male', 'reference_column': 'child_sex_Male'}, 'maternal_education': {'reference': 'No education', 'reference_column': 'maternal_education_No education'}, 'literacy': {'reference': 'Cannot read at all', 'reference_column': 'literacy_Cannot read at all'}, 'wealth_quintile': {'reference': 'Poorest', 'reference_column': 'wealth_quintile_Poorest'}, 'residence': {'reference': 'Rural', 'reference_column': 'residence_Rural'}, 'country_admin_region': {'reference': 'ethiopia::01', 'reference_column': 'country_admin_region_ethiopia::01'}}"
binary_lpm,model4_preferred_lpm,underweight,pooled,country_admin_region_ethiopia::10,-0.028,0.03,-0.087,0.031,0.353,37260,4434,114,model_specific_equal_total_country_weight,cluster_robust_country_psu,True,"{'child_sex': {'reference': 'Male', 'reference_column': 'child_sex_Male'}, 'maternal_education': {'reference': 'No education', 'reference_column': 'maternal_education_No education'}, 'literacy': {'reference': 'Cannot read at all', 'reference_column': 'literacy_Cannot read at all'}, 'wealth_quintile': {'reference': 'Poorest', 'reference_column': 'wealth_quintile_Poorest'}, 'residence': {'reference': 'Rural', 'reference_column': 'residence_Rural'}, 'country_admin_region': {'reference': 'ethiopia::01', 'reference_column': 'country_admin_region_ethiopia::01'}}"
binary_lpm,model4_preferred_lpm,underweight,pooled,country_admin_region_ethiopia::12,-0.057,0.038,-0.131,0.017,0.129,37260,4434,114,model_specific_equal_total_country_weight,cluster_robust_country_psu,True,"{'child_sex': {'reference': 'Male', 'reference_column': 'child_sex_Male'}, 'maternal_education': {'reference': 'No education', 'reference_column': 'maternal_education_No education'}, 'literacy': {'reference': 'Cannot read at all', 'reference_column': 'literacy_Cannot read at all'}, 'wealth_quintile': {'reference': 'Poorest', 'reference_column': 'wealth_quintile_Poorest'}, 'residence': {'reference': 'Rural', 'reference_column': 'residence_Rural'}, 'country_admin_region': {'reference': 'ethiopia::01', 'reference_column': 'country_admin_region_ethiopia::01'}}"
binary_lpm,model4_preferred_lpm,underweight,pooled,country_admin_region_ethiopia::13,-0.03,0.033,-0.095,0.035,0.371,37260,4434,114,model_specific_equal_total_country_weight,cluster_robust_country_psu,True,"{'child_sex': {'reference': 'Male', 'reference_column': 'child_sex_Male'}, 'maternal_education': {'reference': 'No education', 'reference_column': 'maternal_education_No education'}, 'literacy': {'reference': 'Cannot read at all', 'reference_column': 'literacy_Cannot read at all'}, 'wealth_quintile': {'reference': 'Poorest', 'reference_column': 'wealth_quintile_Poorest'}, 'residence': {'reference': 'Rural', 'reference_column': 'residence_Rural'}, 'country_admin_region': {'reference': 'ethiopia::01', 'reference_column': 'country_admin_region_ethiopia::01'}}"
binary_lpm,model4_preferred_lpm,underweight,pooled,country_admin_region_ethiopia::14,-0.059,0.032,-0.122,0.003,0.063,37260,4434,114,model_specific_equal_total_country_weight,cluster_robust_country_psu,True,"{'child_sex': {'reference': 'Male', 'reference_column': 'child_sex_Male'}, 'maternal_education': {'reference': 'No education', 'reference_column': 'maternal_education_No education'}, 'literacy': {'reference': 'Cannot read at all', 'reference_column': 'literacy_Cannot read at all'}, 'wealth_quintile': {'reference': 'Poorest', 'reference_column': 'wealth_quintile_Poorest'}, 'residence': {'reference': 'Rural', 'reference_column': 'residence_Rural'}, 'country_admin_region': {'reference': 'ethiopia::01', 'reference_column': 'country_admin_region_ethiopia::01'}}"
binary_lpm,model4_preferred_lpm,underweight,pooled,country_admin_region_ethiopia::15,0.012,0.036,-0.058,0.082,0.741,37260,4434,114,model_specific_equal_total_country_weight,cluster_robust_country_psu,True,"{'child_sex': {'reference': 'Male', 'reference_column': 'child_sex_Male'}, 'maternal_education': {'reference': 'No education', 'reference_column': 'maternal_education_No education'}, 'literacy': {'reference': 'Cannot read at all', 'reference_column': 'literacy_Cannot read at all'}, 'wealth_quintile': {'reference': 'Poorest', 'reference_column': 'wealth_quintile_Poorest'}, 'residence': {'reference': 'Rural', 'reference_column': 'residence_Rural'}, 'country_admin_region': {'reference': 'ethiopia::01', 'reference_column': 'country_admin_region_ethiopia::01'}}"
binary_lpm,model4_preferred_lpm,underweight,pooled,country_admin_region_ghana::01,-0.071,0.032,-0.135,-0.008,0.027,37260,4434,114,model_specific_equal_total_country_weight,cluster_robust_country_psu,True,"{'child_sex': {'reference': 'Male', 'reference_column': 'child_sex_Male'}, 'maternal_education': {'reference': 'No education', 'reference_column': 'maternal_education_No education'}, 'literacy': {'reference': 'Cannot read at all', 'reference_column': 'literacy_Cannot read at all'}, 'wealth_quintile': {'reference': 'Poorest', 'reference_column': 'wealth_quintile_Poorest'}, 'residence': {'reference': 'Rural', 'reference_column': 'residence_Rural'}, 'country_admin_region': {'reference': 'ethiopia::01', 'reference_column': 'country_admin_region_ethiopia::01'}}"
binary_lpm,model4_preferred_lpm,underweight,pooled,country_admin_region_ghana::02,-0.052,0.033,-0.117,0.013,0.119,37260,4434,114,model_specific_equal_total_country_weight,cluster_robust_country_psu,True,"{'child_sex': {'reference': 'Male', 'reference_column': 'child_sex_Male'}, 'maternal_education': {'reference': 'No education', 'reference_column': 'maternal_education_No education'}, 'literacy': {'reference': 'Cannot read at all', 'reference_column': 'literacy_Cannot read at all'}, 'wealth_quintile': {'reference': 'Poorest', 'reference_column': 'wealth_quintile_Poorest'}, 'residence': {'reference': 'Rural', 'reference_column': 'residence_Rural'}, 'country_admin_region': {'reference': 'ethiopia::01', 'reference_column': 'country_admin_region_ethiopia::01'}}"
binary_lpm,model4_preferred_lpm,underweight,pooled,country_admin_region_ghana::03,-0.054,0.036,-0.124,0.016,0.128,37260,4434,114,model_specific_equal_total_country_weight,cluster_robust_country_psu,True,"{'child_sex': {'reference': 'Male', 'reference_column': 'child_sex_Male'}, 'maternal_education': {'reference': 'No education', 'reference_column': 'maternal_education_No education'}, 'literacy': {'reference': 'Cannot read at all', 'reference_column': 'literacy_Cannot read at all'}, 'wealth_quintile': {'reference': 'Poorest', 'reference_column': 'wealth_quintile_Poorest'}, 'residence': {'reference': 'Rural', 'reference_column': 'residence_Rural'}, 'country_admin_region': {'reference': 'ethiopia::01', 'reference_column': 'country_admin_region_ethiopia::01'}}"
binary_lpm,model4_preferred_lpm,underweight,pooled,country_admin_region_ghana::04,-0.019,0.033,-0.084,0.046,0.569,37260,4434,114,model_specific_equal_total_country_weight,cluster_robust_country_psu,True,"{'child_sex': {'reference': 'Male', 'reference_column': 'child_sex_Male'}, 'maternal_education': {'reference': 'No education', 'reference_column': 'maternal_education_No education'}, 'literacy': {'reference': 'Cannot read at all', 'reference_column': 'literacy_Cannot read at all'}, 'wealth_quintile': {'reference': 'Poorest', 'reference_column': 'wealth_quintile_Poorest'}, 'residence': {'reference': 'Rural', 'reference_column': 'residence_Rural'}, 'country_admin_region': {'reference': 'ethiopia::01', 'reference_column': 'country_admin_region_ethiopia::01'}}"
binary_lpm,model4_preferred_lpm,underweight,pooled,country_admin_region_ghana::05,-0.055,0.036,-0.125,0.015,0.127,37260,4434,114,model_specific_equal_total_country_weight,cluster_robust_country_psu,True,"{'child_sex': {'reference': 'Male', 'reference_column': 'child_sex_Male'}, 'maternal_education': {'reference': 'No education', 'reference_column': 'maternal_education_No education'}, 'literacy': {'reference': 'Cannot read at all', 'reference_column': 'literacy_Cannot read at all'}, 'wealth_quintile': {'reference': 'Poorest', 'reference_column': 'wealth_quintile_Poorest'}, 'residence': {'reference': 'Rural', 'reference_column': 'residence_Rural'}, 'country_admin_region': {'reference': 'ethiopia::01', 'reference_column': 'country_admin_region_ethiopia::01'}}"
binary_lpm,model4_preferred_lpm,underweight,pooled,country_admin_region_ghana::06,-0.062,0.029,-0.119,-0.005,0.033,37260,4434,114,model_specific_equal_total_country_weight,cluster_robust_country_psu,True,"{'child_sex': {'reference': 'Male', 'reference_column': 'child_sex_Male'}, 'maternal_education': {'reference': 'No education', 'reference_column': 'maternal_education_No education'}, 'literacy': {'reference': 'Cannot read at all', 'reference_column': 'literacy_Cannot read at all'}, 'wealth_quintile': {'reference': 'Poorest', 'reference_column': 'wealth_quintile_Poorest'}, 'residence': {'reference': 'Rural', 'reference_column': 'residence_Rural'}, 'country_admin_region': {'reference': 'ethiopia::01', 'reference_column': 'country_admin_region_ethiopia::01'}}"
binary_lpm,model4_preferred_lpm,underweight,pooled,country_admin_region_ghana::07,-0.129,0.033,-0.193,-0.066,0.0,37260,4434,114,model_specific_equal_total_country_weight,cluster_robust_country_psu,True,"{'child_sex': {'reference': 'Male', 'reference_column': 'child_sex_Male'}, 'maternal_education': {'reference': 'No education', 'reference_column': 'maternal_education_No education'}, 'literacy': {'reference': 'Cannot read at all', 'reference_column': 'literacy_Cannot read at all'}, 'wealth_quintile': {'reference': 'Poorest', 'reference_column': 'wealth_quintile_Poorest'}, 'residence': {'reference': 'Rural', 'reference_column': 'residence_Rural'}, 'country_admin_region': {'reference': 'ethiopia::01', 'reference_column': 'country_admin_region_ethiopia::01'}}"
binary_lpm,model4_preferred_lpm,underweight,pooled,country_admin_region_ghana::08,-0.135,0.029,-0.191,-0.078,0.0,37260,4434,114,model_specific_equal_total_country_weight,cluster_robust_country_psu,True,"{'child_sex': {'reference': 'Male', 'reference_column': 'child_sex_Male'}, 'maternal_education': {'reference': 'No education', 'reference_column': 'maternal_education_No education'}, 'literacy': {'reference': 'Cannot read at all', 'reference_column': 'literacy_Cannot read at all'}, 'wealth_quintile': {'reference': 'Poorest', 'reference_column': 'wealth_quintile_Poorest'}, 'residence': {'reference': 'Rural', 'reference_column': 'residence_Rural'}, 'country_admin_region': {'reference': 'ethiopia::01', 'reference_column': 'country_admin_region_ethiopia::01'}}"
binary_lpm,model4_preferred_lpm,underweight,pooled,country_admin_region_ghana::09,-0.082,0.033,-0.147,-0.016,0.015,37260,4434,114,model_specific_equal_total_country_weight,cluster_robust_country_psu,True,"{'child_sex': {'reference': 'Male', 'reference_column': 'child_sex_Male'}, 'maternal_education': {'reference': 'No education', 'reference_column': 'maternal_education_No education'}, 'literacy': {'reference': 'Cannot read at all', 'reference_column': 'literacy_Cannot read at all'}, 'wealth_quintile': {'reference': 'Poorest', 'reference_column': 'wealth_quintile_Poorest'}, 'residence': {'reference': 'Rural', 'reference_column': 'residence_Rural'}, 'country_admin_region': {'reference': 'ethiopia::01', 'reference_column': 'country_admin_region_ethiopia::01'}}"
binary_lpm,model4_preferred_lpm,underweight,pooled,country_admin_region_ghana::10,-0.1,0.031,-0.16,-0.04,0.001,37260,4434,114,model_specific_equal_total_country_weight,cluster_robust_country_psu,True,"{'child_sex': {'reference': 'Male', 'reference_column': 'child_sex_Male'}, 'maternal_education': {'reference': 'No education', 'reference_column': 'maternal_education_No education'}, 'literacy': {'reference': 'Cannot read at all', 'reference_column': 'literacy_Cannot read at all'}, 'wealth_quintile': {'reference': 'Poorest', 'reference_column': 'wealth_quintile_Poorest'}, 'residence': {'reference': 'Rural', 'reference_column': 'residence_Rural'}, 'country_admin_region': {'reference': 'ethiopia::01', 'reference_column': 'country_admin_region_ethiopia::01'}}"
binary_lpm,model4_preferred_lpm,underweight,pooled,country_admin_region_ghana::11,-0.073,0.037,-0.147,-0.0,0.049,37260,4434,114,model_specific_equal_total_country_weight,cluster_robust_country_psu,True,"{'child_sex': {'reference': 'Male', 'reference_column': 'child_sex_Male'}, 'maternal_education': {'reference': 'No education', 'reference_column': 'maternal_education_No education'}, 'literacy': {'reference': 'Cannot read at all', 'reference_column': 'literacy_Cannot read at all'}, 'wealth_quintile': {'reference': 'Poorest', 'reference_column': 'wealth_quintile_Poorest'}, 'residence': {'reference': 'Rural', 'reference_column': 'residence_Rural'}, 'country_admin_region': {'reference': 'ethiopia::01', 'reference_column': 'country_admin_region_ethiopia::01'}}"
binary_lpm,model4_preferred_lpm,underweight,pooled,country_admin_region_ghana::12,-0.054,0.032,-0.117,0.009,0.091,37260,4434,114,model_specific_equal_total_country_weight,cluster_robust_country_psu,True,"{'child_sex': {'reference': 'Male', 'reference_column': 'child_sex_Male'}, 'maternal_education': {'reference': 'No education', 'reference_column': 'maternal_education_No education'}, 'literacy': {'reference': 'Cannot read at all', 'reference_column': 'literacy_Cannot read at all'}, 'wealth_quintile': {'reference': 'Poorest', 'reference_column': 'wealth_quintile_Poorest'}, 'residence': {'reference': 'Rural', 'reference_column': 'residence_Rural'}, 'country_admin_region': {'reference': 'ethiopia::01', 'reference_column': 'country_admin_region_ethiopia::01'}}"
binary_lpm,model4_preferred_lpm,underweight,pooled,country_admin_region_ghana::13,-0.103,0.04,-0.181,-0.024,0.011,37260,4434,114,model_specific_equal_total_country_weight,cluster_robust_country_psu,True,"{'child_sex': {'reference': 'Male', 'reference_column': 'child_sex_Male'}, 'maternal_education': {'reference': 'No education', 'reference_column': 'maternal_education_No education'}, 'literacy': {'reference': 'Cannot read at all', 'reference_column': 'literacy_Cannot read at all'}, 'wealth_quintile': {'reference': 'Poorest', 'reference_column': 'wealth_quintile_Poorest'}, 'residence': {'reference': 'Rural', 'reference_column': 'residence_Rural'}, 'country_admin_region': {'reference': 'ethiopia::01', 'reference_column': 'country_admin_region_ethiopia::01'}}"
binary_lpm,model4_preferred_lpm,underweight,pooled,country_admin_region_ghana::14,-0.041,0.036,-0.111,0.028,0.245,37260,4434,114,model_specific_equal_total_country_weight,cluster_robust_country_psu,True,"{'child_sex': {'reference': 'Male', 'reference_column': 'child_sex_Male'}, 'maternal_education': {'reference': 'No education', 'reference_column': 'maternal_education_No education'}, 'literacy': {'reference': 'Cannot read at all', 'reference_column': 'literacy_Cannot read at all'}, 'wealth_quintile': {'reference': 'Poorest', 'reference_column': 'wealth_quintile_Poorest'}, 'residence': {'reference': 'Rural', 'reference_column': 'residence_Rural'}, 'country_admin_region': {'reference': 'ethiopia::01', 'reference_column': 'country_admin_region_ethiopia::01'}}"
binary_lpm,model4_preferred_lpm,underweight,pooled,country_admin_region_ghana::15,-0.085,0.031,-0.146,-0.023,0.007,37260,4434,114,model_specific_equal_total_country_weight,cluster_robust_country_psu,True,"{'child_sex': {'reference': 'Male', 'reference_column': 'child_sex_Male'}, 'maternal_education': {'reference': 'No education', 'reference_column': 'maternal_education_No education'}, 'literacy': {'reference': 'Cannot read at all', 'reference_column': 'literacy_Cannot read at all'}, 'wealth_quintile': {'reference': 'Poorest', 'reference_column': 'wealth_quintile_Poorest'}, 'residence': {'reference': 'Rural', 'reference_column': 'residence_Rural'}, 'country_admin_region': {'reference': 'ethiopia::01', 'reference_column': 'country_admin_region_ethiopia::01'}}"
binary_lpm,model4_preferred_lpm,underweight,pooled,country_admin_region_ghana::16,-0.101,0.029,-0.159,-0.044,0.001,37260,4434,114,model_specific_equal_total_country_weight,cluster_robust_country_psu,True,"{'child_sex': {'reference': 'Male', 'reference_column': 'child_sex_Male'}, 'maternal_education': {'reference': 'No education', 'reference_column': 'maternal_education_No education'}, 'literacy': {'reference': 'Cannot read at all', 'reference_column': 'literacy_Cannot read at all'}, 'wealth_quintile': {'reference': 'Poorest', 'reference_column': 'wealth_quintile_Poorest'}, 'residence': {'reference': 'Rural', 'reference_column': 'residence_Rural'}, 'country_admin_region': {'reference': 'ethiopia::01', 'reference_column': 'country_admin_region_ethiopia::01'}}"
binary_lpm,model4_preferred_lpm,underweight,pooled,country_admin_region_kenya::01,-0.045,0.028,-0.1,0.011,0.115,37260,4434,114,model_specific_equal_total_country_weight,cluster_robust_country_psu,True,"{'child_sex': {'reference': 'Male', 'reference_column': 'child_sex_Male'}, 'maternal_education': {'reference': 'No education', 'reference_column': 'maternal_education_No education'}, 'literacy': {'reference': 'Cannot read at all', 'reference_column': 'literacy_Cannot read at all'}, 'wealth_quintile': {'reference': 'Poorest', 'reference_column': 'wealth_quintile_Poorest'}, 'residence': {'reference': 'Rural', 'reference_column': 'residence_Rural'}, 'country_admin_region': {'reference': 'ethiopia::01', 'reference_column': 'country_admin_region_ethiopia::01'}}"
binary_lpm,model4_preferred_lpm,underweight,pooled,country_admin_region_kenya::02,-0.095,0.034,-0.16,-0.029,0.005,37260,4434,114,model_specific_equal_total_country_weight,cluster_robust_country_psu,True,"{'child_sex': {'reference': 'Male', 'reference_column': 'child_sex_Male'}, 'maternal_education': {'reference': 'No education', 'reference_column': 'maternal_education_No education'}, 'literacy': {'reference': 'Cannot read at all', 'reference_column': 'literacy_Cannot read at all'}, 'wealth_quintile': {'reference': 'Poorest', 'reference_column': 'wealth_quintile_Poorest'}, 'residence': {'reference': 'Rural', 'reference_column': 'residence_Rural'}, 'country_admin_region': {'reference': 'ethiopia::01', 'reference_column': 'country_admin_region_ethiopia::01'}}"
binary_lpm,model4_preferred_lpm,underweight,pooled,country_admin_region_kenya::03,-0.003,0.034,-0.071,0.064,0.926,37260,4434,114,model_specific_equal_total_country_weight,cluster_robust_country_psu,True,"{'child_sex': {'reference': 'Male', 'reference_column': 'child_sex_Male'}, 'maternal_education': {'reference': 'No education', 'reference_column': 'maternal_education_No education'}, 'literacy': {'reference': 'Cannot read at all', 'reference_column': 'literacy_Cannot read at all'}, 'wealth_quintile': {'reference': 'Poorest', 'reference_column': 'wealth_quintile_Poorest'}, 'residence': {'reference': 'Rural', 'reference_column': 'residence_Rural'}, 'country_admin_region': {'reference': 'ethiopia::01', 'reference_column': 'country_admin_region_ethiopia::01'}}"
binary_lpm,model4_preferred_lpm,underweight,pooled,country_admin_region_kenya::04,-0.082,0.029,-0.139,-0.024,0.006,37260,4434,114,model_specific_equal_total_country_weight,cluster_robust_country_psu,True,"{'child_sex': {'reference': 'Male', 'reference_column': 'child_sex_Male'}, 'maternal_education': {'reference': 'No education', 'reference_column': 'maternal_education_No education'}, 'literacy': {'reference': 'Cannot read at all', 'reference_column': 'literacy_Cannot read at all'}, 'wealth_quintile': {'reference': 'Poorest', 'reference_column': 'wealth_quintile_Poorest'}, 'residence': {'reference': 'Rural', 'reference_column': 'residence_Rural'}, 'country_admin_region': {'reference': 'ethiopia::01', 'reference_column': 'country_admin_region_ethiopia::01'}}"
binary_lpm,model4_preferred_lpm,underweight,pooled,country_admin_region_kenya::05,-0.072,0.029,-0.129,-0.015,0.013,37260,4434,114,model_specific_equal_total_country_weight,cluster_robust_country_psu,True,"{'child_sex': {'reference': 'Male', 'reference_column': 'child_sex_Male'}, 'maternal_education': {'reference': 'No education', 'reference_column': 'maternal_education_No education'}, 'literacy': {'reference': 'Cannot read at all', 'reference_column': 'literacy_Cannot read at all'}, 'wealth_quintile': {'reference': 'Poorest', 'reference_column': 'wealth_quintile_Poorest'}, 'residence': {'reference': 'Rural', 'reference_column': 'residence_Rural'}, 'country_admin_region': {'reference': 'ethiopia::01', 'reference_column': 'country_admin_region_ethiopia::01'}}"
binary_lpm,model4_preferred_lpm,underweight,pooled,country_admin_region_kenya::06,-0.032,0.03,-0.091,0.027,0.281,37260,4434,114,model_specific_equal_total_country_weight,cluster_robust_country_psu,True,"{'child_sex': {'reference': 'Male', 'reference_column': 'child_sex_Male'}, 'maternal_education': {'reference': 'No education', 'reference_column': 'maternal_education_No education'}, 'literacy': {'reference': 'Cannot read at all', 'reference_column': 'literacy_Cannot read at all'}, 'wealth_quintile': {'reference': 'Poorest', 'reference_column': 'wealth_quintile_Poorest'}, 'residence': {'reference': 'Rural', 'reference_column': 'residence_Rural'}, 'country_admin_region': {'reference': 'ethiopia::01', 'reference_column': 'country_admin_region_ethiopia::01'}}"
binary_lpm,model4_preferred_lpm,underweight,pooled,country_admin_region_kenya::07,-0.073,0.036,-0.145,-0.002,0.044,37260,4434,114,model_specific_equal_total_country_weight,cluster_robust_country_psu,True,"{'child_sex': {'reference': 'Male', 'reference_column': 'child_sex_Male'}, 'maternal_education': {'reference': 'No education', 'reference_column': 'maternal_education_No education'}, 'literacy': {'reference': 'Cannot read at all', 'reference_column': 'literacy_Cannot read at all'}, 'wealth_quintile': {'reference': 'Poorest', 'reference_column': 'wealth_quintile_Poorest'}, 'residence': {'reference': 'Rural', 'reference_column': 'residence_Rural'}, 'country_admin_region': {'reference': 'ethiopia::01', 'reference_column': 'country_admin_region_ethiopia::01'}}"
binary_lpm,model4_preferred_lpm,underweight,pooled,country_admin_region_kenya::08,-0.099,0.031,-0.16,-0.037,0.002,37260,4434,114,model_specific_equal_total_country_weight,cluster_robust_country_psu,True,"{'child_sex': {'reference': 'Male', 'reference_column': 'child_sex_Male'}, 'maternal_education': {'reference': 'No education', 'reference_column': 'maternal_education_No education'}, 'literacy': {'reference': 'Cannot read at all', 'reference_column': 'literacy_Cannot read at all'}, 'wealth_quintile': {'reference': 'Poorest', 'reference_column': 'wealth_quintile_Poorest'}, 'residence': {'reference': 'Rural', 'reference_column': 'residence_Rural'}, 'country_admin_region': {'reference': 'ethiopia::01', 'reference_column': 'country_admin_region_ethiopia::01'}}"
binary_lpm,model4_preferred_lpm,underweight,pooled,country_admin_region_kenya::09,-0.031,0.031,-0.092,0.03,0.322,37260,4434,114,model_specific_equal_total_country_weight,cluster_robust_country_psu,True,"{'child_sex': {'reference': 'Male', 'reference_column': 'child_sex_Male'}, 'maternal_education': {'reference': 'No education', 'reference_column': 'maternal_education_No education'}, 'literacy': {'reference': 'Cannot read at all', 'reference_column': 'literacy_Cannot read at all'}, 'wealth_quintile': {'reference': 'Poorest', 'reference_column': 'wealth_quintile_Poorest'}, 'residence': {'reference': 'Rural', 'reference_column': 'residence_Rural'}, 'country_admin_region': {'reference': 'ethiopia::01', 'reference_column': 'country_admin_region_ethiopia::01'}}"
binary_lpm,model4_preferred_lpm,underweight,pooled,country_admin_region_kenya::10,0.024,0.04,-0.055,0.103,0.551,37260,4434,114,model_specific_equal_total_country_weight,cluster_robust_country_psu,True,"{'child_sex': {'reference': 'Male', 'reference_column': 'child_sex_Male'}, 'maternal_education': {'reference': 'No education', 'reference_column': 'maternal_education_No education'}, 'literacy': {'reference': 'Cannot read at all', 'reference_column': 'literacy_Cannot read at all'}, 'wealth_quintile': {'reference': 'Poorest', 'reference_column': 'wealth_quintile_Poorest'}, 'residence': {'reference': 'Rural', 'reference_column': 'residence_Rural'}, 'country_admin_region': {'reference': 'ethiopia::01', 'reference_column': 'country_admin_region_ethiopia::01'}}"
binary_lpm,model4_preferred_lpm,underweight,pooled,country_admin_region_kenya::11,-0.102,0.029,-0.16,-0.045,0.0,37260,4434,114,model_specific_equal_total_country_weight,cluster_robust_country_psu,True,"{'child_sex': {'reference': 'Male', 'reference_column': 'child_sex_Male'}, 'maternal_education': {'reference': 'No education', 'reference_column': 'maternal_education_No education'}, 'literacy': {'reference': 'Cannot read at all', 'reference_column': 'literacy_Cannot read at all'}, 'wealth_quintile': {'reference': 'Poorest', 'reference_column': 'wealth_quintile_Poorest'}, 'residence': {'reference': 'Rural', 'reference_column': 'residence_Rural'}, 'country_admin_region': {'reference': 'ethiopia::01', 'reference_column': 'country_admin_region_ethiopia::01'}}"
binary_lpm,model4_preferred_lpm,underweight,pooled,country_admin_region_kenya::12,-0.044,0.043,-0.127,0.04,0.31,37260,4434,114,model_specific_equal_total_country_weight,cluster_robust_country_psu,True,"{'child_sex': {'reference': 'Male', 'reference_column': 'child_sex_Male'}, 'maternal_education': {'reference': 'No education', 'reference_column': 'maternal_education_No education'}, 'literacy': {'reference': 'Cannot read at all', 'reference_column': 'literacy_Cannot read at all'}, 'wealth_quintile': {'reference': 'Poorest', 'reference_column': 'wealth_quintile_Poorest'}, 'residence': {'reference': 'Rural', 'reference_column': 'residence_Rural'}, 'country_admin_region': {'reference': 'ethiopia::01', 'reference_column': 'country_admin_region_ethiopia::01'}}"
binary_lpm,model4_preferred_lpm,underweight,pooled,country_admin_region_kenya::13,-0.078,0.032,-0.141,-0.015,0.016,37260,4434,114,model_specific_equal_total_country_weight,cluster_robust_country_psu,True,"{'child_sex': {'reference': 'Male', 'reference_column': 'child_sex_Male'}, 'maternal_education': {'reference': 'No education', 'reference_column': 'maternal_education_No education'}, 'literacy': {'reference': 'Cannot read at all', 'reference_column': 'literacy_Cannot read at all'}, 'wealth_quintile': {'reference': 'Poorest', 'reference_column': 'wealth_quintile_Poorest'}, 'residence': {'reference': 'Rural', 'reference_column': 'residence_Rural'}, 'country_admin_region': {'reference': 'ethiopia::01', 'reference_column': 'country_admin_region_ethiopia::01'}}"
binary_lpm,model4_preferred_lpm,underweight,pooled,country_admin_region_kenya::14,-0.031,0.036,-0.101,0.04,0.393,37260,4434,114,model_specific_equal_total_country_weight,cluster_robust_country_psu,True,"{'child_sex': {'reference': 'Male', 'reference_column': 'child_sex_Male'}, 'maternal_education': {'reference': 'No education', 'reference_column': 'maternal_education_No education'}, 'literacy': {'reference': 'Cannot read at all', 'reference_column': 'literacy_Cannot read at all'}, 'wealth_quintile': {'reference': 'Poorest', 'reference_column': 'wealth_quintile_Poorest'}, 'residence': {'reference': 'Rural', 'reference_column': 'residence_Rural'}, 'country_admin_region': {'reference': 'ethiopia::01', 'reference_column': 'country_admin_region_ethiopia::01'}}"
binary_lpm,model4_preferred_lpm,underweight,pooled,country_admin_region_kenya::15,-0.067,0.035,-0.135,0.002,0.058,37260,4434,114,model_specific_equal_total_country_weight,cluster_robust_country_psu,True,"{'child_sex': {'reference': 'Male', 'reference_column': 'child_sex_Male'}, 'maternal_education': {'reference': 'No education', 'reference_column': 'maternal_education_No education'}, 'literacy': {'reference': 'Cannot read at all', 'reference_column': 'literacy_Cannot read at all'}, 'wealth_quintile': {'reference': 'Poorest', 'reference_column': 'wealth_quintile_Poorest'}, 'residence': {'reference': 'Rural', 'reference_column': 'residence_Rural'}, 'country_admin_region': {'reference': 'ethiopia::01', 'reference_column': 'country_admin_region_ethiopia::01'}}"
binary_lpm,model4_preferred_lpm,underweight,pooled,country_admin_region_kenya::16,-0.069,0.031,-0.128,-0.009,0.025,37260,4434,114,model_specific_equal_total_country_weight,cluster_robust_country_psu,True,"{'child_sex': {'reference': 'Male', 'reference_column': 'child_sex_Male'}, 'maternal_education': {'reference': 'No education', 'reference_column': 'maternal_education_No education'}, 'literacy': {'reference': 'Cannot read at all', 'reference_column': 'literacy_Cannot read at all'}, 'wealth_quintile': {'reference': 'Poorest', 'reference_column': 'wealth_quintile_Poorest'}, 'residence': {'reference': 'Rural', 'reference_column': 'residence_Rural'}, 'country_admin_region': {'reference': 'ethiopia::01', 'reference_column': 'country_admin_region_ethiopia::01'}}"
binary_lpm,model4_preferred_lpm,underweight,pooled,country_admin_region_kenya::17,-0.061,0.036,-0.132,0.01,0.091,37260,4434,114,model_specific_equal_total_country_weight,cluster_robust_country_psu,True,"{'child_sex': {'reference': 'Male', 'reference_column': 'child_sex_Male'}, 'maternal_education': {'reference': 'No education', 'reference_column': 'maternal_education_No education'}, 'literacy': {'reference': 'Cannot read at all', 'reference_column': 'literacy_Cannot read at all'}, 'wealth_quintile': {'reference': 'Poorest', 'reference_column': 'wealth_quintile_Poorest'}, 'residence': {'reference': 'Rural', 'reference_column': 'residence_Rural'}, 'country_admin_region': {'reference': 'ethiopia::01', 'reference_column': 'country_admin_region_ethiopia::01'}}"
binary_lpm,model4_preferred_lpm,underweight,pooled,country_admin_region_kenya::18,-0.101,0.026,-0.152,-0.049,0.0,37260,4434,114,model_specific_equal_total_country_weight,cluster_robust_country_psu,True,"{'child_sex': {'reference': 'Male', 'reference_column': 'child_sex_Male'}, 'maternal_education': {'reference': 'No education', 'reference_column': 'maternal_education_No education'}, 'literacy': {'reference': 'Cannot read at all', 'reference_column': 'literacy_Cannot read at all'}, 'wealth_quintile': {'reference': 'Poorest', 'reference_column': 'wealth_quintile_Poorest'}, 'residence': {'reference': 'Rural', 'reference_column': 'residence_Rural'}, 'country_admin_region': {'reference': 'ethiopia::01', 'reference_column': 'country_admin_region_ethiopia::01'}}"
binary_lpm,model4_preferred_lpm,underweight,pooled,country_admin_region_kenya::19,-0.085,0.029,-0.141,-0.028,0.003,37260,4434,114,model_specific_equal_total_country_weight,cluster_robust_country_psu,True,"{'child_sex': {'reference': 'Male', 'reference_column': 'child_sex_Male'}, 'maternal_education': {'reference': 'No education', 'reference_column': 'maternal_education_No education'}, 'literacy': {'reference': 'Cannot read at all', 'reference_column': 'literacy_Cannot read at all'}, 'wealth_quintile': {'reference': 'Poorest', 'reference_column': 'wealth_quintile_Poorest'}, 'residence': {'reference': 'Rural', 'reference_column': 'residence_Rural'}, 'country_admin_region': {'reference': 'ethiopia::01', 'reference_column': 'country_admin_region_ethiopia::01'}}"
binary_lpm,model4_preferred_lpm,underweight,pooled,country_admin_region_kenya::20,-0.068,0.029,-0.125,-0.012,0.017,37260,4434,114,model_specific_equal_total_country_weight,cluster_robust_country_psu,True,"{'child_sex': {'reference': 'Male', 'reference_column': 'child_sex_Male'}, 'maternal_education': {'reference': 'No education', 'reference_column': 'maternal_education_No education'}, 'literacy': {'reference': 'Cannot read at all', 'reference_column': 'literacy_Cannot read at all'}, 'wealth_quintile': {'reference': 'Poorest', 'reference_column': 'wealth_quintile_Poorest'}, 'residence': {'reference': 'Rural', 'reference_column': 'residence_Rural'}, 'country_admin_region': {'reference': 'ethiopia::01', 'reference_column': 'country_admin_region_ethiopia::01'}}"
binary_lpm,model4_preferred_lpm,underweight,pooled,country_admin_region_kenya::21,-0.092,0.03,-0.151,-0.032,0.002,37260,4434,114,model_specific_equal_total_country_weight,cluster_robust_country_psu,True,"{'child_sex': {'reference': 'Male', 'reference_column': 'child_sex_Male'}, 'maternal_education': {'reference': 'No education', 'reference_column': 'maternal_education_No education'}, 'literacy': {'reference': 'Cannot read at all', 'reference_column': 'literacy_Cannot read at all'}, 'wealth_quintile': {'reference': 'Poorest', 'reference_column': 'wealth_quintile_Poorest'}, 'residence': {'reference': 'Rural', 'reference_column': 'residence_Rural'}, 'country_admin_region': {'reference': 'ethiopia::01', 'reference_column': 'country_admin_region_ethiopia::01'}}"
binary_lpm,model4_preferred_lpm,underweight,pooled,country_admin_region_kenya::22,-0.067,0.03,-0.125,-0.009,0.024,37260,4434,114,model_specific_equal_total_country_weight,cluster_robust_country_psu,True,"{'child_sex': {'reference': 'Male', 'reference_column': 'child_sex_Male'}, 'maternal_education': {'reference': 'No education', 'reference_column': 'maternal_education_No education'}, 'literacy': {'reference': 'Cannot read at all', 'reference_column': 'literacy_Cannot read at all'}, 'wealth_quintile': {'reference': 'Poorest', 'reference_column': 'wealth_quintile_Poorest'}, 'residence': {'reference': 'Rural', 'reference_column': 'residence_Rural'}, 'country_admin_region': {'reference': 'ethiopia::01', 'reference_column': 'country_admin_region_ethiopia::01'}}"
binary_lpm,model4_preferred_lpm,underweight,pooled,country_admin_region_kenya::23,0.052,0.036,-0.019,0.122,0.154,37260,4434,114,model_specific_equal_total_country_weight,cluster_robust_country_psu,True,"{'child_sex': {'reference': 'Male', 'reference_column': 'child_sex_Male'}, 'maternal_education': {'reference': 'No education', 'reference_column': 'maternal_education_No education'}, 'literacy': {'reference': 'Cannot read at all', 'reference_column': 'literacy_Cannot read at all'}, 'wealth_quintile': {'reference': 'Poorest', 'reference_column': 'wealth_quintile_Poorest'}, 'residence': {'reference': 'Rural', 'reference_column': 'residence_Rural'}, 'country_admin_region': {'reference': 'ethiopia::01', 'reference_column': 'country_admin_region_ethiopia::01'}}"
binary_lpm,model4_preferred_lpm,underweight,pooled,country_admin_region_kenya::24,0.036,0.036,-0.034,0.106,0.311,37260,4434,114,model_specific_equal_total_country_weight,cluster_robust_country_psu,True,"{'child_sex': {'reference': 'Male', 'reference_column': 'child_sex_Male'}, 'maternal_education': {'reference': 'No education', 'reference_column': 'maternal_education_No education'}, 'literacy': {'reference': 'Cannot read at all', 'reference_column': 'literacy_Cannot read at all'}, 'wealth_quintile': {'reference': 'Poorest', 'reference_column': 'wealth_quintile_Poorest'}, 'residence': {'reference': 'Rural', 'reference_column': 'residence_Rural'}, 'country_admin_region': {'reference': 'ethiopia::01', 'reference_column': 'country_admin_region_ethiopia::01'}}"
binary_lpm,model4_preferred_lpm,underweight,pooled,country_admin_region_kenya::25,0.053,0.033,-0.012,0.119,0.112,37260,4434,114,model_specific_equal_total_country_weight,cluster_robust_country_psu,True,"{'child_sex': {'reference': 'Male', 'reference_column': 'child_sex_Male'}, 'maternal_education': {'reference': 'No education', 'reference_column': 'maternal_education_No education'}, 'literacy': {'reference': 'Cannot read at all', 'reference_column': 'literacy_Cannot read at all'}, 'wealth_quintile': {'reference': 'Poorest', 'reference_column': 'wealth_quintile_Poorest'}, 'residence': {'reference': 'Rural', 'reference_column': 'residence_Rural'}, 'country_admin_region': {'reference': 'ethiopia::01', 'reference_column': 'country_admin_region_ethiopia::01'}}"
binary_lpm,model4_preferred_lpm,underweight,pooled,country_admin_region_kenya::26,-0.036,0.032,-0.098,0.027,0.262,37260,4434,114,model_specific_equal_total_country_weight,cluster_robust_country_psu,True,"{'child_sex': {'reference': 'Male', 'reference_column': 'child_sex_Male'}, 'maternal_education': {'reference': 'No education', 'reference_column': 'maternal_education_No education'}, 'literacy': {'reference': 'Cannot read at all', 'reference_column': 'literacy_Cannot read at all'}, 'wealth_quintile': {'reference': 'Poorest', 'reference_column': 'wealth_quintile_Poorest'}, 'residence': {'reference': 'Rural', 'reference_column': 'residence_Rural'}, 'country_admin_region': {'reference': 'ethiopia::01', 'reference_column': 'country_admin_region_ethiopia::01'}}"
binary_lpm,model4_preferred_lpm,underweight,pooled,country_admin_region_kenya::27,-0.075,0.027,-0.129,-0.021,0.006,37260,4434,114,model_specific_equal_total_country_weight,cluster_robust_country_psu,True,"{'child_sex': {'reference': 'Male', 'reference_column': 'child_sex_Male'}, 'maternal_education': {'reference': 'No education', 'reference_column': 'maternal_education_No education'}, 'literacy': {'reference': 'Cannot read at all', 'reference_column': 'literacy_Cannot read at all'}, 'wealth_quintile': {'reference': 'Poorest', 'reference_column': 'wealth_quintile_Poorest'}, 'residence': {'reference': 'Rural', 'reference_column': 'residence_Rural'}, 'country_admin_region': {'reference': 'ethiopia::01', 'reference_column': 'country_admin_region_ethiopia::01'}}"
binary_lpm,model4_preferred_lpm,underweight,pooled,country_admin_region_kenya::28,-0.034,0.031,-0.095,0.028,0.28,37260,4434,114,model_specific_equal_total_country_weight,cluster_robust_country_psu,True,"{'child_sex': {'reference': 'Male', 'reference_column': 'child_sex_Male'}, 'maternal_education': {'reference': 'No education', 'reference_column': 'maternal_education_No education'}, 'literacy': {'reference': 'Cannot read at all', 'reference_column': 'literacy_Cannot read at all'}, 'wealth_quintile': {'reference': 'Poorest', 'reference_column': 'wealth_quintile_Poorest'}, 'residence': {'reference': 'Rural', 'reference_column': 'residence_Rural'}, 'country_admin_region': {'reference': 'ethiopia::01', 'reference_column': 'country_admin_region_ethiopia::01'}}"
binary_lpm,model4_preferred_lpm,underweight,pooled,country_admin_region_kenya::29,-0.08,0.031,-0.141,-0.018,0.011,37260,4434,114,model_specific_equal_total_country_weight,cluster_robust_country_psu,True,"{'child_sex': {'reference': 'Male', 'reference_column': 'child_sex_Male'}, 'maternal_education': {'reference': 'No education', 'reference_column': 'maternal_education_No education'}, 'literacy': {'reference': 'Cannot read at all', 'reference_column': 'literacy_Cannot read at all'}, 'wealth_quintile': {'reference': 'Poorest', 'reference_column': 'wealth_quintile_Poorest'}, 'residence': {'reference': 'Rural', 'reference_column': 'residence_Rural'}, 'country_admin_region': {'reference': 'ethiopia::01', 'reference_column': 'country_admin_region_ethiopia::01'}}"
binary_lpm,model4_preferred_lpm,underweight,pooled,country_admin_region_kenya::30,0.002,0.031,-0.059,0.064,0.945,37260,4434,114,model_specific_equal_total_country_weight,cluster_robust_country_psu,True,"{'child_sex': {'reference': 'Male', 'reference_column': 'child_sex_Male'}, 'maternal_education': {'reference': 'No education', 'reference_column': 'maternal_education_No education'}, 'literacy': {'reference': 'Cannot read at all', 'reference_column': 'literacy_Cannot read at all'}, 'wealth_quintile': {'reference': 'Poorest', 'reference_column': 'wealth_quintile_Poorest'}, 'residence': {'reference': 'Rural', 'reference_column': 'residence_Rural'}, 'country_admin_region': {'reference': 'ethiopia::01', 'reference_column': 'country_admin_region_ethiopia::01'}}"
binary_lpm,model4_preferred_lpm,underweight,pooled,country_admin_region_kenya::31,-0.093,0.029,-0.151,-0.036,0.001,37260,4434,114,model_specific_equal_total_country_weight,cluster_robust_country_psu,True,"{'child_sex': {'reference': 'Male', 'reference_column': 'child_sex_Male'}, 'maternal_education': {'reference': 'No education', 'reference_column': 'maternal_education_No education'}, 'literacy': {'reference': 'Cannot read at all', 'reference_column': 'literacy_Cannot read at all'}, 'wealth_quintile': {'reference': 'Poorest', 'reference_column': 'wealth_quintile_Poorest'}, 'residence': {'reference': 'Rural', 'reference_column': 'residence_Rural'}, 'country_admin_region': {'reference': 'ethiopia::01', 'reference_column': 'country_admin_region_ethiopia::01'}}"
binary_lpm,model4_preferred_lpm,underweight,pooled,country_admin_region_kenya::32,-0.055,0.028,-0.11,-0.0,0.049,37260,4434,114,model_specific_equal_total_country_weight,cluster_robust_country_psu,True,"{'child_sex': {'reference': 'Male', 'reference_column': 'child_sex_Male'}, 'maternal_education': {'reference': 'No education', 'reference_column': 'maternal_education_No education'}, 'literacy': {'reference': 'Cannot read at all', 'reference_column': 'literacy_Cannot read at all'}, 'wealth_quintile': {'reference': 'Poorest', 'reference_column': 'wealth_quintile_Poorest'}, 'residence': {'reference': 'Rural', 'reference_column': 'residence_Rural'}, 'country_admin_region': {'reference': 'ethiopia::01', 'reference_column': 'country_admin_region_ethiopia::01'}}"
binary_lpm,model4_preferred_lpm,underweight,pooled,country_admin_region_kenya::33,-0.1,0.026,-0.152,-0.048,0.0,37260,4434,114,model_specific_equal_total_country_weight,cluster_robust_country_psu,True,"{'child_sex': {'reference': 'Male', 'reference_column': 'child_sex_Male'}, 'maternal_education': {'reference': 'No education', 'reference_column': 'maternal_education_No education'}, 'literacy': {'reference': 'Cannot read at all', 'reference_column': 'literacy_Cannot read at all'}, 'wealth_quintile': {'reference': 'Poorest', 'reference_column': 'wealth_quintile_Poorest'}, 'residence': {'reference': 'Rural', 'reference_column': 'residence_Rural'}, 'country_admin_region': {'reference': 'ethiopia::01', 'reference_column': 'country_admin_region_ethiopia::01'}}"
binary_lpm,model4_preferred_lpm,underweight,pooled,country_admin_region_kenya::34,-0.057,0.027,-0.111,-0.004,0.037,37260,4434,114,model_specific_equal_total_country_weight,cluster_robust_country_psu,True,"{'child_sex': {'reference': 'Male', 'reference_column': 'child_sex_Male'}, 'maternal_education': {'reference': 'No education', 'reference_column': 'maternal_education_No education'}, 'literacy': {'reference': 'Cannot read at all', 'reference_column': 'literacy_Cannot read at all'}, 'wealth_quintile': {'reference': 'Poorest', 'reference_column': 'wealth_quintile_Poorest'}, 'residence': {'reference': 'Rural', 'reference_column': 'residence_Rural'}, 'country_admin_region': {'reference': 'ethiopia::01', 'reference_column': 'country_admin_region_ethiopia::01'}}"
binary_lpm,model4_preferred_lpm,underweight,pooled,country_admin_region_kenya::35,-0.074,0.028,-0.128,-0.02,0.007,37260,4434,114,model_specific_equal_total_country_weight,cluster_robust_country_psu,True,"{'child_sex': {'reference': 'Male', 'reference_column': 'child_sex_Male'}, 'maternal_education': {'reference': 'No education', 'reference_column': 'maternal_education_No education'}, 'literacy': {'reference': 'Cannot read at all', 'reference_column': 'literacy_Cannot read at all'}, 'wealth_quintile': {'reference': 'Poorest', 'reference_column': 'wealth_quintile_Poorest'}, 'residence': {'reference': 'Rural', 'reference_column': 'residence_Rural'}, 'country_admin_region': {'reference': 'ethiopia::01', 'reference_column': 'country_admin_region_ethiopia::01'}}"
binary_lpm,model4_preferred_lpm,underweight,pooled,country_admin_region_kenya::36,-0.053,0.03,-0.113,0.006,0.081,37260,4434,114,model_specific_equal_total_country_weight,cluster_robust_country_psu,True,"{'child_sex': {'reference': 'Male', 'reference_column': 'child_sex_Male'}, 'maternal_education': {'reference': 'No education', 'reference_column': 'maternal_education_No education'}, 'literacy': {'reference': 'Cannot read at all', 'reference_column': 'literacy_Cannot read at all'}, 'wealth_quintile': {'reference': 'Poorest', 'reference_column': 'wealth_quintile_Poorest'}, 'residence': {'reference': 'Rural', 'reference_column': 'residence_Rural'}, 'country_admin_region': {'reference': 'ethiopia::01', 'reference_column': 'country_admin_region_ethiopia::01'}}"
binary_lpm,model4_preferred_lpm,underweight,pooled,country_admin_region_kenya::37,-0.098,0.027,-0.15,-0.046,0.0,37260,4434,114,model_specific_equal_total_country_weight,cluster_robust_country_psu,True,"{'child_sex': {'reference': 'Male', 'reference_column': 'child_sex_Male'}, 'maternal_education': {'reference': 'No education', 'reference_column': 'maternal_education_No education'}, 'literacy': {'reference': 'Cannot read at all', 'reference_column': 'literacy_Cannot read at all'}, 'wealth_quintile': {'reference': 'Poorest', 'reference_column': 'wealth_quintile_Poorest'}, 'residence': {'reference': 'Rural', 'reference_column': 'residence_Rural'}, 'country_admin_region': {'reference': 'ethiopia::01', 'reference_column': 'country_admin_region_ethiopia::01'}}"
binary_lpm,model4_preferred_lpm,underweight,pooled,country_admin_region_kenya::38,-0.071,0.032,-0.133,-0.009,0.026,37260,4434,114,model_specific_equal_total_country_weight,cluster_robust_country_psu,True,"{'child_sex': {'reference': 'Male', 'reference_column': 'child_sex_Male'}, 'maternal_education': {'reference': 'No education', 'reference_column': 'maternal_education_No education'}, 'literacy': {'reference': 'Cannot read at all', 'reference_column': 'literacy_Cannot read at all'}, 'wealth_quintile': {'reference': 'Poorest', 'reference_column': 'wealth_quintile_Poorest'}, 'residence': {'reference': 'Rural', 'reference_column': 'residence_Rural'}, 'country_admin_region': {'reference': 'ethiopia::01', 'reference_column': 'country_admin_region_ethiopia::01'}}"
binary_lpm,model4_preferred_lpm,underweight,pooled,country_admin_region_kenya::39,-0.073,0.031,-0.134,-0.011,0.02,37260,4434,114,model_specific_equal_total_country_weight,cluster_robust_country_psu,True,"{'child_sex': {'reference': 'Male', 'reference_column': 'child_sex_Male'}, 'maternal_education': {'reference': 'No education', 'reference_column': 'maternal_education_No education'}, 'literacy': {'reference': 'Cannot read at all', 'reference_column': 'literacy_Cannot read at all'}, 'wealth_quintile': {'reference': 'Poorest', 'reference_column': 'wealth_quintile_Poorest'}, 'residence': {'reference': 'Rural', 'reference_column': 'residence_Rural'}, 'country_admin_region': {'reference': 'ethiopia::01', 'reference_column': 'country_admin_region_ethiopia::01'}}"
binary_lpm,model4_preferred_lpm,underweight,pooled,country_admin_region_kenya::40,-0.11,0.028,-0.165,-0.055,0.0,37260,4434,114,model_specific_equal_total_country_weight,cluster_robust_country_psu,True,"{'child_sex': {'reference': 'Male', 'reference_column': 'child_sex_Male'}, 'maternal_education': {'reference': 'No education', 'reference_column': 'maternal_education_No education'}, 'literacy': {'reference': 'Cannot read at all', 'reference_column': 'literacy_Cannot read at all'}, 'wealth_quintile': {'reference': 'Poorest', 'reference_column': 'wealth_quintile_Poorest'}, 'residence': {'reference': 'Rural', 'reference_column': 'residence_Rural'}, 'country_admin_region': {'reference': 'ethiopia::01', 'reference_column': 'country_admin_region_ethiopia::01'}}"
binary_lpm,model4_preferred_lpm,underweight,pooled,country_admin_region_kenya::41,-0.101,0.03,-0.161,-0.042,0.001,37260,4434,114,model_specific_equal_total_country_weight,cluster_robust_country_psu,True,"{'child_sex': {'reference': 'Male', 'reference_column': 'child_sex_Male'}, 'maternal_education': {'reference': 'No education', 'reference_column': 'maternal_education_No education'}, 'literacy': {'reference': 'Cannot read at all', 'reference_column': 'literacy_Cannot read at all'}, 'wealth_quintile': {'reference': 'Poorest', 'reference_column': 'wealth_quintile_Poorest'}, 'residence': {'reference': 'Rural', 'reference_column': 'residence_Rural'}, 'country_admin_region': {'reference': 'ethiopia::01', 'reference_column': 'country_admin_region_ethiopia::01'}}"
binary_lpm,model4_preferred_lpm,underweight,pooled,country_admin_region_kenya::42,-0.129,0.027,-0.181,-0.077,0.0,37260,4434,114,model_specific_equal_total_country_weight,cluster_robust_country_psu,True,"{'child_sex': {'reference': 'Male', 'reference_column': 'child_sex_Male'}, 'maternal_education': {'reference': 'No education', 'reference_column': 'maternal_education_No education'}, 'literacy': {'reference': 'Cannot read at all', 'reference_column': 'literacy_Cannot read at all'}, 'wealth_quintile': {'reference': 'Poorest', 'reference_column': 'wealth_quintile_Poorest'}, 'residence': {'reference': 'Rural', 'reference_column': 'residence_Rural'}, 'country_admin_region': {'reference': 'ethiopia::01', 'reference_column': 'country_admin_region_ethiopia::01'}}"
binary_lpm,model4_preferred_lpm,underweight,pooled,country_admin_region_kenya::43,-0.121,0.027,-0.173,-0.068,0.0,37260,4434,114,model_specific_equal_total_country_weight,cluster_robust_country_psu,True,"{'child_sex': {'reference': 'Male', 'reference_column': 'child_sex_Male'}, 'maternal_education': {'reference': 'No education', 'reference_column': 'maternal_education_No education'}, 'literacy': {'reference': 'Cannot read at all', 'reference_column': 'literacy_Cannot read at all'}, 'wealth_quintile': {'reference': 'Poorest', 'reference_column': 'wealth_quintile_Poorest'}, 'residence': {'reference': 'Rural', 'reference_column': 'residence_Rural'}, 'country_admin_region': {'reference': 'ethiopia::01', 'reference_column': 'country_admin_region_ethiopia::01'}}"
binary_lpm,model4_preferred_lpm,underweight,pooled,country_admin_region_kenya::44,-0.153,0.025,-0.202,-0.104,0.0,37260,4434,114,model_specific_equal_total_country_weight,cluster_robust_country_psu,True,"{'child_sex': {'reference': 'Male', 'reference_column': 'child_sex_Male'}, 'maternal_education': {'reference': 'No education', 'reference_column': 'maternal_education_No education'}, 'literacy': {'reference': 'Cannot read at all', 'reference_column': 'literacy_Cannot read at all'}, 'wealth_quintile': {'reference': 'Poorest', 'reference_column': 'wealth_quintile_Poorest'}, 'residence': {'reference': 'Rural', 'reference_column': 'residence_Rural'}, 'country_admin_region': {'reference': 'ethiopia::01', 'reference_column': 'country_admin_region_ethiopia::01'}}"
binary_lpm,model4_preferred_lpm,underweight,pooled,country_admin_region_kenya::45,-0.082,0.028,-0.136,-0.027,0.004,37260,4434,114,model_specific_equal_total_country_weight,cluster_robust_country_psu,True,"{'child_sex': {'reference': 'Male', 'reference_column': 'child_sex_Male'}, 'maternal_education': {'reference': 'No education', 'reference_column': 'maternal_education_No education'}, 'literacy': {'reference': 'Cannot read at all', 'reference_column': 'literacy_Cannot read at all'}, 'wealth_quintile': {'reference': 'Poorest', 'reference_column': 'wealth_quintile_Poorest'}, 'residence': {'reference': 'Rural', 'reference_column': 'residence_Rural'}, 'country_admin_region': {'reference': 'ethiopia::01', 'reference_column': 'country_admin_region_ethiopia::01'}}"
binary_lpm,model4_preferred_lpm,underweight,pooled,country_admin_region_kenya::46,-0.124,0.026,-0.176,-0.073,0.0,37260,4434,114,model_specific_equal_total_country_weight,cluster_robust_country_psu,True,"{'child_sex': {'reference': 'Male', 'reference_column': 'child_sex_Male'}, 'maternal_education': {'reference': 'No education', 'reference_column': 'maternal_education_No education'}, 'literacy': {'reference': 'Cannot read at all', 'reference_column': 'literacy_Cannot read at all'}, 'wealth_quintile': {'reference': 'Poorest', 'reference_column': 'wealth_quintile_Poorest'}, 'residence': {'reference': 'Rural', 'reference_column': 'residence_Rural'}, 'country_admin_region': {'reference': 'ethiopia::01', 'reference_column': 'country_admin_region_ethiopia::01'}}"
binary_lpm,model4_preferred_lpm,underweight,pooled,country_admin_region_kenya::47,-0.076,0.027,-0.129,-0.024,0.005,37260,4434,114,model_specific_equal_total_country_weight,cluster_robust_country_psu,True,"{'child_sex': {'reference': 'Male', 'reference_column': 'child_sex_Male'}, 'maternal_education': {'reference': 'No education', 'reference_column': 'maternal_education_No education'}, 'literacy': {'reference': 'Cannot read at all', 'reference_column': 'literacy_Cannot read at all'}, 'wealth_quintile': {'reference': 'Poorest', 'reference_column': 'wealth_quintile_Poorest'}, 'residence': {'reference': 'Rural', 'reference_column': 'residence_Rural'}, 'country_admin_region': {'reference': 'ethiopia::01', 'reference_column': 'country_admin_region_ethiopia::01'}}"
binary_lpm,model4_preferred_lpm,underweight,pooled,country_admin_region_nigeria::01,0.016,0.038,-0.059,0.09,0.681,37260,4434,114,model_specific_equal_total_country_weight,cluster_robust_country_psu,True,"{'child_sex': {'reference': 'Male', 'reference_column': 'child_sex_Male'}, 'maternal_education': {'reference': 'No education', 'reference_column': 'maternal_education_No education'}, 'literacy': {'reference': 'Cannot read at all', 'reference_column': 'literacy_Cannot read at all'}, 'wealth_quintile': {'reference': 'Poorest', 'reference_column': 'wealth_quintile_Poorest'}, 'residence': {'reference': 'Rural', 'reference_column': 'residence_Rural'}, 'country_admin_region': {'reference': 'ethiopia::01', 'reference_column': 'country_admin_region_ethiopia::01'}}"
binary_lpm,model4_preferred_lpm,underweight,pooled,country_admin_region_nigeria::02,-0.057,0.04,-0.135,0.02,0.148,37260,4434,114,model_specific_equal_total_country_weight,cluster_robust_country_psu,True,"{'child_sex': {'reference': 'Male', 'reference_column': 'child_sex_Male'}, 'maternal_education': {'reference': 'No education', 'reference_column': 'maternal_education_No education'}, 'literacy': {'reference': 'Cannot read at all', 'reference_column': 'literacy_Cannot read at all'}, 'wealth_quintile': {'reference': 'Poorest', 'reference_column': 'wealth_quintile_Poorest'}, 'residence': {'reference': 'Rural', 'reference_column': 'residence_Rural'}, 'country_admin_region': {'reference': 'ethiopia::01', 'reference_column': 'country_admin_region_ethiopia::01'}}"
binary_lpm,model4_preferred_lpm,underweight,pooled,country_admin_region_nigeria::03,-0.0,0.035,-0.068,0.068,0.997,37260,4434,114,model_specific_equal_total_country_weight,cluster_robust_country_psu,True,"{'child_sex': {'reference': 'Male', 'reference_column': 'child_sex_Male'}, 'maternal_education': {'reference': 'No education', 'reference_column': 'maternal_education_No education'}, 'literacy': {'reference': 'Cannot read at all', 'reference_column': 'literacy_Cannot read at all'}, 'wealth_quintile': {'reference': 'Poorest', 'reference_column': 'wealth_quintile_Poorest'}, 'residence': {'reference': 'Rural', 'reference_column': 'residence_Rural'}, 'country_admin_region': {'reference': 'ethiopia::01', 'reference_column': 'country_admin_region_ethiopia::01'}}"
binary_lpm,model4_preferred_lpm,underweight,pooled,country_admin_region_nigeria::04,0.061,0.04,-0.017,0.138,0.124,37260,4434,114,model_specific_equal_total_country_weight,cluster_robust_country_psu,True,"{'child_sex': {'reference': 'Male', 'reference_column': 'child_sex_Male'}, 'maternal_education': {'reference': 'No education', 'reference_column': 'maternal_education_No education'}, 'literacy': {'reference': 'Cannot read at all', 'reference_column': 'literacy_Cannot read at all'}, 'wealth_quintile': {'reference': 'Poorest', 'reference_column': 'wealth_quintile_Poorest'}, 'residence': {'reference': 'Rural', 'reference_column': 'residence_Rural'}, 'country_admin_region': {'reference': 'ethiopia::01', 'reference_column': 'country_admin_region_ethiopia::01'}}"
binary_lpm,model4_preferred_lpm,underweight,pooled,country_admin_region_nigeria::05,0.039,0.037,-0.034,0.112,0.299,37260,4434,114,model_specific_equal_total_country_weight,cluster_robust_country_psu,True,"{'child_sex': {'reference': 'Male', 'reference_column': 'child_sex_Male'}, 'maternal_education': {'reference': 'No education', 'reference_column': 'maternal_education_No education'}, 'literacy': {'reference': 'Cannot read at all', 'reference_column': 'literacy_Cannot read at all'}, 'wealth_quintile': {'reference': 'Poorest', 'reference_column': 'wealth_quintile_Poorest'}, 'residence': {'reference': 'Rural', 'reference_column': 'residence_Rural'}, 'country_admin_region': {'reference': 'ethiopia::01', 'reference_column': 'country_admin_region_ethiopia::01'}}"
binary_lpm,model4_preferred_lpm,underweight,pooled,country_admin_region_nigeria::06,0.014,0.039,-0.062,0.09,0.714,37260,4434,114,model_specific_equal_total_country_weight,cluster_robust_country_psu,True,"{'child_sex': {'reference': 'Male', 'reference_column': 'child_sex_Male'}, 'maternal_education': {'reference': 'No education', 'reference_column': 'maternal_education_No education'}, 'literacy': {'reference': 'Cannot read at all', 'reference_column': 'literacy_Cannot read at all'}, 'wealth_quintile': {'reference': 'Poorest', 'reference_column': 'wealth_quintile_Poorest'}, 'residence': {'reference': 'Rural', 'reference_column': 'residence_Rural'}, 'country_admin_region': {'reference': 'ethiopia::01', 'reference_column': 'country_admin_region_ethiopia::01'}}"
binary_lpm,model4_preferred_lpm,underweight,pooled,country_admin_region_nigeria::07,0.021,0.043,-0.062,0.105,0.617,37260,4434,114,model_specific_equal_total_country_weight,cluster_robust_country_psu,True,"{'child_sex': {'reference': 'Male', 'reference_column': 'child_sex_Male'}, 'maternal_education': {'reference': 'No education', 'reference_column': 'maternal_education_No education'}, 'literacy': {'reference': 'Cannot read at all', 'reference_column': 'literacy_Cannot read at all'}, 'wealth_quintile': {'reference': 'Poorest', 'reference_column': 'wealth_quintile_Poorest'}, 'residence': {'reference': 'Rural', 'reference_column': 'residence_Rural'}, 'country_admin_region': {'reference': 'ethiopia::01', 'reference_column': 'country_admin_region_ethiopia::01'}}"
binary_lpm,model4_preferred_lpm,underweight,pooled,country_admin_region_nigeria::08,0.093,0.049,-0.002,0.188,0.055,37260,4434,114,model_specific_equal_total_country_weight,cluster_robust_country_psu,True,"{'child_sex': {'reference': 'Male', 'reference_column': 'child_sex_Male'}, 'maternal_education': {'reference': 'No education', 'reference_column': 'maternal_education_No education'}, 'literacy': {'reference': 'Cannot read at all', 'reference_column': 'literacy_Cannot read at all'}, 'wealth_quintile': {'reference': 'Poorest', 'reference_column': 'wealth_quintile_Poorest'}, 'residence': {'reference': 'Rural', 'reference_column': 'residence_Rural'}, 'country_admin_region': {'reference': 'ethiopia::01', 'reference_column': 'country_admin_region_ethiopia::01'}}"
binary_lpm,model4_preferred_lpm,underweight,pooled,country_admin_region_nigeria::09,0.094,0.035,0.025,0.164,0.008,37260,4434,114,model_specific_equal_total_country_weight,cluster_robust_country_psu,True,"{'child_sex': {'reference': 'Male', 'reference_column': 'child_sex_Male'}, 'maternal_education': {'reference': 'No education', 'reference_column': 'maternal_education_No education'}, 'literacy': {'reference': 'Cannot read at all', 'reference_column': 'literacy_Cannot read at all'}, 'wealth_quintile': {'reference': 'Poorest', 'reference_column': 'wealth_quintile_Poorest'}, 'residence': {'reference': 'Rural', 'reference_column': 'residence_Rural'}, 'country_admin_region': {'reference': 'ethiopia::01', 'reference_column': 'country_admin_region_ethiopia::01'}}"
binary_lpm,model4_preferred_lpm,underweight,pooled,country_admin_region_nigeria::10,0.046,0.048,-0.048,0.141,0.337,37260,4434,114,model_specific_equal_total_country_weight,cluster_robust_country_psu,True,"{'child_sex': {'reference': 'Male', 'reference_column': 'child_sex_Male'}, 'maternal_education': {'reference': 'No education', 'reference_column': 'maternal_education_No education'}, 'literacy': {'reference': 'Cannot read at all', 'reference_column': 'literacy_Cannot read at all'}, 'wealth_quintile': {'reference': 'Poorest', 'reference_column': 'wealth_quintile_Poorest'}, 'residence': {'reference': 'Rural', 'reference_column': 'residence_Rural'}, 'country_admin_region': {'reference': 'ethiopia::01', 'reference_column': 'country_admin_region_ethiopia::01'}}"
binary_lpm,model4_preferred_lpm,underweight,pooled,country_admin_region_nigeria::11,0.148,0.044,0.062,0.233,0.001,37260,4434,114,model_specific_equal_total_country_weight,cluster_robust_country_psu,True,"{'child_sex': {'reference': 'Male', 'reference_column': 'child_sex_Male'}, 'maternal_education': {'reference': 'No education', 'reference_column': 'maternal_education_No education'}, 'literacy': {'reference': 'Cannot read at all', 'reference_column': 'literacy_Cannot read at all'}, 'wealth_quintile': {'reference': 'Poorest', 'reference_column': 'wealth_quintile_Poorest'}, 'residence': {'reference': 'Rural', 'reference_column': 'residence_Rural'}, 'country_admin_region': {'reference': 'ethiopia::01', 'reference_column': 'country_admin_region_ethiopia::01'}}"
binary_lpm,model4_preferred_lpm,underweight,pooled,country_admin_region_nigeria::12,0.086,0.049,-0.011,0.182,0.081,37260,4434,114,model_specific_equal_total_country_weight,cluster_robust_country_psu,True,"{'child_sex': {'reference': 'Male', 'reference_column': 'child_sex_Male'}, 'maternal_education': {'reference': 'No education', 'reference_column': 'maternal_education_No education'}, 'literacy': {'reference': 'Cannot read at all', 'reference_column': 'literacy_Cannot read at all'}, 'wealth_quintile': {'reference': 'Poorest', 'reference_column': 'wealth_quintile_Poorest'}, 'residence': {'reference': 'Rural', 'reference_column': 'residence_Rural'}, 'country_admin_region': {'reference': 'ethiopia::01', 'reference_column': 'country_admin_region_ethiopia::01'}}"
binary_lpm,model4_preferred_lpm,underweight,pooled,country_admin_region_nigeria::13,0.138,0.043,0.053,0.222,0.001,37260,4434,114,model_specific_equal_total_country_weight,cluster_robust_country_psu,True,"{'child_sex': {'reference': 'Male', 'reference_column': 'child_sex_Male'}, 'maternal_education': {'reference': 'No education', 'reference_column': 'maternal_education_No education'}, 'literacy': {'reference': 'Cannot read at all', 'reference_column': 'literacy_Cannot read at all'}, 'wealth_quintile': {'reference': 'Poorest', 'reference_column': 'wealth_quintile_Poorest'}, 'residence': {'reference': 'Rural', 'reference_column': 'residence_Rural'}, 'country_admin_region': {'reference': 'ethiopia::01', 'reference_column': 'country_admin_region_ethiopia::01'}}"
binary_lpm,model4_preferred_lpm,underweight,pooled,country_admin_region_nigeria::14,0.153,0.042,0.07,0.237,0.0,37260,4434,114,model_specific_equal_total_country_weight,cluster_robust_country_psu,True,"{'child_sex': {'reference': 'Male', 'reference_column': 'child_sex_Male'}, 'maternal_education': {'reference': 'No education', 'reference_column': 'maternal_education_No education'}, 'literacy': {'reference': 'Cannot read at all', 'reference_column': 'literacy_Cannot read at all'}, 'wealth_quintile': {'reference': 'Poorest', 'reference_column': 'wealth_quintile_Poorest'}, 'residence': {'reference': 'Rural', 'reference_column': 'residence_Rural'}, 'country_admin_region': {'reference': 'ethiopia::01', 'reference_column': 'country_admin_region_ethiopia::01'}}"
binary_lpm,model4_preferred_lpm,underweight,pooled,country_admin_region_nigeria::15,0.055,0.033,-0.01,0.119,0.099,37260,4434,114,model_specific_equal_total_country_weight,cluster_robust_country_psu,True,"{'child_sex': {'reference': 'Male', 'reference_column': 'child_sex_Male'}, 'maternal_education': {'reference': 'No education', 'reference_column': 'maternal_education_No education'}, 'literacy': {'reference': 'Cannot read at all', 'reference_column': 'literacy_Cannot read at all'}, 'wealth_quintile': {'reference': 'Poorest', 'reference_column': 'wealth_quintile_Poorest'}, 'residence': {'reference': 'Rural', 'reference_column': 'residence_Rural'}, 'country_admin_region': {'reference': 'ethiopia::01', 'reference_column': 'country_admin_region_ethiopia::01'}}"
binary_lpm,model4_preferred_lpm,underweight,pooled,country_admin_region_nigeria::16,0.185,0.036,0.115,0.256,0.0,37260,4434,114,model_specific_equal_total_country_weight,cluster_robust_country_psu,True,"{'child_sex': {'reference': 'Male', 'reference_column': 'child_sex_Male'}, 'maternal_education': {'reference': 'No education', 'reference_column': 'maternal_education_No education'}, 'literacy': {'reference': 'Cannot read at all', 'reference_column': 'literacy_Cannot read at all'}, 'wealth_quintile': {'reference': 'Poorest', 'reference_column': 'wealth_quintile_Poorest'}, 'residence': {'reference': 'Rural', 'reference_column': 'residence_Rural'}, 'country_admin_region': {'reference': 'ethiopia::01', 'reference_column': 'country_admin_region_ethiopia::01'}}"
binary_lpm,model4_preferred_lpm,underweight,pooled,country_admin_region_nigeria::17,0.013,0.039,-0.064,0.09,0.74,37260,4434,114,model_specific_equal_total_country_weight,cluster_robust_country_psu,True,"{'child_sex': {'reference': 'Male', 'reference_column': 'child_sex_Male'}, 'maternal_education': {'reference': 'No education', 'reference_column': 'maternal_education_No education'}, 'literacy': {'reference': 'Cannot read at all', 'reference_column': 'literacy_Cannot read at all'}, 'wealth_quintile': {'reference': 'Poorest', 'reference_column': 'wealth_quintile_Poorest'}, 'residence': {'reference': 'Rural', 'reference_column': 'residence_Rural'}, 'country_admin_region': {'reference': 'ethiopia::01', 'reference_column': 'country_admin_region_ethiopia::01'}}"
binary_lpm,model4_preferred_lpm,underweight,pooled,country_admin_region_nigeria::18,0.144,0.041,0.063,0.225,0.0,37260,4434,114,model_specific_equal_total_country_weight,cluster_robust_country_psu,True,"{'child_sex': {'reference': 'Male', 'reference_column': 'child_sex_Male'}, 'maternal_education': {'reference': 'No education', 'reference_column': 'maternal_education_No education'}, 'literacy': {'reference': 'Cannot read at all', 'reference_column': 'literacy_Cannot read at all'}, 'wealth_quintile': {'reference': 'Poorest', 'reference_column': 'wealth_quintile_Poorest'}, 'residence': {'reference': 'Rural', 'reference_column': 'residence_Rural'}, 'country_admin_region': {'reference': 'ethiopia::01', 'reference_column': 'country_admin_region_ethiopia::01'}}"
binary_lpm,model4_preferred_lpm,underweight,pooled,country_admin_region_nigeria::19,0.005,0.041,-0.076,0.085,0.91,37260,4434,114,model_specific_equal_total_country_weight,cluster_robust_country_psu,True,"{'child_sex': {'reference': 'Male', 'reference_column': 'child_sex_Male'}, 'maternal_education': {'reference': 'No education', 'reference_column': 'maternal_education_No education'}, 'literacy': {'reference': 'Cannot read at all', 'reference_column': 'literacy_Cannot read at all'}, 'wealth_quintile': {'reference': 'Poorest', 'reference_column': 'wealth_quintile_Poorest'}, 'residence': {'reference': 'Rural', 'reference_column': 'residence_Rural'}, 'country_admin_region': {'reference': 'ethiopia::01', 'reference_column': 'country_admin_region_ethiopia::01'}}"
binary_lpm,model4_preferred_lpm,underweight,pooled,country_admin_region_nigeria::20,0.222,0.047,0.13,0.315,0.0,37260,4434,114,model_specific_equal_total_country_weight,cluster_robust_country_psu,True,"{'child_sex': {'reference': 'Male', 'reference_column': 'child_sex_Male'}, 'maternal_education': {'reference': 'No education', 'reference_column': 'maternal_education_No education'}, 'literacy': {'reference': 'Cannot read at all', 'reference_column': 'literacy_Cannot read at all'}, 'wealth_quintile': {'reference': 'Poorest', 'reference_column': 'wealth_quintile_Poorest'}, 'residence': {'reference': 'Rural', 'reference_column': 'residence_Rural'}, 'country_admin_region': {'reference': 'ethiopia::01', 'reference_column': 'country_admin_region_ethiopia::01'}}"
binary_lpm,model4_preferred_lpm,underweight,pooled,country_admin_region_nigeria::21,0.041,0.048,-0.054,0.135,0.4,37260,4434,114,model_specific_equal_total_country_weight,cluster_robust_country_psu,True,"{'child_sex': {'reference': 'Male', 'reference_column': 'child_sex_Male'}, 'maternal_education': {'reference': 'No education', 'reference_column': 'maternal_education_No education'}, 'literacy': {'reference': 'Cannot read at all', 'reference_column': 'literacy_Cannot read at all'}, 'wealth_quintile': {'reference': 'Poorest', 'reference_column': 'wealth_quintile_Poorest'}, 'residence': {'reference': 'Rural', 'reference_column': 'residence_Rural'}, 'country_admin_region': {'reference': 'ethiopia::01', 'reference_column': 'country_admin_region_ethiopia::01'}}"
binary_lpm,model4_preferred_lpm,underweight,pooled,country_admin_region_nigeria::22,-0.002,0.033,-0.067,0.064,0.958,37260,4434,114,model_specific_equal_total_country_weight,cluster_robust_country_psu,True,"{'child_sex': {'reference': 'Male', 'reference_column': 'child_sex_Male'}, 'maternal_education': {'reference': 'No education', 'reference_column': 'maternal_education_No education'}, 'literacy': {'reference': 'Cannot read at all', 'reference_column': 'literacy_Cannot read at all'}, 'wealth_quintile': {'reference': 'Poorest', 'reference_column': 'wealth_quintile_Poorest'}, 'residence': {'reference': 'Rural', 'reference_column': 'residence_Rural'}, 'country_admin_region': {'reference': 'ethiopia::01', 'reference_column': 'country_admin_region_ethiopia::01'}}"
binary_lpm,model4_preferred_lpm,underweight,pooled,country_admin_region_nigeria::23,0.013,0.029,-0.043,0.07,0.644,37260,4434,114,model_specific_equal_total_country_weight,cluster_robust_country_psu,True,"{'child_sex': {'reference': 'Male', 'reference_column': 'child_sex_Male'}, 'maternal_education': {'reference': 'No education', 'reference_column': 'maternal_education_No education'}, 'literacy': {'reference': 'Cannot read at all', 'reference_column': 'literacy_Cannot read at all'}, 'wealth_quintile': {'reference': 'Poorest', 'reference_column': 'wealth_quintile_Poorest'}, 'residence': {'reference': 'Rural', 'reference_column': 'residence_Rural'}, 'country_admin_region': {'reference': 'ethiopia::01', 'reference_column': 'country_admin_region_ethiopia::01'}}"
binary_lpm,model4_preferred_lpm,underweight,pooled,country_admin_region_nigeria::24,-0.082,0.028,-0.137,-0.027,0.003,37260,4434,114,model_specific_equal_total_country_weight,cluster_robust_country_psu,True,"{'child_sex': {'reference': 'Male', 'reference_column': 'child_sex_Male'}, 'maternal_education': {'reference': 'No education', 'reference_column': 'maternal_education_No education'}, 'literacy': {'reference': 'Cannot read at all', 'reference_column': 'literacy_Cannot read at all'}, 'wealth_quintile': {'reference': 'Poorest', 'reference_column': 'wealth_quintile_Poorest'}, 'residence': {'reference': 'Rural', 'reference_column': 'residence_Rural'}, 'country_admin_region': {'reference': 'ethiopia::01', 'reference_column': 'country_admin_region_ethiopia::01'}}"
binary_lpm,model4_preferred_lpm,underweight,pooled,country_admin_region_nigeria::25,0.018,0.035,-0.05,0.086,0.606,37260,4434,114,model_specific_equal_total_country_weight,cluster_robust_country_psu,True,"{'child_sex': {'reference': 'Male', 'reference_column': 'child_sex_Male'}, 'maternal_education': {'reference': 'No education', 'reference_column': 'maternal_education_No education'}, 'literacy': {'reference': 'Cannot read at all', 'reference_column': 'literacy_Cannot read at all'}, 'wealth_quintile': {'reference': 'Poorest', 'reference_column': 'wealth_quintile_Poorest'}, 'residence': {'reference': 'Rural', 'reference_column': 'residence_Rural'}, 'country_admin_region': {'reference': 'ethiopia::01', 'reference_column': 'country_admin_region_ethiopia::01'}}"
binary_lpm,model4_preferred_lpm,underweight,pooled,country_admin_region_nigeria::26,0.071,0.04,-0.006,0.149,0.071,37260,4434,114,model_specific_equal_total_country_weight,cluster_robust_country_psu,True,"{'child_sex': {'reference': 'Male', 'reference_column': 'child_sex_Male'}, 'maternal_education': {'reference': 'No education', 'reference_column': 'maternal_education_No education'}, 'literacy': {'reference': 'Cannot read at all', 'reference_column': 'literacy_Cannot read at all'}, 'wealth_quintile': {'reference': 'Poorest', 'reference_column': 'wealth_quintile_Poorest'}, 'residence': {'reference': 'Rural', 'reference_column': 'residence_Rural'}, 'country_admin_region': {'reference': 'ethiopia::01', 'reference_column': 'country_admin_region_ethiopia::01'}}"
binary_lpm,model4_preferred_lpm,underweight,pooled,country_admin_region_nigeria::27,0.06,0.039,-0.017,0.136,0.125,37260,4434,114,model_specific_equal_total_country_weight,cluster_robust_country_psu,True,"{'child_sex': {'reference': 'Male', 'reference_column': 'child_sex_Male'}, 'maternal_education': {'reference': 'No education', 'reference_column': 'maternal_education_No education'}, 'literacy': {'reference': 'Cannot read at all', 'reference_column': 'literacy_Cannot read at all'}, 'wealth_quintile': {'reference': 'Poorest', 'reference_column': 'wealth_quintile_Poorest'}, 'residence': {'reference': 'Rural', 'reference_column': 'residence_Rural'}, 'country_admin_region': {'reference': 'ethiopia::01', 'reference_column': 'country_admin_region_ethiopia::01'}}"
binary_lpm,model4_preferred_lpm,underweight,pooled,country_admin_region_nigeria::28,0.005,0.037,-0.066,0.077,0.884,37260,4434,114,model_specific_equal_total_country_weight,cluster_robust_country_psu,True,"{'child_sex': {'reference': 'Male', 'reference_column': 'child_sex_Male'}, 'maternal_education': {'reference': 'No education', 'reference_column': 'maternal_education_No education'}, 'literacy': {'reference': 'Cannot read at all', 'reference_column': 'literacy_Cannot read at all'}, 'wealth_quintile': {'reference': 'Poorest', 'reference_column': 'wealth_quintile_Poorest'}, 'residence': {'reference': 'Rural', 'reference_column': 'residence_Rural'}, 'country_admin_region': {'reference': 'ethiopia::01', 'reference_column': 'country_admin_region_ethiopia::01'}}"
binary_lpm,model4_preferred_lpm,underweight,pooled,country_admin_region_nigeria::29,0.064,0.038,-0.011,0.139,0.093,37260,4434,114,model_specific_equal_total_country_weight,cluster_robust_country_psu,True,"{'child_sex': {'reference': 'Male', 'reference_column': 'child_sex_Male'}, 'maternal_education': {'reference': 'No education', 'reference_column': 'maternal_education_No education'}, 'literacy': {'reference': 'Cannot read at all', 'reference_column': 'literacy_Cannot read at all'}, 'wealth_quintile': {'reference': 'Poorest', 'reference_column': 'wealth_quintile_Poorest'}, 'residence': {'reference': 'Rural', 'reference_column': 'residence_Rural'}, 'country_admin_region': {'reference': 'ethiopia::01', 'reference_column': 'country_admin_region_ethiopia::01'}}"
binary_lpm,model4_preferred_lpm,underweight,pooled,country_admin_region_nigeria::30,-0.001,0.031,-0.062,0.061,0.985,37260,4434,114,model_specific_equal_total_country_weight,cluster_robust_country_psu,True,"{'child_sex': {'reference': 'Male', 'reference_column': 'child_sex_Male'}, 'maternal_education': {'reference': 'No education', 'reference_column': 'maternal_education_No education'}, 'literacy': {'reference': 'Cannot read at all', 'reference_column': 'literacy_Cannot read at all'}, 'wealth_quintile': {'reference': 'Poorest', 'reference_column': 'wealth_quintile_Poorest'}, 'residence': {'reference': 'Rural', 'reference_column': 'residence_Rural'}, 'country_admin_region': {'reference': 'ethiopia::01', 'reference_column': 'country_admin_region_ethiopia::01'}}"
binary_lpm,model4_preferred_lpm,underweight,pooled,country_admin_region_nigeria::31,-0.015,0.031,-0.077,0.046,0.624,37260,4434,114,model_specific_equal_total_country_weight,cluster_robust_country_psu,True,"{'child_sex': {'reference': 'Male', 'reference_column': 'child_sex_Male'}, 'maternal_education': {'reference': 'No education', 'reference_column': 'maternal_education_No education'}, 'literacy': {'reference': 'Cannot read at all', 'reference_column': 'literacy_Cannot read at all'}, 'wealth_quintile': {'reference': 'Poorest', 'reference_column': 'wealth_quintile_Poorest'}, 'residence': {'reference': 'Rural', 'reference_column': 'residence_Rural'}, 'country_admin_region': {'reference': 'ethiopia::01', 'reference_column': 'country_admin_region_ethiopia::01'}}"
binary_lpm,model4_preferred_lpm,underweight,pooled,country_admin_region_nigeria::32,0.007,0.042,-0.075,0.09,0.861,37260,4434,114,model_specific_equal_total_country_weight,cluster_robust_country_psu,True,"{'child_sex': {'reference': 'Male', 'reference_column': 'child_sex_Male'}, 'maternal_education': {'reference': 'No education', 'reference_column': 'maternal_education_No education'}, 'literacy': {'reference': 'Cannot read at all', 'reference_column': 'literacy_Cannot read at all'}, 'wealth_quintile': {'reference': 'Poorest', 'reference_column': 'wealth_quintile_Poorest'}, 'residence': {'reference': 'Rural', 'reference_column': 'residence_Rural'}, 'country_admin_region': {'reference': 'ethiopia::01', 'reference_column': 'country_admin_region_ethiopia::01'}}"
binary_lpm,model4_preferred_lpm,underweight,pooled,country_admin_region_nigeria::33,0.008,0.04,-0.07,0.085,0.842,37260,4434,114,model_specific_equal_total_country_weight,cluster_robust_country_psu,True,"{'child_sex': {'reference': 'Male', 'reference_column': 'child_sex_Male'}, 'maternal_education': {'reference': 'No education', 'reference_column': 'maternal_education_No education'}, 'literacy': {'reference': 'Cannot read at all', 'reference_column': 'literacy_Cannot read at all'}, 'wealth_quintile': {'reference': 'Poorest', 'reference_column': 'wealth_quintile_Poorest'}, 'residence': {'reference': 'Rural', 'reference_column': 'residence_Rural'}, 'country_admin_region': {'reference': 'ethiopia::01', 'reference_column': 'country_admin_region_ethiopia::01'}}"
binary_lpm,model4_preferred_lpm,underweight,pooled,country_admin_region_nigeria::34,0.092,0.047,0.001,0.183,0.048,37260,4434,114,model_specific_equal_total_country_weight,cluster_robust_country_psu,True,"{'child_sex': {'reference': 'Male', 'reference_column': 'child_sex_Male'}, 'maternal_education': {'reference': 'No education', 'reference_column': 'maternal_education_No education'}, 'literacy': {'reference': 'Cannot read at all', 'reference_column': 'literacy_Cannot read at all'}, 'wealth_quintile': {'reference': 'Poorest', 'reference_column': 'wealth_quintile_Poorest'}, 'residence': {'reference': 'Rural', 'reference_column': 'residence_Rural'}, 'country_admin_region': {'reference': 'ethiopia::01', 'reference_column': 'country_admin_region_ethiopia::01'}}"
binary_lpm,model4_preferred_lpm,underweight,pooled,country_admin_region_nigeria::35,0.022,0.043,-0.062,0.105,0.607,37260,4434,114,model_specific_equal_total_country_weight,cluster_robust_country_psu,True,"{'child_sex': {'reference': 'Male', 'reference_column': 'child_sex_Male'}, 'maternal_education': {'reference': 'No education', 'reference_column': 'maternal_education_No education'}, 'literacy': {'reference': 'Cannot read at all', 'reference_column': 'literacy_Cannot read at all'}, 'wealth_quintile': {'reference': 'Poorest', 'reference_column': 'wealth_quintile_Poorest'}, 'residence': {'reference': 'Rural', 'reference_column': 'residence_Rural'}, 'country_admin_region': {'reference': 'ethiopia::01', 'reference_column': 'country_admin_region_ethiopia::01'}}"
binary_lpm,model4_preferred_lpm,underweight,pooled,country_admin_region_nigeria::36,0.135,0.052,0.033,0.237,0.01,37260,4434,114,model_specific_equal_total_country_weight,cluster_robust_country_psu,True,"{'child_sex': {'reference': 'Male', 'reference_column': 'child_sex_Male'}, 'maternal_education': {'reference': 'No education', 'reference_column': 'maternal_education_No education'}, 'literacy': {'reference': 'Cannot read at all', 'reference_column': 'literacy_Cannot read at all'}, 'wealth_quintile': {'reference': 'Poorest', 'reference_column': 'wealth_quintile_Poorest'}, 'residence': {'reference': 'Rural', 'reference_column': 'residence_Rural'}, 'country_admin_region': {'reference': 'ethiopia::01', 'reference_column': 'country_admin_region_ethiopia::01'}}"
binary_lpm,model4_preferred_lpm,underweight,pooled,country_admin_region_nigeria::37,0.1,0.037,0.027,0.174,0.007,37260,4434,114,model_specific_equal_total_country_weight,cluster_robust_country_psu,True,"{'child_sex': {'reference': 'Male', 'reference_column': 'child_sex_Male'}, 'maternal_education': {'reference': 'No education', 'reference_column': 'maternal_education_No education'}, 'literacy': {'reference': 'Cannot read at all', 'reference_column': 'literacy_Cannot read at all'}, 'wealth_quintile': {'reference': 'Poorest', 'reference_column': 'wealth_quintile_Poorest'}, 'residence': {'reference': 'Rural', 'reference_column': 'residence_Rural'}, 'country_admin_region': {'reference': 'ethiopia::01', 'reference_column': 'country_admin_region_ethiopia::01'}}"
binary_lpm,model4_preferred_lpm,underweight,ethiopia,const,0.375,0.071,0.236,0.514,0.0,5955,787,14,weight_original,cluster_robust_psu,True,"{'child_sex': {'reference': 'Male', 'reference_column': 'child_sex_Male'}, 'maternal_education': {'reference': 'No education', 'reference_column': 'maternal_education_No education'}, 'literacy': {'reference': 'Cannot read at all', 'reference_column': 'literacy_Cannot read at all'}, 'wealth_quintile': {'reference': 'Poorest', 'reference_column': 'wealth_quintile_Poorest'}, 'residence': {'reference': 'Rural', 'reference_column': 'residence_Rural'}, 'country_admin_region': {'reference': 'ethiopia::01', 'reference_column': 'country_admin_region_ethiopia::01'}}"
binary_lpm,model4_preferred_lpm,underweight,ethiopia,water_rate_loo,-0.026,0.039,-0.103,0.05,0.501,5955,787,14,weight_original,cluster_robust_psu,True,"{'child_sex': {'reference': 'Male', 'reference_column': 'child_sex_Male'}, 'maternal_education': {'reference': 'No education', 'reference_column': 'maternal_education_No education'}, 'literacy': {'reference': 'Cannot read at all', 'reference_column': 'literacy_Cannot read at all'}, 'wealth_quintile': {'reference': 'Poorest', 'reference_column': 'wealth_quintile_Poorest'}, 'residence': {'reference': 'Rural', 'reference_column': 'residence_Rural'}, 'country_admin_region': {'reference': 'ethiopia::01', 'reference_column': 'country_admin_region_ethiopia::01'}}"
binary_lpm,model4_preferred_lpm,underweight,ethiopia,sanitation_rate_loo_core,-0.059,0.041,-0.14,0.021,0.148,5955,787,14,weight_original,cluster_robust_psu,True,"{'child_sex': {'reference': 'Male', 'reference_column': 'child_sex_Male'}, 'maternal_education': {'reference': 'No education', 'reference_column': 'maternal_education_No education'}, 'literacy': {'reference': 'Cannot read at all', 'reference_column': 'literacy_Cannot read at all'}, 'wealth_quintile': {'reference': 'Poorest', 'reference_column': 'wealth_quintile_Poorest'}, 'residence': {'reference': 'Rural', 'reference_column': 'residence_Rural'}, 'country_admin_region': {'reference': 'ethiopia::01', 'reference_column': 'country_admin_region_ethiopia::01'}}"
binary_lpm,model4_preferred_lpm,underweight,ethiopia,b19_raw,0.001,0.0,0.0,0.002,0.007,5955,787,14,weight_original,cluster_robust_psu,True,"{'child_sex': {'reference': 'Male', 'reference_column': 'child_sex_Male'}, 'maternal_education': {'reference': 'No education', 'reference_column': 'maternal_education_No education'}, 'literacy': {'reference': 'Cannot read at all', 'reference_column': 'literacy_Cannot read at all'}, 'wealth_quintile': {'reference': 'Poorest', 'reference_column': 'wealth_quintile_Poorest'}, 'residence': {'reference': 'Rural', 'reference_column': 'residence_Rural'}, 'country_admin_region': {'reference': 'ethiopia::01', 'reference_column': 'country_admin_region_ethiopia::01'}}"
binary_lpm,model4_preferred_lpm,underweight,ethiopia,birth_order_raw,0.009,0.007,-0.004,0.023,0.186,5955,787,14,weight_original,cluster_robust_psu,True,"{'child_sex': {'reference': 'Male', 'reference_column': 'child_sex_Male'}, 'maternal_education': {'reference': 'No education', 'reference_column': 'maternal_education_No education'}, 'literacy': {'reference': 'Cannot read at all', 'reference_column': 'literacy_Cannot read at all'}, 'wealth_quintile': {'reference': 'Poorest', 'reference_column': 'wealth_quintile_Poorest'}, 'residence': {'reference': 'Rural', 'reference_column': 'residence_Rural'}, 'country_admin_region': {'reference': 'ethiopia::01', 'reference_column': 'country_admin_region_ethiopia::01'}}"
binary_lpm,model4_preferred_lpm,underweight,ethiopia,maternal_age,-0.004,0.002,-0.009,-0.0,0.04,5955,787,14,weight_original,cluster_robust_psu,True,"{'child_sex': {'reference': 'Male', 'reference_column': 'child_sex_Male'}, 'maternal_education': {'reference': 'No education', 'reference_column': 'maternal_education_No education'}, 'literacy': {'reference': 'Cannot read at all', 'reference_column': 'literacy_Cannot read at all'}, 'wealth_quintile': {'reference': 'Poorest', 'reference_column': 'wealth_quintile_Poorest'}, 'residence': {'reference': 'Rural', 'reference_column': 'residence_Rural'}, 'country_admin_region': {'reference': 'ethiopia::01', 'reference_column': 'country_admin_region_ethiopia::01'}}"
binary_lpm,model4_preferred_lpm,underweight,ethiopia,household_size_raw,0.0,0.006,-0.012,0.012,0.957,5955,787,14,weight_original,cluster_robust_psu,True,"{'child_sex': {'reference': 'Male', 'reference_column': 'child_sex_Male'}, 'maternal_education': {'reference': 'No education', 'reference_column': 'maternal_education_No education'}, 'literacy': {'reference': 'Cannot read at all', 'reference_column': 'literacy_Cannot read at all'}, 'wealth_quintile': {'reference': 'Poorest', 'reference_column': 'wealth_quintile_Poorest'}, 'residence': {'reference': 'Rural', 'reference_column': 'residence_Rural'}, 'country_admin_region': {'reference': 'ethiopia::01', 'reference_column': 'country_admin_region_ethiopia::01'}}"
binary_lpm,model4_preferred_lpm,underweight,ethiopia,child_sex_Female,-0.021,0.014,-0.05,0.007,0.136,5955,787,14,weight_original,cluster_robust_psu,True,"{'child_sex': {'reference': 'Male', 'reference_column': 'child_sex_Male'}, 'maternal_education': {'reference': 'No education', 'reference_column': 'maternal_education_No education'}, 'literacy': {'reference': 'Cannot read at all', 'reference_column': 'literacy_Cannot read at all'}, 'wealth_quintile': {'reference': 'Poorest', 'reference_column': 'wealth_quintile_Poorest'}, 'residence': {'reference': 'Rural', 'reference_column': 'residence_Rural'}, 'country_admin_region': {'reference': 'ethiopia::01', 'reference_column': 'country_admin_region_ethiopia::01'}}"
binary_lpm,model4_preferred_lpm,underweight,ethiopia,maternal_education_Higher,-0.015,0.047,-0.107,0.076,0.741,5955,787,14,weight_original,cluster_robust_psu,True,"{'child_sex': {'reference': 'Male', 'reference_column': 'child_sex_Male'}, 'maternal_education': {'reference': 'No education', 'reference_column': 'maternal_education_No education'}, 'literacy': {'reference': 'Cannot read at all', 'reference_column': 'literacy_Cannot read at all'}, 'wealth_quintile': {'reference': 'Poorest', 'reference_column': 'wealth_quintile_Poorest'}, 'residence': {'reference': 'Rural', 'reference_column': 'residence_Rural'}, 'country_admin_region': {'reference': 'ethiopia::01', 'reference_column': 'country_admin_region_ethiopia::01'}}"
binary_lpm,model4_preferred_lpm,underweight,ethiopia,maternal_education_Primary,0.004,0.03,-0.056,0.063,0.905,5955,787,14,weight_original,cluster_robust_psu,True,"{'child_sex': {'reference': 'Male', 'reference_column': 'child_sex_Male'}, 'maternal_education': {'reference': 'No education', 'reference_column': 'maternal_education_No education'}, 'literacy': {'reference': 'Cannot read at all', 'reference_column': 'literacy_Cannot read at all'}, 'wealth_quintile': {'reference': 'Poorest', 'reference_column': 'wealth_quintile_Poorest'}, 'residence': {'reference': 'Rural', 'reference_column': 'residence_Rural'}, 'country_admin_region': {'reference': 'ethiopia::01', 'reference_column': 'country_admin_region_ethiopia::01'}}"
binary_lpm,model4_preferred_lpm,underweight,ethiopia,maternal_education_Secondary,-0.001,0.039,-0.078,0.076,0.98,5955,787,14,weight_original,cluster_robust_psu,True,"{'child_sex': {'reference': 'Male', 'reference_column': 'child_sex_Male'}, 'maternal_education': {'reference': 'No education', 'reference_column': 'maternal_education_No education'}, 'literacy': {'reference': 'Cannot read at all', 'reference_column': 'literacy_Cannot read at all'}, 'wealth_quintile': {'reference': 'Poorest', 'reference_column': 'wealth_quintile_Poorest'}, 'residence': {'reference': 'Rural', 'reference_column': 'residence_Rural'}, 'country_admin_region': {'reference': 'ethiopia::01', 'reference_column': 'country_admin_region_ethiopia::01'}}"
binary_lpm,model4_preferred_lpm,underweight,ethiopia,literacy_Able to read only parts of sentence,-0.059,0.03,-0.117,-0.002,0.044,5955,787,14,weight_original,cluster_robust_psu,True,"{'child_sex': {'reference': 'Male', 'reference_column': 'child_sex_Male'}, 'maternal_education': {'reference': 'No education', 'reference_column': 'maternal_education_No education'}, 'literacy': {'reference': 'Cannot read at all', 'reference_column': 'literacy_Cannot read at all'}, 'wealth_quintile': {'reference': 'Poorest', 'reference_column': 'wealth_quintile_Poorest'}, 'residence': {'reference': 'Rural', 'reference_column': 'residence_Rural'}, 'country_admin_region': {'reference': 'ethiopia::01', 'reference_column': 'country_admin_region_ethiopia::01'}}"
binary_lpm,model4_preferred_lpm,underweight,ethiopia,literacy_Able to read whole sentence,-0.058,0.031,-0.118,0.002,0.057,5955,787,14,weight_original,cluster_robust_psu,True,"{'child_sex': {'reference': 'Male', 'reference_column': 'child_sex_Male'}, 'maternal_education': {'reference': 'No education', 'reference_column': 'maternal_education_No education'}, 'literacy': {'reference': 'Cannot read at all', 'reference_column': 'literacy_Cannot read at all'}, 'wealth_quintile': {'reference': 'Poorest', 'reference_column': 'wealth_quintile_Poorest'}, 'residence': {'reference': 'Rural', 'reference_column': 'residence_Rural'}, 'country_admin_region': {'reference': 'ethiopia::01', 'reference_column': 'country_admin_region_ethiopia::01'}}"
binary_lpm,model4_preferred_lpm,underweight,ethiopia,literacy_Blind/visually impaired,-0.121,0.075,-0.268,0.027,0.109,5955,787,14,weight_original,cluster_robust_psu,True,"{'child_sex': {'reference': 'Male', 'reference_column': 'child_sex_Male'}, 'maternal_education': {'reference': 'No education', 'reference_column': 'maternal_education_No education'}, 'literacy': {'reference': 'Cannot read at all', 'reference_column': 'literacy_Cannot read at all'}, 'wealth_quintile': {'reference': 'Poorest', 'reference_column': 'wealth_quintile_Poorest'}, 'residence': {'reference': 'Rural', 'reference_column': 'residence_Rural'}, 'country_admin_region': {'reference': 'ethiopia::01', 'reference_column': 'country_admin_region_ethiopia::01'}}"
binary_lpm,model4_preferred_lpm,underweight,ethiopia,literacy_No card with required language,-0.053,0.074,-0.199,0.093,0.477,5955,787,14,weight_original,cluster_robust_psu,True,"{'child_sex': {'reference': 'Male', 'reference_column': 'child_sex_Male'}, 'maternal_education': {'reference': 'No education', 'reference_column': 'maternal_education_No education'}, 'literacy': {'reference': 'Cannot read at all', 'reference_column': 'literacy_Cannot read at all'}, 'wealth_quintile': {'reference': 'Poorest', 'reference_column': 'wealth_quintile_Poorest'}, 'residence': {'reference': 'Rural', 'reference_column': 'residence_Rural'}, 'country_admin_region': {'reference': 'ethiopia::01', 'reference_column': 'country_admin_region_ethiopia::01'}}"
binary_lpm,model4_preferred_lpm,underweight,ethiopia,wealth_quintile_Middle,-0.06,0.034,-0.126,0.007,0.078,5955,787,14,weight_original,cluster_robust_psu,True,"{'child_sex': {'reference': 'Male', 'reference_column': 'child_sex_Male'}, 'maternal_education': {'reference': 'No education', 'reference_column': 'maternal_education_No education'}, 'literacy': {'reference': 'Cannot read at all', 'reference_column': 'literacy_Cannot read at all'}, 'wealth_quintile': {'reference': 'Poorest', 'reference_column': 'wealth_quintile_Poorest'}, 'residence': {'reference': 'Rural', 'reference_column': 'residence_Rural'}, 'country_admin_region': {'reference': 'ethiopia::01', 'reference_column': 'country_admin_region_ethiopia::01'}}"
binary_lpm,model4_preferred_lpm,underweight,ethiopia,wealth_quintile_Poorer,-0.057,0.034,-0.123,0.009,0.092,5955,787,14,weight_original,cluster_robust_psu,True,"{'child_sex': {'reference': 'Male', 'reference_column': 'child_sex_Male'}, 'maternal_education': {'reference': 'No education', 'reference_column': 'maternal_education_No education'}, 'literacy': {'reference': 'Cannot read at all', 'reference_column': 'literacy_Cannot read at all'}, 'wealth_quintile': {'reference': 'Poorest', 'reference_column': 'wealth_quintile_Poorest'}, 'residence': {'reference': 'Rural', 'reference_column': 'residence_Rural'}, 'country_admin_region': {'reference': 'ethiopia::01', 'reference_column': 'country_admin_region_ethiopia::01'}}"
binary_lpm,model4_preferred_lpm,underweight,ethiopia,wealth_quintile_Richer,-0.076,0.036,-0.146,-0.005,0.036,5955,787,14,weight_original,cluster_robust_psu,True,"{'child_sex': {'reference': 'Male', 'reference_column': 'child_sex_Male'}, 'maternal_education': {'reference': 'No education', 'reference_column': 'maternal_education_No education'}, 'literacy': {'reference': 'Cannot read at all', 'reference_column': 'literacy_Cannot read at all'}, 'wealth_quintile': {'reference': 'Poorest', 'reference_column': 'wealth_quintile_Poorest'}, 'residence': {'reference': 'Rural', 'reference_column': 'residence_Rural'}, 'country_admin_region': {'reference': 'ethiopia::01', 'reference_column': 'country_admin_region_ethiopia::01'}}"
binary_lpm,model4_preferred_lpm,underweight,ethiopia,wealth_quintile_Richest,-0.062,0.053,-0.166,0.042,0.245,5955,787,14,weight_original,cluster_robust_psu,True,"{'child_sex': {'reference': 'Male', 'reference_column': 'child_sex_Male'}, 'maternal_education': {'reference': 'No education', 'reference_column': 'maternal_education_No education'}, 'literacy': {'reference': 'Cannot read at all', 'reference_column': 'literacy_Cannot read at all'}, 'wealth_quintile': {'reference': 'Poorest', 'reference_column': 'wealth_quintile_Poorest'}, 'residence': {'reference': 'Rural', 'reference_column': 'residence_Rural'}, 'country_admin_region': {'reference': 'ethiopia::01', 'reference_column': 'country_admin_region_ethiopia::01'}}"
binary_lpm,model4_preferred_lpm,underweight,ethiopia,residence_Urban,0.046,0.027,-0.008,0.099,0.097,5955,787,14,weight_original,cluster_robust_psu,True,"{'child_sex': {'reference': 'Male', 'reference_column': 'child_sex_Male'}, 'maternal_education': {'reference': 'No education', 'reference_column': 'maternal_education_No education'}, 'literacy': {'reference': 'Cannot read at all', 'reference_column': 'literacy_Cannot read at all'}, 'wealth_quintile': {'reference': 'Poorest', 'reference_column': 'wealth_quintile_Poorest'}, 'residence': {'reference': 'Rural', 'reference_column': 'residence_Rural'}, 'country_admin_region': {'reference': 'ethiopia::01', 'reference_column': 'country_admin_region_ethiopia::01'}}"
binary_lpm,model4_preferred_lpm,underweight,ethiopia,country_admin_region_ethiopia::02,0.113,0.038,0.038,0.188,0.003,5955,787,14,weight_original,cluster_robust_psu,True,"{'child_sex': {'reference': 'Male', 'reference_column': 'child_sex_Male'}, 'maternal_education': {'reference': 'No education', 'reference_column': 'maternal_education_No education'}, 'literacy': {'reference': 'Cannot read at all', 'reference_column': 'literacy_Cannot read at all'}, 'wealth_quintile': {'reference': 'Poorest', 'reference_column': 'wealth_quintile_Poorest'}, 'residence': {'reference': 'Rural', 'reference_column': 'residence_Rural'}, 'country_admin_region': {'reference': 'ethiopia::01', 'reference_column': 'country_admin_region_ethiopia::01'}}"
binary_lpm,model4_preferred_lpm,underweight,ethiopia,country_admin_region_ethiopia::03,0.046,0.035,-0.023,0.115,0.188,5955,787,14,weight_original,cluster_robust_psu,True,"{'child_sex': {'reference': 'Male', 'reference_column': 'child_sex_Male'}, 'maternal_education': {'reference': 'No education', 'reference_column': 'maternal_education_No education'}, 'literacy': {'reference': 'Cannot read at all', 'reference_column': 'literacy_Cannot read at all'}, 'wealth_quintile': {'reference': 'Poorest', 'reference_column': 'wealth_quintile_Poorest'}, 'residence': {'reference': 'Rural', 'reference_column': 'residence_Rural'}, 'country_admin_region': {'reference': 'ethiopia::01', 'reference_column': 'country_admin_region_ethiopia::01'}}"
binary_lpm,model4_preferred_lpm,underweight,ethiopia,country_admin_region_ethiopia::04,-0.055,0.031,-0.116,0.006,0.078,5955,787,14,weight_original,cluster_robust_psu,True,"{'child_sex': {'reference': 'Male', 'reference_column': 'child_sex_Male'}, 'maternal_education': {'reference': 'No education', 'reference_column': 'maternal_education_No education'}, 'literacy': {'reference': 'Cannot read at all', 'reference_column': 'literacy_Cannot read at all'}, 'wealth_quintile': {'reference': 'Poorest', 'reference_column': 'wealth_quintile_Poorest'}, 'residence': {'reference': 'Rural', 'reference_column': 'residence_Rural'}, 'country_admin_region': {'reference': 'ethiopia::01', 'reference_column': 'country_admin_region_ethiopia::01'}}"
binary_lpm,model4_preferred_lpm,underweight,ethiopia,country_admin_region_ethiopia::05,-0.018,0.037,-0.09,0.053,0.614,5955,787,14,weight_original,cluster_robust_psu,True,"{'child_sex': {'reference': 'Male', 'reference_column': 'child_sex_Male'}, 'maternal_education': {'reference': 'No education', 'reference_column': 'maternal_education_No education'}, 'literacy': {'reference': 'Cannot read at all', 'reference_column': 'literacy_Cannot read at all'}, 'wealth_quintile': {'reference': 'Poorest', 'reference_column': 'wealth_quintile_Poorest'}, 'residence': {'reference': 'Rural', 'reference_column': 'residence_Rural'}, 'country_admin_region': {'reference': 'ethiopia::01', 'reference_column': 'country_admin_region_ethiopia::01'}}"
binary_lpm,model4_preferred_lpm,underweight,ethiopia,country_admin_region_ethiopia::06,0.086,0.043,0.002,0.17,0.044,5955,787,14,weight_original,cluster_robust_psu,True,"{'child_sex': {'reference': 'Male', 'reference_column': 'child_sex_Male'}, 'maternal_education': {'reference': 'No education', 'reference_column': 'maternal_education_No education'}, 'literacy': {'reference': 'Cannot read at all', 'reference_column': 'literacy_Cannot read at all'}, 'wealth_quintile': {'reference': 'Poorest', 'reference_column': 'wealth_quintile_Poorest'}, 'residence': {'reference': 'Rural', 'reference_column': 'residence_Rural'}, 'country_admin_region': {'reference': 'ethiopia::01', 'reference_column': 'country_admin_region_ethiopia::01'}}"
binary_lpm,model4_preferred_lpm,underweight,ethiopia,country_admin_region_ethiopia::07,-0.05,0.034,-0.117,0.017,0.145,5955,787,14,weight_original,cluster_robust_psu,True,"{'child_sex': {'reference': 'Male', 'reference_column': 'child_sex_Male'}, 'maternal_education': {'reference': 'No education', 'reference_column': 'maternal_education_No education'}, 'literacy': {'reference': 'Cannot read at all', 'reference_column': 'literacy_Cannot read at all'}, 'wealth_quintile': {'reference': 'Poorest', 'reference_column': 'wealth_quintile_Poorest'}, 'residence': {'reference': 'Rural', 'reference_column': 'residence_Rural'}, 'country_admin_region': {'reference': 'ethiopia::01', 'reference_column': 'country_admin_region_ethiopia::01'}}"
binary_lpm,model4_preferred_lpm,underweight,ethiopia,country_admin_region_ethiopia::08,-0.037,0.03,-0.097,0.022,0.218,5955,787,14,weight_original,cluster_robust_psu,True,"{'child_sex': {'reference': 'Male', 'reference_column': 'child_sex_Male'}, 'maternal_education': {'reference': 'No education', 'reference_column': 'maternal_education_No education'}, 'literacy': {'reference': 'Cannot read at all', 'reference_column': 'literacy_Cannot read at all'}, 'wealth_quintile': {'reference': 'Poorest', 'reference_column': 'wealth_quintile_Poorest'}, 'residence': {'reference': 'Rural', 'reference_column': 'residence_Rural'}, 'country_admin_region': {'reference': 'ethiopia::01', 'reference_column': 'country_admin_region_ethiopia::01'}}"
binary_lpm,model4_preferred_lpm,underweight,ethiopia,country_admin_region_ethiopia::09,-0.025,0.036,-0.096,0.047,0.495,5955,787,14,weight_original,cluster_robust_psu,True,"{'child_sex': {'reference': 'Male', 'reference_column': 'child_sex_Male'}, 'maternal_education': {'reference': 'No education', 'reference_column': 'maternal_education_No education'}, 'literacy': {'reference': 'Cannot read at all', 'reference_column': 'literacy_Cannot read at all'}, 'wealth_quintile': {'reference': 'Poorest', 'reference_column': 'wealth_quintile_Poorest'}, 'residence': {'reference': 'Rural', 'reference_column': 'residence_Rural'}, 'country_admin_region': {'reference': 'ethiopia::01', 'reference_column': 'country_admin_region_ethiopia::01'}}"
binary_lpm,model4_preferred_lpm,underweight,ethiopia,country_admin_region_ethiopia::10,-0.025,0.033,-0.09,0.039,0.442,5955,787,14,weight_original,cluster_robust_psu,True,"{'child_sex': {'reference': 'Male', 'reference_column': 'child_sex_Male'}, 'maternal_education': {'reference': 'No education', 'reference_column': 'maternal_education_No education'}, 'literacy': {'reference': 'Cannot read at all', 'reference_column': 'literacy_Cannot read at all'}, 'wealth_quintile': {'reference': 'Poorest', 'reference_column': 'wealth_quintile_Poorest'}, 'residence': {'reference': 'Rural', 'reference_column': 'residence_Rural'}, 'country_admin_region': {'reference': 'ethiopia::01', 'reference_column': 'country_admin_region_ethiopia::01'}}"
binary_lpm,model4_preferred_lpm,underweight,ethiopia,country_admin_region_ethiopia::12,-0.066,0.04,-0.144,0.012,0.099,5955,787,14,weight_original,cluster_robust_psu,True,"{'child_sex': {'reference': 'Male', 'reference_column': 'child_sex_Male'}, 'maternal_education': {'reference': 'No education', 'reference_column': 'maternal_education_No education'}, 'literacy': {'reference': 'Cannot read at all', 'reference_column': 'literacy_Cannot read at all'}, 'wealth_quintile': {'reference': 'Poorest', 'reference_column': 'wealth_quintile_Poorest'}, 'residence': {'reference': 'Rural', 'reference_column': 'residence_Rural'}, 'country_admin_region': {'reference': 'ethiopia::01', 'reference_column': 'country_admin_region_ethiopia::01'}}"
binary_lpm,model4_preferred_lpm,underweight,ethiopia,country_admin_region_ethiopia::13,-0.026,0.037,-0.099,0.047,0.492,5955,787,14,weight_original,cluster_robust_psu,True,"{'child_sex': {'reference': 'Male', 'reference_column': 'child_sex_Male'}, 'maternal_education': {'reference': 'No education', 'reference_column': 'maternal_education_No education'}, 'literacy': {'reference': 'Cannot read at all', 'reference_column': 'literacy_Cannot read at all'}, 'wealth_quintile': {'reference': 'Poorest', 'reference_column': 'wealth_quintile_Poorest'}, 'residence': {'reference': 'Rural', 'reference_column': 'residence_Rural'}, 'country_admin_region': {'reference': 'ethiopia::01', 'reference_column': 'country_admin_region_ethiopia::01'}}"
binary_lpm,model4_preferred_lpm,underweight,ethiopia,country_admin_region_ethiopia::14,-0.077,0.039,-0.154,0.001,0.052,5955,787,14,weight_original,cluster_robust_psu,True,"{'child_sex': {'reference': 'Male', 'reference_column': 'child_sex_Male'}, 'maternal_education': {'reference': 'No education', 'reference_column': 'maternal_education_No education'}, 'literacy': {'reference': 'Cannot read at all', 'reference_column': 'literacy_Cannot read at all'}, 'wealth_quintile': {'reference': 'Poorest', 'reference_column': 'wealth_quintile_Poorest'}, 'residence': {'reference': 'Rural', 'reference_column': 'residence_Rural'}, 'country_admin_region': {'reference': 'ethiopia::01', 'reference_column': 'country_admin_region_ethiopia::01'}}"
binary_lpm,model4_preferred_lpm,underweight,ethiopia,country_admin_region_ethiopia::15,0.013,0.04,-0.065,0.091,0.746,5955,787,14,weight_original,cluster_robust_psu,True,"{'child_sex': {'reference': 'Male', 'reference_column': 'child_sex_Male'}, 'maternal_education': {'reference': 'No education', 'reference_column': 'maternal_education_No education'}, 'literacy': {'reference': 'Cannot read at all', 'reference_column': 'literacy_Cannot read at all'}, 'wealth_quintile': {'reference': 'Poorest', 'reference_column': 'wealth_quintile_Poorest'}, 'residence': {'reference': 'Rural', 'reference_column': 'residence_Rural'}, 'country_admin_region': {'reference': 'ethiopia::01', 'reference_column': 'country_admin_region_ethiopia::01'}}"
binary_lpm,model4_preferred_lpm,underweight,ghana,const,0.25,0.052,0.149,0.351,0.0,4411,616,16,weight_original,cluster_robust_psu,True,"{'child_sex': {'reference': 'Male', 'reference_column': 'child_sex_Male'}, 'maternal_education': {'reference': 'No education', 'reference_column': 'maternal_education_No education'}, 'literacy': {'reference': 'Cannot read at all', 'reference_column': 'literacy_Cannot read at all'}, 'wealth_quintile': {'reference': 'Poorest', 'reference_column': 'wealth_quintile_Poorest'}, 'residence': {'reference': 'Rural', 'reference_column': 'residence_Rural'}, 'country_admin_region': {'reference': 'ghana::01', 'reference_column': 'country_admin_region_ghana::01'}}"
binary_lpm,model4_preferred_lpm,underweight,ghana,water_rate_loo,0.001,0.029,-0.055,0.057,0.981,4411,616,16,weight_original,cluster_robust_psu,True,"{'child_sex': {'reference': 'Male', 'reference_column': 'child_sex_Male'}, 'maternal_education': {'reference': 'No education', 'reference_column': 'maternal_education_No education'}, 'literacy': {'reference': 'Cannot read at all', 'reference_column': 'literacy_Cannot read at all'}, 'wealth_quintile': {'reference': 'Poorest', 'reference_column': 'wealth_quintile_Poorest'}, 'residence': {'reference': 'Rural', 'reference_column': 'residence_Rural'}, 'country_admin_region': {'reference': 'ghana::01', 'reference_column': 'country_admin_region_ghana::01'}}"
binary_lpm,model4_preferred_lpm,underweight,ghana,sanitation_rate_loo_core,-0.037,0.033,-0.101,0.027,0.258,4411,616,16,weight_original,cluster_robust_psu,True,"{'child_sex': {'reference': 'Male', 'reference_column': 'child_sex_Male'}, 'maternal_education': {'reference': 'No education', 'reference_column': 'maternal_education_No education'}, 'literacy': {'reference': 'Cannot read at all', 'reference_column': 'literacy_Cannot read at all'}, 'wealth_quintile': {'reference': 'Poorest', 'reference_column': 'wealth_quintile_Poorest'}, 'residence': {'reference': 'Rural', 'reference_column': 'residence_Rural'}, 'country_admin_region': {'reference': 'ghana::01', 'reference_column': 'country_admin_region_ghana::01'}}"
binary_lpm,model4_preferred_lpm,underweight,ghana,b19_raw,-0.001,0.0,-0.001,0.0,0.151,4411,616,16,weight_original,cluster_robust_psu,True,"{'child_sex': {'reference': 'Male', 'reference_column': 'child_sex_Male'}, 'maternal_education': {'reference': 'No education', 'reference_column': 'maternal_education_No education'}, 'literacy': {'reference': 'Cannot read at all', 'reference_column': 'literacy_Cannot read at all'}, 'wealth_quintile': {'reference': 'Poorest', 'reference_column': 'wealth_quintile_Poorest'}, 'residence': {'reference': 'Rural', 'reference_column': 'residence_Rural'}, 'country_admin_region': {'reference': 'ghana::01', 'reference_column': 'country_admin_region_ghana::01'}}"
binary_lpm,model4_preferred_lpm,underweight,ghana,birth_order_raw,0.0,0.006,-0.011,0.011,0.969,4411,616,16,weight_original,cluster_robust_psu,True,"{'child_sex': {'reference': 'Male', 'reference_column': 'child_sex_Male'}, 'maternal_education': {'reference': 'No education', 'reference_column': 'maternal_education_No education'}, 'literacy': {'reference': 'Cannot read at all', 'reference_column': 'literacy_Cannot read at all'}, 'wealth_quintile': {'reference': 'Poorest', 'reference_column': 'wealth_quintile_Poorest'}, 'residence': {'reference': 'Rural', 'reference_column': 'residence_Rural'}, 'country_admin_region': {'reference': 'ghana::01', 'reference_column': 'country_admin_region_ghana::01'}}"
binary_lpm,model4_preferred_lpm,underweight,ghana,maternal_age,-0.002,0.002,-0.005,0.001,0.186,4411,616,16,weight_original,cluster_robust_psu,True,"{'child_sex': {'reference': 'Male', 'reference_column': 'child_sex_Male'}, 'maternal_education': {'reference': 'No education', 'reference_column': 'maternal_education_No education'}, 'literacy': {'reference': 'Cannot read at all', 'reference_column': 'literacy_Cannot read at all'}, 'wealth_quintile': {'reference': 'Poorest', 'reference_column': 'wealth_quintile_Poorest'}, 'residence': {'reference': 'Rural', 'reference_column': 'residence_Rural'}, 'country_admin_region': {'reference': 'ghana::01', 'reference_column': 'country_admin_region_ghana::01'}}"
binary_lpm,model4_preferred_lpm,underweight,ghana,household_size_raw,-0.002,0.003,-0.007,0.003,0.516,4411,616,16,weight_original,cluster_robust_psu,True,"{'child_sex': {'reference': 'Male', 'reference_column': 'child_sex_Male'}, 'maternal_education': {'reference': 'No education', 'reference_column': 'maternal_education_No education'}, 'literacy': {'reference': 'Cannot read at all', 'reference_column': 'literacy_Cannot read at all'}, 'wealth_quintile': {'reference': 'Poorest', 'reference_column': 'wealth_quintile_Poorest'}, 'residence': {'reference': 'Rural', 'reference_column': 'residence_Rural'}, 'country_admin_region': {'reference': 'ghana::01', 'reference_column': 'country_admin_region_ghana::01'}}"
binary_lpm,model4_preferred_lpm,underweight,ghana,child_sex_Female,-0.041,0.012,-0.065,-0.018,0.001,4411,616,16,weight_original,cluster_robust_psu,True,"{'child_sex': {'reference': 'Male', 'reference_column': 'child_sex_Male'}, 'maternal_education': {'reference': 'No education', 'reference_column': 'maternal_education_No education'}, 'literacy': {'reference': 'Cannot read at all', 'reference_column': 'literacy_Cannot read at all'}, 'wealth_quintile': {'reference': 'Poorest', 'reference_column': 'wealth_quintile_Poorest'}, 'residence': {'reference': 'Rural', 'reference_column': 'residence_Rural'}, 'country_admin_region': {'reference': 'ghana::01', 'reference_column': 'country_admin_region_ghana::01'}}"
binary_lpm,model4_preferred_lpm,underweight,ghana,maternal_education_Higher,-0.017,0.035,-0.085,0.051,0.627,4411,616,16,weight_original,cluster_robust_psu,True,"{'child_sex': {'reference': 'Male', 'reference_column': 'child_sex_Male'}, 'maternal_education': {'reference': 'No education', 'reference_column': 'maternal_education_No education'}, 'literacy': {'reference': 'Cannot read at all', 'reference_column': 'literacy_Cannot read at all'}, 'wealth_quintile': {'reference': 'Poorest', 'reference_column': 'wealth_quintile_Poorest'}, 'residence': {'reference': 'Rural', 'reference_column': 'residence_Rural'}, 'country_admin_region': {'reference': 'ghana::01', 'reference_column': 'country_admin_region_ghana::01'}}"
binary_lpm,model4_preferred_lpm,underweight,ghana,maternal_education_Primary,-0.014,0.024,-0.061,0.034,0.568,4411,616,16,weight_original,cluster_robust_psu,True,"{'child_sex': {'reference': 'Male', 'reference_column': 'child_sex_Male'}, 'maternal_education': {'reference': 'No education', 'reference_column': 'maternal_education_No education'}, 'literacy': {'reference': 'Cannot read at all', 'reference_column': 'literacy_Cannot read at all'}, 'wealth_quintile': {'reference': 'Poorest', 'reference_column': 'wealth_quintile_Poorest'}, 'residence': {'reference': 'Rural', 'reference_column': 'residence_Rural'}, 'country_admin_region': {'reference': 'ghana::01', 'reference_column': 'country_admin_region_ghana::01'}}"
binary_lpm,model4_preferred_lpm,underweight,ghana,maternal_education_Secondary,-0.006,0.025,-0.055,0.044,0.817,4411,616,16,weight_original,cluster_robust_psu,True,"{'child_sex': {'reference': 'Male', 'reference_column': 'child_sex_Male'}, 'maternal_education': {'reference': 'No education', 'reference_column': 'maternal_education_No education'}, 'literacy': {'reference': 'Cannot read at all', 'reference_column': 'literacy_Cannot read at all'}, 'wealth_quintile': {'reference': 'Poorest', 'reference_column': 'wealth_quintile_Poorest'}, 'residence': {'reference': 'Rural', 'reference_column': 'residence_Rural'}, 'country_admin_region': {'reference': 'ghana::01', 'reference_column': 'country_admin_region_ghana::01'}}"
binary_lpm,model4_preferred_lpm,underweight,ghana,literacy_Able to read only parts of sentence,-0.031,0.027,-0.085,0.023,0.26,4411,616,16,weight_original,cluster_robust_psu,True,"{'child_sex': {'reference': 'Male', 'reference_column': 'child_sex_Male'}, 'maternal_education': {'reference': 'No education', 'reference_column': 'maternal_education_No education'}, 'literacy': {'reference': 'Cannot read at all', 'reference_column': 'literacy_Cannot read at all'}, 'wealth_quintile': {'reference': 'Poorest', 'reference_column': 'wealth_quintile_Poorest'}, 'residence': {'reference': 'Rural', 'reference_column': 'residence_Rural'}, 'country_admin_region': {'reference': 'ghana::01', 'reference_column': 'country_admin_region_ghana::01'}}"
binary_lpm,model4_preferred_lpm,underweight,ghana,literacy_Able to read whole sentence,-0.044,0.023,-0.089,0.002,0.062,4411,616,16,weight_original,cluster_robust_psu,True,"{'child_sex': {'reference': 'Male', 'reference_column': 'child_sex_Male'}, 'maternal_education': {'reference': 'No education', 'reference_column': 'maternal_education_No education'}, 'literacy': {'reference': 'Cannot read at all', 'reference_column': 'literacy_Cannot read at all'}, 'wealth_quintile': {'reference': 'Poorest', 'reference_column': 'wealth_quintile_Poorest'}, 'residence': {'reference': 'Rural', 'reference_column': 'residence_Rural'}, 'country_admin_region': {'reference': 'ghana::01', 'reference_column': 'country_admin_region_ghana::01'}}"
binary_lpm,model4_preferred_lpm,underweight,ghana,literacy_Blind/visually impaired,-0.181,0.047,-0.273,-0.09,0.0,4411,616,16,weight_original,cluster_robust_psu,True,"{'child_sex': {'reference': 'Male', 'reference_column': 'child_sex_Male'}, 'maternal_education': {'reference': 'No education', 'reference_column': 'maternal_education_No education'}, 'literacy': {'reference': 'Cannot read at all', 'reference_column': 'literacy_Cannot read at all'}, 'wealth_quintile': {'reference': 'Poorest', 'reference_column': 'wealth_quintile_Poorest'}, 'residence': {'reference': 'Rural', 'reference_column': 'residence_Rural'}, 'country_admin_region': {'reference': 'ghana::01', 'reference_column': 'country_admin_region_ghana::01'}}"
binary_lpm,model4_preferred_lpm,underweight,ghana,literacy_No card with required language,-0.034,0.065,-0.162,0.094,0.602,4411,616,16,weight_original,cluster_robust_psu,True,"{'child_sex': {'reference': 'Male', 'reference_column': 'child_sex_Male'}, 'maternal_education': {'reference': 'No education', 'reference_column': 'maternal_education_No education'}, 'literacy': {'reference': 'Cannot read at all', 'reference_column': 'literacy_Cannot read at all'}, 'wealth_quintile': {'reference': 'Poorest', 'reference_column': 'wealth_quintile_Poorest'}, 'residence': {'reference': 'Rural', 'reference_column': 'residence_Rural'}, 'country_admin_region': {'reference': 'ghana::01', 'reference_column': 'country_admin_region_ghana::01'}}"
binary_lpm,model4_preferred_lpm,underweight,ghana,wealth_quintile_Middle,0.002,0.027,-0.051,0.054,0.945,4411,616,16,weight_original,cluster_robust_psu,True,"{'child_sex': {'reference': 'Male', 'reference_column': 'child_sex_Male'}, 'maternal_education': {'reference': 'No education', 'reference_column': 'maternal_education_No education'}, 'literacy': {'reference': 'Cannot read at all', 'reference_column': 'literacy_Cannot read at all'}, 'wealth_quintile': {'reference': 'Poorest', 'reference_column': 'wealth_quintile_Poorest'}, 'residence': {'reference': 'Rural', 'reference_column': 'residence_Rural'}, 'country_admin_region': {'reference': 'ghana::01', 'reference_column': 'country_admin_region_ghana::01'}}"
binary_lpm,model4_preferred_lpm,underweight,ghana,wealth_quintile_Poorer,0.039,0.019,0.002,0.076,0.038,4411,616,16,weight_original,cluster_robust_psu,True,"{'child_sex': {'reference': 'Male', 'reference_column': 'child_sex_Male'}, 'maternal_education': {'reference': 'No education', 'reference_column': 'maternal_education_No education'}, 'literacy': {'reference': 'Cannot read at all', 'reference_column': 'literacy_Cannot read at all'}, 'wealth_quintile': {'reference': 'Poorest', 'reference_column': 'wealth_quintile_Poorest'}, 'residence': {'reference': 'Rural', 'reference_column': 'residence_Rural'}, 'country_admin_region': {'reference': 'ghana::01', 'reference_column': 'country_admin_region_ghana::01'}}"
binary_lpm,model4_preferred_lpm,underweight,ghana,wealth_quintile_Richer,0.02,0.032,-0.043,0.082,0.541,4411,616,16,weight_original,cluster_robust_psu,True,"{'child_sex': {'reference': 'Male', 'reference_column': 'child_sex_Male'}, 'maternal_education': {'reference': 'No education', 'reference_column': 'maternal_education_No education'}, 'literacy': {'reference': 'Cannot read at all', 'reference_column': 'literacy_Cannot read at all'}, 'wealth_quintile': {'reference': 'Poorest', 'reference_column': 'wealth_quintile_Poorest'}, 'residence': {'reference': 'Rural', 'reference_column': 'residence_Rural'}, 'country_admin_region': {'reference': 'ghana::01', 'reference_column': 'country_admin_region_ghana::01'}}"
binary_lpm,model4_preferred_lpm,underweight,ghana,wealth_quintile_Richest,-0.025,0.031,-0.085,0.036,0.428,4411,616,16,weight_original,cluster_robust_psu,True,"{'child_sex': {'reference': 'Male', 'reference_column': 'child_sex_Male'}, 'maternal_education': {'reference': 'No education', 'reference_column': 'maternal_education_No education'}, 'literacy': {'reference': 'Cannot read at all', 'reference_column': 'literacy_Cannot read at all'}, 'wealth_quintile': {'reference': 'Poorest', 'reference_column': 'wealth_quintile_Poorest'}, 'residence': {'reference': 'Rural', 'reference_column': 'residence_Rural'}, 'country_admin_region': {'reference': 'ghana::01', 'reference_column': 'country_admin_region_ghana::01'}}"
binary_lpm,model4_preferred_lpm,underweight,ghana,residence_Urban,0.019,0.017,-0.015,0.053,0.271,4411,616,16,weight_original,cluster_robust_psu,True,"{'child_sex': {'reference': 'Male', 'reference_column': 'child_sex_Male'}, 'maternal_education': {'reference': 'No education', 'reference_column': 'maternal_education_No education'}, 'literacy': {'reference': 'Cannot read at all', 'reference_column': 'literacy_Cannot read at all'}, 'wealth_quintile': {'reference': 'Poorest', 'reference_column': 'wealth_quintile_Poorest'}, 'residence': {'reference': 'Rural', 'reference_column': 'residence_Rural'}, 'country_admin_region': {'reference': 'ghana::01', 'reference_column': 'country_admin_region_ghana::01'}}"
binary_lpm,model4_preferred_lpm,underweight,ghana,country_admin_region_ghana::02,0.017,0.033,-0.047,0.082,0.595,4411,616,16,weight_original,cluster_robust_psu,True,"{'child_sex': {'reference': 'Male', 'reference_column': 'child_sex_Male'}, 'maternal_education': {'reference': 'No education', 'reference_column': 'maternal_education_No education'}, 'literacy': {'reference': 'Cannot read at all', 'reference_column': 'literacy_Cannot read at all'}, 'wealth_quintile': {'reference': 'Poorest', 'reference_column': 'wealth_quintile_Poorest'}, 'residence': {'reference': 'Rural', 'reference_column': 'residence_Rural'}, 'country_admin_region': {'reference': 'ghana::01', 'reference_column': 'country_admin_region_ghana::01'}}"
binary_lpm,model4_preferred_lpm,underweight,ghana,country_admin_region_ghana::03,0.007,0.034,-0.06,0.073,0.845,4411,616,16,weight_original,cluster_robust_psu,True,"{'child_sex': {'reference': 'Male', 'reference_column': 'child_sex_Male'}, 'maternal_education': {'reference': 'No education', 'reference_column': 'maternal_education_No education'}, 'literacy': {'reference': 'Cannot read at all', 'reference_column': 'literacy_Cannot read at all'}, 'wealth_quintile': {'reference': 'Poorest', 'reference_column': 'wealth_quintile_Poorest'}, 'residence': {'reference': 'Rural', 'reference_column': 'residence_Rural'}, 'country_admin_region': {'reference': 'ghana::01', 'reference_column': 'country_admin_region_ghana::01'}}"
binary_lpm,model4_preferred_lpm,underweight,ghana,country_admin_region_ghana::04,0.049,0.033,-0.016,0.114,0.139,4411,616,16,weight_original,cluster_robust_psu,True,"{'child_sex': {'reference': 'Male', 'reference_column': 'child_sex_Male'}, 'maternal_education': {'reference': 'No education', 'reference_column': 'maternal_education_No education'}, 'literacy': {'reference': 'Cannot read at all', 'reference_column': 'literacy_Cannot read at all'}, 'wealth_quintile': {'reference': 'Poorest', 'reference_column': 'wealth_quintile_Poorest'}, 'residence': {'reference': 'Rural', 'reference_column': 'residence_Rural'}, 'country_admin_region': {'reference': 'ghana::01', 'reference_column': 'country_admin_region_ghana::01'}}"
binary_lpm,model4_preferred_lpm,underweight,ghana,country_admin_region_ghana::05,0.012,0.035,-0.055,0.08,0.718,4411,616,16,weight_original,cluster_robust_psu,True,"{'child_sex': {'reference': 'Male', 'reference_column': 'child_sex_Male'}, 'maternal_education': {'reference': 'No education', 'reference_column': 'maternal_education_No education'}, 'literacy': {'reference': 'Cannot read at all', 'reference_column': 'literacy_Cannot read at all'}, 'wealth_quintile': {'reference': 'Poorest', 'reference_column': 'wealth_quintile_Poorest'}, 'residence': {'reference': 'Rural', 'reference_column': 'residence_Rural'}, 'country_admin_region': {'reference': 'ghana::01', 'reference_column': 'country_admin_region_ghana::01'}}"
binary_lpm,model4_preferred_lpm,underweight,ghana,country_admin_region_ghana::06,0.009,0.028,-0.046,0.064,0.748,4411,616,16,weight_original,cluster_robust_psu,True,"{'child_sex': {'reference': 'Male', 'reference_column': 'child_sex_Male'}, 'maternal_education': {'reference': 'No education', 'reference_column': 'maternal_education_No education'}, 'literacy': {'reference': 'Cannot read at all', 'reference_column': 'literacy_Cannot read at all'}, 'wealth_quintile': {'reference': 'Poorest', 'reference_column': 'wealth_quintile_Poorest'}, 'residence': {'reference': 'Rural', 'reference_column': 'residence_Rural'}, 'country_admin_region': {'reference': 'ghana::01', 'reference_column': 'country_admin_region_ghana::01'}}"
binary_lpm,model4_preferred_lpm,underweight,ghana,country_admin_region_ghana::07,-0.055,0.032,-0.118,0.008,0.088,4411,616,16,weight_original,cluster_robust_psu,True,"{'child_sex': {'reference': 'Male', 'reference_column': 'child_sex_Male'}, 'maternal_education': {'reference': 'No education', 'reference_column': 'maternal_education_No education'}, 'literacy': {'reference': 'Cannot read at all', 'reference_column': 'literacy_Cannot read at all'}, 'wealth_quintile': {'reference': 'Poorest', 'reference_column': 'wealth_quintile_Poorest'}, 'residence': {'reference': 'Rural', 'reference_column': 'residence_Rural'}, 'country_admin_region': {'reference': 'ghana::01', 'reference_column': 'country_admin_region_ghana::01'}}"
binary_lpm,model4_preferred_lpm,underweight,ghana,country_admin_region_ghana::08,-0.048,0.029,-0.104,0.008,0.094,4411,616,16,weight_original,cluster_robust_psu,True,"{'child_sex': {'reference': 'Male', 'reference_column': 'child_sex_Male'}, 'maternal_education': {'reference': 'No education', 'reference_column': 'maternal_education_No education'}, 'literacy': {'reference': 'Cannot read at all', 'reference_column': 'literacy_Cannot read at all'}, 'wealth_quintile': {'reference': 'Poorest', 'reference_column': 'wealth_quintile_Poorest'}, 'residence': {'reference': 'Rural', 'reference_column': 'residence_Rural'}, 'country_admin_region': {'reference': 'ghana::01', 'reference_column': 'country_admin_region_ghana::01'}}"
binary_lpm,model4_preferred_lpm,underweight,ghana,country_admin_region_ghana::09,-0.009,0.033,-0.074,0.055,0.776,4411,616,16,weight_original,cluster_robust_psu,True,"{'child_sex': {'reference': 'Male', 'reference_column': 'child_sex_Male'}, 'maternal_education': {'reference': 'No education', 'reference_column': 'maternal_education_No education'}, 'literacy': {'reference': 'Cannot read at all', 'reference_column': 'literacy_Cannot read at all'}, 'wealth_quintile': {'reference': 'Poorest', 'reference_column': 'wealth_quintile_Poorest'}, 'residence': {'reference': 'Rural', 'reference_column': 'residence_Rural'}, 'country_admin_region': {'reference': 'ghana::01', 'reference_column': 'country_admin_region_ghana::01'}}"
binary_lpm,model4_preferred_lpm,underweight,ghana,country_admin_region_ghana::10,-0.008,0.032,-0.072,0.055,0.802,4411,616,16,weight_original,cluster_robust_psu,True,"{'child_sex': {'reference': 'Male', 'reference_column': 'child_sex_Male'}, 'maternal_education': {'reference': 'No education', 'reference_column': 'maternal_education_No education'}, 'literacy': {'reference': 'Cannot read at all', 'reference_column': 'literacy_Cannot read at all'}, 'wealth_quintile': {'reference': 'Poorest', 'reference_column': 'wealth_quintile_Poorest'}, 'residence': {'reference': 'Rural', 'reference_column': 'residence_Rural'}, 'country_admin_region': {'reference': 'ghana::01', 'reference_column': 'country_admin_region_ghana::01'}}"
binary_lpm,model4_preferred_lpm,underweight,ghana,country_admin_region_ghana::11,0.019,0.039,-0.056,0.095,0.615,4411,616,16,weight_original,cluster_robust_psu,True,"{'child_sex': {'reference': 'Male', 'reference_column': 'child_sex_Male'}, 'maternal_education': {'reference': 'No education', 'reference_column': 'maternal_education_No education'}, 'literacy': {'reference': 'Cannot read at all', 'reference_column': 'literacy_Cannot read at all'}, 'wealth_quintile': {'reference': 'Poorest', 'reference_column': 'wealth_quintile_Poorest'}, 'residence': {'reference': 'Rural', 'reference_column': 'residence_Rural'}, 'country_admin_region': {'reference': 'ghana::01', 'reference_column': 'country_admin_region_ghana::01'}}"
binary_lpm,model4_preferred_lpm,underweight,ghana,country_admin_region_ghana::12,0.05,0.035,-0.018,0.118,0.152,4411,616,16,weight_original,cluster_robust_psu,True,"{'child_sex': {'reference': 'Male', 'reference_column': 'child_sex_Male'}, 'maternal_education': {'reference': 'No education', 'reference_column': 'maternal_education_No education'}, 'literacy': {'reference': 'Cannot read at all', 'reference_column': 'literacy_Cannot read at all'}, 'wealth_quintile': {'reference': 'Poorest', 'reference_column': 'wealth_quintile_Poorest'}, 'residence': {'reference': 'Rural', 'reference_column': 'residence_Rural'}, 'country_admin_region': {'reference': 'ghana::01', 'reference_column': 'country_admin_region_ghana::01'}}"
binary_lpm,model4_preferred_lpm,underweight,ghana,country_admin_region_ghana::13,0.01,0.043,-0.074,0.094,0.815,4411,616,16,weight_original,cluster_robust_psu,True,"{'child_sex': {'reference': 'Male', 'reference_column': 'child_sex_Male'}, 'maternal_education': {'reference': 'No education', 'reference_column': 'maternal_education_No education'}, 'literacy': {'reference': 'Cannot read at all', 'reference_column': 'literacy_Cannot read at all'}, 'wealth_quintile': {'reference': 'Poorest', 'reference_column': 'wealth_quintile_Poorest'}, 'residence': {'reference': 'Rural', 'reference_column': 'residence_Rural'}, 'country_admin_region': {'reference': 'ghana::01', 'reference_column': 'country_admin_region_ghana::01'}}"
binary_lpm,model4_preferred_lpm,underweight,ghana,country_admin_region_ghana::14,0.072,0.039,-0.003,0.148,0.06,4411,616,16,weight_original,cluster_robust_psu,True,"{'child_sex': {'reference': 'Male', 'reference_column': 'child_sex_Male'}, 'maternal_education': {'reference': 'No education', 'reference_column': 'maternal_education_No education'}, 'literacy': {'reference': 'Cannot read at all', 'reference_column': 'literacy_Cannot read at all'}, 'wealth_quintile': {'reference': 'Poorest', 'reference_column': 'wealth_quintile_Poorest'}, 'residence': {'reference': 'Rural', 'reference_column': 'residence_Rural'}, 'country_admin_region': {'reference': 'ghana::01', 'reference_column': 'country_admin_region_ghana::01'}}"
binary_lpm,model4_preferred_lpm,underweight,ghana,country_admin_region_ghana::15,0.005,0.034,-0.063,0.072,0.895,4411,616,16,weight_original,cluster_robust_psu,True,"{'child_sex': {'reference': 'Male', 'reference_column': 'child_sex_Male'}, 'maternal_education': {'reference': 'No education', 'reference_column': 'maternal_education_No education'}, 'literacy': {'reference': 'Cannot read at all', 'reference_column': 'literacy_Cannot read at all'}, 'wealth_quintile': {'reference': 'Poorest', 'reference_column': 'wealth_quintile_Poorest'}, 'residence': {'reference': 'Rural', 'reference_column': 'residence_Rural'}, 'country_admin_region': {'reference': 'ghana::01', 'reference_column': 'country_admin_region_ghana::01'}}"
binary_lpm,model4_preferred_lpm,underweight,ghana,country_admin_region_ghana::16,-0.012,0.033,-0.077,0.052,0.706,4411,616,16,weight_original,cluster_robust_psu,True,"{'child_sex': {'reference': 'Male', 'reference_column': 'child_sex_Male'}, 'maternal_education': {'reference': 'No education', 'reference_column': 'maternal_education_No education'}, 'literacy': {'reference': 'Cannot read at all', 'reference_column': 'literacy_Cannot read at all'}, 'wealth_quintile': {'reference': 'Poorest', 'reference_column': 'wealth_quintile_Poorest'}, 'residence': {'reference': 'Rural', 'reference_column': 'residence_Rural'}, 'country_admin_region': {'reference': 'ghana::01', 'reference_column': 'country_admin_region_ghana::01'}}"
binary_lpm,model4_preferred_lpm,underweight,kenya,const,0.216,0.031,0.156,0.276,0.0,17381,1688,47,weight_original,cluster_robust_psu,True,"{'child_sex': {'reference': 'Male', 'reference_column': 'child_sex_Male'}, 'maternal_education': {'reference': 'No education', 'reference_column': 'maternal_education_No education'}, 'literacy': {'reference': 'Cannot read at all', 'reference_column': 'literacy_Cannot read at all'}, 'wealth_quintile': {'reference': 'Poorest', 'reference_column': 'wealth_quintile_Poorest'}, 'residence': {'reference': 'Rural', 'reference_column': 'residence_Rural'}, 'country_admin_region': {'reference': 'kenya::01', 'reference_column': 'country_admin_region_kenya::01'}}"
binary_lpm,model4_preferred_lpm,underweight,kenya,water_rate_loo,0.011,0.015,-0.017,0.04,0.446,17381,1688,47,weight_original,cluster_robust_psu,True,"{'child_sex': {'reference': 'Male', 'reference_column': 'child_sex_Male'}, 'maternal_education': {'reference': 'No education', 'reference_column': 'maternal_education_No education'}, 'literacy': {'reference': 'Cannot read at all', 'reference_column': 'literacy_Cannot read at all'}, 'wealth_quintile': {'reference': 'Poorest', 'reference_column': 'wealth_quintile_Poorest'}, 'residence': {'reference': 'Rural', 'reference_column': 'residence_Rural'}, 'country_admin_region': {'reference': 'kenya::01', 'reference_column': 'country_admin_region_kenya::01'}}"
binary_lpm,model4_preferred_lpm,underweight,kenya,sanitation_rate_loo_core,-0.03,0.018,-0.065,0.006,0.103,17381,1688,47,weight_original,cluster_robust_psu,True,"{'child_sex': {'reference': 'Male', 'reference_column': 'child_sex_Male'}, 'maternal_education': {'reference': 'No education', 'reference_column': 'maternal_education_No education'}, 'literacy': {'reference': 'Cannot read at all', 'reference_column': 'literacy_Cannot read at all'}, 'wealth_quintile': {'reference': 'Poorest', 'reference_column': 'wealth_quintile_Poorest'}, 'residence': {'reference': 'Rural', 'reference_column': 'residence_Rural'}, 'country_admin_region': {'reference': 'kenya::01', 'reference_column': 'country_admin_region_kenya::01'}}"
binary_lpm,model4_preferred_lpm,underweight,kenya,b19_raw,0.001,0.0,0.001,0.001,0.0,17381,1688,47,weight_original,cluster_robust_psu,True,"{'child_sex': {'reference': 'Male', 'reference_column': 'child_sex_Male'}, 'maternal_education': {'reference': 'No education', 'reference_column': 'maternal_education_No education'}, 'literacy': {'reference': 'Cannot read at all', 'reference_column': 'literacy_Cannot read at all'}, 'wealth_quintile': {'reference': 'Poorest', 'reference_column': 'wealth_quintile_Poorest'}, 'residence': {'reference': 'Rural', 'reference_column': 'residence_Rural'}, 'country_admin_region': {'reference': 'kenya::01', 'reference_column': 'country_admin_region_kenya::01'}}"
binary_lpm,model4_preferred_lpm,underweight,kenya,birth_order_raw,0.005,0.003,-0.001,0.011,0.083,17381,1688,47,weight_original,cluster_robust_psu,True,"{'child_sex': {'reference': 'Male', 'reference_column': 'child_sex_Male'}, 'maternal_education': {'reference': 'No education', 'reference_column': 'maternal_education_No education'}, 'literacy': {'reference': 'Cannot read at all', 'reference_column': 'literacy_Cannot read at all'}, 'wealth_quintile': {'reference': 'Poorest', 'reference_column': 'wealth_quintile_Poorest'}, 'residence': {'reference': 'Rural', 'reference_column': 'residence_Rural'}, 'country_admin_region': {'reference': 'kenya::01', 'reference_column': 'country_admin_region_kenya::01'}}"
binary_lpm,model4_preferred_lpm,underweight,kenya,maternal_age,-0.002,0.001,-0.003,0.0,0.066,17381,1688,47,weight_original,cluster_robust_psu,True,"{'child_sex': {'reference': 'Male', 'reference_column': 'child_sex_Male'}, 'maternal_education': {'reference': 'No education', 'reference_column': 'maternal_education_No education'}, 'literacy': {'reference': 'Cannot read at all', 'reference_column': 'literacy_Cannot read at all'}, 'wealth_quintile': {'reference': 'Poorest', 'reference_column': 'wealth_quintile_Poorest'}, 'residence': {'reference': 'Rural', 'reference_column': 'residence_Rural'}, 'country_admin_region': {'reference': 'kenya::01', 'reference_column': 'country_admin_region_kenya::01'}}"
binary_lpm,model4_preferred_lpm,underweight,kenya,household_size_raw,0.003,0.001,-0.0,0.005,0.078,17381,1688,47,weight_original,cluster_robust_psu,True,"{'child_sex': {'reference': 'Male', 'reference_column': 'child_sex_Male'}, 'maternal_education': {'reference': 'No education', 'reference_column': 'maternal_education_No education'}, 'literacy': {'reference': 'Cannot read at all', 'reference_column': 'literacy_Cannot read at all'}, 'wealth_quintile': {'reference': 'Poorest', 'reference_column': 'wealth_quintile_Poorest'}, 'residence': {'reference': 'Rural', 'reference_column': 'residence_Rural'}, 'country_admin_region': {'reference': 'kenya::01', 'reference_column': 'country_admin_region_kenya::01'}}"
binary_lpm,model4_preferred_lpm,underweight,kenya,child_sex_Female,-0.02,0.006,-0.031,-0.008,0.001,17381,1688,47,weight_original,cluster_robust_psu,True,"{'child_sex': {'reference': 'Male', 'reference_column': 'child_sex_Male'}, 'maternal_education': {'reference': 'No education', 'reference_column': 'maternal_education_No education'}, 'literacy': {'reference': 'Cannot read at all', 'reference_column': 'literacy_Cannot read at all'}, 'wealth_quintile': {'reference': 'Poorest', 'reference_column': 'wealth_quintile_Poorest'}, 'residence': {'reference': 'Rural', 'reference_column': 'residence_Rural'}, 'country_admin_region': {'reference': 'kenya::01', 'reference_column': 'country_admin_region_kenya::01'}}"
binary_lpm,model4_preferred_lpm,underweight,kenya,maternal_education_Higher,-0.012,0.022,-0.054,0.03,0.575,17381,1688,47,weight_original,cluster_robust_psu,True,"{'child_sex': {'reference': 'Male', 'reference_column': 'child_sex_Male'}, 'maternal_education': {'reference': 'No education', 'reference_column': 'maternal_education_No education'}, 'literacy': {'reference': 'Cannot read at all', 'reference_column': 'literacy_Cannot read at all'}, 'wealth_quintile': {'reference': 'Poorest', 'reference_column': 'wealth_quintile_Poorest'}, 'residence': {'reference': 'Rural', 'reference_column': 'residence_Rural'}, 'country_admin_region': {'reference': 'kenya::01', 'reference_column': 'country_admin_region_kenya::01'}}"
binary_lpm,model4_preferred_lpm,underweight,kenya,maternal_education_Primary,0.002,0.019,-0.034,0.039,0.901,17381,1688,47,weight_original,cluster_robust_psu,True,"{'child_sex': {'reference': 'Male', 'reference_column': 'child_sex_Male'}, 'maternal_education': {'reference': 'No education', 'reference_column': 'maternal_education_No education'}, 'literacy': {'reference': 'Cannot read at all', 'reference_column': 'literacy_Cannot read at all'}, 'wealth_quintile': {'reference': 'Poorest', 'reference_column': 'wealth_quintile_Poorest'}, 'residence': {'reference': 'Rural', 'reference_column': 'residence_Rural'}, 'country_admin_region': {'reference': 'kenya::01', 'reference_column': 'country_admin_region_kenya::01'}}"
binary_lpm,model4_preferred_lpm,underweight,kenya,maternal_education_Secondary,-0.012,0.02,-0.052,0.028,0.55,17381,1688,47,weight_original,cluster_robust_psu,True,"{'child_sex': {'reference': 'Male', 'reference_column': 'child_sex_Male'}, 'maternal_education': {'reference': 'No education', 'reference_column': 'maternal_education_No education'}, 'literacy': {'reference': 'Cannot read at all', 'reference_column': 'literacy_Cannot read at all'}, 'wealth_quintile': {'reference': 'Poorest', 'reference_column': 'wealth_quintile_Poorest'}, 'residence': {'reference': 'Rural', 'reference_column': 'residence_Rural'}, 'country_admin_region': {'reference': 'kenya::01', 'reference_column': 'country_admin_region_kenya::01'}}"
binary_lpm,model4_preferred_lpm,underweight,kenya,literacy_Able to read only parts of sentence,-0.011,0.018,-0.045,0.024,0.535,17381,1688,47,weight_original,cluster_robust_psu,True,"{'child_sex': {'reference': 'Male', 'reference_column': 'child_sex_Male'}, 'maternal_education': {'reference': 'No education', 'reference_column': 'maternal_education_No education'}, 'literacy': {'reference': 'Cannot read at all', 'reference_column': 'literacy_Cannot read at all'}, 'wealth_quintile': {'reference': 'Poorest', 'reference_column': 'wealth_quintile_Poorest'}, 'residence': {'reference': 'Rural', 'reference_column': 'residence_Rural'}, 'country_admin_region': {'reference': 'kenya::01', 'reference_column': 'country_admin_region_kenya::01'}}"
binary_lpm,model4_preferred_lpm,underweight,kenya,literacy_Able to read whole sentence,-0.029,0.016,-0.061,0.003,0.08,17381,1688,47,weight_original,cluster_robust_psu,True,"{'child_sex': {'reference': 'Male', 'reference_column': 'child_sex_Male'}, 'maternal_education': {'reference': 'No education', 'reference_column': 'maternal_education_No education'}, 'literacy': {'reference': 'Cannot read at all', 'reference_column': 'literacy_Cannot read at all'}, 'wealth_quintile': {'reference': 'Poorest', 'reference_column': 'wealth_quintile_Poorest'}, 'residence': {'reference': 'Rural', 'reference_column': 'residence_Rural'}, 'country_admin_region': {'reference': 'kenya::01', 'reference_column': 'country_admin_region_kenya::01'}}"
binary_lpm,model4_preferred_lpm,underweight,kenya,literacy_Blind/visually impaired,-0.123,0.022,-0.166,-0.08,0.0,17381,1688,47,weight_original,cluster_robust_psu,True,"{'child_sex': {'reference': 'Male', 'reference_column': 'child_sex_Male'}, 'maternal_education': {'reference': 'No education', 'reference_column': 'maternal_education_No education'}, 'literacy': {'reference': 'Cannot read at all', 'reference_column': 'literacy_Cannot read at all'}, 'wealth_quintile': {'reference': 'Poorest', 'reference_column': 'wealth_quintile_Poorest'}, 'residence': {'reference': 'Rural', 'reference_column': 'residence_Rural'}, 'country_admin_region': {'reference': 'kenya::01', 'reference_column': 'country_admin_region_kenya::01'}}"
binary_lpm,model4_preferred_lpm,underweight,kenya,literacy_No card with required language,-0.154,0.033,-0.219,-0.09,0.0,17381,1688,47,weight_original,cluster_robust_psu,True,"{'child_sex': {'reference': 'Male', 'reference_column': 'child_sex_Male'}, 'maternal_education': {'reference': 'No education', 'reference_column': 'maternal_education_No education'}, 'literacy': {'reference': 'Cannot read at all', 'reference_column': 'literacy_Cannot read at all'}, 'wealth_quintile': {'reference': 'Poorest', 'reference_column': 'wealth_quintile_Poorest'}, 'residence': {'reference': 'Rural', 'reference_column': 'residence_Rural'}, 'country_admin_region': {'reference': 'kenya::01', 'reference_column': 'country_admin_region_kenya::01'}}"
binary_lpm,model4_preferred_lpm,underweight,kenya,wealth_quintile_Middle,-0.043,0.012,-0.066,-0.02,0.0,17381,1688,47,weight_original,cluster_robust_psu,True,"{'child_sex': {'reference': 'Male', 'reference_column': 'child_sex_Male'}, 'maternal_education': {'reference': 'No education', 'reference_column': 'maternal_education_No education'}, 'literacy': {'reference': 'Cannot read at all', 'reference_column': 'literacy_Cannot read at all'}, 'wealth_quintile': {'reference': 'Poorest', 'reference_column': 'wealth_quintile_Poorest'}, 'residence': {'reference': 'Rural', 'reference_column': 'residence_Rural'}, 'country_admin_region': {'reference': 'kenya::01', 'reference_column': 'country_admin_region_kenya::01'}}"
binary_lpm,model4_preferred_lpm,underweight,kenya,wealth_quintile_Poorer,-0.035,0.011,-0.056,-0.014,0.001,17381,1688,47,weight_original,cluster_robust_psu,True,"{'child_sex': {'reference': 'Male', 'reference_column': 'child_sex_Male'}, 'maternal_education': {'reference': 'No education', 'reference_column': 'maternal_education_No education'}, 'literacy': {'reference': 'Cannot read at all', 'reference_column': 'literacy_Cannot read at all'}, 'wealth_quintile': {'reference': 'Poorest', 'reference_column': 'wealth_quintile_Poorest'}, 'residence': {'reference': 'Rural', 'reference_column': 'residence_Rural'}, 'country_admin_region': {'reference': 'kenya::01', 'reference_column': 'country_admin_region_kenya::01'}}"
binary_lpm,model4_preferred_lpm,underweight,kenya,wealth_quintile_Richer,-0.07,0.013,-0.095,-0.044,0.0,17381,1688,47,weight_original,cluster_robust_psu,True,"{'child_sex': {'reference': 'Male', 'reference_column': 'child_sex_Male'}, 'maternal_education': {'reference': 'No education', 'reference_column': 'maternal_education_No education'}, 'literacy': {'reference': 'Cannot read at all', 'reference_column': 'literacy_Cannot read at all'}, 'wealth_quintile': {'reference': 'Poorest', 'reference_column': 'wealth_quintile_Poorest'}, 'residence': {'reference': 'Rural', 'reference_column': 'residence_Rural'}, 'country_admin_region': {'reference': 'kenya::01', 'reference_column': 'country_admin_region_kenya::01'}}"
binary_lpm,model4_preferred_lpm,underweight,kenya,wealth_quintile_Richest,-0.085,0.018,-0.12,-0.049,0.0,17381,1688,47,weight_original,cluster_robust_psu,True,"{'child_sex': {'reference': 'Male', 'reference_column': 'child_sex_Male'}, 'maternal_education': {'reference': 'No education', 'reference_column': 'maternal_education_No education'}, 'literacy': {'reference': 'Cannot read at all', 'reference_column': 'literacy_Cannot read at all'}, 'wealth_quintile': {'reference': 'Poorest', 'reference_column': 'wealth_quintile_Poorest'}, 'residence': {'reference': 'Rural', 'reference_column': 'residence_Rural'}, 'country_admin_region': {'reference': 'kenya::01', 'reference_column': 'country_admin_region_kenya::01'}}"
binary_lpm,model4_preferred_lpm,underweight,kenya,residence_Urban,0.007,0.01,-0.014,0.027,0.508,17381,1688,47,weight_original,cluster_robust_psu,True,"{'child_sex': {'reference': 'Male', 'reference_column': 'child_sex_Male'}, 'maternal_education': {'reference': 'No education', 'reference_column': 'maternal_education_No education'}, 'literacy': {'reference': 'Cannot read at all', 'reference_column': 'literacy_Cannot read at all'}, 'wealth_quintile': {'reference': 'Poorest', 'reference_column': 'wealth_quintile_Poorest'}, 'residence': {'reference': 'Rural', 'reference_column': 'residence_Rural'}, 'country_admin_region': {'reference': 'kenya::01', 'reference_column': 'country_admin_region_kenya::01'}}"
binary_lpm,model4_preferred_lpm,underweight,kenya,country_admin_region_kenya::02,-0.062,0.029,-0.119,-0.004,0.035,17381,1688,47,weight_original,cluster_robust_psu,True,"{'child_sex': {'reference': 'Male', 'reference_column': 'child_sex_Male'}, 'maternal_education': {'reference': 'No education', 'reference_column': 'maternal_education_No education'}, 'literacy': {'reference': 'Cannot read at all', 'reference_column': 'literacy_Cannot read at all'}, 'wealth_quintile': {'reference': 'Poorest', 'reference_column': 'wealth_quintile_Poorest'}, 'residence': {'reference': 'Rural', 'reference_column': 'residence_Rural'}, 'country_admin_region': {'reference': 'kenya::01', 'reference_column': 'country_admin_region_kenya::01'}}"
binary_lpm,model4_preferred_lpm,underweight,kenya,country_admin_region_kenya::03,0.026,0.029,-0.031,0.084,0.366,17381,1688,47,weight_original,cluster_robust_psu,True,"{'child_sex': {'reference': 'Male', 'reference_column': 'child_sex_Male'}, 'maternal_education': {'reference': 'No education', 'reference_column': 'maternal_education_No education'}, 'literacy': {'reference': 'Cannot read at all', 'reference_column': 'literacy_Cannot read at all'}, 'wealth_quintile': {'reference': 'Poorest', 'reference_column': 'wealth_quintile_Poorest'}, 'residence': {'reference': 'Rural', 'reference_column': 'residence_Rural'}, 'country_admin_region': {'reference': 'kenya::01', 'reference_column': 'country_admin_region_kenya::01'}}"
binary_lpm,model4_preferred_lpm,underweight,kenya,country_admin_region_kenya::04,-0.034,0.026,-0.085,0.017,0.189,17381,1688,47,weight_original,cluster_robust_psu,True,"{'child_sex': {'reference': 'Male', 'reference_column': 'child_sex_Male'}, 'maternal_education': {'reference': 'No education', 'reference_column': 'maternal_education_No education'}, 'literacy': {'reference': 'Cannot read at all', 'reference_column': 'literacy_Cannot read at all'}, 'wealth_quintile': {'reference': 'Poorest', 'reference_column': 'wealth_quintile_Poorest'}, 'residence': {'reference': 'Rural', 'reference_column': 'residence_Rural'}, 'country_admin_region': {'reference': 'kenya::01', 'reference_column': 'country_admin_region_kenya::01'}}"
binary_lpm,model4_preferred_lpm,underweight,kenya,country_admin_region_kenya::05,-0.039,0.024,-0.085,0.007,0.1,17381,1688,47,weight_original,cluster_robust_psu,True,"{'child_sex': {'reference': 'Male', 'reference_column': 'child_sex_Male'}, 'maternal_education': {'reference': 'No education', 'reference_column': 'maternal_education_No education'}, 'literacy': {'reference': 'Cannot read at all', 'reference_column': 'literacy_Cannot read at all'}, 'wealth_quintile': {'reference': 'Poorest', 'reference_column': 'wealth_quintile_Poorest'}, 'residence': {'reference': 'Rural', 'reference_column': 'residence_Rural'}, 'country_admin_region': {'reference': 'kenya::01', 'reference_column': 'country_admin_region_kenya::01'}}"
binary_lpm,model4_preferred_lpm,underweight,kenya,country_admin_region_kenya::06,-0.004,0.024,-0.05,0.043,0.875,17381,1688,47,weight_original,cluster_robust_psu,True,"{'child_sex': {'reference': 'Male', 'reference_column': 'child_sex_Male'}, 'maternal_education': {'reference': 'No education', 'reference_column': 'maternal_education_No education'}, 'literacy': {'reference': 'Cannot read at all', 'reference_column': 'literacy_Cannot read at all'}, 'wealth_quintile': {'reference': 'Poorest', 'reference_column': 'wealth_quintile_Poorest'}, 'residence': {'reference': 'Rural', 'reference_column': 'residence_Rural'}, 'country_admin_region': {'reference': 'kenya::01', 'reference_column': 'country_admin_region_kenya::01'}}"
binary_lpm,model4_preferred_lpm,underweight,kenya,country_admin_region_kenya::07,-0.02,0.032,-0.083,0.043,0.533,17381,1688,47,weight_original,cluster_robust_psu,True,"{'child_sex': {'reference': 'Male', 'reference_column': 'child_sex_Male'}, 'maternal_education': {'reference': 'No education', 'reference_column': 'maternal_education_No education'}, 'literacy': {'reference': 'Cannot read at all', 'reference_column': 'literacy_Cannot read at all'}, 'wealth_quintile': {'reference': 'Poorest', 'reference_column': 'wealth_quintile_Poorest'}, 'residence': {'reference': 'Rural', 'reference_column': 'residence_Rural'}, 'country_admin_region': {'reference': 'kenya::01', 'reference_column': 'country_admin_region_kenya::01'}}"
binary_lpm,model4_preferred_lpm,underweight,kenya,country_admin_region_kenya::08,-0.048,0.028,-0.102,0.006,0.083,17381,1688,47,weight_original,cluster_robust_psu,True,"{'child_sex': {'reference': 'Male', 'reference_column': 'child_sex_Male'}, 'maternal_education': {'reference': 'No education', 'reference_column': 'maternal_education_No education'}, 'literacy': {'reference': 'Cannot read at all', 'reference_column': 'literacy_Cannot read at all'}, 'wealth_quintile': {'reference': 'Poorest', 'reference_column': 'wealth_quintile_Poorest'}, 'residence': {'reference': 'Rural', 'reference_column': 'residence_Rural'}, 'country_admin_region': {'reference': 'kenya::01', 'reference_column': 'country_admin_region_kenya::01'}}"
binary_lpm,model4_preferred_lpm,underweight,kenya,country_admin_region_kenya::09,0.023,0.026,-0.028,0.075,0.375,17381,1688,47,weight_original,cluster_robust_psu,True,"{'child_sex': {'reference': 'Male', 'reference_column': 'child_sex_Male'}, 'maternal_education': {'reference': 'No education', 'reference_column': 'maternal_education_No education'}, 'literacy': {'reference': 'Cannot read at all', 'reference_column': 'literacy_Cannot read at all'}, 'wealth_quintile': {'reference': 'Poorest', 'reference_column': 'wealth_quintile_Poorest'}, 'residence': {'reference': 'Rural', 'reference_column': 'residence_Rural'}, 'country_admin_region': {'reference': 'kenya::01', 'reference_column': 'country_admin_region_kenya::01'}}"
binary_lpm,model4_preferred_lpm,underweight,kenya,country_admin_region_kenya::10,0.072,0.037,-0.0,0.144,0.051,17381,1688,47,weight_original,cluster_robust_psu,True,"{'child_sex': {'reference': 'Male', 'reference_column': 'child_sex_Male'}, 'maternal_education': {'reference': 'No education', 'reference_column': 'maternal_education_No education'}, 'literacy': {'reference': 'Cannot read at all', 'reference_column': 'literacy_Cannot read at all'}, 'wealth_quintile': {'reference': 'Poorest', 'reference_column': 'wealth_quintile_Poorest'}, 'residence': {'reference': 'Rural', 'reference_column': 'residence_Rural'}, 'country_admin_region': {'reference': 'kenya::01', 'reference_column': 'country_admin_region_kenya::01'}}"
binary_lpm,model4_preferred_lpm,underweight,kenya,country_admin_region_kenya::11,-0.061,0.025,-0.109,-0.013,0.012,17381,1688,47,weight_original,cluster_robust_psu,True,"{'child_sex': {'reference': 'Male', 'reference_column': 'child_sex_Male'}, 'maternal_education': {'reference': 'No education', 'reference_column': 'maternal_education_No education'}, 'literacy': {'reference': 'Cannot read at all', 'reference_column': 'literacy_Cannot read at all'}, 'wealth_quintile': {'reference': 'Poorest', 'reference_column': 'wealth_quintile_Poorest'}, 'residence': {'reference': 'Rural', 'reference_column': 'residence_Rural'}, 'country_admin_region': {'reference': 'kenya::01', 'reference_column': 'country_admin_region_kenya::01'}}"
binary_lpm,model4_preferred_lpm,underweight,kenya,country_admin_region_kenya::12,-0.016,0.039,-0.093,0.06,0.673,17381,1688,47,weight_original,cluster_robust_psu,True,"{'child_sex': {'reference': 'Male', 'reference_column': 'child_sex_Male'}, 'maternal_education': {'reference': 'No education', 'reference_column': 'maternal_education_No education'}, 'literacy': {'reference': 'Cannot read at all', 'reference_column': 'literacy_Cannot read at all'}, 'wealth_quintile': {'reference': 'Poorest', 'reference_column': 'wealth_quintile_Poorest'}, 'residence': {'reference': 'Rural', 'reference_column': 'residence_Rural'}, 'country_admin_region': {'reference': 'kenya::01', 'reference_column': 'country_admin_region_kenya::01'}}"
binary_lpm,model4_preferred_lpm,underweight,kenya,country_admin_region_kenya::13,-0.049,0.027,-0.101,0.003,0.065,17381,1688,47,weight_original,cluster_robust_psu,True,"{'child_sex': {'reference': 'Male', 'reference_column': 'child_sex_Male'}, 'maternal_education': {'reference': 'No education', 'reference_column': 'maternal_education_No education'}, 'literacy': {'reference': 'Cannot read at all', 'reference_column': 'literacy_Cannot read at all'}, 'wealth_quintile': {'reference': 'Poorest', 'reference_column': 'wealth_quintile_Poorest'}, 'residence': {'reference': 'Rural', 'reference_column': 'residence_Rural'}, 'country_admin_region': {'reference': 'kenya::01', 'reference_column': 'country_admin_region_kenya::01'}}"
binary_lpm,model4_preferred_lpm,underweight,kenya,country_admin_region_kenya::14,-0.006,0.031,-0.067,0.054,0.842,17381,1688,47,weight_original,cluster_robust_psu,True,"{'child_sex': {'reference': 'Male', 'reference_column': 'child_sex_Male'}, 'maternal_education': {'reference': 'No education', 'reference_column': 'maternal_education_No education'}, 'literacy': {'reference': 'Cannot read at all', 'reference_column': 'literacy_Cannot read at all'}, 'wealth_quintile': {'reference': 'Poorest', 'reference_column': 'wealth_quintile_Poorest'}, 'residence': {'reference': 'Rural', 'reference_column': 'residence_Rural'}, 'country_admin_region': {'reference': 'kenya::01', 'reference_column': 'country_admin_region_kenya::01'}}"
binary_lpm,model4_preferred_lpm,underweight,kenya,country_admin_region_kenya::15,-0.034,0.03,-0.093,0.024,0.253,17381,1688,47,weight_original,cluster_robust_psu,True,"{'child_sex': {'reference': 'Male', 'reference_column': 'child_sex_Male'}, 'maternal_education': {'reference': 'No education', 'reference_column': 'maternal_education_No education'}, 'literacy': {'reference': 'Cannot read at all', 'reference_column': 'literacy_Cannot read at all'}, 'wealth_quintile': {'reference': 'Poorest', 'reference_column': 'wealth_quintile_Poorest'}, 'residence': {'reference': 'Rural', 'reference_column': 'residence_Rural'}, 'country_admin_region': {'reference': 'kenya::01', 'reference_column': 'country_admin_region_kenya::01'}}"
binary_lpm,model4_preferred_lpm,underweight,kenya,country_admin_region_kenya::16,-0.038,0.025,-0.087,0.011,0.128,17381,1688,47,weight_original,cluster_robust_psu,True,"{'child_sex': {'reference': 'Male', 'reference_column': 'child_sex_Male'}, 'maternal_education': {'reference': 'No education', 'reference_column': 'maternal_education_No education'}, 'literacy': {'reference': 'Cannot read at all', 'reference_column': 'literacy_Cannot read at all'}, 'wealth_quintile': {'reference': 'Poorest', 'reference_column': 'wealth_quintile_Poorest'}, 'residence': {'reference': 'Rural', 'reference_column': 'residence_Rural'}, 'country_admin_region': {'reference': 'kenya::01', 'reference_column': 'country_admin_region_kenya::01'}}"
binary_lpm,model4_preferred_lpm,underweight,kenya,country_admin_region_kenya::17,-0.031,0.031,-0.091,0.029,0.312,17381,1688,47,weight_original,cluster_robust_psu,True,"{'child_sex': {'reference': 'Male', 'reference_column': 'child_sex_Male'}, 'maternal_education': {'reference': 'No education', 'reference_column': 'maternal_education_No education'}, 'literacy': {'reference': 'Cannot read at all', 'reference_column': 'literacy_Cannot read at all'}, 'wealth_quintile': {'reference': 'Poorest', 'reference_column': 'wealth_quintile_Poorest'}, 'residence': {'reference': 'Rural', 'reference_column': 'residence_Rural'}, 'country_admin_region': {'reference': 'kenya::01', 'reference_column': 'country_admin_region_kenya::01'}}"
binary_lpm,model4_preferred_lpm,underweight,kenya,country_admin_region_kenya::18,-0.078,0.02,-0.118,-0.038,0.0,17381,1688,47,weight_original,cluster_robust_psu,True,"{'child_sex': {'reference': 'Male', 'reference_column': 'child_sex_Male'}, 'maternal_education': {'reference': 'No education', 'reference_column': 'maternal_education_No education'}, 'literacy': {'reference': 'Cannot read at all', 'reference_column': 'literacy_Cannot read at all'}, 'wealth_quintile': {'reference': 'Poorest', 'reference_column': 'wealth_quintile_Poorest'}, 'residence': {'reference': 'Rural', 'reference_column': 'residence_Rural'}, 'country_admin_region': {'reference': 'kenya::01', 'reference_column': 'country_admin_region_kenya::01'}}"
binary_lpm,model4_preferred_lpm,underweight,kenya,country_admin_region_kenya::19,-0.059,0.023,-0.103,-0.014,0.011,17381,1688,47,weight_original,cluster_robust_psu,True,"{'child_sex': {'reference': 'Male', 'reference_column': 'child_sex_Male'}, 'maternal_education': {'reference': 'No education', 'reference_column': 'maternal_education_No education'}, 'literacy': {'reference': 'Cannot read at all', 'reference_column': 'literacy_Cannot read at all'}, 'wealth_quintile': {'reference': 'Poorest', 'reference_column': 'wealth_quintile_Poorest'}, 'residence': {'reference': 'Rural', 'reference_column': 'residence_Rural'}, 'country_admin_region': {'reference': 'kenya::01', 'reference_column': 'country_admin_region_kenya::01'}}"
binary_lpm,model4_preferred_lpm,underweight,kenya,country_admin_region_kenya::20,-0.039,0.021,-0.081,0.002,0.064,17381,1688,47,weight_original,cluster_robust_psu,True,"{'child_sex': {'reference': 'Male', 'reference_column': 'child_sex_Male'}, 'maternal_education': {'reference': 'No education', 'reference_column': 'maternal_education_No education'}, 'literacy': {'reference': 'Cannot read at all', 'reference_column': 'literacy_Cannot read at all'}, 'wealth_quintile': {'reference': 'Poorest', 'reference_column': 'wealth_quintile_Poorest'}, 'residence': {'reference': 'Rural', 'reference_column': 'residence_Rural'}, 'country_admin_region': {'reference': 'kenya::01', 'reference_column': 'country_admin_region_kenya::01'}}"
binary_lpm,model4_preferred_lpm,underweight,kenya,country_admin_region_kenya::21,-0.066,0.024,-0.112,-0.019,0.005,17381,1688,47,weight_original,cluster_robust_psu,True,"{'child_sex': {'reference': 'Male', 'reference_column': 'child_sex_Male'}, 'maternal_education': {'reference': 'No education', 'reference_column': 'maternal_education_No education'}, 'literacy': {'reference': 'Cannot read at all', 'reference_column': 'literacy_Cannot read at all'}, 'wealth_quintile': {'reference': 'Poorest', 'reference_column': 'wealth_quintile_Poorest'}, 'residence': {'reference': 'Rural', 'reference_column': 'residence_Rural'}, 'country_admin_region': {'reference': 'kenya::01', 'reference_column': 'country_admin_region_kenya::01'}}"
binary_lpm,model4_preferred_lpm,underweight,kenya,country_admin_region_kenya::22,-0.029,0.024,-0.076,0.019,0.236,17381,1688,47,weight_original,cluster_robust_psu,True,"{'child_sex': {'reference': 'Male', 'reference_column': 'child_sex_Male'}, 'maternal_education': {'reference': 'No education', 'reference_column': 'maternal_education_No education'}, 'literacy': {'reference': 'Cannot read at all', 'reference_column': 'literacy_Cannot read at all'}, 'wealth_quintile': {'reference': 'Poorest', 'reference_column': 'wealth_quintile_Poorest'}, 'residence': {'reference': 'Rural', 'reference_column': 'residence_Rural'}, 'country_admin_region': {'reference': 'kenya::01', 'reference_column': 'country_admin_region_kenya::01'}}"
binary_lpm,model4_preferred_lpm,underweight,kenya,country_admin_region_kenya::23,0.099,0.033,0.034,0.165,0.003,17381,1688,47,weight_original,cluster_robust_psu,True,"{'child_sex': {'reference': 'Male', 'reference_column': 'child_sex_Male'}, 'maternal_education': {'reference': 'No education', 'reference_column': 'maternal_education_No education'}, 'literacy': {'reference': 'Cannot read at all', 'reference_column': 'literacy_Cannot read at all'}, 'wealth_quintile': {'reference': 'Poorest', 'reference_column': 'wealth_quintile_Poorest'}, 'residence': {'reference': 'Rural', 'reference_column': 'residence_Rural'}, 'country_admin_region': {'reference': 'kenya::01', 'reference_column': 'country_admin_region_kenya::01'}}"
binary_lpm,model4_preferred_lpm,underweight,kenya,country_admin_region_kenya::24,0.075,0.031,0.015,0.135,0.015,17381,1688,47,weight_original,cluster_robust_psu,True,"{'child_sex': {'reference': 'Male', 'reference_column': 'child_sex_Male'}, 'maternal_education': {'reference': 'No education', 'reference_column': 'maternal_education_No education'}, 'literacy': {'reference': 'Cannot read at all', 'reference_column': 'literacy_Cannot read at all'}, 'wealth_quintile': {'reference': 'Poorest', 'reference_column': 'wealth_quintile_Poorest'}, 'residence': {'reference': 'Rural', 'reference_column': 'residence_Rural'}, 'country_admin_region': {'reference': 'kenya::01', 'reference_column': 'country_admin_region_kenya::01'}}"
binary_lpm,model4_preferred_lpm,underweight,kenya,country_admin_region_kenya::25,0.103,0.03,0.045,0.162,0.001,17381,1688,47,weight_original,cluster_robust_psu,True,"{'child_sex': {'reference': 'Male', 'reference_column': 'child_sex_Male'}, 'maternal_education': {'reference': 'No education', 'reference_column': 'maternal_education_No education'}, 'literacy': {'reference': 'Cannot read at all', 'reference_column': 'literacy_Cannot read at all'}, 'wealth_quintile': {'reference': 'Poorest', 'reference_column': 'wealth_quintile_Poorest'}, 'residence': {'reference': 'Rural', 'reference_column': 'residence_Rural'}, 'country_admin_region': {'reference': 'kenya::01', 'reference_column': 'country_admin_region_kenya::01'}}"
binary_lpm,model4_preferred_lpm,underweight,kenya,country_admin_region_kenya::26,-0.008,0.025,-0.057,0.041,0.758,17381,1688,47,weight_original,cluster_robust_psu,True,"{'child_sex': {'reference': 'Male', 'reference_column': 'child_sex_Male'}, 'maternal_education': {'reference': 'No education', 'reference_column': 'maternal_education_No education'}, 'literacy': {'reference': 'Cannot read at all', 'reference_column': 'literacy_Cannot read at all'}, 'wealth_quintile': {'reference': 'Poorest', 'reference_column': 'wealth_quintile_Poorest'}, 'residence': {'reference': 'Rural', 'reference_column': 'residence_Rural'}, 'country_admin_region': {'reference': 'kenya::01', 'reference_column': 'country_admin_region_kenya::01'}}"
binary_lpm,model4_preferred_lpm,underweight,kenya,country_admin_region_kenya::27,-0.042,0.021,-0.084,-0.001,0.045,17381,1688,47,weight_original,cluster_robust_psu,True,"{'child_sex': {'reference': 'Male', 'reference_column': 'child_sex_Male'}, 'maternal_education': {'reference': 'No education', 'reference_column': 'maternal_education_No education'}, 'literacy': {'reference': 'Cannot read at all', 'reference_column': 'literacy_Cannot read at all'}, 'wealth_quintile': {'reference': 'Poorest', 'reference_column': 'wealth_quintile_Poorest'}, 'residence': {'reference': 'Rural', 'reference_column': 'residence_Rural'}, 'country_admin_region': {'reference': 'kenya::01', 'reference_column': 'country_admin_region_kenya::01'}}"
binary_lpm,model4_preferred_lpm,underweight,kenya,country_admin_region_kenya::28,-0.008,0.027,-0.061,0.045,0.767,17381,1688,47,weight_original,cluster_robust_psu,True,"{'child_sex': {'reference': 'Male', 'reference_column': 'child_sex_Male'}, 'maternal_education': {'reference': 'No education', 'reference_column': 'maternal_education_No education'}, 'literacy': {'reference': 'Cannot read at all', 'reference_column': 'literacy_Cannot read at all'}, 'wealth_quintile': {'reference': 'Poorest', 'reference_column': 'wealth_quintile_Poorest'}, 'residence': {'reference': 'Rural', 'reference_column': 'residence_Rural'}, 'country_admin_region': {'reference': 'kenya::01', 'reference_column': 'country_admin_region_kenya::01'}}"
binary_lpm,model4_preferred_lpm,underweight,kenya,country_admin_region_kenya::29,-0.052,0.026,-0.102,-0.001,0.045,17381,1688,47,weight_original,cluster_robust_psu,True,"{'child_sex': {'reference': 'Male', 'reference_column': 'child_sex_Male'}, 'maternal_education': {'reference': 'No education', 'reference_column': 'maternal_education_No education'}, 'literacy': {'reference': 'Cannot read at all', 'reference_column': 'literacy_Cannot read at all'}, 'wealth_quintile': {'reference': 'Poorest', 'reference_column': 'wealth_quintile_Poorest'}, 'residence': {'reference': 'Rural', 'reference_column': 'residence_Rural'}, 'country_admin_region': {'reference': 'kenya::01', 'reference_column': 'country_admin_region_kenya::01'}}"
binary_lpm,model4_preferred_lpm,underweight,kenya,country_admin_region_kenya::30,0.032,0.027,-0.021,0.084,0.239,17381,1688,47,weight_original,cluster_robust_psu,True,"{'child_sex': {'reference': 'Male', 'reference_column': 'child_sex_Male'}, 'maternal_education': {'reference': 'No education', 'reference_column': 'maternal_education_No education'}, 'literacy': {'reference': 'Cannot read at all', 'reference_column': 'literacy_Cannot read at all'}, 'wealth_quintile': {'reference': 'Poorest', 'reference_column': 'wealth_quintile_Poorest'}, 'residence': {'reference': 'Rural', 'reference_column': 'residence_Rural'}, 'country_admin_region': {'reference': 'kenya::01', 'reference_column': 'country_admin_region_kenya::01'}}"
binary_lpm,model4_preferred_lpm,underweight,kenya,country_admin_region_kenya::31,-0.06,0.024,-0.107,-0.013,0.013,17381,1688,47,weight_original,cluster_robust_psu,True,"{'child_sex': {'reference': 'Male', 'reference_column': 'child_sex_Male'}, 'maternal_education': {'reference': 'No education', 'reference_column': 'maternal_education_No education'}, 'literacy': {'reference': 'Cannot read at all', 'reference_column': 'literacy_Cannot read at all'}, 'wealth_quintile': {'reference': 'Poorest', 'reference_column': 'wealth_quintile_Poorest'}, 'residence': {'reference': 'Rural', 'reference_column': 'residence_Rural'}, 'country_admin_region': {'reference': 'kenya::01', 'reference_column': 'country_admin_region_kenya::01'}}"
binary_lpm,model4_preferred_lpm,underweight,kenya,country_admin_region_kenya::32,-0.017,0.022,-0.06,0.025,0.429,17381,1688,47,weight_original,cluster_robust_psu,True,"{'child_sex': {'reference': 'Male', 'reference_column': 'child_sex_Male'}, 'maternal_education': {'reference': 'No education', 'reference_column': 'maternal_education_No education'}, 'literacy': {'reference': 'Cannot read at all', 'reference_column': 'literacy_Cannot read at all'}, 'wealth_quintile': {'reference': 'Poorest', 'reference_column': 'wealth_quintile_Poorest'}, 'residence': {'reference': 'Rural', 'reference_column': 'residence_Rural'}, 'country_admin_region': {'reference': 'kenya::01', 'reference_column': 'country_admin_region_kenya::01'}}"
binary_lpm,model4_preferred_lpm,underweight,kenya,country_admin_region_kenya::33,-0.065,0.021,-0.106,-0.024,0.002,17381,1688,47,weight_original,cluster_robust_psu,True,"{'child_sex': {'reference': 'Male', 'reference_column': 'child_sex_Male'}, 'maternal_education': {'reference': 'No education', 'reference_column': 'maternal_education_No education'}, 'literacy': {'reference': 'Cannot read at all', 'reference_column': 'literacy_Cannot read at all'}, 'wealth_quintile': {'reference': 'Poorest', 'reference_column': 'wealth_quintile_Poorest'}, 'residence': {'reference': 'Rural', 'reference_column': 'residence_Rural'}, 'country_admin_region': {'reference': 'kenya::01', 'reference_column': 'country_admin_region_kenya::01'}}"
binary_lpm,model4_preferred_lpm,underweight,kenya,country_admin_region_kenya::34,-0.019,0.021,-0.061,0.023,0.371,17381,1688,47,weight_original,cluster_robust_psu,True,"{'child_sex': {'reference': 'Male', 'reference_column': 'child_sex_Male'}, 'maternal_education': {'reference': 'No education', 'reference_column': 'maternal_education_No education'}, 'literacy': {'reference': 'Cannot read at all', 'reference_column': 'literacy_Cannot read at all'}, 'wealth_quintile': {'reference': 'Poorest', 'reference_column': 'wealth_quintile_Poorest'}, 'residence': {'reference': 'Rural', 'reference_column': 'residence_Rural'}, 'country_admin_region': {'reference': 'kenya::01', 'reference_column': 'country_admin_region_kenya::01'}}"
binary_lpm,model4_preferred_lpm,underweight,kenya,country_admin_region_kenya::35,-0.049,0.023,-0.094,-0.004,0.035,17381,1688,47,weight_original,cluster_robust_psu,True,"{'child_sex': {'reference': 'Male', 'reference_column': 'child_sex_Male'}, 'maternal_education': {'reference': 'No education', 'reference_column': 'maternal_education_No education'}, 'literacy': {'reference': 'Cannot read at all', 'reference_column': 'literacy_Cannot read at all'}, 'wealth_quintile': {'reference': 'Poorest', 'reference_column': 'wealth_quintile_Poorest'}, 'residence': {'reference': 'Rural', 'reference_column': 'residence_Rural'}, 'country_admin_region': {'reference': 'kenya::01', 'reference_column': 'country_admin_region_kenya::01'}}"
binary_lpm,model4_preferred_lpm,underweight,kenya,country_admin_region_kenya::36,-0.032,0.023,-0.076,0.013,0.167,17381,1688,47,weight_original,cluster_robust_psu,True,"{'child_sex': {'reference': 'Male', 'reference_column': 'child_sex_Male'}, 'maternal_education': {'reference': 'No education', 'reference_column': 'maternal_education_No education'}, 'literacy': {'reference': 'Cannot read at all', 'reference_column': 'literacy_Cannot read at all'}, 'wealth_quintile': {'reference': 'Poorest', 'reference_column': 'wealth_quintile_Poorest'}, 'residence': {'reference': 'Rural', 'reference_column': 'residence_Rural'}, 'country_admin_region': {'reference': 'kenya::01', 'reference_column': 'country_admin_region_kenya::01'}}"
binary_lpm,model4_preferred_lpm,underweight,kenya,country_admin_region_kenya::37,-0.073,0.021,-0.114,-0.032,0.001,17381,1688,47,weight_original,cluster_robust_psu,True,"{'child_sex': {'reference': 'Male', 'reference_column': 'child_sex_Male'}, 'maternal_education': {'reference': 'No education', 'reference_column': 'maternal_education_No education'}, 'literacy': {'reference': 'Cannot read at all', 'reference_column': 'literacy_Cannot read at all'}, 'wealth_quintile': {'reference': 'Poorest', 'reference_column': 'wealth_quintile_Poorest'}, 'residence': {'reference': 'Rural', 'reference_column': 'residence_Rural'}, 'country_admin_region': {'reference': 'kenya::01', 'reference_column': 'country_admin_region_kenya::01'}}"
binary_lpm,model4_preferred_lpm,underweight,kenya,country_admin_region_kenya::38,-0.046,0.025,-0.095,0.004,0.069,17381,1688,47,weight_original,cluster_robust_psu,True,"{'child_sex': {'reference': 'Male', 'reference_column': 'child_sex_Male'}, 'maternal_education': {'reference': 'No education', 'reference_column': 'maternal_education_No education'}, 'literacy': {'reference': 'Cannot read at all', 'reference_column': 'literacy_Cannot read at all'}, 'wealth_quintile': {'reference': 'Poorest', 'reference_column': 'wealth_quintile_Poorest'}, 'residence': {'reference': 'Rural', 'reference_column': 'residence_Rural'}, 'country_admin_region': {'reference': 'kenya::01', 'reference_column': 'country_admin_region_kenya::01'}}"
binary_lpm,model4_preferred_lpm,underweight,kenya,country_admin_region_kenya::39,-0.048,0.026,-0.1,0.004,0.069,17381,1688,47,weight_original,cluster_robust_psu,True,"{'child_sex': {'reference': 'Male', 'reference_column': 'child_sex_Male'}, 'maternal_education': {'reference': 'No education', 'reference_column': 'maternal_education_No education'}, 'literacy': {'reference': 'Cannot read at all', 'reference_column': 'literacy_Cannot read at all'}, 'wealth_quintile': {'reference': 'Poorest', 'reference_column': 'wealth_quintile_Poorest'}, 'residence': {'reference': 'Rural', 'reference_column': 'residence_Rural'}, 'country_admin_region': {'reference': 'kenya::01', 'reference_column': 'country_admin_region_kenya::01'}}"
binary_lpm,model4_preferred_lpm,underweight,kenya,country_admin_region_kenya::40,-0.079,0.022,-0.122,-0.036,0.0,17381,1688,47,weight_original,cluster_robust_psu,True,"{'child_sex': {'reference': 'Male', 'reference_column': 'child_sex_Male'}, 'maternal_education': {'reference': 'No education', 'reference_column': 'maternal_education_No education'}, 'literacy': {'reference': 'Cannot read at all', 'reference_column': 'literacy_Cannot read at all'}, 'wealth_quintile': {'reference': 'Poorest', 'reference_column': 'wealth_quintile_Poorest'}, 'residence': {'reference': 'Rural', 'reference_column': 'residence_Rural'}, 'country_admin_region': {'reference': 'kenya::01', 'reference_column': 'country_admin_region_kenya::01'}}"
binary_lpm,model4_preferred_lpm,underweight,kenya,country_admin_region_kenya::41,-0.072,0.025,-0.121,-0.022,0.004,17381,1688,47,weight_original,cluster_robust_psu,True,"{'child_sex': {'reference': 'Male', 'reference_column': 'child_sex_Male'}, 'maternal_education': {'reference': 'No education', 'reference_column': 'maternal_education_No education'}, 'literacy': {'reference': 'Cannot read at all', 'reference_column': 'literacy_Cannot read at all'}, 'wealth_quintile': {'reference': 'Poorest', 'reference_column': 'wealth_quintile_Poorest'}, 'residence': {'reference': 'Rural', 'reference_column': 'residence_Rural'}, 'country_admin_region': {'reference': 'kenya::01', 'reference_column': 'country_admin_region_kenya::01'}}"
binary_lpm,model4_preferred_lpm,underweight,kenya,country_admin_region_kenya::42,-0.096,0.021,-0.136,-0.056,0.0,17381,1688,47,weight_original,cluster_robust_psu,True,"{'child_sex': {'reference': 'Male', 'reference_column': 'child_sex_Male'}, 'maternal_education': {'reference': 'No education', 'reference_column': 'maternal_education_No education'}, 'literacy': {'reference': 'Cannot read at all', 'reference_column': 'literacy_Cannot read at all'}, 'wealth_quintile': {'reference': 'Poorest', 'reference_column': 'wealth_quintile_Poorest'}, 'residence': {'reference': 'Rural', 'reference_column': 'residence_Rural'}, 'country_admin_region': {'reference': 'kenya::01', 'reference_column': 'country_admin_region_kenya::01'}}"
binary_lpm,model4_preferred_lpm,underweight,kenya,country_admin_region_kenya::43,-0.091,0.021,-0.132,-0.051,0.0,17381,1688,47,weight_original,cluster_robust_psu,True,"{'child_sex': {'reference': 'Male', 'reference_column': 'child_sex_Male'}, 'maternal_education': {'reference': 'No education', 'reference_column': 'maternal_education_No education'}, 'literacy': {'reference': 'Cannot read at all', 'reference_column': 'literacy_Cannot read at all'}, 'wealth_quintile': {'reference': 'Poorest', 'reference_column': 'wealth_quintile_Poorest'}, 'residence': {'reference': 'Rural', 'reference_column': 'residence_Rural'}, 'country_admin_region': {'reference': 'kenya::01', 'reference_column': 'country_admin_region_kenya::01'}}"
binary_lpm,model4_preferred_lpm,underweight,kenya,country_admin_region_kenya::44,-0.121,0.02,-0.16,-0.082,0.0,17381,1688,47,weight_original,cluster_robust_psu,True,"{'child_sex': {'reference': 'Male', 'reference_column': 'child_sex_Male'}, 'maternal_education': {'reference': 'No education', 'reference_column': 'maternal_education_No education'}, 'literacy': {'reference': 'Cannot read at all', 'reference_column': 'literacy_Cannot read at all'}, 'wealth_quintile': {'reference': 'Poorest', 'reference_column': 'wealth_quintile_Poorest'}, 'residence': {'reference': 'Rural', 'reference_column': 'residence_Rural'}, 'country_admin_region': {'reference': 'kenya::01', 'reference_column': 'country_admin_region_kenya::01'}}"
binary_lpm,model4_preferred_lpm,underweight,kenya,country_admin_region_kenya::45,-0.051,0.023,-0.096,-0.006,0.027,17381,1688,47,weight_original,cluster_robust_psu,True,"{'child_sex': {'reference': 'Male', 'reference_column': 'child_sex_Male'}, 'maternal_education': {'reference': 'No education', 'reference_column': 'maternal_education_No education'}, 'literacy': {'reference': 'Cannot read at all', 'reference_column': 'literacy_Cannot read at all'}, 'wealth_quintile': {'reference': 'Poorest', 'reference_column': 'wealth_quintile_Poorest'}, 'residence': {'reference': 'Rural', 'reference_column': 'residence_Rural'}, 'country_admin_region': {'reference': 'kenya::01', 'reference_column': 'country_admin_region_kenya::01'}}"
binary_lpm,model4_preferred_lpm,underweight,kenya,country_admin_region_kenya::46,-0.096,0.021,-0.138,-0.054,0.0,17381,1688,47,weight_original,cluster_robust_psu,True,"{'child_sex': {'reference': 'Male', 'reference_column': 'child_sex_Male'}, 'maternal_education': {'reference': 'No education', 'reference_column': 'maternal_education_No education'}, 'literacy': {'reference': 'Cannot read at all', 'reference_column': 'literacy_Cannot read at all'}, 'wealth_quintile': {'reference': 'Poorest', 'reference_column': 'wealth_quintile_Poorest'}, 'residence': {'reference': 'Rural', 'reference_column': 'residence_Rural'}, 'country_admin_region': {'reference': 'kenya::01', 'reference_column': 'country_admin_region_kenya::01'}}"
binary_lpm,model4_preferred_lpm,underweight,kenya,country_admin_region_kenya::47,-0.035,0.02,-0.074,0.004,0.082,17381,1688,47,weight_original,cluster_robust_psu,True,"{'child_sex': {'reference': 'Male', 'reference_column': 'child_sex_Male'}, 'maternal_education': {'reference': 'No education', 'reference_column': 'maternal_education_No education'}, 'literacy': {'reference': 'Cannot read at all', 'reference_column': 'literacy_Cannot read at all'}, 'wealth_quintile': {'reference': 'Poorest', 'reference_column': 'wealth_quintile_Poorest'}, 'residence': {'reference': 'Rural', 'reference_column': 'residence_Rural'}, 'country_admin_region': {'reference': 'kenya::01', 'reference_column': 'country_admin_region_kenya::01'}}"
binary_lpm,model4_preferred_lpm,underweight,nigeria,const,0.424,0.05,0.326,0.522,0.0,9513,1343,37,weight_original,cluster_robust_psu,True,"{'child_sex': {'reference': 'Male', 'reference_column': 'child_sex_Male'}, 'maternal_education': {'reference': 'No education', 'reference_column': 'maternal_education_No education'}, 'literacy': {'reference': 'Cannot read at all', 'reference_column': 'literacy_Cannot read at all'}, 'wealth_quintile': {'reference': 'Poorest', 'reference_column': 'wealth_quintile_Poorest'}, 'residence': {'reference': 'Rural', 'reference_column': 'residence_Rural'}, 'country_admin_region': {'reference': 'nigeria::01', 'reference_column': 'country_admin_region_nigeria::01'}}"
binary_lpm,model4_preferred_lpm,underweight,nigeria,water_rate_loo,-0.019,0.024,-0.066,0.028,0.434,9513,1343,37,weight_original,cluster_robust_psu,True,"{'child_sex': {'reference': 'Male', 'reference_column': 'child_sex_Male'}, 'maternal_education': {'reference': 'No education', 'reference_column': 'maternal_education_No education'}, 'literacy': {'reference': 'Cannot read at all', 'reference_column': 'literacy_Cannot read at all'}, 'wealth_quintile': {'reference': 'Poorest', 'reference_column': 'wealth_quintile_Poorest'}, 'residence': {'reference': 'Rural', 'reference_column': 'residence_Rural'}, 'country_admin_region': {'reference': 'nigeria::01', 'reference_column': 'country_admin_region_nigeria::01'}}"
binary_lpm,model4_preferred_lpm,underweight,nigeria,sanitation_rate_loo_core,0.009,0.026,-0.042,0.061,0.728,9513,1343,37,weight_original,cluster_robust_psu,True,"{'child_sex': {'reference': 'Male', 'reference_column': 'child_sex_Male'}, 'maternal_education': {'reference': 'No education', 'reference_column': 'maternal_education_No education'}, 'literacy': {'reference': 'Cannot read at all', 'reference_column': 'literacy_Cannot read at all'}, 'wealth_quintile': {'reference': 'Poorest', 'reference_column': 'wealth_quintile_Poorest'}, 'residence': {'reference': 'Rural', 'reference_column': 'residence_Rural'}, 'country_admin_region': {'reference': 'nigeria::01', 'reference_column': 'country_admin_region_nigeria::01'}}"
binary_lpm,model4_preferred_lpm,underweight,nigeria,b19_raw,0.001,0.0,0.001,0.002,0.0,9513,1343,37,weight_original,cluster_robust_psu,True,"{'child_sex': {'reference': 'Male', 'reference_column': 'child_sex_Male'}, 'maternal_education': {'reference': 'No education', 'reference_column': 'maternal_education_No education'}, 'literacy': {'reference': 'Cannot read at all', 'reference_column': 'literacy_Cannot read at all'}, 'wealth_quintile': {'reference': 'Poorest', 'reference_column': 'wealth_quintile_Poorest'}, 'residence': {'reference': 'Rural', 'reference_column': 'residence_Rural'}, 'country_admin_region': {'reference': 'nigeria::01', 'reference_column': 'country_admin_region_nigeria::01'}}"
binary_lpm,model4_preferred_lpm,underweight,nigeria,birth_order_raw,0.007,0.004,0.0,0.014,0.049,9513,1343,37,weight_original,cluster_robust_psu,True,"{'child_sex': {'reference': 'Male', 'reference_column': 'child_sex_Male'}, 'maternal_education': {'reference': 'No education', 'reference_column': 'maternal_education_No education'}, 'literacy': {'reference': 'Cannot read at all', 'reference_column': 'literacy_Cannot read at all'}, 'wealth_quintile': {'reference': 'Poorest', 'reference_column': 'wealth_quintile_Poorest'}, 'residence': {'reference': 'Rural', 'reference_column': 'residence_Rural'}, 'country_admin_region': {'reference': 'nigeria::01', 'reference_column': 'country_admin_region_nigeria::01'}}"
binary_lpm,model4_preferred_lpm,underweight,nigeria,maternal_age,-0.004,0.001,-0.007,-0.002,0.001,9513,1343,37,weight_original,cluster_robust_psu,True,"{'child_sex': {'reference': 'Male', 'reference_column': 'child_sex_Male'}, 'maternal_education': {'reference': 'No education', 'reference_column': 'maternal_education_No education'}, 'literacy': {'reference': 'Cannot read at all', 'reference_column': 'literacy_Cannot read at all'}, 'wealth_quintile': {'reference': 'Poorest', 'reference_column': 'wealth_quintile_Poorest'}, 'residence': {'reference': 'Rural', 'reference_column': 'residence_Rural'}, 'country_admin_region': {'reference': 'nigeria::01', 'reference_column': 'country_admin_region_nigeria::01'}}"
binary_lpm,model4_preferred_lpm,underweight,nigeria,household_size_raw,0.003,0.002,-0.001,0.007,0.099,9513,1343,37,weight_original,cluster_robust_psu,True,"{'child_sex': {'reference': 'Male', 'reference_column': 'child_sex_Male'}, 'maternal_education': {'reference': 'No education', 'reference_column': 'maternal_education_No education'}, 'literacy': {'reference': 'Cannot read at all', 'reference_column': 'literacy_Cannot read at all'}, 'wealth_quintile': {'reference': 'Poorest', 'reference_column': 'wealth_quintile_Poorest'}, 'residence': {'reference': 'Rural', 'reference_column': 'residence_Rural'}, 'country_admin_region': {'reference': 'nigeria::01', 'reference_column': 'country_admin_region_nigeria::01'}}"
binary_lpm,model4_preferred_lpm,underweight,nigeria,child_sex_Female,-0.014,0.01,-0.034,0.006,0.179,9513,1343,37,weight_original,cluster_robust_psu,True,"{'child_sex': {'reference': 'Male', 'reference_column': 'child_sex_Male'}, 'maternal_education': {'reference': 'No education', 'reference_column': 'maternal_education_No education'}, 'literacy': {'reference': 'Cannot read at all', 'reference_column': 'literacy_Cannot read at all'}, 'wealth_quintile': {'reference': 'Poorest', 'reference_column': 'wealth_quintile_Poorest'}, 'residence': {'reference': 'Rural', 'reference_column': 'residence_Rural'}, 'country_admin_region': {'reference': 'nigeria::01', 'reference_column': 'country_admin_region_nigeria::01'}}"
binary_lpm,model4_preferred_lpm,underweight,nigeria,maternal_education_Higher,-0.076,0.03,-0.135,-0.017,0.011,9513,1343,37,weight_original,cluster_robust_psu,True,"{'child_sex': {'reference': 'Male', 'reference_column': 'child_sex_Male'}, 'maternal_education': {'reference': 'No education', 'reference_column': 'maternal_education_No education'}, 'literacy': {'reference': 'Cannot read at all', 'reference_column': 'literacy_Cannot read at all'}, 'wealth_quintile': {'reference': 'Poorest', 'reference_column': 'wealth_quintile_Poorest'}, 'residence': {'reference': 'Rural', 'reference_column': 'residence_Rural'}, 'country_admin_region': {'reference': 'nigeria::01', 'reference_column': 'country_admin_region_nigeria::01'}}"
binary_lpm,model4_preferred_lpm,underweight,nigeria,maternal_education_Primary,-0.036,0.024,-0.083,0.011,0.13,9513,1343,37,weight_original,cluster_robust_psu,True,"{'child_sex': {'reference': 'Male', 'reference_column': 'child_sex_Male'}, 'maternal_education': {'reference': 'No education', 'reference_column': 'maternal_education_No education'}, 'literacy': {'reference': 'Cannot read at all', 'reference_column': 'literacy_Cannot read at all'}, 'wealth_quintile': {'reference': 'Poorest', 'reference_column': 'wealth_quintile_Poorest'}, 'residence': {'reference': 'Rural', 'reference_column': 'residence_Rural'}, 'country_admin_region': {'reference': 'nigeria::01', 'reference_column': 'country_admin_region_nigeria::01'}}"
binary_lpm,model4_preferred_lpm,underweight,nigeria,maternal_education_Secondary,-0.02,0.026,-0.071,0.03,0.437,9513,1343,37,weight_original,cluster_robust_psu,True,"{'child_sex': {'reference': 'Male', 'reference_column': 'child_sex_Male'}, 'maternal_education': {'reference': 'No education', 'reference_column': 'maternal_education_No education'}, 'literacy': {'reference': 'Cannot read at all', 'reference_column': 'literacy_Cannot read at all'}, 'wealth_quintile': {'reference': 'Poorest', 'reference_column': 'wealth_quintile_Poorest'}, 'residence': {'reference': 'Rural', 'reference_column': 'residence_Rural'}, 'country_admin_region': {'reference': 'nigeria::01', 'reference_column': 'country_admin_region_nigeria::01'}}"
binary_lpm,model4_preferred_lpm,underweight,nigeria,literacy_Able to read only parts of sentence,-0.051,0.022,-0.094,-0.008,0.021,9513,1343,37,weight_original,cluster_robust_psu,True,"{'child_sex': {'reference': 'Male', 'reference_column': 'child_sex_Male'}, 'maternal_education': {'reference': 'No education', 'reference_column': 'maternal_education_No education'}, 'literacy': {'reference': 'Cannot read at all', 'reference_column': 'literacy_Cannot read at all'}, 'wealth_quintile': {'reference': 'Poorest', 'reference_column': 'wealth_quintile_Poorest'}, 'residence': {'reference': 'Rural', 'reference_column': 'residence_Rural'}, 'country_admin_region': {'reference': 'nigeria::01', 'reference_column': 'country_admin_region_nigeria::01'}}"
binary_lpm,model4_preferred_lpm,underweight,nigeria,literacy_Able to read whole sentence,-0.057,0.024,-0.103,-0.01,0.018,9513,1343,37,weight_original,cluster_robust_psu,True,"{'child_sex': {'reference': 'Male', 'reference_column': 'child_sex_Male'}, 'maternal_education': {'reference': 'No education', 'reference_column': 'maternal_education_No education'}, 'literacy': {'reference': 'Cannot read at all', 'reference_column': 'literacy_Cannot read at all'}, 'wealth_quintile': {'reference': 'Poorest', 'reference_column': 'wealth_quintile_Poorest'}, 'residence': {'reference': 'Rural', 'reference_column': 'residence_Rural'}, 'country_admin_region': {'reference': 'nigeria::01', 'reference_column': 'country_admin_region_nigeria::01'}}"
binary_lpm,model4_preferred_lpm,underweight,nigeria,literacy_Blind/visually impaired,0.439,0.177,0.092,0.787,0.013,9513,1343,37,weight_original,cluster_robust_psu,True,"{'child_sex': {'reference': 'Male', 'reference_column': 'child_sex_Male'}, 'maternal_education': {'reference': 'No education', 'reference_column': 'maternal_education_No education'}, 'literacy': {'reference': 'Cannot read at all', 'reference_column': 'literacy_Cannot read at all'}, 'wealth_quintile': {'reference': 'Poorest', 'reference_column': 'wealth_quintile_Poorest'}, 'residence': {'reference': 'Rural', 'reference_column': 'residence_Rural'}, 'country_admin_region': {'reference': 'nigeria::01', 'reference_column': 'country_admin_region_nigeria::01'}}"
binary_lpm,model4_preferred_lpm,underweight,nigeria,literacy_No card with required language,-0.202,0.043,-0.286,-0.118,0.0,9513,1343,37,weight_original,cluster_robust_psu,True,"{'child_sex': {'reference': 'Male', 'reference_column': 'child_sex_Male'}, 'maternal_education': {'reference': 'No education', 'reference_column': 'maternal_education_No education'}, 'literacy': {'reference': 'Cannot read at all', 'reference_column': 'literacy_Cannot read at all'}, 'wealth_quintile': {'reference': 'Poorest', 'reference_column': 'wealth_quintile_Poorest'}, 'residence': {'reference': 'Rural', 'reference_column': 'residence_Rural'}, 'country_admin_region': {'reference': 'nigeria::01', 'reference_column': 'country_admin_region_nigeria::01'}}"
binary_lpm,model4_preferred_lpm,underweight,nigeria,wealth_quintile_Middle,-0.086,0.023,-0.13,-0.041,0.0,9513,1343,37,weight_original,cluster_robust_psu,True,"{'child_sex': {'reference': 'Male', 'reference_column': 'child_sex_Male'}, 'maternal_education': {'reference': 'No education', 'reference_column': 'maternal_education_No education'}, 'literacy': {'reference': 'Cannot read at all', 'reference_column': 'literacy_Cannot read at all'}, 'wealth_quintile': {'reference': 'Poorest', 'reference_column': 'wealth_quintile_Poorest'}, 'residence': {'reference': 'Rural', 'reference_column': 'residence_Rural'}, 'country_admin_region': {'reference': 'nigeria::01', 'reference_column': 'country_admin_region_nigeria::01'}}"
binary_lpm,model4_preferred_lpm,underweight,nigeria,wealth_quintile_Poorer,-0.043,0.02,-0.081,-0.005,0.028,9513,1343,37,weight_original,cluster_robust_psu,True,"{'child_sex': {'reference': 'Male', 'reference_column': 'child_sex_Male'}, 'maternal_education': {'reference': 'No education', 'reference_column': 'maternal_education_No education'}, 'literacy': {'reference': 'Cannot read at all', 'reference_column': 'literacy_Cannot read at all'}, 'wealth_quintile': {'reference': 'Poorest', 'reference_column': 'wealth_quintile_Poorest'}, 'residence': {'reference': 'Rural', 'reference_column': 'residence_Rural'}, 'country_admin_region': {'reference': 'nigeria::01', 'reference_column': 'country_admin_region_nigeria::01'}}"
binary_lpm,model4_preferred_lpm,underweight,nigeria,wealth_quintile_Richer,-0.094,0.028,-0.149,-0.039,0.001,9513,1343,37,weight_original,cluster_robust_psu,True,"{'child_sex': {'reference': 'Male', 'reference_column': 'child_sex_Male'}, 'maternal_education': {'reference': 'No education', 'reference_column': 'maternal_education_No education'}, 'literacy': {'reference': 'Cannot read at all', 'reference_column': 'literacy_Cannot read at all'}, 'wealth_quintile': {'reference': 'Poorest', 'reference_column': 'wealth_quintile_Poorest'}, 'residence': {'reference': 'Rural', 'reference_column': 'residence_Rural'}, 'country_admin_region': {'reference': 'nigeria::01', 'reference_column': 'country_admin_region_nigeria::01'}}"
binary_lpm,model4_preferred_lpm,underweight,nigeria,wealth_quintile_Richest,-0.152,0.033,-0.216,-0.089,0.0,9513,1343,37,weight_original,cluster_robust_psu,True,"{'child_sex': {'reference': 'Male', 'reference_column': 'child_sex_Male'}, 'maternal_education': {'reference': 'No education', 'reference_column': 'maternal_education_No education'}, 'literacy': {'reference': 'Cannot read at all', 'reference_column': 'literacy_Cannot read at all'}, 'wealth_quintile': {'reference': 'Poorest', 'reference_column': 'wealth_quintile_Poorest'}, 'residence': {'reference': 'Rural', 'reference_column': 'residence_Rural'}, 'country_admin_region': {'reference': 'nigeria::01', 'reference_column': 'country_admin_region_nigeria::01'}}"
binary_lpm,model4_preferred_lpm,underweight,nigeria,residence_Urban,0.02,0.017,-0.013,0.054,0.231,9513,1343,37,weight_original,cluster_robust_psu,True,"{'child_sex': {'reference': 'Male', 'reference_column': 'child_sex_Male'}, 'maternal_education': {'reference': 'No education', 'reference_column': 'maternal_education_No education'}, 'literacy': {'reference': 'Cannot read at all', 'reference_column': 'literacy_Cannot read at all'}, 'wealth_quintile': {'reference': 'Poorest', 'reference_column': 'wealth_quintile_Poorest'}, 'residence': {'reference': 'Rural', 'reference_column': 'residence_Rural'}, 'country_admin_region': {'reference': 'nigeria::01', 'reference_column': 'country_admin_region_nigeria::01'}}"
binary_lpm,model4_preferred_lpm,underweight,nigeria,country_admin_region_nigeria::02,-0.099,0.046,-0.19,-0.008,0.034,9513,1343,37,weight_original,cluster_robust_psu,True,"{'child_sex': {'reference': 'Male', 'reference_column': 'child_sex_Male'}, 'maternal_education': {'reference': 'No education', 'reference_column': 'maternal_education_No education'}, 'literacy': {'reference': 'Cannot read at all', 'reference_column': 'literacy_Cannot read at all'}, 'wealth_quintile': {'reference': 'Poorest', 'reference_column': 'wealth_quintile_Poorest'}, 'residence': {'reference': 'Rural', 'reference_column': 'residence_Rural'}, 'country_admin_region': {'reference': 'nigeria::01', 'reference_column': 'country_admin_region_nigeria::01'}}"
binary_lpm,model4_preferred_lpm,underweight,nigeria,country_admin_region_nigeria::03,-0.042,0.042,-0.125,0.041,0.319,9513,1343,37,weight_original,cluster_robust_psu,True,"{'child_sex': {'reference': 'Male', 'reference_column': 'child_sex_Male'}, 'maternal_education': {'reference': 'No education', 'reference_column': 'maternal_education_No education'}, 'literacy': {'reference': 'Cannot read at all', 'reference_column': 'literacy_Cannot read at all'}, 'wealth_quintile': {'reference': 'Poorest', 'reference_column': 'wealth_quintile_Poorest'}, 'residence': {'reference': 'Rural', 'reference_column': 'residence_Rural'}, 'country_admin_region': {'reference': 'nigeria::01', 'reference_column': 'country_admin_region_nigeria::01'}}"
binary_lpm,model4_preferred_lpm,underweight,nigeria,country_admin_region_nigeria::04,0.015,0.045,-0.073,0.103,0.739,9513,1343,37,weight_original,cluster_robust_psu,True,"{'child_sex': {'reference': 'Male', 'reference_column': 'child_sex_Male'}, 'maternal_education': {'reference': 'No education', 'reference_column': 'maternal_education_No education'}, 'literacy': {'reference': 'Cannot read at all', 'reference_column': 'literacy_Cannot read at all'}, 'wealth_quintile': {'reference': 'Poorest', 'reference_column': 'wealth_quintile_Poorest'}, 'residence': {'reference': 'Rural', 'reference_column': 'residence_Rural'}, 'country_admin_region': {'reference': 'nigeria::01', 'reference_column': 'country_admin_region_nigeria::01'}}"
binary_lpm,model4_preferred_lpm,underweight,nigeria,country_admin_region_nigeria::05,-0.007,0.043,-0.091,0.078,0.874,9513,1343,37,weight_original,cluster_robust_psu,True,"{'child_sex': {'reference': 'Male', 'reference_column': 'child_sex_Male'}, 'maternal_education': {'reference': 'No education', 'reference_column': 'maternal_education_No education'}, 'literacy': {'reference': 'Cannot read at all', 'reference_column': 'literacy_Cannot read at all'}, 'wealth_quintile': {'reference': 'Poorest', 'reference_column': 'wealth_quintile_Poorest'}, 'residence': {'reference': 'Rural', 'reference_column': 'residence_Rural'}, 'country_admin_region': {'reference': 'nigeria::01', 'reference_column': 'country_admin_region_nigeria::01'}}"
binary_lpm,model4_preferred_lpm,underweight,nigeria,country_admin_region_nigeria::06,-0.048,0.044,-0.135,0.038,0.273,9513,1343,37,weight_original,cluster_robust_psu,True,"{'child_sex': {'reference': 'Male', 'reference_column': 'child_sex_Male'}, 'maternal_education': {'reference': 'No education', 'reference_column': 'maternal_education_No education'}, 'literacy': {'reference': 'Cannot read at all', 'reference_column': 'literacy_Cannot read at all'}, 'wealth_quintile': {'reference': 'Poorest', 'reference_column': 'wealth_quintile_Poorest'}, 'residence': {'reference': 'Rural', 'reference_column': 'residence_Rural'}, 'country_admin_region': {'reference': 'nigeria::01', 'reference_column': 'country_admin_region_nigeria::01'}}"
binary_lpm,model4_preferred_lpm,underweight,nigeria,country_admin_region_nigeria::07,-0.028,0.047,-0.119,0.063,0.549,9513,1343,37,weight_original,cluster_robust_psu,True,"{'child_sex': {'reference': 'Male', 'reference_column': 'child_sex_Male'}, 'maternal_education': {'reference': 'No education', 'reference_column': 'maternal_education_No education'}, 'literacy': {'reference': 'Cannot read at all', 'reference_column': 'literacy_Cannot read at all'}, 'wealth_quintile': {'reference': 'Poorest', 'reference_column': 'wealth_quintile_Poorest'}, 'residence': {'reference': 'Rural', 'reference_column': 'residence_Rural'}, 'country_admin_region': {'reference': 'nigeria::01', 'reference_column': 'country_admin_region_nigeria::01'}}"
binary_lpm,model4_preferred_lpm,underweight,nigeria,country_admin_region_nigeria::08,0.029,0.052,-0.073,0.132,0.571,9513,1343,37,weight_original,cluster_robust_psu,True,"{'child_sex': {'reference': 'Male', 'reference_column': 'child_sex_Male'}, 'maternal_education': {'reference': 'No education', 'reference_column': 'maternal_education_No education'}, 'literacy': {'reference': 'Cannot read at all', 'reference_column': 'literacy_Cannot read at all'}, 'wealth_quintile': {'reference': 'Poorest', 'reference_column': 'wealth_quintile_Poorest'}, 'residence': {'reference': 'Rural', 'reference_column': 'residence_Rural'}, 'country_admin_region': {'reference': 'nigeria::01', 'reference_column': 'country_admin_region_nigeria::01'}}"
binary_lpm,model4_preferred_lpm,underweight,nigeria,country_admin_region_nigeria::09,0.022,0.041,-0.059,0.103,0.593,9513,1343,37,weight_original,cluster_robust_psu,True,"{'child_sex': {'reference': 'Male', 'reference_column': 'child_sex_Male'}, 'maternal_education': {'reference': 'No education', 'reference_column': 'maternal_education_No education'}, 'literacy': {'reference': 'Cannot read at all', 'reference_column': 'literacy_Cannot read at all'}, 'wealth_quintile': {'reference': 'Poorest', 'reference_column': 'wealth_quintile_Poorest'}, 'residence': {'reference': 'Rural', 'reference_column': 'residence_Rural'}, 'country_admin_region': {'reference': 'nigeria::01', 'reference_column': 'country_admin_region_nigeria::01'}}"
binary_lpm,model4_preferred_lpm,underweight,nigeria,country_admin_region_nigeria::10,-0.02,0.053,-0.123,0.083,0.708,9513,1343,37,weight_original,cluster_robust_psu,True,"{'child_sex': {'reference': 'Male', 'reference_column': 'child_sex_Male'}, 'maternal_education': {'reference': 'No education', 'reference_column': 'maternal_education_No education'}, 'literacy': {'reference': 'Cannot read at all', 'reference_column': 'literacy_Cannot read at all'}, 'wealth_quintile': {'reference': 'Poorest', 'reference_column': 'wealth_quintile_Poorest'}, 'residence': {'reference': 'Rural', 'reference_column': 'residence_Rural'}, 'country_admin_region': {'reference': 'nigeria::01', 'reference_column': 'country_admin_region_nigeria::01'}}"
binary_lpm,model4_preferred_lpm,underweight,nigeria,country_admin_region_nigeria::11,0.077,0.049,-0.02,0.174,0.118,9513,1343,37,weight_original,cluster_robust_psu,True,"{'child_sex': {'reference': 'Male', 'reference_column': 'child_sex_Male'}, 'maternal_education': {'reference': 'No education', 'reference_column': 'maternal_education_No education'}, 'literacy': {'reference': 'Cannot read at all', 'reference_column': 'literacy_Cannot read at all'}, 'wealth_quintile': {'reference': 'Poorest', 'reference_column': 'wealth_quintile_Poorest'}, 'residence': {'reference': 'Rural', 'reference_column': 'residence_Rural'}, 'country_admin_region': {'reference': 'nigeria::01', 'reference_column': 'country_admin_region_nigeria::01'}}"
binary_lpm,model4_preferred_lpm,underweight,nigeria,country_admin_region_nigeria::12,0.024,0.055,-0.083,0.131,0.664,9513,1343,37,weight_original,cluster_robust_psu,True,"{'child_sex': {'reference': 'Male', 'reference_column': 'child_sex_Male'}, 'maternal_education': {'reference': 'No education', 'reference_column': 'maternal_education_No education'}, 'literacy': {'reference': 'Cannot read at all', 'reference_column': 'literacy_Cannot read at all'}, 'wealth_quintile': {'reference': 'Poorest', 'reference_column': 'wealth_quintile_Poorest'}, 'residence': {'reference': 'Rural', 'reference_column': 'residence_Rural'}, 'country_admin_region': {'reference': 'nigeria::01', 'reference_column': 'country_admin_region_nigeria::01'}}"
binary_lpm,model4_preferred_lpm,underweight,nigeria,country_admin_region_nigeria::13,0.072,0.05,-0.026,0.17,0.149,9513,1343,37,weight_original,cluster_robust_psu,True,"{'child_sex': {'reference': 'Male', 'reference_column': 'child_sex_Male'}, 'maternal_education': {'reference': 'No education', 'reference_column': 'maternal_education_No education'}, 'literacy': {'reference': 'Cannot read at all', 'reference_column': 'literacy_Cannot read at all'}, 'wealth_quintile': {'reference': 'Poorest', 'reference_column': 'wealth_quintile_Poorest'}, 'residence': {'reference': 'Rural', 'reference_column': 'residence_Rural'}, 'country_admin_region': {'reference': 'nigeria::01', 'reference_column': 'country_admin_region_nigeria::01'}}"
binary_lpm,model4_preferred_lpm,underweight,nigeria,country_admin_region_nigeria::14,0.069,0.049,-0.027,0.165,0.159,9513,1343,37,weight_original,cluster_robust_psu,True,"{'child_sex': {'reference': 'Male', 'reference_column': 'child_sex_Male'}, 'maternal_education': {'reference': 'No education', 'reference_column': 'maternal_education_No education'}, 'literacy': {'reference': 'Cannot read at all', 'reference_column': 'literacy_Cannot read at all'}, 'wealth_quintile': {'reference': 'Poorest', 'reference_column': 'wealth_quintile_Poorest'}, 'residence': {'reference': 'Rural', 'reference_column': 'residence_Rural'}, 'country_admin_region': {'reference': 'nigeria::01', 'reference_column': 'country_admin_region_nigeria::01'}}"
binary_lpm,model4_preferred_lpm,underweight,nigeria,country_admin_region_nigeria::15,0.002,0.038,-0.072,0.075,0.963,9513,1343,37,weight_original,cluster_robust_psu,True,"{'child_sex': {'reference': 'Male', 'reference_column': 'child_sex_Male'}, 'maternal_education': {'reference': 'No education', 'reference_column': 'maternal_education_No education'}, 'literacy': {'reference': 'Cannot read at all', 'reference_column': 'literacy_Cannot read at all'}, 'wealth_quintile': {'reference': 'Poorest', 'reference_column': 'wealth_quintile_Poorest'}, 'residence': {'reference': 'Rural', 'reference_column': 'residence_Rural'}, 'country_admin_region': {'reference': 'nigeria::01', 'reference_column': 'country_admin_region_nigeria::01'}}"
binary_lpm,model4_preferred_lpm,underweight,nigeria,country_admin_region_nigeria::16,0.116,0.042,0.035,0.198,0.005,9513,1343,37,weight_original,cluster_robust_psu,True,"{'child_sex': {'reference': 'Male', 'reference_column': 'child_sex_Male'}, 'maternal_education': {'reference': 'No education', 'reference_column': 'maternal_education_No education'}, 'literacy': {'reference': 'Cannot read at all', 'reference_column': 'literacy_Cannot read at all'}, 'wealth_quintile': {'reference': 'Poorest', 'reference_column': 'wealth_quintile_Poorest'}, 'residence': {'reference': 'Rural', 'reference_column': 'residence_Rural'}, 'country_admin_region': {'reference': 'nigeria::01', 'reference_column': 'country_admin_region_nigeria::01'}}"
binary_lpm,model4_preferred_lpm,underweight,nigeria,country_admin_region_nigeria::17,-0.058,0.046,-0.148,0.031,0.201,9513,1343,37,weight_original,cluster_robust_psu,True,"{'child_sex': {'reference': 'Male', 'reference_column': 'child_sex_Male'}, 'maternal_education': {'reference': 'No education', 'reference_column': 'maternal_education_No education'}, 'literacy': {'reference': 'Cannot read at all', 'reference_column': 'literacy_Cannot read at all'}, 'wealth_quintile': {'reference': 'Poorest', 'reference_column': 'wealth_quintile_Poorest'}, 'residence': {'reference': 'Rural', 'reference_column': 'residence_Rural'}, 'country_admin_region': {'reference': 'nigeria::01', 'reference_column': 'country_admin_region_nigeria::01'}}"
binary_lpm,model4_preferred_lpm,underweight,nigeria,country_admin_region_nigeria::18,0.056,0.048,-0.038,0.15,0.241,9513,1343,37,weight_original,cluster_robust_psu,True,"{'child_sex': {'reference': 'Male', 'reference_column': 'child_sex_Male'}, 'maternal_education': {'reference': 'No education', 'reference_column': 'maternal_education_No education'}, 'literacy': {'reference': 'Cannot read at all', 'reference_column': 'literacy_Cannot read at all'}, 'wealth_quintile': {'reference': 'Poorest', 'reference_column': 'wealth_quintile_Poorest'}, 'residence': {'reference': 'Rural', 'reference_column': 'residence_Rural'}, 'country_admin_region': {'reference': 'nigeria::01', 'reference_column': 'country_admin_region_nigeria::01'}}"
binary_lpm,model4_preferred_lpm,underweight,nigeria,country_admin_region_nigeria::19,-0.077,0.046,-0.168,0.014,0.098,9513,1343,37,weight_original,cluster_robust_psu,True,"{'child_sex': {'reference': 'Male', 'reference_column': 'child_sex_Male'}, 'maternal_education': {'reference': 'No education', 'reference_column': 'maternal_education_No education'}, 'literacy': {'reference': 'Cannot read at all', 'reference_column': 'literacy_Cannot read at all'}, 'wealth_quintile': {'reference': 'Poorest', 'reference_column': 'wealth_quintile_Poorest'}, 'residence': {'reference': 'Rural', 'reference_column': 'residence_Rural'}, 'country_admin_region': {'reference': 'nigeria::01', 'reference_column': 'country_admin_region_nigeria::01'}}"
binary_lpm,model4_preferred_lpm,underweight,nigeria,country_admin_region_nigeria::20,0.142,0.05,0.044,0.241,0.005,9513,1343,37,weight_original,cluster_robust_psu,True,"{'child_sex': {'reference': 'Male', 'reference_column': 'child_sex_Male'}, 'maternal_education': {'reference': 'No education', 'reference_column': 'maternal_education_No education'}, 'literacy': {'reference': 'Cannot read at all', 'reference_column': 'literacy_Cannot read at all'}, 'wealth_quintile': {'reference': 'Poorest', 'reference_column': 'wealth_quintile_Poorest'}, 'residence': {'reference': 'Rural', 'reference_column': 'residence_Rural'}, 'country_admin_region': {'reference': 'nigeria::01', 'reference_column': 'country_admin_region_nigeria::01'}}"
binary_lpm,model4_preferred_lpm,underweight,nigeria,country_admin_region_nigeria::21,0.007,0.049,-0.09,0.104,0.891,9513,1343,37,weight_original,cluster_robust_psu,True,"{'child_sex': {'reference': 'Male', 'reference_column': 'child_sex_Male'}, 'maternal_education': {'reference': 'No education', 'reference_column': 'maternal_education_No education'}, 'literacy': {'reference': 'Cannot read at all', 'reference_column': 'literacy_Cannot read at all'}, 'wealth_quintile': {'reference': 'Poorest', 'reference_column': 'wealth_quintile_Poorest'}, 'residence': {'reference': 'Rural', 'reference_column': 'residence_Rural'}, 'country_admin_region': {'reference': 'nigeria::01', 'reference_column': 'country_admin_region_nigeria::01'}}"
binary_lpm,model4_preferred_lpm,underweight,nigeria,country_admin_region_nigeria::22,-0.026,0.038,-0.1,0.049,0.499,9513,1343,37,weight_original,cluster_robust_psu,True,"{'child_sex': {'reference': 'Male', 'reference_column': 'child_sex_Male'}, 'maternal_education': {'reference': 'No education', 'reference_column': 'maternal_education_No education'}, 'literacy': {'reference': 'Cannot read at all', 'reference_column': 'literacy_Cannot read at all'}, 'wealth_quintile': {'reference': 'Poorest', 'reference_column': 'wealth_quintile_Poorest'}, 'residence': {'reference': 'Rural', 'reference_column': 'residence_Rural'}, 'country_admin_region': {'reference': 'nigeria::01', 'reference_column': 'country_admin_region_nigeria::01'}}"
binary_lpm,model4_preferred_lpm,underweight,nigeria,country_admin_region_nigeria::23,-0.026,0.038,-0.1,0.049,0.5,9513,1343,37,weight_original,cluster_robust_psu,True,"{'child_sex': {'reference': 'Male', 'reference_column': 'child_sex_Male'}, 'maternal_education': {'reference': 'No education', 'reference_column': 'maternal_education_No education'}, 'literacy': {'reference': 'Cannot read at all', 'reference_column': 'literacy_Cannot read at all'}, 'wealth_quintile': {'reference': 'Poorest', 'reference_column': 'wealth_quintile_Poorest'}, 'residence': {'reference': 'Rural', 'reference_column': 'residence_Rural'}, 'country_admin_region': {'reference': 'nigeria::01', 'reference_column': 'country_admin_region_nigeria::01'}}"
binary_lpm,model4_preferred_lpm,underweight,nigeria,country_admin_region_nigeria::24,-0.106,0.035,-0.174,-0.037,0.003,9513,1343,37,weight_original,cluster_robust_psu,True,"{'child_sex': {'reference': 'Male', 'reference_column': 'child_sex_Male'}, 'maternal_education': {'reference': 'No education', 'reference_column': 'maternal_education_No education'}, 'literacy': {'reference': 'Cannot read at all', 'reference_column': 'literacy_Cannot read at all'}, 'wealth_quintile': {'reference': 'Poorest', 'reference_column': 'wealth_quintile_Poorest'}, 'residence': {'reference': 'Rural', 'reference_column': 'residence_Rural'}, 'country_admin_region': {'reference': 'nigeria::01', 'reference_column': 'country_admin_region_nigeria::01'}}"
binary_lpm,model4_preferred_lpm,underweight,nigeria,country_admin_region_nigeria::25,-0.01,0.039,-0.087,0.066,0.789,9513,1343,37,weight_original,cluster_robust_psu,True,"{'child_sex': {'reference': 'Male', 'reference_column': 'child_sex_Male'}, 'maternal_education': {'reference': 'No education', 'reference_column': 'maternal_education_No education'}, 'literacy': {'reference': 'Cannot read at all', 'reference_column': 'literacy_Cannot read at all'}, 'wealth_quintile': {'reference': 'Poorest', 'reference_column': 'wealth_quintile_Poorest'}, 'residence': {'reference': 'Rural', 'reference_column': 'residence_Rural'}, 'country_admin_region': {'reference': 'nigeria::01', 'reference_column': 'country_admin_region_nigeria::01'}}"
binary_lpm,model4_preferred_lpm,underweight,nigeria,country_admin_region_nigeria::26,0.038,0.042,-0.045,0.12,0.374,9513,1343,37,weight_original,cluster_robust_psu,True,"{'child_sex': {'reference': 'Male', 'reference_column': 'child_sex_Male'}, 'maternal_education': {'reference': 'No education', 'reference_column': 'maternal_education_No education'}, 'literacy': {'reference': 'Cannot read at all', 'reference_column': 'literacy_Cannot read at all'}, 'wealth_quintile': {'reference': 'Poorest', 'reference_column': 'wealth_quintile_Poorest'}, 'residence': {'reference': 'Rural', 'reference_column': 'residence_Rural'}, 'country_admin_region': {'reference': 'nigeria::01', 'reference_column': 'country_admin_region_nigeria::01'}}"
binary_lpm,model4_preferred_lpm,underweight,nigeria,country_admin_region_nigeria::27,0.037,0.043,-0.048,0.121,0.398,9513,1343,37,weight_original,cluster_robust_psu,True,"{'child_sex': {'reference': 'Male', 'reference_column': 'child_sex_Male'}, 'maternal_education': {'reference': 'No education', 'reference_column': 'maternal_education_No education'}, 'literacy': {'reference': 'Cannot read at all', 'reference_column': 'literacy_Cannot read at all'}, 'wealth_quintile': {'reference': 'Poorest', 'reference_column': 'wealth_quintile_Poorest'}, 'residence': {'reference': 'Rural', 'reference_column': 'residence_Rural'}, 'country_admin_region': {'reference': 'nigeria::01', 'reference_column': 'country_admin_region_nigeria::01'}}"
binary_lpm,model4_preferred_lpm,underweight,nigeria,country_admin_region_nigeria::28,-0.025,0.043,-0.109,0.059,0.563,9513,1343,37,weight_original,cluster_robust_psu,True,"{'child_sex': {'reference': 'Male', 'reference_column': 'child_sex_Male'}, 'maternal_education': {'reference': 'No education', 'reference_column': 'maternal_education_No education'}, 'literacy': {'reference': 'Cannot read at all', 'reference_column': 'literacy_Cannot read at all'}, 'wealth_quintile': {'reference': 'Poorest', 'reference_column': 'wealth_quintile_Poorest'}, 'residence': {'reference': 'Rural', 'reference_column': 'residence_Rural'}, 'country_admin_region': {'reference': 'nigeria::01', 'reference_column': 'country_admin_region_nigeria::01'}}"
binary_lpm,model4_preferred_lpm,underweight,nigeria,country_admin_region_nigeria::29,0.052,0.043,-0.032,0.136,0.225,9513,1343,37,weight_original,cluster_robust_psu,True,"{'child_sex': {'reference': 'Male', 'reference_column': 'child_sex_Male'}, 'maternal_education': {'reference': 'No education', 'reference_column': 'maternal_education_No education'}, 'literacy': {'reference': 'Cannot read at all', 'reference_column': 'literacy_Cannot read at all'}, 'wealth_quintile': {'reference': 'Poorest', 'reference_column': 'wealth_quintile_Poorest'}, 'residence': {'reference': 'Rural', 'reference_column': 'residence_Rural'}, 'country_admin_region': {'reference': 'nigeria::01', 'reference_column': 'country_admin_region_nigeria::01'}}"
binary_lpm,model4_preferred_lpm,underweight,nigeria,country_admin_region_nigeria::30,-0.018,0.037,-0.09,0.054,0.624,9513,1343,37,weight_original,cluster_robust_psu,True,"{'child_sex': {'reference': 'Male', 'reference_column': 'child_sex_Male'}, 'maternal_education': {'reference': 'No education', 'reference_column': 'maternal_education_No education'}, 'literacy': {'reference': 'Cannot read at all', 'reference_column': 'literacy_Cannot read at all'}, 'wealth_quintile': {'reference': 'Poorest', 'reference_column': 'wealth_quintile_Poorest'}, 'residence': {'reference': 'Rural', 'reference_column': 'residence_Rural'}, 'country_admin_region': {'reference': 'nigeria::01', 'reference_column': 'country_admin_region_nigeria::01'}}"
binary_lpm,model4_preferred_lpm,underweight,nigeria,country_admin_region_nigeria::31,-0.028,0.037,-0.101,0.044,0.444,9513,1343,37,weight_original,cluster_robust_psu,True,"{'child_sex': {'reference': 'Male', 'reference_column': 'child_sex_Male'}, 'maternal_education': {'reference': 'No education', 'reference_column': 'maternal_education_No education'}, 'literacy': {'reference': 'Cannot read at all', 'reference_column': 'literacy_Cannot read at all'}, 'wealth_quintile': {'reference': 'Poorest', 'reference_column': 'wealth_quintile_Poorest'}, 'residence': {'reference': 'Rural', 'reference_column': 'residence_Rural'}, 'country_admin_region': {'reference': 'nigeria::01', 'reference_column': 'country_admin_region_nigeria::01'}}"
binary_lpm,model4_preferred_lpm,underweight,nigeria,country_admin_region_nigeria::32,-0.013,0.048,-0.107,0.081,0.783,9513,1343,37,weight_original,cluster_robust_psu,True,"{'child_sex': {'reference': 'Male', 'reference_column': 'child_sex_Male'}, 'maternal_education': {'reference': 'No education', 'reference_column': 'maternal_education_No education'}, 'literacy': {'reference': 'Cannot read at all', 'reference_column': 'literacy_Cannot read at all'}, 'wealth_quintile': {'reference': 'Poorest', 'reference_column': 'wealth_quintile_Poorest'}, 'residence': {'reference': 'Rural', 'reference_column': 'residence_Rural'}, 'country_admin_region': {'reference': 'nigeria::01', 'reference_column': 'country_admin_region_nigeria::01'}}"
binary_lpm,model4_preferred_lpm,underweight,nigeria,country_admin_region_nigeria::33,0.007,0.043,-0.078,0.092,0.868,9513,1343,37,weight_original,cluster_robust_psu,True,"{'child_sex': {'reference': 'Male', 'reference_column': 'child_sex_Male'}, 'maternal_education': {'reference': 'No education', 'reference_column': 'maternal_education_No education'}, 'literacy': {'reference': 'Cannot read at all', 'reference_column': 'literacy_Cannot read at all'}, 'wealth_quintile': {'reference': 'Poorest', 'reference_column': 'wealth_quintile_Poorest'}, 'residence': {'reference': 'Rural', 'reference_column': 'residence_Rural'}, 'country_admin_region': {'reference': 'nigeria::01', 'reference_column': 'country_admin_region_nigeria::01'}}"
binary_lpm,model4_preferred_lpm,underweight,nigeria,country_admin_region_nigeria::34,0.071,0.049,-0.026,0.168,0.149,9513,1343,37,weight_original,cluster_robust_psu,True,"{'child_sex': {'reference': 'Male', 'reference_column': 'child_sex_Male'}, 'maternal_education': {'reference': 'No education', 'reference_column': 'maternal_education_No education'}, 'literacy': {'reference': 'Cannot read at all', 'reference_column': 'literacy_Cannot read at all'}, 'wealth_quintile': {'reference': 'Poorest', 'reference_column': 'wealth_quintile_Poorest'}, 'residence': {'reference': 'Rural', 'reference_column': 'residence_Rural'}, 'country_admin_region': {'reference': 'nigeria::01', 'reference_column': 'country_admin_region_nigeria::01'}}"
binary_lpm,model4_preferred_lpm,underweight,nigeria,country_admin_region_nigeria::35,-0.001,0.048,-0.094,0.093,0.986,9513,1343,37,weight_original,cluster_robust_psu,True,"{'child_sex': {'reference': 'Male', 'reference_column': 'child_sex_Male'}, 'maternal_education': {'reference': 'No education', 'reference_column': 'maternal_education_No education'}, 'literacy': {'reference': 'Cannot read at all', 'reference_column': 'literacy_Cannot read at all'}, 'wealth_quintile': {'reference': 'Poorest', 'reference_column': 'wealth_quintile_Poorest'}, 'residence': {'reference': 'Rural', 'reference_column': 'residence_Rural'}, 'country_admin_region': {'reference': 'nigeria::01', 'reference_column': 'country_admin_region_nigeria::01'}}"
binary_lpm,model4_preferred_lpm,underweight,nigeria,country_admin_region_nigeria::36,0.123,0.055,0.016,0.231,0.024,9513,1343,37,weight_original,cluster_robust_psu,True,"{'child_sex': {'reference': 'Male', 'reference_column': 'child_sex_Male'}, 'maternal_education': {'reference': 'No education', 'reference_column': 'maternal_education_No education'}, 'literacy': {'reference': 'Cannot read at all', 'reference_column': 'literacy_Cannot read at all'}, 'wealth_quintile': {'reference': 'Poorest', 'reference_column': 'wealth_quintile_Poorest'}, 'residence': {'reference': 'Rural', 'reference_column': 'residence_Rural'}, 'country_admin_region': {'reference': 'nigeria::01', 'reference_column': 'country_admin_region_nigeria::01'}}"
binary_lpm,model4_preferred_lpm,underweight,nigeria,country_admin_region_nigeria::37,0.076,0.042,-0.006,0.159,0.068,9513,1343,37,weight_original,cluster_robust_psu,True,"{'child_sex': {'reference': 'Male', 'reference_column': 'child_sex_Male'}, 'maternal_education': {'reference': 'No education', 'reference_column': 'maternal_education_No education'}, 'literacy': {'reference': 'Cannot read at all', 'reference_column': 'literacy_Cannot read at all'}, 'wealth_quintile': {'reference': 'Poorest', 'reference_column': 'wealth_quintile_Poorest'}, 'residence': {'reference': 'Rural', 'reference_column': 'residence_Rural'}, 'country_admin_region': {'reference': 'nigeria::01', 'reference_column': 'country_admin_region_nigeria::01'}}"

Notes: Estimates are associations, not causal effects. Primary WASH exposures are continuous cluster-level household leave-one-out coverage rates on [0,1]. Coefficients are the estimated association per 1.0 (100-percentage-point) increase in cluster coverage; a 10-percentage-point association equals coefficient x 0.10. Pooled models use a model-specific equal-total-country temporary weight (never persisted); country-specific models use the DHS-supplied weight (weight_original). Pooled standard errors are clustered by country_psu; country-specific standard errors are clustered by psu. Model 4 includes country-qualified administrative-region fixed effects (country_admin_region); no survey-year fixed effect or spatial grid fixed effect is included in any model.
