"id","family","product","outcome","sample_group","samples","window","method","candidate","weighted","wealth","stricter","age_mode","N","G_clusters","singleton_clusters_dropped","singleton_obs_dropped","K_regressors","rank","beta_per_point","se_CRV1","ci95_low_per_point","ci95_high_per_point","beta_per_10","se_per_10","ci95_low_per_10","ci95_high_per_10","p_value","E_within_sd","E_residual_sd_after_controls","clusters_with_exposure_variation","weight_mean","E_mean","status","label"
"m0001","primary","W_IMP","HAZ","GH2014","GH2014","post_12m","primary","GREGORIAN_ESTABLISHED","True","False","False","reported_first","1940","353","27","27","16","16","0.16478035147004583","0.06652862338507938","0.033936762821413086","0.29562394011867854","1.6478035147004584","0.6652862338507938","0.33936762821413086","2.956239401186785","0.013724492435395834","0.6771370566453893","0.45599666611401135","353","1.0","79.22232719315404","estimated","PRELIMINARY - measurement-weight documentation and final design review pending."
"m0002","primary","W_IMP","HAZ","KE2014","KE2014","post_12m","primary","GREGORIAN_ESTABLISHED","True","False","False","reported_first","14166","1498","16","16","16","16","-0.06062655140341558","0.07470664754912544","-0.2071673705468981","0.08591426774006694","-0.6062655140341557","0.7470664754912544","-2.071673705468981","0.8591426774006694","0.4171914149756287","0.37506647752141814","0.20313643813295096","1497","1.0","54.541743362937446","estimated","PRELIMINARY - measurement-weight documentation and final design review pending."
"m0003","primary","W_IMP","HAZ","NG2018","NG2018","post_12m","primary","GREGORIAN_ESTABLISHED","True","False","False","reported_first","6912","1263","74","74","16","16","0.0700421823539088","0.028168542179942514","0.014779853814034564","0.12530451089378303","0.700421823539088","0.28168542179942513","0.14779853814034566","1.2530451089378303","0.013027746640493738","1.27541175082834","0.6522635412264499","1259","1.0","64.23100197864","estimated","PRELIMINARY - measurement-weight documentation and final design review pending."
"m0004","primary","W_IMP","HAZ","POOLED_ESTABLISHED","GH2014+KE2014+NG2018","post_12m","primary","GREGORIAN_ESTABLISHED","True","False","False","reported_first","23018","3114","117","117","24","24","0.1025553067200643","0.026073048788901095","0.05143319348344068","0.15367741995668793","1.025553067200643","0.26073048788901093","0.5143319348344068","1.5367741995668793","8.558604305364805e-05","0.8613680185599565","0.4283478189629088","3109","1.0000000000000002","59.53142483753803","estimated","PRELIMINARY - measurement-weight documentation and final design review pending."
"m0005","unweighted_comparison","W_IMP","HAZ","GH2014","GH2014","post_12m","primary","GREGORIAN_ESTABLISHED","False","False","False","reported_first","1940","353","27","27","16","16","0.1564176365776547","0.0563535419640025","0.04558564745092511","0.26724962570438426","1.564176365776547","0.5635354196400251","0.4558564745092511","2.672496257043843","0.005803496718316999","0.7320275985371755","0.4515038038208831","353","1.0","79.22232719315404","estimated","PRELIMINARY - measurement-weight documentation and final design review pending."
"m0006","unweighted_comparison","W_IMP","HAZ","KE2014","KE2014","post_12m","primary","GREGORIAN_ESTABLISHED","False","False","False","reported_first","14166","1498","16","16","16","16","-0.1172046843504761","0.06167642701621434","-0.23818607534190028","0.003776706640948077","-1.172046843504761","0.6167642701621434","-2.381860753419003","0.03776706640948077","0.057583658799531055","0.3950893597670292","0.20147129623482915","1497","1.0","54.541743362937446","estimated","PRELIMINARY - measurement-weight documentation and final design review pending."
"m0007","unweighted_comparison","W_IMP","HAZ","NG2018","NG2018","post_12m","primary","GREGORIAN_ESTABLISHED","False","False","False","reported_first","6912","1263","74","74","16","16","0.028275373409628046","0.02064358682412977","-0.012224155107996022","0.06877490192725211","0.28275373409628046","0.2064358682412977","-0.12224155107996022","0.6877490192725211","0.17102645422660193","1.3067745835406503","0.6509551266862198","1259","1.0","64.23100197864","estimated","PRELIMINARY - measurement-weight documentation and final design review pending."
"m0008","unweighted_comparison","W_IMP","HAZ","POOLED_ESTABLISHED","GH2014+KE2014+NG2018","post_12m","primary","GREGORIAN_ESTABLISHED","False","False","False","reported_first","23018","3114","117","117","24","24","0.04146971356721946","0.019684904160738304","0.002873003696230829","0.08006642343820808","0.4146971356721946","0.19684904160738304","0.02873003696230829","0.8006642343820808","0.03522550483158222","0.808713405345496","0.4264452951038371","3109","1.0","59.53142483753803","estimated","PRELIMINARY - measurement-weight documentation and final design review pending."
"m0009","sens_window","W_IMP","HAZ","GH2014","GH2014","birth_year","primary","GREGORIAN_ESTABLISHED","True","False","False","reported_first","2507","367","18","18","17","17","0.08398913611974995","0.04775592924588705","-0.00992130954357405","0.17789958178307397","0.8398913611974995","0.4775592924588705","-0.0992130954357405","1.7789958178307397","0.07946134856985951","0.9699152025416486","0.6056915947603646","359","1.0","79.34553340640352","estimated","PRELIMINARY - measurement-weight documentation and final design review pending."
"m0010","sens_window","W_IMP","HAZ","KE2014","KE2014","birth_year","primary","GREGORIAN_ESTABLISHED","True","False","False","reported_first","17685","1507","9","9","17","17","0.014478843611768129","0.05378817400102735","-0.09102883504944159","0.11998652227297785","0.1447884361176813","0.5378817400102736","-0.9102883504944159","1.1998652227297786","0.7878259984943282","0.4919078604659112","0.24972455439392172","1503","1.0","54.64696436289927","estimated","PRELIMINARY - measurement-weight documentation and final design review pending."
"m0011","sens_window","W_IMP","HAZ","NG2018","NG2018","birth_year","primary","GREGORIAN_ESTABLISHED","True","False","False","reported_first","9180","1318","34","34","16","16","0.04402329816498146","0.024621315465314944","-0.0042779831038494975","0.09232457943381242","0.4402329816498146","0.24621315465314944","-0.042779831038494975","0.9232457943381243","0.07400330908559806","1.6407951775998657","0.8489796268850919","1303","1.0","64.31845405104634","estimated","PRELIMINARY - measurement-weight documentation and final design review pending."
"m0012","sens_window","W_IMP","HAZ","POOLED_ESTABLISHED","GH2014+KE2014+NG2018","birth_year","primary","GREGORIAN_ESTABLISHED","True","False","False","reported_first","29372","3192","61","61","26","26","0.05386832681039063","0.021530283539307485","0.011653734361796175","0.09608291925898509","0.5386832681039063","0.21530283539307485","0.11653734361796175","0.9608291925898509","0.012399789498172154","1.1365030661557893","0.5425947536603731","3165","1.0","59.77782327374141","estimated","PRELIMINARY - measurement-weight documentation and final design review pending."
"m0013","sens_window","W_IMP","HAZ","GH2014","GH2014","prenatal_9m","primary","GREGORIAN_ESTABLISHED","True","False","False","reported_first","2507","367","18","18","17","17","0.10865358956568419","0.052289470694106076","0.005828085509436823","0.21147909362193157","1.0865358956568418","0.5228947069410608","0.05828085509436823","2.1147909362193156","0.03841284837971189","0.8195143809117973","0.5625261047815687","366","1.0","79.13045546116315","estimated","PRELIMINARY - measurement-weight documentation and final design review pending."
"m0014","sens_window","W_IMP","HAZ","KE2014","KE2014","prenatal_9m","primary","GREGORIAN_ESTABLISHED","True","False","False","reported_first","17685","1507","9","9","17","17","-0.07472505559702297","0.042533113124618806","-0.15815547716008718","0.00870536596604124","-0.7472505559702297","0.42533113124618804","-1.5815547716008718","0.0870536596604124","0.07914354882557016","0.5833941462167643","0.30483469259093454","1506","1.0","54.52452386787947","estimated","PRELIMINARY - measurement-weight documentation and final design review pending."
"m0015","sens_window","W_IMP","HAZ","NG2018","NG2018","prenatal_9m","primary","GREGORIAN_ESTABLISHED","True","False","False","reported_first","9381","1319","33","33","17","17","0.05615422971150155","0.02316120730180243","0.010717371992771035","0.10159108743023207","0.5615422971150155","0.2316120730180243","0.10717371992771035","1.0159108743023206","0.015463448211487091","1.6906013171052656","0.8634939986653951","1316","1.0","63.84341915507479","estimated","PRELIMINARY - measurement-weight documentation and final design review pending."
"m0016","sens_window","W_IMP","HAZ","POOLED_ESTABLISHED","GH2014+KE2014+NG2018","prenatal_9m","primary","GREGORIAN_ESTABLISHED","True","False","False","reported_first","29573","3193","60","60","27","27","0.06376194390721636","0.020061138068761225","0.02442792095249064","0.10309596686194208","0.6376194390721636","0.20061138068761225","0.2442792095249064","1.030959668619421","0.001495155955725949","1.135794195524185","0.5770441102679572","3188","1.0","59.56654284443043","estimated","PRELIMINARY - measurement-weight documentation and final design review pending."
"m0017","sens_window","W_IMP","HAZ","GH2014","GH2014","post_24m","primary","GREGORIAN_ESTABLISHED","True","False","False","reported_first","1374","319","53","53","15","15","0.2930529020157673","0.07777837543455397","0.14002768576559912","0.44607811826593546","2.930529020157673","0.7777837543455397","1.4002768576559912","4.460781182659355","0.0001962366571107228","0.47539449971258246","0.3271203980484436","315","1.0","78.85551769280906","estimated","PRELIMINARY - measurement-weight documentation and final design review pending."
"m0018","sens_window","W_IMP","HAZ","KE2014","KE2014","post_24m","primary","GREGORIAN_ESTABLISHED","True","False","False","reported_first","10462","1452","50","50","15","15","-0.1143878011285135","0.11876480041618319","-0.34735686302730057","0.11858126077027355","-1.143878011285135","1.1876480041618318","-3.4735686302730056","1.1858126077027356","0.3356349154127602","0.2813422745431203","0.15217797606738648","1451","1.0","54.51199658811642","estimated","PRELIMINARY - measurement-weight documentation and final design review pending."
"m0019","sens_window","W_IMP","HAZ","NG2018","NG2018","post_24m","primary","GREGORIAN_ESTABLISHED","True","False","False","reported_first","4583","1133","161","161","15","15","0.10209352389364619","0.07813516644843294","-0.05121250415781774","0.2553995519451101","1.0209352389364619","0.7813516644843294","-0.5121250415781774","2.5539955194511013","0.19160478870113995","0.8327162939425639","0.4210656779779485","1121","1.0","63.92176119588687","estimated","PRELIMINARY - measurement-weight documentation and final design review pending."
"m0020","sens_window","W_IMP","HAZ","POOLED_ESTABLISHED","GH2014+KE2014+NG2018","post_24m","primary","GREGORIAN_ESTABLISHED","True","False","False","reported_first","16419","2904","264","264","21","21","0.1753152769574514","0.04817673742649412","0.0808512215405861","0.26977933237431667","1.753152769574514","0.4817673742649412","0.808512215405861","2.697793323743167","0.0002784661517884942","0.5769372675313181","0.29054298802602385","2887","1.0","59.175675813115475","estimated","PRELIMINARY - measurement-weight documentation and final design review pending."
"m0021","sens_wealth","W_IMP","HAZ","GH2014","GH2014","post_12m","primary","GREGORIAN_ESTABLISHED","True","True","False","reported_first","1940","353","27","27","20","20","0.158005990508605","0.06732694227471209","0.02559232715993029","0.29041965385727975","1.58005990508605","0.6732694227471209","0.2559232715993029","2.9041965385727977","0.019486780581772018","0.6771370566453893","0.4556266072356088","353","1.0","79.22232719315404","estimated","PRELIMINARY - measurement-weight documentation and final design review pending."
"m0022","sens_wealth","W_IMP","HAZ","KE2014","KE2014","post_12m","primary","GREGORIAN_ESTABLISHED","True","True","False","reported_first","14166","1498","16","16","20","20","-0.059065239965231164","0.07480248013022295","-0.20579403950129427","0.08766355957083194","-0.5906523996523116","0.7480248013022295","-2.0579403950129427","0.8766355957083194","0.42987707099176103","0.37506647752141814","0.2031407042347813","1497","1.0","54.541743362937446","estimated","PRELIMINARY - measurement-weight documentation and final design review pending."
"m0023","sens_wealth","W_IMP","HAZ","NG2018","NG2018","post_12m","primary","GREGORIAN_ESTABLISHED","True","True","False","reported_first","6912","1263","74","74","20","20","0.07016759795313626","0.028171695912106588","0.014899082277915636","0.12543611362835688","0.7016759795313626","0.28171695912106587","0.14899082277915637","1.2543611362835687","0.012876484581754355","1.27541175082834","0.6522718605338392","1259","1.0","64.23100197864","estimated","PRELIMINARY - measurement-weight documentation and final design review pending."
"m0024","sens_wealth","W_IMP","HAZ","POOLED_ESTABLISHED","GH2014+KE2014+NG2018","post_12m","primary","GREGORIAN_ESTABLISHED","True","True","False","reported_first","23018","3114","117","117","28","28","0.10088365699739418","0.026127921511236576","0.04965395336934574","0.15211336062544262","1.0088365699739419","0.26127921511236574","0.49653953369345744","1.521133606254426","0.00011515238102686938","0.8613680185599565","0.42833489102855576","3109","1.0000000000000002","59.53142483753803","estimated","PRELIMINARY - measurement-weight documentation and final design review pending."
"m0025","sens_containing_pixel","W_IMP","HAZ","GH2014","GH2014","post_12m","containing","GREGORIAN_ESTABLISHED","True","False","False","reported_first","2029","373","30","30","16","16","0.11050345228426467","0.041820410871452156","0.028269406281676693","0.19273749828685266","1.1050345228426468","0.41820410871452157","0.2826940628167669","1.9273749828685265","0.0085814040823738","0.8978397473708563","0.6829355272130281","373","1.0","78.69086403666174","estimated","PRELIMINARY - measurement-weight documentation and final design review pending."
"m0026","sens_containing_pixel","W_IMP","HAZ","KE2014","KE2014","post_12m","containing","GREGORIAN_ESTABLISHED","True","False","False","reported_first","14650","1549","16","16","16","16","-0.058858408912250276","0.05705093239132859","-0.17076367804578085","0.05304686022128029","-0.5885840891225027","0.5705093239132859","-1.7076367804578085","0.5304686022128029","0.30238235951546777","0.4028423580988533","0.26396762327145895","1548","1.0","54.02533726615679","estimated","PRELIMINARY - measurement-weight documentation and final design review pending."
"m0027","sens_containing_pixel","W_IMP","HAZ","NG2018","NG2018","post_12m","containing","GREGORIAN_ESTABLISHED","True","False","False","reported_first","6963","1274","74","74","16","16","0.03505812953725446","0.023376830646822715","-0.010803220727994653","0.08091947980250357","0.35058129537254457","0.23376830646822716","-0.10803220727994653","0.8091947980250357","0.13394122725886012","1.3539894262479313","0.8220731595263392","1269","1.0","64.21569941736563","estimated","PRELIMINARY - measurement-weight documentation and final design review pending."
"m0028","sens_containing_pixel","W_IMP","HAZ","POOLED_ESTABLISHED","GH2014+KE2014+NG2018","post_12m","containing","GREGORIAN_ESTABLISHED","True","False","False","reported_first","23642","3196","120","120","24","24","0.06798234801231265","0.021546519074215686","0.0257359424946935","0.1102287535299318","0.6798234801231264","0.21546519074215686","0.257359424946935","1.102287535299318","0.0016191053982181757","0.9663825232671946","0.5438443786548808","3190","1.0","59.14342564599866","estimated","PRELIMINARY - measurement-weight documentation and final design review pending."
"m0029","sens_rural10km","W_IMP","HAZ","GH2014","GH2014","post_12m","rural10_urban_primary","GREGORIAN_ESTABLISHED","True","False","False","reported_first","1878","342","26","26","16","16","0.17881613095386029","0.08180188965570762","0.0179163025258037","0.3397159593819169","1.7881613095386029","0.8180188965570762","0.179163025258037","3.397159593819169","0.02949767643352597","0.6021472832407423","0.39269403269444236","342","1.0","79.39415580787886","estimated","PRELIMINARY - measurement-weight documentation and final design review pending."
"m0030","sens_rural10km","W_IMP","HAZ","KE2014","KE2014","post_12m","rural10_urban_primary","GREGORIAN_ESTABLISHED","True","False","False","reported_first","13786","1467","15","15","16","16","-0.04079661418005459","0.08286550947620137","-0.20334422961285753","0.12175100125274835","-0.4079661418005459","0.8286550947620137","-2.0334422961285754","1.2175100125274834","0.6225645880438239","0.36299441598325083","0.19551304277685044","1466","1.0","55.75334505242308","estimated","PRELIMINARY - measurement-weight documentation and final design review pending."
"m0031","sens_rural10km","W_IMP","HAZ","NG2018","NG2018","post_12m","rural10_urban_primary","GREGORIAN_ESTABLISHED","True","False","False","reported_first","6857","1253","73","73","16","16","0.060370039234326434","0.0329817193444806","-0.004335495537889936","0.1250755740065428","0.6037003923432643","0.32981719344480603","-0.04335495537889936","1.250755740065428","0.0674264014595453","1.2338341110761635","0.571597567193974","1249","1.0","64.62735843461215","estimated","PRELIMINARY - measurement-weight documentation and final design review pending."
"m0032","sens_rural10km","W_IMP","HAZ","POOLED_ESTABLISHED","GH2014+KE2014+NG2018","post_12m","rural10_urban_primary","GREGORIAN_ESTABLISHED","True","False","False","reported_first","22521","3062","114","114","24","24","0.10102628494804794","0.030122701410938073","0.04196352093232757","0.1600890489637683","1.0102628494804793","0.30122701410938074","0.41963520932327575","1.600890489637683","0.000806724998905555","0.819896926530877","0.38484067764464247","3057","1.0","60.426607889793374","estimated","PRELIMINARY - measurement-weight documentation and final design review pending."
"m0033","sens_stricter_completion","W_IMP","HAZ","GH2014","GH2014","post_12m","primary","GREGORIAN_ESTABLISHED","True","False","True","reported_first","1895","353","26","26","16","16","0.12820211259506828","0.07019498266028966","-0.009852201008250683","0.26625642619838724","1.2820211259506828","0.7019498266028966","-0.09852201008250683","2.6625642619838725","0.06864119648965368","0.6493003059642172","0.445694628634454","353","1.0","79.17258702904103","estimated","PRELIMINARY - measurement-weight documentation and final design review pending."
"m0034","sens_stricter_completion","W_IMP","HAZ","KE2014","KE2014","post_12m","primary","GREGORIAN_ESTABLISHED","True","False","True","reported_first","13832","1497","17","17","16","16","-0.03311259028049418","0.07750756127987418","-0.18514762378461144","0.11892244322362308","-0.3311259028049418","0.7750756127987418","-1.8514762378461145","1.1892244322362309","0.6692823605258458","0.37628710586601816","0.19912848845991918","1496","1.0","54.47294981247357","estimated","PRELIMINARY - measurement-weight documentation and final design review pending."
"m0035","sens_stricter_completion","W_IMP","HAZ","NG2018","NG2018","post_12m","primary","GREGORIAN_ESTABLISHED","True","False","True","reported_first","6912","1263","74","74","16","16","0.0700421823539088","0.028168542179942514","0.014779853814034564","0.12530451089378303","0.700421823539088","0.28168542179942513","0.14779853814034566","1.2530451089378303","0.013027746640493738","1.27541175082834","0.6522635412264499","1259","1.0","64.23100197864","estimated","PRELIMINARY - measurement-weight documentation and final design review pending."
"m0036","sens_stricter_completion","W_IMP","HAZ","POOLED_ESTABLISHED","GH2014+KE2014+NG2018","post_12m","primary","GREGORIAN_ESTABLISHED","True","False","True","reported_first","22639","3113","117","117","24","24","0.09515595931591073","0.026419231105128147","0.04335507082286577","0.14695684780895568","0.9515595931591072","0.2641923110512815","0.4335507082286577","1.4695684780895568","0.00032100091051392803","0.8543726758109839","0.4280202001400788","3108","1.0","59.51970404622673","estimated","PRELIMINARY - measurement-weight documentation and final design review pending."
"m0037","sens_stricter_completion","W_IMP","HAZ","GH2014","GH2014","post_24m","primary","GREGORIAN_ESTABLISHED","True","False","True","reported_first","1333","315","57","57","15","15","0.25252355385423997","0.0783772275995744","0.09831262010837657","0.40673448760010333","2.5252355385423995","0.783772275995744","0.9831262010837658","4.067344876001034","0.001407049240944267","0.4593056772969298","0.31515238895959635","311","1.0","78.70159656327091","estimated","PRELIMINARY - measurement-weight documentation and final design review pending."
"m0038","sens_stricter_completion","W_IMP","HAZ","KE2014","KE2014","post_24m","primary","GREGORIAN_ESTABLISHED","True","False","True","reported_first","10196","1449","52","52","15","15","-0.11217417216396085","0.11925408465118643","-0.34610341874862577","0.12175507442070406","-1.1217417216396084","1.1925408465118643","-3.461034187486258","1.2175507442070406","0.3470505209887993","0.28106790498643297","0.1510895138544513","1448","1.0","54.53996154170435","estimated","PRELIMINARY - measurement-weight documentation and final design review pending."
"m0039","sens_stricter_completion","W_IMP","HAZ","NG2018","NG2018","post_24m","primary","GREGORIAN_ESTABLISHED","True","False","True","reported_first","4583","1133","161","161","15","15","0.10209352389364619","0.07813516644843294","-0.05121250415781774","0.2553995519451101","1.0209352389364619","0.7813516644843294","-0.5121250415781774","2.5539955194511013","0.19160478870113995","0.8327162939425639","0.4210656779779485","1121","1.0","63.92176119588687","estimated","PRELIMINARY - measurement-weight documentation and final design review pending."
"m0040","sens_stricter_completion","W_IMP","HAZ","POOLED_ESTABLISHED","GH2014+KE2014+NG2018","post_24m","primary","GREGORIAN_ESTABLISHED","True","False","True","reported_first","16112","2897","270","270","21","21","0.16664082230255733","0.048661076726420865","0.07122698715172818","0.2620546574533865","1.6664082230255732","0.48661076726420865","0.7122698715172817","2.620546574533865","0.000624451946426256","0.5725315998871713","0.28981250731527664","2880","1.0000000000000002","59.207553851713456","estimated","PRELIMINARY - measurement-weight documentation and final design review pending."
"m0041","sens_calendar_age","W_IMP","HAZ","GH2014","GH2014","post_12m","primary","GREGORIAN_ESTABLISHED","True","False","False","calendar","1940","353","27","27","16","16","0.16478035147004583","0.06652862338507938","0.033936762821413086","0.29562394011867854","1.6478035147004584","0.6652862338507938","0.33936762821413086","2.956239401186785","0.013724492435395834","0.6771370566453893","0.45599666611401135","353","1.0","79.22232719315404","estimated","PRELIMINARY - measurement-weight documentation and final design review pending."
"m0042","sens_calendar_age","W_IMP","HAZ","KE2014","KE2014","post_12m","primary","GREGORIAN_ESTABLISHED","True","False","False","calendar","14166","1498","16","16","16","16","-0.06062655140341558","0.07470664754912544","-0.2071673705468981","0.08591426774006694","-0.6062655140341557","0.7470664754912544","-2.071673705468981","0.8591426774006694","0.4171914149756287","0.37506647752141814","0.20313643813295096","1497","1.0","54.541743362937446","estimated","PRELIMINARY - measurement-weight documentation and final design review pending."
"m0043","sens_calendar_age","W_IMP","HAZ","NG2018","NG2018","post_12m","primary","GREGORIAN_ESTABLISHED","True","False","False","calendar","6912","1263","74","74","16","16","0.07021036744871811","0.02726673344337776","0.01671724834686926","0.12370348655056697","0.7021036744871811","0.2726673344337776","0.1671724834686926","1.2370348655056698","0.01013864726765643","1.27541175082834","0.6513859663038349","1259","1.0","64.23100197864","estimated","PRELIMINARY - measurement-weight documentation and final design review pending."
"m0044","sens_calendar_age","W_IMP","HAZ","POOLED_ESTABLISHED","GH2014+KE2014+NG2018","post_12m","primary","GREGORIAN_ESTABLISHED","True","False","False","calendar","23018","3114","117","117","24","24","0.10265910215548615","0.02589303043698871","0.0518899556411529","0.1534282486698194","1.0265910215548615","0.2589303043698871","0.5188995564115291","1.5342824866981941","7.512899533009034e-05","0.8613680185599565","0.4282324669731797","3109","1.0000000000000002","59.53142483753803","estimated","PRELIMINARY - measurement-weight documentation and final design review pending."
"m0045","sens_ethiopia_PROVISIONAL","W_IMP","HAZ","ET2016_PROVISIONAL_C2","ET2016","post_12m","primary","ET_C2_century_1907_provisional","True","False","False","reported_first","6568","586","12","12","16","16","-0.03942315270954466","0.02293705237769826","-0.0844721522681277","0.005625846849038371","-0.3942315270954466","0.2293705237769826","-0.844721522681277","0.05625846849038371","0.08618820727366781","3.205634177202192","1.2602047367221922","586","1.0","60.094013692188554","estimated","PRELIMINARY - measurement-weight documentation and final design review pending."
"m0046","sens_ethiopia_PROVISIONAL","W_IMP","HAZ","ET2016_PROVISIONAL_C3","ET2016","post_12m","primary","ET_C3_century_2015_provisional","True","False","False","reported_first","6561","586","12","12","16","16","-0.03925305822625666","0.02299606937624272","-0.08441796878759622","0.005911852335082908","-0.3925305822625666","0.22996069376242717","-0.8441796878759622","0.05911852335082908","0.0883626651801387","3.2052199379158846","1.2585187973356435","586","1.0","60.0910140227361","estimated","PRELIMINARY - measurement-weight documentation and final design review pending."
"m0047","sens_ethiopia_PROVISIONAL","W_IMP","HAZ","ET2016_PROVISIONAL_C1","ET2016","post_12m","primary","ET_C1_triple_provisional","True","False","False","reported_first","6375","586","12","12","16","16","-0.04257176892842622","0.023555092472790237","-0.08883461617382257","0.003691078316970131","-0.42571768928426224","0.23555092472790237","-0.8883461617382258","0.03691078316970131","0.07122478950399563","3.192318760307027","1.255908500792258","586","1.0","60.20822444034128","estimated","PRELIMINARY - measurement-weight documentation and final design review pending."
"m0048","primary","W_IMP","WAZ","GH2014","GH2014","post_12m","primary","GREGORIAN_ESTABLISHED","True","False","False","reported_first","1940","353","27","27","16","16","0.10630289600230705","0.062099786054899846","-0.015830382101230542","0.22843617410584466","1.0630289600230705","0.6209978605489984","-0.15830382101230542","2.2843617410584467","0.0878129086692112","0.6771370566453893","0.45599666611401135","353","1.0","79.22232719315404","estimated","PRELIMINARY - measurement-weight documentation and final design review pending."
"m0049","primary","W_IMP","WAZ","KE2014","KE2014","post_12m","primary","GREGORIAN_ESTABLISHED","True","False","False","reported_first","14166","1498","16","16","16","16","-0.021912929875265552","0.05489947586619638","-0.12960099282428283","0.08577513307375172","-0.21912929875265552","0.5489947586619638","-1.2960099282428283","0.8577513307375172","0.6898422437081991","0.37506647752141814","0.20313643813295096","1497","1.0","54.541743362937446","estimated","PRELIMINARY - measurement-weight documentation and final design review pending."
"m0050","primary","W_IMP","WAZ","NG2018","NG2018","post_12m","primary","GREGORIAN_ESTABLISHED","True","False","False","reported_first","6951","1264","73","73","16","16","0.044901362943426594","0.02286274743180782","4.821820075234795e-05","0.08975450768610084","0.4490136294342659","0.22862747431807823","0.0004821820075234795","0.8975450768610084","0.049754592910594565","1.2743610984665619","0.6508462153937018","1260","1.0","64.15859909443347","estimated","PRELIMINARY - measurement-weight documentation and final design review pending."
"m0051","primary","W_IMP","WAZ","POOLED_ESTABLISHED","GH2014+KE2014+NG2018","post_12m","primary","GREGORIAN_ESTABLISHED","True","False","False","reported_first","23057","3115","116","116","24","24","0.06472445599572568","0.02283750411128638","0.019946365990054025","0.10950254600139733","0.6472445599572568","0.2283750411128638","0.19946365990054027","1.0950254600139733","0.004624661726588888","0.8608495155615385","0.42824270953748067","3110","1.0000000000000002","59.51754666866886","estimated","PRELIMINARY - measurement-weight documentation and final design review pending."
"m0052","unweighted_comparison","W_IMP","WAZ","GH2014","GH2014","post_12m","primary","GREGORIAN_ESTABLISHED","False","False","False","reported_first","1940","353","27","27","16","16","0.08649484685037268","0.052250849973232705","-0.016268270325029033","0.18925796402577438","0.8649484685037268","0.522508499732327","-0.16268270325029033","1.8925796402577437","0.09873931125614421","0.7320275985371755","0.4515038038208831","353","1.0","79.22232719315404","estimated","PRELIMINARY - measurement-weight documentation and final design review pending."
"m0053","unweighted_comparison","W_IMP","WAZ","KE2014","KE2014","post_12m","primary","GREGORIAN_ESTABLISHED","False","False","False","reported_first","14166","1498","16","16","16","16","-0.053763845249530484","0.039729349499135334","-0.1316949479109449","0.02416725741188394","-0.5376384524953048","0.39729349499135336","-1.3169494791094492","0.2416725741188394","0.1761792577913401","0.3950893597670292","0.20147129623482915","1497","1.0","54.541743362937446","estimated","PRELIMINARY - measurement-weight documentation and final design review pending."
"m0054","unweighted_comparison","W_IMP","WAZ","NG2018","NG2018","post_12m","primary","GREGORIAN_ESTABLISHED","False","False","False","reported_first","6951","1264","73","73","16","16","0.029156912530417516","0.017508249722856944","-0.0051915428051664825","0.06350536786600151","0.29156912530417517","0.17508249722856944","-0.051915428051664825","0.6350536786600152","0.0960960891513069","1.3058156017304337","0.649566695213457","1260","1.0","64.15859909443347","estimated","PRELIMINARY - measurement-weight documentation and final design review pending."
"m0055","unweighted_comparison","W_IMP","WAZ","POOLED_ESTABLISHED","GH2014+KE2014+NG2018","post_12m","primary","GREGORIAN_ESTABLISHED","False","False","False","reported_first","23057","3115","116","116","24","24","0.03207411792013996","0.015194987661448304","0.0022809092654715694","0.061867326574808354","0.32074117920139966","0.15194987661448303","0.022809092654715694","0.6186732657480836","0.03486597541682816","0.8093480430235044","0.42635596226920813","3110","1.0","59.51754666866886","estimated","PRELIMINARY - measurement-weight documentation and final design review pending."
"m0056","sens_window","W_IMP","WAZ","GH2014","GH2014","birth_year","primary","GREGORIAN_ESTABLISHED","True","False","False","reported_first","2507","367","18","18","17","17","0.07045653242706945","0.039496087514643806","-0.007211209338782387","0.1481242741929213","0.7045653242706945","0.3949608751464381","-0.07211209338782387","1.481242741929213","0.07527052629453025","0.9699152025416486","0.6056915947603646","359","1.0","79.34553340640352","estimated","PRELIMINARY - measurement-weight documentation and final design review pending."
"m0057","sens_window","W_IMP","WAZ","KE2014","KE2014","birth_year","primary","GREGORIAN_ESTABLISHED","True","False","False","reported_first","17685","1507","9","9","17","17","-0.009071462489179994","0.03917760378650763","-0.08591991677848324","0.06777699180012325","-0.09071462489179993","0.3917760378650763","-0.8591991677848323","0.6777699180012325","0.8169212157854904","0.4919078604659112","0.24972455439392172","1503","1.0","54.64696436289927","estimated","PRELIMINARY - measurement-weight documentation and final design review pending."
"m0058","sens_window","W_IMP","WAZ","NG2018","NG2018","birth_year","primary","GREGORIAN_ESTABLISHED","True","False","False","reported_first","9243","1318","34","34","16","16","0.027332441800408697","0.019730408702790265","-0.01137402055920806","0.06603890416002545","0.27332441800408697","0.19730408702790264","-0.1137402055920806","0.6603890416002545","0.16619677507426114","1.641784382727013","0.8494794677399599","1303","1.0","64.26884603290331","estimated","PRELIMINARY - measurement-weight documentation and final design review pending."
"m0059","sens_window","W_IMP","WAZ","POOLED_ESTABLISHED","GH2014+KE2014+NG2018","birth_year","primary","GREGORIAN_ESTABLISHED","True","False","False","reported_first","29435","3192","61","61","26","26","0.03810252310750911","0.017359442890662224","0.0040657299818609716","0.07213931623315725","0.3810252310750911","0.17359442890662224","0.040657299818609716","0.7213931623315726","0.028241406032143042","1.1369791558740023","0.5436892552784061","3165","1.0","59.77196401868022","estimated","PRELIMINARY - measurement-weight documentation and final design review pending."
"m0060","sens_window","W_IMP","WAZ","GH2014","GH2014","prenatal_9m","primary","GREGORIAN_ESTABLISHED","True","False","False","reported_first","2507","367","18","18","17","17","0.09305364875028113","0.04046567156998721","0.013479252204945683","0.1726280452956166","0.9305364875028113","0.4046567156998721","0.13479252204945683","1.726280452956166","0.022034905538981936","0.8195143809117973","0.5625261047815687","366","1.0","79.13045546116315","estimated","PRELIMINARY - measurement-weight documentation and final design review pending."
"m0061","sens_window","W_IMP","WAZ","KE2014","KE2014","prenatal_9m","primary","GREGORIAN_ESTABLISHED","True","False","False","reported_first","17685","1507","9","9","17","17","-0.03626473288225113","0.031748624767074955","-0.09854094437431421","0.026011478609811962","-0.3626473288225113","0.31748624767074957","-0.9854094437431421","0.2601147860981196","0.2535334367340848","0.5833941462167643","0.30483469259093454","1506","1.0","54.52452386787947","estimated","PRELIMINARY - measurement-weight documentation and final design review pending."
"m0062","sens_window","W_IMP","WAZ","NG2018","NG2018","prenatal_9m","primary","GREGORIAN_ESTABLISHED","True","False","False","reported_first","9445","1319","33","33","17","17","0.032087460618128213","0.01877613269040737","-0.0047469089570559425","0.06892183019331237","0.32087460618128216","0.1877613269040737","-0.047469089570559425","0.6892183019331237","0.0876957453791596","1.6914329466172675","0.8641376638686569","1316","1.0","63.78987150735386","estimated","PRELIMINARY - measurement-weight documentation and final design review pending."
"m0063","sens_window","W_IMP","WAZ","POOLED_ESTABLISHED","GH2014+KE2014+NG2018","prenatal_9m","primary","GREGORIAN_ESTABLISHED","True","False","False","reported_first","29637","3193","60","60","27","27","0.04228113632177862","0.01593987075430827","0.011027712911985066","0.07353455973157218","0.42281136321778623","0.15939870754308272","0.11027712911985066","0.7353455973157218","0.008028428278051369","1.1362068419766425","0.5781524965087794","3188","1.0","59.55871352807443","estimated","PRELIMINARY - measurement-weight documentation and final design review pending."
"m0064","sens_window","W_IMP","WAZ","GH2014","GH2014","post_24m","primary","GREGORIAN_ESTABLISHED","True","False","False","reported_first","1374","319","53","53","15","15","0.20333084611199218","0.07292618499130431","0.05985208140078754","0.34680961082319683","2.0333084611199217","0.7292618499130431","0.5985208140078755","3.4680961082319683","0.0056197274820011835","0.47539449971258246","0.3271203980484436","315","1.0","78.85551769280906","estimated","PRELIMINARY - measurement-weight documentation and final design review pending."
"m0065","sens_window","W_IMP","WAZ","KE2014","KE2014","post_24m","primary","GREGORIAN_ESTABLISHED","True","False","False","reported_first","10462","1452","50","50","15","15","-0.0642594925717723","0.08410587449641009","-0.22924159680588038","0.10072261166233579","-0.642594925717723","0.8410587449641009","-2.292415968058804","1.0072261166233578","0.4449730085490187","0.2813422745431203","0.15217797606738648","1451","1.0","54.51199658811642","estimated","PRELIMINARY - measurement-weight documentation and final design review pending."
"m0066","sens_window","W_IMP","WAZ","NG2018","NG2018","post_24m","primary","GREGORIAN_ESTABLISHED","True","False","False","reported_first","4618","1137","157","157","15","15","0.048182742375679884","0.0552163243509384","-0.06015469199715943","0.1565201767485192","0.4818274237567988","0.552163243509384","-0.6015469199715943","1.565201767485192","0.383055886569027","0.8329356183287197","0.4209837022105851","1124","1.0","63.80282494682018","estimated","PRELIMINARY - measurement-weight documentation and final design review pending."
"m0067","sens_window","W_IMP","WAZ","POOLED_ESTABLISHED","GH2014+KE2014+NG2018","post_24m","primary","GREGORIAN_ESTABLISHED","True","False","False","reported_first","16454","2908","260","260","21","21","0.10026487017919168","0.037095393122124606","0.027528951401150956","0.17300078895723242","1.0026487017919168","0.3709539312212461","0.2752895140115096","1.7300078895723243","0.0069138681901987084","0.5770427916202633","0.2909980640897969","2890","1.0","59.15239061743097","estimated","PRELIMINARY - measurement-weight documentation and final design review pending."
"m0068","sens_wealth","W_IMP","WAZ","GH2014","GH2014","post_12m","primary","GREGORIAN_ESTABLISHED","True","True","False","reported_first","1940","353","27","27","20","20","0.1010408296444246","0.06231361424007686","-0.021512989959586296","0.22359464924843547","1.010408296444246","0.6231361424007685","-0.21512989959586296","2.235946492484355","0.105808193540608","0.6771370566453893","0.4556266072356088","353","1.0","79.22232719315404","estimated","PRELIMINARY - measurement-weight documentation and final design review pending."
"m0069","sens_wealth","W_IMP","WAZ","KE2014","KE2014","post_12m","primary","GREGORIAN_ESTABLISHED","True","True","False","reported_first","14166","1498","16","16","20","20","-0.020607394245468147","0.0549186090895667","-0.1283329879674156","0.08711819947647932","-0.20607394245468147","0.5491860908956671","-1.283329879674156","0.8711819947647932","0.7075387240697181","0.37506647752141814","0.2031407042347813","1497","1.0","54.541743362937446","estimated","PRELIMINARY - measurement-weight documentation and final design review pending."
"m0070","sens_wealth","W_IMP","WAZ","NG2018","NG2018","post_12m","primary","GREGORIAN_ESTABLISHED","True","True","False","reported_first","6951","1264","73","73","20","20","0.0449288490608326","0.022921910999434185","-4.036537425955444e-05","0.08989806349592476","0.44928849060832604","0.22921910999434186","-0.00040365374259554443","0.8989806349592476","0.05020568737925395","1.2743610984665619","0.6508553847015874","1260","1.0","64.15859909443347","estimated","PRELIMINARY - measurement-weight documentation and final design review pending."
"m0071","sens_wealth","W_IMP","WAZ","POOLED_ESTABLISHED","GH2014+KE2014+NG2018","post_12m","primary","GREGORIAN_ESTABLISHED","True","True","False","reported_first","23057","3115","116","116","28","28","0.0633790981436519","0.02282891319616636","0.01861785256934196","0.10814034371796186","0.633790981436519","0.22828913196166362","0.18617852569341958","1.0814034371796186","0.005531620834930094","0.8608495155615385","0.428230267682679","3110","1.0000000000000002","59.51754666866886","estimated","PRELIMINARY - measurement-weight documentation and final design review pending."
"m0072","sens_containing_pixel","W_IMP","WAZ","GH2014","GH2014","post_12m","containing","GREGORIAN_ESTABLISHED","True","False","False","reported_first","2029","373","30","30","16","16","0.060398806762695864","0.03297716445016001","-0.004446219910166235","0.12524383343555795","0.6039880676269587","0.3297716445016001","-0.04446219910166235","1.2524383343555794","0.06782035743291587","0.8978397473708563","0.6829355272130281","373","1.0","78.69086403666174","estimated","PRELIMINARY - measurement-weight documentation and final design review pending."
"m0073","sens_containing_pixel","W_IMP","WAZ","KE2014","KE2014","post_12m","containing","GREGORIAN_ESTABLISHED","True","False","False","reported_first","14650","1549","16","16","16","16","-0.01961912176800168","0.04108608874841504","-0.10020938780429064","0.060971144268287286","-0.1961912176800168","0.4108608874841504","-1.0020938780429065","0.6097114426828729","0.6330646206369336","0.4028423580988533","0.26396762327145895","1548","1.0","54.02533726615679","estimated","PRELIMINARY - measurement-weight documentation and final design review pending."
"m0074","sens_containing_pixel","W_IMP","WAZ","NG2018","NG2018","post_12m","containing","GREGORIAN_ESTABLISHED","True","False","False","reported_first","7002","1275","73","73","16","16","0.026349808106907943","0.018304693593802983","-0.009560848474456242","0.06226046468827213","0.26349808106907946","0.18304693593802984","-0.09560848474456242","0.6226046468827213","0.1502514457102749","1.3533028678983918","0.8207676661875172","1270","1.0","64.14883471418044","estimated","PRELIMINARY - measurement-weight documentation and final design review pending."
"m0075","sens_containing_pixel","W_IMP","WAZ","POOLED_ESTABLISHED","GH2014+KE2014+NG2018","post_12m","containing","GREGORIAN_ESTABLISHED","True","False","False","reported_first","23681","3197","119","119","24","24","0.04132364956798161","0.016416268404072704","0.009136165016079195","0.07351113411988403","0.41323649567981613","0.16416268404072704","0.09136165016079195","0.7351113411988403","0.011876438363138059","0.9660619079023214","0.543869870431453","3191","1.0","59.132008561643296","estimated","PRELIMINARY - measurement-weight documentation and final design review pending."
"m0076","sens_rural10km","W_IMP","WAZ","GH2014","GH2014","post_12m","rural10_urban_primary","GREGORIAN_ESTABLISHED","True","False","False","reported_first","1878","342","26","26","16","16","0.11799942317190339","0.07629567228729241","-0.032069977822331994","0.26806882416613875","1.179994231719034","0.762956722872924","-0.32069977822331996","2.6806882416613877","0.12288556058428464","0.6021472832407423","0.39269403269444236","342","1.0","79.39415580787886","estimated","PRELIMINARY - measurement-weight documentation and final design review pending."
"m0077","sens_rural10km","W_IMP","WAZ","KE2014","KE2014","post_12m","rural10_urban_primary","GREGORIAN_ESTABLISHED","True","False","False","reported_first","13786","1467","15","15","16","16","0.0042435325725361794","0.06017939438360385","-0.11380337400026869","0.12229043914534105","0.042435325725361794","0.6017939438360385","-1.1380337400026868","1.2229043914534103","0.9437936099339568","0.36299441598325083","0.19551304277685044","1466","1.0","55.75334505242308","estimated","PRELIMINARY - measurement-weight documentation and final design review pending."
"m0078","sens_rural10km","W_IMP","WAZ","NG2018","NG2018","post_12m","rural10_urban_primary","GREGORIAN_ESTABLISHED","True","False","False","reported_first","6896","1254","72","72","16","16","0.03828701600772668","0.02606816397230958","-0.012855047573623608","0.08942907958907698","0.3828701600772668","0.26068163972309577","-0.12855047573623607","0.8942907958907698","0.14215785221562752","1.2326458588040863","0.5700896976574339","1250","1.0","64.54583625043772","estimated","PRELIMINARY - measurement-weight documentation and final design review pending."
"m0079","sens_rural10km","W_IMP","WAZ","POOLED_ESTABLISHED","GH2014+KE2014+NG2018","post_12m","rural10_urban_primary","GREGORIAN_ESTABLISHED","True","False","False","reported_first","22560","3063","113","113","24","24","0.06460189301123688","0.026125256347923283","0.013377083186235275","0.11582670283623848","0.6460189301123688","0.2612525634792328","0.13377083186235275","1.1582670283623848","0.013460756117622902","0.8193009438897877","0.38460998102315874","3058","1.0","60.408950633108134","estimated","PRELIMINARY - measurement-weight documentation and final design review pending."
"m0080","sens_stricter_completion","W_IMP","WAZ","GH2014","GH2014","post_12m","primary","GREGORIAN_ESTABLISHED","True","False","True","reported_first","1895","353","26","26","16","16","0.07868307567179841","0.06535117676742201","-0.0498447978296149","0.20721094917321173","0.7868307567179842","0.6535117676742201","-0.498447978296149","2.0721094917321174","0.2293970515921397","0.6493003059642172","0.445694628634454","353","1.0","79.17258702904103","estimated","PRELIMINARY - measurement-weight documentation and final design review pending."
"m0081","sens_stricter_completion","W_IMP","WAZ","KE2014","KE2014","post_12m","primary","GREGORIAN_ESTABLISHED","True","False","True","reported_first","13832","1497","17","17","16","16","-0.021735270626990544","0.057280122637090425","-0.13409315185104193","0.09062261059706085","-0.21735270626990544","0.5728012263709042","-1.3409315185104194","0.9062261059706085","0.7044033290282555","0.37628710586601816","0.19912848845991918","1496","1.0","54.47294981247357","estimated","PRELIMINARY - measurement-weight documentation and final design review pending."
"m0082","sens_stricter_completion","W_IMP","WAZ","NG2018","NG2018","post_12m","primary","GREGORIAN_ESTABLISHED","True","False","True","reported_first","6951","1264","73","73","16","16","0.044901362943426594","0.02286274743180782","4.821820075234795e-05","0.08975450768610084","0.4490136294342659","0.22862747431807823","0.0004821820075234795","0.8975450768610084","0.049754592910594565","1.2743610984665619","0.6508462153937018","1260","1.0","64.15859909443347","estimated","PRELIMINARY - measurement-weight documentation and final design review pending."
"m0083","sens_stricter_completion","W_IMP","WAZ","POOLED_ESTABLISHED","GH2014+KE2014+NG2018","post_12m","primary","GREGORIAN_ESTABLISHED","True","False","True","reported_first","22678","3114","116","116","24","24","0.05739963334221353","0.023073627825377793","0.012158563760400774","0.10264070292402627","0.5739963334221353","0.23073627825377793","0.12158563760400774","1.0264070292402627","0.012910158887653648","0.8538499248796891","0.4279125189377539","3109","1.0","59.505614098755366","estimated","PRELIMINARY - measurement-weight documentation and final design review pending."
"m0084","sens_stricter_completion","W_IMP","WAZ","GH2014","GH2014","post_24m","primary","GREGORIAN_ESTABLISHED","True","False","True","reported_first","1333","315","57","57","15","15","0.18519098875753381","0.07853479207829214","0.030670039384269293","0.33971193813079836","1.8519098875753381","0.7853479207829215","0.30670039384269293","3.3971193813079834","0.01898275843862609","0.4593056772969298","0.31515238895959635","311","1.0","78.70159656327091","estimated","PRELIMINARY - measurement-weight documentation and final design review pending."
"m0085","sens_stricter_completion","W_IMP","WAZ","KE2014","KE2014","post_24m","primary","GREGORIAN_ESTABLISHED","True","False","True","reported_first","10196","1449","52","52","15","15","-0.08683170713523077","0.08692753297239893","-0.2573490722651185","0.08368565799465698","-0.8683170713523076","0.8692753297239892","-2.5734907226511847","0.8368565799465698","0.3180111755791496","0.28106790498643297","0.1510895138544513","1448","1.0","54.53996154170435","estimated","PRELIMINARY - measurement-weight documentation and final design review pending."
"m0086","sens_stricter_completion","W_IMP","WAZ","NG2018","NG2018","post_24m","primary","GREGORIAN_ESTABLISHED","True","False","True","reported_first","4618","1137","157","157","15","15","0.048182742375679884","0.0552163243509384","-0.06015469199715943","0.1565201767485192","0.4818274237567988","0.552163243509384","-0.6015469199715943","1.565201767485192","0.383055886569027","0.8329356183287197","0.4209837022105851","1124","1.0","63.80282494682018","estimated","PRELIMINARY - measurement-weight documentation and final design review pending."
"m0087","sens_stricter_completion","W_IMP","WAZ","POOLED_ESTABLISHED","GH2014+KE2014+NG2018","post_24m","primary","GREGORIAN_ESTABLISHED","True","False","True","reported_first","16147","2901","266","266","21","21","0.09267605776020421","0.03813659639712772","0.017898492853218942","0.1674536226671895","0.9267605776020421","0.3813659639712772","0.17898492853218942","1.6745362266718948","0.015154605528626906","0.5726379358405858","0.29027331334874623","2883","1.0","59.1837568404331","estimated","PRELIMINARY - measurement-weight documentation and final design review pending."
"m0088","sens_calendar_age","W_IMP","WAZ","GH2014","GH2014","post_12m","primary","GREGORIAN_ESTABLISHED","True","False","False","calendar","1940","353","27","27","16","16","0.10630289600230705","0.062099786054899846","-0.015830382101230542","0.22843617410584466","1.0630289600230705","0.6209978605489984","-0.15830382101230542","2.2843617410584467","0.0878129086692112","0.6771370566453893","0.45599666611401135","353","1.0","79.22232719315404","estimated","PRELIMINARY - measurement-weight documentation and final design review pending."
"m0089","sens_calendar_age","W_IMP","WAZ","KE2014","KE2014","post_12m","primary","GREGORIAN_ESTABLISHED","True","False","False","calendar","14166","1498","16","16","16","16","-0.021912929875265552","0.05489947586619638","-0.12960099282428283","0.08577513307375172","-0.21912929875265552","0.5489947586619638","-1.2960099282428283","0.8577513307375172","0.6898422437081991","0.37506647752141814","0.20313643813295096","1497","1.0","54.541743362937446","estimated","PRELIMINARY - measurement-weight documentation and final design review pending."
"m0090","sens_calendar_age","W_IMP","WAZ","NG2018","NG2018","post_12m","primary","GREGORIAN_ESTABLISHED","True","False","False","calendar","6951","1264","73","73","16","16","0.04507544224338182","0.022347110955128195","0.001233895848285746","0.0889169886384779","0.45075442243381825","0.22347110955128197","0.01233895848285746","0.889169886384779","0.0439005962532346","1.2743610984665619","0.6499462743825847","1260","1.0","64.15859909443347","estimated","PRELIMINARY - measurement-weight documentation and final design review pending."
"m0091","sens_calendar_age","W_IMP","WAZ","POOLED_ESTABLISHED","GH2014+KE2014+NG2018","post_12m","primary","GREGORIAN_ESTABLISHED","True","False","False","calendar","23057","3115","116","116","24","24","0.06479941650639046","0.022739871748020567","0.020212756822021838","0.10938607619075907","0.6479941650639045","0.22739871748020568","0.20212756822021838","1.0938607619075906","0.004406257014909202","0.8608495155615385","0.42812696995450394","3110","1.0000000000000002","59.51754666866886","estimated","PRELIMINARY - measurement-weight documentation and final design review pending."
"m0092","sens_ethiopia_PROVISIONAL","W_IMP","WAZ","ET2016_PROVISIONAL_C2","ET2016","post_12m","primary","ET_C2_century_1907_provisional","True","False","False","reported_first","6660","586","12","12","16","16","-0.00989912607701482","0.015881079610177436","-0.04109000172084062","0.02129174956681098","-0.09899126077014819","0.15881079610177434","-0.4109000172084062","0.2129174956681098","0.5333117558340839","3.2070951967166175","1.2582954655689833","586","1.0","60.08304262070156","estimated","PRELIMINARY - measurement-weight documentation and final design review pending."
"m0093","sens_ethiopia_PROVISIONAL","W_IMP","WAZ","ET2016_PROVISIONAL_C3","ET2016","post_12m","primary","ET_C3_century_2015_provisional","True","False","False","reported_first","6653","586","12","12","16","16","-0.010438162889880725","0.01587140549258969","-0.0416100383016033","0.02073371252184185","-0.10438162889880725","0.1587140549258969","-0.416100383016033","0.2073371252184185","0.5110082600813467","3.206730168426511","1.2566313220205294","586","1.0","60.080072888433726","estimated","PRELIMINARY - measurement-weight documentation and final design review pending."
"m0094","sens_ethiopia_PROVISIONAL","W_IMP","WAZ","ET2016_PROVISIONAL_C1","ET2016","post_12m","primary","ET_C1_triple_provisional","True","False","False","reported_first","6463","586","12","12","16","16","-0.012702003186466831","0.01600970797882237","-0.04414550847192613","0.018741502098992467","-0.12702003186466831","0.16009707978822368","-0.4414550847192613","0.18741502098992469","0.42787009140456184","3.190809870076163","1.254267230992361","586","1.0","60.189387064256955","estimated","PRELIMINARY - measurement-weight documentation and final design review pending."
"m0095","primary","W_IMP","WHZ","GH2014","GH2014","post_12m","primary","GREGORIAN_ESTABLISHED","True","False","False","reported_first","1940","353","27","27","16","16","-0.0001914104169110642","0.058874259716940325","-0.1159809612664445","0.11559814043262237","-0.001914104169110642","0.5887425971694032","-1.159809612664445","1.1559814043262238","0.9974077853741123","0.6771370566453893","0.45599666611401135","353","1.0","79.22232719315404","estimated","PRELIMINARY - measurement-weight documentation and final design review pending."
"m0096","primary","W_IMP","WHZ","KE2014","KE2014","post_12m","primary","GREGORIAN_ESTABLISHED","True","False","False","reported_first","14166","1498","16","16","16","16","-0.016277147509335954","0.057274194852111646","-0.12862334031490674","0.09606904529623485","-0.16277147509335954","0.5727419485211165","-1.2862334031490674","0.9606904529623485","0.776298809612707","0.37506647752141814","0.20313643813295096","1497","1.0","54.541743362937446","estimated","PRELIMINARY - measurement-weight documentation and final design review pending."
"m0097","primary","W_IMP","WHZ","NG2018","NG2018","post_12m","primary","GREGORIAN_ESTABLISHED","True","False","False","reported_first","6942","1264","73","73","16","16","-0.005289944316923194","0.02185754561623183","-0.048171039870666524","0.037591151236820136","-0.05289944316923194","0.21857545616231827","-0.4817103987066652","0.37591151236820136","0.8088046252549075","1.2745196333231092","0.650788139353432","1260","1.0","64.16305629764425","estimated","PRELIMINARY - measurement-weight documentation and final design review pending."
"m0098","primary","W_IMP","WHZ","POOLED_ESTABLISHED","GH2014+KE2014+NG2018","post_12m","primary","GREGORIAN_ESTABLISHED","True","False","False","reported_first","23048","3115","116","116","24","24","-0.007811382293960542","0.021582480278103867","-0.0501287143338028","0.03450594974588172","-0.07811382293960542","0.21582480278103866","-0.501287143338028","0.3450594974588172","0.7174276792503904","0.8609277460524352","0.4281307148688321","3110","1.0000000000000002","59.51707688529751","estimated","PRELIMINARY - measurement-weight documentation and final design review pending."
"m0099","unweighted_comparison","W_IMP","WHZ","GH2014","GH2014","post_12m","primary","GREGORIAN_ESTABLISHED","False","False","False","reported_first","1940","353","27","27","16","16","-0.0164803495229483","0.048858696303744266","-0.11257202910081456","0.07961133005491795","-0.164803495229483","0.48858696303744265","-1.1257202910081456","0.7961133005491795","0.7360869986428342","0.7320275985371755","0.4515038038208831","353","1.0","79.22232719315404","estimated","PRELIMINARY - measurement-weight documentation and final design review pending."
"m0100","unweighted_comparison","W_IMP","WHZ","KE2014","KE2014","post_12m","primary","GREGORIAN_ESTABLISHED","False","False","False","reported_first","14166","1498","16","16","16","16","-0.014391427031081427","0.046281776961573026","-0.10517544331162813","0.07639258924946528","-0.14391427031081427","0.4628177696157303","-1.0517544331162814","0.7639258924946528","0.7558801421285593","0.3950893597670292","0.20147129623482915","1497","1.0","54.541743362937446","estimated","PRELIMINARY - measurement-weight documentation and final design review pending."
"m0101","unweighted_comparison","W_IMP","WHZ","NG2018","NG2018","post_12m","primary","GREGORIAN_ESTABLISHED","False","False","False","reported_first","6942","1264","73","73","16","16","0.014994207261245186","0.019043677956783352","-0.022366518800930317","0.05235493332342069","0.14994207261245185","0.19043677956783353","-0.22366518800930318","0.5235493332342069","0.4312195891023971","1.3061018927085255","0.6494941340813071","1260","1.0","64.16305629764425","estimated","PRELIMINARY - measurement-weight documentation and final design review pending."
"m0102","unweighted_comparison","W_IMP","WHZ","POOLED_ESTABLISHED","GH2014+KE2014+NG2018","post_12m","primary","GREGORIAN_ESTABLISHED","False","False","False","reported_first","23048","3115","116","116","24","24","0.0020049166348456854","0.01583793512373913","-0.02904893587981215","0.03305876914950352","0.020049166348456854","0.1583793512373913","-0.29048935879812154","0.3305876914950352","0.8992734632605203","0.8092338499065064","0.4262338462730721","3110","1.0","59.51707688529751","estimated","PRELIMINARY - measurement-weight documentation and final design review pending."
"m0103","sens_window","W_IMP","WHZ","GH2014","GH2014","birth_year","primary","GREGORIAN_ESTABLISHED","True","False","False","reported_first","2507","367","18","18","17","17","0.016186549396829834","0.0441875231066998","-0.07070674434147584","0.10307984313513549","0.16186549396829836","0.441875231066998","-0.7070674434147584","1.030798431351355","0.714341748546222","0.9699152025416486","0.6056915947603646","359","1.0","79.34553340640352","estimated","PRELIMINARY - measurement-weight documentation and final design review pending."
"m0104","sens_window","W_IMP","WHZ","KE2014","KE2014","birth_year","primary","GREGORIAN_ESTABLISHED","True","False","False","reported_first","17685","1507","9","9","17","17","-0.041939689913412535","0.04237476629673083","-0.12505950776954466","0.0411801279427196","-0.41939689913412537","0.42374766296730826","-1.2505950776954466","0.411801279427196","0.3224637967315009","0.4919078604659112","0.24972455439392172","1503","1.0","54.64696436289927","estimated","PRELIMINARY - measurement-weight documentation and final design review pending."
"m0105","sens_window","W_IMP","WHZ","NG2018","NG2018","birth_year","primary","GREGORIAN_ESTABLISHED","True","False","False","reported_first","9221","1318","34","34","16","16","-0.012650561231987656","0.01590957290181043","-0.04386143445603889","0.018560311992063577","-0.12650561231987656","0.1590957290181043","-0.43861434456038895","0.18560311992063577","0.4266671763123087","1.6416581611075687","0.849122160274518","1303","1.0","64.28422603872986","estimated","PRELIMINARY - measurement-weight documentation and final design review pending."
"m0106","sens_window","W_IMP","WHZ","POOLED_ESTABLISHED","GH2014+KE2014+NG2018","birth_year","primary","GREGORIAN_ESTABLISHED","True","False","False","reported_first","29413","3192","61","61","26","26","-0.004967947694868358","0.016674532368458755","-0.037661831494413704","0.02772593610467699","-0.049679476948683576","0.16674532368458755","-0.37661831494413706","0.2772593610467699","0.765771214052612","1.1369184024136827","0.5432247270254094","3165","1.0","59.77342213683932","estimated","PRELIMINARY - measurement-weight documentation and final design review pending."
"m0107","sens_window","W_IMP","WHZ","GH2014","GH2014","prenatal_9m","primary","GREGORIAN_ESTABLISHED","True","False","False","reported_first","2507","367","18","18","17","17","0.027170776916000904","0.04246070828837554","-0.05632679294617832","0.11066834677818013","0.27170776916000905","0.42460708288375537","-0.5632679294617832","1.1066834677818014","0.5226353692013082","0.8195143809117973","0.5625261047815687","366","1.0","79.13045546116315","estimated","PRELIMINARY - measurement-weight documentation and final design review pending."
"m0108","sens_window","W_IMP","WHZ","KE2014","KE2014","prenatal_9m","primary","GREGORIAN_ESTABLISHED","True","False","False","reported_first","17685","1507","9","9","17","17","-0.025664170898911577","0.03800130518418821","-0.10020526790665371","0.04887692610883055","-0.25664170898911576","0.3800130518418821","-1.0020526790665372","0.4887692610883055","0.4995572772302734","0.5833941462167643","0.30483469259093454","1506","1.0","54.52452386787947","estimated","PRELIMINARY - measurement-weight documentation and final design review pending."
"m0109","sens_window","W_IMP","WHZ","NG2018","NG2018","prenatal_9m","primary","GREGORIAN_ESTABLISHED","True","False","False","reported_first","9422","1319","33","33","17","17","-0.016721351372031193","0.01625969303705426","-0.04861905642030708","0.015176353676244696","-0.16721351372031193","0.16259693037054262","-0.48619056420307083","0.15176353676244697","0.3039537791488948","1.6912184058823345","0.8634540861326823","1316","1.0","63.80400232178842","estimated","PRELIMINARY - measurement-weight documentation and final design review pending."
"m0110","sens_window","W_IMP","WHZ","POOLED_ESTABLISHED","GH2014+KE2014+NG2018","prenatal_9m","primary","GREGORIAN_ESTABLISHED","True","False","False","reported_first","29614","3193","60","60","27","27","-0.011228788389928926","0.015390053806905953","-0.041404181612407415","0.018946604832549563","-0.11228788389928926","0.1539005380690595","-0.41404181612407415","0.18946604832549563","0.4656801080526137","1.1361003838799366","0.5776983023154051","3188","1.0000000000000002","59.55992322281607","estimated","PRELIMINARY - measurement-weight documentation and final design review pending."
"m0111","sens_window","W_IMP","WHZ","GH2014","GH2014","post_24m","primary","GREGORIAN_ESTABLISHED","True","False","False","reported_first","1374","319","53","53","15","15","0.02963801024010694","0.07880524265142119","-0.12540751791608107","0.18468353839629498","0.2963801024010694","0.7880524265142119","-1.2540751791608107","1.8468353839629499","0.707099387558271","0.47539449971258246","0.3271203980484436","315","1.0","78.85551769280906","estimated","PRELIMINARY - measurement-weight documentation and final design review pending."
"m0112","sens_window","W_IMP","WHZ","KE2014","KE2014","post_24m","primary","GREGORIAN_ESTABLISHED","True","False","False","reported_first","10462","1452","50","50","15","15","-0.008231832828604735","0.08283271382510644","-0.17071650477468933","0.15425283911747986","-0.08231832828604735","0.8283271382510644","-1.7071650477468934","1.5425283911747987","0.9208510779596382","0.2813422745431203","0.15217797606738648","1451","1.0","54.51199658811642","estimated","PRELIMINARY - measurement-weight documentation and final design review pending."
"m0113","sens_window","W_IMP","WHZ","NG2018","NG2018","post_24m","primary","GREGORIAN_ESTABLISHED","True","False","False","reported_first","4611","1136","158","158","15","15","-0.0205663458512019","0.03738770504979552","-0.0939231274921573","0.052790435789753495","-0.205663458512019","0.3738770504979552","-0.939231274921573","0.527904357897535","0.5823705874329784","0.8333345710112036","0.4211189758000512","1123","1.0","63.80240084109598","estimated","PRELIMINARY - measurement-weight documentation and final design review pending."
"m0114","sens_window","W_IMP","WHZ","POOLED_ESTABLISHED","GH2014+KE2014+NG2018","post_24m","primary","GREGORIAN_ESTABLISHED","True","False","False","reported_first","16447","2907","261","261","21","21","-0.010735477074760103","0.032410953482829505","-0.07428624765662364","0.052815293507103435","-0.10735477074760102","0.3241095348282951","-0.7428624765662364","0.5281529350710343","0.7404947148351863","0.5772347624795594","0.29101726817194346","2889","0.9999999999999998","59.15029244805053","estimated","PRELIMINARY - measurement-weight documentation and final design review pending."
"m0115","sens_wealth","W_IMP","WHZ","GH2014","GH2014","post_12m","primary","GREGORIAN_ESTABLISHED","True","True","False","reported_first","1940","353","27","27","20","20","-0.0019029002356364955","0.058618572667010774","-0.1171895846574352","0.11338378418616221","-0.019029002356364955","0.5861857266701077","-1.171895846574352","1.1338378418616222","0.9741216902872961","0.6771370566453893","0.4556266072356088","353","1.0","79.22232719315404","estimated","PRELIMINARY - measurement-weight documentation and final design review pending."
"m0116","sens_wealth","W_IMP","WHZ","KE2014","KE2014","post_12m","primary","GREGORIAN_ESTABLISHED","True","True","False","reported_first","14166","1498","16","16","20","20","-0.015676815967489155","0.05721399663391211","-0.1279049269624669","0.0965512950274886","-0.15676815967489155","0.5721399663391211","-1.2790492696246691","0.965512950274886","0.7841199937684252","0.37506647752141814","0.2031407042347813","1497","1.0","54.541743362937446","estimated","PRELIMINARY - measurement-weight documentation and final design review pending."
"m0117","sens_wealth","W_IMP","WHZ","NG2018","NG2018","post_12m","primary","GREGORIAN_ESTABLISHED","True","True","False","reported_first","6942","1264","73","73","20","20","-0.005446077594545316","0.021910108380924376","-0.04843029309482447","0.037538137905733834","-0.05446077594545316","0.21910108380924376","-0.48430293094824467","0.37538137905733837","0.80373799498237","1.2745196333231092","0.6507939838461456","1260","1.0","64.16305629764425","estimated","PRELIMINARY - measurement-weight documentation and final design review pending."
"m0118","sens_wealth","W_IMP","WHZ","POOLED_ESTABLISHED","GH2014+KE2014+NG2018","post_12m","primary","GREGORIAN_ESTABLISHED","True","True","False","reported_first","23048","3115","116","116","28","28","-0.008402637968197006","0.021555053482166575","-0.05066619357384301","0.033860917637449","-0.08402637968197006","0.21555053482166575","-0.5066619357384301","0.33860917637449","0.6966946996855733","0.8609277460524352","0.4281171408389039","3110","1.0000000000000002","59.51707688529751","estimated","PRELIMINARY - measurement-weight documentation and final design review pending."
"m0119","sens_containing_pixel","W_IMP","WHZ","GH2014","GH2014","post_12m","containing","GREGORIAN_ESTABLISHED","True","False","False","reported_first","2029","373","30","30","16","16","-0.012686068445809412","0.03181456317302585","-0.07524500072327232","0.0498728638316535","-0.12686068445809412","0.31814563173025845","-0.7524500072327233","0.498728638316535","0.6903059441901842","0.8978397473708563","0.6829355272130281","373","1.0","78.69086403666174","estimated","PRELIMINARY - measurement-weight documentation and final design review pending."
"m0120","sens_containing_pixel","W_IMP","WHZ","KE2014","KE2014","post_12m","containing","GREGORIAN_ESTABLISHED","True","False","False","reported_first","14650","1549","16","16","16","16","-0.009454984695423968","0.04516761387624051","-0.09805115262954064","0.07914118323869271","-0.09454984695423968","0.45167613876240514","-0.9805115262954065","0.791411832386927","0.8342173462744372","0.4028423580988533","0.26396762327145895","1548","1.0","54.02533726615679","estimated","PRELIMINARY - measurement-weight documentation and final design review pending."
"m0121","sens_containing_pixel","W_IMP","WHZ","NG2018","NG2018","post_12m","containing","GREGORIAN_ESTABLISHED","True","False","False","reported_first","6993","1275","73","73","16","16","-0.00338555852767055","0.017774541316824127","-0.03825614763907931","0.03148503058373821","-0.0338555852767055","0.17774541316824127","-0.3825614763907931","0.31485030583738205","0.8489693593968399","1.3536660674323366","0.8205197850549821","1270","1.0","64.15678954010255","estimated","PRELIMINARY - measurement-weight documentation and final design review pending."
"m0122","sens_containing_pixel","W_IMP","WHZ","POOLED_ESTABLISHED","GH2014+KE2014+NG2018","post_12m","containing","GREGORIAN_ESTABLISHED","True","False","False","reported_first","23672","3197","119","119","24","24","-0.009048169738943946","0.015760622766435837","-0.039950125612007066","0.021853786134119174","-0.09048169738943945","0.15760622766435836","-0.39950125612007065","0.21853786134119174","0.5659406965932422","0.9662315111737515","0.5436725216661973","3191","1.0","59.132451137779675","estimated","PRELIMINARY - measurement-weight documentation and final design review pending."
"m0123","sens_rural10km","W_IMP","WHZ","GH2014","GH2014","post_12m","rural10_urban_primary","GREGORIAN_ESTABLISHED","True","False","False","reported_first","1878","342","26","26","16","16","-0.0016532422434678562","0.07004493395432618","-0.13942778391897637","0.13612129943204065","-0.016532422434678562","0.7004493395432618","-1.3942778391897637","1.3612129943204065","0.9811834071338437","0.6021472832407423","0.39269403269444236","342","1.0","79.39415580787886","estimated","PRELIMINARY - measurement-weight documentation and final design review pending."
"m0124","sens_rural10km","W_IMP","WHZ","KE2014","KE2014","post_12m","rural10_urban_primary","GREGORIAN_ESTABLISHED","True","False","False","reported_first","13786","1467","15","15","16","16","0.00608220904127732","0.060311396154982405","-0.11222363002715956","0.1243880481097142","0.0608220904127732","0.603113961549824","-1.1222363002715956","1.243880481097142","0.9196858947252138","0.36299441598325083","0.19551304277685044","1466","1.0","55.75334505242308","estimated","PRELIMINARY - measurement-weight documentation and final design review pending."
"m0125","sens_rural10km","W_IMP","WHZ","NG2018","NG2018","post_12m","rural10_urban_primary","GREGORIAN_ESTABLISHED","True","False","False","reported_first","6887","1254","72","72","16","16","-0.011076454904494194","0.023321981424128377","-0.05683089538226638","0.03467798557327799","-0.11076454904494194","0.23321981424128377","-0.5683089538226638","0.3467798557327799","0.6349151662360429","1.2326989475947907","0.5699854267888345","1250","1.0","64.55057485072652","estimated","PRELIMINARY - measurement-weight documentation and final design review pending."
"m0126","sens_rural10km","W_IMP","WHZ","POOLED_ESTABLISHED","GH2014+KE2014+NG2018","post_12m","rural10_urban_primary","GREGORIAN_ESTABLISHED","True","False","False","reported_first","22551","3063","113","113","24","24","-0.011666515595713075","0.023607495670790967","-0.05795465378950129","0.03462162259807515","-0.11666515595713076","0.23607495670790968","-0.5795465378950129","0.3462162259807515","0.621209625258506","0.8193275682229774","0.38450299400696836","3058","1.0","60.4087467738395","estimated","PRELIMINARY - measurement-weight documentation and final design review pending."
"m0127","sens_stricter_completion","W_IMP","WHZ","GH2014","GH2014","post_12m","primary","GREGORIAN_ESTABLISHED","True","False","True","reported_first","1895","353","26","26","16","16","-0.015407291778942012","0.06314009665062931","-0.13958657601831326","0.10877199246042925","-0.15407291778942012","0.6314009665062931","-1.3958657601831326","1.0877199246042926","0.8073593895160424","0.6493003059642172","0.445694628634454","353","1.0","79.17258702904103","estimated","PRELIMINARY - measurement-weight documentation and final design review pending."
"m0128","sens_stricter_completion","W_IMP","WHZ","KE2014","KE2014","post_12m","primary","GREGORIAN_ESTABLISHED","True","False","True","reported_first","13832","1497","17","17","16","16","-0.029358966038257328","0.059005714082966204","-0.14510168287003497","0.08638375079352031","-0.2935896603825733","0.590057140829662","-1.4510168287003498","0.8638375079352032","0.6188663353518522","0.37628710586601816","0.19912848845991918","1496","1.0","54.47294981247357","estimated","PRELIMINARY - measurement-weight documentation and final design review pending."
"m0129","sens_stricter_completion","W_IMP","WHZ","NG2018","NG2018","post_12m","primary","GREGORIAN_ESTABLISHED","True","False","True","reported_first","6942","1264","73","73","16","16","-0.005289944316923194","0.02185754561623183","-0.048171039870666524","0.037591151236820136","-0.05289944316923194","0.21857545616231827","-0.4817103987066652","0.37591151236820136","0.8088046252549075","1.2745196333231092","0.650788139353432","1260","1.0","64.16305629764425","estimated","PRELIMINARY - measurement-weight documentation and final design review pending."
"m0130","sens_stricter_completion","W_IMP","WHZ","POOLED_ESTABLISHED","GH2014+KE2014+NG2018","post_12m","primary","GREGORIAN_ESTABLISHED","True","False","True","reported_first","22669","3114","116","116","24","24","-0.012603185584658769","0.02218256417737985","-0.05609712321106395","0.030890752041746412","-0.1260318558465877","0.2218256417737985","-0.5609712321106395","0.3089075204174641","0.569969145932587","0.8539287966203277","0.4277978381883834","3109","1.0","59.50513172369375","estimated","PRELIMINARY - measurement-weight documentation and final design review pending."
"m0131","sens_stricter_completion","W_IMP","WHZ","GH2014","GH2014","post_24m","primary","GREGORIAN_ESTABLISHED","True","False","True","reported_first","1333","315","57","57","15","15","0.03519946443114257","0.08550696849543188","-0.133039574602311","0.20343850346459616","0.35199464431142574","0.8550696849543188","-1.33039574602311","2.0343850346459615","0.68087236183899","0.4593056772969298","0.31515238895959635","311","1.0","78.70159656327091","estimated","PRELIMINARY - measurement-weight documentation and final design review pending."
"m0132","sens_stricter_completion","W_IMP","WHZ","KE2014","KE2014","post_24m","primary","GREGORIAN_ESTABLISHED","True","False","True","reported_first","10196","1449","52","52","15","15","-0.046306856981521025","0.08425569716454678","-0.21158313926416755","0.11896942530112552","-0.4630685698152103","0.8425569716454678","-2.1158313926416756","1.189694253011255","0.5826791145097373","0.28106790498643297","0.1510895138544513","1448","1.0","54.53996154170435","estimated","PRELIMINARY - measurement-weight documentation and final design review pending."
"m0133","sens_stricter_completion","W_IMP","WHZ","NG2018","NG2018","post_24m","primary","GREGORIAN_ESTABLISHED","True","False","True","reported_first","4611","1136","158","158","15","15","-0.0205663458512019","0.03738770504979552","-0.0939231274921573","0.052790435789753495","-0.205663458512019","0.3738770504979552","-0.939231274921573","0.527904357897535","0.5823705874329784","0.8333345710112036","0.4211189758000512","1123","1.0","63.80240084109598","estimated","PRELIMINARY - measurement-weight documentation and final design review pending."
"m0134","sens_stricter_completion","W_IMP","WHZ","POOLED_ESTABLISHED","GH2014+KE2014+NG2018","post_24m","primary","GREGORIAN_ESTABLISHED","True","False","True","reported_first","16140","2900","267","267","21","21","-0.015216472295753762","0.03339094552348888","-0.08068885818484942","0.05025591359334189","-0.1521647229575376","0.3339094552348888","-0.8068885818484941","0.5025591359334189","0.6486351484352593","0.5728313828847836","0.2902904728409329","2882","0.9999999999999999","59.181632365325356","estimated","PRELIMINARY - measurement-weight documentation and final design review pending."
"m0135","sens_calendar_age","W_IMP","WHZ","GH2014","GH2014","post_12m","primary","GREGORIAN_ESTABLISHED","True","False","False","calendar","1940","353","27","27","16","16","-0.0001914104169110642","0.058874259716940325","-0.1159809612664445","0.11559814043262237","-0.001914104169110642","0.5887425971694032","-1.159809612664445","1.1559814043262238","0.9974077853741123","0.6771370566453893","0.45599666611401135","353","1.0","79.22232719315404","estimated","PRELIMINARY - measurement-weight documentation and final design review pending."
"m0136","sens_calendar_age","W_IMP","WHZ","KE2014","KE2014","post_12m","primary","GREGORIAN_ESTABLISHED","True","False","False","calendar","14166","1498","16","16","16","16","-0.016277147509335954","0.057274194852111646","-0.12862334031490674","0.09606904529623485","-0.16277147509335954","0.5727419485211165","-1.2862334031490674","0.9606904529623485","0.776298809612707","0.37506647752141814","0.20313643813295096","1497","1.0","54.541743362937446","estimated","PRELIMINARY - measurement-weight documentation and final design review pending."
"m0137","sens_calendar_age","W_IMP","WHZ","NG2018","NG2018","post_12m","primary","GREGORIAN_ESTABLISHED","True","False","False","calendar","6942","1264","73","73","16","16","-0.004954742317227742","0.021859318551982334","-0.04783931609440306","0.03792983145994758","-0.04954742317227742","0.21859318551982335","-0.4783931609440306","0.37929831459947577","0.8207209281743645","1.2745196333231092","0.6499019379006049","1260","1.0","64.16305629764425","estimated","PRELIMINARY - measurement-weight documentation and final design review pending."
"m0138","sens_calendar_age","W_IMP","WHZ","POOLED_ESTABLISHED","GH2014+KE2014+NG2018","post_12m","primary","GREGORIAN_ESTABLISHED","True","False","False","calendar","23048","3115","116","116","24","24","-0.007726207667096259","0.021582021094048463","-0.05004263937278371","0.03459022403859119","-0.07726207667096259","0.21582021094048465","-0.500426393727837","0.3459022403859119","0.720372982581806","0.8609277460524352","0.4280152702435697","3110","1.0000000000000002","59.51707688529751","estimated","PRELIMINARY - measurement-weight documentation and final design review pending."
"m0139","sens_ethiopia_PROVISIONAL","W_IMP","WHZ","ET2016_PROVISIONAL_C2","ET2016","post_12m","primary","ET_C2_century_1907_provisional","True","False","False","reported_first","6633","586","12","12","16","16","0.01628890881898325","0.0169092677855824","-0.016921356583266534","0.04949917422123304","0.1628890881898325","0.169092677855824","-0.16921356583266534","0.4949917422123304","0.33578874799264374","3.209654782969243","1.2612938613161824","586","1.0","59.97444288735664","estimated","PRELIMINARY - measurement-weight documentation and final design review pending."
"m0140","sens_ethiopia_PROVISIONAL","W_IMP","WHZ","ET2016_PROVISIONAL_C3","ET2016","post_12m","primary","ET_C3_century_2015_provisional","True","False","False","reported_first","6626","586","12","12","16","16","0.015243620045083681","0.016938456260286887","-0.018023972321521677","0.048511212411689035","0.1524362004508368","0.16938456260286888","-0.18023972321521675","0.48511212411689036","0.3685216736141691","3.2089702624862593","1.259137010237324","586","1.0","59.9713463242852","estimated","PRELIMINARY - measurement-weight documentation and final design review pending."
"m0141","sens_ethiopia_PROVISIONAL","W_IMP","WHZ","ET2016_PROVISIONAL_C1","ET2016","post_12m","primary","ET_C1_triple_provisional","True","False","False","reported_first","6439","586","12","12","16","16","0.014843638507208285","0.01727543866371924","-0.019085796536193442","0.048773073550610016","0.14843638507208284","0.1727543866371924","-0.19085796536193442","0.48773073550610013","0.39056355710744833","3.1929152429489482","1.2577996560683755","586","1.0","60.07510557473853","estimated","PRELIMINARY - measurement-weight documentation and final design review pending."
"m0142","primary","S_IMP","HAZ","GH2014","GH2014","post_12m","primary","GREGORIAN_ESTABLISHED","True","False","False","reported_first","1940","353","27","27","16","16","-0.24799980197577298","0.12379367678154543","-0.4914680731941885","-0.00453153075735746","-2.47999801975773","1.2379367678154543","-4.9146807319418855","-0.045315307573574604","0.045907856182291436","0.4990049840964584","0.25811619636417216","353","1.0","54.398796776823154","estimated","PRELIMINARY - measurement-weight documentation and final design review pending."
"m0143","primary","S_IMP","HAZ","KE2014","KE2014","post_12m","primary","GREGORIAN_ESTABLISHED","True","False","False","reported_first","14166","1498","16","16","16","16","-0.02122420575628195","0.016188580897361162","-0.052978915454771285","0.010530503942207385","-0.2122420575628195","0.16188580897361163","-0.5297891545477128","0.10530503942207385","0.1900384604775359","1.718557315731134","0.8771182726243724","1497","1.0","44.49981495121508","estimated","PRELIMINARY - measurement-weight documentation and final design review pending."
"m0144","primary","S_IMP","HAZ","NG2018","NG2018","post_12m","primary","GREGORIAN_ESTABLISHED","True","False","False","reported_first","6912","1263","74","74","16","16","0.02029474239123985","0.02787907193254543","-0.03439969023794126","0.07498917502042096","0.2029474239123985","0.2787907193254543","-0.3439969023794126","0.7498917502042096","0.4667754561465745","1.6823130797776031","0.6482523055529197","1259","1.0","42.26708851896716","estimated","PRELIMINARY - measurement-weight documentation and final design review pending."
"m0145","primary","S_IMP","HAZ","POOLED_ESTABLISHED","GH2014+KE2014+NG2018","post_12m","primary","GREGORIAN_ESTABLISHED","True","False","False","reported_first","23018","3114","117","117","24","24","-0.00963372435460566","0.013720901012867388","-0.0365366562275711","0.017269207518359784","-0.0963372435460566","0.13720901012867387","-0.365366562275711","0.17269207518359783","0.48265657982056653","1.418052951526248","0.7878144222975619","3109","1.0000000000000002","44.663661490531354","estimated","PRELIMINARY - measurement-weight documentation and final design review pending."
"m0146","unweighted_comparison","S_IMP","HAZ","GH2014","GH2014","post_12m","primary","GREGORIAN_ESTABLISHED","False","False","False","reported_first","1940","353","27","27","16","16","-0.24480755024860212","0.10349172786774617","-0.4483474460207513","-0.041267654476452975","-2.448075502486021","1.0349172786774616","-4.483474460207512","-0.41267654476452975","0.018548228039923273","0.48571227715261484","0.2570964498989794","353","1.0","54.398796776823154","estimated","PRELIMINARY - measurement-weight documentation and final design review pending."
"m0147","unweighted_comparison","S_IMP","HAZ","KE2014","KE2014","post_12m","primary","GREGORIAN_ESTABLISHED","False","False","False","reported_first","14166","1498","16","16","16","16","-0.026367982928438567","0.014667658975330174","-0.05513932833981889","0.002403362482941755","-0.26367982928438566","0.14667658975330175","-0.5513932833981889","0.024033624829417552","0.07242673848211856","1.1324096940261794","0.7945799694402502","1497","1.0","44.49981495121508","estimated","PRELIMINARY - measurement-weight documentation and final design review pending."
"m0148","unweighted_comparison","S_IMP","HAZ","NG2018","NG2018","post_12m","primary","GREGORIAN_ESTABLISHED","False","False","False","reported_first","6912","1263","74","74","16","16","0.0024312899154797507","0.02152456212147955","-0.03979657605058789","0.04465915588154739","0.024312899154797507","0.21524562121479549","-0.3979657605058789","0.4465915588154739","0.910084822226999","1.6507163749765235","0.6468167728665505","1259","1.0","42.26708851896716","estimated","PRELIMINARY - measurement-weight documentation and final design review pending."
"m0149","unweighted_comparison","S_IMP","HAZ","POOLED_ESTABLISHED","GH2014+KE2014+NG2018","post_12m","primary","GREGORIAN_ESTABLISHED","False","False","False","reported_first","23018","3114","117","117","24","24","-0.010854585438407754","0.01191234575152404","-0.03421143539308048","0.01250226451626497","-0.10854585438407754","0.11912345751524041","-0.3421143539308048","0.12502264516264971","0.36225807998496373","1.275665967451173","0.735474228007001","3109","1.0","44.663661490531354","estimated","PRELIMINARY - measurement-weight documentation and final design review pending."
"m0150","sens_window","S_IMP","HAZ","GH2014","GH2014","birth_year","primary","GREGORIAN_ESTABLISHED","True","False","False","reported_first","2507","367","18","18","17","17","0.0993906688586002","0.10981945213184456","-0.11656562924006608","0.3153469669572665","0.9939066885860021","1.0981945213184456","-1.1656562924006608","3.153469669572665","0.36604114040796826","0.7721713221859038","0.29006929226038713","359","1.0","53.85050395825867","estimated","PRELIMINARY - measurement-weight documentation and final design review pending."
"m0151","sens_window","S_IMP","HAZ","KE2014","KE2014","birth_year","primary","GREGORIAN_ESTABLISHED","True","False","False","reported_first","17685","1507","9","9","17","17","-0.0013941016915556214","0.010429825100764465","-0.021852625440717626","0.019064422057606386","-0.013941016915556215","0.10429825100764464","-0.21852625440717627","0.19064422057606387","0.8936854080530059","2.145462042464846","1.085759613960188","1503","1.0","44.32231974595808","estimated","PRELIMINARY - measurement-weight documentation and final design review pending."
"m0152","sens_window","S_IMP","HAZ","NG2018","NG2018","birth_year","primary","GREGORIAN_ESTABLISHED","True","False","False","reported_first","9180","1318","34","34","16","16","0.018069875806818653","0.024601231059326392","-0.030192004539501202","0.06633175615313851","0.18069875806818653","0.24601231059326392","-0.30192004539501205","0.6633175615313851","0.46276808882488063","2.1771417534740194","0.8303146554892349","1304","1.0","42.51831991162851","estimated","PRELIMINARY - measurement-weight documentation and final design review pending."
"m0153","sens_window","S_IMP","HAZ","POOLED_ESTABLISHED","GH2014+KE2014+NG2018","birth_year","primary","GREGORIAN_ESTABLISHED","True","False","False","reported_first","29372","3192","61","61","26","26","0.005121414754487585","0.010004706046881313","-0.014494889302354753","0.024737718811329922","0.05121414754487585","0.10004706046881313","-0.14494889302354752","0.24737718811329923","0.6087560207361515","1.820183337028048","0.9651654668753168","3166","1.0","44.57175592126423","estimated","PRELIMINARY - measurement-weight documentation and final design review pending."
"m0154","sens_window","S_IMP","HAZ","GH2014","GH2014","prenatal_9m","primary","GREGORIAN_ESTABLISHED","True","False","False","reported_first","2507","367","18","18","17","17","-0.18261654666168614","0.0724202548576713","-0.3250285678730868","-0.04020452545028547","-1.8261654666168614","0.724202548576713","-3.2502856787308683","-0.40204525450285467","0.012105281499862187","0.6872835091605677","0.37805147942324346","366","1.0","53.87638541816062","estimated","PRELIMINARY - measurement-weight documentation and final design review pending."
"m0155","sens_window","S_IMP","HAZ","KE2014","KE2014","prenatal_9m","primary","GREGORIAN_ESTABLISHED","True","False","False","reported_first","17685","1507","9","9","17","17","-0.0019117084015434554","0.010753226458848535","-0.02300459699392697","0.019181180190840058","-0.019117084015434556","0.10753226458848535","-0.2300459699392697","0.19181180190840058","0.8589196777666509","2.1566728317750115","1.0597155968207064","1506","1.0","44.00430587071351","estimated","PRELIMINARY - measurement-weight documentation and final design review pending."
"m0156","sens_window","S_IMP","HAZ","NG2018","NG2018","prenatal_9m","primary","GREGORIAN_ESTABLISHED","True","False","False","reported_first","9381","1319","33","33","17","17","0.03585468215206256","0.024434603002742323","-0.012080279336877997","0.08378964364100312","0.3585468215206256","0.24434603002742322","-0.12080279336877997","0.8378964364100312","0.14251313008426367","2.177923679044228","0.8333846054105203","1317","1.0","41.962548672800565","estimated","PRELIMINARY - measurement-weight documentation and final design review pending."
"m0157","sens_window","S_IMP","HAZ","POOLED_ESTABLISHED","GH2014+KE2014+NG2018","prenatal_9m","primary","GREGORIAN_ESTABLISHED","True","False","False","reported_first","29573","3193","60","60","27","27","0.0037938952346879768","0.010253911875836973","-0.016311026216800327","0.02389881668617628","0.037938952346879766","0.10253911875836974","-0.16311026216800328","0.23898816686176277","0.7114108269620751","1.8135552447262309","0.9582211963211089","3189","1.0","44.19351829934193","estimated","PRELIMINARY - measurement-weight documentation and final design review pending."
"m0158","sens_window","S_IMP","HAZ","GH2014","GH2014","post_24m","primary","GREGORIAN_ESTABLISHED","True","False","False","reported_first","1374","319","53","53","15","15","-0.12126813415676291","0.1833685858958268","-0.4820370156540027","0.23950074734047688","-1.2126813415676292","1.833685858958268","-4.820370156540027","2.395007473404769","0.5088761272072537","0.30521030860892634","0.16533819712081146","315","1.0","55.04935979353186","estimated","PRELIMINARY - measurement-weight documentation and final design review pending."
"m0159","sens_window","S_IMP","HAZ","KE2014","KE2014","post_24m","primary","GREGORIAN_ESTABLISHED","True","False","False","reported_first","10462","1452","50","50","15","15","-0.01947914931772068","0.02696143222671064","-0.07236670144843275","0.033408402812991386","-0.19479149317720681","0.2696143222671064","-0.7236670144843276","0.3340840281299139","0.4701146161629365","1.2562946203461578","0.6378845114521656","1451","1.0","44.65709845978591","estimated","PRELIMINARY - measurement-weight documentation and final design review pending."
"m0160","sens_window","S_IMP","HAZ","NG2018","NG2018","post_24m","primary","GREGORIAN_ESTABLISHED","True","False","False","reported_first","4583","1133","161","161","15","15","0.07828051292562953","0.07652971242763279","-0.07187551506394728","0.22843654091520632","0.7828051292562953","0.7652971242763279","-0.7187551506394728","2.284365409152063","0.3065843570124204","1.0942421915176643","0.4298095654980617","1121","1.0","42.22540263856328","estimated","PRELIMINARY - measurement-weight documentation and final design review pending."
"m0161","sens_window","S_IMP","HAZ","POOLED_ESTABLISHED","GH2014+KE2014+NG2018","post_24m","primary","GREGORIAN_ESTABLISHED","True","False","False","reported_first","16419","2904","264","264","21","21","0.022426043683828525","0.02521884713641915","-0.027022605201516173","0.07187469256917323","0.22426043683828525","0.2521884713641915","-0.27022605201516176","0.7187469256917323","0.37393849961969944","0.977888112088023","0.5709058708584706","2887","1.0","44.84800564803756","estimated","PRELIMINARY - measurement-weight documentation and final design review pending."
"m0162","sens_wealth","S_IMP","HAZ","GH2014","GH2014","post_12m","primary","GREGORIAN_ESTABLISHED","True","True","False","reported_first","1940","353","27","27","20","20","-0.24183444309358038","0.11867088207184133","-0.47522757958617734","-0.008441306600983384","-2.4183444309358038","1.1867088207184133","-4.752275795861774","-0.08441306600983384","0.04231136476024963","0.4990049840964584","0.25786404667833024","353","1.0","54.398796776823154","estimated","PRELIMINARY - measurement-weight documentation and final design review pending."
"m0163","sens_wealth","S_IMP","HAZ","KE2014","KE2014","post_12m","primary","GREGORIAN_ESTABLISHED","True","True","False","reported_first","14166","1498","16","16","20","20","-0.02293029552098726","0.016067411798503045","-0.054447325982299344","0.00858673494032482","-0.2293029552098726","0.16067411798503045","-0.5444732598229934","0.0858673494032482","0.15375078677979123","1.718557315731134","0.8773159069294586","1497","1.0","44.49981495121508","estimated","PRELIMINARY - measurement-weight documentation and final design review pending."
"m0164","sens_wealth","S_IMP","HAZ","NG2018","NG2018","post_12m","primary","GREGORIAN_ESTABLISHED","True","True","False","reported_first","6912","1263","74","74","20","20","0.01917848797185473","0.027940859930811912","-0.03563716316548385","0.07399413910919331","0.1917848797185473","0.2794085993081191","-0.3563716316548385","0.739941391091933","0.49258966260097725","1.6823130797776031","0.6481396378182083","1259","1.0","42.26708851896716","estimated","PRELIMINARY - measurement-weight documentation and final design review pending."
"m0165","sens_wealth","S_IMP","HAZ","POOLED_ESTABLISHED","GH2014+KE2014+NG2018","post_12m","primary","GREGORIAN_ESTABLISHED","True","True","False","reported_first","23018","3114","117","117","28","28","-0.010744033947503895","0.013626408954471009","-0.037461692753694056","0.015973624858686263","-0.10744033947503895","0.1362640895447101","-0.37461692753694054","0.15973624858686264","0.43048105064464176","1.418052951526248","0.7878196412239824","3109","1.0000000000000002","44.663661490531354","estimated","PRELIMINARY - measurement-weight documentation and final design review pending."
"m0166","sens_containing_pixel","S_IMP","HAZ","GH2014","GH2014","post_12m","containing","GREGORIAN_ESTABLISHED","True","False","False","reported_first","2029","373","30","30","16","16","-0.1836024860343114","0.1139965474717071","-0.4077609085266118","0.040555936457988995","-1.836024860343114","1.1399654747170709","-4.0776090852661175","0.40555936457988995","0.10811576230075046","0.5569215834499807","0.3218158925420529","373","1.0","53.160976912699","estimated","PRELIMINARY - measurement-weight documentation and final design review pending."
"m0167","sens_containing_pixel","S_IMP","HAZ","KE2014","KE2014","post_12m","containing","GREGORIAN_ESTABLISHED","True","False","False","reported_first","14650","1549","16","16","16","16","-0.014845816200627068","0.01430557226554625","-0.04290616241029649","0.013214530009042356","-0.14845816200627068","0.1430557226554625","-0.4290616241029649","0.13214530009042355","0.2995417415378231","1.7661051387495272","0.9590315864024875","1548","1.0","44.50874893955785","estimated","PRELIMINARY - measurement-weight documentation and final design review pending."
"m0168","sens_containing_pixel","S_IMP","HAZ","NG2018","NG2018","post_12m","containing","GREGORIAN_ESTABLISHED","True","False","False","reported_first","6963","1274","74","74","16","16","0.014194428482250498","0.022289445167073995","-0.02953365713675453","0.057922514101255526","0.14194428482250498","0.22289445167073996","-0.2953365713675453","0.5792251410125553","0.5243547225802165","1.7338975225214033","0.7585629438179122","1270","1.0","42.26835556273949","estimated","PRELIMINARY - measurement-weight documentation and final design review pending."
"m0169","sens_containing_pixel","S_IMP","HAZ","POOLED_ESTABLISHED","GH2014+KE2014+NG2018","post_12m","containing","GREGORIAN_ESTABLISHED","True","False","False","reported_first","23642","3196","120","120","24","24","-0.007384554993780615","0.0121954815774739","-0.03129631811570245","0.01652720812814122","-0.07384554993780615","0.12195481577473899","-0.3129631811570245","0.16527208128141221","0.5448794353960991","1.4646603280665205","0.8739459193072727","3191","1.0","44.591462393356906","estimated","PRELIMINARY - measurement-weight documentation and final design review pending."
"m0170","sens_rural10km","S_IMP","HAZ","GH2014","GH2014","post_12m","rural10_urban_primary","GREGORIAN_ESTABLISHED","True","False","False","reported_first","1878","342","26","26","16","16","-0.2402571603062562","0.13717388807279368","-0.5100706713219146","0.029556350709402213","-2.402571603062562","1.371738880727937","-5.100706713219147","0.2955635070940221","0.08076248285417834","0.4755539900457858","0.23687113697410717","342","1.0","55.84737370387753","estimated","PRELIMINARY - measurement-weight documentation and final design review pending."
"m0171","sens_rural10km","S_IMP","HAZ","KE2014","KE2014","post_12m","rural10_urban_primary","GREGORIAN_ESTABLISHED","True","False","False","reported_first","13786","1467","15","15","16","16","-0.021750811744825085","0.01646469797003025","-0.054047691481241236","0.010546067991591065","-0.21750811744825085","0.1646469797003025","-0.5404769148124123","0.10546067991591065","0.18668837052798037","1.7318537184964635","0.8766005873638798","1466","1.0","44.76144470812805","estimated","PRELIMINARY - measurement-weight documentation and final design review pending."
"m0172","sens_rural10km","S_IMP","HAZ","NG2018","NG2018","post_12m","rural10_urban_primary","GREGORIAN_ESTABLISHED","True","False","False","reported_first","6857","1253","73","73","16","16","0.030161891948133512","0.030670637551727782","-0.030009622576668768","0.09033340647293579","0.3016189194813351","0.3067063755172778","-0.3000962257666877","0.903334064729358","0.3255944009961686","1.6581286864408975","0.5966005648744255","1249","1.0","42.23829569753394","estimated","PRELIMINARY - measurement-weight documentation and final design review pending."
"m0173","sens_rural10km","S_IMP","HAZ","POOLED_ESTABLISHED","GH2014+KE2014+NG2018","post_12m","rural10_urban_primary","GREGORIAN_ESTABLISHED","True","False","False","reported_first","22521","3062","114","114","24","24","-0.008126805612802143","0.014138691366903563","-0.035849093209202765","0.019595481983598475","-0.08126805612802143","0.14138691366903564","-0.35849093209202765","0.19595481983598476","0.5654742707848486","1.4112476324771062","0.773746803348006","3057","1.0","44.917660768177505","estimated","PRELIMINARY - measurement-weight documentation and final design review pending."
"m0174","sens_stricter_completion","S_IMP","HAZ","GH2014","GH2014","post_12m","primary","GREGORIAN_ESTABLISHED","True","False","True","reported_first","1895","353","26","26","16","16","-0.21207460156840902","0.12901767979151724","-0.46581705653146016","0.04166785339464213","-2.12074601568409","1.2901767979151724","-4.6581705653146015","0.4166785339464213","0.10111781162165631","0.4579602077454218","0.24248376864904092","353","1.0","54.4828019171857","estimated","PRELIMINARY - measurement-weight documentation and final design review pending."
"m0175","sens_stricter_completion","S_IMP","HAZ","KE2014","KE2014","post_12m","primary","GREGORIAN_ESTABLISHED","True","False","True","reported_first","13832","1497","17","17","16","16","-0.025777207037591537","0.0162728797028579","-0.0576972903169359","0.006142876241752825","-0.2577720703759154","0.162728797028579","-0.576972903169359","0.061428762417528246","0.11339157328085252","1.6753966659116444","0.8503299287966909","1496","1.0","44.531364914196836","estimated","PRELIMINARY - measurement-weight documentation and final design review pending."
"m0176","sens_stricter_completion","S_IMP","HAZ","NG2018","NG2018","post_12m","primary","GREGORIAN_ESTABLISHED","True","False","True","reported_first","6912","1263","74","74","16","16","0.02029474239123985","0.02787907193254543","-0.03439969023794126","0.07498917502042096","0.2029474239123985","0.2787907193254543","-0.3439969023794126","0.7498917502042096","0.4667754561465745","1.6823130797776031","0.6482523055529197","1259","1.0","42.26708851896716","estimated","PRELIMINARY - measurement-weight documentation and final design review pending."
"m0177","sens_stricter_completion","S_IMP","HAZ","POOLED_ESTABLISHED","GH2014+KE2014+NG2018","post_12m","primary","GREGORIAN_ESTABLISHED","True","False","True","reported_first","22639","3113","117","117","24","24","-0.010738702827404467","0.013961422514094254","-0.03811323496193367","0.01663582930712473","-0.10738702827404467","0.13961422514094254","-0.3811323496193367","0.1663582930712473","0.44185096184384387","1.3960490486150416","0.7681528899018093","3108","1.0","44.67303613098363","estimated","PRELIMINARY - measurement-weight documentation and final design review pending."
"m0178","sens_stricter_completion","S_IMP","HAZ","GH2014","GH2014","post_24m","primary","GREGORIAN_ESTABLISHED","True","False","True","reported_first","1333","315","57","57","15","15","-0.0688890222268562","0.20238617139505147","-0.46709346787952066","0.3293154234258082","-0.688890222268562","2.023861713950515","-4.670934678795207","3.293154234258082","0.7337949422003177","0.2775068667722787","0.15351288295514476","311","1.0","54.99471261609078","estimated","PRELIMINARY - measurement-weight documentation and final design review pending."
"m0179","sens_stricter_completion","S_IMP","HAZ","KE2014","KE2014","post_24m","primary","GREGORIAN_ESTABLISHED","True","False","True","reported_first","10196","1449","52","52","15","15","-0.020263984466576214","0.026809173611879126","-0.07285295701982762","0.032324988086675194","-0.20263984466576213","0.2680917361187913","-0.7285295701982762","0.32324988086675194","0.449856023670856","1.2350742466043692","0.623526977033998","1448","1.0","44.58656551472643","estimated","PRELIMINARY - measurement-weight documentation and final design review pending."
"m0180","sens_stricter_completion","S_IMP","HAZ","NG2018","NG2018","post_24m","primary","GREGORIAN_ESTABLISHED","True","False","True","reported_first","4583","1133","161","161","15","15","0.07828051292562953","0.07652971242763279","-0.07187551506394728","0.22843654091520632","0.7828051292562953","0.7652971242763279","-0.7187551506394728","2.284365409152063","0.3065843570124204","1.0942421915176643","0.4298095654980617","1121","1.0","42.22540263856328","estimated","PRELIMINARY - measurement-weight documentation and final design review pending."
"m0181","sens_stricter_completion","S_IMP","HAZ","POOLED_ESTABLISHED","GH2014+KE2014+NG2018","post_24m","primary","GREGORIAN_ESTABLISHED","True","False","True","reported_first","16112","2897","270","270","21","21","0.02303535998085585","0.025406169096276892","-0.026780636561819744","0.07285135652353145","0.2303535998085585","0.2540616909627689","-0.26780636561819743","0.7285135652353145","0.36464950572649973","0.9660545929067187","0.5589425046815744","2880","1.0000000000000002","44.77604234098406","estimated","PRELIMINARY - measurement-weight documentation and final design review pending."
"m0182","sens_calendar_age","S_IMP","HAZ","GH2014","GH2014","post_12m","primary","GREGORIAN_ESTABLISHED","True","False","False","calendar","1940","353","27","27","16","16","-0.24799980197577298","0.12379367678154543","-0.4914680731941885","-0.00453153075735746","-2.47999801975773","1.2379367678154543","-4.9146807319418855","-0.045315307573574604","0.045907856182291436","0.4990049840964584","0.25811619636417216","353","1.0","54.398796776823154","estimated","PRELIMINARY - measurement-weight documentation and final design review pending."
"m0183","sens_calendar_age","S_IMP","HAZ","KE2014","KE2014","post_12m","primary","GREGORIAN_ESTABLISHED","True","False","False","calendar","14166","1498","16","16","16","16","-0.02122420575628195","0.016188580897361162","-0.052978915454771285","0.010530503942207385","-0.2122420575628195","0.16188580897361163","-0.5297891545477128","0.10530503942207385","0.1900384604775359","1.718557315731134","0.8771182726243724","1497","1.0","44.49981495121508","estimated","PRELIMINARY - measurement-weight documentation and final design review pending."
"m0184","sens_calendar_age","S_IMP","HAZ","NG2018","NG2018","post_12m","primary","GREGORIAN_ESTABLISHED","True","False","False","calendar","6912","1263","74","74","16","16","0.01962092282175054","0.026866272163533222","-0.03308655310861657","0.07232839875211766","0.19620922821750542","0.2686627216353322","-0.33086553108616573","0.7232839875211766","0.465331360630342","1.6823130797776031","0.6450861956403283","1259","1.0","42.26708851896716","estimated","PRELIMINARY - measurement-weight documentation and final design review pending."
"m0185","sens_calendar_age","S_IMP","HAZ","POOLED_ESTABLISHED","GH2014+KE2014+NG2018","post_12m","primary","GREGORIAN_ESTABLISHED","True","False","False","calendar","23018","3114","117","117","24","24","-0.00972638106163759","0.01369444400483435","-0.036577437982367185","0.017124675859092005","-0.0972638106163759","0.1369444400483435","-0.36577437982367184","0.17124675859092003","0.4776067481867536","1.418052951526248","0.7874727325964607","3109","1.0000000000000002","44.663661490531354","estimated","PRELIMINARY - measurement-weight documentation and final design review pending."
"m0186","sens_ethiopia_PROVISIONAL","S_IMP","HAZ","ET2016_PROVISIONAL_C2","ET2016","post_12m","primary","ET_C2_century_1907_provisional","True","False","False","reported_first","6568","586","12","12","16","16","-0.04536400800623269","0.0439750616457944","-0.13173223440467852","0.04100421839221313","-0.4536400800623269","0.439750616457944","-1.3173223440467852","0.4100421839221313","0.30269292235851747","1.119865520222617","0.7476096817104306","586","1.0","20.283587076523666","estimated","PRELIMINARY - measurement-weight documentation and final design review pending."
"m0187","sens_ethiopia_PROVISIONAL","S_IMP","HAZ","ET2016_PROVISIONAL_C3","ET2016","post_12m","primary","ET_C3_century_2015_provisional","True","False","False","reported_first","6561","586","12","12","16","16","-0.04456157334358751","0.04406786773332476","-0.1311120734416938","0.04198892675451878","-0.4456157334358751","0.4406786773332476","-1.3111207344169378","0.41988926754518774","0.3123371886547787","1.1183914555443912","0.7460907636845652","586","1.0","20.281937138322515","estimated","PRELIMINARY - measurement-weight documentation and final design review pending."
"m0188","sens_ethiopia_PROVISIONAL","S_IMP","HAZ","ET2016_PROVISIONAL_C1","ET2016","post_12m","primary","ET_C1_triple_provisional","True","False","False","reported_first","6375","586","12","12","16","16","-0.05402735554281257","0.04556709666406061","-0.1435223823537149","0.03546767126808975","-0.5402735554281257","0.45567096664060613","-1.4352238235371488","0.3546767126808975","0.23623561307323393","1.1133732280678061","0.7445913985380987","586","1.0","20.367964234284464","estimated","PRELIMINARY - measurement-weight documentation and final design review pending."
"m0189","primary","S_IMP","WAZ","GH2014","GH2014","post_12m","primary","GREGORIAN_ESTABLISHED","True","False","False","reported_first","1940","353","27","27","16","16","-0.008147258035403365","0.09967706526501086","-0.20418475680864567","0.18789024073783894","-0.08147258035403365","0.9967706526501086","-2.0418475680864567","1.8789024073783893","0.9349026797304654","0.4990049840964584","0.25811619636417216","353","1.0","54.398796776823154","estimated","PRELIMINARY - measurement-weight documentation and final design review pending."
"m0190","primary","S_IMP","WAZ","KE2014","KE2014","post_12m","primary","GREGORIAN_ESTABLISHED","True","False","False","reported_first","14166","1498","16","16","16","16","-0.014717896094223207","0.01206144538201657","-0.03837702341850606","0.00894123123005965","-0.14717896094223207","0.1206144538201657","-0.3837702341850606","0.08941231230059649","0.22256489915269345","1.718557315731134","0.8771182726243724","1497","1.0","44.49981495121508","estimated","PRELIMINARY - measurement-weight documentation and final design review pending."
"m0191","primary","S_IMP","WAZ","NG2018","NG2018","post_12m","primary","GREGORIAN_ESTABLISHED","True","False","False","reported_first","6951","1264","73","73","16","16","0.001855649515017349","0.023372483678045314","-0.04399751824331901","0.04770881727335371","0.01855649515017349","0.23372483678045314","-0.4399751824331901","0.4770881727335371","0.936731323107278","1.6806545583906218","0.6470239040298855","1260","1.0","42.21411717459659","estimated","PRELIMINARY - measurement-weight documentation and final design review pending."
"m0192","primary","S_IMP","WAZ","POOLED_ESTABLISHED","GH2014+KE2014+NG2018","post_12m","primary","GREGORIAN_ESTABLISHED","True","False","False","reported_first","23057","3115","116","116","24","24","-0.007234158603728769","0.010992723877286786","-0.028787879044719522","0.014319561837261983","-0.07234158603728769","0.10992723877286786","-0.2878787904471952","0.14319561837261985","0.5105314636664517","1.4173972586217414","0.7873940532660811","3110","1.0000000000000002","44.64363849705385","estimated","PRELIMINARY - measurement-weight documentation and final design review pending."
"m0193","unweighted_comparison","S_IMP","WAZ","GH2014","GH2014","post_12m","primary","GREGORIAN_ESTABLISHED","False","False","False","reported_first","1940","353","27","27","16","16","0.005586224402610834","0.08559256717844052","-0.16275092254920823","0.1739233713544299","0.05586224402610834","0.8559256717844053","-1.6275092254920822","1.739233713544299","0.9479998213758667","0.48571227715261484","0.2570964498989794","353","1.0","54.398796776823154","estimated","PRELIMINARY - measurement-weight documentation and final design review pending."
"m0194","unweighted_comparison","S_IMP","WAZ","KE2014","KE2014","post_12m","primary","GREGORIAN_ESTABLISHED","False","False","False","reported_first","14166","1498","16","16","16","16","-0.020127472860417966","0.010694397061454773","-0.04110506664952089","0.0008501209286849547","-0.20127472860417966","0.10694397061454773","-0.41105066649520894","0.008501209286849547","0.06002201873140083","1.1324096940261794","0.7945799694402502","1497","1.0","44.49981495121508","estimated","PRELIMINARY - measurement-weight documentation and final design review pending."
"m0195","unweighted_comparison","S_IMP","WAZ","NG2018","NG2018","post_12m","primary","GREGORIAN_ESTABLISHED","False","False","False","reported_first","6951","1264","73","73","16","16","-0.012126672648791192","0.01780094153943045","-0.04704934367970773","0.022795998382125343","-0.12126672648791192","0.17800941539430448","-0.4704934367970773","0.22795998382125343","0.4958459733478268","1.6498503607443586","0.6455948022655849","1260","1.0","42.21411717459659","estimated","PRELIMINARY - measurement-weight documentation and final design review pending."
"m0196","unweighted_comparison","S_IMP","WAZ","POOLED_ESTABLISHED","GH2014+KE2014+NG2018","post_12m","primary","GREGORIAN_ESTABLISHED","False","False","False","reported_first","23057","3115","116","116","24","24","-0.011969415542682632","0.008919592448516736","-0.029458293115613446","0.005519462030248182","-0.11969415542682632","0.08919592448516736","-0.29458293115613443","0.05519462030248182","0.1797184620010386","1.2760557995218238","0.7351082388224894","3110","1.0","44.64363849705385","estimated","PRELIMINARY - measurement-weight documentation and final design review pending."
"m0197","sens_window","S_IMP","WAZ","GH2014","GH2014","birth_year","primary","GREGORIAN_ESTABLISHED","True","False","False","reported_first","2507","367","18","18","17","17","0.09983524145492054","0.08746666253694213","-0.07216503975068975","0.2718355226605308","0.9983524145492053","0.8746666253694213","-0.7216503975068975","2.7183552266053077","0.2544459761256878","0.7721713221859038","0.29006929226038713","359","1.0","53.85050395825867","estimated","PRELIMINARY - measurement-weight documentation and final design review pending."
"m0198","sens_window","S_IMP","WAZ","KE2014","KE2014","birth_year","primary","GREGORIAN_ESTABLISHED","True","False","False","reported_first","17685","1507","9","9","17","17","-0.009314155973538381","0.008285322280491883","-0.025566150710485618","0.006937838763408857","-0.09314155973538381","0.08285322280491883","-0.2556615071048562","0.06937838763408857","0.2611177500908605","2.145462042464846","1.085759613960188","1503","1.0","44.32231974595808","estimated","PRELIMINARY - measurement-weight documentation and final design review pending."
"m0199","sens_window","S_IMP","WAZ","NG2018","NG2018","birth_year","primary","GREGORIAN_ESTABLISHED","True","False","False","reported_first","9243","1318","34","34","16","16","0.005883403892077366","0.01996844212647243","-0.033290024554905914","0.045056832339060646","0.05883403892077366","0.1996844212647243","-0.33290024554905917","0.4505683233906065","0.7683190819801089","2.1776968187044283","0.8297363480730781","1304","1.0","42.46836819266787","estimated","PRELIMINARY - measurement-weight documentation and final design review pending."
"m0200","sens_window","S_IMP","WAZ","POOLED_ESTABLISHED","GH2014+KE2014+NG2018","birth_year","primary","GREGORIAN_ESTABLISHED","True","False","False","reported_first","29435","3192","61","61","26","26","-0.0035144753954559904","0.007911264107878593","-0.019026151749256117","0.011997200958344136","-0.035144753954559904","0.07911264107878593","-0.19026151749256118","0.11997200958344137","0.6569014449073423","1.820404658371241","0.9647416328182232","3166","1.0","44.55167539784107","estimated","PRELIMINARY - measurement-weight documentation and final design review pending."
"m0201","sens_window","S_IMP","WAZ","GH2014","GH2014","prenatal_9m","primary","GREGORIAN_ESTABLISHED","True","False","False","reported_first","2507","367","18","18","17","17","-0.05366445210563265","0.05522385455287606","-0.16226032437114457","0.054931420159879264","-0.5366445210563265","0.5522385455287606","-1.6226032437114457","0.5493142015987926","0.3318106551570074","0.6872835091605677","0.37805147942324346","366","1.0","53.87638541816062","estimated","PRELIMINARY - measurement-weight documentation and final design review pending."
"m0202","sens_window","S_IMP","WAZ","KE2014","KE2014","prenatal_9m","primary","GREGORIAN_ESTABLISHED","True","False","False","reported_first","17685","1507","9","9","17","17","-0.009406915691137465","0.008486223682782653","-0.02605298665374494","0.00723915527147001","-0.09406915691137466","0.08486223682782652","-0.2605298665374494","0.0723915527147001","0.2678261485978276","2.1566728317750115","1.0597155968207064","1506","1.0","44.00430587071351","estimated","PRELIMINARY - measurement-weight documentation and final design review pending."
"m0203","sens_window","S_IMP","WAZ","NG2018","NG2018","prenatal_9m","primary","GREGORIAN_ESTABLISHED","True","False","False","reported_first","9445","1319","33","33","17","17","0.007013904612819408","0.01981347728025805","-0.03185549180358956","0.04588330102922838","0.07013904612819408","0.1981347728025805","-0.31855491803589564","0.4588330102922838","0.7233980140113105","2.1786170643299396","0.8326161964038424","1317","1.0","41.9152961689548","estimated","PRELIMINARY - measurement-weight documentation and final design review pending."
"m0204","sens_window","S_IMP","WAZ","POOLED_ESTABLISHED","GH2014+KE2014+NG2018","prenatal_9m","primary","GREGORIAN_ESTABLISHED","True","False","False","reported_first","29637","3193","60","60","27","27","-0.006052862259772668","0.008215013095397822","-0.022160099673731785","0.01005437515418645","-0.06052862259772668","0.08215013095397822","-0.22160099673731784","0.10054375154186448","0.4612951254682073","1.813832833005853","0.9578636059407801","3189","1.0","44.173641727660524","estimated","PRELIMINARY - measurement-weight documentation and final design review pending."
"m0205","sens_window","S_IMP","WAZ","GH2014","GH2014","post_24m","primary","GREGORIAN_ESTABLISHED","True","False","False","reported_first","1374","319","53","53","15","15","0.037129025302571006","0.15992054417249624","-0.27750696083257886","0.3517650114377209","0.37129025302571006","1.5992054417249624","-2.7750696083257886","3.5176501143772088","0.8165539952541233","0.30521030860892634","0.16533819712081146","315","1.0","55.04935979353186","estimated","PRELIMINARY - measurement-weight documentation and final design review pending."
"m0206","sens_window","S_IMP","WAZ","KE2014","KE2014","post_24m","primary","GREGORIAN_ESTABLISHED","True","False","False","reported_first","10462","1452","50","50","15","15","-0.02958918161462886","0.017756379925941736","-0.06442010087327332","0.005241737644015594","-0.2958918161462886","0.17756379925941734","-0.6442010087327332","0.05241737644015594","0.09585015951047658","1.2562946203461578","0.6378845114521656","1451","1.0","44.65709845978591","estimated","PRELIMINARY - measurement-weight documentation and final design review pending."
"m0207","sens_window","S_IMP","WAZ","NG2018","NG2018","post_24m","primary","GREGORIAN_ESTABLISHED","True","False","False","reported_first","4618","1137","157","157","15","15","0.002002462961466964","0.05584180782917033","-0.10756220404720598","0.1115671299701399","0.020024629614669644","0.5584180782917033","-1.0756220404720598","1.115671299701399","0.9714006371891433","1.0950722673539552","0.4288970893896271","1124","1.0","42.149871623457166","estimated","PRELIMINARY - measurement-weight documentation and final design review pending."
"m0208","sens_window","S_IMP","WAZ","POOLED_ESTABLISHED","GH2014+KE2014+NG2018","post_24m","primary","GREGORIAN_ESTABLISHED","True","False","False","reported_first","16454","2908","260","260","21","21","-0.008615147834328539","0.01762500518702184","-0.04317391208640943","0.02594361641775235","-0.08615147834328539","0.17625005187021842","-0.4317391208640943","0.25943616417752347","0.625018351306462","0.9781977946406656","0.5706343548016319","2890","1.0","44.821228369984084","estimated","PRELIMINARY - measurement-weight documentation and final design review pending."
"m0209","sens_wealth","S_IMP","WAZ","GH2014","GH2014","post_12m","primary","GREGORIAN_ESTABLISHED","True","True","False","reported_first","1940","353","27","27","20","20","-0.002357470367793185","0.09729379074298491","-0.19370772062558422","0.18899277988999785","-0.023574703677931852","0.9729379074298492","-1.9370772062558421","1.8899277988999785","0.9806825357882476","0.4990049840964584","0.25786404667833024","353","1.0","54.398796776823154","estimated","PRELIMINARY - measurement-weight documentation and final design review pending."
"m0210","sens_wealth","S_IMP","WAZ","KE2014","KE2014","post_12m","primary","GREGORIAN_ESTABLISHED","True","True","False","reported_first","14166","1498","16","16","20","20","-0.016025562452877444","0.011945251031535084","-0.039456768757304535","0.007405643851549647","-0.16025562452877445","0.11945251031535084","-0.39456768757304533","0.07405643851549647","0.17993425860522042","1.718557315731134","0.8773159069294586","1497","1.0","44.49981495121508","estimated","PRELIMINARY - measurement-weight documentation and final design review pending."
"m0211","sens_wealth","S_IMP","WAZ","NG2018","NG2018","post_12m","primary","GREGORIAN_ESTABLISHED","True","True","False","reported_first","6951","1264","73","73","20","20","0.0009803928156345842","0.023419724995909642","-0.04496545504050382","0.046926240671772985","0.009803928156345842","0.2341972499590964","-0.44965455040503816","0.46926240671772984","0.9666154523454012","1.6806545583906218","0.6469054943568218","1260","1.0","42.21411717459659","estimated","PRELIMINARY - measurement-weight documentation and final design review pending."
"m0212","sens_wealth","S_IMP","WAZ","POOLED_ESTABLISHED","GH2014+KE2014+NG2018","post_12m","primary","GREGORIAN_ESTABLISHED","True","True","False","reported_first","23057","3115","116","116","28","28","-0.008123656452166514","0.010907490465370238","-0.029510257519179642","0.013262944614846612","-0.08123656452166514","0.10907490465370237","-0.2951025751917964","0.1326294461484661","0.45646227665339023","1.4173972586217414","0.7873979996549687","3110","1.0000000000000002","44.64363849705385","estimated","PRELIMINARY - measurement-weight documentation and final design review pending."
"m0213","sens_containing_pixel","S_IMP","WAZ","GH2014","GH2014","post_12m","containing","GREGORIAN_ESTABLISHED","True","False","False","reported_first","2029","373","30","30","16","16","0.01730427649718133","0.08261864572171339","-0.14515384793001615","0.1797624009243788","0.1730427649718133","0.8261864572171339","-1.4515384793001616","1.797624009243788","0.8342134944647064","0.5569215834499807","0.3218158925420529","373","1.0","53.160976912699","estimated","PRELIMINARY - measurement-weight documentation and final design review pending."
"m0214","sens_containing_pixel","S_IMP","WAZ","KE2014","KE2014","post_12m","containing","GREGORIAN_ESTABLISHED","True","False","False","reported_first","14650","1549","16","16","16","16","-0.01036616886200703","0.010951080485891215","-0.031846687369060864","0.011114349645046807","-0.1036616886200703","0.10951080485891215","-0.31846687369060867","0.11114349645046806","0.3439961456406263","1.7661051387495272","0.9590315864024875","1548","1.0","44.50874893955785","estimated","PRELIMINARY - measurement-weight documentation and final design review pending."
"m0215","sens_containing_pixel","S_IMP","WAZ","NG2018","NG2018","post_12m","containing","GREGORIAN_ESTABLISHED","True","False","False","reported_first","7002","1275","73","73","16","16","0.004568430302887547","0.018543047534979158","-0.031809835664153","0.04094669626992809","0.04568430302887547","0.18543047534979157","-0.31809835664152997","0.4094669626992809","0.8054363636510197","1.7328499063682745","0.7575468145878249","1271","1.0","42.213373602097136","estimated","PRELIMINARY - measurement-weight documentation and final design review pending."
"m0216","sens_containing_pixel","S_IMP","WAZ","POOLED_ESTABLISHED","GH2014+KE2014+NG2018","post_12m","containing","GREGORIAN_ESTABLISHED","True","False","False","reported_first","23681","3197","119","119","24","24","-0.0032395085750405164","0.009706869900001839","-0.022271831711041554","0.01579281456096052","-0.032395085750405166","0.09706869900001838","-0.22271831711041554","0.1579281456096052","0.7386024917465226","1.4642469975190273","0.8736789058356389","3192","1.0","44.571379421573106","estimated","PRELIMINARY - measurement-weight documentation and final design review pending."
"m0217","sens_rural10km","S_IMP","WAZ","GH2014","GH2014","post_12m","rural10_urban_primary","GREGORIAN_ESTABLISHED","True","False","False","reported_first","1878","342","26","26","16","16","0.01578180772276988","0.11109189460610819","-0.2027298532804472","0.23429346872598697","0.1578180772276988","1.1109189460610818","-2.027298532804472","2.3429346872598695","0.887115844979244","0.4755539900457858","0.23687113697410717","342","1.0","55.84737370387753","estimated","PRELIMINARY - measurement-weight documentation and final design review pending."
"m0218","sens_rural10km","S_IMP","WAZ","KE2014","KE2014","post_12m","rural10_urban_primary","GREGORIAN_ESTABLISHED","True","False","False","reported_first","13786","1467","15","15","16","16","-0.015872539684727717","0.012229725847367255","-0.03986216801685524","0.008117088647399812","-0.15872539684727716","0.12229725847367255","-0.39862168016855243","0.08117088647399812","0.1945377089430717","1.7318537184964635","0.8766005873638798","1466","1.0","44.76144470812805","estimated","PRELIMINARY - measurement-weight documentation and final design review pending."
"m0219","sens_rural10km","S_IMP","WAZ","NG2018","NG2018","post_12m","rural10_urban_primary","GREGORIAN_ESTABLISHED","True","False","False","reported_first","6896","1254","72","72","16","16","0.011167653351261964","0.02560862187831639","-0.039072853411039964","0.06140816011356389","0.11167653351261964","0.2560862187831639","-0.39072853411039965","0.6140816011356389","0.6628468538041026","1.6563881884849787","0.5953870281624564","1250","1.0","42.184909465954895","estimated","PRELIMINARY - measurement-weight documentation and final design review pending."
"m0220","sens_rural10km","S_IMP","WAZ","POOLED_ESTABLISHED","GH2014+KE2014+NG2018","post_12m","rural10_urban_primary","GREGORIAN_ESTABLISHED","True","False","False","reported_first","22560","3063","113","113","24","24","-0.0061432209563855415","0.011282587013674393","-0.02826542968852857","0.015978987775757486","-0.061432209563855415","0.11282587013674393","-0.2826542968852857","0.15978987775757486","0.5861461009953628","1.410566166552878","0.7732775609097903","3058","1.0","44.89671011699293","estimated","PRELIMINARY - measurement-weight documentation and final design review pending."
"m0221","sens_stricter_completion","S_IMP","WAZ","GH2014","GH2014","post_12m","primary","GREGORIAN_ESTABLISHED","True","False","True","reported_first","1895","353","26","26","16","16","0.030171859255957445","0.11346362085908955","-0.19298002002373169","0.2533237385356466","0.30171859255957445","1.1346362085908954","-1.929800200237317","2.533237385356466","0.7904591288708409","0.4579602077454218","0.24248376864904092","353","1.0","54.4828019171857","estimated","PRELIMINARY - measurement-weight documentation and final design review pending."
"m0222","sens_stricter_completion","S_IMP","WAZ","KE2014","KE2014","post_12m","primary","GREGORIAN_ESTABLISHED","True","False","True","reported_first","13832","1497","17","17","16","16","-0.01652876194425537","0.011575708901237224","-0.039235105190930236","0.006177581302419497","-0.1652876194425537","0.11575708901237225","-0.39235105190930236","0.06177581302419497","0.15353415273424043","1.6753966659116444","0.8503299287966909","1496","1.0","44.531364914196836","estimated","PRELIMINARY - measurement-weight documentation and final design review pending."
"m0223","sens_stricter_completion","S_IMP","WAZ","NG2018","NG2018","post_12m","primary","GREGORIAN_ESTABLISHED","True","False","True","reported_first","6951","1264","73","73","16","16","0.001855649515017349","0.023372483678045314","-0.04399751824331901","0.04770881727335371","0.01855649515017349","0.23372483678045314","-0.4399751824331901","0.4770881727335371","0.936731323107278","1.6806545583906218","0.6470239040298855","1260","1.0","42.21411717459659","estimated","PRELIMINARY - measurement-weight documentation and final design review pending."
"m0224","sens_stricter_completion","S_IMP","WAZ","POOLED_ESTABLISHED","GH2014+KE2014+NG2018","post_12m","primary","GREGORIAN_ESTABLISHED","True","False","True","reported_first","22678","3114","116","116","24","24","-0.007367427511345478","0.011002720869649938","-0.028940752010651688","0.01420589698796073","-0.07367427511345478","0.11002720869649937","-0.2894075201065169","0.1420589698796073","0.5031621486766038","1.3953830160766203","0.7677436851230687","3109","1.0","44.65266238675626","estimated","PRELIMINARY - measurement-weight documentation and final design review pending."
"m0225","sens_stricter_completion","S_IMP","WAZ","GH2014","GH2014","post_24m","primary","GREGORIAN_ESTABLISHED","True","False","True","reported_first","1333","315","57","57","15","15","0.00746507100267646","0.18524671486973818","-0.35701667641717183","0.37194681842252475","0.0746507100267646","1.8524671486973818","-3.5701667641717183","3.7194681842252475","0.9678811631942992","0.2775068667722787","0.15351288295514476","311","1.0","54.99471261609078","estimated","PRELIMINARY - measurement-weight documentation and final design review pending."
"m0226","sens_stricter_completion","S_IMP","WAZ","KE2014","KE2014","post_24m","primary","GREGORIAN_ESTABLISHED","True","False","True","reported_first","10196","1449","52","52","15","15","-0.0313188099554348","0.018876642464003897","-0.06834730053140596","0.005709680620536367","-0.31318809955434795","0.18876642464003895","-0.6834730053140596","0.05709680620536367","0.09730608910980351","1.2350742466043692","0.623526977033998","1448","1.0","44.58656551472643","estimated","PRELIMINARY - measurement-weight documentation and final design review pending."
"m0227","sens_stricter_completion","S_IMP","WAZ","NG2018","NG2018","post_24m","primary","GREGORIAN_ESTABLISHED","True","False","True","reported_first","4618","1137","157","157","15","15","0.002002462961466964","0.05584180782917033","-0.10756220404720598","0.1115671299701399","0.020024629614669644","0.5584180782917033","-1.0756220404720598","1.115671299701399","0.9714006371891433","1.0950722673539552","0.4288970893896271","1124","1.0","42.149871623457166","estimated","PRELIMINARY - measurement-weight documentation and final design review pending."
"m0228","sens_stricter_completion","S_IMP","WAZ","POOLED_ESTABLISHED","GH2014+KE2014+NG2018","post_24m","primary","GREGORIAN_ESTABLISHED","True","False","True","reported_first","16147","2901","266","266","21","21","-0.011376164556689935","0.018545072566702143","-0.047739015428871226","0.024986686315491353","-0.11376164556689936","0.18545072566702142","-0.47739015428871223","0.24986686315491352","0.5396380000260177","0.9663680676393183","0.5586782571607098","2883","1.0","44.74891193797764","estimated","PRELIMINARY - measurement-weight documentation and final design review pending."
"m0229","sens_calendar_age","S_IMP","WAZ","GH2014","GH2014","post_12m","primary","GREGORIAN_ESTABLISHED","True","False","False","calendar","1940","353","27","27","16","16","-0.008147258035403365","0.09967706526501086","-0.20418475680864567","0.18789024073783894","-0.08147258035403365","0.9967706526501086","-2.0418475680864567","1.8789024073783893","0.9349026797304654","0.4990049840964584","0.25811619636417216","353","1.0","54.398796776823154","estimated","PRELIMINARY - measurement-weight documentation and final design review pending."
"m0230","sens_calendar_age","S_IMP","WAZ","KE2014","KE2014","post_12m","primary","GREGORIAN_ESTABLISHED","True","False","False","calendar","14166","1498","16","16","16","16","-0.014717896094223207","0.01206144538201657","-0.03837702341850606","0.00894123123005965","-0.14717896094223207","0.1206144538201657","-0.3837702341850606","0.08941231230059649","0.22256489915269345","1.718557315731134","0.8771182726243724","1497","1.0","44.49981495121508","estimated","PRELIMINARY - measurement-weight documentation and final design review pending."
"m0231","sens_calendar_age","S_IMP","WAZ","NG2018","NG2018","post_12m","primary","GREGORIAN_ESTABLISHED","True","False","False","calendar","6951","1264","73","73","16","16","0.0014919856024572797","0.02286505689957868","-0.04336568995579431","0.04634966116070887","0.014919856024572797","0.2286505689957868","-0.4336568995579431","0.4634966116070887","0.9479838628931154","1.6806545583906218","0.6438819750959862","1260","1.0","42.21411717459659","estimated","PRELIMINARY - measurement-weight documentation and final design review pending."
"m0232","sens_calendar_age","S_IMP","WAZ","POOLED_ESTABLISHED","GH2014+KE2014+NG2018","post_12m","primary","GREGORIAN_ESTABLISHED","True","False","False","calendar","23057","3115","116","116","24","24","-0.0072908900742316846","0.010983090558466408","-0.02882572221573532","0.014243942067271951","-0.07290890074231685","0.10983090558466407","-0.2882572221573532","0.1424394206727195","0.5068491361273393","1.4173972586217414","0.7870587433730036","3110","1.0000000000000002","44.64363849705385","estimated","PRELIMINARY - measurement-weight documentation and final design review pending."
"m0233","sens_ethiopia_PROVISIONAL","S_IMP","WAZ","ET2016_PROVISIONAL_C2","ET2016","post_12m","primary","ET_C2_century_1907_provisional","True","False","False","reported_first","6660","586","12","12","16","16","0.004594510020146825","0.03370182959465491","-0.06159680704765702","0.07078582708795067","0.04594510020146825","0.3370182959465491","-0.6159680704765702","0.7078582708795067","0.8916087261326381","1.1225649434535137","0.7476394789346276","586","1.0","20.27732133339909","estimated","PRELIMINARY - measurement-weight documentation and final design review pending."
"m0234","sens_ethiopia_PROVISIONAL","S_IMP","WAZ","ET2016_PROVISIONAL_C3","ET2016","post_12m","primary","ET_C3_century_2015_provisional","True","False","False","reported_first","6653","586","12","12","16","16","0.003861266501945515","0.033687659668103","-0.062302220441722456","0.07002475344561349","0.03861266501945515","0.33687659668103","-0.6230222044172246","0.7002475344561349","0.9087859618048129","1.1211728574642705","0.7461417766747505","586","1.0","20.275687618572757","estimated","PRELIMINARY - measurement-weight documentation and final design review pending."
"m0235","sens_ethiopia_PROVISIONAL","S_IMP","WAZ","ET2016_PROVISIONAL_C1","ET2016","post_12m","primary","ET_C1_triple_provisional","True","False","False","reported_first","6463","586","12","12","16","16","0.008963722721045675","0.03477140761726747","-0.059328274899565034","0.07725572034165638","0.08963722721045675","0.3477140761726747","-0.5932827489956504","0.7725572034165639","0.7966596058400933","1.1165954828426579","0.7447183330268303","586","1.0","20.369055958618276","estimated","PRELIMINARY - measurement-weight documentation and final design review pending."
"m0236","primary","S_IMP","WHZ","GH2014","GH2014","post_12m","primary","GREGORIAN_ESTABLISHED","True","False","False","reported_first","1940","353","27","27","16","16","0.16438521749203583","0.09724411304265965","-0.02686733032948585","0.3556377653135575","1.6438521749203583","0.9724411304265965","-0.2686733032948585","3.5563776531355753","0.09182931382400716","0.4990049840964584","0.25811619636417216","353","1.0","54.398796776823154","estimated","PRELIMINARY - measurement-weight documentation and final design review pending."
"m0237","primary","S_IMP","WHZ","KE2014","KE2014","post_12m","primary","GREGORIAN_ESTABLISHED","True","False","False","reported_first","14166","1498","16","16","16","16","0.00028730978537857416","0.011187100006411613","-0.021656745430077385","0.022231365000834533","0.0028730978537857416","0.11187100006411613","-0.21656745430077384","0.22231365000834533","0.9795142126766316","1.718557315731134","0.8771182726243724","1497","1.0","44.49981495121508","estimated","PRELIMINARY - measurement-weight documentation and final design review pending."
"m0238","primary","S_IMP","WHZ","NG2018","NG2018","post_12m","primary","GREGORIAN_ESTABLISHED","True","False","False","reported_first","6942","1264","73","73","16","16","-0.017488595198210763","0.021104450290931453","-0.05889223517792565","0.02391504478150412","-0.17488595198210763","0.21104450290931454","-0.5889223517792564","0.23915044781504122","0.4074485294209351","1.681136535664569","0.6468406951253715","1260","1.0","42.2228828650142","estimated","PRELIMINARY - measurement-weight documentation and final design review pending."
"m0239","primary","S_IMP","WHZ","POOLED_ESTABLISHED","GH2014+KE2014+NG2018","post_12m","primary","GREGORIAN_ESTABLISHED","True","False","False","reported_first","23048","3115","116","116","24","24","-0.003484751519605221","0.010580107007854833","-0.024229443301980368","0.017259940262769925","-0.03484751519605221","0.10580107007854833","-0.2422944330198037","0.17259940262769924","0.7418995006235115","1.4175877719036631","0.7873719825580077","3110","1.0000000000000002","44.64722740345706","estimated","PRELIMINARY - measurement-weight documentation and final design review pending."
"m0240","unweighted_comparison","S_IMP","WHZ","GH2014","GH2014","post_12m","primary","GREGORIAN_ESTABLISHED","False","False","False","reported_first","1940","353","27","27","16","16","0.19029592635014225","0.07994456772608731","0.03306684806756224","0.3475250046327223","1.9029592635014225","0.7994456772608731","0.33066848067562243","3.475250046327223","0.017828004638195095","0.48571227715261484","0.2570964498989794","353","1.0","54.398796776823154","estimated","PRELIMINARY - measurement-weight documentation and final design review pending."
"m0241","unweighted_comparison","S_IMP","WHZ","KE2014","KE2014","post_12m","primary","GREGORIAN_ESTABLISHED","False","False","False","reported_first","14166","1498","16","16","16","16","-0.006973296573255114","0.010716461325540128","-0.027994170517992644","0.014047577371482416","-0.06973296573255114","0.10716461325540128","-0.27994170517992645","0.14047577371482417","0.5153342859354032","1.1324096940261794","0.7945799694402502","1497","1.0","44.49981495121508","estimated","PRELIMINARY - measurement-weight documentation and final design review pending."
"m0242","unweighted_comparison","S_IMP","WHZ","NG2018","NG2018","post_12m","primary","GREGORIAN_ESTABLISHED","False","False","False","reported_first","6942","1264","73","73","16","16","-0.02174847669326902","0.017933027742618273","-0.056930280254419055","0.013433326867881012","-0.2174847669326902","0.17933027742618274","-0.5693028025441905","0.13433326867881012","0.22544799600609913","1.6500367850475184","0.6453978994846298","1260","1.0","42.2228828650142","estimated","PRELIMINARY - measurement-weight documentation and final design review pending."
"m0243","unweighted_comparison","S_IMP","WHZ","POOLED_ESTABLISHED","GH2014+KE2014+NG2018","post_12m","primary","GREGORIAN_ESTABLISHED","False","False","False","reported_first","23048","3115","116","116","24","24","-0.010244216474158838","0.008958047479805931","-0.02780849383000146","0.007320060881683785","-0.10244216474158838","0.0895804747980593","-0.2780849383000146","0.07320060881683785","0.2528870348875048","1.2759610575594553","0.7350605582859626","3110","1.0","44.64722740345706","estimated","PRELIMINARY - measurement-weight documentation and final design review pending."
"m0244","sens_window","S_IMP","WHZ","GH2014","GH2014","birth_year","primary","GREGORIAN_ESTABLISHED","True","False","False","reported_first","2507","367","18","18","17","17","0.05096534186267691","0.0987760526595713","-0.14327447867066972","0.24520516239602358","0.5096534186267692","0.987760526595713","-1.4327447867066971","2.452051623960236","0.6061878943666905","0.7721713221859038","0.29006929226038713","359","1.0","53.85050395825867","estimated","PRELIMINARY - measurement-weight documentation and final design review pending."
"m0245","sens_window","S_IMP","WHZ","KE2014","KE2014","birth_year","primary","GREGORIAN_ESTABLISHED","True","False","False","reported_first","17685","1507","9","9","17","17","-0.01784257467697733","0.009871907172299119","-0.037206719845547895","0.0015215704915932417","-0.1784257467697733","0.09871907172299119","-0.372067198455479","0.015215704915932417","0.07089798785545978","2.145462042464846","1.085759613960188","1503","1.0","44.32231974595808","estimated","PRELIMINARY - measurement-weight documentation and final design review pending."
"m0246","sens_window","S_IMP","WHZ","NG2018","NG2018","birth_year","primary","GREGORIAN_ESTABLISHED","True","False","False","reported_first","9221","1318","34","34","16","16","-0.012968047907938263","0.019196516253872118","-0.05062713774276736","0.024691041926890832","-0.12968047907938263","0.19196516253872117","-0.5062713774276736","0.24691041926890833","0.49945023698485624","2.177437961734998","0.8298483248600259","1304","1.0","42.4916888257233","estimated","PRELIMINARY - measurement-weight documentation and final design review pending."
"m0247","sens_window","S_IMP","WHZ","POOLED_ESTABLISHED","GH2014+KE2014+NG2018","birth_year","primary","GREGORIAN_ESTABLISHED","True","False","False","reported_first","29413","3192","61","61","26","26","-0.015302671797356199","0.00887531442801809","-0.03270456902494677","0.0020992254302343756","-0.153026717973562","0.0887531442801809","-0.3270456902494677","0.020992254302343756","0.08477154856988438","1.8203014405740987","0.964869775656753","3166","1.0","44.56054468407227","estimated","PRELIMINARY - measurement-weight documentation and final design review pending."
"m0248","sens_window","S_IMP","WHZ","GH2014","GH2014","prenatal_9m","primary","GREGORIAN_ESTABLISHED","True","False","False","reported_first","2507","367","18","18","17","17","0.05672107967181704","0.0615620769484561","-0.06433869601430407","0.17778085535793814","0.5672107967181704","0.615620769484561","-0.6433869601430408","1.7778085535793813","0.3574673474742311","0.6872835091605677","0.37805147942324346","366","1.0","53.87638541816062","estimated","PRELIMINARY - measurement-weight documentation and final design review pending."
"m0249","sens_window","S_IMP","WHZ","KE2014","KE2014","prenatal_9m","primary","GREGORIAN_ESTABLISHED","True","False","False","reported_first","17685","1507","9","9","17","17","-0.01913535436010181","0.010175936278584069","-0.03909586491651683","0.0008251561963132058","-0.19135354360101808","0.10175936278584069","-0.3909586491651683","0.008251561963132058","0.06023941996343818","2.1566728317750115","1.0597155968207064","1506","1.0","44.00430587071351","estimated","PRELIMINARY - measurement-weight documentation and final design review pending."
"m0250","sens_window","S_IMP","WHZ","NG2018","NG2018","prenatal_9m","primary","GREGORIAN_ESTABLISHED","True","False","False","reported_first","9422","1319","33","33","17","17","-0.020591347539048982","0.021025027658363737","-0.06183752170420589","0.020654826626107924","-0.20591347539048982","0.21025027658363737","-0.6183752170420589","0.20654826626107925","0.3275753702544767","2.1773834659093256","0.8324124932617455","1317","1.0","41.936358184990134","estimated","PRELIMINARY - measurement-weight documentation and final design review pending."
"m0251","sens_window","S_IMP","WHZ","POOLED_ESTABLISHED","GH2014+KE2014+NG2018","prenatal_9m","primary","GREGORIAN_ESTABLISHED","True","False","False","reported_first","29614","3193","60","60","27","27","-0.018440340767839507","0.009413097650474885","-0.036896671499913325","1.5989964234314896e-05","-0.18440340767839508","0.09413097650474885","-0.36896671499913325","0.00015989964234314896","0.05019869610209805","1.8133390088357095","0.9578827402666534","3189","1.0000000000000002","44.182096791580804","estimated","PRELIMINARY - measurement-weight documentation and final design review pending."
"m0252","sens_window","S_IMP","WHZ","GH2014","GH2014","post_24m","primary","GREGORIAN_ESTABLISHED","True","False","False","reported_first","1374","319","53","53","15","15","0.16672079849297056","0.171980766841672","-0.17164309622428509","0.5050846932102262","1.6672079849297057","1.7198076684167198","-1.7164309622428509","5.050846932102262","0.3330747203094401","0.30521030860892634","0.16533819712081146","315","1.0","55.04935979353186","estimated","PRELIMINARY - measurement-weight documentation and final design review pending."
"m0253","sens_window","S_IMP","WHZ","KE2014","KE2014","post_24m","primary","GREGORIAN_ESTABLISHED","True","False","False","reported_first","10462","1452","50","50","15","15","-0.023810719903919232","0.014931996241198982","-0.05310132742734437","0.005479887619505911","-0.2381071990391923","0.14931996241198983","-0.5310132742734437","0.05479887619505911","0.11101711169656724","1.2562946203461578","0.6378845114521656","1451","1.0","44.65709845978591","estimated","PRELIMINARY - measurement-weight documentation and final design review pending."
"m0254","sens_window","S_IMP","WHZ","NG2018","NG2018","post_24m","primary","GREGORIAN_ESTABLISHED","True","False","False","reported_first","4611","1136","158","158","15","15","-0.06513342351573308","0.03520527211970158","-0.13420814891157515","0.003941301880108994","-0.6513342351573308","0.3520527211970158","-1.3420814891157515","0.03941301880108994","0.06455829103441549","1.0953008709849361","0.42864590634544814","1123","1.0","42.152463228009","estimated","PRELIMINARY - measurement-weight documentation and final design review pending."
"m0255","sens_window","S_IMP","WHZ","POOLED_ESTABLISHED","GH2014+KE2014+NG2018","post_24m","primary","GREGORIAN_ESTABLISHED","True","False","False","reported_first","16447","2907","261","261","21","21","-0.03135563947876348","0.014508990436367027","-0.05980458724219462","-0.002906691715332338","-0.31355639478763475","0.14508990436367028","-0.5980458724219462","-0.02906691715332338","0.030767672015416834","0.978283105508866","0.5706082152889258","2889","0.9999999999999998","44.82309189438453","estimated","PRELIMINARY - measurement-weight documentation and final design review pending."
"m0256","sens_wealth","S_IMP","WHZ","GH2014","GH2014","post_12m","primary","GREGORIAN_ESTABLISHED","True","True","False","reported_first","1940","353","27","27","20","20","0.16652170942713207","0.09660728328833121","-0.023478368612589673","0.3565217874668538","1.6652170942713207","0.9660728328833121","-0.23478368612589673","3.565217874668538","0.08564057167313831","0.4990049840964584","0.25786404667833024","353","1.0","54.398796776823154","estimated","PRELIMINARY - measurement-weight documentation and final design review pending."
"m0257","sens_wealth","S_IMP","WHZ","KE2014","KE2014","post_12m","primary","GREGORIAN_ESTABLISHED","True","True","False","reported_first","14166","1498","16","16","20","20","-0.0002011411449147349","0.011142019111785936","-0.022056767934750022","0.021654485644920552","-0.002011411449147349","0.11142019111785936","-0.2205676793475002","0.21654485644920551","0.9855993880174696","1.718557315731134","0.8773159069294586","1497","1.0","44.49981495121508","estimated","PRELIMINARY - measurement-weight documentation and final design review pending."
"m0258","sens_wealth","S_IMP","WHZ","NG2018","NG2018","post_12m","primary","GREGORIAN_ESTABLISHED","True","True","False","reported_first","6942","1264","73","73","20","20","-0.017663531163762736","0.021117323803361242","-0.05909242696708684","0.023765364639561366","-0.17663531163762736","0.21117323803361243","-0.5909242696708684","0.23765364639561365","0.4030614650202187","1.681136535664569","0.646714724127351","1260","1.0","42.2228828650142","estimated","PRELIMINARY - measurement-weight documentation and final design review pending."
"m0259","sens_wealth","S_IMP","WHZ","POOLED_ESTABLISHED","GH2014+KE2014+NG2018","post_12m","primary","GREGORIAN_ESTABLISHED","True","True","False","reported_first","23048","3115","116","116","28","28","-0.0038259410979087985","0.01056634517554155","-0.024543649696702922","0.016891767500885325","-0.038259410979087985","0.1056634517554155","-0.2454364969670292","0.16891767500885324","0.7173112425334179","1.4175877719036631","0.7873754947195761","3110","1.0000000000000002","44.64722740345706","estimated","PRELIMINARY - measurement-weight documentation and final design review pending."
"m0260","sens_containing_pixel","S_IMP","WHZ","GH2014","GH2014","post_12m","containing","GREGORIAN_ESTABLISHED","True","False","False","reported_first","2029","373","30","30","16","16","0.15307509655359508","0.0724940993661384","0.010525490321469488","0.29562470278572067","1.5307509655359508","0.724940993661384","0.10525490321469488","2.9562470278572066","0.035391252037141024","0.5569215834499807","0.3218158925420529","373","1.0","53.160976912699","estimated","PRELIMINARY - measurement-weight documentation and final design review pending."
"m0261","sens_containing_pixel","S_IMP","WHZ","KE2014","KE2014","post_12m","containing","GREGORIAN_ESTABLISHED","True","False","False","reported_first","14650","1549","16","16","16","16","0.0009741749155571452","0.01035933157183303","-0.019345629494259244","0.021293979325373535","0.009741749155571452","0.1035933157183303","-0.19345629494259245","0.21293979325373535","0.9250908267344707","1.7661051387495272","0.9590315864024875","1548","1.0","44.50874893955785","estimated","PRELIMINARY - measurement-weight documentation and final design review pending."
"m0262","sens_containing_pixel","S_IMP","WHZ","NG2018","NG2018","post_12m","containing","GREGORIAN_ESTABLISHED","True","False","False","reported_first","6993","1275","73","73","16","16","-0.008946717437855377","0.018142520954290402","-0.0445392192282319","0.026645784352521143","-0.08946717437855377","0.18142520954290403","-0.44539219228231897","0.2664578435252114","0.6220019799672516","1.733248992695257","0.7571606238636162","1271","1.0","42.22667305280173","estimated","PRELIMINARY - measurement-weight documentation and final design review pending."
"m0263","sens_containing_pixel","S_IMP","WHZ","POOLED_ESTABLISHED","GH2014+KE2014+NG2018","post_12m","containing","GREGORIAN_ESTABLISHED","True","False","False","reported_first","23672","3197","119","119","24","24","8.15057114183157e-05","0.009472254694809074","-0.018490805861241685","0.018653817284078316","0.000815057114183157","0.09472254694809074","-0.18490805861241685","0.18653817284078317","0.9931350812055652","1.4644044388885018","0.8736060408961687","3192","1.0","44.57620474732305","estimated","PRELIMINARY - measurement-weight documentation and final design review pending."
"m0264","sens_rural10km","S_IMP","WHZ","GH2014","GH2014","post_12m","rural10_urban_primary","GREGORIAN_ESTABLISHED","True","False","False","reported_first","1878","342","26","26","16","16","0.19430424364269339","0.10717631045186327","-0.016505678179860817","0.4051141654652476","1.9430424364269339","1.0717631045186327","-0.16505678179860817","4.051141654652476","0.07072020044811507","0.4755539900457858","0.23687113697410717","342","1.0","55.84737370387753","estimated","PRELIMINARY - measurement-weight documentation and final design review pending."
"m0265","sens_rural10km","S_IMP","WHZ","KE2014","KE2014","post_12m","rural10_urban_primary","GREGORIAN_ESTABLISHED","True","False","False","reported_first","13786","1467","15","15","16","16","-0.0009370627974736867","0.011312347379767647","-0.023127176671773123","0.02125305107682575","-0.009370627974736867","0.11312347379767647","-0.23127176671773123","0.2125305107682575","0.9339937307973226","1.7318537184964635","0.8766005873638798","1466","1.0","44.76144470812805","estimated","PRELIMINARY - measurement-weight documentation and final design review pending."
"m0266","sens_rural10km","S_IMP","WHZ","NG2018","NG2018","post_12m","rural10_urban_primary","GREGORIAN_ESTABLISHED","True","False","False","reported_first","6887","1254","72","72","16","16","-0.01491346611161884","0.02309370786841289","-0.06022006604669906","0.030393133823461378","-0.1491346611161884","0.2309370786841289","-0.6022006604669906","0.30393133823461377","0.5185397638812809","1.6567686635758143","0.5953909879216615","1250","1.0","42.188779530441025","estimated","PRELIMINARY - measurement-weight documentation and final design review pending."
"m0267","sens_rural10km","S_IMP","WHZ","POOLED_ESTABLISHED","GH2014+KE2014+NG2018","post_12m","rural10_urban_primary","GREGORIAN_ESTABLISHED","True","False","False","reported_first","22551","3063","113","113","24","24","-0.0033865343840105075","0.010855932131729789","-0.02467218423621519","0.017899115468194175","-0.033865343840105075","0.1085593213172979","-0.2467218423621519","0.17899115468194174","0.7550979170197918","1.4107151028615812","0.7733139267025925","3058","1.0","44.89897428886891","estimated","PRELIMINARY - measurement-weight documentation and final design review pending."
"m0268","sens_stricter_completion","S_IMP","WHZ","GH2014","GH2014","post_12m","primary","GREGORIAN_ESTABLISHED","True","False","True","reported_first","1895","353","26","26","16","16","0.21822842033235812","0.11387154413681767","-0.005725732357413804","0.44218257302213004","2.182284203323581","1.1387154413681768","-0.05725732357413804","4.4218257302213","0.05611815640034281","0.4579602077454218","0.24248376864904092","353","1.0","54.4828019171857","estimated","PRELIMINARY - measurement-weight documentation and final design review pending."
"m0269","sens_stricter_completion","S_IMP","WHZ","KE2014","KE2014","post_12m","primary","GREGORIAN_ESTABLISHED","True","False","True","reported_first","13832","1497","17","17","16","16","0.001089794561234217","0.01168520367632983","-0.021831328269842992","0.024010917392311426","0.01089794561234217","0.1168520367632983","-0.21831328269842992","0.24010917392311426","0.92570728967521","1.6753966659116444","0.8503299287966909","1496","1.0","44.531364914196836","estimated","PRELIMINARY - measurement-weight documentation and final design review pending."
"m0270","sens_stricter_completion","S_IMP","WHZ","NG2018","NG2018","post_12m","primary","GREGORIAN_ESTABLISHED","True","False","True","reported_first","6942","1264","73","73","16","16","-0.017488595198210763","0.021104450290931453","-0.05889223517792565","0.02391504478150412","-0.17488595198210763","0.21104450290931454","-0.5889223517792564","0.23915044781504122","0.4074485294209351","1.681136535664569","0.6468406951253715","1260","1.0","42.2228828650142","estimated","PRELIMINARY - measurement-weight documentation and final design review pending."
"m0271","sens_stricter_completion","S_IMP","WHZ","POOLED_ESTABLISHED","GH2014+KE2014+NG2018","post_12m","primary","GREGORIAN_ESTABLISHED","True","False","True","reported_first","22669","3114","116","116","24","24","-0.001901182946112731","0.011003105406407568","-0.02347526141676408","0.019672895524538617","-0.01901182946112731","0.11003105406407568","-0.2347526141676408","0.19672895524538617","0.8628308478103213","1.3955765345753888","0.7677137788157081","3109","1.0","44.65631487825516","estimated","PRELIMINARY - measurement-weight documentation and final design review pending."
"m0272","sens_stricter_completion","S_IMP","WHZ","GH2014","GH2014","post_24m","primary","GREGORIAN_ESTABLISHED","True","False","True","reported_first","1333","315","57","57","15","15","0.09402996898310217","0.19422996782372695","-0.2881267571076862","0.47618669507389055","0.9402996898310217","1.9422996782372695","-2.881267571076862","4.761866950738906","0.6286405324135641","0.2775068667722787","0.15351288295514476","311","1.0","54.99471261609078","estimated","PRELIMINARY - measurement-weight documentation and final design review pending."
"m0273","sens_stricter_completion","S_IMP","WHZ","KE2014","KE2014","post_24m","primary","GREGORIAN_ESTABLISHED","True","False","True","reported_first","10196","1449","52","52","15","15","-0.02504111890279203","0.015144176062047056","-0.0547479897970037","0.0046657519914196435","-0.2504111890279203","0.15144176062047054","-0.547479897970037","0.046657519914196435","0.09844289984649246","1.2350742466043692","0.623526977033998","1448","1.0","44.58656551472643","estimated","PRELIMINARY - measurement-weight documentation and final design review pending."
"m0274","sens_stricter_completion","S_IMP","WHZ","NG2018","NG2018","post_24m","primary","GREGORIAN_ESTABLISHED","True","False","True","reported_first","4611","1136","158","158","15","15","-0.06513342351573308","0.03520527211970158","-0.13420814891157515","0.003941301880108994","-0.6513342351573308","0.3520527211970158","-1.3420814891157515","0.03941301880108994","0.06455829103441549","1.0953008709849361","0.42864590634544814","1123","1.0","42.152463228009","estimated","PRELIMINARY - measurement-weight documentation and final design review pending."
"m0275","sens_stricter_completion","S_IMP","WHZ","POOLED_ESTABLISHED","GH2014+KE2014+NG2018","post_24m","primary","GREGORIAN_ESTABLISHED","True","False","True","reported_first","16140","2900","267","267","21","21","-0.03491695708505286","0.014716924317662434","-0.06377364661332031","-0.006060267556785407","-0.3491695708505286","0.14716924317662433","-0.6377364661332031","-0.06060267556785407","0.017729635229265052","0.9664544227417862","0.5586460133333665","2882","0.9999999999999999","44.750779544594124","estimated","PRELIMINARY - measurement-weight documentation and final design review pending."
"m0276","sens_calendar_age","S_IMP","WHZ","GH2014","GH2014","post_12m","primary","GREGORIAN_ESTABLISHED","True","False","False","calendar","1940","353","27","27","16","16","0.16438521749203583","0.09724411304265965","-0.02686733032948585","0.3556377653135575","1.6438521749203583","0.9724411304265965","-0.2686733032948585","3.5563776531355753","0.09182931382400716","0.4990049840964584","0.25811619636417216","353","1.0","54.398796776823154","estimated","PRELIMINARY - measurement-weight documentation and final design review pending."
"m0277","sens_calendar_age","S_IMP","WHZ","KE2014","KE2014","post_12m","primary","GREGORIAN_ESTABLISHED","True","False","False","calendar","14166","1498","16","16","16","16","0.00028730978537857416","0.011187100006411613","-0.021656745430077385","0.022231365000834533","0.0028730978537857416","0.11187100006411613","-0.21656745430077384","0.22231365000834533","0.9795142126766316","1.718557315731134","0.8771182726243724","1497","1.0","44.49981495121508","estimated","PRELIMINARY - measurement-weight documentation and final design review pending."
"m0278","sens_calendar_age","S_IMP","WHZ","NG2018","NG2018","post_12m","primary","GREGORIAN_ESTABLISHED","True","False","False","calendar","6942","1264","73","73","16","16","-0.01700391743755844","0.021109951048793735","-0.05841834904629023","0.024410514171173348","-0.1700391743755844","0.21109951048793735","-0.5841834904629023","0.24410514171173348","0.42068687163400437","1.681136535664569","0.6437135832116526","1260","1.0","42.2228828650142","estimated","PRELIMINARY - measurement-weight documentation and final design review pending."
"m0279","sens_calendar_age","S_IMP","WHZ","POOLED_ESTABLISHED","GH2014+KE2014+NG2018","post_12m","primary","GREGORIAN_ESTABLISHED","True","False","False","calendar","23048","3115","116","116","24","24","-0.0034498175650251803","0.010589654870728602","-0.02421323009118389","0.01731359496113353","-0.0344981756502518","0.10589654870728603","-0.2421323009118389","0.17313594961133527","0.7446184305078476","1.4175877719036631","0.787036524823517","3110","1.0000000000000002","44.64722740345706","estimated","PRELIMINARY - measurement-weight documentation and final design review pending."
"m0280","sens_ethiopia_PROVISIONAL","S_IMP","WHZ","ET2016_PROVISIONAL_C2","ET2016","post_12m","primary","ET_C2_century_1907_provisional","True","False","False","reported_first","6633","586","12","12","16","16","0.026409138828882878","0.03245651557742039","-0.03733634737587417","0.09015462503363993","0.2640913882888288","0.32456515577420386","-0.3733634737587417","0.9015462503363992","0.41616074064056874","1.1233368575587435","0.7481875643726466","586","1.0","20.237241106551817","estimated","PRELIMINARY - measurement-weight documentation and final design review pending."
"m0281","sens_ethiopia_PROVISIONAL","S_IMP","WHZ","ET2016_PROVISIONAL_C3","ET2016","post_12m","primary","ET_C3_century_2015_provisional","True","False","False","reported_first","6626","586","12","12","16","16","0.02462227507459005","0.03247795858396766","-0.03916532578276386","0.08840987593194397","0.2462227507459005","0.3247795858396766","-0.3916532578276386","0.8840987593194396","0.44868287426783304","1.1217606322366909","0.7462972534368654","586","1.0","20.235558392044197","estimated","PRELIMINARY - measurement-weight documentation and final design review pending."
"m0282","sens_ethiopia_PROVISIONAL","S_IMP","WHZ","ET2016_PROVISIONAL_C1","ET2016","post_12m","primary","ET_C1_triple_provisional","True","False","False","reported_first","6439","586","12","12","16","16","0.03470177827580212","0.03404807793998723","-0.032169580032662695","0.10157313658426693","0.3470177827580212","0.3404807793998723","-0.3216958003266269","1.0157313658426694","0.3085296498762637","1.1171432329486046","0.7451943202879667","586","1.0","20.34072148475395","estimated","PRELIMINARY - measurement-weight documentation and final design review pending."
"o001","sens_overlap_excl_GH_sanitation","S_IMP","HAZ","POOLED_KE_NG","KE2014+NG2018","post_12m","primary","GREGORIAN_ESTABLISHED","True","False","False","reported_first","21078","2761","90","90","20","20","-0.008976274870082124","0.013771016519124428","-0.03597881282654136","0.018026263086377114","-0.08976274870082124","0.1377101651912443","-0.3597881282654136","0.18026263086377114","0.5145691877525989","1.7005317618092002","0.8194097059962364","2756","1.0","43.7676484695898","estimated","PRELIMINARY - measurement-weight documentation and final design review pending."
"o002","sens_overlap_excl_GH_KE_water","W_IMP","HAZ","NG2018_only_after_overlap_exclusion","NG2018","post_12m","primary","GREGORIAN_ESTABLISHED","True","False","False","reported_first","6912","1263","74","74","16","16","0.0700421823539088","0.028168542179942514","0.014779853814034564","0.12530451089378303","0.700421823539088","0.28168542179942513","0.14779853814034566","1.2530451089378303","0.013027746640493738","1.27541175082834","0.6522635412264499","1259","1.0","64.23100197864","estimated","PRELIMINARY - measurement-weight documentation and final design review pending."
"o003","sens_overlap_excl_GH_water","W_IMP","HAZ","POOLED_KE_NG","KE2014+NG2018","post_12m","primary","GREGORIAN_ESTABLISHED","True","False","False","reported_first","21078","2761","90","90","20","20","0.07414116291883732","0.025602360137094805","0.023939443937761214","0.12434288189991344","0.7414116291883732","0.25602360137094804","0.23939443937761212","1.2434288189991345","0.003810785703043855","0.9400398918959069","0.4264373163266024","2756","1.0","57.719092046481244","estimated","PRELIMINARY - measurement-weight documentation and final design review pending."
"o004","sens_overlap_excl_GH_sanitation","S_IMP","WAZ","POOLED_KE_NG","KE2014+NG2018","post_12m","primary","GREGORIAN_ESTABLISHED","True","False","False","reported_first","21117","2762","89","89","20","20","-0.009736995048208363","0.01050309341068828","-0.030331708083571367","0.010857717987154642","-0.09736995048208363","0.1050309341068828","-0.3033170808357137","0.10857717987154641","0.35397654688232466","1.6997115920196837","0.8188653540610761","2757","1.0","43.74744078607443","estimated","PRELIMINARY - measurement-weight documentation and final design review pending."
"o005","sens_overlap_excl_GH_KE_water","W_IMP","WAZ","NG2018_only_after_overlap_exclusion","NG2018","post_12m","primary","GREGORIAN_ESTABLISHED","True","False","False","reported_first","6951","1264","73","73","16","16","0.044901362943426594","0.02286274743180782","4.821820075234795e-05","0.08975450768610084","0.4490136294342659","0.22862747431807823","0.0004821820075234795","0.8975450768610084","0.049754592910594565","1.2743610984665619","0.6508462153937018","1260","1.0","64.15859909443347","estimated","PRELIMINARY - measurement-weight documentation and final design review pending."
"o006","sens_overlap_excl_GH_water","W_IMP","WAZ","POOLED_KE_NG","KE2014+NG2018","post_12m","primary","GREGORIAN_ESTABLISHED","True","False","False","reported_first","21117","2762","89","89","20","20","0.046029568395939","0.020656704144800832","0.005525416192013341","0.08653372059986465","0.46029568395938997","0.20656704144800833","0.05525416192013341","0.8653372059986465","0.025940000142917786","0.939327171928191","0.42631650895411727","2757","1.0","57.70728601528527","estimated","PRELIMINARY - measurement-weight documentation and final design review pending."
"o007","sens_overlap_excl_GH_sanitation","S_IMP","WHZ","POOLED_KE_NG","KE2014+NG2018","post_12m","primary","GREGORIAN_ESTABLISHED","True","False","False","reported_first","21108","2762","89","89","20","20","-0.004649345878393444","0.009832610977131184","-0.023929361160015785","0.014630669403228897","-0.04649345878393444","0.09832610977131184","-0.23929361160015786","0.14630669403228896","0.6363578817749818","1.6999498961733064","0.8188493843563761","2757","1.0","43.750977423149585","estimated","PRELIMINARY - measurement-weight documentation and final design review pending."
"o008","sens_overlap_excl_GH_KE_water","W_IMP","WHZ","NG2018_only_after_overlap_exclusion","NG2018","post_12m","primary","GREGORIAN_ESTABLISHED","True","False","False","reported_first","6942","1264","73","73","16","16","-0.005289944316923194","0.02185754561623183","-0.048171039870666524","0.037591151236820136","-0.05289944316923194","0.21857545616231827","-0.4817103987066652","0.37591151236820136","0.8088046252549075","1.2745196333231092","0.650788139353432","1260","1.0","64.16305629764425","estimated","PRELIMINARY - measurement-weight documentation and final design review pending."
"o009","sens_overlap_excl_GH_water","W_IMP","WHZ","POOLED_KE_NG","KE2014+NG2018","post_12m","primary","GREGORIAN_ESTABLISHED","True","False","False","reported_first","21108","2762","89","89","20","20","-0.009849449433358859","0.01979478985192697","-0.04866353978324529","0.02896464091652757","-0.09849449433358859","0.1979478985192697","-0.48663539783245285","0.2896464091652757","0.6188212266869081","0.9394347125496262","0.42620455561594983","2757","1.0","57.706001198484856","estimated","PRELIMINARY - measurement-weight documentation and final design review pending."
