robustness_family,model_label,outcome,country_scope,term,coefficient,standard_error,ci_lower,ci_upper,p_value,estimation_n,psu_count,fe_region_count,weight_method,clustering_method,fe_included,reference_category_metadata,event_count,event_prevalence,n_zero_event_regions,n_total_regions,is_secondary_appendix_result
severe_outcomes_secondary,model4_preferred_lpm,severe_stunted,pooled,const,0.24729585621895417,0.0238598297610354,0.20053144921006785,0.29406026322784046,3.5953179013779683e-25,36985,4434,114,model_specific_equal_total_country_weight,cluster_robust_country_psu,True,"{'child_sex': {'reference': 'Male', 'reference_column': 'child_sex_Male'}, 'maternal_education': {'reference': 'No education', 'reference_column': 'maternal_education_No education'}, 'literacy': {'reference': 'Cannot read at all', 'reference_column': 'literacy_Cannot read at all'}, 'wealth_quintile': {'reference': 'Poorest', 'reference_column': 'wealth_quintile_Poorest'}, 'residence': {'reference': 'Rural', 'reference_column': 'residence_Rural'}, 'country_admin_region': {'reference': 'ethiopia::01', 'reference_column': 'country_admin_region_ethiopia::01'}}",3458,0.09349736379613356,0,114,True
severe_outcomes_secondary,model4_preferred_lpm,severe_stunted,pooled,water_rate_loo,-0.03264085991752926,0.012670171135706502,-0.057473939021472964,-0.007807780813585564,0.009989364490956588,36985,4434,114,model_specific_equal_total_country_weight,cluster_robust_country_psu,True,"{'child_sex': {'reference': 'Male', 'reference_column': 'child_sex_Male'}, 'maternal_education': {'reference': 'No education', 'reference_column': 'maternal_education_No education'}, 'literacy': {'reference': 'Cannot read at all', 'reference_column': 'literacy_Cannot read at all'}, 'wealth_quintile': {'reference': 'Poorest', 'reference_column': 'wealth_quintile_Poorest'}, 'residence': {'reference': 'Rural', 'reference_column': 'residence_Rural'}, 'country_admin_region': {'reference': 'ethiopia::01', 'reference_column': 'country_admin_region_ethiopia::01'}}",3458,0.09349736379613356,0,114,True
severe_outcomes_secondary,model4_preferred_lpm,severe_stunted,pooled,sanitation_rate_loo_core,0.01997356274466579,0.01396421833637395,-0.007395802266880979,0.04734292775621256,0.15261981531449426,36985,4434,114,model_specific_equal_total_country_weight,cluster_robust_country_psu,True,"{'child_sex': {'reference': 'Male', 'reference_column': 'child_sex_Male'}, 'maternal_education': {'reference': 'No education', 'reference_column': 'maternal_education_No education'}, 'literacy': {'reference': 'Cannot read at all', 'reference_column': 'literacy_Cannot read at all'}, 'wealth_quintile': {'reference': 'Poorest', 'reference_column': 'wealth_quintile_Poorest'}, 'residence': {'reference': 'Rural', 'reference_column': 'residence_Rural'}, 'country_admin_region': {'reference': 'ethiopia::01', 'reference_column': 'country_admin_region_ethiopia::01'}}",3458,0.09349736379613356,0,114,True
severe_outcomes_secondary,model4_preferred_lpm,severe_stunted,pooled,b19_raw,0.001384224367865951,0.00015029302894252182,0.0010896554440111722,0.0016787932917207296,3.2560840155262237e-20,36985,4434,114,model_specific_equal_total_country_weight,cluster_robust_country_psu,True,"{'child_sex': {'reference': 'Male', 'reference_column': 'child_sex_Male'}, 'maternal_education': {'reference': 'No education', 'reference_column': 'maternal_education_No education'}, 'literacy': {'reference': 'Cannot read at all', 'reference_column': 'literacy_Cannot read at all'}, 'wealth_quintile': {'reference': 'Poorest', 'reference_column': 'wealth_quintile_Poorest'}, 'residence': {'reference': 'Rural', 'reference_column': 'residence_Rural'}, 'country_admin_region': {'reference': 'ethiopia::01', 'reference_column': 'country_admin_region_ethiopia::01'}}",3458,0.09349736379613356,0,114,True
severe_outcomes_secondary,model4_preferred_lpm,severe_stunted,pooled,birth_order_raw,0.0060741505156209005,0.0020962544823943897,0.0019655672276972435,0.010182733803544557,0.0037600494713278944,36985,4434,114,model_specific_equal_total_country_weight,cluster_robust_country_psu,True,"{'child_sex': {'reference': 'Male', 'reference_column': 'child_sex_Male'}, 'maternal_education': {'reference': 'No education', 'reference_column': 'maternal_education_No education'}, 'literacy': {'reference': 'Cannot read at all', 'reference_column': 'literacy_Cannot read at all'}, 'wealth_quintile': {'reference': 'Poorest', 'reference_column': 'wealth_quintile_Poorest'}, 'residence': {'reference': 'Rural', 'reference_column': 'residence_Rural'}, 'country_admin_region': {'reference': 'ethiopia::01', 'reference_column': 'country_admin_region_ethiopia::01'}}",3458,0.09349736379613356,0,114,True
severe_outcomes_secondary,model4_preferred_lpm,severe_stunted,pooled,maternal_age,-0.0031469459579225715,0.0006131630839121545,-0.004348723519039905,-0.0019451683968052377,2.862003211400768e-07,36985,4434,114,model_specific_equal_total_country_weight,cluster_robust_country_psu,True,"{'child_sex': {'reference': 'Male', 'reference_column': 'child_sex_Male'}, 'maternal_education': {'reference': 'No education', 'reference_column': 'maternal_education_No education'}, 'literacy': {'reference': 'Cannot read at all', 'reference_column': 'literacy_Cannot read at all'}, 'wealth_quintile': {'reference': 'Poorest', 'reference_column': 'wealth_quintile_Poorest'}, 'residence': {'reference': 'Rural', 'reference_column': 'residence_Rural'}, 'country_admin_region': {'reference': 'ethiopia::01', 'reference_column': 'country_admin_region_ethiopia::01'}}",3458,0.09349736379613356,0,114,True
severe_outcomes_secondary,model4_preferred_lpm,severe_stunted,pooled,household_size_raw,0.002105000957253915,0.0010346022375554323,7.72178333207146e-05,0.004132784081187116,0.04189121089421082,36985,4434,114,model_specific_equal_total_country_weight,cluster_robust_country_psu,True,"{'child_sex': {'reference': 'Male', 'reference_column': 'child_sex_Male'}, 'maternal_education': {'reference': 'No education', 'reference_column': 'maternal_education_No education'}, 'literacy': {'reference': 'Cannot read at all', 'reference_column': 'literacy_Cannot read at all'}, 'wealth_quintile': {'reference': 'Poorest', 'reference_column': 'wealth_quintile_Poorest'}, 'residence': {'reference': 'Rural', 'reference_column': 'residence_Rural'}, 'country_admin_region': {'reference': 'ethiopia::01', 'reference_column': 'country_admin_region_ethiopia::01'}}",3458,0.09349736379613356,0,114,True
severe_outcomes_secondary,model4_preferred_lpm,severe_stunted,pooled,child_sex_Female,-0.02464533819629185,0.004436713258794576,-0.033341136393260556,-0.015949539999323144,2.7782818887503265e-08,36985,4434,114,model_specific_equal_total_country_weight,cluster_robust_country_psu,True,"{'child_sex': {'reference': 'Male', 'reference_column': 'child_sex_Male'}, 'maternal_education': {'reference': 'No education', 'reference_column': 'maternal_education_No education'}, 'literacy': {'reference': 'Cannot read at all', 'reference_column': 'literacy_Cannot read at all'}, 'wealth_quintile': {'reference': 'Poorest', 'reference_column': 'wealth_quintile_Poorest'}, 'residence': {'reference': 'Rural', 'reference_column': 'residence_Rural'}, 'country_admin_region': {'reference': 'ethiopia::01', 'reference_column': 'country_admin_region_ethiopia::01'}}",3458,0.09349736379613356,0,114,True
severe_outcomes_secondary,model4_preferred_lpm,severe_stunted,pooled,maternal_education_Higher,-0.016902795209184866,0.012482348274929672,-0.041367748270532696,0.007562157852162965,0.17569304267359265,36985,4434,114,model_specific_equal_total_country_weight,cluster_robust_country_psu,True,"{'child_sex': {'reference': 'Male', 'reference_column': 'child_sex_Male'}, 'maternal_education': {'reference': 'No education', 'reference_column': 'maternal_education_No education'}, 'literacy': {'reference': 'Cannot read at all', 'reference_column': 'literacy_Cannot read at all'}, 'wealth_quintile': {'reference': 'Poorest', 'reference_column': 'wealth_quintile_Poorest'}, 'residence': {'reference': 'Rural', 'reference_column': 'residence_Rural'}, 'country_admin_region': {'reference': 'ethiopia::01', 'reference_column': 'country_admin_region_ethiopia::01'}}",3458,0.09349736379613356,0,114,True
severe_outcomes_secondary,model4_preferred_lpm,severe_stunted,pooled,maternal_education_Primary,-0.010569769174495959,0.010380370449781096,-0.030914921402250748,0.00977538305325883,0.30856113310069266,36985,4434,114,model_specific_equal_total_country_weight,cluster_robust_country_psu,True,"{'child_sex': {'reference': 'Male', 'reference_column': 'child_sex_Male'}, 'maternal_education': {'reference': 'No education', 'reference_column': 'maternal_education_No education'}, 'literacy': {'reference': 'Cannot read at all', 'reference_column': 'literacy_Cannot read at all'}, 'wealth_quintile': {'reference': 'Poorest', 'reference_column': 'wealth_quintile_Poorest'}, 'residence': {'reference': 'Rural', 'reference_column': 'residence_Rural'}, 'country_admin_region': {'reference': 'ethiopia::01', 'reference_column': 'country_admin_region_ethiopia::01'}}",3458,0.09349736379613356,0,114,True
severe_outcomes_secondary,model4_preferred_lpm,severe_stunted,pooled,maternal_education_Secondary,-0.014312937782286733,0.011199130831818305,-0.036262830870802704,0.007636955306229241,0.20123530347247343,36985,4434,114,model_specific_equal_total_country_weight,cluster_robust_country_psu,True,"{'child_sex': {'reference': 'Male', 'reference_column': 'child_sex_Male'}, 'maternal_education': {'reference': 'No education', 'reference_column': 'maternal_education_No education'}, 'literacy': {'reference': 'Cannot read at all', 'reference_column': 'literacy_Cannot read at all'}, 'wealth_quintile': {'reference': 'Poorest', 'reference_column': 'wealth_quintile_Poorest'}, 'residence': {'reference': 'Rural', 'reference_column': 'residence_Rural'}, 'country_admin_region': {'reference': 'ethiopia::01', 'reference_column': 'country_admin_region_ethiopia::01'}}",3458,0.09349736379613356,0,114,True
severe_outcomes_secondary,model4_preferred_lpm,severe_stunted,pooled,literacy_Able to read only parts of sentence,-0.01941243322648497,0.010864876468963402,-0.04070719980212995,0.0018823333491600133,0.07398363093165335,36985,4434,114,model_specific_equal_total_country_weight,cluster_robust_country_psu,True,"{'child_sex': {'reference': 'Male', 'reference_column': 'child_sex_Male'}, 'maternal_education': {'reference': 'No education', 'reference_column': 'maternal_education_No education'}, 'literacy': {'reference': 'Cannot read at all', 'reference_column': 'literacy_Cannot read at all'}, 'wealth_quintile': {'reference': 'Poorest', 'reference_column': 'wealth_quintile_Poorest'}, 'residence': {'reference': 'Rural', 'reference_column': 'residence_Rural'}, 'country_admin_region': {'reference': 'ethiopia::01', 'reference_column': 'country_admin_region_ethiopia::01'}}",3458,0.09349736379613356,0,114,True
severe_outcomes_secondary,model4_preferred_lpm,severe_stunted,pooled,literacy_Able to read whole sentence,-0.030279035131486144,0.009451659225889994,-0.048803946808376256,-0.01175412345459603,0.0013573587709597116,36985,4434,114,model_specific_equal_total_country_weight,cluster_robust_country_psu,True,"{'child_sex': {'reference': 'Male', 'reference_column': 'child_sex_Male'}, 'maternal_education': {'reference': 'No education', 'reference_column': 'maternal_education_No education'}, 'literacy': {'reference': 'Cannot read at all', 'reference_column': 'literacy_Cannot read at all'}, 'wealth_quintile': {'reference': 'Poorest', 'reference_column': 'wealth_quintile_Poorest'}, 'residence': {'reference': 'Rural', 'reference_column': 'residence_Rural'}, 'country_admin_region': {'reference': 'ethiopia::01', 'reference_column': 'country_admin_region_ethiopia::01'}}",3458,0.09349736379613356,0,114,True
severe_outcomes_secondary,model4_preferred_lpm,severe_stunted,pooled,literacy_Blind/visually impaired,-0.13955856074422426,0.03279575375649192,-0.2038370569527926,-0.07528006453565592,2.0868954527843096e-05,36985,4434,114,model_specific_equal_total_country_weight,cluster_robust_country_psu,True,"{'child_sex': {'reference': 'Male', 'reference_column': 'child_sex_Male'}, 'maternal_education': {'reference': 'No education', 'reference_column': 'maternal_education_No education'}, 'literacy': {'reference': 'Cannot read at all', 'reference_column': 'literacy_Cannot read at all'}, 'wealth_quintile': {'reference': 'Poorest', 'reference_column': 'wealth_quintile_Poorest'}, 'residence': {'reference': 'Rural', 'reference_column': 'residence_Rural'}, 'country_admin_region': {'reference': 'ethiopia::01', 'reference_column': 'country_admin_region_ethiopia::01'}}",3458,0.09349736379613356,0,114,True
severe_outcomes_secondary,model4_preferred_lpm,severe_stunted,pooled,literacy_No card with required language,-0.031025441425845905,0.029460962351912912,-0.08876786658548566,0.02671698373379385,0.29229357667055333,36985,4434,114,model_specific_equal_total_country_weight,cluster_robust_country_psu,True,"{'child_sex': {'reference': 'Male', 'reference_column': 'child_sex_Male'}, 'maternal_education': {'reference': 'No education', 'reference_column': 'maternal_education_No education'}, 'literacy': {'reference': 'Cannot read at all', 'reference_column': 'literacy_Cannot read at all'}, 'wealth_quintile': {'reference': 'Poorest', 'reference_column': 'wealth_quintile_Poorest'}, 'residence': {'reference': 'Rural', 'reference_column': 'residence_Rural'}, 'country_admin_region': {'reference': 'ethiopia::01', 'reference_column': 'country_admin_region_ethiopia::01'}}",3458,0.09349736379613356,0,114,True
severe_outcomes_secondary,model4_preferred_lpm,severe_stunted,pooled,wealth_quintile_Middle,-0.03315723383972975,0.00981423385978505,-0.052392778740761974,-0.013921688938697531,0.0007288662586924936,36985,4434,114,model_specific_equal_total_country_weight,cluster_robust_country_psu,True,"{'child_sex': {'reference': 'Male', 'reference_column': 'child_sex_Male'}, 'maternal_education': {'reference': 'No education', 'reference_column': 'maternal_education_No education'}, 'literacy': {'reference': 'Cannot read at all', 'reference_column': 'literacy_Cannot read at all'}, 'wealth_quintile': {'reference': 'Poorest', 'reference_column': 'wealth_quintile_Poorest'}, 'residence': {'reference': 'Rural', 'reference_column': 'residence_Rural'}, 'country_admin_region': {'reference': 'ethiopia::01', 'reference_column': 'country_admin_region_ethiopia::01'}}",3458,0.09349736379613356,0,114,True
severe_outcomes_secondary,model4_preferred_lpm,severe_stunted,pooled,wealth_quintile_Poorer,-0.010954774699997748,0.008668716171600114,-0.02794514618853391,0.006035596788538416,0.20633283450231,36985,4434,114,model_specific_equal_total_country_weight,cluster_robust_country_psu,True,"{'child_sex': {'reference': 'Male', 'reference_column': 'child_sex_Male'}, 'maternal_education': {'reference': 'No education', 'reference_column': 'maternal_education_No education'}, 'literacy': {'reference': 'Cannot read at all', 'reference_column': 'literacy_Cannot read at all'}, 'wealth_quintile': {'reference': 'Poorest', 'reference_column': 'wealth_quintile_Poorest'}, 'residence': {'reference': 'Rural', 'reference_column': 'residence_Rural'}, 'country_admin_region': {'reference': 'ethiopia::01', 'reference_column': 'country_admin_region_ethiopia::01'}}",3458,0.09349736379613356,0,114,True
severe_outcomes_secondary,model4_preferred_lpm,severe_stunted,pooled,wealth_quintile_Richer,-0.04994675413091508,0.011661200418471067,-0.07280228696762178,-0.027091221294208382,1.842599200201336e-05,36985,4434,114,model_specific_equal_total_country_weight,cluster_robust_country_psu,True,"{'child_sex': {'reference': 'Male', 'reference_column': 'child_sex_Male'}, 'maternal_education': {'reference': 'No education', 'reference_column': 'maternal_education_No education'}, 'literacy': {'reference': 'Cannot read at all', 'reference_column': 'literacy_Cannot read at all'}, 'wealth_quintile': {'reference': 'Poorest', 'reference_column': 'wealth_quintile_Poorest'}, 'residence': {'reference': 'Rural', 'reference_column': 'residence_Rural'}, 'country_admin_region': {'reference': 'ethiopia::01', 'reference_column': 'country_admin_region_ethiopia::01'}}",3458,0.09349736379613356,0,114,True
severe_outcomes_secondary,model4_preferred_lpm,severe_stunted,pooled,wealth_quintile_Richest,-0.0676741522497857,0.012752613615651354,-0.09266881564521746,-0.04267948885435392,1.1163450697807453e-07,36985,4434,114,model_specific_equal_total_country_weight,cluster_robust_country_psu,True,"{'child_sex': {'reference': 'Male', 'reference_column': 'child_sex_Male'}, 'maternal_education': {'reference': 'No education', 'reference_column': 'maternal_education_No education'}, 'literacy': {'reference': 'Cannot read at all', 'reference_column': 'literacy_Cannot read at all'}, 'wealth_quintile': {'reference': 'Poorest', 'reference_column': 'wealth_quintile_Poorest'}, 'residence': {'reference': 'Rural', 'reference_column': 'residence_Rural'}, 'country_admin_region': {'reference': 'ethiopia::01', 'reference_column': 'country_admin_region_ethiopia::01'}}",3458,0.09349736379613356,0,114,True
severe_outcomes_secondary,model4_preferred_lpm,severe_stunted,pooled,residence_Urban,0.002291384859216101,0.007224259284249123,-0.011867903152891287,0.01645067287132349,0.7511076234336638,36985,4434,114,model_specific_equal_total_country_weight,cluster_robust_country_psu,True,"{'child_sex': {'reference': 'Male', 'reference_column': 'child_sex_Male'}, 'maternal_education': {'reference': 'No education', 'reference_column': 'maternal_education_No education'}, 'literacy': {'reference': 'Cannot read at all', 'reference_column': 'literacy_Cannot read at all'}, 'wealth_quintile': {'reference': 'Poorest', 'reference_column': 'wealth_quintile_Poorest'}, 'residence': {'reference': 'Rural', 'reference_column': 'residence_Rural'}, 'country_admin_region': {'reference': 'ethiopia::01', 'reference_column': 'country_admin_region_ethiopia::01'}}",3458,0.09349736379613356,0,114,True
severe_outcomes_secondary,model4_preferred_lpm,severe_stunted,pooled,country_admin_region_ethiopia::02,0.04690016406518299,0.031134063793969907,-0.014121479663370497,0.10792180779373647,0.13196608336243454,36985,4434,114,model_specific_equal_total_country_weight,cluster_robust_country_psu,True,"{'child_sex': {'reference': 'Male', 'reference_column': 'child_sex_Male'}, 'maternal_education': {'reference': 'No education', 'reference_column': 'maternal_education_No education'}, 'literacy': {'reference': 'Cannot read at all', 'reference_column': 'literacy_Cannot read at all'}, 'wealth_quintile': {'reference': 'Poorest', 'reference_column': 'wealth_quintile_Poorest'}, 'residence': {'reference': 'Rural', 'reference_column': 'residence_Rural'}, 'country_admin_region': {'reference': 'ethiopia::01', 'reference_column': 'country_admin_region_ethiopia::01'}}",3458,0.09349736379613356,0,114,True
severe_outcomes_secondary,model4_preferred_lpm,severe_stunted,pooled,country_admin_region_ethiopia::03,-0.004957646855540248,0.02360057767965984,-0.05121392912201341,0.04129863541093292,0.8336172228590056,36985,4434,114,model_specific_equal_total_country_weight,cluster_robust_country_psu,True,"{'child_sex': {'reference': 'Male', 'reference_column': 'child_sex_Male'}, 'maternal_education': {'reference': 'No education', 'reference_column': 'maternal_education_No education'}, 'literacy': {'reference': 'Cannot read at all', 'reference_column': 'literacy_Cannot read at all'}, 'wealth_quintile': {'reference': 'Poorest', 'reference_column': 'wealth_quintile_Poorest'}, 'residence': {'reference': 'Rural', 'reference_column': 'residence_Rural'}, 'country_admin_region': {'reference': 'ethiopia::01', 'reference_column': 'country_admin_region_ethiopia::01'}}",3458,0.09349736379613356,0,114,True
severe_outcomes_secondary,model4_preferred_lpm,severe_stunted,pooled,country_admin_region_ethiopia::04,-0.008530206360074889,0.022206634596294305,-0.052054410386652886,0.034993997666503115,0.7008830379775526,36985,4434,114,model_specific_equal_total_country_weight,cluster_robust_country_psu,True,"{'child_sex': {'reference': 'Male', 'reference_column': 'child_sex_Male'}, 'maternal_education': {'reference': 'No education', 'reference_column': 'maternal_education_No education'}, 'literacy': {'reference': 'Cannot read at all', 'reference_column': 'literacy_Cannot read at all'}, 'wealth_quintile': {'reference': 'Poorest', 'reference_column': 'wealth_quintile_Poorest'}, 'residence': {'reference': 'Rural', 'reference_column': 'residence_Rural'}, 'country_admin_region': {'reference': 'ethiopia::01', 'reference_column': 'country_admin_region_ethiopia::01'}}",3458,0.09349736379613356,0,114,True
severe_outcomes_secondary,model4_preferred_lpm,severe_stunted,pooled,country_admin_region_ethiopia::05,-0.030657669359236497,0.027223375929264045,-0.08401450571818865,0.02269916699971566,0.2601010296209697,36985,4434,114,model_specific_equal_total_country_weight,cluster_robust_country_psu,True,"{'child_sex': {'reference': 'Male', 'reference_column': 'child_sex_Male'}, 'maternal_education': {'reference': 'No education', 'reference_column': 'maternal_education_No education'}, 'literacy': {'reference': 'Cannot read at all', 'reference_column': 'literacy_Cannot read at all'}, 'wealth_quintile': {'reference': 'Poorest', 'reference_column': 'wealth_quintile_Poorest'}, 'residence': {'reference': 'Rural', 'reference_column': 'residence_Rural'}, 'country_admin_region': {'reference': 'ethiopia::01', 'reference_column': 'country_admin_region_ethiopia::01'}}",3458,0.09349736379613356,0,114,True
severe_outcomes_secondary,model4_preferred_lpm,severe_stunted,pooled,country_admin_region_ethiopia::06,0.1010654295904608,0.03367644390179305,0.035060812415562886,0.16707004676535872,0.002690310300754156,36985,4434,114,model_specific_equal_total_country_weight,cluster_robust_country_psu,True,"{'child_sex': {'reference': 'Male', 'reference_column': 'child_sex_Male'}, 'maternal_education': {'reference': 'No education', 'reference_column': 'maternal_education_No education'}, 'literacy': {'reference': 'Cannot read at all', 'reference_column': 'literacy_Cannot read at all'}, 'wealth_quintile': {'reference': 'Poorest', 'reference_column': 'wealth_quintile_Poorest'}, 'residence': {'reference': 'Rural', 'reference_column': 'residence_Rural'}, 'country_admin_region': {'reference': 'ethiopia::01', 'reference_column': 'country_admin_region_ethiopia::01'}}",3458,0.09349736379613356,0,114,True
severe_outcomes_secondary,model4_preferred_lpm,severe_stunted,pooled,country_admin_region_ethiopia::07,-0.002971579646740809,0.028442199809904964,-0.05871726691524651,0.05277410762176489,0.9167901518679702,36985,4434,114,model_specific_equal_total_country_weight,cluster_robust_country_psu,True,"{'child_sex': {'reference': 'Male', 'reference_column': 'child_sex_Male'}, 'maternal_education': {'reference': 'No education', 'reference_column': 'maternal_education_No education'}, 'literacy': {'reference': 'Cannot read at all', 'reference_column': 'literacy_Cannot read at all'}, 'wealth_quintile': {'reference': 'Poorest', 'reference_column': 'wealth_quintile_Poorest'}, 'residence': {'reference': 'Rural', 'reference_column': 'residence_Rural'}, 'country_admin_region': {'reference': 'ethiopia::01', 'reference_column': 'country_admin_region_ethiopia::01'}}",3458,0.09349736379613356,0,114,True
severe_outcomes_secondary,model4_preferred_lpm,severe_stunted,pooled,country_admin_region_ethiopia::08,-0.014207675797506194,0.024623483628332304,-0.06246881688294917,0.03405346528793678,0.5639414926960804,36985,4434,114,model_specific_equal_total_country_weight,cluster_robust_country_psu,True,"{'child_sex': {'reference': 'Male', 'reference_column': 'child_sex_Male'}, 'maternal_education': {'reference': 'No education', 'reference_column': 'maternal_education_No education'}, 'literacy': {'reference': 'Cannot read at all', 'reference_column': 'literacy_Cannot read at all'}, 'wealth_quintile': {'reference': 'Poorest', 'reference_column': 'wealth_quintile_Poorest'}, 'residence': {'reference': 'Rural', 'reference_column': 'residence_Rural'}, 'country_admin_region': {'reference': 'ethiopia::01', 'reference_column': 'country_admin_region_ethiopia::01'}}",3458,0.09349736379613356,0,114,True
severe_outcomes_secondary,model4_preferred_lpm,severe_stunted,pooled,country_admin_region_ethiopia::09,0.03560971558553287,0.030008495955833173,-0.02320585571811601,0.09442528688918175,0.23536394466133403,36985,4434,114,model_specific_equal_total_country_weight,cluster_robust_country_psu,True,"{'child_sex': {'reference': 'Male', 'reference_column': 'child_sex_Male'}, 'maternal_education': {'reference': 'No education', 'reference_column': 'maternal_education_No education'}, 'literacy': {'reference': 'Cannot read at all', 'reference_column': 'literacy_Cannot read at all'}, 'wealth_quintile': {'reference': 'Poorest', 'reference_column': 'wealth_quintile_Poorest'}, 'residence': {'reference': 'Rural', 'reference_column': 'residence_Rural'}, 'country_admin_region': {'reference': 'ethiopia::01', 'reference_column': 'country_admin_region_ethiopia::01'}}",3458,0.09349736379613356,0,114,True
severe_outcomes_secondary,model4_preferred_lpm,severe_stunted,pooled,country_admin_region_ethiopia::10,0.046998320285170286,0.029890196773585193,-0.011585388881872015,0.1055820294522126,0.1158657633219573,36985,4434,114,model_specific_equal_total_country_weight,cluster_robust_country_psu,True,"{'child_sex': {'reference': 'Male', 'reference_column': 'child_sex_Male'}, 'maternal_education': {'reference': 'No education', 'reference_column': 'maternal_education_No education'}, 'literacy': {'reference': 'Cannot read at all', 'reference_column': 'literacy_Cannot read at all'}, 'wealth_quintile': {'reference': 'Poorest', 'reference_column': 'wealth_quintile_Poorest'}, 'residence': {'reference': 'Rural', 'reference_column': 'residence_Rural'}, 'country_admin_region': {'reference': 'ethiopia::01', 'reference_column': 'country_admin_region_ethiopia::01'}}",3458,0.09349736379613356,0,114,True
severe_outcomes_secondary,model4_preferred_lpm,severe_stunted,pooled,country_admin_region_ethiopia::12,-0.10160536728874878,0.021928693029081278,-0.14458481585378263,-0.05862591872371493,3.5963238019077665e-06,36985,4434,114,model_specific_equal_total_country_weight,cluster_robust_country_psu,True,"{'child_sex': {'reference': 'Male', 'reference_column': 'child_sex_Male'}, 'maternal_education': {'reference': 'No education', 'reference_column': 'maternal_education_No education'}, 'literacy': {'reference': 'Cannot read at all', 'reference_column': 'literacy_Cannot read at all'}, 'wealth_quintile': {'reference': 'Poorest', 'reference_column': 'wealth_quintile_Poorest'}, 'residence': {'reference': 'Rural', 'reference_column': 'residence_Rural'}, 'country_admin_region': {'reference': 'ethiopia::01', 'reference_column': 'country_admin_region_ethiopia::01'}}",3458,0.09349736379613356,0,114,True
severe_outcomes_secondary,model4_preferred_lpm,severe_stunted,pooled,country_admin_region_ethiopia::13,-0.01749785745112917,0.02560640547940808,-0.0676854899642981,0.032689775062039766,0.49439260795654616,36985,4434,114,model_specific_equal_total_country_weight,cluster_robust_country_psu,True,"{'child_sex': {'reference': 'Male', 'reference_column': 'child_sex_Male'}, 'maternal_education': {'reference': 'No education', 'reference_column': 'maternal_education_No education'}, 'literacy': {'reference': 'Cannot read at all', 'reference_column': 'literacy_Cannot read at all'}, 'wealth_quintile': {'reference': 'Poorest', 'reference_column': 'wealth_quintile_Poorest'}, 'residence': {'reference': 'Rural', 'reference_column': 'residence_Rural'}, 'country_admin_region': {'reference': 'ethiopia::01', 'reference_column': 'country_admin_region_ethiopia::01'}}",3458,0.09349736379613356,0,114,True
severe_outcomes_secondary,model4_preferred_lpm,severe_stunted,pooled,country_admin_region_ethiopia::14,-0.04346429396191123,0.02284552853237881,-0.0882407070931559,0.0013121191693334366,0.05710195463325779,36985,4434,114,model_specific_equal_total_country_weight,cluster_robust_country_psu,True,"{'child_sex': {'reference': 'Male', 'reference_column': 'child_sex_Male'}, 'maternal_education': {'reference': 'No education', 'reference_column': 'maternal_education_No education'}, 'literacy': {'reference': 'Cannot read at all', 'reference_column': 'literacy_Cannot read at all'}, 'wealth_quintile': {'reference': 'Poorest', 'reference_column': 'wealth_quintile_Poorest'}, 'residence': {'reference': 'Rural', 'reference_column': 'residence_Rural'}, 'country_admin_region': {'reference': 'ethiopia::01', 'reference_column': 'country_admin_region_ethiopia::01'}}",3458,0.09349736379613356,0,114,True
severe_outcomes_secondary,model4_preferred_lpm,severe_stunted,pooled,country_admin_region_ethiopia::15,-0.008220741727968644,0.02377338538741187,-0.054815720877886706,0.038374237421949425,0.7294960265838839,36985,4434,114,model_specific_equal_total_country_weight,cluster_robust_country_psu,True,"{'child_sex': {'reference': 'Male', 'reference_column': 'child_sex_Male'}, 'maternal_education': {'reference': 'No education', 'reference_column': 'maternal_education_No education'}, 'literacy': {'reference': 'Cannot read at all', 'reference_column': 'literacy_Cannot read at all'}, 'wealth_quintile': {'reference': 'Poorest', 'reference_column': 'wealth_quintile_Poorest'}, 'residence': {'reference': 'Rural', 'reference_column': 'residence_Rural'}, 'country_admin_region': {'reference': 'ethiopia::01', 'reference_column': 'country_admin_region_ethiopia::01'}}",3458,0.09349736379613356,0,114,True
severe_outcomes_secondary,model4_preferred_lpm,severe_stunted,pooled,country_admin_region_ghana::01,-0.10154547591666993,0.021596684197847597,-0.14387419912993654,-0.05921675270340333,2.5775018571467457e-06,36985,4434,114,model_specific_equal_total_country_weight,cluster_robust_country_psu,True,"{'child_sex': {'reference': 'Male', 'reference_column': 'child_sex_Male'}, 'maternal_education': {'reference': 'No education', 'reference_column': 'maternal_education_No education'}, 'literacy': {'reference': 'Cannot read at all', 'reference_column': 'literacy_Cannot read at all'}, 'wealth_quintile': {'reference': 'Poorest', 'reference_column': 'wealth_quintile_Poorest'}, 'residence': {'reference': 'Rural', 'reference_column': 'residence_Rural'}, 'country_admin_region': {'reference': 'ethiopia::01', 'reference_column': 'country_admin_region_ethiopia::01'}}",3458,0.09349736379613356,0,114,True
severe_outcomes_secondary,model4_preferred_lpm,severe_stunted,pooled,country_admin_region_ghana::02,-0.07565299329733748,0.025069275597793032,-0.12478787058752065,-0.0265181160071543,0.0025465263045829044,36985,4434,114,model_specific_equal_total_country_weight,cluster_robust_country_psu,True,"{'child_sex': {'reference': 'Male', 'reference_column': 'child_sex_Male'}, 'maternal_education': {'reference': 'No education', 'reference_column': 'maternal_education_No education'}, 'literacy': {'reference': 'Cannot read at all', 'reference_column': 'literacy_Cannot read at all'}, 'wealth_quintile': {'reference': 'Poorest', 'reference_column': 'wealth_quintile_Poorest'}, 'residence': {'reference': 'Rural', 'reference_column': 'residence_Rural'}, 'country_admin_region': {'reference': 'ethiopia::01', 'reference_column': 'country_admin_region_ethiopia::01'}}",3458,0.09349736379613356,0,114,True
severe_outcomes_secondary,model4_preferred_lpm,severe_stunted,pooled,country_admin_region_ghana::03,-0.08139118624090516,0.020053435702731822,-0.1206951979845492,-0.04208717449726112,4.934342797946523e-05,36985,4434,114,model_specific_equal_total_country_weight,cluster_robust_country_psu,True,"{'child_sex': {'reference': 'Male', 'reference_column': 'child_sex_Male'}, 'maternal_education': {'reference': 'No education', 'reference_column': 'maternal_education_No education'}, 'literacy': {'reference': 'Cannot read at all', 'reference_column': 'literacy_Cannot read at all'}, 'wealth_quintile': {'reference': 'Poorest', 'reference_column': 'wealth_quintile_Poorest'}, 'residence': {'reference': 'Rural', 'reference_column': 'residence_Rural'}, 'country_admin_region': {'reference': 'ethiopia::01', 'reference_column': 'country_admin_region_ethiopia::01'}}",3458,0.09349736379613356,0,114,True
severe_outcomes_secondary,model4_preferred_lpm,severe_stunted,pooled,country_admin_region_ghana::04,-0.10453759855694228,0.019152661413846486,-0.14207612513617138,-0.06699907197771318,4.8119190834389224e-08,36985,4434,114,model_specific_equal_total_country_weight,cluster_robust_country_psu,True,"{'child_sex': {'reference': 'Male', 'reference_column': 'child_sex_Male'}, 'maternal_education': {'reference': 'No education', 'reference_column': 'maternal_education_No education'}, 'literacy': {'reference': 'Cannot read at all', 'reference_column': 'literacy_Cannot read at all'}, 'wealth_quintile': {'reference': 'Poorest', 'reference_column': 'wealth_quintile_Poorest'}, 'residence': {'reference': 'Rural', 'reference_column': 'residence_Rural'}, 'country_admin_region': {'reference': 'ethiopia::01', 'reference_column': 'country_admin_region_ethiopia::01'}}",3458,0.09349736379613356,0,114,True
severe_outcomes_secondary,model4_preferred_lpm,severe_stunted,pooled,country_admin_region_ghana::05,-0.08913782106980124,0.023059534641752512,-0.1343336784678899,-0.04394196367171258,0.0001108384106471154,36985,4434,114,model_specific_equal_total_country_weight,cluster_robust_country_psu,True,"{'child_sex': {'reference': 'Male', 'reference_column': 'child_sex_Male'}, 'maternal_education': {'reference': 'No education', 'reference_column': 'maternal_education_No education'}, 'literacy': {'reference': 'Cannot read at all', 'reference_column': 'literacy_Cannot read at all'}, 'wealth_quintile': {'reference': 'Poorest', 'reference_column': 'wealth_quintile_Poorest'}, 'residence': {'reference': 'Rural', 'reference_column': 'residence_Rural'}, 'country_admin_region': {'reference': 'ethiopia::01', 'reference_column': 'country_admin_region_ethiopia::01'}}",3458,0.09349736379613356,0,114,True
severe_outcomes_secondary,model4_preferred_lpm,severe_stunted,pooled,country_admin_region_ghana::06,-0.08108545820287051,0.0218623386864994,-0.12393485464622606,-0.038236061759514973,0.00020815295650286595,36985,4434,114,model_specific_equal_total_country_weight,cluster_robust_country_psu,True,"{'child_sex': {'reference': 'Male', 'reference_column': 'child_sex_Male'}, 'maternal_education': {'reference': 'No education', 'reference_column': 'maternal_education_No education'}, 'literacy': {'reference': 'Cannot read at all', 'reference_column': 'literacy_Cannot read at all'}, 'wealth_quintile': {'reference': 'Poorest', 'reference_column': 'wealth_quintile_Poorest'}, 'residence': {'reference': 'Rural', 'reference_column': 'residence_Rural'}, 'country_admin_region': {'reference': 'ethiopia::01', 'reference_column': 'country_admin_region_ethiopia::01'}}",3458,0.09349736379613356,0,114,True
severe_outcomes_secondary,model4_preferred_lpm,severe_stunted,pooled,country_admin_region_ghana::07,-0.12951472386911128,0.020055368776329744,-0.1688225243673867,-0.09020692337083586,1.0619530762310341e-10,36985,4434,114,model_specific_equal_total_country_weight,cluster_robust_country_psu,True,"{'child_sex': {'reference': 'Male', 'reference_column': 'child_sex_Male'}, 'maternal_education': {'reference': 'No education', 'reference_column': 'maternal_education_No education'}, 'literacy': {'reference': 'Cannot read at all', 'reference_column': 'literacy_Cannot read at all'}, 'wealth_quintile': {'reference': 'Poorest', 'reference_column': 'wealth_quintile_Poorest'}, 'residence': {'reference': 'Rural', 'reference_column': 'residence_Rural'}, 'country_admin_region': {'reference': 'ethiopia::01', 'reference_column': 'country_admin_region_ethiopia::01'}}",3458,0.09349736379613356,0,114,True
severe_outcomes_secondary,model4_preferred_lpm,severe_stunted,pooled,country_admin_region_ghana::08,-0.10349305619593255,0.021583970525744442,-0.1457968610697657,-0.06118925132209939,1.627531439068736e-06,36985,4434,114,model_specific_equal_total_country_weight,cluster_robust_country_psu,True,"{'child_sex': {'reference': 'Male', 'reference_column': 'child_sex_Male'}, 'maternal_education': {'reference': 'No education', 'reference_column': 'maternal_education_No education'}, 'literacy': {'reference': 'Cannot read at all', 'reference_column': 'literacy_Cannot read at all'}, 'wealth_quintile': {'reference': 'Poorest', 'reference_column': 'wealth_quintile_Poorest'}, 'residence': {'reference': 'Rural', 'reference_column': 'residence_Rural'}, 'country_admin_region': {'reference': 'ethiopia::01', 'reference_column': 'country_admin_region_ethiopia::01'}}",3458,0.09349736379613356,0,114,True
severe_outcomes_secondary,model4_preferred_lpm,severe_stunted,pooled,country_admin_region_ghana::09,-0.08379151267254302,0.02485599034140635,-0.1325083585417749,-0.03507466680331113,0.0007487432183108488,36985,4434,114,model_specific_equal_total_country_weight,cluster_robust_country_psu,True,"{'child_sex': {'reference': 'Male', 'reference_column': 'child_sex_Male'}, 'maternal_education': {'reference': 'No education', 'reference_column': 'maternal_education_No education'}, 'literacy': {'reference': 'Cannot read at all', 'reference_column': 'literacy_Cannot read at all'}, 'wealth_quintile': {'reference': 'Poorest', 'reference_column': 'wealth_quintile_Poorest'}, 'residence': {'reference': 'Rural', 'reference_column': 'residence_Rural'}, 'country_admin_region': {'reference': 'ethiopia::01', 'reference_column': 'country_admin_region_ethiopia::01'}}",3458,0.09349736379613356,0,114,True
severe_outcomes_secondary,model4_preferred_lpm,severe_stunted,pooled,country_admin_region_ghana::10,-0.12604363150848474,0.02027333127817438,-0.16577863066035592,-0.08630863235661357,5.060605831602576e-10,36985,4434,114,model_specific_equal_total_country_weight,cluster_robust_country_psu,True,"{'child_sex': {'reference': 'Male', 'reference_column': 'child_sex_Male'}, 'maternal_education': {'reference': 'No education', 'reference_column': 'maternal_education_No education'}, 'literacy': {'reference': 'Cannot read at all', 'reference_column': 'literacy_Cannot read at all'}, 'wealth_quintile': {'reference': 'Poorest', 'reference_column': 'wealth_quintile_Poorest'}, 'residence': {'reference': 'Rural', 'reference_column': 'residence_Rural'}, 'country_admin_region': {'reference': 'ethiopia::01', 'reference_column': 'country_admin_region_ethiopia::01'}}",3458,0.09349736379613356,0,114,True
severe_outcomes_secondary,model4_preferred_lpm,severe_stunted,pooled,country_admin_region_ghana::11,-0.13304903306429236,0.021611202930970092,-0.1754062124715802,-0.09069185365700452,7.437751143082127e-10,36985,4434,114,model_specific_equal_total_country_weight,cluster_robust_country_psu,True,"{'child_sex': {'reference': 'Male', 'reference_column': 'child_sex_Male'}, 'maternal_education': {'reference': 'No education', 'reference_column': 'maternal_education_No education'}, 'literacy': {'reference': 'Cannot read at all', 'reference_column': 'literacy_Cannot read at all'}, 'wealth_quintile': {'reference': 'Poorest', 'reference_column': 'wealth_quintile_Poorest'}, 'residence': {'reference': 'Rural', 'reference_column': 'residence_Rural'}, 'country_admin_region': {'reference': 'ethiopia::01', 'reference_column': 'country_admin_region_ethiopia::01'}}",3458,0.09349736379613356,0,114,True
severe_outcomes_secondary,model4_preferred_lpm,severe_stunted,pooled,country_admin_region_ghana::12,-0.08384579992684692,0.022708119290151887,-0.12835289589218388,-0.03933870396150996,0.00022221157333098454,36985,4434,114,model_specific_equal_total_country_weight,cluster_robust_country_psu,True,"{'child_sex': {'reference': 'Male', 'reference_column': 'child_sex_Male'}, 'maternal_education': {'reference': 'No education', 'reference_column': 'maternal_education_No education'}, 'literacy': {'reference': 'Cannot read at all', 'reference_column': 'literacy_Cannot read at all'}, 'wealth_quintile': {'reference': 'Poorest', 'reference_column': 'wealth_quintile_Poorest'}, 'residence': {'reference': 'Rural', 'reference_column': 'residence_Rural'}, 'country_admin_region': {'reference': 'ethiopia::01', 'reference_column': 'country_admin_region_ethiopia::01'}}",3458,0.09349736379613356,0,114,True
severe_outcomes_secondary,model4_preferred_lpm,severe_stunted,pooled,country_admin_region_ghana::13,-0.13973341472477996,0.02103256369787234,-0.18095648207515433,-0.09851034737440559,3.059669811835615e-11,36985,4434,114,model_specific_equal_total_country_weight,cluster_robust_country_psu,True,"{'child_sex': {'reference': 'Male', 'reference_column': 'child_sex_Male'}, 'maternal_education': {'reference': 'No education', 'reference_column': 'maternal_education_No education'}, 'literacy': {'reference': 'Cannot read at all', 'reference_column': 'literacy_Cannot read at all'}, 'wealth_quintile': {'reference': 'Poorest', 'reference_column': 'wealth_quintile_Poorest'}, 'residence': {'reference': 'Rural', 'reference_column': 'residence_Rural'}, 'country_admin_region': {'reference': 'ethiopia::01', 'reference_column': 'country_admin_region_ethiopia::01'}}",3458,0.09349736379613356,0,114,True
severe_outcomes_secondary,model4_preferred_lpm,severe_stunted,pooled,country_admin_region_ghana::14,-0.10407822139529471,0.026219021014287185,-0.15546655829319644,-0.052689884497392994,7.20026580554115e-05,36985,4434,114,model_specific_equal_total_country_weight,cluster_robust_country_psu,True,"{'child_sex': {'reference': 'Male', 'reference_column': 'child_sex_Male'}, 'maternal_education': {'reference': 'No education', 'reference_column': 'maternal_education_No education'}, 'literacy': {'reference': 'Cannot read at all', 'reference_column': 'literacy_Cannot read at all'}, 'wealth_quintile': {'reference': 'Poorest', 'reference_column': 'wealth_quintile_Poorest'}, 'residence': {'reference': 'Rural', 'reference_column': 'residence_Rural'}, 'country_admin_region': {'reference': 'ethiopia::01', 'reference_column': 'country_admin_region_ethiopia::01'}}",3458,0.09349736379613356,0,114,True
severe_outcomes_secondary,model4_preferred_lpm,severe_stunted,pooled,country_admin_region_ghana::15,-0.08818993899741844,0.025730802206110265,-0.13862138461471832,-0.037758493380118545,0.0006093743470544523,36985,4434,114,model_specific_equal_total_country_weight,cluster_robust_country_psu,True,"{'child_sex': {'reference': 'Male', 'reference_column': 'child_sex_Male'}, 'maternal_education': {'reference': 'No education', 'reference_column': 'maternal_education_No education'}, 'literacy': {'reference': 'Cannot read at all', 'reference_column': 'literacy_Cannot read at all'}, 'wealth_quintile': {'reference': 'Poorest', 'reference_column': 'wealth_quintile_Poorest'}, 'residence': {'reference': 'Rural', 'reference_column': 'residence_Rural'}, 'country_admin_region': {'reference': 'ethiopia::01', 'reference_column': 'country_admin_region_ethiopia::01'}}",3458,0.09349736379613356,0,114,True
severe_outcomes_secondary,model4_preferred_lpm,severe_stunted,pooled,country_admin_region_ghana::16,-0.12171401800655464,0.0200869114649196,-0.16108364103844175,-0.08234439497466753,1.3665617422677384e-09,36985,4434,114,model_specific_equal_total_country_weight,cluster_robust_country_psu,True,"{'child_sex': {'reference': 'Male', 'reference_column': 'child_sex_Male'}, 'maternal_education': {'reference': 'No education', 'reference_column': 'maternal_education_No education'}, 'literacy': {'reference': 'Cannot read at all', 'reference_column': 'literacy_Cannot read at all'}, 'wealth_quintile': {'reference': 'Poorest', 'reference_column': 'wealth_quintile_Poorest'}, 'residence': {'reference': 'Rural', 'reference_column': 'residence_Rural'}, 'country_admin_region': {'reference': 'ethiopia::01', 'reference_column': 'country_admin_region_ethiopia::01'}}",3458,0.09349736379613356,0,114,True
severe_outcomes_secondary,model4_preferred_lpm,severe_stunted,pooled,country_admin_region_kenya::01,-0.07062657752053843,0.020594971695718393,-0.11099198030676828,-0.030261174734308574,0.0006051141399493276,36985,4434,114,model_specific_equal_total_country_weight,cluster_robust_country_psu,True,"{'child_sex': {'reference': 'Male', 'reference_column': 'child_sex_Male'}, 'maternal_education': {'reference': 'No education', 'reference_column': 'maternal_education_No education'}, 'literacy': {'reference': 'Cannot read at all', 'reference_column': 'literacy_Cannot read at all'}, 'wealth_quintile': {'reference': 'Poorest', 'reference_column': 'wealth_quintile_Poorest'}, 'residence': {'reference': 'Rural', 'reference_column': 'residence_Rural'}, 'country_admin_region': {'reference': 'ethiopia::01', 'reference_column': 'country_admin_region_ethiopia::01'}}",3458,0.09349736379613356,0,114,True
severe_outcomes_secondary,model4_preferred_lpm,severe_stunted,pooled,country_admin_region_kenya::02,-0.10811567281911263,0.02419243321721839,-0.15553197062325114,-0.060699375014974126,7.85908567491787e-06,36985,4434,114,model_specific_equal_total_country_weight,cluster_robust_country_psu,True,"{'child_sex': {'reference': 'Male', 'reference_column': 'child_sex_Male'}, 'maternal_education': {'reference': 'No education', 'reference_column': 'maternal_education_No education'}, 'literacy': {'reference': 'Cannot read at all', 'reference_column': 'literacy_Cannot read at all'}, 'wealth_quintile': {'reference': 'Poorest', 'reference_column': 'wealth_quintile_Poorest'}, 'residence': {'reference': 'Rural', 'reference_column': 'residence_Rural'}, 'country_admin_region': {'reference': 'ethiopia::01', 'reference_column': 'country_admin_region_ethiopia::01'}}",3458,0.09349736379613356,0,114,True
severe_outcomes_secondary,model4_preferred_lpm,severe_stunted,pooled,country_admin_region_kenya::03,-0.02899521984119331,0.027749655917104446,-0.08338354602209683,0.025393106339710207,0.29607577981291644,36985,4434,114,model_specific_equal_total_country_weight,cluster_robust_country_psu,True,"{'child_sex': {'reference': 'Male', 'reference_column': 'child_sex_Male'}, 'maternal_education': {'reference': 'No education', 'reference_column': 'maternal_education_No education'}, 'literacy': {'reference': 'Cannot read at all', 'reference_column': 'literacy_Cannot read at all'}, 'wealth_quintile': {'reference': 'Poorest', 'reference_column': 'wealth_quintile_Poorest'}, 'residence': {'reference': 'Rural', 'reference_column': 'residence_Rural'}, 'country_admin_region': {'reference': 'ethiopia::01', 'reference_column': 'country_admin_region_ethiopia::01'}}",3458,0.09349736379613356,0,114,True
severe_outcomes_secondary,model4_preferred_lpm,severe_stunted,pooled,country_admin_region_kenya::04,-0.13169031039131526,0.021144596003292295,-0.17313295702541773,-0.0902476637572128,4.72175281173336e-10,36985,4434,114,model_specific_equal_total_country_weight,cluster_robust_country_psu,True,"{'child_sex': {'reference': 'Male', 'reference_column': 'child_sex_Male'}, 'maternal_education': {'reference': 'No education', 'reference_column': 'maternal_education_No education'}, 'literacy': {'reference': 'Cannot read at all', 'reference_column': 'literacy_Cannot read at all'}, 'wealth_quintile': {'reference': 'Poorest', 'reference_column': 'wealth_quintile_Poorest'}, 'residence': {'reference': 'Rural', 'reference_column': 'residence_Rural'}, 'country_admin_region': {'reference': 'ethiopia::01', 'reference_column': 'country_admin_region_ethiopia::01'}}",3458,0.09349736379613356,0,114,True
severe_outcomes_secondary,model4_preferred_lpm,severe_stunted,pooled,country_admin_region_kenya::05,-0.11654082314051825,0.02035921313483922,-0.15644414763837794,-0.07663749864265856,1.0390377111500266e-08,36985,4434,114,model_specific_equal_total_country_weight,cluster_robust_country_psu,True,"{'child_sex': {'reference': 'Male', 'reference_column': 'child_sex_Male'}, 'maternal_education': {'reference': 'No education', 'reference_column': 'maternal_education_No education'}, 'literacy': {'reference': 'Cannot read at all', 'reference_column': 'literacy_Cannot read at all'}, 'wealth_quintile': {'reference': 'Poorest', 'reference_column': 'wealth_quintile_Poorest'}, 'residence': {'reference': 'Rural', 'reference_column': 'residence_Rural'}, 'country_admin_region': {'reference': 'ethiopia::01', 'reference_column': 'country_admin_region_ethiopia::01'}}",3458,0.09349736379613356,0,114,True
severe_outcomes_secondary,model4_preferred_lpm,severe_stunted,pooled,country_admin_region_kenya::06,-0.08766837213061687,0.02387022216377361,-0.1344531478745829,-0.04088359638665084,0.0002399930259852747,36985,4434,114,model_specific_equal_total_country_weight,cluster_robust_country_psu,True,"{'child_sex': {'reference': 'Male', 'reference_column': 'child_sex_Male'}, 'maternal_education': {'reference': 'No education', 'reference_column': 'maternal_education_No education'}, 'literacy': {'reference': 'Cannot read at all', 'reference_column': 'literacy_Cannot read at all'}, 'wealth_quintile': {'reference': 'Poorest', 'reference_column': 'wealth_quintile_Poorest'}, 'residence': {'reference': 'Rural', 'reference_column': 'residence_Rural'}, 'country_admin_region': {'reference': 'ethiopia::01', 'reference_column': 'country_admin_region_ethiopia::01'}}",3458,0.09349736379613356,0,114,True
severe_outcomes_secondary,model4_preferred_lpm,severe_stunted,pooled,country_admin_region_kenya::07,-0.16829110965203622,0.019511517903059734,-0.20653298202574177,-0.13004923727833068,6.3970272355570925e-18,36985,4434,114,model_specific_equal_total_country_weight,cluster_robust_country_psu,True,"{'child_sex': {'reference': 'Male', 'reference_column': 'child_sex_Male'}, 'maternal_education': {'reference': 'No education', 'reference_column': 'maternal_education_No education'}, 'literacy': {'reference': 'Cannot read at all', 'reference_column': 'literacy_Cannot read at all'}, 'wealth_quintile': {'reference': 'Poorest', 'reference_column': 'wealth_quintile_Poorest'}, 'residence': {'reference': 'Rural', 'reference_column': 'residence_Rural'}, 'country_admin_region': {'reference': 'ethiopia::01', 'reference_column': 'country_admin_region_ethiopia::01'}}",3458,0.09349736379613356,0,114,True
severe_outcomes_secondary,model4_preferred_lpm,severe_stunted,pooled,country_admin_region_kenya::08,-0.1560754155530913,0.019202879139653156,-0.19371236706628697,-0.11843846403989561,4.3747954523117553e-16,36985,4434,114,model_specific_equal_total_country_weight,cluster_robust_country_psu,True,"{'child_sex': {'reference': 'Male', 'reference_column': 'child_sex_Male'}, 'maternal_education': {'reference': 'No education', 'reference_column': 'maternal_education_No education'}, 'literacy': {'reference': 'Cannot read at all', 'reference_column': 'literacy_Cannot read at all'}, 'wealth_quintile': {'reference': 'Poorest', 'reference_column': 'wealth_quintile_Poorest'}, 'residence': {'reference': 'Rural', 'reference_column': 'residence_Rural'}, 'country_admin_region': {'reference': 'ethiopia::01', 'reference_column': 'country_admin_region_ethiopia::01'}}",3458,0.09349736379613356,0,114,True
severe_outcomes_secondary,model4_preferred_lpm,severe_stunted,pooled,country_admin_region_kenya::09,-0.14576972025787768,0.02208111147204747,-0.18904790348170494,-0.10249153703405042,4.068612446846886e-11,36985,4434,114,model_specific_equal_total_country_weight,cluster_robust_country_psu,True,"{'child_sex': {'reference': 'Male', 'reference_column': 'child_sex_Male'}, 'maternal_education': {'reference': 'No education', 'reference_column': 'maternal_education_No education'}, 'literacy': {'reference': 'Cannot read at all', 'reference_column': 'literacy_Cannot read at all'}, 'wealth_quintile': {'reference': 'Poorest', 'reference_column': 'wealth_quintile_Poorest'}, 'residence': {'reference': 'Rural', 'reference_column': 'residence_Rural'}, 'country_admin_region': {'reference': 'ethiopia::01', 'reference_column': 'country_admin_region_ethiopia::01'}}",3458,0.09349736379613356,0,114,True
severe_outcomes_secondary,model4_preferred_lpm,severe_stunted,pooled,country_admin_region_kenya::10,-0.12866601664829735,0.022534074577700566,-0.1728319912455301,-0.08450004205106462,1.1308077420714228e-08,36985,4434,114,model_specific_equal_total_country_weight,cluster_robust_country_psu,True,"{'child_sex': {'reference': 'Male', 'reference_column': 'child_sex_Male'}, 'maternal_education': {'reference': 'No education', 'reference_column': 'maternal_education_No education'}, 'literacy': {'reference': 'Cannot read at all', 'reference_column': 'literacy_Cannot read at all'}, 'wealth_quintile': {'reference': 'Poorest', 'reference_column': 'wealth_quintile_Poorest'}, 'residence': {'reference': 'Rural', 'reference_column': 'residence_Rural'}, 'country_admin_region': {'reference': 'ethiopia::01', 'reference_column': 'country_admin_region_ethiopia::01'}}",3458,0.09349736379613356,0,114,True
severe_outcomes_secondary,model4_preferred_lpm,severe_stunted,pooled,country_admin_region_kenya::11,-0.11649894649160955,0.020791505214577063,-0.15724954789655732,-0.07574834508666178,2.104310845073674e-08,36985,4434,114,model_specific_equal_total_country_weight,cluster_robust_country_psu,True,"{'child_sex': {'reference': 'Male', 'reference_column': 'child_sex_Male'}, 'maternal_education': {'reference': 'No education', 'reference_column': 'maternal_education_No education'}, 'literacy': {'reference': 'Cannot read at all', 'reference_column': 'literacy_Cannot read at all'}, 'wealth_quintile': {'reference': 'Poorest', 'reference_column': 'wealth_quintile_Poorest'}, 'residence': {'reference': 'Rural', 'reference_column': 'residence_Rural'}, 'country_admin_region': {'reference': 'ethiopia::01', 'reference_column': 'country_admin_region_ethiopia::01'}}",3458,0.09349736379613356,0,114,True
severe_outcomes_secondary,model4_preferred_lpm,severe_stunted,pooled,country_admin_region_kenya::12,-0.08869961394953174,0.023641292422562084,-0.13503569564573312,-0.04236353225333037,0.0001755039444600706,36985,4434,114,model_specific_equal_total_country_weight,cluster_robust_country_psu,True,"{'child_sex': {'reference': 'Male', 'reference_column': 'child_sex_Male'}, 'maternal_education': {'reference': 'No education', 'reference_column': 'maternal_education_No education'}, 'literacy': {'reference': 'Cannot read at all', 'reference_column': 'literacy_Cannot read at all'}, 'wealth_quintile': {'reference': 'Poorest', 'reference_column': 'wealth_quintile_Poorest'}, 'residence': {'reference': 'Rural', 'reference_column': 'residence_Rural'}, 'country_admin_region': {'reference': 'ethiopia::01', 'reference_column': 'country_admin_region_ethiopia::01'}}",3458,0.09349736379613356,0,114,True
severe_outcomes_secondary,model4_preferred_lpm,severe_stunted,pooled,country_admin_region_kenya::13,-0.10372945845981216,0.02366578449667905,-0.15011354373918948,-0.057345373180434846,1.1700331679107908e-05,36985,4434,114,model_specific_equal_total_country_weight,cluster_robust_country_psu,True,"{'child_sex': {'reference': 'Male', 'reference_column': 'child_sex_Male'}, 'maternal_education': {'reference': 'No education', 'reference_column': 'maternal_education_No education'}, 'literacy': {'reference': 'Cannot read at all', 'reference_column': 'literacy_Cannot read at all'}, 'wealth_quintile': {'reference': 'Poorest', 'reference_column': 'wealth_quintile_Poorest'}, 'residence': {'reference': 'Rural', 'reference_column': 'residence_Rural'}, 'country_admin_region': {'reference': 'ethiopia::01', 'reference_column': 'country_admin_region_ethiopia::01'}}",3458,0.09349736379613356,0,114,True
severe_outcomes_secondary,model4_preferred_lpm,severe_stunted,pooled,country_admin_region_kenya::14,-0.06238804794101465,0.02274833676649462,-0.10697396871153245,-0.017802127170496847,0.0060967456841917594,36985,4434,114,model_specific_equal_total_country_weight,cluster_robust_country_psu,True,"{'child_sex': {'reference': 'Male', 'reference_column': 'child_sex_Male'}, 'maternal_education': {'reference': 'No education', 'reference_column': 'maternal_education_No education'}, 'literacy': {'reference': 'Cannot read at all', 'reference_column': 'literacy_Cannot read at all'}, 'wealth_quintile': {'reference': 'Poorest', 'reference_column': 'wealth_quintile_Poorest'}, 'residence': {'reference': 'Rural', 'reference_column': 'residence_Rural'}, 'country_admin_region': {'reference': 'ethiopia::01', 'reference_column': 'country_admin_region_ethiopia::01'}}",3458,0.09349736379613356,0,114,True
severe_outcomes_secondary,model4_preferred_lpm,severe_stunted,pooled,country_admin_region_kenya::15,-0.09181600252854555,0.023005444866944922,-0.13690584591607946,-0.04672615914101164,6.577994013262401e-05,36985,4434,114,model_specific_equal_total_country_weight,cluster_robust_country_psu,True,"{'child_sex': {'reference': 'Male', 'reference_column': 'child_sex_Male'}, 'maternal_education': {'reference': 'No education', 'reference_column': 'maternal_education_No education'}, 'literacy': {'reference': 'Cannot read at all', 'reference_column': 'literacy_Cannot read at all'}, 'wealth_quintile': {'reference': 'Poorest', 'reference_column': 'wealth_quintile_Poorest'}, 'residence': {'reference': 'Rural', 'reference_column': 'residence_Rural'}, 'country_admin_region': {'reference': 'ethiopia::01', 'reference_column': 'country_admin_region_ethiopia::01'}}",3458,0.09349736379613356,0,114,True
severe_outcomes_secondary,model4_preferred_lpm,severe_stunted,pooled,country_admin_region_kenya::16,-0.08474260819986401,0.020919297973939415,-0.125743678810647,-0.04374153758908104,5.10145054219996e-05,36985,4434,114,model_specific_equal_total_country_weight,cluster_robust_country_psu,True,"{'child_sex': {'reference': 'Male', 'reference_column': 'child_sex_Male'}, 'maternal_education': {'reference': 'No education', 'reference_column': 'maternal_education_No education'}, 'literacy': {'reference': 'Cannot read at all', 'reference_column': 'literacy_Cannot read at all'}, 'wealth_quintile': {'reference': 'Poorest', 'reference_column': 'wealth_quintile_Poorest'}, 'residence': {'reference': 'Rural', 'reference_column': 'residence_Rural'}, 'country_admin_region': {'reference': 'ethiopia::01', 'reference_column': 'country_admin_region_ethiopia::01'}}",3458,0.09349736379613356,0,114,True
severe_outcomes_secondary,model4_preferred_lpm,severe_stunted,pooled,country_admin_region_kenya::17,-0.09063068162693812,0.022943817008821078,-0.13559973663210495,-0.04566162662177129,7.811413776119163e-05,36985,4434,114,model_specific_equal_total_country_weight,cluster_robust_country_psu,True,"{'child_sex': {'reference': 'Male', 'reference_column': 'child_sex_Male'}, 'maternal_education': {'reference': 'No education', 'reference_column': 'maternal_education_No education'}, 'literacy': {'reference': 'Cannot read at all', 'reference_column': 'literacy_Cannot read at all'}, 'wealth_quintile': {'reference': 'Poorest', 'reference_column': 'wealth_quintile_Poorest'}, 'residence': {'reference': 'Rural', 'reference_column': 'residence_Rural'}, 'country_admin_region': {'reference': 'ethiopia::01', 'reference_column': 'country_admin_region_ethiopia::01'}}",3458,0.09349736379613356,0,114,True
severe_outcomes_secondary,model4_preferred_lpm,severe_stunted,pooled,country_admin_region_kenya::18,-0.07783137589416925,0.021155216055877495,-0.11929483744885264,-0.036367914339485864,0.00023409229989428197,36985,4434,114,model_specific_equal_total_country_weight,cluster_robust_country_psu,True,"{'child_sex': {'reference': 'Male', 'reference_column': 'child_sex_Male'}, 'maternal_education': {'reference': 'No education', 'reference_column': 'maternal_education_No education'}, 'literacy': {'reference': 'Cannot read at all', 'reference_column': 'literacy_Cannot read at all'}, 'wealth_quintile': {'reference': 'Poorest', 'reference_column': 'wealth_quintile_Poorest'}, 'residence': {'reference': 'Rural', 'reference_column': 'residence_Rural'}, 'country_admin_region': {'reference': 'ethiopia::01', 'reference_column': 'country_admin_region_ethiopia::01'}}",3458,0.09349736379613356,0,114,True
severe_outcomes_secondary,model4_preferred_lpm,severe_stunted,pooled,country_admin_region_kenya::19,-0.08194440515086904,0.0216388606927553,-0.12435579277514887,-0.039533017526589206,0.00015253267938390074,36985,4434,114,model_specific_equal_total_country_weight,cluster_robust_country_psu,True,"{'child_sex': {'reference': 'Male', 'reference_column': 'child_sex_Male'}, 'maternal_education': {'reference': 'No education', 'reference_column': 'maternal_education_No education'}, 'literacy': {'reference': 'Cannot read at all', 'reference_column': 'literacy_Cannot read at all'}, 'wealth_quintile': {'reference': 'Poorest', 'reference_column': 'wealth_quintile_Poorest'}, 'residence': {'reference': 'Rural', 'reference_column': 'residence_Rural'}, 'country_admin_region': {'reference': 'ethiopia::01', 'reference_column': 'country_admin_region_ethiopia::01'}}",3458,0.09349736379613356,0,114,True
severe_outcomes_secondary,model4_preferred_lpm,severe_stunted,pooled,country_admin_region_kenya::20,-0.09413619780291348,0.02121632941066736,-0.1357194393319594,-0.05255295627386754,9.12343882611776e-06,36985,4434,114,model_specific_equal_total_country_weight,cluster_robust_country_psu,True,"{'child_sex': {'reference': 'Male', 'reference_column': 'child_sex_Male'}, 'maternal_education': {'reference': 'No education', 'reference_column': 'maternal_education_No education'}, 'literacy': {'reference': 'Cannot read at all', 'reference_column': 'literacy_Cannot read at all'}, 'wealth_quintile': {'reference': 'Poorest', 'reference_column': 'wealth_quintile_Poorest'}, 'residence': {'reference': 'Rural', 'reference_column': 'residence_Rural'}, 'country_admin_region': {'reference': 'ethiopia::01', 'reference_column': 'country_admin_region_ethiopia::01'}}",3458,0.09349736379613356,0,114,True
severe_outcomes_secondary,model4_preferred_lpm,severe_stunted,pooled,country_admin_region_kenya::21,-0.10788851834585618,0.01954130849302168,-0.14618877920296536,-0.069588257488747,3.369821130415243e-08,36985,4434,114,model_specific_equal_total_country_weight,cluster_robust_country_psu,True,"{'child_sex': {'reference': 'Male', 'reference_column': 'child_sex_Male'}, 'maternal_education': {'reference': 'No education', 'reference_column': 'maternal_education_No education'}, 'literacy': {'reference': 'Cannot read at all', 'reference_column': 'literacy_Cannot read at all'}, 'wealth_quintile': {'reference': 'Poorest', 'reference_column': 'wealth_quintile_Poorest'}, 'residence': {'reference': 'Rural', 'reference_column': 'residence_Rural'}, 'country_admin_region': {'reference': 'ethiopia::01', 'reference_column': 'country_admin_region_ethiopia::01'}}",3458,0.09349736379613356,0,114,True
severe_outcomes_secondary,model4_preferred_lpm,severe_stunted,pooled,country_admin_region_kenya::22,-0.05254582157262689,0.02330854130723236,-0.09822972306696647,-0.006861920078287315,0.02417358781891558,36985,4434,114,model_specific_equal_total_country_weight,cluster_robust_country_psu,True,"{'child_sex': {'reference': 'Male', 'reference_column': 'child_sex_Male'}, 'maternal_education': {'reference': 'No education', 'reference_column': 'maternal_education_No education'}, 'literacy': {'reference': 'Cannot read at all', 'reference_column': 'literacy_Cannot read at all'}, 'wealth_quintile': {'reference': 'Poorest', 'reference_column': 'wealth_quintile_Poorest'}, 'residence': {'reference': 'Rural', 'reference_column': 'residence_Rural'}, 'country_admin_region': {'reference': 'ethiopia::01', 'reference_column': 'country_admin_region_ethiopia::01'}}",3458,0.09349736379613356,0,114,True
severe_outcomes_secondary,model4_preferred_lpm,severe_stunted,pooled,country_admin_region_kenya::23,-0.11289148622588072,0.021711228568608968,-0.1554447122804714,-0.07033826017129002,1.9962967923489936e-07,36985,4434,114,model_specific_equal_total_country_weight,cluster_robust_country_psu,True,"{'child_sex': {'reference': 'Male', 'reference_column': 'child_sex_Male'}, 'maternal_education': {'reference': 'No education', 'reference_column': 'maternal_education_No education'}, 'literacy': {'reference': 'Cannot read at all', 'reference_column': 'literacy_Cannot read at all'}, 'wealth_quintile': {'reference': 'Poorest', 'reference_column': 'wealth_quintile_Poorest'}, 'residence': {'reference': 'Rural', 'reference_column': 'residence_Rural'}, 'country_admin_region': {'reference': 'ethiopia::01', 'reference_column': 'country_admin_region_ethiopia::01'}}",3458,0.09349736379613356,0,114,True
severe_outcomes_secondary,model4_preferred_lpm,severe_stunted,pooled,country_admin_region_kenya::24,-0.07719989057112138,0.022063554468157314,-0.1204436626996475,-0.03395611844259526,0.00046704520375720303,36985,4434,114,model_specific_equal_total_country_weight,cluster_robust_country_psu,True,"{'child_sex': {'reference': 'Male', 'reference_column': 'child_sex_Male'}, 'maternal_education': {'reference': 'No education', 'reference_column': 'maternal_education_No education'}, 'literacy': {'reference': 'Cannot read at all', 'reference_column': 'literacy_Cannot read at all'}, 'wealth_quintile': {'reference': 'Poorest', 'reference_column': 'wealth_quintile_Poorest'}, 'residence': {'reference': 'Rural', 'reference_column': 'residence_Rural'}, 'country_admin_region': {'reference': 'ethiopia::01', 'reference_column': 'country_admin_region_ethiopia::01'}}",3458,0.09349736379613356,0,114,True
severe_outcomes_secondary,model4_preferred_lpm,severe_stunted,pooled,country_admin_region_kenya::25,-0.0986745707027048,0.022598651019507265,-0.14296711280012842,-0.054382028605281185,1.2631565677367081e-05,36985,4434,114,model_specific_equal_total_country_weight,cluster_robust_country_psu,True,"{'child_sex': {'reference': 'Male', 'reference_column': 'child_sex_Male'}, 'maternal_education': {'reference': 'No education', 'reference_column': 'maternal_education_No education'}, 'literacy': {'reference': 'Cannot read at all', 'reference_column': 'literacy_Cannot read at all'}, 'wealth_quintile': {'reference': 'Poorest', 'reference_column': 'wealth_quintile_Poorest'}, 'residence': {'reference': 'Rural', 'reference_column': 'residence_Rural'}, 'country_admin_region': {'reference': 'ethiopia::01', 'reference_column': 'country_admin_region_ethiopia::01'}}",3458,0.09349736379613356,0,114,True
severe_outcomes_secondary,model4_preferred_lpm,severe_stunted,pooled,country_admin_region_kenya::26,-0.08024375578923207,0.022724292310360474,-0.1247825502916991,-0.03570496128676504,0.0004136970824000162,36985,4434,114,model_specific_equal_total_country_weight,cluster_robust_country_psu,True,"{'child_sex': {'reference': 'Male', 'reference_column': 'child_sex_Male'}, 'maternal_education': {'reference': 'No education', 'reference_column': 'maternal_education_No education'}, 'literacy': {'reference': 'Cannot read at all', 'reference_column': 'literacy_Cannot read at all'}, 'wealth_quintile': {'reference': 'Poorest', 'reference_column': 'wealth_quintile_Poorest'}, 'residence': {'reference': 'Rural', 'reference_column': 'residence_Rural'}, 'country_admin_region': {'reference': 'ethiopia::01', 'reference_column': 'country_admin_region_ethiopia::01'}}",3458,0.09349736379613356,0,114,True
severe_outcomes_secondary,model4_preferred_lpm,severe_stunted,pooled,country_admin_region_kenya::27,-0.08566408951184537,0.019357906584558576,-0.12360488923367094,-0.047723289790019795,9.631882374218403e-06,36985,4434,114,model_specific_equal_total_country_weight,cluster_robust_country_psu,True,"{'child_sex': {'reference': 'Male', 'reference_column': 'child_sex_Male'}, 'maternal_education': {'reference': 'No education', 'reference_column': 'maternal_education_No education'}, 'literacy': {'reference': 'Cannot read at all', 'reference_column': 'literacy_Cannot read at all'}, 'wealth_quintile': {'reference': 'Poorest', 'reference_column': 'wealth_quintile_Poorest'}, 'residence': {'reference': 'Rural', 'reference_column': 'residence_Rural'}, 'country_admin_region': {'reference': 'ethiopia::01', 'reference_column': 'country_admin_region_ethiopia::01'}}",3458,0.09349736379613356,0,114,True
severe_outcomes_secondary,model4_preferred_lpm,severe_stunted,pooled,country_admin_region_kenya::28,-0.11443633740431522,0.020400013039576937,-0.1544196282460335,-0.07445304656259694,2.0277042221226448e-08,36985,4434,114,model_specific_equal_total_country_weight,cluster_robust_country_psu,True,"{'child_sex': {'reference': 'Male', 'reference_column': 'child_sex_Male'}, 'maternal_education': {'reference': 'No education', 'reference_column': 'maternal_education_No education'}, 'literacy': {'reference': 'Cannot read at all', 'reference_column': 'literacy_Cannot read at all'}, 'wealth_quintile': {'reference': 'Poorest', 'reference_column': 'wealth_quintile_Poorest'}, 'residence': {'reference': 'Rural', 'reference_column': 'residence_Rural'}, 'country_admin_region': {'reference': 'ethiopia::01', 'reference_column': 'country_admin_region_ethiopia::01'}}",3458,0.09349736379613356,0,114,True
severe_outcomes_secondary,model4_preferred_lpm,severe_stunted,pooled,country_admin_region_kenya::29,-0.12299946941712334,0.019552227617684517,-0.16132113136531437,-0.0846778074689323,3.158011611245097e-10,36985,4434,114,model_specific_equal_total_country_weight,cluster_robust_country_psu,True,"{'child_sex': {'reference': 'Male', 'reference_column': 'child_sex_Male'}, 'maternal_education': {'reference': 'No education', 'reference_column': 'maternal_education_No education'}, 'literacy': {'reference': 'Cannot read at all', 'reference_column': 'literacy_Cannot read at all'}, 'wealth_quintile': {'reference': 'Poorest', 'reference_column': 'wealth_quintile_Poorest'}, 'residence': {'reference': 'Rural', 'reference_column': 'residence_Rural'}, 'country_admin_region': {'reference': 'ethiopia::01', 'reference_column': 'country_admin_region_ethiopia::01'}}",3458,0.09349736379613356,0,114,True
severe_outcomes_secondary,model4_preferred_lpm,severe_stunted,pooled,country_admin_region_kenya::30,-0.11765450775613842,0.020473192964368298,-0.15778122861483912,-0.07752778689743772,9.097019554052914e-09,36985,4434,114,model_specific_equal_total_country_weight,cluster_robust_country_psu,True,"{'child_sex': {'reference': 'Male', 'reference_column': 'child_sex_Male'}, 'maternal_education': {'reference': 'No education', 'reference_column': 'maternal_education_No education'}, 'literacy': {'reference': 'Cannot read at all', 'reference_column': 'literacy_Cannot read at all'}, 'wealth_quintile': {'reference': 'Poorest', 'reference_column': 'wealth_quintile_Poorest'}, 'residence': {'reference': 'Rural', 'reference_column': 'residence_Rural'}, 'country_admin_region': {'reference': 'ethiopia::01', 'reference_column': 'country_admin_region_ethiopia::01'}}",3458,0.09349736379613356,0,114,True
severe_outcomes_secondary,model4_preferred_lpm,severe_stunted,pooled,country_admin_region_kenya::31,-0.09836920628706575,0.02048476015346457,-0.1385185984197975,-0.058219814154334,1.5703553200775945e-06,36985,4434,114,model_specific_equal_total_country_weight,cluster_robust_country_psu,True,"{'child_sex': {'reference': 'Male', 'reference_column': 'child_sex_Male'}, 'maternal_education': {'reference': 'No education', 'reference_column': 'maternal_education_No education'}, 'literacy': {'reference': 'Cannot read at all', 'reference_column': 'literacy_Cannot read at all'}, 'wealth_quintile': {'reference': 'Poorest', 'reference_column': 'wealth_quintile_Poorest'}, 'residence': {'reference': 'Rural', 'reference_column': 'residence_Rural'}, 'country_admin_region': {'reference': 'ethiopia::01', 'reference_column': 'country_admin_region_ethiopia::01'}}",3458,0.09349736379613356,0,114,True
severe_outcomes_secondary,model4_preferred_lpm,severe_stunted,pooled,country_admin_region_kenya::32,-0.059034702538537785,0.02199498326124973,-0.1021440775711486,-0.01592532750592697,0.007274544957861848,36985,4434,114,model_specific_equal_total_country_weight,cluster_robust_country_psu,True,"{'child_sex': {'reference': 'Male', 'reference_column': 'child_sex_Male'}, 'maternal_education': {'reference': 'No education', 'reference_column': 'maternal_education_No education'}, 'literacy': {'reference': 'Cannot read at all', 'reference_column': 'literacy_Cannot read at all'}, 'wealth_quintile': {'reference': 'Poorest', 'reference_column': 'wealth_quintile_Poorest'}, 'residence': {'reference': 'Rural', 'reference_column': 'residence_Rural'}, 'country_admin_region': {'reference': 'ethiopia::01', 'reference_column': 'country_admin_region_ethiopia::01'}}",3458,0.09349736379613356,0,114,True
severe_outcomes_secondary,model4_preferred_lpm,severe_stunted,pooled,country_admin_region_kenya::33,-0.12777685368168215,0.019407377254821234,-0.1658146141355136,-0.0897390932278507,4.581664906410364e-11,36985,4434,114,model_specific_equal_total_country_weight,cluster_robust_country_psu,True,"{'child_sex': {'reference': 'Male', 'reference_column': 'child_sex_Male'}, 'maternal_education': {'reference': 'No education', 'reference_column': 'maternal_education_No education'}, 'literacy': {'reference': 'Cannot read at all', 'reference_column': 'literacy_Cannot read at all'}, 'wealth_quintile': {'reference': 'Poorest', 'reference_column': 'wealth_quintile_Poorest'}, 'residence': {'reference': 'Rural', 'reference_column': 'residence_Rural'}, 'country_admin_region': {'reference': 'ethiopia::01', 'reference_column': 'country_admin_region_ethiopia::01'}}",3458,0.09349736379613356,0,114,True
severe_outcomes_secondary,model4_preferred_lpm,severe_stunted,pooled,country_admin_region_kenya::34,-0.07441453710670626,0.022427910143712527,-0.11837243323688336,-0.030456640976529156,0.000906828484568587,36985,4434,114,model_specific_equal_total_country_weight,cluster_robust_country_psu,True,"{'child_sex': {'reference': 'Male', 'reference_column': 'child_sex_Male'}, 'maternal_education': {'reference': 'No education', 'reference_column': 'maternal_education_No education'}, 'literacy': {'reference': 'Cannot read at all', 'reference_column': 'literacy_Cannot read at all'}, 'wealth_quintile': {'reference': 'Poorest', 'reference_column': 'wealth_quintile_Poorest'}, 'residence': {'reference': 'Rural', 'reference_column': 'residence_Rural'}, 'country_admin_region': {'reference': 'ethiopia::01', 'reference_column': 'country_admin_region_ethiopia::01'}}",3458,0.09349736379613356,0,114,True
severe_outcomes_secondary,model4_preferred_lpm,severe_stunted,pooled,country_admin_region_kenya::35,-0.09876202885959169,0.02113411836663623,-0.14018413970320517,-0.05733991801597821,2.966748896333514e-06,36985,4434,114,model_specific_equal_total_country_weight,cluster_robust_country_psu,True,"{'child_sex': {'reference': 'Male', 'reference_column': 'child_sex_Male'}, 'maternal_education': {'reference': 'No education', 'reference_column': 'maternal_education_No education'}, 'literacy': {'reference': 'Cannot read at all', 'reference_column': 'literacy_Cannot read at all'}, 'wealth_quintile': {'reference': 'Poorest', 'reference_column': 'wealth_quintile_Poorest'}, 'residence': {'reference': 'Rural', 'reference_column': 'residence_Rural'}, 'country_admin_region': {'reference': 'ethiopia::01', 'reference_column': 'country_admin_region_ethiopia::01'}}",3458,0.09349736379613356,0,114,True
severe_outcomes_secondary,model4_preferred_lpm,severe_stunted,pooled,country_admin_region_kenya::36,-0.10102686443975234,0.023487802785539517,-0.14706211197538935,-0.054991616904115324,1.698388576641209e-05,36985,4434,114,model_specific_equal_total_country_weight,cluster_robust_country_psu,True,"{'child_sex': {'reference': 'Male', 'reference_column': 'child_sex_Male'}, 'maternal_education': {'reference': 'No education', 'reference_column': 'maternal_education_No education'}, 'literacy': {'reference': 'Cannot read at all', 'reference_column': 'literacy_Cannot read at all'}, 'wealth_quintile': {'reference': 'Poorest', 'reference_column': 'wealth_quintile_Poorest'}, 'residence': {'reference': 'Rural', 'reference_column': 'residence_Rural'}, 'country_admin_region': {'reference': 'ethiopia::01', 'reference_column': 'country_admin_region_ethiopia::01'}}",3458,0.09349736379613356,0,114,True
severe_outcomes_secondary,model4_preferred_lpm,severe_stunted,pooled,country_admin_region_kenya::37,-0.11272826845627931,0.018877587907928393,-0.1497276608708078,-0.07572887604175083,2.350246368313369e-09,36985,4434,114,model_specific_equal_total_country_weight,cluster_robust_country_psu,True,"{'child_sex': {'reference': 'Male', 'reference_column': 'child_sex_Male'}, 'maternal_education': {'reference': 'No education', 'reference_column': 'maternal_education_No education'}, 'literacy': {'reference': 'Cannot read at all', 'reference_column': 'literacy_Cannot read at all'}, 'wealth_quintile': {'reference': 'Poorest', 'reference_column': 'wealth_quintile_Poorest'}, 'residence': {'reference': 'Rural', 'reference_column': 'residence_Rural'}, 'country_admin_region': {'reference': 'ethiopia::01', 'reference_column': 'country_admin_region_ethiopia::01'}}",3458,0.09349736379613356,0,114,True
severe_outcomes_secondary,model4_preferred_lpm,severe_stunted,pooled,country_admin_region_kenya::38,-0.09797323685364433,0.0221879390783282,-0.14146079833833644,-0.05448567536895222,1.007265673052312e-05,36985,4434,114,model_specific_equal_total_country_weight,cluster_robust_country_psu,True,"{'child_sex': {'reference': 'Male', 'reference_column': 'child_sex_Male'}, 'maternal_education': {'reference': 'No education', 'reference_column': 'maternal_education_No education'}, 'literacy': {'reference': 'Cannot read at all', 'reference_column': 'literacy_Cannot read at all'}, 'wealth_quintile': {'reference': 'Poorest', 'reference_column': 'wealth_quintile_Poorest'}, 'residence': {'reference': 'Rural', 'reference_column': 'residence_Rural'}, 'country_admin_region': {'reference': 'ethiopia::01', 'reference_column': 'country_admin_region_ethiopia::01'}}",3458,0.09349736379613356,0,114,True
severe_outcomes_secondary,model4_preferred_lpm,severe_stunted,pooled,country_admin_region_kenya::39,-0.0971970069227272,0.019714768730826573,-0.1358372435986837,-0.05855677024677069,8.216138505613727e-07,36985,4434,114,model_specific_equal_total_country_weight,cluster_robust_country_psu,True,"{'child_sex': {'reference': 'Male', 'reference_column': 'child_sex_Male'}, 'maternal_education': {'reference': 'No education', 'reference_column': 'maternal_education_No education'}, 'literacy': {'reference': 'Cannot read at all', 'reference_column': 'literacy_Cannot read at all'}, 'wealth_quintile': {'reference': 'Poorest', 'reference_column': 'wealth_quintile_Poorest'}, 'residence': {'reference': 'Rural', 'reference_column': 'residence_Rural'}, 'country_admin_region': {'reference': 'ethiopia::01', 'reference_column': 'country_admin_region_ethiopia::01'}}",3458,0.09349736379613356,0,114,True
severe_outcomes_secondary,model4_preferred_lpm,severe_stunted,pooled,country_admin_region_kenya::40,-0.12344322891480693,0.01984664475099984,-0.16234193784072753,-0.08454451998888633,4.97618311663584e-10,36985,4434,114,model_specific_equal_total_country_weight,cluster_robust_country_psu,True,"{'child_sex': {'reference': 'Male', 'reference_column': 'child_sex_Male'}, 'maternal_education': {'reference': 'No education', 'reference_column': 'maternal_education_No education'}, 'literacy': {'reference': 'Cannot read at all', 'reference_column': 'literacy_Cannot read at all'}, 'wealth_quintile': {'reference': 'Poorest', 'reference_column': 'wealth_quintile_Poorest'}, 'residence': {'reference': 'Rural', 'reference_column': 'residence_Rural'}, 'country_admin_region': {'reference': 'ethiopia::01', 'reference_column': 'country_admin_region_ethiopia::01'}}",3458,0.09349736379613356,0,114,True
severe_outcomes_secondary,model4_preferred_lpm,severe_stunted,pooled,country_admin_region_kenya::41,-0.0950179601182988,0.02244339876002892,-0.1390062133786264,-0.05102970685797121,2.29907506397918e-05,36985,4434,114,model_specific_equal_total_country_weight,cluster_robust_country_psu,True,"{'child_sex': {'reference': 'Male', 'reference_column': 'child_sex_Male'}, 'maternal_education': {'reference': 'No education', 'reference_column': 'maternal_education_No education'}, 'literacy': {'reference': 'Cannot read at all', 'reference_column': 'literacy_Cannot read at all'}, 'wealth_quintile': {'reference': 'Poorest', 'reference_column': 'wealth_quintile_Poorest'}, 'residence': {'reference': 'Rural', 'reference_column': 'residence_Rural'}, 'country_admin_region': {'reference': 'ethiopia::01', 'reference_column': 'country_admin_region_ethiopia::01'}}",3458,0.09349736379613356,0,114,True
severe_outcomes_secondary,model4_preferred_lpm,severe_stunted,pooled,country_admin_region_kenya::42,-0.11842059795371866,0.019300446443453304,-0.15624877786843133,-0.080592418039006,8.481684654541071e-10,36985,4434,114,model_specific_equal_total_country_weight,cluster_robust_country_psu,True,"{'child_sex': {'reference': 'Male', 'reference_column': 'child_sex_Male'}, 'maternal_education': {'reference': 'No education', 'reference_column': 'maternal_education_No education'}, 'literacy': {'reference': 'Cannot read at all', 'reference_column': 'literacy_Cannot read at all'}, 'wealth_quintile': {'reference': 'Poorest', 'reference_column': 'wealth_quintile_Poorest'}, 'residence': {'reference': 'Rural', 'reference_column': 'residence_Rural'}, 'country_admin_region': {'reference': 'ethiopia::01', 'reference_column': 'country_admin_region_ethiopia::01'}}",3458,0.09349736379613356,0,114,True
severe_outcomes_secondary,model4_preferred_lpm,severe_stunted,pooled,country_admin_region_kenya::43,-0.12676653550202824,0.019476700959951954,-0.16494016792119076,-0.08859290308286571,7.58419747066155e-11,36985,4434,114,model_specific_equal_total_country_weight,cluster_robust_country_psu,True,"{'child_sex': {'reference': 'Male', 'reference_column': 'child_sex_Male'}, 'maternal_education': {'reference': 'No education', 'reference_column': 'maternal_education_No education'}, 'literacy': {'reference': 'Cannot read at all', 'reference_column': 'literacy_Cannot read at all'}, 'wealth_quintile': {'reference': 'Poorest', 'reference_column': 'wealth_quintile_Poorest'}, 'residence': {'reference': 'Rural', 'reference_column': 'residence_Rural'}, 'country_admin_region': {'reference': 'ethiopia::01', 'reference_column': 'country_admin_region_ethiopia::01'}}",3458,0.09349736379613356,0,114,True
severe_outcomes_secondary,model4_preferred_lpm,severe_stunted,pooled,country_admin_region_kenya::44,-0.1376261472241576,0.018526092051412594,-0.17393662041920005,-0.10131567402911516,1.0960900226057993e-13,36985,4434,114,model_specific_equal_total_country_weight,cluster_robust_country_psu,True,"{'child_sex': {'reference': 'Male', 'reference_column': 'child_sex_Male'}, 'maternal_education': {'reference': 'No education', 'reference_column': 'maternal_education_No education'}, 'literacy': {'reference': 'Cannot read at all', 'reference_column': 'literacy_Cannot read at all'}, 'wealth_quintile': {'reference': 'Poorest', 'reference_column': 'wealth_quintile_Poorest'}, 'residence': {'reference': 'Rural', 'reference_column': 'residence_Rural'}, 'country_admin_region': {'reference': 'ethiopia::01', 'reference_column': 'country_admin_region_ethiopia::01'}}",3458,0.09349736379613356,0,114,True
severe_outcomes_secondary,model4_preferred_lpm,severe_stunted,pooled,country_admin_region_kenya::45,-0.08880450293147137,0.020037079419403768,-0.1280764569488715,-0.049532548914071245,9.335940936013968e-06,36985,4434,114,model_specific_equal_total_country_weight,cluster_robust_country_psu,True,"{'child_sex': {'reference': 'Male', 'reference_column': 'child_sex_Male'}, 'maternal_education': {'reference': 'No education', 'reference_column': 'maternal_education_No education'}, 'literacy': {'reference': 'Cannot read at all', 'reference_column': 'literacy_Cannot read at all'}, 'wealth_quintile': {'reference': 'Poorest', 'reference_column': 'wealth_quintile_Poorest'}, 'residence': {'reference': 'Rural', 'reference_column': 'residence_Rural'}, 'country_admin_region': {'reference': 'ethiopia::01', 'reference_column': 'country_admin_region_ethiopia::01'}}",3458,0.09349736379613356,0,114,True
severe_outcomes_secondary,model4_preferred_lpm,severe_stunted,pooled,country_admin_region_kenya::46,-0.10133954165113088,0.021038762609613897,-0.14257475864526203,-0.06010432465699972,1.4587773444273536e-06,36985,4434,114,model_specific_equal_total_country_weight,cluster_robust_country_psu,True,"{'child_sex': {'reference': 'Male', 'reference_column': 'child_sex_Male'}, 'maternal_education': {'reference': 'No education', 'reference_column': 'maternal_education_No education'}, 'literacy': {'reference': 'Cannot read at all', 'reference_column': 'literacy_Cannot read at all'}, 'wealth_quintile': {'reference': 'Poorest', 'reference_column': 'wealth_quintile_Poorest'}, 'residence': {'reference': 'Rural', 'reference_column': 'residence_Rural'}, 'country_admin_region': {'reference': 'ethiopia::01', 'reference_column': 'country_admin_region_ethiopia::01'}}",3458,0.09349736379613356,0,114,True
severe_outcomes_secondary,model4_preferred_lpm,severe_stunted,pooled,country_admin_region_kenya::47,-0.06745062398710776,0.019803790708645425,-0.10626534053342174,-0.02863590744079377,0.0006593543599943115,36985,4434,114,model_specific_equal_total_country_weight,cluster_robust_country_psu,True,"{'child_sex': {'reference': 'Male', 'reference_column': 'child_sex_Male'}, 'maternal_education': {'reference': 'No education', 'reference_column': 'maternal_education_No education'}, 'literacy': {'reference': 'Cannot read at all', 'reference_column': 'literacy_Cannot read at all'}, 'wealth_quintile': {'reference': 'Poorest', 'reference_column': 'wealth_quintile_Poorest'}, 'residence': {'reference': 'Rural', 'reference_column': 'residence_Rural'}, 'country_admin_region': {'reference': 'ethiopia::01', 'reference_column': 'country_admin_region_ethiopia::01'}}",3458,0.09349736379613356,0,114,True
severe_outcomes_secondary,model4_preferred_lpm,severe_stunted,pooled,country_admin_region_nigeria::01,-0.06077371136304331,0.022924569951926436,-0.10570504282988824,-0.015842379896198376,0.008024683056264926,36985,4434,114,model_specific_equal_total_country_weight,cluster_robust_country_psu,True,"{'child_sex': {'reference': 'Male', 'reference_column': 'child_sex_Male'}, 'maternal_education': {'reference': 'No education', 'reference_column': 'maternal_education_No education'}, 'literacy': {'reference': 'Cannot read at all', 'reference_column': 'literacy_Cannot read at all'}, 'wealth_quintile': {'reference': 'Poorest', 'reference_column': 'wealth_quintile_Poorest'}, 'residence': {'reference': 'Rural', 'reference_column': 'residence_Rural'}, 'country_admin_region': {'reference': 'ethiopia::01', 'reference_column': 'country_admin_region_ethiopia::01'}}",3458,0.09349736379613356,0,114,True
severe_outcomes_secondary,model4_preferred_lpm,severe_stunted,pooled,country_admin_region_nigeria::02,-0.04682878324109748,0.02703262440880306,-0.09981175348994985,0.0061541870077548855,0.08321905619407376,36985,4434,114,model_specific_equal_total_country_weight,cluster_robust_country_psu,True,"{'child_sex': {'reference': 'Male', 'reference_column': 'child_sex_Male'}, 'maternal_education': {'reference': 'No education', 'reference_column': 'maternal_education_No education'}, 'literacy': {'reference': 'Cannot read at all', 'reference_column': 'literacy_Cannot read at all'}, 'wealth_quintile': {'reference': 'Poorest', 'reference_column': 'wealth_quintile_Poorest'}, 'residence': {'reference': 'Rural', 'reference_column': 'residence_Rural'}, 'country_admin_region': {'reference': 'ethiopia::01', 'reference_column': 'country_admin_region_ethiopia::01'}}",3458,0.09349736379613356,0,114,True
severe_outcomes_secondary,model4_preferred_lpm,severe_stunted,pooled,country_admin_region_nigeria::03,0.001676794553363059,0.04611899175520824,-0.08871476829014478,0.0920683573968709,0.9709968988230354,36985,4434,114,model_specific_equal_total_country_weight,cluster_robust_country_psu,True,"{'child_sex': {'reference': 'Male', 'reference_column': 'child_sex_Male'}, 'maternal_education': {'reference': 'No education', 'reference_column': 'maternal_education_No education'}, 'literacy': {'reference': 'Cannot read at all', 'reference_column': 'literacy_Cannot read at all'}, 'wealth_quintile': {'reference': 'Poorest', 'reference_column': 'wealth_quintile_Poorest'}, 'residence': {'reference': 'Rural', 'reference_column': 'residence_Rural'}, 'country_admin_region': {'reference': 'ethiopia::01', 'reference_column': 'country_admin_region_ethiopia::01'}}",3458,0.09349736379613356,0,114,True
severe_outcomes_secondary,model4_preferred_lpm,severe_stunted,pooled,country_admin_region_nigeria::04,0.0367369438409148,0.033199269195276666,-0.028332428094877536,0.10180631577670712,0.268484723812374,36985,4434,114,model_specific_equal_total_country_weight,cluster_robust_country_psu,True,"{'child_sex': {'reference': 'Male', 'reference_column': 'child_sex_Male'}, 'maternal_education': {'reference': 'No education', 'reference_column': 'maternal_education_No education'}, 'literacy': {'reference': 'Cannot read at all', 'reference_column': 'literacy_Cannot read at all'}, 'wealth_quintile': {'reference': 'Poorest', 'reference_column': 'wealth_quintile_Poorest'}, 'residence': {'reference': 'Rural', 'reference_column': 'residence_Rural'}, 'country_admin_region': {'reference': 'ethiopia::01', 'reference_column': 'country_admin_region_ethiopia::01'}}",3458,0.09349736379613356,0,114,True
severe_outcomes_secondary,model4_preferred_lpm,severe_stunted,pooled,country_admin_region_nigeria::05,-0.02021441593962045,0.02496895440228908,-0.06915266729972988,0.028723835420488973,0.41818045918740565,36985,4434,114,model_specific_equal_total_country_weight,cluster_robust_country_psu,True,"{'child_sex': {'reference': 'Male', 'reference_column': 'child_sex_Male'}, 'maternal_education': {'reference': 'No education', 'reference_column': 'maternal_education_No education'}, 'literacy': {'reference': 'Cannot read at all', 'reference_column': 'literacy_Cannot read at all'}, 'wealth_quintile': {'reference': 'Poorest', 'reference_column': 'wealth_quintile_Poorest'}, 'residence': {'reference': 'Rural', 'reference_column': 'residence_Rural'}, 'country_admin_region': {'reference': 'ethiopia::01', 'reference_column': 'country_admin_region_ethiopia::01'}}",3458,0.09349736379613356,0,114,True
severe_outcomes_secondary,model4_preferred_lpm,severe_stunted,pooled,country_admin_region_nigeria::06,-0.0029925235494769062,0.03309072735460955,-0.067849157386746,0.06186411028779219,0.9279424182415958,36985,4434,114,model_specific_equal_total_country_weight,cluster_robust_country_psu,True,"{'child_sex': {'reference': 'Male', 'reference_column': 'child_sex_Male'}, 'maternal_education': {'reference': 'No education', 'reference_column': 'maternal_education_No education'}, 'literacy': {'reference': 'Cannot read at all', 'reference_column': 'literacy_Cannot read at all'}, 'wealth_quintile': {'reference': 'Poorest', 'reference_column': 'wealth_quintile_Poorest'}, 'residence': {'reference': 'Rural', 'reference_column': 'residence_Rural'}, 'country_admin_region': {'reference': 'ethiopia::01', 'reference_column': 'country_admin_region_ethiopia::01'}}",3458,0.09349736379613356,0,114,True
severe_outcomes_secondary,model4_preferred_lpm,severe_stunted,pooled,country_admin_region_nigeria::07,0.029100148300678346,0.03785629557563895,-0.04509682761567699,0.10329712421703369,0.44207120702483627,36985,4434,114,model_specific_equal_total_country_weight,cluster_robust_country_psu,True,"{'child_sex': {'reference': 'Male', 'reference_column': 'child_sex_Male'}, 'maternal_education': {'reference': 'No education', 'reference_column': 'maternal_education_No education'}, 'literacy': {'reference': 'Cannot read at all', 'reference_column': 'literacy_Cannot read at all'}, 'wealth_quintile': {'reference': 'Poorest', 'reference_column': 'wealth_quintile_Poorest'}, 'residence': {'reference': 'Rural', 'reference_column': 'residence_Rural'}, 'country_admin_region': {'reference': 'ethiopia::01', 'reference_column': 'country_admin_region_ethiopia::01'}}",3458,0.09349736379613356,0,114,True
severe_outcomes_secondary,model4_preferred_lpm,severe_stunted,pooled,country_admin_region_nigeria::08,0.08354580508786033,0.041184180787619123,0.002826294011340408,0.16426531616438025,0.042500098190378095,36985,4434,114,model_specific_equal_total_country_weight,cluster_robust_country_psu,True,"{'child_sex': {'reference': 'Male', 'reference_column': 'child_sex_Male'}, 'maternal_education': {'reference': 'No education', 'reference_column': 'maternal_education_No education'}, 'literacy': {'reference': 'Cannot read at all', 'reference_column': 'literacy_Cannot read at all'}, 'wealth_quintile': {'reference': 'Poorest', 'reference_column': 'wealth_quintile_Poorest'}, 'residence': {'reference': 'Rural', 'reference_column': 'residence_Rural'}, 'country_admin_region': {'reference': 'ethiopia::01', 'reference_column': 'country_admin_region_ethiopia::01'}}",3458,0.09349736379613356,0,114,True
severe_outcomes_secondary,model4_preferred_lpm,severe_stunted,pooled,country_admin_region_nigeria::09,0.1290431978291818,0.03598006894591346,0.058523558533923395,0.19956283712444023,0.00033512176669667866,36985,4434,114,model_specific_equal_total_country_weight,cluster_robust_country_psu,True,"{'child_sex': {'reference': 'Male', 'reference_column': 'child_sex_Male'}, 'maternal_education': {'reference': 'No education', 'reference_column': 'maternal_education_No education'}, 'literacy': {'reference': 'Cannot read at all', 'reference_column': 'literacy_Cannot read at all'}, 'wealth_quintile': {'reference': 'Poorest', 'reference_column': 'wealth_quintile_Poorest'}, 'residence': {'reference': 'Rural', 'reference_column': 'residence_Rural'}, 'country_admin_region': {'reference': 'ethiopia::01', 'reference_column': 'country_admin_region_ethiopia::01'}}",3458,0.09349736379613356,0,114,True
severe_outcomes_secondary,model4_preferred_lpm,severe_stunted,pooled,country_admin_region_nigeria::10,0.046853475323680976,0.032542613830061407,-0.016928875746034452,0.1106358263933964,0.14993599310831915,36985,4434,114,model_specific_equal_total_country_weight,cluster_robust_country_psu,True,"{'child_sex': {'reference': 'Male', 'reference_column': 'child_sex_Male'}, 'maternal_education': {'reference': 'No education', 'reference_column': 'maternal_education_No education'}, 'literacy': {'reference': 'Cannot read at all', 'reference_column': 'literacy_Cannot read at all'}, 'wealth_quintile': {'reference': 'Poorest', 'reference_column': 'wealth_quintile_Poorest'}, 'residence': {'reference': 'Rural', 'reference_column': 'residence_Rural'}, 'country_admin_region': {'reference': 'ethiopia::01', 'reference_column': 'country_admin_region_ethiopia::01'}}",3458,0.09349736379613356,0,114,True
severe_outcomes_secondary,model4_preferred_lpm,severe_stunted,pooled,country_admin_region_nigeria::11,0.07978941833880852,0.03424016769922761,0.012679922823710721,0.14689891385390633,0.019790986350697582,36985,4434,114,model_specific_equal_total_country_weight,cluster_robust_country_psu,True,"{'child_sex': {'reference': 'Male', 'reference_column': 'child_sex_Male'}, 'maternal_education': {'reference': 'No education', 'reference_column': 'maternal_education_No education'}, 'literacy': {'reference': 'Cannot read at all', 'reference_column': 'literacy_Cannot read at all'}, 'wealth_quintile': {'reference': 'Poorest', 'reference_column': 'wealth_quintile_Poorest'}, 'residence': {'reference': 'Rural', 'reference_column': 'residence_Rural'}, 'country_admin_region': {'reference': 'ethiopia::01', 'reference_column': 'country_admin_region_ethiopia::01'}}",3458,0.09349736379613356,0,114,True
severe_outcomes_secondary,model4_preferred_lpm,severe_stunted,pooled,country_admin_region_nigeria::12,0.023389629491464673,0.035939829101852755,-0.047051141158691245,0.09383040014162058,0.5151758029980911,36985,4434,114,model_specific_equal_total_country_weight,cluster_robust_country_psu,True,"{'child_sex': {'reference': 'Male', 'reference_column': 'child_sex_Male'}, 'maternal_education': {'reference': 'No education', 'reference_column': 'maternal_education_No education'}, 'literacy': {'reference': 'Cannot read at all', 'reference_column': 'literacy_Cannot read at all'}, 'wealth_quintile': {'reference': 'Poorest', 'reference_column': 'wealth_quintile_Poorest'}, 'residence': {'reference': 'Rural', 'reference_column': 'residence_Rural'}, 'country_admin_region': {'reference': 'ethiopia::01', 'reference_column': 'country_admin_region_ethiopia::01'}}",3458,0.09349736379613356,0,114,True
severe_outcomes_secondary,model4_preferred_lpm,severe_stunted,pooled,country_admin_region_nigeria::13,0.06384475192517158,0.040541254778801224,-0.015614647329341175,0.14330415117968434,0.11530043001729029,36985,4434,114,model_specific_equal_total_country_weight,cluster_robust_country_psu,True,"{'child_sex': {'reference': 'Male', 'reference_column': 'child_sex_Male'}, 'maternal_education': {'reference': 'No education', 'reference_column': 'maternal_education_No education'}, 'literacy': {'reference': 'Cannot read at all', 'reference_column': 'literacy_Cannot read at all'}, 'wealth_quintile': {'reference': 'Poorest', 'reference_column': 'wealth_quintile_Poorest'}, 'residence': {'reference': 'Rural', 'reference_column': 'residence_Rural'}, 'country_admin_region': {'reference': 'ethiopia::01', 'reference_column': 'country_admin_region_ethiopia::01'}}",3458,0.09349736379613356,0,114,True
severe_outcomes_secondary,model4_preferred_lpm,severe_stunted,pooled,country_admin_region_nigeria::14,0.10166258780955587,0.030800722456268904,0.04129428109745474,0.16203089452165698,0.0009645908941880771,36985,4434,114,model_specific_equal_total_country_weight,cluster_robust_country_psu,True,"{'child_sex': {'reference': 'Male', 'reference_column': 'child_sex_Male'}, 'maternal_education': {'reference': 'No education', 'reference_column': 'maternal_education_No education'}, 'literacy': {'reference': 'Cannot read at all', 'reference_column': 'literacy_Cannot read at all'}, 'wealth_quintile': {'reference': 'Poorest', 'reference_column': 'wealth_quintile_Poorest'}, 'residence': {'reference': 'Rural', 'reference_column': 'residence_Rural'}, 'country_admin_region': {'reference': 'ethiopia::01', 'reference_column': 'country_admin_region_ethiopia::01'}}",3458,0.09349736379613356,0,114,True
severe_outcomes_secondary,model4_preferred_lpm,severe_stunted,pooled,country_admin_region_nigeria::15,0.012436619659388285,0.03217255296106233,-0.050620425435001344,0.07549366475377792,0.6990820310079631,36985,4434,114,model_specific_equal_total_country_weight,cluster_robust_country_psu,True,"{'child_sex': {'reference': 'Male', 'reference_column': 'child_sex_Male'}, 'maternal_education': {'reference': 'No education', 'reference_column': 'maternal_education_No education'}, 'literacy': {'reference': 'Cannot read at all', 'reference_column': 'literacy_Cannot read at all'}, 'wealth_quintile': {'reference': 'Poorest', 'reference_column': 'wealth_quintile_Poorest'}, 'residence': {'reference': 'Rural', 'reference_column': 'residence_Rural'}, 'country_admin_region': {'reference': 'ethiopia::01', 'reference_column': 'country_admin_region_ethiopia::01'}}",3458,0.09349736379613356,0,114,True
severe_outcomes_secondary,model4_preferred_lpm,severe_stunted,pooled,country_admin_region_nigeria::16,0.12801191886978233,0.030111511634002858,0.0689944405470779,0.18702939719248676,2.125695202968748e-05,36985,4434,114,model_specific_equal_total_country_weight,cluster_robust_country_psu,True,"{'child_sex': {'reference': 'Male', 'reference_column': 'child_sex_Male'}, 'maternal_education': {'reference': 'No education', 'reference_column': 'maternal_education_No education'}, 'literacy': {'reference': 'Cannot read at all', 'reference_column': 'literacy_Cannot read at all'}, 'wealth_quintile': {'reference': 'Poorest', 'reference_column': 'wealth_quintile_Poorest'}, 'residence': {'reference': 'Rural', 'reference_column': 'residence_Rural'}, 'country_admin_region': {'reference': 'ethiopia::01', 'reference_column': 'country_admin_region_ethiopia::01'}}",3458,0.09349736379613356,0,114,True
severe_outcomes_secondary,model4_preferred_lpm,severe_stunted,pooled,country_admin_region_nigeria::17,0.13742196422105366,0.054475438558270466,0.03065206660481898,0.24419186183728833,0.011647730847950764,36985,4434,114,model_specific_equal_total_country_weight,cluster_robust_country_psu,True,"{'child_sex': {'reference': 'Male', 'reference_column': 'child_sex_Male'}, 'maternal_education': {'reference': 'No education', 'reference_column': 'maternal_education_No education'}, 'literacy': {'reference': 'Cannot read at all', 'reference_column': 'literacy_Cannot read at all'}, 'wealth_quintile': {'reference': 'Poorest', 'reference_column': 'wealth_quintile_Poorest'}, 'residence': {'reference': 'Rural', 'reference_column': 'residence_Rural'}, 'country_admin_region': {'reference': 'ethiopia::01', 'reference_column': 'country_admin_region_ethiopia::01'}}",3458,0.09349736379613356,0,114,True
severe_outcomes_secondary,model4_preferred_lpm,severe_stunted,pooled,country_admin_region_nigeria::18,0.1359821638375815,0.02989644577643294,0.07738620685001832,0.19457812082514467,5.404527025409432e-06,36985,4434,114,model_specific_equal_total_country_weight,cluster_robust_country_psu,True,"{'child_sex': {'reference': 'Male', 'reference_column': 'child_sex_Male'}, 'maternal_education': {'reference': 'No education', 'reference_column': 'maternal_education_No education'}, 'literacy': {'reference': 'Cannot read at all', 'reference_column': 'literacy_Cannot read at all'}, 'wealth_quintile': {'reference': 'Poorest', 'reference_column': 'wealth_quintile_Poorest'}, 'residence': {'reference': 'Rural', 'reference_column': 'residence_Rural'}, 'country_admin_region': {'reference': 'ethiopia::01', 'reference_column': 'country_admin_region_ethiopia::01'}}",3458,0.09349736379613356,0,114,True
severe_outcomes_secondary,model4_preferred_lpm,severe_stunted,pooled,country_admin_region_nigeria::19,-0.049036916607038517,0.03599456070641323,-0.11958495923094906,0.021511126016872023,0.17308984911452208,36985,4434,114,model_specific_equal_total_country_weight,cluster_robust_country_psu,True,"{'child_sex': {'reference': 'Male', 'reference_column': 'child_sex_Male'}, 'maternal_education': {'reference': 'No education', 'reference_column': 'maternal_education_No education'}, 'literacy': {'reference': 'Cannot read at all', 'reference_column': 'literacy_Cannot read at all'}, 'wealth_quintile': {'reference': 'Poorest', 'reference_column': 'wealth_quintile_Poorest'}, 'residence': {'reference': 'Rural', 'reference_column': 'residence_Rural'}, 'country_admin_region': {'reference': 'ethiopia::01', 'reference_column': 'country_admin_region_ethiopia::01'}}",3458,0.09349736379613356,0,114,True
severe_outcomes_secondary,model4_preferred_lpm,severe_stunted,pooled,country_admin_region_nigeria::20,0.2088070423924416,0.04694858182097462,0.11678951289809944,0.3008245718867838,8.684769275654288e-06,36985,4434,114,model_specific_equal_total_country_weight,cluster_robust_country_psu,True,"{'child_sex': {'reference': 'Male', 'reference_column': 'child_sex_Male'}, 'maternal_education': {'reference': 'No education', 'reference_column': 'maternal_education_No education'}, 'literacy': {'reference': 'Cannot read at all', 'reference_column': 'literacy_Cannot read at all'}, 'wealth_quintile': {'reference': 'Poorest', 'reference_column': 'wealth_quintile_Poorest'}, 'residence': {'reference': 'Rural', 'reference_column': 'residence_Rural'}, 'country_admin_region': {'reference': 'ethiopia::01', 'reference_column': 'country_admin_region_ethiopia::01'}}",3458,0.09349736379613356,0,114,True
severe_outcomes_secondary,model4_preferred_lpm,severe_stunted,pooled,country_admin_region_nigeria::21,-0.03423961996272857,0.03745704477848978,-0.10765407869587262,0.03917483877041549,0.36066240425715734,36985,4434,114,model_specific_equal_total_country_weight,cluster_robust_country_psu,True,"{'child_sex': {'reference': 'Male', 'reference_column': 'child_sex_Male'}, 'maternal_education': {'reference': 'No education', 'reference_column': 'maternal_education_No education'}, 'literacy': {'reference': 'Cannot read at all', 'reference_column': 'literacy_Cannot read at all'}, 'wealth_quintile': {'reference': 'Poorest', 'reference_column': 'wealth_quintile_Poorest'}, 'residence': {'reference': 'Rural', 'reference_column': 'residence_Rural'}, 'country_admin_region': {'reference': 'ethiopia::01', 'reference_column': 'country_admin_region_ethiopia::01'}}",3458,0.09349736379613356,0,114,True
severe_outcomes_secondary,model4_preferred_lpm,severe_stunted,pooled,country_admin_region_nigeria::22,-0.04627075691617202,0.022770706868317038,-0.09090052228059226,-0.0016409915517517845,0.042150630353999956,36985,4434,114,model_specific_equal_total_country_weight,cluster_robust_country_psu,True,"{'child_sex': {'reference': 'Male', 'reference_column': 'child_sex_Male'}, 'maternal_education': {'reference': 'No education', 'reference_column': 'maternal_education_No education'}, 'literacy': {'reference': 'Cannot read at all', 'reference_column': 'literacy_Cannot read at all'}, 'wealth_quintile': {'reference': 'Poorest', 'reference_column': 'wealth_quintile_Poorest'}, 'residence': {'reference': 'Rural', 'reference_column': 'residence_Rural'}, 'country_admin_region': {'reference': 'ethiopia::01', 'reference_column': 'country_admin_region_ethiopia::01'}}",3458,0.09349736379613356,0,114,True
severe_outcomes_secondary,model4_preferred_lpm,severe_stunted,pooled,country_admin_region_nigeria::23,-0.0444502173655424,0.02170699543632097,-0.08699514663330682,-0.0019052880977779851,0.040585777902151496,36985,4434,114,model_specific_equal_total_country_weight,cluster_robust_country_psu,True,"{'child_sex': {'reference': 'Male', 'reference_column': 'child_sex_Male'}, 'maternal_education': {'reference': 'No education', 'reference_column': 'maternal_education_No education'}, 'literacy': {'reference': 'Cannot read at all', 'reference_column': 'literacy_Cannot read at all'}, 'wealth_quintile': {'reference': 'Poorest', 'reference_column': 'wealth_quintile_Poorest'}, 'residence': {'reference': 'Rural', 'reference_column': 'residence_Rural'}, 'country_admin_region': {'reference': 'ethiopia::01', 'reference_column': 'country_admin_region_ethiopia::01'}}",3458,0.09349736379613356,0,114,True
severe_outcomes_secondary,model4_preferred_lpm,severe_stunted,pooled,country_admin_region_nigeria::24,-0.07410634144362169,0.020507420761194467,-0.11430014755137183,-0.03391253533587155,0.0003019335762804394,36985,4434,114,model_specific_equal_total_country_weight,cluster_robust_country_psu,True,"{'child_sex': {'reference': 'Male', 'reference_column': 'child_sex_Male'}, 'maternal_education': {'reference': 'No education', 'reference_column': 'maternal_education_No education'}, 'literacy': {'reference': 'Cannot read at all', 'reference_column': 'literacy_Cannot read at all'}, 'wealth_quintile': {'reference': 'Poorest', 'reference_column': 'wealth_quintile_Poorest'}, 'residence': {'reference': 'Rural', 'reference_column': 'residence_Rural'}, 'country_admin_region': {'reference': 'ethiopia::01', 'reference_column': 'country_admin_region_ethiopia::01'}}",3458,0.09349736379613356,0,114,True
severe_outcomes_secondary,model4_preferred_lpm,severe_stunted,pooled,country_admin_region_nigeria::25,-0.0746830001140759,0.020247758327579777,-0.11436787720380323,-0.03499812302434858,0.00022561752498415769,36985,4434,114,model_specific_equal_total_country_weight,cluster_robust_country_psu,True,"{'child_sex': {'reference': 'Male', 'reference_column': 'child_sex_Male'}, 'maternal_education': {'reference': 'No education', 'reference_column': 'maternal_education_No education'}, 'literacy': {'reference': 'Cannot read at all', 'reference_column': 'literacy_Cannot read at all'}, 'wealth_quintile': {'reference': 'Poorest', 'reference_column': 'wealth_quintile_Poorest'}, 'residence': {'reference': 'Rural', 'reference_column': 'residence_Rural'}, 'country_admin_region': {'reference': 'ethiopia::01', 'reference_column': 'country_admin_region_ethiopia::01'}}",3458,0.09349736379613356,0,114,True
severe_outcomes_secondary,model4_preferred_lpm,severe_stunted,pooled,country_admin_region_nigeria::26,-0.030525007253340515,0.026943079270153693,-0.08333247225544949,0.02228245774876845,0.257237657828314,36985,4434,114,model_specific_equal_total_country_weight,cluster_robust_country_psu,True,"{'child_sex': {'reference': 'Male', 'reference_column': 'child_sex_Male'}, 'maternal_education': {'reference': 'No education', 'reference_column': 'maternal_education_No education'}, 'literacy': {'reference': 'Cannot read at all', 'reference_column': 'literacy_Cannot read at all'}, 'wealth_quintile': {'reference': 'Poorest', 'reference_column': 'wealth_quintile_Poorest'}, 'residence': {'reference': 'Rural', 'reference_column': 'residence_Rural'}, 'country_admin_region': {'reference': 'ethiopia::01', 'reference_column': 'country_admin_region_ethiopia::01'}}",3458,0.09349736379613356,0,114,True
severe_outcomes_secondary,model4_preferred_lpm,severe_stunted,pooled,country_admin_region_nigeria::27,-0.034587523655525185,0.026513026306295574,-0.08655210033702754,0.01737705302597716,0.19204669921932505,36985,4434,114,model_specific_equal_total_country_weight,cluster_robust_country_psu,True,"{'child_sex': {'reference': 'Male', 'reference_column': 'child_sex_Male'}, 'maternal_education': {'reference': 'No education', 'reference_column': 'maternal_education_No education'}, 'literacy': {'reference': 'Cannot read at all', 'reference_column': 'literacy_Cannot read at all'}, 'wealth_quintile': {'reference': 'Poorest', 'reference_column': 'wealth_quintile_Poorest'}, 'residence': {'reference': 'Rural', 'reference_column': 'residence_Rural'}, 'country_admin_region': {'reference': 'ethiopia::01', 'reference_column': 'country_admin_region_ethiopia::01'}}",3458,0.09349736379613356,0,114,True
severe_outcomes_secondary,model4_preferred_lpm,severe_stunted,pooled,country_admin_region_nigeria::28,-0.07485679500620442,0.023453891821475916,-0.12082557827359575,-0.028888011738813092,0.0014145885365316568,36985,4434,114,model_specific_equal_total_country_weight,cluster_robust_country_psu,True,"{'child_sex': {'reference': 'Male', 'reference_column': 'child_sex_Male'}, 'maternal_education': {'reference': 'No education', 'reference_column': 'maternal_education_No education'}, 'literacy': {'reference': 'Cannot read at all', 'reference_column': 'literacy_Cannot read at all'}, 'wealth_quintile': {'reference': 'Poorest', 'reference_column': 'wealth_quintile_Poorest'}, 'residence': {'reference': 'Rural', 'reference_column': 'residence_Rural'}, 'country_admin_region': {'reference': 'ethiopia::01', 'reference_column': 'country_admin_region_ethiopia::01'}}",3458,0.09349736379613356,0,114,True
severe_outcomes_secondary,model4_preferred_lpm,severe_stunted,pooled,country_admin_region_nigeria::29,-0.07138161010887177,0.022204164840455967,-0.11490097350295603,-0.02786224671478752,0.0013054237829220618,36985,4434,114,model_specific_equal_total_country_weight,cluster_robust_country_psu,True,"{'child_sex': {'reference': 'Male', 'reference_column': 'child_sex_Male'}, 'maternal_education': {'reference': 'No education', 'reference_column': 'maternal_education_No education'}, 'literacy': {'reference': 'Cannot read at all', 'reference_column': 'literacy_Cannot read at all'}, 'wealth_quintile': {'reference': 'Poorest', 'reference_column': 'wealth_quintile_Poorest'}, 'residence': {'reference': 'Rural', 'reference_column': 'residence_Rural'}, 'country_admin_region': {'reference': 'ethiopia::01', 'reference_column': 'country_admin_region_ethiopia::01'}}",3458,0.09349736379613356,0,114,True
severe_outcomes_secondary,model4_preferred_lpm,severe_stunted,pooled,country_admin_region_nigeria::30,-0.06439047402916723,0.02376220915863376,-0.11096354817319722,-0.01781739988513724,0.0067326868445162155,36985,4434,114,model_specific_equal_total_country_weight,cluster_robust_country_psu,True,"{'child_sex': {'reference': 'Male', 'reference_column': 'child_sex_Male'}, 'maternal_education': {'reference': 'No education', 'reference_column': 'maternal_education_No education'}, 'literacy': {'reference': 'Cannot read at all', 'reference_column': 'literacy_Cannot read at all'}, 'wealth_quintile': {'reference': 'Poorest', 'reference_column': 'wealth_quintile_Poorest'}, 'residence': {'reference': 'Rural', 'reference_column': 'residence_Rural'}, 'country_admin_region': {'reference': 'ethiopia::01', 'reference_column': 'country_admin_region_ethiopia::01'}}",3458,0.09349736379613356,0,114,True
severe_outcomes_secondary,model4_preferred_lpm,severe_stunted,pooled,country_admin_region_nigeria::31,-0.077207884360186,0.020086961437059767,-0.11657760533566808,-0.03783816338470392,0.0001212022291577391,36985,4434,114,model_specific_equal_total_country_weight,cluster_robust_country_psu,True,"{'child_sex': {'reference': 'Male', 'reference_column': 'child_sex_Male'}, 'maternal_education': {'reference': 'No education', 'reference_column': 'maternal_education_No education'}, 'literacy': {'reference': 'Cannot read at all', 'reference_column': 'literacy_Cannot read at all'}, 'wealth_quintile': {'reference': 'Poorest', 'reference_column': 'wealth_quintile_Poorest'}, 'residence': {'reference': 'Rural', 'reference_column': 'residence_Rural'}, 'country_admin_region': {'reference': 'ethiopia::01', 'reference_column': 'country_admin_region_ethiopia::01'}}",3458,0.09349736379613356,0,114,True
severe_outcomes_secondary,model4_preferred_lpm,severe_stunted,pooled,country_admin_region_nigeria::32,-0.06134991565527735,0.024991851290479507,-0.11033304409159805,-0.012366787218956642,0.01409642591072198,36985,4434,114,model_specific_equal_total_country_weight,cluster_robust_country_psu,True,"{'child_sex': {'reference': 'Male', 'reference_column': 'child_sex_Male'}, 'maternal_education': {'reference': 'No education', 'reference_column': 'maternal_education_No education'}, 'literacy': {'reference': 'Cannot read at all', 'reference_column': 'literacy_Cannot read at all'}, 'wealth_quintile': {'reference': 'Poorest', 'reference_column': 'wealth_quintile_Poorest'}, 'residence': {'reference': 'Rural', 'reference_column': 'residence_Rural'}, 'country_admin_region': {'reference': 'ethiopia::01', 'reference_column': 'country_admin_region_ethiopia::01'}}",3458,0.09349736379613356,0,114,True
severe_outcomes_secondary,model4_preferred_lpm,severe_stunted,pooled,country_admin_region_nigeria::33,-0.05601929790668299,0.0216531725158869,-0.09845873618885387,-0.013579859624512108,0.009678262987990923,36985,4434,114,model_specific_equal_total_country_weight,cluster_robust_country_psu,True,"{'child_sex': {'reference': 'Male', 'reference_column': 'child_sex_Male'}, 'maternal_education': {'reference': 'No education', 'reference_column': 'maternal_education_No education'}, 'literacy': {'reference': 'Cannot read at all', 'reference_column': 'literacy_Cannot read at all'}, 'wealth_quintile': {'reference': 'Poorest', 'reference_column': 'wealth_quintile_Poorest'}, 'residence': {'reference': 'Rural', 'reference_column': 'residence_Rural'}, 'country_admin_region': {'reference': 'ethiopia::01', 'reference_column': 'country_admin_region_ethiopia::01'}}",3458,0.09349736379613356,0,114,True
severe_outcomes_secondary,model4_preferred_lpm,severe_stunted,pooled,country_admin_region_nigeria::34,-0.04131044895646139,0.026044385995277145,-0.09235650750666397,0.009735609593741187,0.11270401459160832,36985,4434,114,model_specific_equal_total_country_weight,cluster_robust_country_psu,True,"{'child_sex': {'reference': 'Male', 'reference_column': 'child_sex_Male'}, 'maternal_education': {'reference': 'No education', 'reference_column': 'maternal_education_No education'}, 'literacy': {'reference': 'Cannot read at all', 'reference_column': 'literacy_Cannot read at all'}, 'wealth_quintile': {'reference': 'Poorest', 'reference_column': 'wealth_quintile_Poorest'}, 'residence': {'reference': 'Rural', 'reference_column': 'residence_Rural'}, 'country_admin_region': {'reference': 'ethiopia::01', 'reference_column': 'country_admin_region_ethiopia::01'}}",3458,0.09349736379613356,0,114,True
severe_outcomes_secondary,model4_preferred_lpm,severe_stunted,pooled,country_admin_region_nigeria::35,-0.006514537895420528,0.03582176021865518,-0.07672389778681434,0.06369482199597327,0.8556927588513797,36985,4434,114,model_specific_equal_total_country_weight,cluster_robust_country_psu,True,"{'child_sex': {'reference': 'Male', 'reference_column': 'child_sex_Male'}, 'maternal_education': {'reference': 'No education', 'reference_column': 'maternal_education_No education'}, 'literacy': {'reference': 'Cannot read at all', 'reference_column': 'literacy_Cannot read at all'}, 'wealth_quintile': {'reference': 'Poorest', 'reference_column': 'wealth_quintile_Poorest'}, 'residence': {'reference': 'Rural', 'reference_column': 'residence_Rural'}, 'country_admin_region': {'reference': 'ethiopia::01', 'reference_column': 'country_admin_region_ethiopia::01'}}",3458,0.09349736379613356,0,114,True
severe_outcomes_secondary,model4_preferred_lpm,severe_stunted,pooled,country_admin_region_nigeria::36,-0.00914408702691836,0.030294585561567666,-0.06852038365415812,0.0502322096003214,0.7627748085763497,36985,4434,114,model_specific_equal_total_country_weight,cluster_robust_country_psu,True,"{'child_sex': {'reference': 'Male', 'reference_column': 'child_sex_Male'}, 'maternal_education': {'reference': 'No education', 'reference_column': 'maternal_education_No education'}, 'literacy': {'reference': 'Cannot read at all', 'reference_column': 'literacy_Cannot read at all'}, 'wealth_quintile': {'reference': 'Poorest', 'reference_column': 'wealth_quintile_Poorest'}, 'residence': {'reference': 'Rural', 'reference_column': 'residence_Rural'}, 'country_admin_region': {'reference': 'ethiopia::01', 'reference_column': 'country_admin_region_ethiopia::01'}}",3458,0.09349736379613356,0,114,True
severe_outcomes_secondary,model4_preferred_lpm,severe_stunted,pooled,country_admin_region_nigeria::37,-0.03010262631796707,0.026258070676497075,-0.08156749914740863,0.02136224651147449,0.25162379057290063,36985,4434,114,model_specific_equal_total_country_weight,cluster_robust_country_psu,True,"{'child_sex': {'reference': 'Male', 'reference_column': 'child_sex_Male'}, 'maternal_education': {'reference': 'No education', 'reference_column': 'maternal_education_No education'}, 'literacy': {'reference': 'Cannot read at all', 'reference_column': 'literacy_Cannot read at all'}, 'wealth_quintile': {'reference': 'Poorest', 'reference_column': 'wealth_quintile_Poorest'}, 'residence': {'reference': 'Rural', 'reference_column': 'residence_Rural'}, 'country_admin_region': {'reference': 'ethiopia::01', 'reference_column': 'country_admin_region_ethiopia::01'}}",3458,0.09349736379613356,0,114,True
severe_outcomes_secondary,model4_preferred_lpm,severe_wasted,pooled,const,0.023726957378479005,0.010487740839621361,0.0031713630536312695,0.04428255170332674,0.023675688088792387,37088,4434,114,model_specific_equal_total_country_weight,cluster_robust_country_psu,True,"{'child_sex': {'reference': 'Male', 'reference_column': 'child_sex_Male'}, 'maternal_education': {'reference': 'No education', 'reference_column': 'maternal_education_No education'}, 'literacy': {'reference': 'Cannot read at all', 'reference_column': 'literacy_Cannot read at all'}, 'wealth_quintile': {'reference': 'Poorest', 'reference_column': 'wealth_quintile_Poorest'}, 'residence': {'reference': 'Rural', 'reference_column': 'residence_Rural'}, 'country_admin_region': {'reference': 'ethiopia::01', 'reference_column': 'country_admin_region_ethiopia::01'}}",473,0.012753451251078516,24,114,True
severe_outcomes_secondary,model4_preferred_lpm,severe_wasted,pooled,water_rate_loo,0.002763463213617716,0.004084312156329036,-0.005241641514406321,0.010768567941641754,0.4986570429719387,37088,4434,114,model_specific_equal_total_country_weight,cluster_robust_country_psu,True,"{'child_sex': {'reference': 'Male', 'reference_column': 'child_sex_Male'}, 'maternal_education': {'reference': 'No education', 'reference_column': 'maternal_education_No education'}, 'literacy': {'reference': 'Cannot read at all', 'reference_column': 'literacy_Cannot read at all'}, 'wealth_quintile': {'reference': 'Poorest', 'reference_column': 'wealth_quintile_Poorest'}, 'residence': {'reference': 'Rural', 'reference_column': 'residence_Rural'}, 'country_admin_region': {'reference': 'ethiopia::01', 'reference_column': 'country_admin_region_ethiopia::01'}}",473,0.012753451251078516,24,114,True
severe_outcomes_secondary,model4_preferred_lpm,severe_wasted,pooled,sanitation_rate_loo_core,-0.00040360923859783553,0.005673812532516841,-0.011524077457362837,0.010716858980167167,0.9432899502715676,37088,4434,114,model_specific_equal_total_country_weight,cluster_robust_country_psu,True,"{'child_sex': {'reference': 'Male', 'reference_column': 'child_sex_Male'}, 'maternal_education': {'reference': 'No education', 'reference_column': 'maternal_education_No education'}, 'literacy': {'reference': 'Cannot read at all', 'reference_column': 'literacy_Cannot read at all'}, 'wealth_quintile': {'reference': 'Poorest', 'reference_column': 'wealth_quintile_Poorest'}, 'residence': {'reference': 'Rural', 'reference_column': 'residence_Rural'}, 'country_admin_region': {'reference': 'ethiopia::01', 'reference_column': 'country_admin_region_ethiopia::01'}}",473,0.012753451251078516,24,114,True
severe_outcomes_secondary,model4_preferred_lpm,severe_wasted,pooled,b19_raw,-0.0002823186627768566,7.287847995271364e-05,-0.0004251578587321997,-0.00013947946682151352,0.00010713924415870995,37088,4434,114,model_specific_equal_total_country_weight,cluster_robust_country_psu,True,"{'child_sex': {'reference': 'Male', 'reference_column': 'child_sex_Male'}, 'maternal_education': {'reference': 'No education', 'reference_column': 'maternal_education_No education'}, 'literacy': {'reference': 'Cannot read at all', 'reference_column': 'literacy_Cannot read at all'}, 'wealth_quintile': {'reference': 'Poorest', 'reference_column': 'wealth_quintile_Poorest'}, 'residence': {'reference': 'Rural', 'reference_column': 'residence_Rural'}, 'country_admin_region': {'reference': 'ethiopia::01', 'reference_column': 'country_admin_region_ethiopia::01'}}",473,0.012753451251078516,24,114,True
severe_outcomes_secondary,model4_preferred_lpm,severe_wasted,pooled,birth_order_raw,-0.0016716296776903374,0.0009596889316615928,-0.0035525854201087807,0.0002093260647281056,0.08153551346784439,37088,4434,114,model_specific_equal_total_country_weight,cluster_robust_country_psu,True,"{'child_sex': {'reference': 'Male', 'reference_column': 'child_sex_Male'}, 'maternal_education': {'reference': 'No education', 'reference_column': 'maternal_education_No education'}, 'literacy': {'reference': 'Cannot read at all', 'reference_column': 'literacy_Cannot read at all'}, 'wealth_quintile': {'reference': 'Poorest', 'reference_column': 'wealth_quintile_Poorest'}, 'residence': {'reference': 'Rural', 'reference_column': 'residence_Rural'}, 'country_admin_region': {'reference': 'ethiopia::01', 'reference_column': 'country_admin_region_ethiopia::01'}}",473,0.012753451251078516,24,114,True
severe_outcomes_secondary,model4_preferred_lpm,severe_wasted,pooled,maternal_age,0.00026715270005710256,0.00028437317255451905,-0.00029020847631914897,0.0008245138764333541,0.34750277833260235,37088,4434,114,model_specific_equal_total_country_weight,cluster_robust_country_psu,True,"{'child_sex': {'reference': 'Male', 'reference_column': 'child_sex_Male'}, 'maternal_education': {'reference': 'No education', 'reference_column': 'maternal_education_No education'}, 'literacy': {'reference': 'Cannot read at all', 'reference_column': 'literacy_Cannot read at all'}, 'wealth_quintile': {'reference': 'Poorest', 'reference_column': 'wealth_quintile_Poorest'}, 'residence': {'reference': 'Rural', 'reference_column': 'residence_Rural'}, 'country_admin_region': {'reference': 'ethiopia::01', 'reference_column': 'country_admin_region_ethiopia::01'}}",473,0.012753451251078516,24,114,True
severe_outcomes_secondary,model4_preferred_lpm,severe_wasted,pooled,household_size_raw,0.001114660726848423,0.0006911612877292625,-0.0002399905046092572,0.002469311958306103,0.1068018643386459,37088,4434,114,model_specific_equal_total_country_weight,cluster_robust_country_psu,True,"{'child_sex': {'reference': 'Male', 'reference_column': 'child_sex_Male'}, 'maternal_education': {'reference': 'No education', 'reference_column': 'maternal_education_No education'}, 'literacy': {'reference': 'Cannot read at all', 'reference_column': 'literacy_Cannot read at all'}, 'wealth_quintile': {'reference': 'Poorest', 'reference_column': 'wealth_quintile_Poorest'}, 'residence': {'reference': 'Rural', 'reference_column': 'residence_Rural'}, 'country_admin_region': {'reference': 'ethiopia::01', 'reference_column': 'country_admin_region_ethiopia::01'}}",473,0.012753451251078516,24,114,True
severe_outcomes_secondary,model4_preferred_lpm,severe_wasted,pooled,child_sex_Female,-0.00382116263259861,0.0018165473407219812,-0.007381529996625703,-0.0002607952685715169,0.03541942700559071,37088,4434,114,model_specific_equal_total_country_weight,cluster_robust_country_psu,True,"{'child_sex': {'reference': 'Male', 'reference_column': 'child_sex_Male'}, 'maternal_education': {'reference': 'No education', 'reference_column': 'maternal_education_No education'}, 'literacy': {'reference': 'Cannot read at all', 'reference_column': 'literacy_Cannot read at all'}, 'wealth_quintile': {'reference': 'Poorest', 'reference_column': 'wealth_quintile_Poorest'}, 'residence': {'reference': 'Rural', 'reference_column': 'residence_Rural'}, 'country_admin_region': {'reference': 'ethiopia::01', 'reference_column': 'country_admin_region_ethiopia::01'}}",473,0.012753451251078516,24,114,True
severe_outcomes_secondary,model4_preferred_lpm,severe_wasted,pooled,maternal_education_Higher,-0.005169269031099209,0.00518661942790342,-0.015334856311305652,0.004996318249107234,0.3189321075329744,37088,4434,114,model_specific_equal_total_country_weight,cluster_robust_country_psu,True,"{'child_sex': {'reference': 'Male', 'reference_column': 'child_sex_Male'}, 'maternal_education': {'reference': 'No education', 'reference_column': 'maternal_education_No education'}, 'literacy': {'reference': 'Cannot read at all', 'reference_column': 'literacy_Cannot read at all'}, 'wealth_quintile': {'reference': 'Poorest', 'reference_column': 'wealth_quintile_Poorest'}, 'residence': {'reference': 'Rural', 'reference_column': 'residence_Rural'}, 'country_admin_region': {'reference': 'ethiopia::01', 'reference_column': 'country_admin_region_ethiopia::01'}}",473,0.012753451251078516,24,114,True
severe_outcomes_secondary,model4_preferred_lpm,severe_wasted,pooled,maternal_education_Primary,-0.0005497123368828487,0.003509331646398683,-0.007427875973630919,0.006328451299865222,0.8755261893306682,37088,4434,114,model_specific_equal_total_country_weight,cluster_robust_country_psu,True,"{'child_sex': {'reference': 'Male', 'reference_column': 'child_sex_Male'}, 'maternal_education': {'reference': 'No education', 'reference_column': 'maternal_education_No education'}, 'literacy': {'reference': 'Cannot read at all', 'reference_column': 'literacy_Cannot read at all'}, 'wealth_quintile': {'reference': 'Poorest', 'reference_column': 'wealth_quintile_Poorest'}, 'residence': {'reference': 'Rural', 'reference_column': 'residence_Rural'}, 'country_admin_region': {'reference': 'ethiopia::01', 'reference_column': 'country_admin_region_ethiopia::01'}}",473,0.012753451251078516,24,114,True
severe_outcomes_secondary,model4_preferred_lpm,severe_wasted,pooled,maternal_education_Secondary,0.0003009851446912039,0.004977818466174752,-0.009455359770589724,0.010057330059972131,0.9517850746043486,37088,4434,114,model_specific_equal_total_country_weight,cluster_robust_country_psu,True,"{'child_sex': {'reference': 'Male', 'reference_column': 'child_sex_Male'}, 'maternal_education': {'reference': 'No education', 'reference_column': 'maternal_education_No education'}, 'literacy': {'reference': 'Cannot read at all', 'reference_column': 'literacy_Cannot read at all'}, 'wealth_quintile': {'reference': 'Poorest', 'reference_column': 'wealth_quintile_Poorest'}, 'residence': {'reference': 'Rural', 'reference_column': 'residence_Rural'}, 'country_admin_region': {'reference': 'ethiopia::01', 'reference_column': 'country_admin_region_ethiopia::01'}}",473,0.012753451251078516,24,114,True
severe_outcomes_secondary,model4_preferred_lpm,severe_wasted,pooled,literacy_Able to read only parts of sentence,-0.005763207228283365,0.003712027768479385,-0.013038647964115545,0.0015122335075488155,0.12052433398431443,37088,4434,114,model_specific_equal_total_country_weight,cluster_robust_country_psu,True,"{'child_sex': {'reference': 'Male', 'reference_column': 'child_sex_Male'}, 'maternal_education': {'reference': 'No education', 'reference_column': 'maternal_education_No education'}, 'literacy': {'reference': 'Cannot read at all', 'reference_column': 'literacy_Cannot read at all'}, 'wealth_quintile': {'reference': 'Poorest', 'reference_column': 'wealth_quintile_Poorest'}, 'residence': {'reference': 'Rural', 'reference_column': 'residence_Rural'}, 'country_admin_region': {'reference': 'ethiopia::01', 'reference_column': 'country_admin_region_ethiopia::01'}}",473,0.012753451251078516,24,114,True
severe_outcomes_secondary,model4_preferred_lpm,severe_wasted,pooled,literacy_Able to read whole sentence,-0.0018063285844352709,0.004020781375358129,-0.009686915269846628,0.006074258100976088,0.6532526584314131,37088,4434,114,model_specific_equal_total_country_weight,cluster_robust_country_psu,True,"{'child_sex': {'reference': 'Male', 'reference_column': 'child_sex_Male'}, 'maternal_education': {'reference': 'No education', 'reference_column': 'maternal_education_No education'}, 'literacy': {'reference': 'Cannot read at all', 'reference_column': 'literacy_Cannot read at all'}, 'wealth_quintile': {'reference': 'Poorest', 'reference_column': 'wealth_quintile_Poorest'}, 'residence': {'reference': 'Rural', 'reference_column': 'residence_Rural'}, 'country_admin_region': {'reference': 'ethiopia::01', 'reference_column': 'country_admin_region_ethiopia::01'}}",473,0.012753451251078516,24,114,True
severe_outcomes_secondary,model4_preferred_lpm,severe_wasted,pooled,literacy_Blind/visually impaired,-0.01248294326593307,0.005533603463539902,-0.02332860675919738,-0.001637279772668759,0.02408043555446442,37088,4434,114,model_specific_equal_total_country_weight,cluster_robust_country_psu,True,"{'child_sex': {'reference': 'Male', 'reference_column': 'child_sex_Male'}, 'maternal_education': {'reference': 'No education', 'reference_column': 'maternal_education_No education'}, 'literacy': {'reference': 'Cannot read at all', 'reference_column': 'literacy_Cannot read at all'}, 'wealth_quintile': {'reference': 'Poorest', 'reference_column': 'wealth_quintile_Poorest'}, 'residence': {'reference': 'Rural', 'reference_column': 'residence_Rural'}, 'country_admin_region': {'reference': 'ethiopia::01', 'reference_column': 'country_admin_region_ethiopia::01'}}",473,0.012753451251078516,24,114,True
severe_outcomes_secondary,model4_preferred_lpm,severe_wasted,pooled,literacy_No card with required language,-0.010885089884278542,0.005102297923365058,-0.020885410052467565,-0.0008847697160895198,0.03289437697819603,37088,4434,114,model_specific_equal_total_country_weight,cluster_robust_country_psu,True,"{'child_sex': {'reference': 'Male', 'reference_column': 'child_sex_Male'}, 'maternal_education': {'reference': 'No education', 'reference_column': 'maternal_education_No education'}, 'literacy': {'reference': 'Cannot read at all', 'reference_column': 'literacy_Cannot read at all'}, 'wealth_quintile': {'reference': 'Poorest', 'reference_column': 'wealth_quintile_Poorest'}, 'residence': {'reference': 'Rural', 'reference_column': 'residence_Rural'}, 'country_admin_region': {'reference': 'ethiopia::01', 'reference_column': 'country_admin_region_ethiopia::01'}}",473,0.012753451251078516,24,114,True
severe_outcomes_secondary,model4_preferred_lpm,severe_wasted,pooled,wealth_quintile_Middle,-0.011503018861160936,0.003465476512816073,-0.0182952280155499,-0.004710809706771974,0.0009023757769926098,37088,4434,114,model_specific_equal_total_country_weight,cluster_robust_country_psu,True,"{'child_sex': {'reference': 'Male', 'reference_column': 'child_sex_Male'}, 'maternal_education': {'reference': 'No education', 'reference_column': 'maternal_education_No education'}, 'literacy': {'reference': 'Cannot read at all', 'reference_column': 'literacy_Cannot read at all'}, 'wealth_quintile': {'reference': 'Poorest', 'reference_column': 'wealth_quintile_Poorest'}, 'residence': {'reference': 'Rural', 'reference_column': 'residence_Rural'}, 'country_admin_region': {'reference': 'ethiopia::01', 'reference_column': 'country_admin_region_ethiopia::01'}}",473,0.012753451251078516,24,114,True
severe_outcomes_secondary,model4_preferred_lpm,severe_wasted,pooled,wealth_quintile_Poorer,-0.004493192118386334,0.0031868833445242504,-0.010739368696584418,0.0017529844598117503,0.15856872239469488,37088,4434,114,model_specific_equal_total_country_weight,cluster_robust_country_psu,True,"{'child_sex': {'reference': 'Male', 'reference_column': 'child_sex_Male'}, 'maternal_education': {'reference': 'No education', 'reference_column': 'maternal_education_No education'}, 'literacy': {'reference': 'Cannot read at all', 'reference_column': 'literacy_Cannot read at all'}, 'wealth_quintile': {'reference': 'Poorest', 'reference_column': 'wealth_quintile_Poorest'}, 'residence': {'reference': 'Rural', 'reference_column': 'residence_Rural'}, 'country_admin_region': {'reference': 'ethiopia::01', 'reference_column': 'country_admin_region_ethiopia::01'}}",473,0.012753451251078516,24,114,True
severe_outcomes_secondary,model4_preferred_lpm,severe_wasted,pooled,wealth_quintile_Richer,-0.00865345782010286,0.004130627921972114,-0.016749339780703726,-0.0005575758595019933,0.03617546208791775,37088,4434,114,model_specific_equal_total_country_weight,cluster_robust_country_psu,True,"{'child_sex': {'reference': 'Male', 'reference_column': 'child_sex_Male'}, 'maternal_education': {'reference': 'No education', 'reference_column': 'maternal_education_No education'}, 'literacy': {'reference': 'Cannot read at all', 'reference_column': 'literacy_Cannot read at all'}, 'wealth_quintile': {'reference': 'Poorest', 'reference_column': 'wealth_quintile_Poorest'}, 'residence': {'reference': 'Rural', 'reference_column': 'residence_Rural'}, 'country_admin_region': {'reference': 'ethiopia::01', 'reference_column': 'country_admin_region_ethiopia::01'}}",473,0.012753451251078516,24,114,True
severe_outcomes_secondary,model4_preferred_lpm,severe_wasted,pooled,wealth_quintile_Richest,-0.010077742270920776,0.005764720192864461,-0.021376386229885913,0.001220901688044361,0.08043365267177602,37088,4434,114,model_specific_equal_total_country_weight,cluster_robust_country_psu,True,"{'child_sex': {'reference': 'Male', 'reference_column': 'child_sex_Male'}, 'maternal_education': {'reference': 'No education', 'reference_column': 'maternal_education_No education'}, 'literacy': {'reference': 'Cannot read at all', 'reference_column': 'literacy_Cannot read at all'}, 'wealth_quintile': {'reference': 'Poorest', 'reference_column': 'wealth_quintile_Poorest'}, 'residence': {'reference': 'Rural', 'reference_column': 'residence_Rural'}, 'country_admin_region': {'reference': 'ethiopia::01', 'reference_column': 'country_admin_region_ethiopia::01'}}",473,0.012753451251078516,24,114,True
severe_outcomes_secondary,model4_preferred_lpm,severe_wasted,pooled,residence_Urban,0.0014965603778069022,0.002795504995642467,-0.003982528732254134,0.006975649487867938,0.5924111276543573,37088,4434,114,model_specific_equal_total_country_weight,cluster_robust_country_psu,True,"{'child_sex': {'reference': 'Male', 'reference_column': 'child_sex_Male'}, 'maternal_education': {'reference': 'No education', 'reference_column': 'maternal_education_No education'}, 'literacy': {'reference': 'Cannot read at all', 'reference_column': 'literacy_Cannot read at all'}, 'wealth_quintile': {'reference': 'Poorest', 'reference_column': 'wealth_quintile_Poorest'}, 'residence': {'reference': 'Rural', 'reference_column': 'residence_Rural'}, 'country_admin_region': {'reference': 'ethiopia::01', 'reference_column': 'country_admin_region_ethiopia::01'}}",473,0.012753451251078516,24,114,True
severe_outcomes_secondary,model4_preferred_lpm,severe_wasted,pooled,country_admin_region_ethiopia::02,0.009397907775669578,0.010793075748179703,-0.011756131973175338,0.030551947524514494,0.3838989157450843,37088,4434,114,model_specific_equal_total_country_weight,cluster_robust_country_psu,True,"{'child_sex': {'reference': 'Male', 'reference_column': 'child_sex_Male'}, 'maternal_education': {'reference': 'No education', 'reference_column': 'maternal_education_No education'}, 'literacy': {'reference': 'Cannot read at all', 'reference_column': 'literacy_Cannot read at all'}, 'wealth_quintile': {'reference': 'Poorest', 'reference_column': 'wealth_quintile_Poorest'}, 'residence': {'reference': 'Rural', 'reference_column': 'residence_Rural'}, 'country_admin_region': {'reference': 'ethiopia::01', 'reference_column': 'country_admin_region_ethiopia::01'}}",473,0.012753451251078516,24,114,True
severe_outcomes_secondary,model4_preferred_lpm,severe_wasted,pooled,country_admin_region_ethiopia::03,-0.006909384566307069,0.00786167181369598,-0.022317978179424873,0.008499209046810736,0.3794719692930212,37088,4434,114,model_specific_equal_total_country_weight,cluster_robust_country_psu,True,"{'child_sex': {'reference': 'Male', 'reference_column': 'child_sex_Male'}, 'maternal_education': {'reference': 'No education', 'reference_column': 'maternal_education_No education'}, 'literacy': {'reference': 'Cannot read at all', 'reference_column': 'literacy_Cannot read at all'}, 'wealth_quintile': {'reference': 'Poorest', 'reference_column': 'wealth_quintile_Poorest'}, 'residence': {'reference': 'Rural', 'reference_column': 'residence_Rural'}, 'country_admin_region': {'reference': 'ethiopia::01', 'reference_column': 'country_admin_region_ethiopia::01'}}",473,0.012753451251078516,24,114,True
severe_outcomes_secondary,model4_preferred_lpm,severe_wasted,pooled,country_admin_region_ethiopia::04,-0.0065195014314513465,0.008887955882720814,-0.023939574857765048,0.010900571994862353,0.46324078310985073,37088,4434,114,model_specific_equal_total_country_weight,cluster_robust_country_psu,True,"{'child_sex': {'reference': 'Male', 'reference_column': 'child_sex_Male'}, 'maternal_education': {'reference': 'No education', 'reference_column': 'maternal_education_No education'}, 'literacy': {'reference': 'Cannot read at all', 'reference_column': 'literacy_Cannot read at all'}, 'wealth_quintile': {'reference': 'Poorest', 'reference_column': 'wealth_quintile_Poorest'}, 'residence': {'reference': 'Rural', 'reference_column': 'residence_Rural'}, 'country_admin_region': {'reference': 'ethiopia::01', 'reference_column': 'country_admin_region_ethiopia::01'}}",473,0.012753451251078516,24,114,True
severe_outcomes_secondary,model4_preferred_lpm,severe_wasted,pooled,country_admin_region_ethiopia::05,0.02509348079894079,0.011834790327303763,0.001897717992842416,0.04828924360503917,0.03397950841476328,37088,4434,114,model_specific_equal_total_country_weight,cluster_robust_country_psu,True,"{'child_sex': {'reference': 'Male', 'reference_column': 'child_sex_Male'}, 'maternal_education': {'reference': 'No education', 'reference_column': 'maternal_education_No education'}, 'literacy': {'reference': 'Cannot read at all', 'reference_column': 'literacy_Cannot read at all'}, 'wealth_quintile': {'reference': 'Poorest', 'reference_column': 'wealth_quintile_Poorest'}, 'residence': {'reference': 'Rural', 'reference_column': 'residence_Rural'}, 'country_admin_region': {'reference': 'ethiopia::01', 'reference_column': 'country_admin_region_ethiopia::01'}}",473,0.012753451251078516,24,114,True
severe_outcomes_secondary,model4_preferred_lpm,severe_wasted,pooled,country_admin_region_ethiopia::06,-0.010115547769627687,0.008081711454373227,-0.025955411153644033,0.005724315614388659,0.21069410563730795,37088,4434,114,model_specific_equal_total_country_weight,cluster_robust_country_psu,True,"{'child_sex': {'reference': 'Male', 'reference_column': 'child_sex_Male'}, 'maternal_education': {'reference': 'No education', 'reference_column': 'maternal_education_No education'}, 'literacy': {'reference': 'Cannot read at all', 'reference_column': 'literacy_Cannot read at all'}, 'wealth_quintile': {'reference': 'Poorest', 'reference_column': 'wealth_quintile_Poorest'}, 'residence': {'reference': 'Rural', 'reference_column': 'residence_Rural'}, 'country_admin_region': {'reference': 'ethiopia::01', 'reference_column': 'country_admin_region_ethiopia::01'}}",473,0.012753451251078516,24,114,True
severe_outcomes_secondary,model4_preferred_lpm,severe_wasted,pooled,country_admin_region_ethiopia::07,-0.00823043719030668,0.008217556632924346,-0.024336552231756632,0.007875677851143272,0.3165525513796712,37088,4434,114,model_specific_equal_total_country_weight,cluster_robust_country_psu,True,"{'child_sex': {'reference': 'Male', 'reference_column': 'child_sex_Male'}, 'maternal_education': {'reference': 'No education', 'reference_column': 'maternal_education_No education'}, 'literacy': {'reference': 'Cannot read at all', 'reference_column': 'literacy_Cannot read at all'}, 'wealth_quintile': {'reference': 'Poorest', 'reference_column': 'wealth_quintile_Poorest'}, 'residence': {'reference': 'Rural', 'reference_column': 'residence_Rural'}, 'country_admin_region': {'reference': 'ethiopia::01', 'reference_column': 'country_admin_region_ethiopia::01'}}",473,0.012753451251078516,24,114,True
severe_outcomes_secondary,model4_preferred_lpm,severe_wasted,pooled,country_admin_region_ethiopia::08,-0.007836461831641698,0.008126540517128232,-0.023764188564118542,0.008091264900835145,0.33489314720472874,37088,4434,114,model_specific_equal_total_country_weight,cluster_robust_country_psu,True,"{'child_sex': {'reference': 'Male', 'reference_column': 'child_sex_Male'}, 'maternal_education': {'reference': 'No education', 'reference_column': 'maternal_education_No education'}, 'literacy': {'reference': 'Cannot read at all', 'reference_column': 'literacy_Cannot read at all'}, 'wealth_quintile': {'reference': 'Poorest', 'reference_column': 'wealth_quintile_Poorest'}, 'residence': {'reference': 'Rural', 'reference_column': 'residence_Rural'}, 'country_admin_region': {'reference': 'ethiopia::01', 'reference_column': 'country_admin_region_ethiopia::01'}}",473,0.012753451251078516,24,114,True
severe_outcomes_secondary,model4_preferred_lpm,severe_wasted,pooled,country_admin_region_ethiopia::09,-0.0077710534569639285,0.0084578465693182,-0.024348128119593256,0.008806021205665399,0.35820118034300785,37088,4434,114,model_specific_equal_total_country_weight,cluster_robust_country_psu,True,"{'child_sex': {'reference': 'Male', 'reference_column': 'child_sex_Male'}, 'maternal_education': {'reference': 'No education', 'reference_column': 'maternal_education_No education'}, 'literacy': {'reference': 'Cannot read at all', 'reference_column': 'literacy_Cannot read at all'}, 'wealth_quintile': {'reference': 'Poorest', 'reference_column': 'wealth_quintile_Poorest'}, 'residence': {'reference': 'Rural', 'reference_column': 'residence_Rural'}, 'country_admin_region': {'reference': 'ethiopia::01', 'reference_column': 'country_admin_region_ethiopia::01'}}",473,0.012753451251078516,24,114,True
severe_outcomes_secondary,model4_preferred_lpm,severe_wasted,pooled,country_admin_region_ethiopia::10,-0.00217581269080715,0.010965200238270932,-0.023667210241088196,0.019315584859473895,0.842709503095305,37088,4434,114,model_specific_equal_total_country_weight,cluster_robust_country_psu,True,"{'child_sex': {'reference': 'Male', 'reference_column': 'child_sex_Male'}, 'maternal_education': {'reference': 'No education', 'reference_column': 'maternal_education_No education'}, 'literacy': {'reference': 'Cannot read at all', 'reference_column': 'literacy_Cannot read at all'}, 'wealth_quintile': {'reference': 'Poorest', 'reference_column': 'wealth_quintile_Poorest'}, 'residence': {'reference': 'Rural', 'reference_column': 'residence_Rural'}, 'country_admin_region': {'reference': 'ethiopia::01', 'reference_column': 'country_admin_region_ethiopia::01'}}",473,0.012753451251078516,24,114,True
severe_outcomes_secondary,model4_preferred_lpm,severe_wasted,pooled,country_admin_region_ethiopia::12,0.01258729270774441,0.01045005327185624,-0.007894435341618775,0.033069020757107596,0.2283888584144078,37088,4434,114,model_specific_equal_total_country_weight,cluster_robust_country_psu,True,"{'child_sex': {'reference': 'Male', 'reference_column': 'child_sex_Male'}, 'maternal_education': {'reference': 'No education', 'reference_column': 'maternal_education_No education'}, 'literacy': {'reference': 'Cannot read at all', 'reference_column': 'literacy_Cannot read at all'}, 'wealth_quintile': {'reference': 'Poorest', 'reference_column': 'wealth_quintile_Poorest'}, 'residence': {'reference': 'Rural', 'reference_column': 'residence_Rural'}, 'country_admin_region': {'reference': 'ethiopia::01', 'reference_column': 'country_admin_region_ethiopia::01'}}",473,0.012753451251078516,24,114,True
severe_outcomes_secondary,model4_preferred_lpm,severe_wasted,pooled,country_admin_region_ethiopia::13,-0.01443188010910761,0.006952183088046635,-0.02805790857560747,-0.0008058516426077498,0.037905286695086145,37088,4434,114,model_specific_equal_total_country_weight,cluster_robust_country_psu,True,"{'child_sex': {'reference': 'Male', 'reference_column': 'child_sex_Male'}, 'maternal_education': {'reference': 'No education', 'reference_column': 'maternal_education_No education'}, 'literacy': {'reference': 'Cannot read at all', 'reference_column': 'literacy_Cannot read at all'}, 'wealth_quintile': {'reference': 'Poorest', 'reference_column': 'wealth_quintile_Poorest'}, 'residence': {'reference': 'Rural', 'reference_column': 'residence_Rural'}, 'country_admin_region': {'reference': 'ethiopia::01', 'reference_column': 'country_admin_region_ethiopia::01'}}",473,0.012753451251078516,24,114,True
severe_outcomes_secondary,model4_preferred_lpm,severe_wasted,pooled,country_admin_region_ethiopia::14,-0.0031128869737406745,0.011714034543663184,-0.026071972792978602,0.019846198845497254,0.7904394922777167,37088,4434,114,model_specific_equal_total_country_weight,cluster_robust_country_psu,True,"{'child_sex': {'reference': 'Male', 'reference_column': 'child_sex_Male'}, 'maternal_education': {'reference': 'No education', 'reference_column': 'maternal_education_No education'}, 'literacy': {'reference': 'Cannot read at all', 'reference_column': 'literacy_Cannot read at all'}, 'wealth_quintile': {'reference': 'Poorest', 'reference_column': 'wealth_quintile_Poorest'}, 'residence': {'reference': 'Rural', 'reference_column': 'residence_Rural'}, 'country_admin_region': {'reference': 'ethiopia::01', 'reference_column': 'country_admin_region_ethiopia::01'}}",473,0.012753451251078516,24,114,True
severe_outcomes_secondary,model4_preferred_lpm,severe_wasted,pooled,country_admin_region_ethiopia::15,-0.0028326405869848826,0.013685720278184526,-0.029656159434716042,0.02399087826074628,0.836027178292643,37088,4434,114,model_specific_equal_total_country_weight,cluster_robust_country_psu,True,"{'child_sex': {'reference': 'Male', 'reference_column': 'child_sex_Male'}, 'maternal_education': {'reference': 'No education', 'reference_column': 'maternal_education_No education'}, 'literacy': {'reference': 'Cannot read at all', 'reference_column': 'literacy_Cannot read at all'}, 'wealth_quintile': {'reference': 'Poorest', 'reference_column': 'wealth_quintile_Poorest'}, 'residence': {'reference': 'Rural', 'reference_column': 'residence_Rural'}, 'country_admin_region': {'reference': 'ethiopia::01', 'reference_column': 'country_admin_region_ethiopia::01'}}",473,0.012753451251078516,24,114,True
severe_outcomes_secondary,model4_preferred_lpm,severe_wasted,pooled,country_admin_region_ghana::01,-0.0160021801958921,0.0070112636821882115,-0.02974400449909468,-0.00226035589268952,0.022468495208242036,37088,4434,114,model_specific_equal_total_country_weight,cluster_robust_country_psu,True,"{'child_sex': {'reference': 'Male', 'reference_column': 'child_sex_Male'}, 'maternal_education': {'reference': 'No education', 'reference_column': 'maternal_education_No education'}, 'literacy': {'reference': 'Cannot read at all', 'reference_column': 'literacy_Cannot read at all'}, 'wealth_quintile': {'reference': 'Poorest', 'reference_column': 'wealth_quintile_Poorest'}, 'residence': {'reference': 'Rural', 'reference_column': 'residence_Rural'}, 'country_admin_region': {'reference': 'ethiopia::01', 'reference_column': 'country_admin_region_ethiopia::01'}}",473,0.012753451251078516,24,114,True
severe_outcomes_secondary,model4_preferred_lpm,severe_wasted,pooled,country_admin_region_ghana::02,-0.01171696267266717,0.008158282291383807,-0.027706902139490338,0.004272976794155999,0.1509441263785172,37088,4434,114,model_specific_equal_total_country_weight,cluster_robust_country_psu,True,"{'child_sex': {'reference': 'Male', 'reference_column': 'child_sex_Male'}, 'maternal_education': {'reference': 'No education', 'reference_column': 'maternal_education_No education'}, 'literacy': {'reference': 'Cannot read at all', 'reference_column': 'literacy_Cannot read at all'}, 'wealth_quintile': {'reference': 'Poorest', 'reference_column': 'wealth_quintile_Poorest'}, 'residence': {'reference': 'Rural', 'reference_column': 'residence_Rural'}, 'country_admin_region': {'reference': 'ethiopia::01', 'reference_column': 'country_admin_region_ethiopia::01'}}",473,0.012753451251078516,24,114,True
severe_outcomes_secondary,model4_preferred_lpm,severe_wasted,pooled,country_admin_region_ghana::03,-0.0066567419274528895,0.009180819986458267,-0.024650818449456602,0.011337334594550823,0.4684087683684074,37088,4434,114,model_specific_equal_total_country_weight,cluster_robust_country_psu,True,"{'child_sex': {'reference': 'Male', 'reference_column': 'child_sex_Male'}, 'maternal_education': {'reference': 'No education', 'reference_column': 'maternal_education_No education'}, 'literacy': {'reference': 'Cannot read at all', 'reference_column': 'literacy_Cannot read at all'}, 'wealth_quintile': {'reference': 'Poorest', 'reference_column': 'wealth_quintile_Poorest'}, 'residence': {'reference': 'Rural', 'reference_column': 'residence_Rural'}, 'country_admin_region': {'reference': 'ethiopia::01', 'reference_column': 'country_admin_region_ethiopia::01'}}",473,0.012753451251078516,24,114,True
severe_outcomes_secondary,model4_preferred_lpm,severe_wasted,pooled,country_admin_region_ghana::04,-0.0025685785048839955,0.011297374614613514,-0.024711025869383552,0.019573868859615564,0.8201433110473748,37088,4434,114,model_specific_equal_total_country_weight,cluster_robust_country_psu,True,"{'child_sex': {'reference': 'Male', 'reference_column': 'child_sex_Male'}, 'maternal_education': {'reference': 'No education', 'reference_column': 'maternal_education_No education'}, 'literacy': {'reference': 'Cannot read at all', 'reference_column': 'literacy_Cannot read at all'}, 'wealth_quintile': {'reference': 'Poorest', 'reference_column': 'wealth_quintile_Poorest'}, 'residence': {'reference': 'Rural', 'reference_column': 'residence_Rural'}, 'country_admin_region': {'reference': 'ethiopia::01', 'reference_column': 'country_admin_region_ethiopia::01'}}",473,0.012753451251078516,24,114,True
severe_outcomes_secondary,model4_preferred_lpm,severe_wasted,pooled,country_admin_region_ghana::05,-0.010119027851865853,0.008666721450364871,-0.02710548975862174,0.006867434054890034,0.24297914478247862,37088,4434,114,model_specific_equal_total_country_weight,cluster_robust_country_psu,True,"{'child_sex': {'reference': 'Male', 'reference_column': 'child_sex_Male'}, 'maternal_education': {'reference': 'No education', 'reference_column': 'maternal_education_No education'}, 'literacy': {'reference': 'Cannot read at all', 'reference_column': 'literacy_Cannot read at all'}, 'wealth_quintile': {'reference': 'Poorest', 'reference_column': 'wealth_quintile_Poorest'}, 'residence': {'reference': 'Rural', 'reference_column': 'residence_Rural'}, 'country_admin_region': {'reference': 'ethiopia::01', 'reference_column': 'country_admin_region_ethiopia::01'}}",473,0.012753451251078516,24,114,True
severe_outcomes_secondary,model4_preferred_lpm,severe_wasted,pooled,country_admin_region_ghana::06,0.016789808399473943,0.012674249100016112,-0.008051263367646829,0.04163088016659472,0.18526463582191166,37088,4434,114,model_specific_equal_total_country_weight,cluster_robust_country_psu,True,"{'child_sex': {'reference': 'Male', 'reference_column': 'child_sex_Male'}, 'maternal_education': {'reference': 'No education', 'reference_column': 'maternal_education_No education'}, 'literacy': {'reference': 'Cannot read at all', 'reference_column': 'literacy_Cannot read at all'}, 'wealth_quintile': {'reference': 'Poorest', 'reference_column': 'wealth_quintile_Poorest'}, 'residence': {'reference': 'Rural', 'reference_column': 'residence_Rural'}, 'country_admin_region': {'reference': 'ethiopia::01', 'reference_column': 'country_admin_region_ethiopia::01'}}",473,0.012753451251078516,24,114,True
severe_outcomes_secondary,model4_preferred_lpm,severe_wasted,pooled,country_admin_region_ghana::07,-0.013085291803410788,0.008056625875881183,-0.028875988357051376,0.0027054047502298,0.10434054451377996,37088,4434,114,model_specific_equal_total_country_weight,cluster_robust_country_psu,True,"{'child_sex': {'reference': 'Male', 'reference_column': 'child_sex_Male'}, 'maternal_education': {'reference': 'No education', 'reference_column': 'maternal_education_No education'}, 'literacy': {'reference': 'Cannot read at all', 'reference_column': 'literacy_Cannot read at all'}, 'wealth_quintile': {'reference': 'Poorest', 'reference_column': 'wealth_quintile_Poorest'}, 'residence': {'reference': 'Rural', 'reference_column': 'residence_Rural'}, 'country_admin_region': {'reference': 'ethiopia::01', 'reference_column': 'country_admin_region_ethiopia::01'}}",473,0.012753451251078516,24,114,True
severe_outcomes_secondary,model4_preferred_lpm,severe_wasted,pooled,country_admin_region_ghana::08,-0.008504538265228618,0.009508449130092436,-0.027140756109041,0.010131679578583764,0.37109771086835075,37088,4434,114,model_specific_equal_total_country_weight,cluster_robust_country_psu,True,"{'child_sex': {'reference': 'Male', 'reference_column': 'child_sex_Male'}, 'maternal_education': {'reference': 'No education', 'reference_column': 'maternal_education_No education'}, 'literacy': {'reference': 'Cannot read at all', 'reference_column': 'literacy_Cannot read at all'}, 'wealth_quintile': {'reference': 'Poorest', 'reference_column': 'wealth_quintile_Poorest'}, 'residence': {'reference': 'Rural', 'reference_column': 'residence_Rural'}, 'country_admin_region': {'reference': 'ethiopia::01', 'reference_column': 'country_admin_region_ethiopia::01'}}",473,0.012753451251078516,24,114,True
severe_outcomes_secondary,model4_preferred_lpm,severe_wasted,pooled,country_admin_region_ghana::09,-0.017332082640515434,0.00726097997756122,-0.031563341889001874,-0.0031008233920289934,0.016985705830990086,37088,4434,114,model_specific_equal_total_country_weight,cluster_robust_country_psu,True,"{'child_sex': {'reference': 'Male', 'reference_column': 'child_sex_Male'}, 'maternal_education': {'reference': 'No education', 'reference_column': 'maternal_education_No education'}, 'literacy': {'reference': 'Cannot read at all', 'reference_column': 'literacy_Cannot read at all'}, 'wealth_quintile': {'reference': 'Poorest', 'reference_column': 'wealth_quintile_Poorest'}, 'residence': {'reference': 'Rural', 'reference_column': 'residence_Rural'}, 'country_admin_region': {'reference': 'ethiopia::01', 'reference_column': 'country_admin_region_ethiopia::01'}}",473,0.012753451251078516,24,114,True
severe_outcomes_secondary,model4_preferred_lpm,severe_wasted,pooled,country_admin_region_ghana::10,-0.017465694775733252,0.007647264989129368,-0.0324540587346609,-0.002477330816805604,0.022376591791581975,37088,4434,114,model_specific_equal_total_country_weight,cluster_robust_country_psu,True,"{'child_sex': {'reference': 'Male', 'reference_column': 'child_sex_Male'}, 'maternal_education': {'reference': 'No education', 'reference_column': 'maternal_education_No education'}, 'literacy': {'reference': 'Cannot read at all', 'reference_column': 'literacy_Cannot read at all'}, 'wealth_quintile': {'reference': 'Poorest', 'reference_column': 'wealth_quintile_Poorest'}, 'residence': {'reference': 'Rural', 'reference_column': 'residence_Rural'}, 'country_admin_region': {'reference': 'ethiopia::01', 'reference_column': 'country_admin_region_ethiopia::01'}}",473,0.012753451251078516,24,114,True
severe_outcomes_secondary,model4_preferred_lpm,severe_wasted,pooled,country_admin_region_ghana::11,-0.015863032862357206,0.007904737592856948,-0.03135603385159667,-0.00037003187311774634,0.044773584467969994,37088,4434,114,model_specific_equal_total_country_weight,cluster_robust_country_psu,True,"{'child_sex': {'reference': 'Male', 'reference_column': 'child_sex_Male'}, 'maternal_education': {'reference': 'No education', 'reference_column': 'maternal_education_No education'}, 'literacy': {'reference': 'Cannot read at all', 'reference_column': 'literacy_Cannot read at all'}, 'wealth_quintile': {'reference': 'Poorest', 'reference_column': 'wealth_quintile_Poorest'}, 'residence': {'reference': 'Rural', 'reference_column': 'residence_Rural'}, 'country_admin_region': {'reference': 'ethiopia::01', 'reference_column': 'country_admin_region_ethiopia::01'}}",473,0.012753451251078516,24,114,True
severe_outcomes_secondary,model4_preferred_lpm,severe_wasted,pooled,country_admin_region_ghana::12,-0.005810195689940743,0.008880017435086155,-0.023214710044797356,0.011594318664915868,0.5129185254220798,37088,4434,114,model_specific_equal_total_country_weight,cluster_robust_country_psu,True,"{'child_sex': {'reference': 'Male', 'reference_column': 'child_sex_Male'}, 'maternal_education': {'reference': 'No education', 'reference_column': 'maternal_education_No education'}, 'literacy': {'reference': 'Cannot read at all', 'reference_column': 'literacy_Cannot read at all'}, 'wealth_quintile': {'reference': 'Poorest', 'reference_column': 'wealth_quintile_Poorest'}, 'residence': {'reference': 'Rural', 'reference_column': 'residence_Rural'}, 'country_admin_region': {'reference': 'ethiopia::01', 'reference_column': 'country_admin_region_ethiopia::01'}}",473,0.012753451251078516,24,114,True
severe_outcomes_secondary,model4_preferred_lpm,severe_wasted,pooled,country_admin_region_ghana::13,-0.01201930004106244,0.008943222227478826,-0.02954769351265902,0.0055090934305341375,0.17896251183824163,37088,4434,114,model_specific_equal_total_country_weight,cluster_robust_country_psu,True,"{'child_sex': {'reference': 'Male', 'reference_column': 'child_sex_Male'}, 'maternal_education': {'reference': 'No education', 'reference_column': 'maternal_education_No education'}, 'literacy': {'reference': 'Cannot read at all', 'reference_column': 'literacy_Cannot read at all'}, 'wealth_quintile': {'reference': 'Poorest', 'reference_column': 'wealth_quintile_Poorest'}, 'residence': {'reference': 'Rural', 'reference_column': 'residence_Rural'}, 'country_admin_region': {'reference': 'ethiopia::01', 'reference_column': 'country_admin_region_ethiopia::01'}}",473,0.012753451251078516,24,114,True
severe_outcomes_secondary,model4_preferred_lpm,severe_wasted,pooled,country_admin_region_ghana::14,-0.0009575104840387495,0.01362017475091839,-0.027652562458980595,0.0257375414909031,0.9439541696390554,37088,4434,114,model_specific_equal_total_country_weight,cluster_robust_country_psu,True,"{'child_sex': {'reference': 'Male', 'reference_column': 'child_sex_Male'}, 'maternal_education': {'reference': 'No education', 'reference_column': 'maternal_education_No education'}, 'literacy': {'reference': 'Cannot read at all', 'reference_column': 'literacy_Cannot read at all'}, 'wealth_quintile': {'reference': 'Poorest', 'reference_column': 'wealth_quintile_Poorest'}, 'residence': {'reference': 'Rural', 'reference_column': 'residence_Rural'}, 'country_admin_region': {'reference': 'ethiopia::01', 'reference_column': 'country_admin_region_ethiopia::01'}}",473,0.012753451251078516,24,114,True
severe_outcomes_secondary,model4_preferred_lpm,severe_wasted,pooled,country_admin_region_ghana::15,-0.01814305656870966,0.00798119973313787,-0.033785920599080574,-0.002500192538338747,0.023012671236174197,37088,4434,114,model_specific_equal_total_country_weight,cluster_robust_country_psu,True,"{'child_sex': {'reference': 'Male', 'reference_column': 'child_sex_Male'}, 'maternal_education': {'reference': 'No education', 'reference_column': 'maternal_education_No education'}, 'literacy': {'reference': 'Cannot read at all', 'reference_column': 'literacy_Cannot read at all'}, 'wealth_quintile': {'reference': 'Poorest', 'reference_column': 'wealth_quintile_Poorest'}, 'residence': {'reference': 'Rural', 'reference_column': 'residence_Rural'}, 'country_admin_region': {'reference': 'ethiopia::01', 'reference_column': 'country_admin_region_ethiopia::01'}}",473,0.012753451251078516,24,114,True
severe_outcomes_secondary,model4_preferred_lpm,severe_wasted,pooled,country_admin_region_ghana::16,0.0010606942514213035,0.010386548047187225,-0.019296565844760485,0.021417954347603095,0.9186599005953787,37088,4434,114,model_specific_equal_total_country_weight,cluster_robust_country_psu,True,"{'child_sex': {'reference': 'Male', 'reference_column': 'child_sex_Male'}, 'maternal_education': {'reference': 'No education', 'reference_column': 'maternal_education_No education'}, 'literacy': {'reference': 'Cannot read at all', 'reference_column': 'literacy_Cannot read at all'}, 'wealth_quintile': {'reference': 'Poorest', 'reference_column': 'wealth_quintile_Poorest'}, 'residence': {'reference': 'Rural', 'reference_column': 'residence_Rural'}, 'country_admin_region': {'reference': 'ethiopia::01', 'reference_column': 'country_admin_region_ethiopia::01'}}",473,0.012753451251078516,24,114,True
severe_outcomes_secondary,model4_preferred_lpm,severe_wasted,pooled,country_admin_region_kenya::01,-0.01301826650156298,0.007606605959772307,-0.027926940227304433,0.0018904072241784746,0.0869995110615795,37088,4434,114,model_specific_equal_total_country_weight,cluster_robust_country_psu,True,"{'child_sex': {'reference': 'Male', 'reference_column': 'child_sex_Male'}, 'maternal_education': {'reference': 'No education', 'reference_column': 'maternal_education_No education'}, 'literacy': {'reference': 'Cannot read at all', 'reference_column': 'literacy_Cannot read at all'}, 'wealth_quintile': {'reference': 'Poorest', 'reference_column': 'wealth_quintile_Poorest'}, 'residence': {'reference': 'Rural', 'reference_column': 'residence_Rural'}, 'country_admin_region': {'reference': 'ethiopia::01', 'reference_column': 'country_admin_region_ethiopia::01'}}",473,0.012753451251078516,24,114,True
severe_outcomes_secondary,model4_preferred_lpm,severe_wasted,pooled,country_admin_region_kenya::02,-0.009519339848657353,0.00855031424046429,-0.02627764781646731,0.007238968119152605,0.2655657978369279,37088,4434,114,model_specific_equal_total_country_weight,cluster_robust_country_psu,True,"{'child_sex': {'reference': 'Male', 'reference_column': 'child_sex_Male'}, 'maternal_education': {'reference': 'No education', 'reference_column': 'maternal_education_No education'}, 'literacy': {'reference': 'Cannot read at all', 'reference_column': 'literacy_Cannot read at all'}, 'wealth_quintile': {'reference': 'Poorest', 'reference_column': 'wealth_quintile_Poorest'}, 'residence': {'reference': 'Rural', 'reference_column': 'residence_Rural'}, 'country_admin_region': {'reference': 'ethiopia::01', 'reference_column': 'country_admin_region_ethiopia::01'}}",473,0.012753451251078516,24,114,True
severe_outcomes_secondary,model4_preferred_lpm,severe_wasted,pooled,country_admin_region_kenya::03,-0.00912203839948868,0.009033082959619994,-0.026826555669706348,0.008582478870728986,0.312568244415807,37088,4434,114,model_specific_equal_total_country_weight,cluster_robust_country_psu,True,"{'child_sex': {'reference': 'Male', 'reference_column': 'child_sex_Male'}, 'maternal_education': {'reference': 'No education', 'reference_column': 'maternal_education_No education'}, 'literacy': {'reference': 'Cannot read at all', 'reference_column': 'literacy_Cannot read at all'}, 'wealth_quintile': {'reference': 'Poorest', 'reference_column': 'wealth_quintile_Poorest'}, 'residence': {'reference': 'Rural', 'reference_column': 'residence_Rural'}, 'country_admin_region': {'reference': 'ethiopia::01', 'reference_column': 'country_admin_region_ethiopia::01'}}",473,0.012753451251078516,24,114,True
severe_outcomes_secondary,model4_preferred_lpm,severe_wasted,pooled,country_admin_region_kenya::04,-0.005610283968523294,0.008490646799602302,-0.022251645901194078,0.011031077964147491,0.5087659222414276,37088,4434,114,model_specific_equal_total_country_weight,cluster_robust_country_psu,True,"{'child_sex': {'reference': 'Male', 'reference_column': 'child_sex_Male'}, 'maternal_education': {'reference': 'No education', 'reference_column': 'maternal_education_No education'}, 'literacy': {'reference': 'Cannot read at all', 'reference_column': 'literacy_Cannot read at all'}, 'wealth_quintile': {'reference': 'Poorest', 'reference_column': 'wealth_quintile_Poorest'}, 'residence': {'reference': 'Rural', 'reference_column': 'residence_Rural'}, 'country_admin_region': {'reference': 'ethiopia::01', 'reference_column': 'country_admin_region_ethiopia::01'}}",473,0.012753451251078516,24,114,True
severe_outcomes_secondary,model4_preferred_lpm,severe_wasted,pooled,country_admin_region_kenya::05,-0.012784252165172946,0.007797475871874069,-0.02806702404436618,0.0024985197140202867,0.10110141899680489,37088,4434,114,model_specific_equal_total_country_weight,cluster_robust_country_psu,True,"{'child_sex': {'reference': 'Male', 'reference_column': 'child_sex_Male'}, 'maternal_education': {'reference': 'No education', 'reference_column': 'maternal_education_No education'}, 'literacy': {'reference': 'Cannot read at all', 'reference_column': 'literacy_Cannot read at all'}, 'wealth_quintile': {'reference': 'Poorest', 'reference_column': 'wealth_quintile_Poorest'}, 'residence': {'reference': 'Rural', 'reference_column': 'residence_Rural'}, 'country_admin_region': {'reference': 'ethiopia::01', 'reference_column': 'country_admin_region_ethiopia::01'}}",473,0.012753451251078516,24,114,True
severe_outcomes_secondary,model4_preferred_lpm,severe_wasted,pooled,country_admin_region_kenya::06,-0.01479604463890889,0.007271018038653241,-0.029046978125610308,-0.000545111152207475,0.0418574753545617,37088,4434,114,model_specific_equal_total_country_weight,cluster_robust_country_psu,True,"{'child_sex': {'reference': 'Male', 'reference_column': 'child_sex_Male'}, 'maternal_education': {'reference': 'No education', 'reference_column': 'maternal_education_No education'}, 'literacy': {'reference': 'Cannot read at all', 'reference_column': 'literacy_Cannot read at all'}, 'wealth_quintile': {'reference': 'Poorest', 'reference_column': 'wealth_quintile_Poorest'}, 'residence': {'reference': 'Rural', 'reference_column': 'residence_Rural'}, 'country_admin_region': {'reference': 'ethiopia::01', 'reference_column': 'country_admin_region_ethiopia::01'}}",473,0.012753451251078516,24,114,True
severe_outcomes_secondary,model4_preferred_lpm,severe_wasted,pooled,country_admin_region_kenya::07,0.009149849025005284,0.010733816958593614,-0.01188804563048346,0.03018774368049403,0.3939743673644782,37088,4434,114,model_specific_equal_total_country_weight,cluster_robust_country_psu,True,"{'child_sex': {'reference': 'Male', 'reference_column': 'child_sex_Male'}, 'maternal_education': {'reference': 'No education', 'reference_column': 'maternal_education_No education'}, 'literacy': {'reference': 'Cannot read at all', 'reference_column': 'literacy_Cannot read at all'}, 'wealth_quintile': {'reference': 'Poorest', 'reference_column': 'wealth_quintile_Poorest'}, 'residence': {'reference': 'Rural', 'reference_column': 'residence_Rural'}, 'country_admin_region': {'reference': 'ethiopia::01', 'reference_column': 'country_admin_region_ethiopia::01'}}",473,0.012753451251078516,24,114,True
severe_outcomes_secondary,model4_preferred_lpm,severe_wasted,pooled,country_admin_region_kenya::08,0.014370073286050998,0.015301043471855362,-0.015619420844667222,0.04435956741676922,0.347650437766334,37088,4434,114,model_specific_equal_total_country_weight,cluster_robust_country_psu,True,"{'child_sex': {'reference': 'Male', 'reference_column': 'child_sex_Male'}, 'maternal_education': {'reference': 'No education', 'reference_column': 'maternal_education_No education'}, 'literacy': {'reference': 'Cannot read at all', 'reference_column': 'literacy_Cannot read at all'}, 'wealth_quintile': {'reference': 'Poorest', 'reference_column': 'wealth_quintile_Poorest'}, 'residence': {'reference': 'Rural', 'reference_column': 'residence_Rural'}, 'country_admin_region': {'reference': 'ethiopia::01', 'reference_column': 'country_admin_region_ethiopia::01'}}",473,0.012753451251078516,24,114,True
severe_outcomes_secondary,model4_preferred_lpm,severe_wasted,pooled,country_admin_region_kenya::09,0.006433874403776034,0.010353729579922033,-0.013859062678538174,0.02672681148609024,0.5343322253894836,37088,4434,114,model_specific_equal_total_country_weight,cluster_robust_country_psu,True,"{'child_sex': {'reference': 'Male', 'reference_column': 'child_sex_Male'}, 'maternal_education': {'reference': 'No education', 'reference_column': 'maternal_education_No education'}, 'literacy': {'reference': 'Cannot read at all', 'reference_column': 'literacy_Cannot read at all'}, 'wealth_quintile': {'reference': 'Poorest', 'reference_column': 'wealth_quintile_Poorest'}, 'residence': {'reference': 'Rural', 'reference_column': 'residence_Rural'}, 'country_admin_region': {'reference': 'ethiopia::01', 'reference_column': 'country_admin_region_ethiopia::01'}}",473,0.012753451251078516,24,114,True
severe_outcomes_secondary,model4_preferred_lpm,severe_wasted,pooled,country_admin_region_kenya::10,0.01832897722834733,0.017139059176878288,-0.01526296148723482,0.05192091594392948,0.2848771858459307,37088,4434,114,model_specific_equal_total_country_weight,cluster_robust_country_psu,True,"{'child_sex': {'reference': 'Male', 'reference_column': 'child_sex_Male'}, 'maternal_education': {'reference': 'No education', 'reference_column': 'maternal_education_No education'}, 'literacy': {'reference': 'Cannot read at all', 'reference_column': 'literacy_Cannot read at all'}, 'wealth_quintile': {'reference': 'Poorest', 'reference_column': 'wealth_quintile_Poorest'}, 'residence': {'reference': 'Rural', 'reference_column': 'residence_Rural'}, 'country_admin_region': {'reference': 'ethiopia::01', 'reference_column': 'country_admin_region_ethiopia::01'}}",473,0.012753451251078516,24,114,True
severe_outcomes_secondary,model4_preferred_lpm,severe_wasted,pooled,country_admin_region_kenya::11,-0.007524119013294721,0.008391230209074505,-0.02397062800906526,0.008922389982475815,0.3698979198757234,37088,4434,114,model_specific_equal_total_country_weight,cluster_robust_country_psu,True,"{'child_sex': {'reference': 'Male', 'reference_column': 'child_sex_Male'}, 'maternal_education': {'reference': 'No education', 'reference_column': 'maternal_education_No education'}, 'literacy': {'reference': 'Cannot read at all', 'reference_column': 'literacy_Cannot read at all'}, 'wealth_quintile': {'reference': 'Poorest', 'reference_column': 'wealth_quintile_Poorest'}, 'residence': {'reference': 'Rural', 'reference_column': 'residence_Rural'}, 'country_admin_region': {'reference': 'ethiopia::01', 'reference_column': 'country_admin_region_ethiopia::01'}}",473,0.012753451251078516,24,114,True
severe_outcomes_secondary,model4_preferred_lpm,severe_wasted,pooled,country_admin_region_kenya::12,-0.01681948859618407,0.007183116722985767,-0.030898138669983553,-0.002740838522384591,0.01920484451666866,37088,4434,114,model_specific_equal_total_country_weight,cluster_robust_country_psu,True,"{'child_sex': {'reference': 'Male', 'reference_column': 'child_sex_Male'}, 'maternal_education': {'reference': 'No education', 'reference_column': 'maternal_education_No education'}, 'literacy': {'reference': 'Cannot read at all', 'reference_column': 'literacy_Cannot read at all'}, 'wealth_quintile': {'reference': 'Poorest', 'reference_column': 'wealth_quintile_Poorest'}, 'residence': {'reference': 'Rural', 'reference_column': 'residence_Rural'}, 'country_admin_region': {'reference': 'ethiopia::01', 'reference_column': 'country_admin_region_ethiopia::01'}}",473,0.012753451251078516,24,114,True
severe_outcomes_secondary,model4_preferred_lpm,severe_wasted,pooled,country_admin_region_kenya::13,-0.01545704884129008,0.007356208997888692,-0.029874953539901397,-0.0010391441426787617,0.03562123665098581,37088,4434,114,model_specific_equal_total_country_weight,cluster_robust_country_psu,True,"{'child_sex': {'reference': 'Male', 'reference_column': 'child_sex_Male'}, 'maternal_education': {'reference': 'No education', 'reference_column': 'maternal_education_No education'}, 'literacy': {'reference': 'Cannot read at all', 'reference_column': 'literacy_Cannot read at all'}, 'wealth_quintile': {'reference': 'Poorest', 'reference_column': 'wealth_quintile_Poorest'}, 'residence': {'reference': 'Rural', 'reference_column': 'residence_Rural'}, 'country_admin_region': {'reference': 'ethiopia::01', 'reference_column': 'country_admin_region_ethiopia::01'}}",473,0.012753451251078516,24,114,True
severe_outcomes_secondary,model4_preferred_lpm,severe_wasted,pooled,country_admin_region_kenya::14,0.0030289288346341163,0.011270133526654319,-0.019060126978565736,0.025117984647833966,0.7881165788023101,37088,4434,114,model_specific_equal_total_country_weight,cluster_robust_country_psu,True,"{'child_sex': {'reference': 'Male', 'reference_column': 'child_sex_Male'}, 'maternal_education': {'reference': 'No education', 'reference_column': 'maternal_education_No education'}, 'literacy': {'reference': 'Cannot read at all', 'reference_column': 'literacy_Cannot read at all'}, 'wealth_quintile': {'reference': 'Poorest', 'reference_column': 'wealth_quintile_Poorest'}, 'residence': {'reference': 'Rural', 'reference_column': 'residence_Rural'}, 'country_admin_region': {'reference': 'ethiopia::01', 'reference_column': 'country_admin_region_ethiopia::01'}}",473,0.012753451251078516,24,114,True
severe_outcomes_secondary,model4_preferred_lpm,severe_wasted,pooled,country_admin_region_kenya::15,-0.007507032129308904,0.00925896920001077,-0.02565427829529565,0.010640214036677843,0.4174892253085979,37088,4434,114,model_specific_equal_total_country_weight,cluster_robust_country_psu,True,"{'child_sex': {'reference': 'Male', 'reference_column': 'child_sex_Male'}, 'maternal_education': {'reference': 'No education', 'reference_column': 'maternal_education_No education'}, 'literacy': {'reference': 'Cannot read at all', 'reference_column': 'literacy_Cannot read at all'}, 'wealth_quintile': {'reference': 'Poorest', 'reference_column': 'wealth_quintile_Poorest'}, 'residence': {'reference': 'Rural', 'reference_column': 'residence_Rural'}, 'country_admin_region': {'reference': 'ethiopia::01', 'reference_column': 'country_admin_region_ethiopia::01'}}",473,0.012753451251078516,24,114,True
severe_outcomes_secondary,model4_preferred_lpm,severe_wasted,pooled,country_admin_region_kenya::16,-0.014493349204287928,0.007359058745511681,-0.028916839305605332,-6.985910297052124e-05,0.04890064442905928,37088,4434,114,model_specific_equal_total_country_weight,cluster_robust_country_psu,True,"{'child_sex': {'reference': 'Male', 'reference_column': 'child_sex_Male'}, 'maternal_education': {'reference': 'No education', 'reference_column': 'maternal_education_No education'}, 'literacy': {'reference': 'Cannot read at all', 'reference_column': 'literacy_Cannot read at all'}, 'wealth_quintile': {'reference': 'Poorest', 'reference_column': 'wealth_quintile_Poorest'}, 'residence': {'reference': 'Rural', 'reference_column': 'residence_Rural'}, 'country_admin_region': {'reference': 'ethiopia::01', 'reference_column': 'country_admin_region_ethiopia::01'}}",473,0.012753451251078516,24,114,True
severe_outcomes_secondary,model4_preferred_lpm,severe_wasted,pooled,country_admin_region_kenya::17,-0.016441732664650734,0.007629632397414655,-0.03139553737886345,-0.0014879279504380217,0.031163117860669144,37088,4434,114,model_specific_equal_total_country_weight,cluster_robust_country_psu,True,"{'child_sex': {'reference': 'Male', 'reference_column': 'child_sex_Male'}, 'maternal_education': {'reference': 'No education', 'reference_column': 'maternal_education_No education'}, 'literacy': {'reference': 'Cannot read at all', 'reference_column': 'literacy_Cannot read at all'}, 'wealth_quintile': {'reference': 'Poorest', 'reference_column': 'wealth_quintile_Poorest'}, 'residence': {'reference': 'Rural', 'reference_column': 'residence_Rural'}, 'country_admin_region': {'reference': 'ethiopia::01', 'reference_column': 'country_admin_region_ethiopia::01'}}",473,0.012753451251078516,24,114,True
severe_outcomes_secondary,model4_preferred_lpm,severe_wasted,pooled,country_admin_region_kenya::18,-0.0073824161784873145,0.009042721374471839,-0.025105824394682653,0.010340992037708024,0.4142752884366122,37088,4434,114,model_specific_equal_total_country_weight,cluster_robust_country_psu,True,"{'child_sex': {'reference': 'Male', 'reference_column': 'child_sex_Male'}, 'maternal_education': {'reference': 'No education', 'reference_column': 'maternal_education_No education'}, 'literacy': {'reference': 'Cannot read at all', 'reference_column': 'literacy_Cannot read at all'}, 'wealth_quintile': {'reference': 'Poorest', 'reference_column': 'wealth_quintile_Poorest'}, 'residence': {'reference': 'Rural', 'reference_column': 'residence_Rural'}, 'country_admin_region': {'reference': 'ethiopia::01', 'reference_column': 'country_admin_region_ethiopia::01'}}",473,0.012753451251078516,24,114,True
severe_outcomes_secondary,model4_preferred_lpm,severe_wasted,pooled,country_admin_region_kenya::19,-0.012827378391626256,0.00719419676911029,-0.026927744956776842,0.0012729881735243313,0.07458346249514561,37088,4434,114,model_specific_equal_total_country_weight,cluster_robust_country_psu,True,"{'child_sex': {'reference': 'Male', 'reference_column': 'child_sex_Male'}, 'maternal_education': {'reference': 'No education', 'reference_column': 'maternal_education_No education'}, 'literacy': {'reference': 'Cannot read at all', 'reference_column': 'literacy_Cannot read at all'}, 'wealth_quintile': {'reference': 'Poorest', 'reference_column': 'wealth_quintile_Poorest'}, 'residence': {'reference': 'Rural', 'reference_column': 'residence_Rural'}, 'country_admin_region': {'reference': 'ethiopia::01', 'reference_column': 'country_admin_region_ethiopia::01'}}",473,0.012753451251078516,24,114,True
severe_outcomes_secondary,model4_preferred_lpm,severe_wasted,pooled,country_admin_region_kenya::20,-0.013101027993615025,0.00744058402204689,-0.027684304700771108,0.001482248713541058,0.07828027814315863,37088,4434,114,model_specific_equal_total_country_weight,cluster_robust_country_psu,True,"{'child_sex': {'reference': 'Male', 'reference_column': 'child_sex_Male'}, 'maternal_education': {'reference': 'No education', 'reference_column': 'maternal_education_No education'}, 'literacy': {'reference': 'Cannot read at all', 'reference_column': 'literacy_Cannot read at all'}, 'wealth_quintile': {'reference': 'Poorest', 'reference_column': 'wealth_quintile_Poorest'}, 'residence': {'reference': 'Rural', 'reference_column': 'residence_Rural'}, 'country_admin_region': {'reference': 'ethiopia::01', 'reference_column': 'country_admin_region_ethiopia::01'}}",473,0.012753451251078516,24,114,True
severe_outcomes_secondary,model4_preferred_lpm,severe_wasted,pooled,country_admin_region_kenya::21,-0.014508442031995628,0.007564645652127235,-0.02933487506597252,0.0003179910019812625,0.05512020289275924,37088,4434,114,model_specific_equal_total_country_weight,cluster_robust_country_psu,True,"{'child_sex': {'reference': 'Male', 'reference_column': 'child_sex_Male'}, 'maternal_education': {'reference': 'No education', 'reference_column': 'maternal_education_No education'}, 'literacy': {'reference': 'Cannot read at all', 'reference_column': 'literacy_Cannot read at all'}, 'wealth_quintile': {'reference': 'Poorest', 'reference_column': 'wealth_quintile_Poorest'}, 'residence': {'reference': 'Rural', 'reference_column': 'residence_Rural'}, 'country_admin_region': {'reference': 'ethiopia::01', 'reference_column': 'country_admin_region_ethiopia::01'}}",473,0.012753451251078516,24,114,True
severe_outcomes_secondary,model4_preferred_lpm,severe_wasted,pooled,country_admin_region_kenya::22,-0.00656457325629698,0.008606295071900623,-0.023432601637546756,0.010303455124952794,0.4456040710919127,37088,4434,114,model_specific_equal_total_country_weight,cluster_robust_country_psu,True,"{'child_sex': {'reference': 'Male', 'reference_column': 'child_sex_Male'}, 'maternal_education': {'reference': 'No education', 'reference_column': 'maternal_education_No education'}, 'literacy': {'reference': 'Cannot read at all', 'reference_column': 'literacy_Cannot read at all'}, 'wealth_quintile': {'reference': 'Poorest', 'reference_column': 'wealth_quintile_Poorest'}, 'residence': {'reference': 'Rural', 'reference_column': 'residence_Rural'}, 'country_admin_region': {'reference': 'ethiopia::01', 'reference_column': 'country_admin_region_ethiopia::01'}}",473,0.012753451251078516,24,114,True
severe_outcomes_secondary,model4_preferred_lpm,severe_wasted,pooled,country_admin_region_kenya::23,0.005375621173792204,0.01058124605014668,-0.015363239996051992,0.0261144823436364,0.6114302669250596,37088,4434,114,model_specific_equal_total_country_weight,cluster_robust_country_psu,True,"{'child_sex': {'reference': 'Male', 'reference_column': 'child_sex_Male'}, 'maternal_education': {'reference': 'No education', 'reference_column': 'maternal_education_No education'}, 'literacy': {'reference': 'Cannot read at all', 'reference_column': 'literacy_Cannot read at all'}, 'wealth_quintile': {'reference': 'Poorest', 'reference_column': 'wealth_quintile_Poorest'}, 'residence': {'reference': 'Rural', 'reference_column': 'residence_Rural'}, 'country_admin_region': {'reference': 'ethiopia::01', 'reference_column': 'country_admin_region_ethiopia::01'}}",473,0.012753451251078516,24,114,True
severe_outcomes_secondary,model4_preferred_lpm,severe_wasted,pooled,country_admin_region_kenya::24,-0.008714166476916302,0.008812978093535926,-0.025987286136787184,0.008558953182954581,0.3227669047452879,37088,4434,114,model_specific_equal_total_country_weight,cluster_robust_country_psu,True,"{'child_sex': {'reference': 'Male', 'reference_column': 'child_sex_Male'}, 'maternal_education': {'reference': 'No education', 'reference_column': 'maternal_education_No education'}, 'literacy': {'reference': 'Cannot read at all', 'reference_column': 'literacy_Cannot read at all'}, 'wealth_quintile': {'reference': 'Poorest', 'reference_column': 'wealth_quintile_Poorest'}, 'residence': {'reference': 'Rural', 'reference_column': 'residence_Rural'}, 'country_admin_region': {'reference': 'ethiopia::01', 'reference_column': 'country_admin_region_ethiopia::01'}}",473,0.012753451251078516,24,114,True
severe_outcomes_secondary,model4_preferred_lpm,severe_wasted,pooled,country_admin_region_kenya::25,-0.005632829962397427,0.009018999840143429,-0.02330974482565105,0.012044084900856195,0.5322654536413541,37088,4434,114,model_specific_equal_total_country_weight,cluster_robust_country_psu,True,"{'child_sex': {'reference': 'Male', 'reference_column': 'child_sex_Male'}, 'maternal_education': {'reference': 'No education', 'reference_column': 'maternal_education_No education'}, 'literacy': {'reference': 'Cannot read at all', 'reference_column': 'literacy_Cannot read at all'}, 'wealth_quintile': {'reference': 'Poorest', 'reference_column': 'wealth_quintile_Poorest'}, 'residence': {'reference': 'Rural', 'reference_column': 'residence_Rural'}, 'country_admin_region': {'reference': 'ethiopia::01', 'reference_column': 'country_admin_region_ethiopia::01'}}",473,0.012753451251078516,24,114,True
severe_outcomes_secondary,model4_preferred_lpm,severe_wasted,pooled,country_admin_region_kenya::26,-0.015006403964497097,0.00771225176729487,-0.03012213966810042,0.00010933173910623005,0.05168025707072481,37088,4434,114,model_specific_equal_total_country_weight,cluster_robust_country_psu,True,"{'child_sex': {'reference': 'Male', 'reference_column': 'child_sex_Male'}, 'maternal_education': {'reference': 'No education', 'reference_column': 'maternal_education_No education'}, 'literacy': {'reference': 'Cannot read at all', 'reference_column': 'literacy_Cannot read at all'}, 'wealth_quintile': {'reference': 'Poorest', 'reference_column': 'wealth_quintile_Poorest'}, 'residence': {'reference': 'Rural', 'reference_column': 'residence_Rural'}, 'country_admin_region': {'reference': 'ethiopia::01', 'reference_column': 'country_admin_region_ethiopia::01'}}",473,0.012753451251078516,24,114,True
severe_outcomes_secondary,model4_preferred_lpm,severe_wasted,pooled,country_admin_region_kenya::27,-0.0038135980360504552,0.01032362652093831,-0.02404753420693208,0.01642033813483117,0.711825959669536,37088,4434,114,model_specific_equal_total_country_weight,cluster_robust_country_psu,True,"{'child_sex': {'reference': 'Male', 'reference_column': 'child_sex_Male'}, 'maternal_education': {'reference': 'No education', 'reference_column': 'maternal_education_No education'}, 'literacy': {'reference': 'Cannot read at all', 'reference_column': 'literacy_Cannot read at all'}, 'wealth_quintile': {'reference': 'Poorest', 'reference_column': 'wealth_quintile_Poorest'}, 'residence': {'reference': 'Rural', 'reference_column': 'residence_Rural'}, 'country_admin_region': {'reference': 'ethiopia::01', 'reference_column': 'country_admin_region_ethiopia::01'}}",473,0.012753451251078516,24,114,True
severe_outcomes_secondary,model4_preferred_lpm,severe_wasted,pooled,country_admin_region_kenya::28,-0.004005206416031766,0.00894234561322157,-0.021531881755255788,0.013521468923192257,0.6542310329458285,37088,4434,114,model_specific_equal_total_country_weight,cluster_robust_country_psu,True,"{'child_sex': {'reference': 'Male', 'reference_column': 'child_sex_Male'}, 'maternal_education': {'reference': 'No education', 'reference_column': 'maternal_education_No education'}, 'literacy': {'reference': 'Cannot read at all', 'reference_column': 'literacy_Cannot read at all'}, 'wealth_quintile': {'reference': 'Poorest', 'reference_column': 'wealth_quintile_Poorest'}, 'residence': {'reference': 'Rural', 'reference_column': 'residence_Rural'}, 'country_admin_region': {'reference': 'ethiopia::01', 'reference_column': 'country_admin_region_ethiopia::01'}}",473,0.012753451251078516,24,114,True
severe_outcomes_secondary,model4_preferred_lpm,severe_wasted,pooled,country_admin_region_kenya::29,-0.014152575398705783,0.007428748010512628,-0.028712653949534112,0.00040750315212254723,0.05676589141491503,37088,4434,114,model_specific_equal_total_country_weight,cluster_robust_country_psu,True,"{'child_sex': {'reference': 'Male', 'reference_column': 'child_sex_Male'}, 'maternal_education': {'reference': 'No education', 'reference_column': 'maternal_education_No education'}, 'literacy': {'reference': 'Cannot read at all', 'reference_column': 'literacy_Cannot read at all'}, 'wealth_quintile': {'reference': 'Poorest', 'reference_column': 'wealth_quintile_Poorest'}, 'residence': {'reference': 'Rural', 'reference_column': 'residence_Rural'}, 'country_admin_region': {'reference': 'ethiopia::01', 'reference_column': 'country_admin_region_ethiopia::01'}}",473,0.012753451251078516,24,114,True
severe_outcomes_secondary,model4_preferred_lpm,severe_wasted,pooled,country_admin_region_kenya::30,0.00016683961568440074,0.00887350199029129,-0.017224904702031016,0.01755858393339982,0.9849990555258896,37088,4434,114,model_specific_equal_total_country_weight,cluster_robust_country_psu,True,"{'child_sex': {'reference': 'Male', 'reference_column': 'child_sex_Male'}, 'maternal_education': {'reference': 'No education', 'reference_column': 'maternal_education_No education'}, 'literacy': {'reference': 'Cannot read at all', 'reference_column': 'literacy_Cannot read at all'}, 'wealth_quintile': {'reference': 'Poorest', 'reference_column': 'wealth_quintile_Poorest'}, 'residence': {'reference': 'Rural', 'reference_column': 'residence_Rural'}, 'country_admin_region': {'reference': 'ethiopia::01', 'reference_column': 'country_admin_region_ethiopia::01'}}",473,0.012753451251078516,24,114,True
severe_outcomes_secondary,model4_preferred_lpm,severe_wasted,pooled,country_admin_region_kenya::31,-0.015007994768198595,0.0069100226997473695,-0.02855139039205767,-0.00146459914433952,0.029861934922485,37088,4434,114,model_specific_equal_total_country_weight,cluster_robust_country_psu,True,"{'child_sex': {'reference': 'Male', 'reference_column': 'child_sex_Male'}, 'maternal_education': {'reference': 'No education', 'reference_column': 'maternal_education_No education'}, 'literacy': {'reference': 'Cannot read at all', 'reference_column': 'literacy_Cannot read at all'}, 'wealth_quintile': {'reference': 'Poorest', 'reference_column': 'wealth_quintile_Poorest'}, 'residence': {'reference': 'Rural', 'reference_column': 'residence_Rural'}, 'country_admin_region': {'reference': 'ethiopia::01', 'reference_column': 'country_admin_region_ethiopia::01'}}",473,0.012753451251078516,24,114,True
severe_outcomes_secondary,model4_preferred_lpm,severe_wasted,pooled,country_admin_region_kenya::32,-0.00465955683600692,0.008358904553523266,-0.021042708711120385,0.011723595039106543,0.5772293690345724,37088,4434,114,model_specific_equal_total_country_weight,cluster_robust_country_psu,True,"{'child_sex': {'reference': 'Male', 'reference_column': 'child_sex_Male'}, 'maternal_education': {'reference': 'No education', 'reference_column': 'maternal_education_No education'}, 'literacy': {'reference': 'Cannot read at all', 'reference_column': 'literacy_Cannot read at all'}, 'wealth_quintile': {'reference': 'Poorest', 'reference_column': 'wealth_quintile_Poorest'}, 'residence': {'reference': 'Rural', 'reference_column': 'residence_Rural'}, 'country_admin_region': {'reference': 'ethiopia::01', 'reference_column': 'country_admin_region_ethiopia::01'}}",473,0.012753451251078516,24,114,True
severe_outcomes_secondary,model4_preferred_lpm,severe_wasted,pooled,country_admin_region_kenya::33,-0.014678872176000583,0.00759573248894804,-0.029566234290539527,0.00020848993853835908,0.053295887962290116,37088,4434,114,model_specific_equal_total_country_weight,cluster_robust_country_psu,True,"{'child_sex': {'reference': 'Male', 'reference_column': 'child_sex_Male'}, 'maternal_education': {'reference': 'No education', 'reference_column': 'maternal_education_No education'}, 'literacy': {'reference': 'Cannot read at all', 'reference_column': 'literacy_Cannot read at all'}, 'wealth_quintile': {'reference': 'Poorest', 'reference_column': 'wealth_quintile_Poorest'}, 'residence': {'reference': 'Rural', 'reference_column': 'residence_Rural'}, 'country_admin_region': {'reference': 'ethiopia::01', 'reference_column': 'country_admin_region_ethiopia::01'}}",473,0.012753451251078516,24,114,True
severe_outcomes_secondary,model4_preferred_lpm,severe_wasted,pooled,country_admin_region_kenya::34,-0.004750171699530367,0.009385800494519642,-0.023146002634867095,0.01364565923580636,0.612785099146307,37088,4434,114,model_specific_equal_total_country_weight,cluster_robust_country_psu,True,"{'child_sex': {'reference': 'Male', 'reference_column': 'child_sex_Male'}, 'maternal_education': {'reference': 'No education', 'reference_column': 'maternal_education_No education'}, 'literacy': {'reference': 'Cannot read at all', 'reference_column': 'literacy_Cannot read at all'}, 'wealth_quintile': {'reference': 'Poorest', 'reference_column': 'wealth_quintile_Poorest'}, 'residence': {'reference': 'Rural', 'reference_column': 'residence_Rural'}, 'country_admin_region': {'reference': 'ethiopia::01', 'reference_column': 'country_admin_region_ethiopia::01'}}",473,0.012753451251078516,24,114,True
severe_outcomes_secondary,model4_preferred_lpm,severe_wasted,pooled,country_admin_region_kenya::35,-0.011425754606823222,0.007589051285214247,-0.026300021802670555,0.0034485125890241115,0.13218075390056488,37088,4434,114,model_specific_equal_total_country_weight,cluster_robust_country_psu,True,"{'child_sex': {'reference': 'Male', 'reference_column': 'child_sex_Male'}, 'maternal_education': {'reference': 'No education', 'reference_column': 'maternal_education_No education'}, 'literacy': {'reference': 'Cannot read at all', 'reference_column': 'literacy_Cannot read at all'}, 'wealth_quintile': {'reference': 'Poorest', 'reference_column': 'wealth_quintile_Poorest'}, 'residence': {'reference': 'Rural', 'reference_column': 'residence_Rural'}, 'country_admin_region': {'reference': 'ethiopia::01', 'reference_column': 'country_admin_region_ethiopia::01'}}",473,0.012753451251078516,24,114,True
severe_outcomes_secondary,model4_preferred_lpm,severe_wasted,pooled,country_admin_region_kenya::36,-0.01366766730801646,0.008857798017834312,-0.031028632405301994,0.0036932977892690736,0.12282844855645542,37088,4434,114,model_specific_equal_total_country_weight,cluster_robust_country_psu,True,"{'child_sex': {'reference': 'Male', 'reference_column': 'child_sex_Male'}, 'maternal_education': {'reference': 'No education', 'reference_column': 'maternal_education_No education'}, 'literacy': {'reference': 'Cannot read at all', 'reference_column': 'literacy_Cannot read at all'}, 'wealth_quintile': {'reference': 'Poorest', 'reference_column': 'wealth_quintile_Poorest'}, 'residence': {'reference': 'Rural', 'reference_column': 'residence_Rural'}, 'country_admin_region': {'reference': 'ethiopia::01', 'reference_column': 'country_admin_region_ethiopia::01'}}",473,0.012753451251078516,24,114,True
severe_outcomes_secondary,model4_preferred_lpm,severe_wasted,pooled,country_admin_region_kenya::37,-0.0163619323674877,0.007074084658927458,-0.03022688352257283,-0.0024969812124025683,0.020725946003890074,37088,4434,114,model_specific_equal_total_country_weight,cluster_robust_country_psu,True,"{'child_sex': {'reference': 'Male', 'reference_column': 'child_sex_Male'}, 'maternal_education': {'reference': 'No education', 'reference_column': 'maternal_education_No education'}, 'literacy': {'reference': 'Cannot read at all', 'reference_column': 'literacy_Cannot read at all'}, 'wealth_quintile': {'reference': 'Poorest', 'reference_column': 'wealth_quintile_Poorest'}, 'residence': {'reference': 'Rural', 'reference_column': 'residence_Rural'}, 'country_admin_region': {'reference': 'ethiopia::01', 'reference_column': 'country_admin_region_ethiopia::01'}}",473,0.012753451251078516,24,114,True
severe_outcomes_secondary,model4_preferred_lpm,severe_wasted,pooled,country_admin_region_kenya::38,-0.01680253277966669,0.007862710368080025,-0.03221316192197321,-0.0013919036373601697,0.03259881170332037,37088,4434,114,model_specific_equal_total_country_weight,cluster_robust_country_psu,True,"{'child_sex': {'reference': 'Male', 'reference_column': 'child_sex_Male'}, 'maternal_education': {'reference': 'No education', 'reference_column': 'maternal_education_No education'}, 'literacy': {'reference': 'Cannot read at all', 'reference_column': 'literacy_Cannot read at all'}, 'wealth_quintile': {'reference': 'Poorest', 'reference_column': 'wealth_quintile_Poorest'}, 'residence': {'reference': 'Rural', 'reference_column': 'residence_Rural'}, 'country_admin_region': {'reference': 'ethiopia::01', 'reference_column': 'country_admin_region_ethiopia::01'}}",473,0.012753451251078516,24,114,True
severe_outcomes_secondary,model4_preferred_lpm,severe_wasted,pooled,country_admin_region_kenya::39,-0.015785319468995005,0.007199116517333369,-0.029895328563475834,-0.0016753103745141776,0.028330836655135076,37088,4434,114,model_specific_equal_total_country_weight,cluster_robust_country_psu,True,"{'child_sex': {'reference': 'Male', 'reference_column': 'child_sex_Male'}, 'maternal_education': {'reference': 'No education', 'reference_column': 'maternal_education_No education'}, 'literacy': {'reference': 'Cannot read at all', 'reference_column': 'literacy_Cannot read at all'}, 'wealth_quintile': {'reference': 'Poorest', 'reference_column': 'wealth_quintile_Poorest'}, 'residence': {'reference': 'Rural', 'reference_column': 'residence_Rural'}, 'country_admin_region': {'reference': 'ethiopia::01', 'reference_column': 'country_admin_region_ethiopia::01'}}",473,0.012753451251078516,24,114,True
severe_outcomes_secondary,model4_preferred_lpm,severe_wasted,pooled,country_admin_region_kenya::40,-0.016782910765471847,0.007276680144936359,-0.031044941776564812,-0.002520879754378884,0.0210884785804803,37088,4434,114,model_specific_equal_total_country_weight,cluster_robust_country_psu,True,"{'child_sex': {'reference': 'Male', 'reference_column': 'child_sex_Male'}, 'maternal_education': {'reference': 'No education', 'reference_column': 'maternal_education_No education'}, 'literacy': {'reference': 'Cannot read at all', 'reference_column': 'literacy_Cannot read at all'}, 'wealth_quintile': {'reference': 'Poorest', 'reference_column': 'wealth_quintile_Poorest'}, 'residence': {'reference': 'Rural', 'reference_column': 'residence_Rural'}, 'country_admin_region': {'reference': 'ethiopia::01', 'reference_column': 'country_admin_region_ethiopia::01'}}",473,0.012753451251078516,24,114,True
severe_outcomes_secondary,model4_preferred_lpm,severe_wasted,pooled,country_admin_region_kenya::41,-0.006296743208568307,0.009018496626531633,-0.023972671791266283,0.011379185374129666,0.4850501252205477,37088,4434,114,model_specific_equal_total_country_weight,cluster_robust_country_psu,True,"{'child_sex': {'reference': 'Male', 'reference_column': 'child_sex_Male'}, 'maternal_education': {'reference': 'No education', 'reference_column': 'maternal_education_No education'}, 'literacy': {'reference': 'Cannot read at all', 'reference_column': 'literacy_Cannot read at all'}, 'wealth_quintile': {'reference': 'Poorest', 'reference_column': 'wealth_quintile_Poorest'}, 'residence': {'reference': 'Rural', 'reference_column': 'residence_Rural'}, 'country_admin_region': {'reference': 'ethiopia::01', 'reference_column': 'country_admin_region_ethiopia::01'}}",473,0.012753451251078516,24,114,True
severe_outcomes_secondary,model4_preferred_lpm,severe_wasted,pooled,country_admin_region_kenya::42,-0.01147016914039692,0.008086039664942627,-0.027318515661246795,0.004378177380452953,0.15604044139349488,37088,4434,114,model_specific_equal_total_country_weight,cluster_robust_country_psu,True,"{'child_sex': {'reference': 'Male', 'reference_column': 'child_sex_Male'}, 'maternal_education': {'reference': 'No education', 'reference_column': 'maternal_education_No education'}, 'literacy': {'reference': 'Cannot read at all', 'reference_column': 'literacy_Cannot read at all'}, 'wealth_quintile': {'reference': 'Poorest', 'reference_column': 'wealth_quintile_Poorest'}, 'residence': {'reference': 'Rural', 'reference_column': 'residence_Rural'}, 'country_admin_region': {'reference': 'ethiopia::01', 'reference_column': 'country_admin_region_ethiopia::01'}}",473,0.012753451251078516,24,114,True
severe_outcomes_secondary,model4_preferred_lpm,severe_wasted,pooled,country_admin_region_kenya::43,-0.016902171597180892,0.007268672611915033,-0.031148508131947042,-0.0026558350624147423,0.020053519275817812,37088,4434,114,model_specific_equal_total_country_weight,cluster_robust_country_psu,True,"{'child_sex': {'reference': 'Male', 'reference_column': 'child_sex_Male'}, 'maternal_education': {'reference': 'No education', 'reference_column': 'maternal_education_No education'}, 'literacy': {'reference': 'Cannot read at all', 'reference_column': 'literacy_Cannot read at all'}, 'wealth_quintile': {'reference': 'Poorest', 'reference_column': 'wealth_quintile_Poorest'}, 'residence': {'reference': 'Rural', 'reference_column': 'residence_Rural'}, 'country_admin_region': {'reference': 'ethiopia::01', 'reference_column': 'country_admin_region_ethiopia::01'}}",473,0.012753451251078516,24,114,True
severe_outcomes_secondary,model4_preferred_lpm,severe_wasted,pooled,country_admin_region_kenya::44,-0.016324354340961043,0.00704114464944925,-0.030124744263818476,-0.002523964418103611,0.020426322905118394,37088,4434,114,model_specific_equal_total_country_weight,cluster_robust_country_psu,True,"{'child_sex': {'reference': 'Male', 'reference_column': 'child_sex_Male'}, 'maternal_education': {'reference': 'No education', 'reference_column': 'maternal_education_No education'}, 'literacy': {'reference': 'Cannot read at all', 'reference_column': 'literacy_Cannot read at all'}, 'wealth_quintile': {'reference': 'Poorest', 'reference_column': 'wealth_quintile_Poorest'}, 'residence': {'reference': 'Rural', 'reference_column': 'residence_Rural'}, 'country_admin_region': {'reference': 'ethiopia::01', 'reference_column': 'country_admin_region_ethiopia::01'}}",473,0.012753451251078516,24,114,True
severe_outcomes_secondary,model4_preferred_lpm,severe_wasted,pooled,country_admin_region_kenya::45,-0.011985913079249916,0.007753536441599899,-0.02718256525760457,0.0032107390991047337,0.12213740957103367,37088,4434,114,model_specific_equal_total_country_weight,cluster_robust_country_psu,True,"{'child_sex': {'reference': 'Male', 'reference_column': 'child_sex_Male'}, 'maternal_education': {'reference': 'No education', 'reference_column': 'maternal_education_No education'}, 'literacy': {'reference': 'Cannot read at all', 'reference_column': 'literacy_Cannot read at all'}, 'wealth_quintile': {'reference': 'Poorest', 'reference_column': 'wealth_quintile_Poorest'}, 'residence': {'reference': 'Rural', 'reference_column': 'residence_Rural'}, 'country_admin_region': {'reference': 'ethiopia::01', 'reference_column': 'country_admin_region_ethiopia::01'}}",473,0.012753451251078516,24,114,True
severe_outcomes_secondary,model4_preferred_lpm,severe_wasted,pooled,country_admin_region_kenya::46,-0.01428115045670824,0.007213338335347412,-0.028419033802291275,-0.00014326711112520527,0.04772315120287527,37088,4434,114,model_specific_equal_total_country_weight,cluster_robust_country_psu,True,"{'child_sex': {'reference': 'Male', 'reference_column': 'child_sex_Male'}, 'maternal_education': {'reference': 'No education', 'reference_column': 'maternal_education_No education'}, 'literacy': {'reference': 'Cannot read at all', 'reference_column': 'literacy_Cannot read at all'}, 'wealth_quintile': {'reference': 'Poorest', 'reference_column': 'wealth_quintile_Poorest'}, 'residence': {'reference': 'Rural', 'reference_column': 'residence_Rural'}, 'country_admin_region': {'reference': 'ethiopia::01', 'reference_column': 'country_admin_region_ethiopia::01'}}",473,0.012753451251078516,24,114,True
severe_outcomes_secondary,model4_preferred_lpm,severe_wasted,pooled,country_admin_region_kenya::47,-0.013334879729549361,0.007137711122111243,-0.027324536460938374,0.0006547770018396504,0.06173014224648689,37088,4434,114,model_specific_equal_total_country_weight,cluster_robust_country_psu,True,"{'child_sex': {'reference': 'Male', 'reference_column': 'child_sex_Male'}, 'maternal_education': {'reference': 'No education', 'reference_column': 'maternal_education_No education'}, 'literacy': {'reference': 'Cannot read at all', 'reference_column': 'literacy_Cannot read at all'}, 'wealth_quintile': {'reference': 'Poorest', 'reference_column': 'wealth_quintile_Poorest'}, 'residence': {'reference': 'Rural', 'reference_column': 'residence_Rural'}, 'country_admin_region': {'reference': 'ethiopia::01', 'reference_column': 'country_admin_region_ethiopia::01'}}",473,0.012753451251078516,24,114,True
severe_outcomes_secondary,model4_preferred_lpm,severe_wasted,pooled,country_admin_region_nigeria::01,0.00022512840917800387,0.011786893720599809,-0.022876758772798936,0.023327015591154947,0.9847614167676938,37088,4434,114,model_specific_equal_total_country_weight,cluster_robust_country_psu,True,"{'child_sex': {'reference': 'Male', 'reference_column': 'child_sex_Male'}, 'maternal_education': {'reference': 'No education', 'reference_column': 'maternal_education_No education'}, 'literacy': {'reference': 'Cannot read at all', 'reference_column': 'literacy_Cannot read at all'}, 'wealth_quintile': {'reference': 'Poorest', 'reference_column': 'wealth_quintile_Poorest'}, 'residence': {'reference': 'Rural', 'reference_column': 'residence_Rural'}, 'country_admin_region': {'reference': 'ethiopia::01', 'reference_column': 'country_admin_region_ethiopia::01'}}",473,0.012753451251078516,24,114,True
severe_outcomes_secondary,model4_preferred_lpm,severe_wasted,pooled,country_admin_region_nigeria::02,-0.015087442264439501,0.007034927241903262,-0.028875646292429592,-0.0012992382364494116,0.031981005689122974,37088,4434,114,model_specific_equal_total_country_weight,cluster_robust_country_psu,True,"{'child_sex': {'reference': 'Male', 'reference_column': 'child_sex_Male'}, 'maternal_education': {'reference': 'No education', 'reference_column': 'maternal_education_No education'}, 'literacy': {'reference': 'Cannot read at all', 'reference_column': 'literacy_Cannot read at all'}, 'wealth_quintile': {'reference': 'Poorest', 'reference_column': 'wealth_quintile_Poorest'}, 'residence': {'reference': 'Rural', 'reference_column': 'residence_Rural'}, 'country_admin_region': {'reference': 'ethiopia::01', 'reference_column': 'country_admin_region_ethiopia::01'}}",473,0.012753451251078516,24,114,True
severe_outcomes_secondary,model4_preferred_lpm,severe_wasted,pooled,country_admin_region_nigeria::03,-0.006527186012240859,0.011451998674567934,-0.028972690965394444,0.015918318940912727,0.5687045412346825,37088,4434,114,model_specific_equal_total_country_weight,cluster_robust_country_psu,True,"{'child_sex': {'reference': 'Male', 'reference_column': 'child_sex_Male'}, 'maternal_education': {'reference': 'No education', 'reference_column': 'maternal_education_No education'}, 'literacy': {'reference': 'Cannot read at all', 'reference_column': 'literacy_Cannot read at all'}, 'wealth_quintile': {'reference': 'Poorest', 'reference_column': 'wealth_quintile_Poorest'}, 'residence': {'reference': 'Rural', 'reference_column': 'residence_Rural'}, 'country_admin_region': {'reference': 'ethiopia::01', 'reference_column': 'country_admin_region_ethiopia::01'}}",473,0.012753451251078516,24,114,True
severe_outcomes_secondary,model4_preferred_lpm,severe_wasted,pooled,country_admin_region_nigeria::04,0.004888561879224493,0.01780120989779011,-0.030001168401682064,0.03977829216013105,0.7836084746375086,37088,4434,114,model_specific_equal_total_country_weight,cluster_robust_country_psu,True,"{'child_sex': {'reference': 'Male', 'reference_column': 'child_sex_Male'}, 'maternal_education': {'reference': 'No education', 'reference_column': 'maternal_education_No education'}, 'literacy': {'reference': 'Cannot read at all', 'reference_column': 'literacy_Cannot read at all'}, 'wealth_quintile': {'reference': 'Poorest', 'reference_column': 'wealth_quintile_Poorest'}, 'residence': {'reference': 'Rural', 'reference_column': 'residence_Rural'}, 'country_admin_region': {'reference': 'ethiopia::01', 'reference_column': 'country_admin_region_ethiopia::01'}}",473,0.012753451251078516,24,114,True
severe_outcomes_secondary,model4_preferred_lpm,severe_wasted,pooled,country_admin_region_nigeria::05,0.007837017178216912,0.010513105116339655,-0.012768290215492587,0.02844232457192641,0.45599840660780255,37088,4434,114,model_specific_equal_total_country_weight,cluster_robust_country_psu,True,"{'child_sex': {'reference': 'Male', 'reference_column': 'child_sex_Male'}, 'maternal_education': {'reference': 'No education', 'reference_column': 'maternal_education_No education'}, 'literacy': {'reference': 'Cannot read at all', 'reference_column': 'literacy_Cannot read at all'}, 'wealth_quintile': {'reference': 'Poorest', 'reference_column': 'wealth_quintile_Poorest'}, 'residence': {'reference': 'Rural', 'reference_column': 'residence_Rural'}, 'country_admin_region': {'reference': 'ethiopia::01', 'reference_column': 'country_admin_region_ethiopia::01'}}",473,0.012753451251078516,24,114,True
severe_outcomes_secondary,model4_preferred_lpm,severe_wasted,pooled,country_admin_region_nigeria::06,0.0019170399386395432,0.012778125985903822,-0.02312762678364732,0.026961706660926406,0.8807447933070144,37088,4434,114,model_specific_equal_total_country_weight,cluster_robust_country_psu,True,"{'child_sex': {'reference': 'Male', 'reference_column': 'child_sex_Male'}, 'maternal_education': {'reference': 'No education', 'reference_column': 'maternal_education_No education'}, 'literacy': {'reference': 'Cannot read at all', 'reference_column': 'literacy_Cannot read at all'}, 'wealth_quintile': {'reference': 'Poorest', 'reference_column': 'wealth_quintile_Poorest'}, 'residence': {'reference': 'Rural', 'reference_column': 'residence_Rural'}, 'country_admin_region': {'reference': 'ethiopia::01', 'reference_column': 'country_admin_region_ethiopia::01'}}",473,0.012753451251078516,24,114,True
severe_outcomes_secondary,model4_preferred_lpm,severe_wasted,pooled,country_admin_region_nigeria::07,-0.013522724397609443,0.007687083536473467,-0.02858913127524823,0.0015436824800293437,0.0785522243233017,37088,4434,114,model_specific_equal_total_country_weight,cluster_robust_country_psu,True,"{'child_sex': {'reference': 'Male', 'reference_column': 'child_sex_Male'}, 'maternal_education': {'reference': 'No education', 'reference_column': 'maternal_education_No education'}, 'literacy': {'reference': 'Cannot read at all', 'reference_column': 'literacy_Cannot read at all'}, 'wealth_quintile': {'reference': 'Poorest', 'reference_column': 'wealth_quintile_Poorest'}, 'residence': {'reference': 'Rural', 'reference_column': 'residence_Rural'}, 'country_admin_region': {'reference': 'ethiopia::01', 'reference_column': 'country_admin_region_ethiopia::01'}}",473,0.012753451251078516,24,114,True
severe_outcomes_secondary,model4_preferred_lpm,severe_wasted,pooled,country_admin_region_nigeria::08,0.01434456298652342,0.016808004109187834,-0.018598519719485968,0.04728764569253281,0.3934173275874746,37088,4434,114,model_specific_equal_total_country_weight,cluster_robust_country_psu,True,"{'child_sex': {'reference': 'Male', 'reference_column': 'child_sex_Male'}, 'maternal_education': {'reference': 'No education', 'reference_column': 'maternal_education_No education'}, 'literacy': {'reference': 'Cannot read at all', 'reference_column': 'literacy_Cannot read at all'}, 'wealth_quintile': {'reference': 'Poorest', 'reference_column': 'wealth_quintile_Poorest'}, 'residence': {'reference': 'Rural', 'reference_column': 'residence_Rural'}, 'country_admin_region': {'reference': 'ethiopia::01', 'reference_column': 'country_admin_region_ethiopia::01'}}",473,0.012753451251078516,24,114,True
severe_outcomes_secondary,model4_preferred_lpm,severe_wasted,pooled,country_admin_region_nigeria::09,0.005557146854173962,0.012403526615846634,-0.018753318594169417,0.029867612302517343,0.6541318468356137,37088,4434,114,model_specific_equal_total_country_weight,cluster_robust_country_psu,True,"{'child_sex': {'reference': 'Male', 'reference_column': 'child_sex_Male'}, 'maternal_education': {'reference': 'No education', 'reference_column': 'maternal_education_No education'}, 'literacy': {'reference': 'Cannot read at all', 'reference_column': 'literacy_Cannot read at all'}, 'wealth_quintile': {'reference': 'Poorest', 'reference_column': 'wealth_quintile_Poorest'}, 'residence': {'reference': 'Rural', 'reference_column': 'residence_Rural'}, 'country_admin_region': {'reference': 'ethiopia::01', 'reference_column': 'country_admin_region_ethiopia::01'}}",473,0.012753451251078516,24,114,True
severe_outcomes_secondary,model4_preferred_lpm,severe_wasted,pooled,country_admin_region_nigeria::10,0.012450337309119219,0.013506023461156218,-0.014020982249099975,0.03892165686733841,0.356614177856449,37088,4434,114,model_specific_equal_total_country_weight,cluster_robust_country_psu,True,"{'child_sex': {'reference': 'Male', 'reference_column': 'child_sex_Male'}, 'maternal_education': {'reference': 'No education', 'reference_column': 'maternal_education_No education'}, 'literacy': {'reference': 'Cannot read at all', 'reference_column': 'literacy_Cannot read at all'}, 'wealth_quintile': {'reference': 'Poorest', 'reference_column': 'wealth_quintile_Poorest'}, 'residence': {'reference': 'Rural', 'reference_column': 'residence_Rural'}, 'country_admin_region': {'reference': 'ethiopia::01', 'reference_column': 'country_admin_region_ethiopia::01'}}",473,0.012753451251078516,24,114,True
severe_outcomes_secondary,model4_preferred_lpm,severe_wasted,pooled,country_admin_region_nigeria::11,0.004154627220522831,0.012695547523528621,-0.02072818868960994,0.0290374431306556,0.7434782527343945,37088,4434,114,model_specific_equal_total_country_weight,cluster_robust_country_psu,True,"{'child_sex': {'reference': 'Male', 'reference_column': 'child_sex_Male'}, 'maternal_education': {'reference': 'No education', 'reference_column': 'maternal_education_No education'}, 'literacy': {'reference': 'Cannot read at all', 'reference_column': 'literacy_Cannot read at all'}, 'wealth_quintile': {'reference': 'Poorest', 'reference_column': 'wealth_quintile_Poorest'}, 'residence': {'reference': 'Rural', 'reference_column': 'residence_Rural'}, 'country_admin_region': {'reference': 'ethiopia::01', 'reference_column': 'country_admin_region_ethiopia::01'}}",473,0.012753451251078516,24,114,True
severe_outcomes_secondary,model4_preferred_lpm,severe_wasted,pooled,country_admin_region_nigeria::12,-0.0078004860907951775,0.01028381790997211,-0.027956398817908484,0.012355426636318131,0.4481394810085346,37088,4434,114,model_specific_equal_total_country_weight,cluster_robust_country_psu,True,"{'child_sex': {'reference': 'Male', 'reference_column': 'child_sex_Male'}, 'maternal_education': {'reference': 'No education', 'reference_column': 'maternal_education_No education'}, 'literacy': {'reference': 'Cannot read at all', 'reference_column': 'literacy_Cannot read at all'}, 'wealth_quintile': {'reference': 'Poorest', 'reference_column': 'wealth_quintile_Poorest'}, 'residence': {'reference': 'Rural', 'reference_column': 'residence_Rural'}, 'country_admin_region': {'reference': 'ethiopia::01', 'reference_column': 'country_admin_region_ethiopia::01'}}",473,0.012753451251078516,24,114,True
severe_outcomes_secondary,model4_preferred_lpm,severe_wasted,pooled,country_admin_region_nigeria::13,0.010288292343189512,0.012941441609596023,-0.015076467119646757,0.03565305180602578,0.4266204124020535,37088,4434,114,model_specific_equal_total_country_weight,cluster_robust_country_psu,True,"{'child_sex': {'reference': 'Male', 'reference_column': 'child_sex_Male'}, 'maternal_education': {'reference': 'No education', 'reference_column': 'maternal_education_No education'}, 'literacy': {'reference': 'Cannot read at all', 'reference_column': 'literacy_Cannot read at all'}, 'wealth_quintile': {'reference': 'Poorest', 'reference_column': 'wealth_quintile_Poorest'}, 'residence': {'reference': 'Rural', 'reference_column': 'residence_Rural'}, 'country_admin_region': {'reference': 'ethiopia::01', 'reference_column': 'country_admin_region_ethiopia::01'}}",473,0.012753451251078516,24,114,True
severe_outcomes_secondary,model4_preferred_lpm,severe_wasted,pooled,country_admin_region_nigeria::14,0.029666831205953467,0.01732891659396284,-0.004297221209312203,0.06363088362121913,0.08689958241862696,37088,4434,114,model_specific_equal_total_country_weight,cluster_robust_country_psu,True,"{'child_sex': {'reference': 'Male', 'reference_column': 'child_sex_Male'}, 'maternal_education': {'reference': 'No education', 'reference_column': 'maternal_education_No education'}, 'literacy': {'reference': 'Cannot read at all', 'reference_column': 'literacy_Cannot read at all'}, 'wealth_quintile': {'reference': 'Poorest', 'reference_column': 'wealth_quintile_Poorest'}, 'residence': {'reference': 'Rural', 'reference_column': 'residence_Rural'}, 'country_admin_region': {'reference': 'ethiopia::01', 'reference_column': 'country_admin_region_ethiopia::01'}}",473,0.012753451251078516,24,114,True
severe_outcomes_secondary,model4_preferred_lpm,severe_wasted,pooled,country_admin_region_nigeria::15,-0.01215958405868782,0.007662929597542256,-0.027178650085936652,0.002859481968561013,0.11255654824555025,37088,4434,114,model_specific_equal_total_country_weight,cluster_robust_country_psu,True,"{'child_sex': {'reference': 'Male', 'reference_column': 'child_sex_Male'}, 'maternal_education': {'reference': 'No education', 'reference_column': 'maternal_education_No education'}, 'literacy': {'reference': 'Cannot read at all', 'reference_column': 'literacy_Cannot read at all'}, 'wealth_quintile': {'reference': 'Poorest', 'reference_column': 'wealth_quintile_Poorest'}, 'residence': {'reference': 'Rural', 'reference_column': 'residence_Rural'}, 'country_admin_region': {'reference': 'ethiopia::01', 'reference_column': 'country_admin_region_ethiopia::01'}}",473,0.012753451251078516,24,114,True
severe_outcomes_secondary,model4_preferred_lpm,severe_wasted,pooled,country_admin_region_nigeria::16,0.005718526043930842,0.014708835861104446,-0.023110262498345066,0.03454731458620675,0.6974376476425732,37088,4434,114,model_specific_equal_total_country_weight,cluster_robust_country_psu,True,"{'child_sex': {'reference': 'Male', 'reference_column': 'child_sex_Male'}, 'maternal_education': {'reference': 'No education', 'reference_column': 'maternal_education_No education'}, 'literacy': {'reference': 'Cannot read at all', 'reference_column': 'literacy_Cannot read at all'}, 'wealth_quintile': {'reference': 'Poorest', 'reference_column': 'wealth_quintile_Poorest'}, 'residence': {'reference': 'Rural', 'reference_column': 'residence_Rural'}, 'country_admin_region': {'reference': 'ethiopia::01', 'reference_column': 'country_admin_region_ethiopia::01'}}",473,0.012753451251078516,24,114,True
severe_outcomes_secondary,model4_preferred_lpm,severe_wasted,pooled,country_admin_region_nigeria::17,-0.0006105856141358626,0.010244612984659387,-0.020689658099619652,0.019468486871347924,0.9524736990135658,37088,4434,114,model_specific_equal_total_country_weight,cluster_robust_country_psu,True,"{'child_sex': {'reference': 'Male', 'reference_column': 'child_sex_Male'}, 'maternal_education': {'reference': 'No education', 'reference_column': 'maternal_education_No education'}, 'literacy': {'reference': 'Cannot read at all', 'reference_column': 'literacy_Cannot read at all'}, 'wealth_quintile': {'reference': 'Poorest', 'reference_column': 'wealth_quintile_Poorest'}, 'residence': {'reference': 'Rural', 'reference_column': 'residence_Rural'}, 'country_admin_region': {'reference': 'ethiopia::01', 'reference_column': 'country_admin_region_ethiopia::01'}}",473,0.012753451251078516,24,114,True
severe_outcomes_secondary,model4_preferred_lpm,severe_wasted,pooled,country_admin_region_nigeria::18,-0.008356942182666052,0.011019725381240963,-0.029955207049420257,0.013241322684088154,0.44823423478497604,37088,4434,114,model_specific_equal_total_country_weight,cluster_robust_country_psu,True,"{'child_sex': {'reference': 'Male', 'reference_column': 'child_sex_Male'}, 'maternal_education': {'reference': 'No education', 'reference_column': 'maternal_education_No education'}, 'literacy': {'reference': 'Cannot read at all', 'reference_column': 'literacy_Cannot read at all'}, 'wealth_quintile': {'reference': 'Poorest', 'reference_column': 'wealth_quintile_Poorest'}, 'residence': {'reference': 'Rural', 'reference_column': 'residence_Rural'}, 'country_admin_region': {'reference': 'ethiopia::01', 'reference_column': 'country_admin_region_ethiopia::01'}}",473,0.012753451251078516,24,114,True
severe_outcomes_secondary,model4_preferred_lpm,severe_wasted,pooled,country_admin_region_nigeria::19,0.0004495809881505474,0.01210296550861546,-0.02327179551486625,0.02417095749116735,0.9703683158623059,37088,4434,114,model_specific_equal_total_country_weight,cluster_robust_country_psu,True,"{'child_sex': {'reference': 'Male', 'reference_column': 'child_sex_Male'}, 'maternal_education': {'reference': 'No education', 'reference_column': 'maternal_education_No education'}, 'literacy': {'reference': 'Cannot read at all', 'reference_column': 'literacy_Cannot read at all'}, 'wealth_quintile': {'reference': 'Poorest', 'reference_column': 'wealth_quintile_Poorest'}, 'residence': {'reference': 'Rural', 'reference_column': 'residence_Rural'}, 'country_admin_region': {'reference': 'ethiopia::01', 'reference_column': 'country_admin_region_ethiopia::01'}}",473,0.012753451251078516,24,114,True
severe_outcomes_secondary,model4_preferred_lpm,severe_wasted,pooled,country_admin_region_nigeria::20,0.001794509443267204,0.01233380614144493,-0.02237930638626379,0.025968325272798198,0.8843199147478121,37088,4434,114,model_specific_equal_total_country_weight,cluster_robust_country_psu,True,"{'child_sex': {'reference': 'Male', 'reference_column': 'child_sex_Male'}, 'maternal_education': {'reference': 'No education', 'reference_column': 'maternal_education_No education'}, 'literacy': {'reference': 'Cannot read at all', 'reference_column': 'literacy_Cannot read at all'}, 'wealth_quintile': {'reference': 'Poorest', 'reference_column': 'wealth_quintile_Poorest'}, 'residence': {'reference': 'Rural', 'reference_column': 'residence_Rural'}, 'country_admin_region': {'reference': 'ethiopia::01', 'reference_column': 'country_admin_region_ethiopia::01'}}",473,0.012753451251078516,24,114,True
severe_outcomes_secondary,model4_preferred_lpm,severe_wasted,pooled,country_admin_region_nigeria::21,0.00476072988839875,0.013611406730985272,-0.021917137083258452,0.031438596860055956,0.7265185851181135,37088,4434,114,model_specific_equal_total_country_weight,cluster_robust_country_psu,True,"{'child_sex': {'reference': 'Male', 'reference_column': 'child_sex_Male'}, 'maternal_education': {'reference': 'No education', 'reference_column': 'maternal_education_No education'}, 'literacy': {'reference': 'Cannot read at all', 'reference_column': 'literacy_Cannot read at all'}, 'wealth_quintile': {'reference': 'Poorest', 'reference_column': 'wealth_quintile_Poorest'}, 'residence': {'reference': 'Rural', 'reference_column': 'residence_Rural'}, 'country_admin_region': {'reference': 'ethiopia::01', 'reference_column': 'country_admin_region_ethiopia::01'}}",473,0.012753451251078516,24,114,True
severe_outcomes_secondary,model4_preferred_lpm,severe_wasted,pooled,country_admin_region_nigeria::22,0.006332833228157431,0.010350609520330695,-0.013953988649728136,0.026619655106042996,0.540648972769942,37088,4434,114,model_specific_equal_total_country_weight,cluster_robust_country_psu,True,"{'child_sex': {'reference': 'Male', 'reference_column': 'child_sex_Male'}, 'maternal_education': {'reference': 'No education', 'reference_column': 'maternal_education_No education'}, 'literacy': {'reference': 'Cannot read at all', 'reference_column': 'literacy_Cannot read at all'}, 'wealth_quintile': {'reference': 'Poorest', 'reference_column': 'wealth_quintile_Poorest'}, 'residence': {'reference': 'Rural', 'reference_column': 'residence_Rural'}, 'country_admin_region': {'reference': 'ethiopia::01', 'reference_column': 'country_admin_region_ethiopia::01'}}",473,0.012753451251078516,24,114,True
severe_outcomes_secondary,model4_preferred_lpm,severe_wasted,pooled,country_admin_region_nigeria::23,-0.0056988543742375565,0.009584401309911148,-0.024483935755041923,0.013086227006566808,0.5521130178318361,37088,4434,114,model_specific_equal_total_country_weight,cluster_robust_country_psu,True,"{'child_sex': {'reference': 'Male', 'reference_column': 'child_sex_Male'}, 'maternal_education': {'reference': 'No education', 'reference_column': 'maternal_education_No education'}, 'literacy': {'reference': 'Cannot read at all', 'reference_column': 'literacy_Cannot read at all'}, 'wealth_quintile': {'reference': 'Poorest', 'reference_column': 'wealth_quintile_Poorest'}, 'residence': {'reference': 'Rural', 'reference_column': 'residence_Rural'}, 'country_admin_region': {'reference': 'ethiopia::01', 'reference_column': 'country_admin_region_ethiopia::01'}}",473,0.012753451251078516,24,114,True
severe_outcomes_secondary,model4_preferred_lpm,severe_wasted,pooled,country_admin_region_nigeria::24,-0.006416938960686306,0.00833006668608624,-0.022743569654232257,0.009909691732859646,0.4411014105555997,37088,4434,114,model_specific_equal_total_country_weight,cluster_robust_country_psu,True,"{'child_sex': {'reference': 'Male', 'reference_column': 'child_sex_Male'}, 'maternal_education': {'reference': 'No education', 'reference_column': 'maternal_education_No education'}, 'literacy': {'reference': 'Cannot read at all', 'reference_column': 'literacy_Cannot read at all'}, 'wealth_quintile': {'reference': 'Poorest', 'reference_column': 'wealth_quintile_Poorest'}, 'residence': {'reference': 'Rural', 'reference_column': 'residence_Rural'}, 'country_admin_region': {'reference': 'ethiopia::01', 'reference_column': 'country_admin_region_ethiopia::01'}}",473,0.012753451251078516,24,114,True
severe_outcomes_secondary,model4_preferred_lpm,severe_wasted,pooled,country_admin_region_nigeria::25,0.003977276853760147,0.009460048645492035,-0.014564077783401162,0.022518631490921457,0.6741722362112937,37088,4434,114,model_specific_equal_total_country_weight,cluster_robust_country_psu,True,"{'child_sex': {'reference': 'Male', 'reference_column': 'child_sex_Male'}, 'maternal_education': {'reference': 'No education', 'reference_column': 'maternal_education_No education'}, 'literacy': {'reference': 'Cannot read at all', 'reference_column': 'literacy_Cannot read at all'}, 'wealth_quintile': {'reference': 'Poorest', 'reference_column': 'wealth_quintile_Poorest'}, 'residence': {'reference': 'Rural', 'reference_column': 'residence_Rural'}, 'country_admin_region': {'reference': 'ethiopia::01', 'reference_column': 'country_admin_region_ethiopia::01'}}",473,0.012753451251078516,24,114,True
severe_outcomes_secondary,model4_preferred_lpm,severe_wasted,pooled,country_admin_region_nigeria::26,0.002127186379589994,0.011467142361283695,-0.020347999654119642,0.02460237241329963,0.8528347278253599,37088,4434,114,model_specific_equal_total_country_weight,cluster_robust_country_psu,True,"{'child_sex': {'reference': 'Male', 'reference_column': 'child_sex_Male'}, 'maternal_education': {'reference': 'No education', 'reference_column': 'maternal_education_No education'}, 'literacy': {'reference': 'Cannot read at all', 'reference_column': 'literacy_Cannot read at all'}, 'wealth_quintile': {'reference': 'Poorest', 'reference_column': 'wealth_quintile_Poorest'}, 'residence': {'reference': 'Rural', 'reference_column': 'residence_Rural'}, 'country_admin_region': {'reference': 'ethiopia::01', 'reference_column': 'country_admin_region_ethiopia::01'}}",473,0.012753451251078516,24,114,True
severe_outcomes_secondary,model4_preferred_lpm,severe_wasted,pooled,country_admin_region_nigeria::27,-0.0036747625608905313,0.009618543727281846,-0.0225267618500866,0.01517723672830554,0.7024244375076949,37088,4434,114,model_specific_equal_total_country_weight,cluster_robust_country_psu,True,"{'child_sex': {'reference': 'Male', 'reference_column': 'child_sex_Male'}, 'maternal_education': {'reference': 'No education', 'reference_column': 'maternal_education_No education'}, 'literacy': {'reference': 'Cannot read at all', 'reference_column': 'literacy_Cannot read at all'}, 'wealth_quintile': {'reference': 'Poorest', 'reference_column': 'wealth_quintile_Poorest'}, 'residence': {'reference': 'Rural', 'reference_column': 'residence_Rural'}, 'country_admin_region': {'reference': 'ethiopia::01', 'reference_column': 'country_admin_region_ethiopia::01'}}",473,0.012753451251078516,24,114,True
severe_outcomes_secondary,model4_preferred_lpm,severe_wasted,pooled,country_admin_region_nigeria::28,-0.008295195577158528,0.009264598060949451,-0.026453474107859073,0.009863082953542018,0.3705920769998502,37088,4434,114,model_specific_equal_total_country_weight,cluster_robust_country_psu,True,"{'child_sex': {'reference': 'Male', 'reference_column': 'child_sex_Male'}, 'maternal_education': {'reference': 'No education', 'reference_column': 'maternal_education_No education'}, 'literacy': {'reference': 'Cannot read at all', 'reference_column': 'literacy_Cannot read at all'}, 'wealth_quintile': {'reference': 'Poorest', 'reference_column': 'wealth_quintile_Poorest'}, 'residence': {'reference': 'Rural', 'reference_column': 'residence_Rural'}, 'country_admin_region': {'reference': 'ethiopia::01', 'reference_column': 'country_admin_region_ethiopia::01'}}",473,0.012753451251078516,24,114,True
severe_outcomes_secondary,model4_preferred_lpm,severe_wasted,pooled,country_admin_region_nigeria::29,0.015129571992562967,0.016744970063904935,-0.01768996625489207,0.04794911024001801,0.36624501609628524,37088,4434,114,model_specific_equal_total_country_weight,cluster_robust_country_psu,True,"{'child_sex': {'reference': 'Male', 'reference_column': 'child_sex_Male'}, 'maternal_education': {'reference': 'No education', 'reference_column': 'maternal_education_No education'}, 'literacy': {'reference': 'Cannot read at all', 'reference_column': 'literacy_Cannot read at all'}, 'wealth_quintile': {'reference': 'Poorest', 'reference_column': 'wealth_quintile_Poorest'}, 'residence': {'reference': 'Rural', 'reference_column': 'residence_Rural'}, 'country_admin_region': {'reference': 'ethiopia::01', 'reference_column': 'country_admin_region_ethiopia::01'}}",473,0.012753451251078516,24,114,True
severe_outcomes_secondary,model4_preferred_lpm,severe_wasted,pooled,country_admin_region_nigeria::30,-0.013742737288407896,0.00719986990222536,-0.02785422299014352,0.00036874841332773,0.05629460762491619,37088,4434,114,model_specific_equal_total_country_weight,cluster_robust_country_psu,True,"{'child_sex': {'reference': 'Male', 'reference_column': 'child_sex_Male'}, 'maternal_education': {'reference': 'No education', 'reference_column': 'maternal_education_No education'}, 'literacy': {'reference': 'Cannot read at all', 'reference_column': 'literacy_Cannot read at all'}, 'wealth_quintile': {'reference': 'Poorest', 'reference_column': 'wealth_quintile_Poorest'}, 'residence': {'reference': 'Rural', 'reference_column': 'residence_Rural'}, 'country_admin_region': {'reference': 'ethiopia::01', 'reference_column': 'country_admin_region_ethiopia::01'}}",473,0.012753451251078516,24,114,True
severe_outcomes_secondary,model4_preferred_lpm,severe_wasted,pooled,country_admin_region_nigeria::31,0.0200225608545281,0.014729383653446053,-0.008846500620699166,0.048891622329755365,0.17403198303750145,37088,4434,114,model_specific_equal_total_country_weight,cluster_robust_country_psu,True,"{'child_sex': {'reference': 'Male', 'reference_column': 'child_sex_Male'}, 'maternal_education': {'reference': 'No education', 'reference_column': 'maternal_education_No education'}, 'literacy': {'reference': 'Cannot read at all', 'reference_column': 'literacy_Cannot read at all'}, 'wealth_quintile': {'reference': 'Poorest', 'reference_column': 'wealth_quintile_Poorest'}, 'residence': {'reference': 'Rural', 'reference_column': 'residence_Rural'}, 'country_admin_region': {'reference': 'ethiopia::01', 'reference_column': 'country_admin_region_ethiopia::01'}}",473,0.012753451251078516,24,114,True
severe_outcomes_secondary,model4_preferred_lpm,severe_wasted,pooled,country_admin_region_nigeria::32,-0.009926543857748462,0.008297597469209377,-0.02618953605560954,0.006336448340112617,0.2315734908749555,37088,4434,114,model_specific_equal_total_country_weight,cluster_robust_country_psu,True,"{'child_sex': {'reference': 'Male', 'reference_column': 'child_sex_Male'}, 'maternal_education': {'reference': 'No education', 'reference_column': 'maternal_education_No education'}, 'literacy': {'reference': 'Cannot read at all', 'reference_column': 'literacy_Cannot read at all'}, 'wealth_quintile': {'reference': 'Poorest', 'reference_column': 'wealth_quintile_Poorest'}, 'residence': {'reference': 'Rural', 'reference_column': 'residence_Rural'}, 'country_admin_region': {'reference': 'ethiopia::01', 'reference_column': 'country_admin_region_ethiopia::01'}}",473,0.012753451251078516,24,114,True
severe_outcomes_secondary,model4_preferred_lpm,severe_wasted,pooled,country_admin_region_nigeria::33,-0.0067772935465660895,0.009776316081934367,-0.025938520968637184,0.012383933875505003,0.4881615049290122,37088,4434,114,model_specific_equal_total_country_weight,cluster_robust_country_psu,True,"{'child_sex': {'reference': 'Male', 'reference_column': 'child_sex_Male'}, 'maternal_education': {'reference': 'No education', 'reference_column': 'maternal_education_No education'}, 'literacy': {'reference': 'Cannot read at all', 'reference_column': 'literacy_Cannot read at all'}, 'wealth_quintile': {'reference': 'Poorest', 'reference_column': 'wealth_quintile_Poorest'}, 'residence': {'reference': 'Rural', 'reference_column': 'residence_Rural'}, 'country_admin_region': {'reference': 'ethiopia::01', 'reference_column': 'country_admin_region_ethiopia::01'}}",473,0.012753451251078516,24,114,True
severe_outcomes_secondary,model4_preferred_lpm,severe_wasted,pooled,country_admin_region_nigeria::34,-0.008656369500863268,0.008876927706299113,-0.02605482809857528,0.008742089096848742,0.3294839910028964,37088,4434,114,model_specific_equal_total_country_weight,cluster_robust_country_psu,True,"{'child_sex': {'reference': 'Male', 'reference_column': 'child_sex_Male'}, 'maternal_education': {'reference': 'No education', 'reference_column': 'maternal_education_No education'}, 'literacy': {'reference': 'Cannot read at all', 'reference_column': 'literacy_Cannot read at all'}, 'wealth_quintile': {'reference': 'Poorest', 'reference_column': 'wealth_quintile_Poorest'}, 'residence': {'reference': 'Rural', 'reference_column': 'residence_Rural'}, 'country_admin_region': {'reference': 'ethiopia::01', 'reference_column': 'country_admin_region_ethiopia::01'}}",473,0.012753451251078516,24,114,True
severe_outcomes_secondary,model4_preferred_lpm,severe_wasted,pooled,country_admin_region_nigeria::35,-0.0040197765634894375,0.011714283240984684,-0.026979349820520557,0.01893979669354168,0.731484315928826,37088,4434,114,model_specific_equal_total_country_weight,cluster_robust_country_psu,True,"{'child_sex': {'reference': 'Male', 'reference_column': 'child_sex_Male'}, 'maternal_education': {'reference': 'No education', 'reference_column': 'maternal_education_No education'}, 'literacy': {'reference': 'Cannot read at all', 'reference_column': 'literacy_Cannot read at all'}, 'wealth_quintile': {'reference': 'Poorest', 'reference_column': 'wealth_quintile_Poorest'}, 'residence': {'reference': 'Rural', 'reference_column': 'residence_Rural'}, 'country_admin_region': {'reference': 'ethiopia::01', 'reference_column': 'country_admin_region_ethiopia::01'}}",473,0.012753451251078516,24,114,True
severe_outcomes_secondary,model4_preferred_lpm,severe_wasted,pooled,country_admin_region_nigeria::36,-0.01322888822853243,0.007049239582464793,-0.027045143928557593,0.0005873674714927321,0.060567387783362625,37088,4434,114,model_specific_equal_total_country_weight,cluster_robust_country_psu,True,"{'child_sex': {'reference': 'Male', 'reference_column': 'child_sex_Male'}, 'maternal_education': {'reference': 'No education', 'reference_column': 'maternal_education_No education'}, 'literacy': {'reference': 'Cannot read at all', 'reference_column': 'literacy_Cannot read at all'}, 'wealth_quintile': {'reference': 'Poorest', 'reference_column': 'wealth_quintile_Poorest'}, 'residence': {'reference': 'Rural', 'reference_column': 'residence_Rural'}, 'country_admin_region': {'reference': 'ethiopia::01', 'reference_column': 'country_admin_region_ethiopia::01'}}",473,0.012753451251078516,24,114,True
severe_outcomes_secondary,model4_preferred_lpm,severe_wasted,pooled,country_admin_region_nigeria::37,0.002926218044167031,0.011218897635012747,-0.019062417266699543,0.024914853355033607,0.7942240913270328,37088,4434,114,model_specific_equal_total_country_weight,cluster_robust_country_psu,True,"{'child_sex': {'reference': 'Male', 'reference_column': 'child_sex_Male'}, 'maternal_education': {'reference': 'No education', 'reference_column': 'maternal_education_No education'}, 'literacy': {'reference': 'Cannot read at all', 'reference_column': 'literacy_Cannot read at all'}, 'wealth_quintile': {'reference': 'Poorest', 'reference_column': 'wealth_quintile_Poorest'}, 'residence': {'reference': 'Rural', 'reference_column': 'residence_Rural'}, 'country_admin_region': {'reference': 'ethiopia::01', 'reference_column': 'country_admin_region_ethiopia::01'}}",473,0.012753451251078516,24,114,True
severe_outcomes_secondary,model4_preferred_lpm,severe_underweight,pooled,const,0.089404584794627,0.015425507186046484,0.05917114626671209,0.1196380233225419,6.795869773402478e-09,37260,4434,114,model_specific_equal_total_country_weight,cluster_robust_country_psu,True,"{'child_sex': {'reference': 'Male', 'reference_column': 'child_sex_Male'}, 'maternal_education': {'reference': 'No education', 'reference_column': 'maternal_education_No education'}, 'literacy': {'reference': 'Cannot read at all', 'reference_column': 'literacy_Cannot read at all'}, 'wealth_quintile': {'reference': 'Poorest', 'reference_column': 'wealth_quintile_Poorest'}, 'residence': {'reference': 'Rural', 'reference_column': 'residence_Rural'}, 'country_admin_region': {'reference': 'ethiopia::01', 'reference_column': 'country_admin_region_ethiopia::01'}}",1599,0.042914653784219,2,114,True
severe_outcomes_secondary,model4_preferred_lpm,severe_underweight,pooled,water_rate_loo,-0.011719565569018618,0.007090662902974539,-0.02561700948536294,0.002177878347325706,0.09836818835495319,37260,4434,114,model_specific_equal_total_country_weight,cluster_robust_country_psu,True,"{'child_sex': {'reference': 'Male', 'reference_column': 'child_sex_Male'}, 'maternal_education': {'reference': 'No education', 'reference_column': 'maternal_education_No education'}, 'literacy': {'reference': 'Cannot read at all', 'reference_column': 'literacy_Cannot read at all'}, 'wealth_quintile': {'reference': 'Poorest', 'reference_column': 'wealth_quintile_Poorest'}, 'residence': {'reference': 'Rural', 'reference_column': 'residence_Rural'}, 'country_admin_region': {'reference': 'ethiopia::01', 'reference_column': 'country_admin_region_ethiopia::01'}}",1599,0.042914653784219,2,114,True
severe_outcomes_secondary,model4_preferred_lpm,severe_underweight,pooled,sanitation_rate_loo_core,-0.011022490776617109,0.009679180866100572,-0.029993336674023437,0.007948355120789221,0.2547934950631192,37260,4434,114,model_specific_equal_total_country_weight,cluster_robust_country_psu,True,"{'child_sex': {'reference': 'Male', 'reference_column': 'child_sex_Male'}, 'maternal_education': {'reference': 'No education', 'reference_column': 'maternal_education_No education'}, 'literacy': {'reference': 'Cannot read at all', 'reference_column': 'literacy_Cannot read at all'}, 'wealth_quintile': {'reference': 'Poorest', 'reference_column': 'wealth_quintile_Poorest'}, 'residence': {'reference': 'Rural', 'reference_column': 'residence_Rural'}, 'country_admin_region': {'reference': 'ethiopia::01', 'reference_column': 'country_admin_region_ethiopia::01'}}",1599,0.042914653784219,2,114,True
severe_outcomes_secondary,model4_preferred_lpm,severe_underweight,pooled,b19_raw,7.798058315896168e-05,0.00010219111596885545,-0.000122310323679951,0.0002782714899978743,0.4454122649590355,37260,4434,114,model_specific_equal_total_country_weight,cluster_robust_country_psu,True,"{'child_sex': {'reference': 'Male', 'reference_column': 'child_sex_Male'}, 'maternal_education': {'reference': 'No education', 'reference_column': 'maternal_education_No education'}, 'literacy': {'reference': 'Cannot read at all', 'reference_column': 'literacy_Cannot read at all'}, 'wealth_quintile': {'reference': 'Poorest', 'reference_column': 'wealth_quintile_Poorest'}, 'residence': {'reference': 'Rural', 'reference_column': 'residence_Rural'}, 'country_admin_region': {'reference': 'ethiopia::01', 'reference_column': 'country_admin_region_ethiopia::01'}}",1599,0.042914653784219,2,114,True
severe_outcomes_secondary,model4_preferred_lpm,severe_underweight,pooled,birth_order_raw,0.0007655596561810757,0.0013674238966728367,-0.0019145419328971045,0.0034456612452592556,0.5755780703674179,37260,4434,114,model_specific_equal_total_country_weight,cluster_robust_country_psu,True,"{'child_sex': {'reference': 'Male', 'reference_column': 'child_sex_Male'}, 'maternal_education': {'reference': 'No education', 'reference_column': 'maternal_education_No education'}, 'literacy': {'reference': 'Cannot read at all', 'reference_column': 'literacy_Cannot read at all'}, 'wealth_quintile': {'reference': 'Poorest', 'reference_column': 'wealth_quintile_Poorest'}, 'residence': {'reference': 'Rural', 'reference_column': 'residence_Rural'}, 'country_admin_region': {'reference': 'ethiopia::01', 'reference_column': 'country_admin_region_ethiopia::01'}}",1599,0.042914653784219,2,114,True
severe_outcomes_secondary,model4_preferred_lpm,severe_underweight,pooled,maternal_age,-0.0008531115746125787,0.0004052441796798237,-0.0016473755717295116,-5.8847577495645814e-05,0.035275721443723075,37260,4434,114,model_specific_equal_total_country_weight,cluster_robust_country_psu,True,"{'child_sex': {'reference': 'Male', 'reference_column': 'child_sex_Male'}, 'maternal_education': {'reference': 'No education', 'reference_column': 'maternal_education_No education'}, 'literacy': {'reference': 'Cannot read at all', 'reference_column': 'literacy_Cannot read at all'}, 'wealth_quintile': {'reference': 'Poorest', 'reference_column': 'wealth_quintile_Poorest'}, 'residence': {'reference': 'Rural', 'reference_column': 'residence_Rural'}, 'country_admin_region': {'reference': 'ethiopia::01', 'reference_column': 'country_admin_region_ethiopia::01'}}",1599,0.042914653784219,2,114,True
severe_outcomes_secondary,model4_preferred_lpm,severe_underweight,pooled,household_size_raw,0.0017064735598753664,0.0008046362482130991,0.0001294154927222607,0.003283531627028472,0.0339385315917585,37260,4434,114,model_specific_equal_total_country_weight,cluster_robust_country_psu,True,"{'child_sex': {'reference': 'Male', 'reference_column': 'child_sex_Male'}, 'maternal_education': {'reference': 'No education', 'reference_column': 'maternal_education_No education'}, 'literacy': {'reference': 'Cannot read at all', 'reference_column': 'literacy_Cannot read at all'}, 'wealth_quintile': {'reference': 'Poorest', 'reference_column': 'wealth_quintile_Poorest'}, 'residence': {'reference': 'Rural', 'reference_column': 'residence_Rural'}, 'country_admin_region': {'reference': 'ethiopia::01', 'reference_column': 'country_admin_region_ethiopia::01'}}",1599,0.042914653784219,2,114,True
severe_outcomes_secondary,model4_preferred_lpm,severe_underweight,pooled,child_sex_Female,-0.012560118397998076,0.0030216843823797778,-0.018482510960109597,-0.006637725835886554,3.229322606467652e-05,37260,4434,114,model_specific_equal_total_country_weight,cluster_robust_country_psu,True,"{'child_sex': {'reference': 'Male', 'reference_column': 'child_sex_Male'}, 'maternal_education': {'reference': 'No education', 'reference_column': 'maternal_education_No education'}, 'literacy': {'reference': 'Cannot read at all', 'reference_column': 'literacy_Cannot read at all'}, 'wealth_quintile': {'reference': 'Poorest', 'reference_column': 'wealth_quintile_Poorest'}, 'residence': {'reference': 'Rural', 'reference_column': 'residence_Rural'}, 'country_admin_region': {'reference': 'ethiopia::01', 'reference_column': 'country_admin_region_ethiopia::01'}}",1599,0.042914653784219,2,114,True
severe_outcomes_secondary,model4_preferred_lpm,severe_underweight,pooled,maternal_education_Higher,-0.014274355445327425,0.00827923917764616,-0.030501366052906917,0.0019526551622520653,0.08468719391529768,37260,4434,114,model_specific_equal_total_country_weight,cluster_robust_country_psu,True,"{'child_sex': {'reference': 'Male', 'reference_column': 'child_sex_Male'}, 'maternal_education': {'reference': 'No education', 'reference_column': 'maternal_education_No education'}, 'literacy': {'reference': 'Cannot read at all', 'reference_column': 'literacy_Cannot read at all'}, 'wealth_quintile': {'reference': 'Poorest', 'reference_column': 'wealth_quintile_Poorest'}, 'residence': {'reference': 'Rural', 'reference_column': 'residence_Rural'}, 'country_admin_region': {'reference': 'ethiopia::01', 'reference_column': 'country_admin_region_ethiopia::01'}}",1599,0.042914653784219,2,114,True
severe_outcomes_secondary,model4_preferred_lpm,severe_underweight,pooled,maternal_education_Primary,-0.010098459094568683,0.007061779543091177,-0.02393929266578911,0.003742374476651742,0.15271237172903937,37260,4434,114,model_specific_equal_total_country_weight,cluster_robust_country_psu,True,"{'child_sex': {'reference': 'Male', 'reference_column': 'child_sex_Male'}, 'maternal_education': {'reference': 'No education', 'reference_column': 'maternal_education_No education'}, 'literacy': {'reference': 'Cannot read at all', 'reference_column': 'literacy_Cannot read at all'}, 'wealth_quintile': {'reference': 'Poorest', 'reference_column': 'wealth_quintile_Poorest'}, 'residence': {'reference': 'Rural', 'reference_column': 'residence_Rural'}, 'country_admin_region': {'reference': 'ethiopia::01', 'reference_column': 'country_admin_region_ethiopia::01'}}",1599,0.042914653784219,2,114,True
severe_outcomes_secondary,model4_preferred_lpm,severe_underweight,pooled,maternal_education_Secondary,-0.006592823108927096,0.008107642160775447,-0.022483509743585477,0.009297863525731283,0.41612542396877095,37260,4434,114,model_specific_equal_total_country_weight,cluster_robust_country_psu,True,"{'child_sex': {'reference': 'Male', 'reference_column': 'child_sex_Male'}, 'maternal_education': {'reference': 'No education', 'reference_column': 'maternal_education_No education'}, 'literacy': {'reference': 'Cannot read at all', 'reference_column': 'literacy_Cannot read at all'}, 'wealth_quintile': {'reference': 'Poorest', 'reference_column': 'wealth_quintile_Poorest'}, 'residence': {'reference': 'Rural', 'reference_column': 'residence_Rural'}, 'country_admin_region': {'reference': 'ethiopia::01', 'reference_column': 'country_admin_region_ethiopia::01'}}",1599,0.042914653784219,2,114,True
severe_outcomes_secondary,model4_preferred_lpm,severe_underweight,pooled,literacy_Able to read only parts of sentence,-0.01681656188950369,0.006095808426335256,-0.028764126861776575,-0.004868996917230806,0.005803017497297871,37260,4434,114,model_specific_equal_total_country_weight,cluster_robust_country_psu,True,"{'child_sex': {'reference': 'Male', 'reference_column': 'child_sex_Male'}, 'maternal_education': {'reference': 'No education', 'reference_column': 'maternal_education_No education'}, 'literacy': {'reference': 'Cannot read at all', 'reference_column': 'literacy_Cannot read at all'}, 'wealth_quintile': {'reference': 'Poorest', 'reference_column': 'wealth_quintile_Poorest'}, 'residence': {'reference': 'Rural', 'reference_column': 'residence_Rural'}, 'country_admin_region': {'reference': 'ethiopia::01', 'reference_column': 'country_admin_region_ethiopia::01'}}",1599,0.042914653784219,2,114,True
severe_outcomes_secondary,model4_preferred_lpm,severe_underweight,pooled,literacy_Able to read whole sentence,-0.01453492183776198,0.0057738649124694594,-0.025851489117801635,-0.003218354557722328,0.011823648052413038,37260,4434,114,model_specific_equal_total_country_weight,cluster_robust_country_psu,True,"{'child_sex': {'reference': 'Male', 'reference_column': 'child_sex_Male'}, 'maternal_education': {'reference': 'No education', 'reference_column': 'maternal_education_No education'}, 'literacy': {'reference': 'Cannot read at all', 'reference_column': 'literacy_Cannot read at all'}, 'wealth_quintile': {'reference': 'Poorest', 'reference_column': 'wealth_quintile_Poorest'}, 'residence': {'reference': 'Rural', 'reference_column': 'residence_Rural'}, 'country_admin_region': {'reference': 'ethiopia::01', 'reference_column': 'country_admin_region_ethiopia::01'}}",1599,0.042914653784219,2,114,True
severe_outcomes_secondary,model4_preferred_lpm,severe_underweight,pooled,literacy_Blind/visually impaired,-0.05070000611509969,0.012276108081325428,-0.07476073582481864,-0.02663927640538075,3.628044012214102e-05,37260,4434,114,model_specific_equal_total_country_weight,cluster_robust_country_psu,True,"{'child_sex': {'reference': 'Male', 'reference_column': 'child_sex_Male'}, 'maternal_education': {'reference': 'No education', 'reference_column': 'maternal_education_No education'}, 'literacy': {'reference': 'Cannot read at all', 'reference_column': 'literacy_Cannot read at all'}, 'wealth_quintile': {'reference': 'Poorest', 'reference_column': 'wealth_quintile_Poorest'}, 'residence': {'reference': 'Rural', 'reference_column': 'residence_Rural'}, 'country_admin_region': {'reference': 'ethiopia::01', 'reference_column': 'country_admin_region_ethiopia::01'}}",1599,0.042914653784219,2,114,True
severe_outcomes_secondary,model4_preferred_lpm,severe_underweight,pooled,literacy_No card with required language,-0.010208454261881732,0.016673703229545145,-0.042888312080699396,0.022471403556935936,0.5403731800545712,37260,4434,114,model_specific_equal_total_country_weight,cluster_robust_country_psu,True,"{'child_sex': {'reference': 'Male', 'reference_column': 'child_sex_Male'}, 'maternal_education': {'reference': 'No education', 'reference_column': 'maternal_education_No education'}, 'literacy': {'reference': 'Cannot read at all', 'reference_column': 'literacy_Cannot read at all'}, 'wealth_quintile': {'reference': 'Poorest', 'reference_column': 'wealth_quintile_Poorest'}, 'residence': {'reference': 'Rural', 'reference_column': 'residence_Rural'}, 'country_admin_region': {'reference': 'ethiopia::01', 'reference_column': 'country_admin_region_ethiopia::01'}}",1599,0.042914653784219,2,114,True
severe_outcomes_secondary,model4_preferred_lpm,severe_underweight,pooled,wealth_quintile_Middle,-0.015880540286384255,0.006484233286573193,-0.0285894039954235,-0.0031716765773450104,0.014321340233889531,37260,4434,114,model_specific_equal_total_country_weight,cluster_robust_country_psu,True,"{'child_sex': {'reference': 'Male', 'reference_column': 'child_sex_Male'}, 'maternal_education': {'reference': 'No education', 'reference_column': 'maternal_education_No education'}, 'literacy': {'reference': 'Cannot read at all', 'reference_column': 'literacy_Cannot read at all'}, 'wealth_quintile': {'reference': 'Poorest', 'reference_column': 'wealth_quintile_Poorest'}, 'residence': {'reference': 'Rural', 'reference_column': 'residence_Rural'}, 'country_admin_region': {'reference': 'ethiopia::01', 'reference_column': 'country_admin_region_ethiopia::01'}}",1599,0.042914653784219,2,114,True
severe_outcomes_secondary,model4_preferred_lpm,severe_underweight,pooled,wealth_quintile_Poorer,-0.010781641668039552,0.005577267068737971,-0.021712884254927255,0.00014960091884815008,0.05321887403663078,37260,4434,114,model_specific_equal_total_country_weight,cluster_robust_country_psu,True,"{'child_sex': {'reference': 'Male', 'reference_column': 'child_sex_Male'}, 'maternal_education': {'reference': 'No education', 'reference_column': 'maternal_education_No education'}, 'literacy': {'reference': 'Cannot read at all', 'reference_column': 'literacy_Cannot read at all'}, 'wealth_quintile': {'reference': 'Poorest', 'reference_column': 'wealth_quintile_Poorest'}, 'residence': {'reference': 'Rural', 'reference_column': 'residence_Rural'}, 'country_admin_region': {'reference': 'ethiopia::01', 'reference_column': 'country_admin_region_ethiopia::01'}}",1599,0.042914653784219,2,114,True
severe_outcomes_secondary,model4_preferred_lpm,severe_underweight,pooled,wealth_quintile_Richer,-0.019846711634320457,0.006382646401371027,-0.03235646870706185,-0.007336954561579061,0.0018741694238180264,37260,4434,114,model_specific_equal_total_country_weight,cluster_robust_country_psu,True,"{'child_sex': {'reference': 'Male', 'reference_column': 'child_sex_Male'}, 'maternal_education': {'reference': 'No education', 'reference_column': 'maternal_education_No education'}, 'literacy': {'reference': 'Cannot read at all', 'reference_column': 'literacy_Cannot read at all'}, 'wealth_quintile': {'reference': 'Poorest', 'reference_column': 'wealth_quintile_Poorest'}, 'residence': {'reference': 'Rural', 'reference_column': 'residence_Rural'}, 'country_admin_region': {'reference': 'ethiopia::01', 'reference_column': 'country_admin_region_ethiopia::01'}}",1599,0.042914653784219,2,114,True
severe_outcomes_secondary,model4_preferred_lpm,severe_underweight,pooled,wealth_quintile_Richest,-0.02324781095466471,0.007929584489933706,-0.03878951096730219,-0.007706110942027229,0.003370235213337107,37260,4434,114,model_specific_equal_total_country_weight,cluster_robust_country_psu,True,"{'child_sex': {'reference': 'Male', 'reference_column': 'child_sex_Male'}, 'maternal_education': {'reference': 'No education', 'reference_column': 'maternal_education_No education'}, 'literacy': {'reference': 'Cannot read at all', 'reference_column': 'literacy_Cannot read at all'}, 'wealth_quintile': {'reference': 'Poorest', 'reference_column': 'wealth_quintile_Poorest'}, 'residence': {'reference': 'Rural', 'reference_column': 'residence_Rural'}, 'country_admin_region': {'reference': 'ethiopia::01', 'reference_column': 'country_admin_region_ethiopia::01'}}",1599,0.042914653784219,2,114,True
severe_outcomes_secondary,model4_preferred_lpm,severe_underweight,pooled,residence_Urban,0.010859704248114532,0.005183617042220779,0.0007000015357137655,0.021019406960515297,0.03617053726450902,37260,4434,114,model_specific_equal_total_country_weight,cluster_robust_country_psu,True,"{'child_sex': {'reference': 'Male', 'reference_column': 'child_sex_Male'}, 'maternal_education': {'reference': 'No education', 'reference_column': 'maternal_education_No education'}, 'literacy': {'reference': 'Cannot read at all', 'reference_column': 'literacy_Cannot read at all'}, 'wealth_quintile': {'reference': 'Poorest', 'reference_column': 'wealth_quintile_Poorest'}, 'residence': {'reference': 'Rural', 'reference_column': 'residence_Rural'}, 'country_admin_region': {'reference': 'ethiopia::01', 'reference_column': 'country_admin_region_ethiopia::01'}}",1599,0.042914653784219,2,114,True
severe_outcomes_secondary,model4_preferred_lpm,severe_underweight,pooled,country_admin_region_ethiopia::02,0.08754091588008088,0.024223584334157625,0.04006356300866327,0.1350182687514985,0.00030165885818536636,37260,4434,114,model_specific_equal_total_country_weight,cluster_robust_country_psu,True,"{'child_sex': {'reference': 'Male', 'reference_column': 'child_sex_Male'}, 'maternal_education': {'reference': 'No education', 'reference_column': 'maternal_education_No education'}, 'literacy': {'reference': 'Cannot read at all', 'reference_column': 'literacy_Cannot read at all'}, 'wealth_quintile': {'reference': 'Poorest', 'reference_column': 'wealth_quintile_Poorest'}, 'residence': {'reference': 'Rural', 'reference_column': 'residence_Rural'}, 'country_admin_region': {'reference': 'ethiopia::01', 'reference_column': 'country_admin_region_ethiopia::01'}}",1599,0.042914653784219,2,114,True
severe_outcomes_secondary,model4_preferred_lpm,severe_underweight,pooled,country_admin_region_ethiopia::03,0.009658548621840513,0.012663812668773169,-0.015162068115916964,0.03447916535959799,0.4456489864480294,37260,4434,114,model_specific_equal_total_country_weight,cluster_robust_country_psu,True,"{'child_sex': {'reference': 'Male', 'reference_column': 'child_sex_Male'}, 'maternal_education': {'reference': 'No education', 'reference_column': 'maternal_education_No education'}, 'literacy': {'reference': 'Cannot read at all', 'reference_column': 'literacy_Cannot read at all'}, 'wealth_quintile': {'reference': 'Poorest', 'reference_column': 'wealth_quintile_Poorest'}, 'residence': {'reference': 'Rural', 'reference_column': 'residence_Rural'}, 'country_admin_region': {'reference': 'ethiopia::01', 'reference_column': 'country_admin_region_ethiopia::01'}}",1599,0.042914653784219,2,114,True
severe_outcomes_secondary,model4_preferred_lpm,severe_underweight,pooled,country_admin_region_ethiopia::04,-0.01069903163671721,0.012684837682741956,-0.03556085664462796,0.01416279337119354,0.3989765849661314,37260,4434,114,model_specific_equal_total_country_weight,cluster_robust_country_psu,True,"{'child_sex': {'reference': 'Male', 'reference_column': 'child_sex_Male'}, 'maternal_education': {'reference': 'No education', 'reference_column': 'maternal_education_No education'}, 'literacy': {'reference': 'Cannot read at all', 'reference_column': 'literacy_Cannot read at all'}, 'wealth_quintile': {'reference': 'Poorest', 'reference_column': 'wealth_quintile_Poorest'}, 'residence': {'reference': 'Rural', 'reference_column': 'residence_Rural'}, 'country_admin_region': {'reference': 'ethiopia::01', 'reference_column': 'country_admin_region_ethiopia::01'}}",1599,0.042914653784219,2,114,True
severe_outcomes_secondary,model4_preferred_lpm,severe_underweight,pooled,country_admin_region_ethiopia::05,0.00307853063205655,0.016040885679507056,-0.028361027579901596,0.034518088844014694,0.8478066361131817,37260,4434,114,model_specific_equal_total_country_weight,cluster_robust_country_psu,True,"{'child_sex': {'reference': 'Male', 'reference_column': 'child_sex_Male'}, 'maternal_education': {'reference': 'No education', 'reference_column': 'maternal_education_No education'}, 'literacy': {'reference': 'Cannot read at all', 'reference_column': 'literacy_Cannot read at all'}, 'wealth_quintile': {'reference': 'Poorest', 'reference_column': 'wealth_quintile_Poorest'}, 'residence': {'reference': 'Rural', 'reference_column': 'residence_Rural'}, 'country_admin_region': {'reference': 'ethiopia::01', 'reference_column': 'country_admin_region_ethiopia::01'}}",1599,0.042914653784219,2,114,True
severe_outcomes_secondary,model4_preferred_lpm,severe_underweight,pooled,country_admin_region_ethiopia::06,0.05450514822140824,0.021650554921587458,0.01207084032979041,0.09693945611302607,0.011819288792326584,37260,4434,114,model_specific_equal_total_country_weight,cluster_robust_country_psu,True,"{'child_sex': {'reference': 'Male', 'reference_column': 'child_sex_Male'}, 'maternal_education': {'reference': 'No education', 'reference_column': 'maternal_education_No education'}, 'literacy': {'reference': 'Cannot read at all', 'reference_column': 'literacy_Cannot read at all'}, 'wealth_quintile': {'reference': 'Poorest', 'reference_column': 'wealth_quintile_Poorest'}, 'residence': {'reference': 'Rural', 'reference_column': 'residence_Rural'}, 'country_admin_region': {'reference': 'ethiopia::01', 'reference_column': 'country_admin_region_ethiopia::01'}}",1599,0.042914653784219,2,114,True
severe_outcomes_secondary,model4_preferred_lpm,severe_underweight,pooled,country_admin_region_ethiopia::07,-0.0049273516534111906,0.013754209465895815,-0.03188510684238688,0.0220304035355645,0.7201613402627643,37260,4434,114,model_specific_equal_total_country_weight,cluster_robust_country_psu,True,"{'child_sex': {'reference': 'Male', 'reference_column': 'child_sex_Male'}, 'maternal_education': {'reference': 'No education', 'reference_column': 'maternal_education_No education'}, 'literacy': {'reference': 'Cannot read at all', 'reference_column': 'literacy_Cannot read at all'}, 'wealth_quintile': {'reference': 'Poorest', 'reference_column': 'wealth_quintile_Poorest'}, 'residence': {'reference': 'Rural', 'reference_column': 'residence_Rural'}, 'country_admin_region': {'reference': 'ethiopia::01', 'reference_column': 'country_admin_region_ethiopia::01'}}",1599,0.042914653784219,2,114,True
severe_outcomes_secondary,model4_preferred_lpm,severe_underweight,pooled,country_admin_region_ethiopia::08,0.005774766915051132,0.015086075049702774,-0.02379339685043461,0.03534293068053687,0.7018770374102605,37260,4434,114,model_specific_equal_total_country_weight,cluster_robust_country_psu,True,"{'child_sex': {'reference': 'Male', 'reference_column': 'child_sex_Male'}, 'maternal_education': {'reference': 'No education', 'reference_column': 'maternal_education_No education'}, 'literacy': {'reference': 'Cannot read at all', 'reference_column': 'literacy_Cannot read at all'}, 'wealth_quintile': {'reference': 'Poorest', 'reference_column': 'wealth_quintile_Poorest'}, 'residence': {'reference': 'Rural', 'reference_column': 'residence_Rural'}, 'country_admin_region': {'reference': 'ethiopia::01', 'reference_column': 'country_admin_region_ethiopia::01'}}",1599,0.042914653784219,2,114,True
severe_outcomes_secondary,model4_preferred_lpm,severe_underweight,pooled,country_admin_region_ethiopia::09,0.02354694503016867,0.019693207114897884,-0.015051031655119129,0.062144921715456464,0.23181806631306623,37260,4434,114,model_specific_equal_total_country_weight,cluster_robust_country_psu,True,"{'child_sex': {'reference': 'Male', 'reference_column': 'child_sex_Male'}, 'maternal_education': {'reference': 'No education', 'reference_column': 'maternal_education_No education'}, 'literacy': {'reference': 'Cannot read at all', 'reference_column': 'literacy_Cannot read at all'}, 'wealth_quintile': {'reference': 'Poorest', 'reference_column': 'wealth_quintile_Poorest'}, 'residence': {'reference': 'Rural', 'reference_column': 'residence_Rural'}, 'country_admin_region': {'reference': 'ethiopia::01', 'reference_column': 'country_admin_region_ethiopia::01'}}",1599,0.042914653784219,2,114,True
severe_outcomes_secondary,model4_preferred_lpm,severe_underweight,pooled,country_admin_region_ethiopia::10,0.017076754614169475,0.015638851726319077,-0.013574831528977965,0.04772834075731691,0.27485759525616393,37260,4434,114,model_specific_equal_total_country_weight,cluster_robust_country_psu,True,"{'child_sex': {'reference': 'Male', 'reference_column': 'child_sex_Male'}, 'maternal_education': {'reference': 'No education', 'reference_column': 'maternal_education_No education'}, 'literacy': {'reference': 'Cannot read at all', 'reference_column': 'literacy_Cannot read at all'}, 'wealth_quintile': {'reference': 'Poorest', 'reference_column': 'wealth_quintile_Poorest'}, 'residence': {'reference': 'Rural', 'reference_column': 'residence_Rural'}, 'country_admin_region': {'reference': 'ethiopia::01', 'reference_column': 'country_admin_region_ethiopia::01'}}",1599,0.042914653784219,2,114,True
severe_outcomes_secondary,model4_preferred_lpm,severe_underweight,pooled,country_admin_region_ethiopia::12,-0.018853239833350053,0.012836353500923188,-0.04401203038798414,0.0063055507212840325,0.14190387339401947,37260,4434,114,model_specific_equal_total_country_weight,cluster_robust_country_psu,True,"{'child_sex': {'reference': 'Male', 'reference_column': 'child_sex_Male'}, 'maternal_education': {'reference': 'No education', 'reference_column': 'maternal_education_No education'}, 'literacy': {'reference': 'Cannot read at all', 'reference_column': 'literacy_Cannot read at all'}, 'wealth_quintile': {'reference': 'Poorest', 'reference_column': 'wealth_quintile_Poorest'}, 'residence': {'reference': 'Rural', 'reference_column': 'residence_Rural'}, 'country_admin_region': {'reference': 'ethiopia::01', 'reference_column': 'country_admin_region_ethiopia::01'}}",1599,0.042914653784219,2,114,True
severe_outcomes_secondary,model4_preferred_lpm,severe_underweight,pooled,country_admin_region_ethiopia::13,0.000720721734784243,0.013251871754008033,-0.025252469630815136,0.026693913100383625,0.9566273058202179,37260,4434,114,model_specific_equal_total_country_weight,cluster_robust_country_psu,True,"{'child_sex': {'reference': 'Male', 'reference_column': 'child_sex_Male'}, 'maternal_education': {'reference': 'No education', 'reference_column': 'maternal_education_No education'}, 'literacy': {'reference': 'Cannot read at all', 'reference_column': 'literacy_Cannot read at all'}, 'wealth_quintile': {'reference': 'Poorest', 'reference_column': 'wealth_quintile_Poorest'}, 'residence': {'reference': 'Rural', 'reference_column': 'residence_Rural'}, 'country_admin_region': {'reference': 'ethiopia::01', 'reference_column': 'country_admin_region_ethiopia::01'}}",1599,0.042914653784219,2,114,True
severe_outcomes_secondary,model4_preferred_lpm,severe_underweight,pooled,country_admin_region_ethiopia::14,0.001310413551252958,0.013883943677289337,-0.02590161601961674,0.028522443122122654,0.9248046166017199,37260,4434,114,model_specific_equal_total_country_weight,cluster_robust_country_psu,True,"{'child_sex': {'reference': 'Male', 'reference_column': 'child_sex_Male'}, 'maternal_education': {'reference': 'No education', 'reference_column': 'maternal_education_No education'}, 'literacy': {'reference': 'Cannot read at all', 'reference_column': 'literacy_Cannot read at all'}, 'wealth_quintile': {'reference': 'Poorest', 'reference_column': 'wealth_quintile_Poorest'}, 'residence': {'reference': 'Rural', 'reference_column': 'residence_Rural'}, 'country_admin_region': {'reference': 'ethiopia::01', 'reference_column': 'country_admin_region_ethiopia::01'}}",1599,0.042914653784219,2,114,True
severe_outcomes_secondary,model4_preferred_lpm,severe_underweight,pooled,country_admin_region_ethiopia::15,0.001160894571373101,0.01660189550473378,-0.03137822269300253,0.033700011835748736,0.9442530177561584,37260,4434,114,model_specific_equal_total_country_weight,cluster_robust_country_psu,True,"{'child_sex': {'reference': 'Male', 'reference_column': 'child_sex_Male'}, 'maternal_education': {'reference': 'No education', 'reference_column': 'maternal_education_No education'}, 'literacy': {'reference': 'Cannot read at all', 'reference_column': 'literacy_Cannot read at all'}, 'wealth_quintile': {'reference': 'Poorest', 'reference_column': 'wealth_quintile_Poorest'}, 'residence': {'reference': 'Rural', 'reference_column': 'residence_Rural'}, 'country_admin_region': {'reference': 'ethiopia::01', 'reference_column': 'country_admin_region_ethiopia::01'}}",1599,0.042914653784219,2,114,True
severe_outcomes_secondary,model4_preferred_lpm,severe_underweight,pooled,country_admin_region_ghana::01,-0.01791390417526096,0.012155426664428693,-0.041738102654259035,0.005910294303737119,0.14055236900203996,37260,4434,114,model_specific_equal_total_country_weight,cluster_robust_country_psu,True,"{'child_sex': {'reference': 'Male', 'reference_column': 'child_sex_Male'}, 'maternal_education': {'reference': 'No education', 'reference_column': 'maternal_education_No education'}, 'literacy': {'reference': 'Cannot read at all', 'reference_column': 'literacy_Cannot read at all'}, 'wealth_quintile': {'reference': 'Poorest', 'reference_column': 'wealth_quintile_Poorest'}, 'residence': {'reference': 'Rural', 'reference_column': 'residence_Rural'}, 'country_admin_region': {'reference': 'ethiopia::01', 'reference_column': 'country_admin_region_ethiopia::01'}}",1599,0.042914653784219,2,114,True
severe_outcomes_secondary,model4_preferred_lpm,severe_underweight,pooled,country_admin_region_ghana::02,0.0004578811859665578,0.016837740465190036,-0.03254348370683861,0.03345924607877172,0.9783052062696468,37260,4434,114,model_specific_equal_total_country_weight,cluster_robust_country_psu,True,"{'child_sex': {'reference': 'Male', 'reference_column': 'child_sex_Male'}, 'maternal_education': {'reference': 'No education', 'reference_column': 'maternal_education_No education'}, 'literacy': {'reference': 'Cannot read at all', 'reference_column': 'literacy_Cannot read at all'}, 'wealth_quintile': {'reference': 'Poorest', 'reference_column': 'wealth_quintile_Poorest'}, 'residence': {'reference': 'Rural', 'reference_column': 'residence_Rural'}, 'country_admin_region': {'reference': 'ethiopia::01', 'reference_column': 'country_admin_region_ethiopia::01'}}",1599,0.042914653784219,2,114,True
severe_outcomes_secondary,model4_preferred_lpm,severe_underweight,pooled,country_admin_region_ghana::03,-0.006348001444058756,0.012352552661860871,-0.030558559778440436,0.017862556890322928,0.6073205133217798,37260,4434,114,model_specific_equal_total_country_weight,cluster_robust_country_psu,True,"{'child_sex': {'reference': 'Male', 'reference_column': 'child_sex_Male'}, 'maternal_education': {'reference': 'No education', 'reference_column': 'maternal_education_No education'}, 'literacy': {'reference': 'Cannot read at all', 'reference_column': 'literacy_Cannot read at all'}, 'wealth_quintile': {'reference': 'Poorest', 'reference_column': 'wealth_quintile_Poorest'}, 'residence': {'reference': 'Rural', 'reference_column': 'residence_Rural'}, 'country_admin_region': {'reference': 'ethiopia::01', 'reference_column': 'country_admin_region_ethiopia::01'}}",1599,0.042914653784219,2,114,True
severe_outcomes_secondary,model4_preferred_lpm,severe_underweight,pooled,country_admin_region_ghana::04,-0.004081262086482895,0.013904654924064465,-0.031333884955106764,0.023171360782140975,0.7691264858605911,37260,4434,114,model_specific_equal_total_country_weight,cluster_robust_country_psu,True,"{'child_sex': {'reference': 'Male', 'reference_column': 'child_sex_Male'}, 'maternal_education': {'reference': 'No education', 'reference_column': 'maternal_education_No education'}, 'literacy': {'reference': 'Cannot read at all', 'reference_column': 'literacy_Cannot read at all'}, 'wealth_quintile': {'reference': 'Poorest', 'reference_column': 'wealth_quintile_Poorest'}, 'residence': {'reference': 'Rural', 'reference_column': 'residence_Rural'}, 'country_admin_region': {'reference': 'ethiopia::01', 'reference_column': 'country_admin_region_ethiopia::01'}}",1599,0.042914653784219,2,114,True
severe_outcomes_secondary,model4_preferred_lpm,severe_underweight,pooled,country_admin_region_ghana::05,-0.00716606819988434,0.015988940429902714,-0.03850381559345003,0.024171679193681347,0.6540167566364206,37260,4434,114,model_specific_equal_total_country_weight,cluster_robust_country_psu,True,"{'child_sex': {'reference': 'Male', 'reference_column': 'child_sex_Male'}, 'maternal_education': {'reference': 'No education', 'reference_column': 'maternal_education_No education'}, 'literacy': {'reference': 'Cannot read at all', 'reference_column': 'literacy_Cannot read at all'}, 'wealth_quintile': {'reference': 'Poorest', 'reference_column': 'wealth_quintile_Poorest'}, 'residence': {'reference': 'Rural', 'reference_column': 'residence_Rural'}, 'country_admin_region': {'reference': 'ethiopia::01', 'reference_column': 'country_admin_region_ethiopia::01'}}",1599,0.042914653784219,2,114,True
severe_outcomes_secondary,model4_preferred_lpm,severe_underweight,pooled,country_admin_region_ghana::06,0.013829285429015358,0.01687311107467671,-0.019241404584494918,0.04689997544252564,0.41244134849720426,37260,4434,114,model_specific_equal_total_country_weight,cluster_robust_country_psu,True,"{'child_sex': {'reference': 'Male', 'reference_column': 'child_sex_Male'}, 'maternal_education': {'reference': 'No education', 'reference_column': 'maternal_education_No education'}, 'literacy': {'reference': 'Cannot read at all', 'reference_column': 'literacy_Cannot read at all'}, 'wealth_quintile': {'reference': 'Poorest', 'reference_column': 'wealth_quintile_Poorest'}, 'residence': {'reference': 'Rural', 'reference_column': 'residence_Rural'}, 'country_admin_region': {'reference': 'ethiopia::01', 'reference_column': 'country_admin_region_ethiopia::01'}}",1599,0.042914653784219,2,114,True
severe_outcomes_secondary,model4_preferred_lpm,severe_underweight,pooled,country_admin_region_ghana::07,-0.028863845523216972,0.012256263270977426,-0.05288568011937381,-0.004842010927060141,0.0185213005009805,37260,4434,114,model_specific_equal_total_country_weight,cluster_robust_country_psu,True,"{'child_sex': {'reference': 'Male', 'reference_column': 'child_sex_Male'}, 'maternal_education': {'reference': 'No education', 'reference_column': 'maternal_education_No education'}, 'literacy': {'reference': 'Cannot read at all', 'reference_column': 'literacy_Cannot read at all'}, 'wealth_quintile': {'reference': 'Poorest', 'reference_column': 'wealth_quintile_Poorest'}, 'residence': {'reference': 'Rural', 'reference_column': 'residence_Rural'}, 'country_admin_region': {'reference': 'ethiopia::01', 'reference_column': 'country_admin_region_ethiopia::01'}}",1599,0.042914653784219,2,114,True
severe_outcomes_secondary,model4_preferred_lpm,severe_underweight,pooled,country_admin_region_ghana::08,-0.013580855135540772,0.013995821300463604,-0.041012160818507976,0.013850450547426434,0.3318717086161552,37260,4434,114,model_specific_equal_total_country_weight,cluster_robust_country_psu,True,"{'child_sex': {'reference': 'Male', 'reference_column': 'child_sex_Male'}, 'maternal_education': {'reference': 'No education', 'reference_column': 'maternal_education_No education'}, 'literacy': {'reference': 'Cannot read at all', 'reference_column': 'literacy_Cannot read at all'}, 'wealth_quintile': {'reference': 'Poorest', 'reference_column': 'wealth_quintile_Poorest'}, 'residence': {'reference': 'Rural', 'reference_column': 'residence_Rural'}, 'country_admin_region': {'reference': 'ethiopia::01', 'reference_column': 'country_admin_region_ethiopia::01'}}",1599,0.042914653784219,2,114,True
severe_outcomes_secondary,model4_preferred_lpm,severe_underweight,pooled,country_admin_region_ghana::09,-0.012155609600360762,0.013727004686473651,-0.03906004440146166,0.01474882520074013,0.37587339388836294,37260,4434,114,model_specific_equal_total_country_weight,cluster_robust_country_psu,True,"{'child_sex': {'reference': 'Male', 'reference_column': 'child_sex_Male'}, 'maternal_education': {'reference': 'No education', 'reference_column': 'maternal_education_No education'}, 'literacy': {'reference': 'Cannot read at all', 'reference_column': 'literacy_Cannot read at all'}, 'wealth_quintile': {'reference': 'Poorest', 'reference_column': 'wealth_quintile_Poorest'}, 'residence': {'reference': 'Rural', 'reference_column': 'residence_Rural'}, 'country_admin_region': {'reference': 'ethiopia::01', 'reference_column': 'country_admin_region_ethiopia::01'}}",1599,0.042914653784219,2,114,True
severe_outcomes_secondary,model4_preferred_lpm,severe_underweight,pooled,country_admin_region_ghana::10,-0.03460730388734519,0.011062122842517,-0.05628866625123635,-0.012925941523454023,0.00175730599903855,37260,4434,114,model_specific_equal_total_country_weight,cluster_robust_country_psu,True,"{'child_sex': {'reference': 'Male', 'reference_column': 'child_sex_Male'}, 'maternal_education': {'reference': 'No education', 'reference_column': 'maternal_education_No education'}, 'literacy': {'reference': 'Cannot read at all', 'reference_column': 'literacy_Cannot read at all'}, 'wealth_quintile': {'reference': 'Poorest', 'reference_column': 'wealth_quintile_Poorest'}, 'residence': {'reference': 'Rural', 'reference_column': 'residence_Rural'}, 'country_admin_region': {'reference': 'ethiopia::01', 'reference_column': 'country_admin_region_ethiopia::01'}}",1599,0.042914653784219,2,114,True
severe_outcomes_secondary,model4_preferred_lpm,severe_underweight,pooled,country_admin_region_ghana::11,-0.021881493127233947,0.015244622322925049,-0.05176040383808238,0.007997417583614486,0.15118506079068303,37260,4434,114,model_specific_equal_total_country_weight,cluster_robust_country_psu,True,"{'child_sex': {'reference': 'Male', 'reference_column': 'child_sex_Male'}, 'maternal_education': {'reference': 'No education', 'reference_column': 'maternal_education_No education'}, 'literacy': {'reference': 'Cannot read at all', 'reference_column': 'literacy_Cannot read at all'}, 'wealth_quintile': {'reference': 'Poorest', 'reference_column': 'wealth_quintile_Poorest'}, 'residence': {'reference': 'Rural', 'reference_column': 'residence_Rural'}, 'country_admin_region': {'reference': 'ethiopia::01', 'reference_column': 'country_admin_region_ethiopia::01'}}",1599,0.042914653784219,2,114,True
severe_outcomes_secondary,model4_preferred_lpm,severe_underweight,pooled,country_admin_region_ghana::12,-0.015161083845142668,0.013630161347331846,-0.04187570918938303,0.011553541499097689,0.26600113080913657,37260,4434,114,model_specific_equal_total_country_weight,cluster_robust_country_psu,True,"{'child_sex': {'reference': 'Male', 'reference_column': 'child_sex_Male'}, 'maternal_education': {'reference': 'No education', 'reference_column': 'maternal_education_No education'}, 'literacy': {'reference': 'Cannot read at all', 'reference_column': 'literacy_Cannot read at all'}, 'wealth_quintile': {'reference': 'Poorest', 'reference_column': 'wealth_quintile_Poorest'}, 'residence': {'reference': 'Rural', 'reference_column': 'residence_Rural'}, 'country_admin_region': {'reference': 'ethiopia::01', 'reference_column': 'country_admin_region_ethiopia::01'}}",1599,0.042914653784219,2,114,True
severe_outcomes_secondary,model4_preferred_lpm,severe_underweight,pooled,country_admin_region_ghana::13,-0.04195606432893229,0.011168194249913077,-0.06384532283110925,-0.020066805826755338,0.00017213734576644558,37260,4434,114,model_specific_equal_total_country_weight,cluster_robust_country_psu,True,"{'child_sex': {'reference': 'Male', 'reference_column': 'child_sex_Male'}, 'maternal_education': {'reference': 'No education', 'reference_column': 'maternal_education_No education'}, 'literacy': {'reference': 'Cannot read at all', 'reference_column': 'literacy_Cannot read at all'}, 'wealth_quintile': {'reference': 'Poorest', 'reference_column': 'wealth_quintile_Poorest'}, 'residence': {'reference': 'Rural', 'reference_column': 'residence_Rural'}, 'country_admin_region': {'reference': 'ethiopia::01', 'reference_column': 'country_admin_region_ethiopia::01'}}",1599,0.042914653784219,2,114,True
severe_outcomes_secondary,model4_preferred_lpm,severe_underweight,pooled,country_admin_region_ghana::14,-0.007960452613280706,0.014499229812918346,-0.03637842085017009,0.02045751562360868,0.5829876796752509,37260,4434,114,model_specific_equal_total_country_weight,cluster_robust_country_psu,True,"{'child_sex': {'reference': 'Male', 'reference_column': 'child_sex_Male'}, 'maternal_education': {'reference': 'No education', 'reference_column': 'maternal_education_No education'}, 'literacy': {'reference': 'Cannot read at all', 'reference_column': 'literacy_Cannot read at all'}, 'wealth_quintile': {'reference': 'Poorest', 'reference_column': 'wealth_quintile_Poorest'}, 'residence': {'reference': 'Rural', 'reference_column': 'residence_Rural'}, 'country_admin_region': {'reference': 'ethiopia::01', 'reference_column': 'country_admin_region_ethiopia::01'}}",1599,0.042914653784219,2,114,True
severe_outcomes_secondary,model4_preferred_lpm,severe_underweight,pooled,country_admin_region_ghana::15,-0.010384417277821934,0.01615445631513348,-0.04204656984530918,0.02127773528966532,0.520340515632292,37260,4434,114,model_specific_equal_total_country_weight,cluster_robust_country_psu,True,"{'child_sex': {'reference': 'Male', 'reference_column': 'child_sex_Male'}, 'maternal_education': {'reference': 'No education', 'reference_column': 'maternal_education_No education'}, 'literacy': {'reference': 'Cannot read at all', 'reference_column': 'literacy_Cannot read at all'}, 'wealth_quintile': {'reference': 'Poorest', 'reference_column': 'wealth_quintile_Poorest'}, 'residence': {'reference': 'Rural', 'reference_column': 'residence_Rural'}, 'country_admin_region': {'reference': 'ethiopia::01', 'reference_column': 'country_admin_region_ethiopia::01'}}",1599,0.042914653784219,2,114,True
severe_outcomes_secondary,model4_preferred_lpm,severe_underweight,pooled,country_admin_region_ghana::16,-0.001454142150905796,0.014464718853137623,-0.029804470149553054,0.02689618584774146,0.9199233493275498,37260,4434,114,model_specific_equal_total_country_weight,cluster_robust_country_psu,True,"{'child_sex': {'reference': 'Male', 'reference_column': 'child_sex_Male'}, 'maternal_education': {'reference': 'No education', 'reference_column': 'maternal_education_No education'}, 'literacy': {'reference': 'Cannot read at all', 'reference_column': 'literacy_Cannot read at all'}, 'wealth_quintile': {'reference': 'Poorest', 'reference_column': 'wealth_quintile_Poorest'}, 'residence': {'reference': 'Rural', 'reference_column': 'residence_Rural'}, 'country_admin_region': {'reference': 'ethiopia::01', 'reference_column': 'country_admin_region_ethiopia::01'}}",1599,0.042914653784219,2,114,True
severe_outcomes_secondary,model4_preferred_lpm,severe_underweight,pooled,country_admin_region_kenya::01,-0.00299692206569449,0.012114146726704956,-0.026740213353469988,0.020746369222081007,0.8046062013139486,37260,4434,114,model_specific_equal_total_country_weight,cluster_robust_country_psu,True,"{'child_sex': {'reference': 'Male', 'reference_column': 'child_sex_Male'}, 'maternal_education': {'reference': 'No education', 'reference_column': 'maternal_education_No education'}, 'literacy': {'reference': 'Cannot read at all', 'reference_column': 'literacy_Cannot read at all'}, 'wealth_quintile': {'reference': 'Poorest', 'reference_column': 'wealth_quintile_Poorest'}, 'residence': {'reference': 'Rural', 'reference_column': 'residence_Rural'}, 'country_admin_region': {'reference': 'ethiopia::01', 'reference_column': 'country_admin_region_ethiopia::01'}}",1599,0.042914653784219,2,114,True
severe_outcomes_secondary,model4_preferred_lpm,severe_underweight,pooled,country_admin_region_kenya::02,-0.01978498490197285,0.013335581443810234,-0.04592224424474156,0.006352274440795863,0.1379087739763339,37260,4434,114,model_specific_equal_total_country_weight,cluster_robust_country_psu,True,"{'child_sex': {'reference': 'Male', 'reference_column': 'child_sex_Male'}, 'maternal_education': {'reference': 'No education', 'reference_column': 'maternal_education_No education'}, 'literacy': {'reference': 'Cannot read at all', 'reference_column': 'literacy_Cannot read at all'}, 'wealth_quintile': {'reference': 'Poorest', 'reference_column': 'wealth_quintile_Poorest'}, 'residence': {'reference': 'Rural', 'reference_column': 'residence_Rural'}, 'country_admin_region': {'reference': 'ethiopia::01', 'reference_column': 'country_admin_region_ethiopia::01'}}",1599,0.042914653784219,2,114,True
severe_outcomes_secondary,model4_preferred_lpm,severe_underweight,pooled,country_admin_region_kenya::03,0.00025584656994147087,0.014762218976051017,-0.028677570955012277,0.029189264094895216,0.986172416930843,37260,4434,114,model_specific_equal_total_country_weight,cluster_robust_country_psu,True,"{'child_sex': {'reference': 'Male', 'reference_column': 'child_sex_Male'}, 'maternal_education': {'reference': 'No education', 'reference_column': 'maternal_education_No education'}, 'literacy': {'reference': 'Cannot read at all', 'reference_column': 'literacy_Cannot read at all'}, 'wealth_quintile': {'reference': 'Poorest', 'reference_column': 'wealth_quintile_Poorest'}, 'residence': {'reference': 'Rural', 'reference_column': 'residence_Rural'}, 'country_admin_region': {'reference': 'ethiopia::01', 'reference_column': 'country_admin_region_ethiopia::01'}}",1599,0.042914653784219,2,114,True
severe_outcomes_secondary,model4_preferred_lpm,severe_underweight,pooled,country_admin_region_kenya::04,-0.027788094197100804,0.011898225093452635,-0.05110818686021869,-0.00446800153398292,0.019518239099579022,37260,4434,114,model_specific_equal_total_country_weight,cluster_robust_country_psu,True,"{'child_sex': {'reference': 'Male', 'reference_column': 'child_sex_Male'}, 'maternal_education': {'reference': 'No education', 'reference_column': 'maternal_education_No education'}, 'literacy': {'reference': 'Cannot read at all', 'reference_column': 'literacy_Cannot read at all'}, 'wealth_quintile': {'reference': 'Poorest', 'reference_column': 'wealth_quintile_Poorest'}, 'residence': {'reference': 'Rural', 'reference_column': 'residence_Rural'}, 'country_admin_region': {'reference': 'ethiopia::01', 'reference_column': 'country_admin_region_ethiopia::01'}}",1599,0.042914653784219,2,114,True
severe_outcomes_secondary,model4_preferred_lpm,severe_underweight,pooled,country_admin_region_kenya::05,-0.0191629794771297,0.011471557428808666,-0.041646818884177594,0.00332085992991819,0.09482491189236567,37260,4434,114,model_specific_equal_total_country_weight,cluster_robust_country_psu,True,"{'child_sex': {'reference': 'Male', 'reference_column': 'child_sex_Male'}, 'maternal_education': {'reference': 'No education', 'reference_column': 'maternal_education_No education'}, 'literacy': {'reference': 'Cannot read at all', 'reference_column': 'literacy_Cannot read at all'}, 'wealth_quintile': {'reference': 'Poorest', 'reference_column': 'wealth_quintile_Poorest'}, 'residence': {'reference': 'Rural', 'reference_column': 'residence_Rural'}, 'country_admin_region': {'reference': 'ethiopia::01', 'reference_column': 'country_admin_region_ethiopia::01'}}",1599,0.042914653784219,2,114,True
severe_outcomes_secondary,model4_preferred_lpm,severe_underweight,pooled,country_admin_region_kenya::06,-0.0028086255036855515,0.01309042402647862,-0.028465385137941442,0.022848134130570342,0.8301137111563204,37260,4434,114,model_specific_equal_total_country_weight,cluster_robust_country_psu,True,"{'child_sex': {'reference': 'Male', 'reference_column': 'child_sex_Male'}, 'maternal_education': {'reference': 'No education', 'reference_column': 'maternal_education_No education'}, 'literacy': {'reference': 'Cannot read at all', 'reference_column': 'literacy_Cannot read at all'}, 'wealth_quintile': {'reference': 'Poorest', 'reference_column': 'wealth_quintile_Poorest'}, 'residence': {'reference': 'Rural', 'reference_column': 'residence_Rural'}, 'country_admin_region': {'reference': 'ethiopia::01', 'reference_column': 'country_admin_region_ethiopia::01'}}",1599,0.042914653784219,2,114,True
severe_outcomes_secondary,model4_preferred_lpm,severe_underweight,pooled,country_admin_region_kenya::07,-0.03194269473599304,0.01285553126459586,-0.05713907301672958,-0.006746316455256494,0.012964489544240244,37260,4434,114,model_specific_equal_total_country_weight,cluster_robust_country_psu,True,"{'child_sex': {'reference': 'Male', 'reference_column': 'child_sex_Male'}, 'maternal_education': {'reference': 'No education', 'reference_column': 'maternal_education_No education'}, 'literacy': {'reference': 'Cannot read at all', 'reference_column': 'literacy_Cannot read at all'}, 'wealth_quintile': {'reference': 'Poorest', 'reference_column': 'wealth_quintile_Poorest'}, 'residence': {'reference': 'Rural', 'reference_column': 'residence_Rural'}, 'country_admin_region': {'reference': 'ethiopia::01', 'reference_column': 'country_admin_region_ethiopia::01'}}",1599,0.042914653784219,2,114,True
severe_outcomes_secondary,model4_preferred_lpm,severe_underweight,pooled,country_admin_region_kenya::08,-0.01914852637401312,0.01688272827792873,-0.052238065759529356,0.013941013011503117,0.25670728672784404,37260,4434,114,model_specific_equal_total_country_weight,cluster_robust_country_psu,True,"{'child_sex': {'reference': 'Male', 'reference_column': 'child_sex_Male'}, 'maternal_education': {'reference': 'No education', 'reference_column': 'maternal_education_No education'}, 'literacy': {'reference': 'Cannot read at all', 'reference_column': 'literacy_Cannot read at all'}, 'wealth_quintile': {'reference': 'Poorest', 'reference_column': 'wealth_quintile_Poorest'}, 'residence': {'reference': 'Rural', 'reference_column': 'residence_Rural'}, 'country_admin_region': {'reference': 'ethiopia::01', 'reference_column': 'country_admin_region_ethiopia::01'}}",1599,0.042914653784219,2,114,True
severe_outcomes_secondary,model4_preferred_lpm,severe_underweight,pooled,country_admin_region_kenya::09,-0.003934566815602212,0.013564565887766772,-0.030520627421545668,0.022651493790341246,0.7717687100595543,37260,4434,114,model_specific_equal_total_country_weight,cluster_robust_country_psu,True,"{'child_sex': {'reference': 'Male', 'reference_column': 'child_sex_Male'}, 'maternal_education': {'reference': 'No education', 'reference_column': 'maternal_education_No education'}, 'literacy': {'reference': 'Cannot read at all', 'reference_column': 'literacy_Cannot read at all'}, 'wealth_quintile': {'reference': 'Poorest', 'reference_column': 'wealth_quintile_Poorest'}, 'residence': {'reference': 'Rural', 'reference_column': 'residence_Rural'}, 'country_admin_region': {'reference': 'ethiopia::01', 'reference_column': 'country_admin_region_ethiopia::01'}}",1599,0.042914653784219,2,114,True
severe_outcomes_secondary,model4_preferred_lpm,severe_underweight,pooled,country_admin_region_kenya::10,0.014005387002633833,0.017690948965234925,-0.020668235821562755,0.04867900982683042,0.4285533356502542,37260,4434,114,model_specific_equal_total_country_weight,cluster_robust_country_psu,True,"{'child_sex': {'reference': 'Male', 'reference_column': 'child_sex_Male'}, 'maternal_education': {'reference': 'No education', 'reference_column': 'maternal_education_No education'}, 'literacy': {'reference': 'Cannot read at all', 'reference_column': 'literacy_Cannot read at all'}, 'wealth_quintile': {'reference': 'Poorest', 'reference_column': 'wealth_quintile_Poorest'}, 'residence': {'reference': 'Rural', 'reference_column': 'residence_Rural'}, 'country_admin_region': {'reference': 'ethiopia::01', 'reference_column': 'country_admin_region_ethiopia::01'}}",1599,0.042914653784219,2,114,True
severe_outcomes_secondary,model4_preferred_lpm,severe_underweight,pooled,country_admin_region_kenya::11,-0.018160363708578965,0.011567743146892843,-0.040832723658898964,0.004511996241741038,0.11643508402034407,37260,4434,114,model_specific_equal_total_country_weight,cluster_robust_country_psu,True,"{'child_sex': {'reference': 'Male', 'reference_column': 'child_sex_Male'}, 'maternal_education': {'reference': 'No education', 'reference_column': 'maternal_education_No education'}, 'literacy': {'reference': 'Cannot read at all', 'reference_column': 'literacy_Cannot read at all'}, 'wealth_quintile': {'reference': 'Poorest', 'reference_column': 'wealth_quintile_Poorest'}, 'residence': {'reference': 'Rural', 'reference_column': 'residence_Rural'}, 'country_admin_region': {'reference': 'ethiopia::01', 'reference_column': 'country_admin_region_ethiopia::01'}}",1599,0.042914653784219,2,114,True
severe_outcomes_secondary,model4_preferred_lpm,severe_underweight,pooled,country_admin_region_kenya::12,-0.010047176083049636,0.013903778272708375,-0.03729808074658857,0.017203728580489304,0.46991214738828946,37260,4434,114,model_specific_equal_total_country_weight,cluster_robust_country_psu,True,"{'child_sex': {'reference': 'Male', 'reference_column': 'child_sex_Male'}, 'maternal_education': {'reference': 'No education', 'reference_column': 'maternal_education_No education'}, 'literacy': {'reference': 'Cannot read at all', 'reference_column': 'literacy_Cannot read at all'}, 'wealth_quintile': {'reference': 'Poorest', 'reference_column': 'wealth_quintile_Poorest'}, 'residence': {'reference': 'Rural', 'reference_column': 'residence_Rural'}, 'country_admin_region': {'reference': 'ethiopia::01', 'reference_column': 'country_admin_region_ethiopia::01'}}",1599,0.042914653784219,2,114,True
severe_outcomes_secondary,model4_preferred_lpm,severe_underweight,pooled,country_admin_region_kenya::13,-0.0035621563076630924,0.013842480223511389,-0.030692919002453373,0.023568606387127187,0.7969200833486663,37260,4434,114,model_specific_equal_total_country_weight,cluster_robust_country_psu,True,"{'child_sex': {'reference': 'Male', 'reference_column': 'child_sex_Male'}, 'maternal_education': {'reference': 'No education', 'reference_column': 'maternal_education_No education'}, 'literacy': {'reference': 'Cannot read at all', 'reference_column': 'literacy_Cannot read at all'}, 'wealth_quintile': {'reference': 'Poorest', 'reference_column': 'wealth_quintile_Poorest'}, 'residence': {'reference': 'Rural', 'reference_column': 'residence_Rural'}, 'country_admin_region': {'reference': 'ethiopia::01', 'reference_column': 'country_admin_region_ethiopia::01'}}",1599,0.042914653784219,2,114,True
severe_outcomes_secondary,model4_preferred_lpm,severe_underweight,pooled,country_admin_region_kenya::14,0.01250425407558089,0.015089811655319682,-0.017071233302338423,0.0420797414535002,0.40729942370430106,37260,4434,114,model_specific_equal_total_country_weight,cluster_robust_country_psu,True,"{'child_sex': {'reference': 'Male', 'reference_column': 'child_sex_Male'}, 'maternal_education': {'reference': 'No education', 'reference_column': 'maternal_education_No education'}, 'literacy': {'reference': 'Cannot read at all', 'reference_column': 'literacy_Cannot read at all'}, 'wealth_quintile': {'reference': 'Poorest', 'reference_column': 'wealth_quintile_Poorest'}, 'residence': {'reference': 'Rural', 'reference_column': 'residence_Rural'}, 'country_admin_region': {'reference': 'ethiopia::01', 'reference_column': 'country_admin_region_ethiopia::01'}}",1599,0.042914653784219,2,114,True
severe_outcomes_secondary,model4_preferred_lpm,severe_underweight,pooled,country_admin_region_kenya::15,-0.014860158423021838,0.013214923119096392,-0.04076093179491648,0.011040614948872807,0.260801696401031,37260,4434,114,model_specific_equal_total_country_weight,cluster_robust_country_psu,True,"{'child_sex': {'reference': 'Male', 'reference_column': 'child_sex_Male'}, 'maternal_education': {'reference': 'No education', 'reference_column': 'maternal_education_No education'}, 'literacy': {'reference': 'Cannot read at all', 'reference_column': 'literacy_Cannot read at all'}, 'wealth_quintile': {'reference': 'Poorest', 'reference_column': 'wealth_quintile_Poorest'}, 'residence': {'reference': 'Rural', 'reference_column': 'residence_Rural'}, 'country_admin_region': {'reference': 'ethiopia::01', 'reference_column': 'country_admin_region_ethiopia::01'}}",1599,0.042914653784219,2,114,True
severe_outcomes_secondary,model4_preferred_lpm,severe_underweight,pooled,country_admin_region_kenya::16,-0.007778851902359833,0.011954719287972395,-0.031209671152072047,0.015651967347352382,0.5152446965492653,37260,4434,114,model_specific_equal_total_country_weight,cluster_robust_country_psu,True,"{'child_sex': {'reference': 'Male', 'reference_column': 'child_sex_Male'}, 'maternal_education': {'reference': 'No education', 'reference_column': 'maternal_education_No education'}, 'literacy': {'reference': 'Cannot read at all', 'reference_column': 'literacy_Cannot read at all'}, 'wealth_quintile': {'reference': 'Poorest', 'reference_column': 'wealth_quintile_Poorest'}, 'residence': {'reference': 'Rural', 'reference_column': 'residence_Rural'}, 'country_admin_region': {'reference': 'ethiopia::01', 'reference_column': 'country_admin_region_ethiopia::01'}}",1599,0.042914653784219,2,114,True
severe_outcomes_secondary,model4_preferred_lpm,severe_underweight,pooled,country_admin_region_kenya::17,-0.008806909081851173,0.013407540873864442,-0.03508520631587416,0.017471388152171814,0.5112694157215805,37260,4434,114,model_specific_equal_total_country_weight,cluster_robust_country_psu,True,"{'child_sex': {'reference': 'Male', 'reference_column': 'child_sex_Male'}, 'maternal_education': {'reference': 'No education', 'reference_column': 'maternal_education_No education'}, 'literacy': {'reference': 'Cannot read at all', 'reference_column': 'literacy_Cannot read at all'}, 'wealth_quintile': {'reference': 'Poorest', 'reference_column': 'wealth_quintile_Poorest'}, 'residence': {'reference': 'Rural', 'reference_column': 'residence_Rural'}, 'country_admin_region': {'reference': 'ethiopia::01', 'reference_column': 'country_admin_region_ethiopia::01'}}",1599,0.042914653784219,2,114,True
severe_outcomes_secondary,model4_preferred_lpm,severe_underweight,pooled,country_admin_region_kenya::18,0.0002603520824751997,0.012875061897037663,-0.024974305534442565,0.025495009699392963,0.9838667376948594,37260,4434,114,model_specific_equal_total_country_weight,cluster_robust_country_psu,True,"{'child_sex': {'reference': 'Male', 'reference_column': 'child_sex_Male'}, 'maternal_education': {'reference': 'No education', 'reference_column': 'maternal_education_No education'}, 'literacy': {'reference': 'Cannot read at all', 'reference_column': 'literacy_Cannot read at all'}, 'wealth_quintile': {'reference': 'Poorest', 'reference_column': 'wealth_quintile_Poorest'}, 'residence': {'reference': 'Rural', 'reference_column': 'residence_Rural'}, 'country_admin_region': {'reference': 'ethiopia::01', 'reference_column': 'country_admin_region_ethiopia::01'}}",1599,0.042914653784219,2,114,True
severe_outcomes_secondary,model4_preferred_lpm,severe_underweight,pooled,country_admin_region_kenya::19,-0.005650111866369984,0.011672562630320139,-0.02852791422908558,0.017227690496345607,0.6283499029377941,37260,4434,114,model_specific_equal_total_country_weight,cluster_robust_country_psu,True,"{'child_sex': {'reference': 'Male', 'reference_column': 'child_sex_Male'}, 'maternal_education': {'reference': 'No education', 'reference_column': 'maternal_education_No education'}, 'literacy': {'reference': 'Cannot read at all', 'reference_column': 'literacy_Cannot read at all'}, 'wealth_quintile': {'reference': 'Poorest', 'reference_column': 'wealth_quintile_Poorest'}, 'residence': {'reference': 'Rural', 'reference_column': 'residence_Rural'}, 'country_admin_region': {'reference': 'ethiopia::01', 'reference_column': 'country_admin_region_ethiopia::01'}}",1599,0.042914653784219,2,114,True
severe_outcomes_secondary,model4_preferred_lpm,severe_underweight,pooled,country_admin_region_kenya::20,-0.011157948242946067,0.010997177288408062,-0.032712019659827715,0.010396123173935585,0.31028733917784035,37260,4434,114,model_specific_equal_total_country_weight,cluster_robust_country_psu,True,"{'child_sex': {'reference': 'Male', 'reference_column': 'child_sex_Male'}, 'maternal_education': {'reference': 'No education', 'reference_column': 'maternal_education_No education'}, 'literacy': {'reference': 'Cannot read at all', 'reference_column': 'literacy_Cannot read at all'}, 'wealth_quintile': {'reference': 'Poorest', 'reference_column': 'wealth_quintile_Poorest'}, 'residence': {'reference': 'Rural', 'reference_column': 'residence_Rural'}, 'country_admin_region': {'reference': 'ethiopia::01', 'reference_column': 'country_admin_region_ethiopia::01'}}",1599,0.042914653784219,2,114,True
severe_outcomes_secondary,model4_preferred_lpm,severe_underweight,pooled,country_admin_region_kenya::21,-0.013960444453832589,0.010836889273822755,-0.0352003571349736,0.00727946822730843,0.1976646728314383,37260,4434,114,model_specific_equal_total_country_weight,cluster_robust_country_psu,True,"{'child_sex': {'reference': 'Male', 'reference_column': 'child_sex_Male'}, 'maternal_education': {'reference': 'No education', 'reference_column': 'maternal_education_No education'}, 'literacy': {'reference': 'Cannot read at all', 'reference_column': 'literacy_Cannot read at all'}, 'wealth_quintile': {'reference': 'Poorest', 'reference_column': 'wealth_quintile_Poorest'}, 'residence': {'reference': 'Rural', 'reference_column': 'residence_Rural'}, 'country_admin_region': {'reference': 'ethiopia::01', 'reference_column': 'country_admin_region_ethiopia::01'}}",1599,0.042914653784219,2,114,True
severe_outcomes_secondary,model4_preferred_lpm,severe_underweight,pooled,country_admin_region_kenya::22,0.007228975930786378,0.012996300987855291,-0.01824330593765232,0.03270125779922508,0.5780513489347898,37260,4434,114,model_specific_equal_total_country_weight,cluster_robust_country_psu,True,"{'child_sex': {'reference': 'Male', 'reference_column': 'child_sex_Male'}, 'maternal_education': {'reference': 'No education', 'reference_column': 'maternal_education_No education'}, 'literacy': {'reference': 'Cannot read at all', 'reference_column': 'literacy_Cannot read at all'}, 'wealth_quintile': {'reference': 'Poorest', 'reference_column': 'wealth_quintile_Poorest'}, 'residence': {'reference': 'Rural', 'reference_column': 'residence_Rural'}, 'country_admin_region': {'reference': 'ethiopia::01', 'reference_column': 'country_admin_region_ethiopia::01'}}",1599,0.042914653784219,2,114,True
severe_outcomes_secondary,model4_preferred_lpm,severe_underweight,pooled,country_admin_region_kenya::23,0.02803553529229404,0.019542405808250694,-0.010266876263143685,0.06633794684773177,0.15140111578205323,37260,4434,114,model_specific_equal_total_country_weight,cluster_robust_country_psu,True,"{'child_sex': {'reference': 'Male', 'reference_column': 'child_sex_Male'}, 'maternal_education': {'reference': 'No education', 'reference_column': 'maternal_education_No education'}, 'literacy': {'reference': 'Cannot read at all', 'reference_column': 'literacy_Cannot read at all'}, 'wealth_quintile': {'reference': 'Poorest', 'reference_column': 'wealth_quintile_Poorest'}, 'residence': {'reference': 'Rural', 'reference_column': 'residence_Rural'}, 'country_admin_region': {'reference': 'ethiopia::01', 'reference_column': 'country_admin_region_ethiopia::01'}}",1599,0.042914653784219,2,114,True
severe_outcomes_secondary,model4_preferred_lpm,severe_underweight,pooled,country_admin_region_kenya::24,0.008723227177554279,0.012984122785191317,-0.0167251858522666,0.034171640207375155,0.5016868296703317,37260,4434,114,model_specific_equal_total_country_weight,cluster_robust_country_psu,True,"{'child_sex': {'reference': 'Male', 'reference_column': 'child_sex_Male'}, 'maternal_education': {'reference': 'No education', 'reference_column': 'maternal_education_No education'}, 'literacy': {'reference': 'Cannot read at all', 'reference_column': 'literacy_Cannot read at all'}, 'wealth_quintile': {'reference': 'Poorest', 'reference_column': 'wealth_quintile_Poorest'}, 'residence': {'reference': 'Rural', 'reference_column': 'residence_Rural'}, 'country_admin_region': {'reference': 'ethiopia::01', 'reference_column': 'country_admin_region_ethiopia::01'}}",1599,0.042914653784219,2,114,True
severe_outcomes_secondary,model4_preferred_lpm,severe_underweight,pooled,country_admin_region_kenya::25,0.018694549694332076,0.01672668199390104,-0.014089144594568587,0.05147824398323274,0.26371718045990666,37260,4434,114,model_specific_equal_total_country_weight,cluster_robust_country_psu,True,"{'child_sex': {'reference': 'Male', 'reference_column': 'child_sex_Male'}, 'maternal_education': {'reference': 'No education', 'reference_column': 'maternal_education_No education'}, 'literacy': {'reference': 'Cannot read at all', 'reference_column': 'literacy_Cannot read at all'}, 'wealth_quintile': {'reference': 'Poorest', 'reference_column': 'wealth_quintile_Poorest'}, 'residence': {'reference': 'Rural', 'reference_column': 'residence_Rural'}, 'country_admin_region': {'reference': 'ethiopia::01', 'reference_column': 'country_admin_region_ethiopia::01'}}",1599,0.042914653784219,2,114,True
severe_outcomes_secondary,model4_preferred_lpm,severe_underweight,pooled,country_admin_region_kenya::26,-0.0150353759254472,0.01153642225799884,-0.037646348061571175,0.007575596210676773,0.19247363914705917,37260,4434,114,model_specific_equal_total_country_weight,cluster_robust_country_psu,True,"{'child_sex': {'reference': 'Male', 'reference_column': 'child_sex_Male'}, 'maternal_education': {'reference': 'No education', 'reference_column': 'maternal_education_No education'}, 'literacy': {'reference': 'Cannot read at all', 'reference_column': 'literacy_Cannot read at all'}, 'wealth_quintile': {'reference': 'Poorest', 'reference_column': 'wealth_quintile_Poorest'}, 'residence': {'reference': 'Rural', 'reference_column': 'residence_Rural'}, 'country_admin_region': {'reference': 'ethiopia::01', 'reference_column': 'country_admin_region_ethiopia::01'}}",1599,0.042914653784219,2,114,True
severe_outcomes_secondary,model4_preferred_lpm,severe_underweight,pooled,country_admin_region_kenya::27,-0.00799251348122992,0.011118433626235902,-0.029784242953151362,0.013799215990691522,0.4722318241166177,37260,4434,114,model_specific_equal_total_country_weight,cluster_robust_country_psu,True,"{'child_sex': {'reference': 'Male', 'reference_column': 'child_sex_Male'}, 'maternal_education': {'reference': 'No education', 'reference_column': 'maternal_education_No education'}, 'literacy': {'reference': 'Cannot read at all', 'reference_column': 'literacy_Cannot read at all'}, 'wealth_quintile': {'reference': 'Poorest', 'reference_column': 'wealth_quintile_Poorest'}, 'residence': {'reference': 'Rural', 'reference_column': 'residence_Rural'}, 'country_admin_region': {'reference': 'ethiopia::01', 'reference_column': 'country_admin_region_ethiopia::01'}}",1599,0.042914653784219,2,114,True
severe_outcomes_secondary,model4_preferred_lpm,severe_underweight,pooled,country_admin_region_kenya::28,0.0002748226296930674,0.013588471782302968,-0.02635809266855955,0.026907737927945683,0.9838641321213066,37260,4434,114,model_specific_equal_total_country_weight,cluster_robust_country_psu,True,"{'child_sex': {'reference': 'Male', 'reference_column': 'child_sex_Male'}, 'maternal_education': {'reference': 'No education', 'reference_column': 'maternal_education_No education'}, 'literacy': {'reference': 'Cannot read at all', 'reference_column': 'literacy_Cannot read at all'}, 'wealth_quintile': {'reference': 'Poorest', 'reference_column': 'wealth_quintile_Poorest'}, 'residence': {'reference': 'Rural', 'reference_column': 'residence_Rural'}, 'country_admin_region': {'reference': 'ethiopia::01', 'reference_column': 'country_admin_region_ethiopia::01'}}",1599,0.042914653784219,2,114,True
severe_outcomes_secondary,model4_preferred_lpm,severe_underweight,pooled,country_admin_region_kenya::29,-0.015723471712381355,0.01274351450541439,-0.04070030117945732,0.00925335775469461,0.2172621280550605,37260,4434,114,model_specific_equal_total_country_weight,cluster_robust_country_psu,True,"{'child_sex': {'reference': 'Male', 'reference_column': 'child_sex_Male'}, 'maternal_education': {'reference': 'No education', 'reference_column': 'maternal_education_No education'}, 'literacy': {'reference': 'Cannot read at all', 'reference_column': 'literacy_Cannot read at all'}, 'wealth_quintile': {'reference': 'Poorest', 'reference_column': 'wealth_quintile_Poorest'}, 'residence': {'reference': 'Rural', 'reference_column': 'residence_Rural'}, 'country_admin_region': {'reference': 'ethiopia::01', 'reference_column': 'country_admin_region_ethiopia::01'}}",1599,0.042914653784219,2,114,True
severe_outcomes_secondary,model4_preferred_lpm,severe_underweight,pooled,country_admin_region_kenya::30,0.022159605248400747,0.018188264569354306,-0.013488738248819607,0.057807948745621104,0.22309239396282166,37260,4434,114,model_specific_equal_total_country_weight,cluster_robust_country_psu,True,"{'child_sex': {'reference': 'Male', 'reference_column': 'child_sex_Male'}, 'maternal_education': {'reference': 'No education', 'reference_column': 'maternal_education_No education'}, 'literacy': {'reference': 'Cannot read at all', 'reference_column': 'literacy_Cannot read at all'}, 'wealth_quintile': {'reference': 'Poorest', 'reference_column': 'wealth_quintile_Poorest'}, 'residence': {'reference': 'Rural', 'reference_column': 'residence_Rural'}, 'country_admin_region': {'reference': 'ethiopia::01', 'reference_column': 'country_admin_region_ethiopia::01'}}",1599,0.042914653784219,2,114,True
severe_outcomes_secondary,model4_preferred_lpm,severe_underweight,pooled,country_admin_region_kenya::31,-0.019164855131202245,0.011435757644573592,-0.041578528250495086,0.0032488179880905965,0.09376345409012811,37260,4434,114,model_specific_equal_total_country_weight,cluster_robust_country_psu,True,"{'child_sex': {'reference': 'Male', 'reference_column': 'child_sex_Male'}, 'maternal_education': {'reference': 'No education', 'reference_column': 'maternal_education_No education'}, 'literacy': {'reference': 'Cannot read at all', 'reference_column': 'literacy_Cannot read at all'}, 'wealth_quintile': {'reference': 'Poorest', 'reference_column': 'wealth_quintile_Poorest'}, 'residence': {'reference': 'Rural', 'reference_column': 'residence_Rural'}, 'country_admin_region': {'reference': 'ethiopia::01', 'reference_column': 'country_admin_region_ethiopia::01'}}",1599,0.042914653784219,2,114,True
severe_outcomes_secondary,model4_preferred_lpm,severe_underweight,pooled,country_admin_region_kenya::32,0.0028466970805672213,0.012287906788851662,-0.021237157670967264,0.026930551832101707,0.816797007016088,37260,4434,114,model_specific_equal_total_country_weight,cluster_robust_country_psu,True,"{'child_sex': {'reference': 'Male', 'reference_column': 'child_sex_Male'}, 'maternal_education': {'reference': 'No education', 'reference_column': 'maternal_education_No education'}, 'literacy': {'reference': 'Cannot read at all', 'reference_column': 'literacy_Cannot read at all'}, 'wealth_quintile': {'reference': 'Poorest', 'reference_column': 'wealth_quintile_Poorest'}, 'residence': {'reference': 'Rural', 'reference_column': 'residence_Rural'}, 'country_admin_region': {'reference': 'ethiopia::01', 'reference_column': 'country_admin_region_ethiopia::01'}}",1599,0.042914653784219,2,114,True
severe_outcomes_secondary,model4_preferred_lpm,severe_underweight,pooled,country_admin_region_kenya::33,-0.02730773381970499,0.01057146952461116,-0.04802743335160563,-0.006588034287804349,0.009790161100936235,37260,4434,114,model_specific_equal_total_country_weight,cluster_robust_country_psu,True,"{'child_sex': {'reference': 'Male', 'reference_column': 'child_sex_Male'}, 'maternal_education': {'reference': 'No education', 'reference_column': 'maternal_education_No education'}, 'literacy': {'reference': 'Cannot read at all', 'reference_column': 'literacy_Cannot read at all'}, 'wealth_quintile': {'reference': 'Poorest', 'reference_column': 'wealth_quintile_Poorest'}, 'residence': {'reference': 'Rural', 'reference_column': 'residence_Rural'}, 'country_admin_region': {'reference': 'ethiopia::01', 'reference_column': 'country_admin_region_ethiopia::01'}}",1599,0.042914653784219,2,114,True
severe_outcomes_secondary,model4_preferred_lpm,severe_underweight,pooled,country_admin_region_kenya::34,-0.008724929250387536,0.012740370773712864,-0.03369559711655146,0.01624573861577638,0.4934541181033939,37260,4434,114,model_specific_equal_total_country_weight,cluster_robust_country_psu,True,"{'child_sex': {'reference': 'Male', 'reference_column': 'child_sex_Male'}, 'maternal_education': {'reference': 'No education', 'reference_column': 'maternal_education_No education'}, 'literacy': {'reference': 'Cannot read at all', 'reference_column': 'literacy_Cannot read at all'}, 'wealth_quintile': {'reference': 'Poorest', 'reference_column': 'wealth_quintile_Poorest'}, 'residence': {'reference': 'Rural', 'reference_column': 'residence_Rural'}, 'country_admin_region': {'reference': 'ethiopia::01', 'reference_column': 'country_admin_region_ethiopia::01'}}",1599,0.042914653784219,2,114,True
severe_outcomes_secondary,model4_preferred_lpm,severe_underweight,pooled,country_admin_region_kenya::35,-0.008811360952768481,0.01148478606343111,-0.031321128007241,0.013698406101704039,0.44295054822603563,37260,4434,114,model_specific_equal_total_country_weight,cluster_robust_country_psu,True,"{'child_sex': {'reference': 'Male', 'reference_column': 'child_sex_Male'}, 'maternal_education': {'reference': 'No education', 'reference_column': 'maternal_education_No education'}, 'literacy': {'reference': 'Cannot read at all', 'reference_column': 'literacy_Cannot read at all'}, 'wealth_quintile': {'reference': 'Poorest', 'reference_column': 'wealth_quintile_Poorest'}, 'residence': {'reference': 'Rural', 'reference_column': 'residence_Rural'}, 'country_admin_region': {'reference': 'ethiopia::01', 'reference_column': 'country_admin_region_ethiopia::01'}}",1599,0.042914653784219,2,114,True
severe_outcomes_secondary,model4_preferred_lpm,severe_underweight,pooled,country_admin_region_kenya::36,-0.005744212119408702,0.013541495260909888,-0.03228505512761191,0.0207966308887945,0.6714248166441916,37260,4434,114,model_specific_equal_total_country_weight,cluster_robust_country_psu,True,"{'child_sex': {'reference': 'Male', 'reference_column': 'child_sex_Male'}, 'maternal_education': {'reference': 'No education', 'reference_column': 'maternal_education_No education'}, 'literacy': {'reference': 'Cannot read at all', 'reference_column': 'literacy_Cannot read at all'}, 'wealth_quintile': {'reference': 'Poorest', 'reference_column': 'wealth_quintile_Poorest'}, 'residence': {'reference': 'Rural', 'reference_column': 'residence_Rural'}, 'country_admin_region': {'reference': 'ethiopia::01', 'reference_column': 'country_admin_region_ethiopia::01'}}",1599,0.042914653784219,2,114,True
severe_outcomes_secondary,model4_preferred_lpm,severe_underweight,pooled,country_admin_region_kenya::37,-0.015271016946354875,0.010836430991314512,-0.036510031410285,0.005967997517575246,0.1587673524003378,37260,4434,114,model_specific_equal_total_country_weight,cluster_robust_country_psu,True,"{'child_sex': {'reference': 'Male', 'reference_column': 'child_sex_Male'}, 'maternal_education': {'reference': 'No education', 'reference_column': 'maternal_education_No education'}, 'literacy': {'reference': 'Cannot read at all', 'reference_column': 'literacy_Cannot read at all'}, 'wealth_quintile': {'reference': 'Poorest', 'reference_column': 'wealth_quintile_Poorest'}, 'residence': {'reference': 'Rural', 'reference_column': 'residence_Rural'}, 'country_admin_region': {'reference': 'ethiopia::01', 'reference_column': 'country_admin_region_ethiopia::01'}}",1599,0.042914653784219,2,114,True
severe_outcomes_secondary,model4_preferred_lpm,severe_underweight,pooled,country_admin_region_kenya::38,-0.012549287406493578,0.012310046001367382,-0.03667653421720495,0.011577959404217797,0.3079966643239611,37260,4434,114,model_specific_equal_total_country_weight,cluster_robust_country_psu,True,"{'child_sex': {'reference': 'Male', 'reference_column': 'child_sex_Male'}, 'maternal_education': {'reference': 'No education', 'reference_column': 'maternal_education_No education'}, 'literacy': {'reference': 'Cannot read at all', 'reference_column': 'literacy_Cannot read at all'}, 'wealth_quintile': {'reference': 'Poorest', 'reference_column': 'wealth_quintile_Poorest'}, 'residence': {'reference': 'Rural', 'reference_column': 'residence_Rural'}, 'country_admin_region': {'reference': 'ethiopia::01', 'reference_column': 'country_admin_region_ethiopia::01'}}",1599,0.042914653784219,2,114,True
severe_outcomes_secondary,model4_preferred_lpm,severe_underweight,pooled,country_admin_region_kenya::39,-0.009968487325516324,0.011174575806265222,-0.031870253448308794,0.011933278797276146,0.3723562057093065,37260,4434,114,model_specific_equal_total_country_weight,cluster_robust_country_psu,True,"{'child_sex': {'reference': 'Male', 'reference_column': 'child_sex_Male'}, 'maternal_education': {'reference': 'No education', 'reference_column': 'maternal_education_No education'}, 'literacy': {'reference': 'Cannot read at all', 'reference_column': 'literacy_Cannot read at all'}, 'wealth_quintile': {'reference': 'Poorest', 'reference_column': 'wealth_quintile_Poorest'}, 'residence': {'reference': 'Rural', 'reference_column': 'residence_Rural'}, 'country_admin_region': {'reference': 'ethiopia::01', 'reference_column': 'country_admin_region_ethiopia::01'}}",1599,0.042914653784219,2,114,True
severe_outcomes_secondary,model4_preferred_lpm,severe_underweight,pooled,country_admin_region_kenya::40,-0.017421651963947855,0.011417197662686618,-0.039798948187188515,0.004955644259292801,0.12703149718994183,37260,4434,114,model_specific_equal_total_country_weight,cluster_robust_country_psu,True,"{'child_sex': {'reference': 'Male', 'reference_column': 'child_sex_Male'}, 'maternal_education': {'reference': 'No education', 'reference_column': 'maternal_education_No education'}, 'literacy': {'reference': 'Cannot read at all', 'reference_column': 'literacy_Cannot read at all'}, 'wealth_quintile': {'reference': 'Poorest', 'reference_column': 'wealth_quintile_Poorest'}, 'residence': {'reference': 'Rural', 'reference_column': 'residence_Rural'}, 'country_admin_region': {'reference': 'ethiopia::01', 'reference_column': 'country_admin_region_ethiopia::01'}}",1599,0.042914653784219,2,114,True
severe_outcomes_secondary,model4_preferred_lpm,severe_underweight,pooled,country_admin_region_kenya::41,-0.0064681169197459715,0.012919149907069124,-0.03178918544847544,0.018852951608983495,0.6166095928215878,37260,4434,114,model_specific_equal_total_country_weight,cluster_robust_country_psu,True,"{'child_sex': {'reference': 'Male', 'reference_column': 'child_sex_Male'}, 'maternal_education': {'reference': 'No education', 'reference_column': 'maternal_education_No education'}, 'literacy': {'reference': 'Cannot read at all', 'reference_column': 'literacy_Cannot read at all'}, 'wealth_quintile': {'reference': 'Poorest', 'reference_column': 'wealth_quintile_Poorest'}, 'residence': {'reference': 'Rural', 'reference_column': 'residence_Rural'}, 'country_admin_region': {'reference': 'ethiopia::01', 'reference_column': 'country_admin_region_ethiopia::01'}}",1599,0.042914653784219,2,114,True
severe_outcomes_secondary,model4_preferred_lpm,severe_underweight,pooled,country_admin_region_kenya::42,-0.016769432117082542,0.010754416654849486,-0.03784770143532526,0.004308837201160175,0.11892384691104999,37260,4434,114,model_specific_equal_total_country_weight,cluster_robust_country_psu,True,"{'child_sex': {'reference': 'Male', 'reference_column': 'child_sex_Male'}, 'maternal_education': {'reference': 'No education', 'reference_column': 'maternal_education_No education'}, 'literacy': {'reference': 'Cannot read at all', 'reference_column': 'literacy_Cannot read at all'}, 'wealth_quintile': {'reference': 'Poorest', 'reference_column': 'wealth_quintile_Poorest'}, 'residence': {'reference': 'Rural', 'reference_column': 'residence_Rural'}, 'country_admin_region': {'reference': 'ethiopia::01', 'reference_column': 'country_admin_region_ethiopia::01'}}",1599,0.042914653784219,2,114,True
severe_outcomes_secondary,model4_preferred_lpm,severe_underweight,pooled,country_admin_region_kenya::43,-0.017712532433178226,0.01247980765656337,-0.04217250597402965,0.006747441107673193,0.15581293990461983,37260,4434,114,model_specific_equal_total_country_weight,cluster_robust_country_psu,True,"{'child_sex': {'reference': 'Male', 'reference_column': 'child_sex_Male'}, 'maternal_education': {'reference': 'No education', 'reference_column': 'maternal_education_No education'}, 'literacy': {'reference': 'Cannot read at all', 'reference_column': 'literacy_Cannot read at all'}, 'wealth_quintile': {'reference': 'Poorest', 'reference_column': 'wealth_quintile_Poorest'}, 'residence': {'reference': 'Rural', 'reference_column': 'residence_Rural'}, 'country_admin_region': {'reference': 'ethiopia::01', 'reference_column': 'country_admin_region_ethiopia::01'}}",1599,0.042914653784219,2,114,True
severe_outcomes_secondary,model4_preferred_lpm,severe_underweight,pooled,country_admin_region_kenya::44,-0.03349932527577055,0.010149915636038065,-0.05339279436852511,-0.013605856183015987,0.0009652868494043811,37260,4434,114,model_specific_equal_total_country_weight,cluster_robust_country_psu,True,"{'child_sex': {'reference': 'Male', 'reference_column': 'child_sex_Male'}, 'maternal_education': {'reference': 'No education', 'reference_column': 'maternal_education_No education'}, 'literacy': {'reference': 'Cannot read at all', 'reference_column': 'literacy_Cannot read at all'}, 'wealth_quintile': {'reference': 'Poorest', 'reference_column': 'wealth_quintile_Poorest'}, 'residence': {'reference': 'Rural', 'reference_column': 'residence_Rural'}, 'country_admin_region': {'reference': 'ethiopia::01', 'reference_column': 'country_admin_region_ethiopia::01'}}",1599,0.042914653784219,2,114,True
severe_outcomes_secondary,model4_preferred_lpm,severe_underweight,pooled,country_admin_region_kenya::45,-0.006941833537082241,0.012400358638806168,-0.03124608986452246,0.017362422790357976,0.5756096599106848,37260,4434,114,model_specific_equal_total_country_weight,cluster_robust_country_psu,True,"{'child_sex': {'reference': 'Male', 'reference_column': 'child_sex_Male'}, 'maternal_education': {'reference': 'No education', 'reference_column': 'maternal_education_No education'}, 'literacy': {'reference': 'Cannot read at all', 'reference_column': 'literacy_Cannot read at all'}, 'wealth_quintile': {'reference': 'Poorest', 'reference_column': 'wealth_quintile_Poorest'}, 'residence': {'reference': 'Rural', 'reference_column': 'residence_Rural'}, 'country_admin_region': {'reference': 'ethiopia::01', 'reference_column': 'country_admin_region_ethiopia::01'}}",1599,0.042914653784219,2,114,True
severe_outcomes_secondary,model4_preferred_lpm,severe_underweight,pooled,country_admin_region_kenya::46,-0.022123401890982424,0.010316005091492168,-0.0423424003346389,-0.0019044034473259495,0.031987189912566515,37260,4434,114,model_specific_equal_total_country_weight,cluster_robust_country_psu,True,"{'child_sex': {'reference': 'Male', 'reference_column': 'child_sex_Male'}, 'maternal_education': {'reference': 'No education', 'reference_column': 'maternal_education_No education'}, 'literacy': {'reference': 'Cannot read at all', 'reference_column': 'literacy_Cannot read at all'}, 'wealth_quintile': {'reference': 'Poorest', 'reference_column': 'wealth_quintile_Poorest'}, 'residence': {'reference': 'Rural', 'reference_column': 'residence_Rural'}, 'country_admin_region': {'reference': 'ethiopia::01', 'reference_column': 'country_admin_region_ethiopia::01'}}",1599,0.042914653784219,2,114,True
severe_outcomes_secondary,model4_preferred_lpm,severe_underweight,pooled,country_admin_region_kenya::47,-0.009092929143800131,0.01073670759561553,-0.03013648934374421,0.011950631056143947,0.3970502664086565,37260,4434,114,model_specific_equal_total_country_weight,cluster_robust_country_psu,True,"{'child_sex': {'reference': 'Male', 'reference_column': 'child_sex_Male'}, 'maternal_education': {'reference': 'No education', 'reference_column': 'maternal_education_No education'}, 'literacy': {'reference': 'Cannot read at all', 'reference_column': 'literacy_Cannot read at all'}, 'wealth_quintile': {'reference': 'Poorest', 'reference_column': 'wealth_quintile_Poorest'}, 'residence': {'reference': 'Rural', 'reference_column': 'residence_Rural'}, 'country_admin_region': {'reference': 'ethiopia::01', 'reference_column': 'country_admin_region_ethiopia::01'}}",1599,0.042914653784219,2,114,True
severe_outcomes_secondary,model4_preferred_lpm,severe_underweight,pooled,country_admin_region_nigeria::01,0.019516222957145984,0.01811580437314328,-0.015990101165188054,0.055022547079480025,0.281344612889749,37260,4434,114,model_specific_equal_total_country_weight,cluster_robust_country_psu,True,"{'child_sex': {'reference': 'Male', 'reference_column': 'child_sex_Male'}, 'maternal_education': {'reference': 'No education', 'reference_column': 'maternal_education_No education'}, 'literacy': {'reference': 'Cannot read at all', 'reference_column': 'literacy_Cannot read at all'}, 'wealth_quintile': {'reference': 'Poorest', 'reference_column': 'wealth_quintile_Poorest'}, 'residence': {'reference': 'Rural', 'reference_column': 'residence_Rural'}, 'country_admin_region': {'reference': 'ethiopia::01', 'reference_column': 'country_admin_region_ethiopia::01'}}",1599,0.042914653784219,2,114,True
severe_outcomes_secondary,model4_preferred_lpm,severe_underweight,pooled,country_admin_region_nigeria::02,-0.019596035595373443,0.012587120503237,-0.04426633845078364,0.005074267260036756,0.11951030946180628,37260,4434,114,model_specific_equal_total_country_weight,cluster_robust_country_psu,True,"{'child_sex': {'reference': 'Male', 'reference_column': 'child_sex_Male'}, 'maternal_education': {'reference': 'No education', 'reference_column': 'maternal_education_No education'}, 'literacy': {'reference': 'Cannot read at all', 'reference_column': 'literacy_Cannot read at all'}, 'wealth_quintile': {'reference': 'Poorest', 'reference_column': 'wealth_quintile_Poorest'}, 'residence': {'reference': 'Rural', 'reference_column': 'residence_Rural'}, 'country_admin_region': {'reference': 'ethiopia::01', 'reference_column': 'country_admin_region_ethiopia::01'}}",1599,0.042914653784219,2,114,True
severe_outcomes_secondary,model4_preferred_lpm,severe_underweight,pooled,country_admin_region_nigeria::03,0.028042156556086276,0.019878012430366215,-0.010918031891671013,0.06700234500384357,0.1583294638680377,37260,4434,114,model_specific_equal_total_country_weight,cluster_robust_country_psu,True,"{'child_sex': {'reference': 'Male', 'reference_column': 'child_sex_Male'}, 'maternal_education': {'reference': 'No education', 'reference_column': 'maternal_education_No education'}, 'literacy': {'reference': 'Cannot read at all', 'reference_column': 'literacy_Cannot read at all'}, 'wealth_quintile': {'reference': 'Poorest', 'reference_column': 'wealth_quintile_Poorest'}, 'residence': {'reference': 'Rural', 'reference_column': 'residence_Rural'}, 'country_admin_region': {'reference': 'ethiopia::01', 'reference_column': 'country_admin_region_ethiopia::01'}}",1599,0.042914653784219,2,114,True
severe_outcomes_secondary,model4_preferred_lpm,severe_underweight,pooled,country_admin_region_nigeria::04,0.040129029544406315,0.028062799433794285,-0.014873046651201503,0.09513110574001413,0.15272493160541392,37260,4434,114,model_specific_equal_total_country_weight,cluster_robust_country_psu,True,"{'child_sex': {'reference': 'Male', 'reference_column': 'child_sex_Male'}, 'maternal_education': {'reference': 'No education', 'reference_column': 'maternal_education_No education'}, 'literacy': {'reference': 'Cannot read at all', 'reference_column': 'literacy_Cannot read at all'}, 'wealth_quintile': {'reference': 'Poorest', 'reference_column': 'wealth_quintile_Poorest'}, 'residence': {'reference': 'Rural', 'reference_column': 'residence_Rural'}, 'country_admin_region': {'reference': 'ethiopia::01', 'reference_column': 'country_admin_region_ethiopia::01'}}",1599,0.042914653784219,2,114,True
severe_outcomes_secondary,model4_preferred_lpm,severe_underweight,pooled,country_admin_region_nigeria::05,0.032419358060529674,0.016032589166438717,0.0009960607153827392,0.0638426554056766,0.043166927146558745,37260,4434,114,model_specific_equal_total_country_weight,cluster_robust_country_psu,True,"{'child_sex': {'reference': 'Male', 'reference_column': 'child_sex_Male'}, 'maternal_education': {'reference': 'No education', 'reference_column': 'maternal_education_No education'}, 'literacy': {'reference': 'Cannot read at all', 'reference_column': 'literacy_Cannot read at all'}, 'wealth_quintile': {'reference': 'Poorest', 'reference_column': 'wealth_quintile_Poorest'}, 'residence': {'reference': 'Rural', 'reference_column': 'residence_Rural'}, 'country_admin_region': {'reference': 'ethiopia::01', 'reference_column': 'country_admin_region_ethiopia::01'}}",1599,0.042914653784219,2,114,True
severe_outcomes_secondary,model4_preferred_lpm,severe_underweight,pooled,country_admin_region_nigeria::06,0.020055572246932208,0.0190817592603378,-0.01734398866499354,0.05745513315885796,0.29324310729356085,37260,4434,114,model_specific_equal_total_country_weight,cluster_robust_country_psu,True,"{'child_sex': {'reference': 'Male', 'reference_column': 'child_sex_Male'}, 'maternal_education': {'reference': 'No education', 'reference_column': 'maternal_education_No education'}, 'literacy': {'reference': 'Cannot read at all', 'reference_column': 'literacy_Cannot read at all'}, 'wealth_quintile': {'reference': 'Poorest', 'reference_column': 'wealth_quintile_Poorest'}, 'residence': {'reference': 'Rural', 'reference_column': 'residence_Rural'}, 'country_admin_region': {'reference': 'ethiopia::01', 'reference_column': 'country_admin_region_ethiopia::01'}}",1599,0.042914653784219,2,114,True
severe_outcomes_secondary,model4_preferred_lpm,severe_underweight,pooled,country_admin_region_nigeria::07,0.03467922264080175,0.021896834176389258,-0.008237783720366973,0.07759622900197047,0.11324946223971999,37260,4434,114,model_specific_equal_total_country_weight,cluster_robust_country_psu,True,"{'child_sex': {'reference': 'Male', 'reference_column': 'child_sex_Male'}, 'maternal_education': {'reference': 'No education', 'reference_column': 'maternal_education_No education'}, 'literacy': {'reference': 'Cannot read at all', 'reference_column': 'literacy_Cannot read at all'}, 'wealth_quintile': {'reference': 'Poorest', 'reference_column': 'wealth_quintile_Poorest'}, 'residence': {'reference': 'Rural', 'reference_column': 'residence_Rural'}, 'country_admin_region': {'reference': 'ethiopia::01', 'reference_column': 'country_admin_region_ethiopia::01'}}",1599,0.042914653784219,2,114,True
severe_outcomes_secondary,model4_preferred_lpm,severe_underweight,pooled,country_admin_region_nigeria::08,0.09117220796405899,0.032696014571768364,0.027089196965396203,0.15525521896272176,0.005295589083879556,37260,4434,114,model_specific_equal_total_country_weight,cluster_robust_country_psu,True,"{'child_sex': {'reference': 'Male', 'reference_column': 'child_sex_Male'}, 'maternal_education': {'reference': 'No education', 'reference_column': 'maternal_education_No education'}, 'literacy': {'reference': 'Cannot read at all', 'reference_column': 'literacy_Cannot read at all'}, 'wealth_quintile': {'reference': 'Poorest', 'reference_column': 'wealth_quintile_Poorest'}, 'residence': {'reference': 'Rural', 'reference_column': 'residence_Rural'}, 'country_admin_region': {'reference': 'ethiopia::01', 'reference_column': 'country_admin_region_ethiopia::01'}}",1599,0.042914653784219,2,114,True
severe_outcomes_secondary,model4_preferred_lpm,severe_underweight,pooled,country_admin_region_nigeria::09,0.07224166480578272,0.019983461806755445,0.03307479937811033,0.1114085302334551,0.00030026348923912257,37260,4434,114,model_specific_equal_total_country_weight,cluster_robust_country_psu,True,"{'child_sex': {'reference': 'Male', 'reference_column': 'child_sex_Male'}, 'maternal_education': {'reference': 'No education', 'reference_column': 'maternal_education_No education'}, 'literacy': {'reference': 'Cannot read at all', 'reference_column': 'literacy_Cannot read at all'}, 'wealth_quintile': {'reference': 'Poorest', 'reference_column': 'wealth_quintile_Poorest'}, 'residence': {'reference': 'Rural', 'reference_column': 'residence_Rural'}, 'country_admin_region': {'reference': 'ethiopia::01', 'reference_column': 'country_admin_region_ethiopia::01'}}",1599,0.042914653784219,2,114,True
severe_outcomes_secondary,model4_preferred_lpm,severe_underweight,pooled,country_admin_region_nigeria::10,0.06518385983277356,0.028429294883452135,0.009463465755338539,0.12090425391020856,0.02185714657331888,37260,4434,114,model_specific_equal_total_country_weight,cluster_robust_country_psu,True,"{'child_sex': {'reference': 'Male', 'reference_column': 'child_sex_Male'}, 'maternal_education': {'reference': 'No education', 'reference_column': 'maternal_education_No education'}, 'literacy': {'reference': 'Cannot read at all', 'reference_column': 'literacy_Cannot read at all'}, 'wealth_quintile': {'reference': 'Poorest', 'reference_column': 'wealth_quintile_Poorest'}, 'residence': {'reference': 'Rural', 'reference_column': 'residence_Rural'}, 'country_admin_region': {'reference': 'ethiopia::01', 'reference_column': 'country_admin_region_ethiopia::01'}}",1599,0.042914653784219,2,114,True
severe_outcomes_secondary,model4_preferred_lpm,severe_underweight,pooled,country_admin_region_nigeria::11,0.08172133826200002,0.025527638517117007,0.031688086158093216,0.13175459036590684,0.0013681442388774666,37260,4434,114,model_specific_equal_total_country_weight,cluster_robust_country_psu,True,"{'child_sex': {'reference': 'Male', 'reference_column': 'child_sex_Male'}, 'maternal_education': {'reference': 'No education', 'reference_column': 'maternal_education_No education'}, 'literacy': {'reference': 'Cannot read at all', 'reference_column': 'literacy_Cannot read at all'}, 'wealth_quintile': {'reference': 'Poorest', 'reference_column': 'wealth_quintile_Poorest'}, 'residence': {'reference': 'Rural', 'reference_column': 'residence_Rural'}, 'country_admin_region': {'reference': 'ethiopia::01', 'reference_column': 'country_admin_region_ethiopia::01'}}",1599,0.042914653784219,2,114,True
severe_outcomes_secondary,model4_preferred_lpm,severe_underweight,pooled,country_admin_region_nigeria::12,0.06406913170307621,0.025783977922565034,0.01353346359667286,0.11460479980947956,0.012960865690456768,37260,4434,114,model_specific_equal_total_country_weight,cluster_robust_country_psu,True,"{'child_sex': {'reference': 'Male', 'reference_column': 'child_sex_Male'}, 'maternal_education': {'reference': 'No education', 'reference_column': 'maternal_education_No education'}, 'literacy': {'reference': 'Cannot read at all', 'reference_column': 'literacy_Cannot read at all'}, 'wealth_quintile': {'reference': 'Poorest', 'reference_column': 'wealth_quintile_Poorest'}, 'residence': {'reference': 'Rural', 'reference_column': 'residence_Rural'}, 'country_admin_region': {'reference': 'ethiopia::01', 'reference_column': 'country_admin_region_ethiopia::01'}}",1599,0.042914653784219,2,114,True
severe_outcomes_secondary,model4_preferred_lpm,severe_underweight,pooled,country_admin_region_nigeria::13,0.10001646235550364,0.03268495451699684,0.035955128665860064,0.16407779604514722,0.0022132565177006335,37260,4434,114,model_specific_equal_total_country_weight,cluster_robust_country_psu,True,"{'child_sex': {'reference': 'Male', 'reference_column': 'child_sex_Male'}, 'maternal_education': {'reference': 'No education', 'reference_column': 'maternal_education_No education'}, 'literacy': {'reference': 'Cannot read at all', 'reference_column': 'literacy_Cannot read at all'}, 'wealth_quintile': {'reference': 'Poorest', 'reference_column': 'wealth_quintile_Poorest'}, 'residence': {'reference': 'Rural', 'reference_column': 'residence_Rural'}, 'country_admin_region': {'reference': 'ethiopia::01', 'reference_column': 'country_admin_region_ethiopia::01'}}",1599,0.042914653784219,2,114,True
severe_outcomes_secondary,model4_preferred_lpm,severe_underweight,pooled,country_admin_region_nigeria::14,0.11404845671169411,0.034390030564348834,0.04664523537833873,0.1814516780450495,0.0009121027387894915,37260,4434,114,model_specific_equal_total_country_weight,cluster_robust_country_psu,True,"{'child_sex': {'reference': 'Male', 'reference_column': 'child_sex_Male'}, 'maternal_education': {'reference': 'No education', 'reference_column': 'maternal_education_No education'}, 'literacy': {'reference': 'Cannot read at all', 'reference_column': 'literacy_Cannot read at all'}, 'wealth_quintile': {'reference': 'Poorest', 'reference_column': 'wealth_quintile_Poorest'}, 'residence': {'reference': 'Rural', 'reference_column': 'residence_Rural'}, 'country_admin_region': {'reference': 'ethiopia::01', 'reference_column': 'country_admin_region_ethiopia::01'}}",1599,0.042914653784219,2,114,True
severe_outcomes_secondary,model4_preferred_lpm,severe_underweight,pooled,country_admin_region_nigeria::15,0.02419744486209202,0.016755105603094594,-0.008641958677138642,0.057036848401322685,0.14868740172801606,37260,4434,114,model_specific_equal_total_country_weight,cluster_robust_country_psu,True,"{'child_sex': {'reference': 'Male', 'reference_column': 'child_sex_Male'}, 'maternal_education': {'reference': 'No education', 'reference_column': 'maternal_education_No education'}, 'literacy': {'reference': 'Cannot read at all', 'reference_column': 'literacy_Cannot read at all'}, 'wealth_quintile': {'reference': 'Poorest', 'reference_column': 'wealth_quintile_Poorest'}, 'residence': {'reference': 'Rural', 'reference_column': 'residence_Rural'}, 'country_admin_region': {'reference': 'ethiopia::01', 'reference_column': 'country_admin_region_ethiopia::01'}}",1599,0.042914653784219,2,114,True
severe_outcomes_secondary,model4_preferred_lpm,severe_underweight,pooled,country_admin_region_nigeria::16,0.08567929131326439,0.022129776753341972,0.0423057258908024,0.1290528567357264,0.00010809025422792864,37260,4434,114,model_specific_equal_total_country_weight,cluster_robust_country_psu,True,"{'child_sex': {'reference': 'Male', 'reference_column': 'child_sex_Male'}, 'maternal_education': {'reference': 'No education', 'reference_column': 'maternal_education_No education'}, 'literacy': {'reference': 'Cannot read at all', 'reference_column': 'literacy_Cannot read at all'}, 'wealth_quintile': {'reference': 'Poorest', 'reference_column': 'wealth_quintile_Poorest'}, 'residence': {'reference': 'Rural', 'reference_column': 'residence_Rural'}, 'country_admin_region': {'reference': 'ethiopia::01', 'reference_column': 'country_admin_region_ethiopia::01'}}",1599,0.042914653784219,2,114,True
severe_outcomes_secondary,model4_preferred_lpm,severe_underweight,pooled,country_admin_region_nigeria::17,0.04225792146866148,0.01758876759373925,0.007784570452487323,0.07673127248483563,0.01628113806734183,37260,4434,114,model_specific_equal_total_country_weight,cluster_robust_country_psu,True,"{'child_sex': {'reference': 'Male', 'reference_column': 'child_sex_Male'}, 'maternal_education': {'reference': 'No education', 'reference_column': 'maternal_education_No education'}, 'literacy': {'reference': 'Cannot read at all', 'reference_column': 'literacy_Cannot read at all'}, 'wealth_quintile': {'reference': 'Poorest', 'reference_column': 'wealth_quintile_Poorest'}, 'residence': {'reference': 'Rural', 'reference_column': 'residence_Rural'}, 'country_admin_region': {'reference': 'ethiopia::01', 'reference_column': 'country_admin_region_ethiopia::01'}}",1599,0.042914653784219,2,114,True
severe_outcomes_secondary,model4_preferred_lpm,severe_underweight,pooled,country_admin_region_nigeria::18,0.04192603880070255,0.02278463860529505,-0.0027310322664366726,0.08658310986784178,0.06575339429518794,37260,4434,114,model_specific_equal_total_country_weight,cluster_robust_country_psu,True,"{'child_sex': {'reference': 'Male', 'reference_column': 'child_sex_Male'}, 'maternal_education': {'reference': 'No education', 'reference_column': 'maternal_education_No education'}, 'literacy': {'reference': 'Cannot read at all', 'reference_column': 'literacy_Cannot read at all'}, 'wealth_quintile': {'reference': 'Poorest', 'reference_column': 'wealth_quintile_Poorest'}, 'residence': {'reference': 'Rural', 'reference_column': 'residence_Rural'}, 'country_admin_region': {'reference': 'ethiopia::01', 'reference_column': 'country_admin_region_ethiopia::01'}}",1599,0.042914653784219,2,114,True
severe_outcomes_secondary,model4_preferred_lpm,severe_underweight,pooled,country_admin_region_nigeria::19,0.0106923986688149,0.019496142290053687,-0.02751933805715858,0.04890413539478838,0.5833921272661848,37260,4434,114,model_specific_equal_total_country_weight,cluster_robust_country_psu,True,"{'child_sex': {'reference': 'Male', 'reference_column': 'child_sex_Male'}, 'maternal_education': {'reference': 'No education', 'reference_column': 'maternal_education_No education'}, 'literacy': {'reference': 'Cannot read at all', 'reference_column': 'literacy_Cannot read at all'}, 'wealth_quintile': {'reference': 'Poorest', 'reference_column': 'wealth_quintile_Poorest'}, 'residence': {'reference': 'Rural', 'reference_column': 'residence_Rural'}, 'country_admin_region': {'reference': 'ethiopia::01', 'reference_column': 'country_admin_region_ethiopia::01'}}",1599,0.042914653784219,2,114,True
severe_outcomes_secondary,model4_preferred_lpm,severe_underweight,pooled,country_admin_region_nigeria::20,0.13764955808838297,0.03856854426182336,0.062056600399070225,0.2132425157776957,0.0003584023279431803,37260,4434,114,model_specific_equal_total_country_weight,cluster_robust_country_psu,True,"{'child_sex': {'reference': 'Male', 'reference_column': 'child_sex_Male'}, 'maternal_education': {'reference': 'No education', 'reference_column': 'maternal_education_No education'}, 'literacy': {'reference': 'Cannot read at all', 'reference_column': 'literacy_Cannot read at all'}, 'wealth_quintile': {'reference': 'Poorest', 'reference_column': 'wealth_quintile_Poorest'}, 'residence': {'reference': 'Rural', 'reference_column': 'residence_Rural'}, 'country_admin_region': {'reference': 'ethiopia::01', 'reference_column': 'country_admin_region_ethiopia::01'}}",1599,0.042914653784219,2,114,True
severe_outcomes_secondary,model4_preferred_lpm,severe_underweight,pooled,country_admin_region_nigeria::21,0.01957006676239954,0.020643140682408606,-0.020889745502914923,0.060029879027714006,0.34312034456326324,37260,4434,114,model_specific_equal_total_country_weight,cluster_robust_country_psu,True,"{'child_sex': {'reference': 'Male', 'reference_column': 'child_sex_Male'}, 'maternal_education': {'reference': 'No education', 'reference_column': 'maternal_education_No education'}, 'literacy': {'reference': 'Cannot read at all', 'reference_column': 'literacy_Cannot read at all'}, 'wealth_quintile': {'reference': 'Poorest', 'reference_column': 'wealth_quintile_Poorest'}, 'residence': {'reference': 'Rural', 'reference_column': 'residence_Rural'}, 'country_admin_region': {'reference': 'ethiopia::01', 'reference_column': 'country_admin_region_ethiopia::01'}}",1599,0.042914653784219,2,114,True
severe_outcomes_secondary,model4_preferred_lpm,severe_underweight,pooled,country_admin_region_nigeria::22,0.039612414150843954,0.018709393567523096,0.00294267658591333,0.07628215171577457,0.03423885981427592,37260,4434,114,model_specific_equal_total_country_weight,cluster_robust_country_psu,True,"{'child_sex': {'reference': 'Male', 'reference_column': 'child_sex_Male'}, 'maternal_education': {'reference': 'No education', 'reference_column': 'maternal_education_No education'}, 'literacy': {'reference': 'Cannot read at all', 'reference_column': 'literacy_Cannot read at all'}, 'wealth_quintile': {'reference': 'Poorest', 'reference_column': 'wealth_quintile_Poorest'}, 'residence': {'reference': 'Rural', 'reference_column': 'residence_Rural'}, 'country_admin_region': {'reference': 'ethiopia::01', 'reference_column': 'country_admin_region_ethiopia::01'}}",1599,0.042914653784219,2,114,True
severe_outcomes_secondary,model4_preferred_lpm,severe_underweight,pooled,country_admin_region_nigeria::23,0.015832908590023457,0.014159918232412307,-0.011920021169536728,0.04358583834958364,0.2635030548509726,37260,4434,114,model_specific_equal_total_country_weight,cluster_robust_country_psu,True,"{'child_sex': {'reference': 'Male', 'reference_column': 'child_sex_Male'}, 'maternal_education': {'reference': 'No education', 'reference_column': 'maternal_education_No education'}, 'literacy': {'reference': 'Cannot read at all', 'reference_column': 'literacy_Cannot read at all'}, 'wealth_quintile': {'reference': 'Poorest', 'reference_column': 'wealth_quintile_Poorest'}, 'residence': {'reference': 'Rural', 'reference_column': 'residence_Rural'}, 'country_admin_region': {'reference': 'ethiopia::01', 'reference_column': 'country_admin_region_ethiopia::01'}}",1599,0.042914653784219,2,114,True
severe_outcomes_secondary,model4_preferred_lpm,severe_underweight,pooled,country_admin_region_nigeria::24,-0.010539498187369123,0.011408893458864632,-0.032900518470198405,0.01182152209546016,0.35559217095000295,37260,4434,114,model_specific_equal_total_country_weight,cluster_robust_country_psu,True,"{'child_sex': {'reference': 'Male', 'reference_column': 'child_sex_Male'}, 'maternal_education': {'reference': 'No education', 'reference_column': 'maternal_education_No education'}, 'literacy': {'reference': 'Cannot read at all', 'reference_column': 'literacy_Cannot read at all'}, 'wealth_quintile': {'reference': 'Poorest', 'reference_column': 'wealth_quintile_Poorest'}, 'residence': {'reference': 'Rural', 'reference_column': 'residence_Rural'}, 'country_admin_region': {'reference': 'ethiopia::01', 'reference_column': 'country_admin_region_ethiopia::01'}}",1599,0.042914653784219,2,114,True
severe_outcomes_secondary,model4_preferred_lpm,severe_underweight,pooled,country_admin_region_nigeria::25,0.018616013931593723,0.014519834865648895,-0.009842339466547084,0.04707436732973453,0.1998043404578289,37260,4434,114,model_specific_equal_total_country_weight,cluster_robust_country_psu,True,"{'child_sex': {'reference': 'Male', 'reference_column': 'child_sex_Male'}, 'maternal_education': {'reference': 'No education', 'reference_column': 'maternal_education_No education'}, 'literacy': {'reference': 'Cannot read at all', 'reference_column': 'literacy_Cannot read at all'}, 'wealth_quintile': {'reference': 'Poorest', 'reference_column': 'wealth_quintile_Poorest'}, 'residence': {'reference': 'Rural', 'reference_column': 'residence_Rural'}, 'country_admin_region': {'reference': 'ethiopia::01', 'reference_column': 'country_admin_region_ethiopia::01'}}",1599,0.042914653784219,2,114,True
severe_outcomes_secondary,model4_preferred_lpm,severe_underweight,pooled,country_admin_region_nigeria::26,0.036469363259995925,0.01985493554873925,-0.00244559533089702,0.07538432185088886,0.06624078229811844,37260,4434,114,model_specific_equal_total_country_weight,cluster_robust_country_psu,True,"{'child_sex': {'reference': 'Male', 'reference_column': 'child_sex_Male'}, 'maternal_education': {'reference': 'No education', 'reference_column': 'maternal_education_No education'}, 'literacy': {'reference': 'Cannot read at all', 'reference_column': 'literacy_Cannot read at all'}, 'wealth_quintile': {'reference': 'Poorest', 'reference_column': 'wealth_quintile_Poorest'}, 'residence': {'reference': 'Rural', 'reference_column': 'residence_Rural'}, 'country_admin_region': {'reference': 'ethiopia::01', 'reference_column': 'country_admin_region_ethiopia::01'}}",1599,0.042914653784219,2,114,True
severe_outcomes_secondary,model4_preferred_lpm,severe_underweight,pooled,country_admin_region_nigeria::27,0.029596088133627307,0.018522667748666562,-0.006707673551360763,0.06589984981861538,0.11008064876171365,37260,4434,114,model_specific_equal_total_country_weight,cluster_robust_country_psu,True,"{'child_sex': {'reference': 'Male', 'reference_column': 'child_sex_Male'}, 'maternal_education': {'reference': 'No education', 'reference_column': 'maternal_education_No education'}, 'literacy': {'reference': 'Cannot read at all', 'reference_column': 'literacy_Cannot read at all'}, 'wealth_quintile': {'reference': 'Poorest', 'reference_column': 'wealth_quintile_Poorest'}, 'residence': {'reference': 'Rural', 'reference_column': 'residence_Rural'}, 'country_admin_region': {'reference': 'ethiopia::01', 'reference_column': 'country_admin_region_ethiopia::01'}}",1599,0.042914653784219,2,114,True
severe_outcomes_secondary,model4_preferred_lpm,severe_underweight,pooled,country_admin_region_nigeria::28,0.03124314158946054,0.020095130633678102,-0.008142590717176091,0.07062887389609718,0.12000280868640165,37260,4434,114,model_specific_equal_total_country_weight,cluster_robust_country_psu,True,"{'child_sex': {'reference': 'Male', 'reference_column': 'child_sex_Male'}, 'maternal_education': {'reference': 'No education', 'reference_column': 'maternal_education_No education'}, 'literacy': {'reference': 'Cannot read at all', 'reference_column': 'literacy_Cannot read at all'}, 'wealth_quintile': {'reference': 'Poorest', 'reference_column': 'wealth_quintile_Poorest'}, 'residence': {'reference': 'Rural', 'reference_column': 'residence_Rural'}, 'country_admin_region': {'reference': 'ethiopia::01', 'reference_column': 'country_admin_region_ethiopia::01'}}",1599,0.042914653784219,2,114,True
severe_outcomes_secondary,model4_preferred_lpm,severe_underweight,pooled,country_admin_region_nigeria::29,0.011297922533030327,0.015348592782696664,-0.018784766534426543,0.0413806116004872,0.46167684506612416,37260,4434,114,model_specific_equal_total_country_weight,cluster_robust_country_psu,True,"{'child_sex': {'reference': 'Male', 'reference_column': 'child_sex_Male'}, 'maternal_education': {'reference': 'No education', 'reference_column': 'maternal_education_No education'}, 'literacy': {'reference': 'Cannot read at all', 'reference_column': 'literacy_Cannot read at all'}, 'wealth_quintile': {'reference': 'Poorest', 'reference_column': 'wealth_quintile_Poorest'}, 'residence': {'reference': 'Rural', 'reference_column': 'residence_Rural'}, 'country_admin_region': {'reference': 'ethiopia::01', 'reference_column': 'country_admin_region_ethiopia::01'}}",1599,0.042914653784219,2,114,True
severe_outcomes_secondary,model4_preferred_lpm,severe_underweight,pooled,country_admin_region_nigeria::30,0.0028787495091013946,0.014120396822430575,-0.024796719710276353,0.030554218728479146,0.8384537494307898,37260,4434,114,model_specific_equal_total_country_weight,cluster_robust_country_psu,True,"{'child_sex': {'reference': 'Male', 'reference_column': 'child_sex_Male'}, 'maternal_education': {'reference': 'No education', 'reference_column': 'maternal_education_No education'}, 'literacy': {'reference': 'Cannot read at all', 'reference_column': 'literacy_Cannot read at all'}, 'wealth_quintile': {'reference': 'Poorest', 'reference_column': 'wealth_quintile_Poorest'}, 'residence': {'reference': 'Rural', 'reference_column': 'residence_Rural'}, 'country_admin_region': {'reference': 'ethiopia::01', 'reference_column': 'country_admin_region_ethiopia::01'}}",1599,0.042914653784219,2,114,True
severe_outcomes_secondary,model4_preferred_lpm,severe_underweight,pooled,country_admin_region_nigeria::31,0.02097974717839691,0.014427667145345094,-0.00729796080741129,0.049257455164205106,0.1459094308394035,37260,4434,114,model_specific_equal_total_country_weight,cluster_robust_country_psu,True,"{'child_sex': {'reference': 'Male', 'reference_column': 'child_sex_Male'}, 'maternal_education': {'reference': 'No education', 'reference_column': 'maternal_education_No education'}, 'literacy': {'reference': 'Cannot read at all', 'reference_column': 'literacy_Cannot read at all'}, 'wealth_quintile': {'reference': 'Poorest', 'reference_column': 'wealth_quintile_Poorest'}, 'residence': {'reference': 'Rural', 'reference_column': 'residence_Rural'}, 'country_admin_region': {'reference': 'ethiopia::01', 'reference_column': 'country_admin_region_ethiopia::01'}}",1599,0.042914653784219,2,114,True
severe_outcomes_secondary,model4_preferred_lpm,severe_underweight,pooled,country_admin_region_nigeria::32,0.001723776633141408,0.015994132624019382,-0.029624147273893692,0.03307170054017651,0.9141737286084393,37260,4434,114,model_specific_equal_total_country_weight,cluster_robust_country_psu,True,"{'child_sex': {'reference': 'Male', 'reference_column': 'child_sex_Male'}, 'maternal_education': {'reference': 'No education', 'reference_column': 'maternal_education_No education'}, 'literacy': {'reference': 'Cannot read at all', 'reference_column': 'literacy_Cannot read at all'}, 'wealth_quintile': {'reference': 'Poorest', 'reference_column': 'wealth_quintile_Poorest'}, 'residence': {'reference': 'Rural', 'reference_column': 'residence_Rural'}, 'country_admin_region': {'reference': 'ethiopia::01', 'reference_column': 'country_admin_region_ethiopia::01'}}",1599,0.042914653784219,2,114,True
severe_outcomes_secondary,model4_preferred_lpm,severe_underweight,pooled,country_admin_region_nigeria::33,0.020435615130751126,0.02215334182131983,-0.022984136976240712,0.06385536723774296,0.3562876632829092,37260,4434,114,model_specific_equal_total_country_weight,cluster_robust_country_psu,True,"{'child_sex': {'reference': 'Male', 'reference_column': 'child_sex_Male'}, 'maternal_education': {'reference': 'No education', 'reference_column': 'maternal_education_No education'}, 'literacy': {'reference': 'Cannot read at all', 'reference_column': 'literacy_Cannot read at all'}, 'wealth_quintile': {'reference': 'Poorest', 'reference_column': 'wealth_quintile_Poorest'}, 'residence': {'reference': 'Rural', 'reference_column': 'residence_Rural'}, 'country_admin_region': {'reference': 'ethiopia::01', 'reference_column': 'country_admin_region_ethiopia::01'}}",1599,0.042914653784219,2,114,True
severe_outcomes_secondary,model4_preferred_lpm,severe_underweight,pooled,country_admin_region_nigeria::34,0.025690545267216335,0.01892499120492608,-0.01140175590217607,0.06278284643660874,0.1746245795497391,37260,4434,114,model_specific_equal_total_country_weight,cluster_robust_country_psu,True,"{'child_sex': {'reference': 'Male', 'reference_column': 'child_sex_Male'}, 'maternal_education': {'reference': 'No education', 'reference_column': 'maternal_education_No education'}, 'literacy': {'reference': 'Cannot read at all', 'reference_column': 'literacy_Cannot read at all'}, 'wealth_quintile': {'reference': 'Poorest', 'reference_column': 'wealth_quintile_Poorest'}, 'residence': {'reference': 'Rural', 'reference_column': 'residence_Rural'}, 'country_admin_region': {'reference': 'ethiopia::01', 'reference_column': 'country_admin_region_ethiopia::01'}}",1599,0.042914653784219,2,114,True
severe_outcomes_secondary,model4_preferred_lpm,severe_underweight,pooled,country_admin_region_nigeria::35,0.04289422141591734,0.028947203490967056,-0.013841254879530217,0.0996296977113649,0.1383911718831267,37260,4434,114,model_specific_equal_total_country_weight,cluster_robust_country_psu,True,"{'child_sex': {'reference': 'Male', 'reference_column': 'child_sex_Male'}, 'maternal_education': {'reference': 'No education', 'reference_column': 'maternal_education_No education'}, 'literacy': {'reference': 'Cannot read at all', 'reference_column': 'literacy_Cannot read at all'}, 'wealth_quintile': {'reference': 'Poorest', 'reference_column': 'wealth_quintile_Poorest'}, 'residence': {'reference': 'Rural', 'reference_column': 'residence_Rural'}, 'country_admin_region': {'reference': 'ethiopia::01', 'reference_column': 'country_admin_region_ethiopia::01'}}",1599,0.042914653784219,2,114,True
severe_outcomes_secondary,model4_preferred_lpm,severe_underweight,pooled,country_admin_region_nigeria::36,0.016870469684732103,0.017930121603323457,-0.01827192289620544,0.052012862265669646,0.3467555854608664,37260,4434,114,model_specific_equal_total_country_weight,cluster_robust_country_psu,True,"{'child_sex': {'reference': 'Male', 'reference_column': 'child_sex_Male'}, 'maternal_education': {'reference': 'No education', 'reference_column': 'maternal_education_No education'}, 'literacy': {'reference': 'Cannot read at all', 'reference_column': 'literacy_Cannot read at all'}, 'wealth_quintile': {'reference': 'Poorest', 'reference_column': 'wealth_quintile_Poorest'}, 'residence': {'reference': 'Rural', 'reference_column': 'residence_Rural'}, 'country_admin_region': {'reference': 'ethiopia::01', 'reference_column': 'country_admin_region_ethiopia::01'}}",1599,0.042914653784219,2,114,True
severe_outcomes_secondary,model4_preferred_lpm,severe_underweight,pooled,country_admin_region_nigeria::37,0.01937096967083772,0.018550330355505892,-0.016987009727273926,0.05572894906894937,0.29637504546191773,37260,4434,114,model_specific_equal_total_country_weight,cluster_robust_country_psu,True,"{'child_sex': {'reference': 'Male', 'reference_column': 'child_sex_Male'}, 'maternal_education': {'reference': 'No education', 'reference_column': 'maternal_education_No education'}, 'literacy': {'reference': 'Cannot read at all', 'reference_column': 'literacy_Cannot read at all'}, 'wealth_quintile': {'reference': 'Poorest', 'reference_column': 'wealth_quintile_Poorest'}, 'residence': {'reference': 'Rural', 'reference_column': 'residence_Rural'}, 'country_admin_region': {'reference': 'ethiopia::01', 'reference_column': 'country_admin_region_ethiopia::01'}}",1599,0.042914653784219,2,114,True
