development_family,model_label,outcome,sample_variant,term,coefficient,standard_error,ci_lower,ci_upper,p_value,estimation_n,psu_count,fe_region_count,weight_method,clustering_method,se_note
model_A_household_region_fe,A1_household_natural_sample,haz,A1_natural_sample,const,-2.1820044893567694,0.11280461643469157,-2.40309747485862,-1.9609115038549187,2.3249496921030007e-83,36040,4426,114,model_specific_equal_total_country_weight,cluster_robust_country_psu,baseline cluster-robust SE (statsmodels default)
model_A_household_region_fe,A1_household_natural_sample,haz,A1_natural_sample,_water_hh_binary,-0.03526467583768686,0.03831605375695124,-0.11036276123101192,0.0398334095556382,0.3573831290379641,36040,4426,114,model_specific_equal_total_country_weight,cluster_robust_country_psu,baseline cluster-robust SE (statsmodels default)
model_A_household_region_fe,A1_household_natural_sample,haz,A1_natural_sample,_sani_hh_binary,0.021926731751949535,0.03423273537971722,-0.04516819668458631,0.08902166018848538,0.5218349689510698,36040,4426,114,model_specific_equal_total_country_weight,cluster_robust_country_psu,baseline cluster-robust SE (statsmodels default)
model_A_household_region_fe,A1_household_natural_sample,haz,A1_natural_sample,b19_raw,-0.013491341741896506,0.0007621874685596676,-0.01498520172974121,-0.011997481754051803,4.1326008982344246e-70,36040,4426,114,model_specific_equal_total_country_weight,cluster_robust_country_psu,baseline cluster-robust SE (statsmodels default)
model_A_household_region_fe,A1_household_natural_sample,haz,A1_natural_sample,birth_order_raw,-0.05773894185282569,0.009426519086825567,-0.0762145797625832,-0.03926330394306818,9.059227079419732e-10,36040,4426,114,model_specific_equal_total_country_weight,cluster_robust_country_psu,baseline cluster-robust SE (statsmodels default)
model_A_household_region_fe,A1_household_natural_sample,haz,A1_natural_sample,maternal_age,0.026624637033242936,0.0029888537514238464,0.020766591325394768,0.032482682741091104,5.197271562365974e-19,36040,4426,114,model_specific_equal_total_country_weight,cluster_robust_country_psu,baseline cluster-robust SE (statsmodels default)
model_A_household_region_fe,A1_household_natural_sample,haz,A1_natural_sample,household_size_raw,-0.0042374007603346725,0.005149532783114752,-0.014330299552447896,0.005855498031778551,0.41058140322469516,36040,4426,114,model_specific_equal_total_country_weight,cluster_robust_country_psu,baseline cluster-robust SE (statsmodels default)
model_A_household_region_fe,A1_household_natural_sample,haz,A1_natural_sample,child_sex_Female,0.14794561888593827,0.022420938028092818,0.10400138785127185,0.1918898499206047,4.1520616658856824e-11,36040,4426,114,model_specific_equal_total_country_weight,cluster_robust_country_psu,baseline cluster-robust SE (statsmodels default)
model_A_household_region_fe,A1_household_natural_sample,haz,A1_natural_sample,maternal_education_Higher,0.22763901354839525,0.06478135591617262,0.10066988908302615,0.35460813801376434,0.00044148133668987197,36040,4426,114,model_specific_equal_total_country_weight,cluster_robust_country_psu,baseline cluster-robust SE (statsmodels default)
model_A_household_region_fe,A1_household_natural_sample,haz,A1_natural_sample,maternal_education_Primary,-0.054975274448546115,0.047392585459353445,-0.14786303508311552,0.037912486186023296,0.24604987724895677,36040,4426,114,model_specific_equal_total_country_weight,cluster_robust_country_psu,baseline cluster-robust SE (statsmodels default)
model_A_household_region_fe,A1_household_natural_sample,haz,A1_natural_sample,maternal_education_Secondary,0.01249282112931261,0.05171886014011001,-0.08887428206676717,0.11385992432539241,0.809126914230363,36040,4426,114,model_specific_equal_total_country_weight,cluster_robust_country_psu,baseline cluster-robust SE (statsmodels default)
model_A_household_region_fe,A1_household_natural_sample,haz,A1_natural_sample,literacy_Able to read only parts of sentence,0.1603761005513214,0.048491973801605186,0.06533357836091538,0.25541862274172744,0.0009420969092256665,36040,4426,114,model_specific_equal_total_country_weight,cluster_robust_country_psu,baseline cluster-robust SE (statsmodels default)
model_A_household_region_fe,A1_household_natural_sample,haz,A1_natural_sample,literacy_Able to read whole sentence,0.14016727173010204,0.04482833280994705,0.052305353935630586,0.22802918952457352,0.001767463739918391,36040,4426,114,model_specific_equal_total_country_weight,cluster_robust_country_psu,baseline cluster-robust SE (statsmodels default)
model_A_household_region_fe,A1_household_natural_sample,haz,A1_natural_sample,literacy_Blind/visually impaired,0.9909761798362914,0.5168332272702082,-0.021998331626921108,2.003950691299504,0.05518709743236196,36040,4426,114,model_specific_equal_total_country_weight,cluster_robust_country_psu,baseline cluster-robust SE (statsmodels default)
model_A_household_region_fe,A1_household_natural_sample,haz,A1_natural_sample,literacy_No card with required language,0.39266909322973326,0.2553661864857529,-0.10783943515168143,0.893177621611148,0.1241291602680419,36040,4426,114,model_specific_equal_total_country_weight,cluster_robust_country_psu,baseline cluster-robust SE (statsmodels default)
model_A_household_region_fe,A1_household_natural_sample,haz,A1_natural_sample,wealth_quintile_Middle,0.17540786959835264,0.05041123955608391,0.07660365565240723,0.27421208354429805,0.0005022774233191101,36040,4426,114,model_specific_equal_total_country_weight,cluster_robust_country_psu,baseline cluster-robust SE (statsmodels default)
model_A_household_region_fe,A1_household_natural_sample,haz,A1_natural_sample,wealth_quintile_Poorer,0.05871958168095,0.040128120737719174,-0.01993008973225445,0.13736925309415443,0.1433846083979397,36040,4426,114,model_specific_equal_total_country_weight,cluster_robust_country_psu,baseline cluster-robust SE (statsmodels default)
model_A_household_region_fe,A1_household_natural_sample,haz,A1_natural_sample,wealth_quintile_Richer,0.2956389397143586,0.05961703576065578,0.1787916967584368,0.4124861826702804,7.086883943201811e-07,36040,4426,114,model_specific_equal_total_country_weight,cluster_robust_country_psu,baseline cluster-robust SE (statsmodels default)
model_A_household_region_fe,A1_household_natural_sample,haz,A1_natural_sample,wealth_quintile_Richest,0.5762414664518583,0.07210715986424827,0.43491403009045954,0.717568902813257,1.333502453468486e-15,36040,4426,114,model_specific_equal_total_country_weight,cluster_robust_country_psu,baseline cluster-robust SE (statsmodels default)
model_A_household_region_fe,A1_household_natural_sample,haz,A1_natural_sample,residence_Urban,-0.018476855793058827,0.034463192165359466,-0.08602347122944634,0.049069759643328686,0.5918666107196993,36040,4426,114,model_specific_equal_total_country_weight,cluster_robust_country_psu,baseline cluster-robust SE (statsmodels default)
model_A_household_region_fe,A1_household_natural_sample,haz,A1_natural_sample,country_admin_region_ethiopia::02,0.001197368181144182,0.13195251645899342,-0.2574248117479116,0.25981954811019997,0.9927599071233563,36040,4426,114,model_specific_equal_total_country_weight,cluster_robust_country_psu,baseline cluster-robust SE (statsmodels default)
model_A_household_region_fe,A1_household_natural_sample,haz,A1_natural_sample,country_admin_region_ethiopia::03,-0.1196005019546823,0.10252505456197115,-0.32054591640914976,0.08134491249978512,0.24339254123652898,36040,4426,114,model_specific_equal_total_country_weight,cluster_robust_country_psu,baseline cluster-robust SE (statsmodels default)
model_A_household_region_fe,A1_household_natural_sample,haz,A1_natural_sample,country_admin_region_ethiopia::04,0.21181213970609902,0.11101686197040174,-0.005776911432542775,0.4294011908447408,0.05640056901017785,36040,4426,114,model_specific_equal_total_country_weight,cluster_robust_country_psu,baseline cluster-robust SE (statsmodels default)
model_A_household_region_fe,A1_household_natural_sample,haz,A1_natural_sample,country_admin_region_ethiopia::05,0.7888362519960387,0.14327324418821183,0.5080258534389308,1.0696466505531466,3.674602583045928e-08,36040,4426,114,model_specific_equal_total_country_weight,cluster_robust_country_psu,baseline cluster-robust SE (statsmodels default)
model_A_household_region_fe,A1_household_natural_sample,haz,A1_natural_sample,country_admin_region_ethiopia::06,-0.22115826469559768,0.15606007887270465,-0.527030398710579,0.08471386931938363,0.15644333990795328,36040,4426,114,model_specific_equal_total_country_weight,cluster_robust_country_psu,baseline cluster-robust SE (statsmodels default)
model_A_household_region_fe,A1_household_natural_sample,haz,A1_natural_sample,country_admin_region_ethiopia::07,0.28481973567984453,0.11428548617589447,0.06082429881944115,0.5088151725402479,0.012696251325177658,36040,4426,114,model_specific_equal_total_country_weight,cluster_robust_country_psu,baseline cluster-robust SE (statsmodels default)
model_A_household_region_fe,A1_household_natural_sample,haz,A1_natural_sample,country_admin_region_ethiopia::08,0.21217915949739577,0.11808204980242672,-0.0192574053360256,0.44361572433081714,0.0723548258661671,36040,4426,114,model_specific_equal_total_country_weight,cluster_robust_country_psu,baseline cluster-robust SE (statsmodels default)
model_A_household_region_fe,A1_household_natural_sample,haz,A1_natural_sample,country_admin_region_ethiopia::09,0.12344304225700198,0.13474532685808477,-0.1406529454699218,0.38753902998392575,0.35960336185944186,36040,4426,114,model_specific_equal_total_country_weight,cluster_robust_country_psu,baseline cluster-robust SE (statsmodels default)
model_A_household_region_fe,A1_household_natural_sample,haz,A1_natural_sample,country_admin_region_ethiopia::10,0.0795734682719556,0.11675576151433079,-0.14926361928368045,0.3084105558275917,0.495531238480453,36040,4426,114,model_specific_equal_total_country_weight,cluster_robust_country_psu,baseline cluster-robust SE (statsmodels default)
model_A_household_region_fe,A1_household_natural_sample,haz,A1_natural_sample,country_admin_region_ethiopia::12,1.1285643915381791,0.14947348462025414,0.8356017450387794,1.4215270380375788,4.343741220966188e-14,36040,4426,114,model_specific_equal_total_country_weight,cluster_robust_country_psu,baseline cluster-robust SE (statsmodels default)
model_A_household_region_fe,A1_household_natural_sample,haz,A1_natural_sample,country_admin_region_ethiopia::13,0.1926557245910282,0.1276683930203381,-0.05756972769293933,0.44288117687499573,0.13129053701384064,36040,4426,114,model_specific_equal_total_country_weight,cluster_robust_country_psu,baseline cluster-robust SE (statsmodels default)
model_A_household_region_fe,A1_household_natural_sample,haz,A1_natural_sample,country_admin_region_ethiopia::14,0.20713404191387325,0.11625972415452543,-0.020730830281557977,0.43499891410930447,0.07480645952731661,36040,4426,114,model_specific_equal_total_country_weight,cluster_robust_country_psu,baseline cluster-robust SE (statsmodels default)
model_A_household_region_fe,A1_household_natural_sample,haz,A1_natural_sample,country_admin_region_ethiopia::15,0.3339099600336043,0.14944736181689947,0.040998513287954896,0.6268214067792537,0.0254634637466927,36040,4426,114,model_specific_equal_total_country_weight,cluster_robust_country_psu,baseline cluster-robust SE (statsmodels default)
model_A_household_region_fe,A1_household_natural_sample,haz,A1_natural_sample,country_admin_region_ghana::01,0.7501436611121804,0.1145087498605431,0.5257106354708101,0.9745766867535508,5.716362024423885e-11,36040,4426,114,model_specific_equal_total_country_weight,cluster_robust_country_psu,baseline cluster-robust SE (statsmodels default)
model_A_household_region_fe,A1_household_natural_sample,haz,A1_natural_sample,country_admin_region_ghana::02,0.6500727933389818,0.12896917473664454,0.3972978557393055,0.9028477309386582,4.6424812284965595e-07,36040,4426,114,model_specific_equal_total_country_weight,cluster_robust_country_psu,baseline cluster-robust SE (statsmodels default)
model_A_household_region_fe,A1_household_natural_sample,haz,A1_natural_sample,country_admin_region_ghana::03,0.6197976683939455,0.1331512160688661,0.35882608040125696,0.880769256386634,3.242316592074495e-06,36040,4426,114,model_specific_equal_total_country_weight,cluster_robust_country_psu,baseline cluster-robust SE (statsmodels default)
model_A_household_region_fe,A1_household_natural_sample,haz,A1_natural_sample,country_admin_region_ghana::04,0.5756370407537631,0.13359981987299177,0.31378620546166064,0.8374878760458655,1.6424196177530916e-05,36040,4426,114,model_specific_equal_total_country_weight,cluster_robust_country_psu,baseline cluster-robust SE (statsmodels default)
model_A_household_region_fe,A1_household_natural_sample,haz,A1_natural_sample,country_admin_region_ghana::05,0.7427705574715249,0.10603626891556647,0.5349432893420105,0.9505978256010392,2.4721063339891878e-12,36040,4426,114,model_specific_equal_total_country_weight,cluster_robust_country_psu,baseline cluster-robust SE (statsmodels default)
model_A_household_region_fe,A1_household_natural_sample,haz,A1_natural_sample,country_admin_region_ghana::06,0.7254350635699535,0.117442326520162,0.4952523333298427,0.9556177938100643,6.535286869978675e-10,36040,4426,114,model_specific_equal_total_country_weight,cluster_robust_country_psu,baseline cluster-robust SE (statsmodels default)
model_A_household_region_fe,A1_household_natural_sample,haz,A1_natural_sample,country_admin_region_ghana::07,0.822533350630925,0.12499247709568045,0.5775525971849438,1.0675141040769063,4.683555295345117e-11,36040,4426,114,model_specific_equal_total_country_weight,cluster_robust_country_psu,baseline cluster-robust SE (statsmodels default)
model_A_household_region_fe,A1_household_natural_sample,haz,A1_natural_sample,country_admin_region_ghana::08,0.7796079395516956,0.10097814885197968,0.5816944045762908,0.9775214745271004,1.1581897202411045e-14,36040,4426,114,model_specific_equal_total_country_weight,cluster_robust_country_psu,baseline cluster-robust SE (statsmodels default)
model_A_household_region_fe,A1_household_natural_sample,haz,A1_natural_sample,country_admin_region_ghana::09,0.6939908721839765,0.14396501709056395,0.4118246236527778,0.9761571207151751,1.431614273179668e-06,36040,4426,114,model_specific_equal_total_country_weight,cluster_robust_country_psu,baseline cluster-robust SE (statsmodels default)
model_A_household_region_fe,A1_household_natural_sample,haz,A1_natural_sample,country_admin_region_ghana::10,0.8457051953204439,0.10771655764364191,0.6345846218002731,1.0568257688406146,4.1204598312141145e-15,36040,4426,114,model_specific_equal_total_country_weight,cluster_robust_country_psu,baseline cluster-robust SE (statsmodels default)
model_A_household_region_fe,A1_household_natural_sample,haz,A1_natural_sample,country_admin_region_ghana::11,0.6115367722977154,0.10718651384190868,0.40145506553917043,0.8216184790562604,1.1610302119439834e-08,36040,4426,114,model_specific_equal_total_country_weight,cluster_robust_country_psu,baseline cluster-robust SE (statsmodels default)
model_A_household_region_fe,A1_household_natural_sample,haz,A1_natural_sample,country_admin_region_ghana::12,0.3656159987261095,0.10506551771361212,0.15969136799037464,0.5715406294618444,0.0005016276344318466,36040,4426,114,model_specific_equal_total_country_weight,cluster_robust_country_psu,baseline cluster-robust SE (statsmodels default)
model_A_household_region_fe,A1_household_natural_sample,haz,A1_natural_sample,country_admin_region_ghana::13,0.6284669452920342,0.11019981799359083,0.41247927092172715,0.8444546196623413,1.1773338843000272e-08,36040,4426,114,model_specific_equal_total_country_weight,cluster_robust_country_psu,baseline cluster-robust SE (statsmodels default)
model_A_household_region_fe,A1_household_natural_sample,haz,A1_natural_sample,country_admin_region_ghana::14,0.5565543893301378,0.117751485153278,0.32576571930361,0.7873430593566656,2.284037453860884e-06,36040,4426,114,model_specific_equal_total_country_weight,cluster_robust_country_psu,baseline cluster-robust SE (statsmodels default)
model_A_household_region_fe,A1_household_natural_sample,haz,A1_natural_sample,country_admin_region_ghana::15,0.5292029288773716,0.1120235918821612,0.3096407233695221,0.7487651343852212,2.3121506594771632e-06,36040,4426,114,model_specific_equal_total_country_weight,cluster_robust_country_psu,baseline cluster-robust SE (statsmodels default)
model_A_household_region_fe,A1_household_natural_sample,haz,A1_natural_sample,country_admin_region_ghana::16,0.7900464547713233,0.11780396082011482,0.5591549343277307,1.020937975214916,1.9941518421985432e-11,36040,4426,114,model_specific_equal_total_country_weight,cluster_robust_country_psu,baseline cluster-robust SE (statsmodels default)
model_A_household_region_fe,A1_household_natural_sample,haz,A1_natural_sample,country_admin_region_kenya::01,0.6061898131056714,0.11972996315338098,0.371523397454737,0.8408562287566059,4.1276394617045407e-07,36040,4426,114,model_specific_equal_total_country_weight,cluster_robust_country_psu,baseline cluster-robust SE (statsmodels default)
model_A_household_region_fe,A1_household_natural_sample,haz,A1_natural_sample,country_admin_region_kenya::02,0.6221934200416065,0.13539810718235396,0.3568180063892987,0.8875688336939143,4.321500870215176e-06,36040,4426,114,model_specific_equal_total_country_weight,cluster_robust_country_psu,baseline cluster-robust SE (statsmodels default)
model_A_household_region_fe,A1_household_natural_sample,haz,A1_natural_sample,country_admin_region_kenya::03,0.21046878157319468,0.10520224090663231,0.004276178303288941,0.41666138484310045,0.04543430551081448,36040,4426,114,model_specific_equal_total_country_weight,cluster_robust_country_psu,baseline cluster-robust SE (statsmodels default)
model_A_household_region_fe,A1_household_natural_sample,haz,A1_natural_sample,country_admin_region_kenya::04,0.904589720536486,0.10736843494662211,0.694151454964675,1.115027986108297,3.604445923038743e-17,36040,4426,114,model_specific_equal_total_country_weight,cluster_robust_country_psu,baseline cluster-robust SE (statsmodels default)
model_A_household_region_fe,A1_household_natural_sample,haz,A1_natural_sample,country_admin_region_kenya::05,0.7607745841500804,0.11509217641046068,0.535198063483247,0.9863511048169137,3.8397510164699966e-11,36040,4426,114,model_specific_equal_total_country_weight,cluster_robust_country_psu,baseline cluster-robust SE (statsmodels default)
model_A_household_region_fe,A1_household_natural_sample,haz,A1_natural_sample,country_admin_region_kenya::06,0.6622082772952277,0.12897430357200496,0.40942328736296235,0.914993267227493,2.8301505286693727e-07,36040,4426,114,model_specific_equal_total_country_weight,cluster_robust_country_psu,baseline cluster-robust SE (statsmodels default)
model_A_household_region_fe,A1_household_natural_sample,haz,A1_natural_sample,country_admin_region_kenya::07,1.423972250541285,0.10567779934559596,1.2168475698584664,1.6310969312241037,2.2050339857087598e-41,36040,4426,114,model_specific_equal_total_country_weight,cluster_robust_country_psu,baseline cluster-robust SE (statsmodels default)
model_A_household_region_fe,A1_household_natural_sample,haz,A1_natural_sample,country_admin_region_kenya::08,1.5881860395546583,0.0999976500746816,1.3921942468696433,1.7841778322396733,8.412844761170635e-57,36040,4426,114,model_specific_equal_total_country_weight,cluster_robust_country_psu,baseline cluster-robust SE (statsmodels default)
model_A_household_region_fe,A1_household_natural_sample,haz,A1_natural_sample,country_admin_region_kenya::09,1.1209608236997295,0.10768940898963236,0.9098934605636462,1.3320281868358128,2.2510033125906946e-25,36040,4426,114,model_specific_equal_total_country_weight,cluster_robust_country_psu,baseline cluster-robust SE (statsmodels default)
model_A_household_region_fe,A1_household_natural_sample,haz,A1_natural_sample,country_admin_region_kenya::10,1.0487701339374467,0.11621870941348805,0.820985649157284,1.2765546187176093,1.8116596216895549e-19,36040,4426,114,model_specific_equal_total_country_weight,cluster_robust_country_psu,baseline cluster-robust SE (statsmodels default)
model_A_household_region_fe,A1_household_natural_sample,haz,A1_natural_sample,country_admin_region_kenya::11,1.09507983938896,0.12540035248259843,0.8492996648744392,1.340860013903481,2.4873099476637535e-18,36040,4426,114,model_specific_equal_total_country_weight,cluster_robust_country_psu,baseline cluster-robust SE (statsmodels default)
model_A_household_region_fe,A1_household_natural_sample,haz,A1_natural_sample,country_admin_region_kenya::12,0.46789867140839164,0.11878510521198798,0.23508414329309413,0.7007131995236892,8.181004084808295e-05,36040,4426,114,model_specific_equal_total_country_weight,cluster_robust_country_psu,baseline cluster-robust SE (statsmodels default)
model_A_household_region_fe,A1_household_natural_sample,haz,A1_natural_sample,country_admin_region_kenya::13,0.45040985217363677,0.1159860454766651,0.22308138033014832,0.6777383240171252,0.00010304375777543448,36040,4426,114,model_specific_equal_total_country_weight,cluster_robust_country_psu,baseline cluster-robust SE (statsmodels default)
model_A_household_region_fe,A1_household_natural_sample,haz,A1_natural_sample,country_admin_region_kenya::14,0.6161297107372693,0.13253555644204154,0.35636479343989236,0.8758946280346462,3.338910945966126e-06,36040,4426,114,model_specific_equal_total_country_weight,cluster_robust_country_psu,baseline cluster-robust SE (statsmodels default)
model_A_household_region_fe,A1_household_natural_sample,haz,A1_natural_sample,country_admin_region_kenya::15,0.511146916144528,0.1120987632802133,0.29143737740382886,0.7308564548852272,5.120459057867587e-06,36040,4426,114,model_specific_equal_total_country_weight,cluster_robust_country_psu,baseline cluster-robust SE (statsmodels default)
model_A_household_region_fe,A1_household_natural_sample,haz,A1_natural_sample,country_admin_region_kenya::16,0.5469165228913018,0.11832197322191577,0.31500971679663414,0.7788233289859694,3.7955711182853584e-06,36040,4426,114,model_specific_equal_total_country_weight,cluster_robust_country_psu,baseline cluster-robust SE (statsmodels default)
model_A_household_region_fe,A1_household_natural_sample,haz,A1_natural_sample,country_admin_region_kenya::17,0.4744704470952383,0.10338475010693507,0.27184006033497204,0.6771008338555045,4.44594499463471e-06,36040,4426,114,model_specific_equal_total_country_weight,cluster_robust_country_psu,baseline cluster-robust SE (statsmodels default)
model_A_household_region_fe,A1_household_natural_sample,haz,A1_natural_sample,country_admin_region_kenya::18,0.5945379721999915,0.13160742435930886,0.3365921603576667,0.8524837840423163,6.257081222534709e-06,36040,4426,114,model_specific_equal_total_country_weight,cluster_robust_country_psu,baseline cluster-robust SE (statsmodels default)
model_A_household_region_fe,A1_household_natural_sample,haz,A1_natural_sample,country_admin_region_kenya::19,0.603434294385367,0.12457417960337612,0.35927338895912564,0.8475951998116084,1.2726652708897642e-06,36040,4426,114,model_specific_equal_total_country_weight,cluster_robust_country_psu,baseline cluster-robust SE (statsmodels default)
model_A_household_region_fe,A1_household_natural_sample,haz,A1_natural_sample,country_admin_region_kenya::20,0.6419850657042204,0.1228425784942468,0.4012180360874621,0.8827520953209788,1.7314205601614119e-07,36040,4426,114,model_specific_equal_total_country_weight,cluster_robust_country_psu,baseline cluster-robust SE (statsmodels default)
model_A_household_region_fe,A1_household_natural_sample,haz,A1_natural_sample,country_admin_region_kenya::21,0.7430672763033778,0.10663165699319802,0.534073068984881,0.9520614836218745,3.2024033216410502e-12,36040,4426,114,model_specific_equal_total_country_weight,cluster_robust_country_psu,baseline cluster-robust SE (statsmodels default)
model_A_household_region_fe,A1_household_natural_sample,haz,A1_natural_sample,country_admin_region_kenya::22,0.48145719484808136,0.1259983736452502,0.2345049203927702,0.7284094693033925,0.00013283719966198079,36040,4426,114,model_specific_equal_total_country_weight,cluster_robust_country_psu,baseline cluster-robust SE (statsmodels default)
model_A_household_region_fe,A1_household_natural_sample,haz,A1_natural_sample,country_admin_region_kenya::23,0.7852792689475402,0.10221937572079035,0.5849329740126231,0.9856255638824573,1.562650328165843e-14,36040,4426,114,model_specific_equal_total_country_weight,cluster_robust_country_psu,baseline cluster-robust SE (statsmodels default)
model_A_household_region_fe,A1_household_natural_sample,haz,A1_natural_sample,country_admin_region_kenya::24,0.4022489830499593,0.09979120833281617,0.2066618087439063,0.5978361573560124,5.556225689183094e-05,36040,4426,114,model_specific_equal_total_country_weight,cluster_robust_country_psu,baseline cluster-robust SE (statsmodels default)
model_A_household_region_fe,A1_household_natural_sample,haz,A1_natural_sample,country_admin_region_kenya::25,0.4281040095449187,0.10965966061604615,0.21317502418058282,0.6430329949092546,9.464184257611609e-05,36040,4426,114,model_specific_equal_total_country_weight,cluster_robust_country_psu,baseline cluster-robust SE (statsmodels default)
model_A_household_region_fe,A1_household_natural_sample,haz,A1_natural_sample,country_admin_region_kenya::26,0.6185608122269954,0.10946502768846522,0.4040133003909238,0.833108324063067,1.5973818810433202e-08,36040,4426,114,model_specific_equal_total_country_weight,cluster_robust_country_psu,baseline cluster-robust SE (statsmodels default)
model_A_household_region_fe,A1_household_natural_sample,haz,A1_natural_sample,country_admin_region_kenya::27,0.5825087402048441,0.10556539456913991,0.3756043688355697,0.7894131115741185,3.4289988875547214e-08,36040,4426,114,model_specific_equal_total_country_weight,cluster_robust_country_psu,baseline cluster-robust SE (statsmodels default)
model_A_household_region_fe,A1_household_natural_sample,haz,A1_natural_sample,country_admin_region_kenya::28,0.5270380217755395,0.10031676468882568,0.33042077593986174,0.7236552676112172,1.4904267395077736e-07,36040,4426,114,model_specific_equal_total_country_weight,cluster_robust_country_psu,baseline cluster-robust SE (statsmodels default)
model_A_household_region_fe,A1_household_natural_sample,haz,A1_natural_sample,country_admin_region_kenya::29,0.8215680287479784,0.11611434931903258,0.5939880859943716,1.0491479715015852,1.4890207391543037e-12,36040,4426,114,model_specific_equal_total_country_weight,cluster_robust_country_psu,baseline cluster-robust SE (statsmodels default)
model_A_household_region_fe,A1_household_natural_sample,haz,A1_natural_sample,country_admin_region_kenya::30,0.680478011107165,0.09704329201418015,0.49027665381816843,0.8706793683961616,2.3475444680798874e-12,36040,4426,114,model_specific_equal_total_country_weight,cluster_robust_country_psu,baseline cluster-robust SE (statsmodels default)
model_A_household_region_fe,A1_household_natural_sample,haz,A1_natural_sample,country_admin_region_kenya::31,0.7317107628510364,0.10325631362939408,0.5293321069610517,0.9340894187410211,1.376916039528454e-12,36040,4426,114,model_specific_equal_total_country_weight,cluster_robust_country_psu,baseline cluster-robust SE (statsmodels default)
model_A_household_region_fe,A1_household_natural_sample,haz,A1_natural_sample,country_admin_region_kenya::32,0.5189947999691282,0.11986201550422329,0.284069566466469,0.7539200334717875,1.4915300017872035e-05,36040,4426,114,model_specific_equal_total_country_weight,cluster_robust_country_psu,baseline cluster-robust SE (statsmodels default)
model_A_household_region_fe,A1_household_natural_sample,haz,A1_natural_sample,country_admin_region_kenya::33,0.6066895060803432,0.09475876798466537,0.42096573361101197,0.7924132785496745,1.5289018602313442e-10,36040,4426,114,model_specific_equal_total_country_weight,cluster_robust_country_psu,baseline cluster-robust SE (statsmodels default)
model_A_household_region_fe,A1_household_natural_sample,haz,A1_natural_sample,country_admin_region_kenya::34,0.8237831008331981,0.12033469772382163,0.5879314272039936,1.0596347744624024,7.606809181447214e-12,36040,4426,114,model_specific_equal_total_country_weight,cluster_robust_country_psu,baseline cluster-robust SE (statsmodels default)
model_A_household_region_fe,A1_household_natural_sample,haz,A1_natural_sample,country_admin_region_kenya::35,0.5674815479540897,0.11156297459667966,0.3488221357364406,0.7861409601717387,3.644479190709538e-07,36040,4426,114,model_specific_equal_total_country_weight,cluster_robust_country_psu,baseline cluster-robust SE (statsmodels default)
model_A_household_region_fe,A1_household_natural_sample,haz,A1_natural_sample,country_admin_region_kenya::36,0.5584586291819049,0.10497170514644102,0.35271786769912267,0.7641993906646871,1.0371750465291854e-07,36040,4426,114,model_specific_equal_total_country_weight,cluster_robust_country_psu,baseline cluster-robust SE (statsmodels default)
model_A_household_region_fe,A1_household_natural_sample,haz,A1_natural_sample,country_admin_region_kenya::37,0.9244944069842773,0.10840340297922962,0.7120276413434052,1.1369611726251494,1.4854163297734185e-17,36040,4426,114,model_specific_equal_total_country_weight,cluster_robust_country_psu,baseline cluster-robust SE (statsmodels default)
model_A_household_region_fe,A1_household_natural_sample,haz,A1_natural_sample,country_admin_region_kenya::38,0.7380472431852885,0.10257248436312169,0.5370088680287721,0.9390856183418048,6.229042642785218e-13,36040,4426,114,model_specific_equal_total_country_weight,cluster_robust_country_psu,baseline cluster-robust SE (statsmodels default)
model_A_household_region_fe,A1_household_natural_sample,haz,A1_natural_sample,country_admin_region_kenya::39,0.72671040451656,0.11641601270073469,0.4985392123993625,0.9548815966337575,4.310235871314241e-10,36040,4426,114,model_specific_equal_total_country_weight,cluster_robust_country_psu,baseline cluster-robust SE (statsmodels default)
model_A_household_region_fe,A1_household_natural_sample,haz,A1_natural_sample,country_admin_region_kenya::40,1.0128983753064889,0.10247084841295044,0.8120592029518426,1.2137375476611352,4.848065667162364e-23,36040,4426,114,model_specific_equal_total_country_weight,cluster_robust_country_psu,baseline cluster-robust SE (statsmodels default)
model_A_household_region_fe,A1_household_natural_sample,haz,A1_natural_sample,country_admin_region_kenya::41,0.6152468979357709,0.11385274753687931,0.39209961322255615,0.8383941826489857,6.521358333416441e-08,36040,4426,114,model_specific_equal_total_country_weight,cluster_robust_country_psu,baseline cluster-robust SE (statsmodels default)
model_A_household_region_fe,A1_household_natural_sample,haz,A1_natural_sample,country_admin_region_kenya::42,1.0626745898622432,0.10523195779456218,0.8564237425622623,1.268925437162224,5.6149793454967265e-24,36040,4426,114,model_specific_equal_total_country_weight,cluster_robust_country_psu,baseline cluster-robust SE (statsmodels default)
model_A_household_region_fe,A1_household_natural_sample,haz,A1_natural_sample,country_admin_region_kenya::43,1.0529089933836615,0.10615556993872369,0.8448478995454403,1.2609700872218828,3.4575315193541814e-23,36040,4426,114,model_specific_equal_total_country_weight,cluster_robust_country_psu,baseline cluster-robust SE (statsmodels default)
model_A_household_region_fe,A1_household_natural_sample,haz,A1_natural_sample,country_admin_region_kenya::44,0.9482947916017201,0.10995578207271722,0.7327854188472595,1.163804164356181,6.446978081876781e-18,36040,4426,114,model_specific_equal_total_country_weight,cluster_robust_country_psu,baseline cluster-robust SE (statsmodels default)
model_A_household_region_fe,A1_household_natural_sample,haz,A1_natural_sample,country_admin_region_kenya::45,0.7792030229462114,0.11205975482317687,0.5595699393763961,0.9988361065160266,3.564340451809203e-12,36040,4426,114,model_specific_equal_total_country_weight,cluster_robust_country_psu,baseline cluster-robust SE (statsmodels default)
model_A_household_region_fe,A1_household_natural_sample,haz,A1_natural_sample,country_admin_region_kenya::46,0.6357491457869575,0.12430626522990769,0.39211334288365485,0.8793849486902602,3.147775591754031e-07,36040,4426,114,model_specific_equal_total_country_weight,cluster_robust_country_psu,baseline cluster-robust SE (statsmodels default)
model_A_household_region_fe,A1_household_natural_sample,haz,A1_natural_sample,country_admin_region_kenya::47,0.6244668352875529,0.11230643883888095,0.4043502599313959,0.8445834106437098,2.6918295904541453e-08,36040,4426,114,model_specific_equal_total_country_weight,cluster_robust_country_psu,baseline cluster-robust SE (statsmodels default)
model_A_household_region_fe,A1_household_natural_sample,haz,A1_natural_sample,country_admin_region_nigeria::01,0.41690894482536617,0.13656502337189813,0.1492464174685751,0.6845714721821572,0.0022669905521228127,36040,4426,114,model_specific_equal_total_country_weight,cluster_robust_country_psu,baseline cluster-robust SE (statsmodels default)
model_A_household_region_fe,A1_household_natural_sample,haz,A1_natural_sample,country_admin_region_nigeria::02,0.6259253453678679,0.1277126684180641,0.37561311489895627,0.8762375758367795,9.532893600296238e-07,36040,4426,114,model_specific_equal_total_country_weight,cluster_robust_country_psu,baseline cluster-robust SE (statsmodels default)
model_A_household_region_fe,A1_household_natural_sample,haz,A1_natural_sample,country_admin_region_nigeria::03,0.1472418968644819,0.20465278685165292,-0.25387019470051014,0.5483539884294739,0.471850307779605,36040,4426,114,model_specific_equal_total_country_weight,cluster_robust_country_psu,baseline cluster-robust SE (statsmodels default)
model_A_household_region_fe,A1_household_natural_sample,haz,A1_natural_sample,country_admin_region_nigeria::04,-0.0903961366378808,0.12471908970725754,-0.3348410606487257,0.15404878737296412,0.46857601282912864,36040,4426,114,model_specific_equal_total_country_weight,cluster_robust_country_psu,baseline cluster-robust SE (statsmodels default)
model_A_household_region_fe,A1_household_natural_sample,haz,A1_natural_sample,country_admin_region_nigeria::05,0.11350347637755269,0.1195952371705312,-0.1208988811992144,0.3479058339543198,0.3425883083732114,36040,4426,114,model_specific_equal_total_country_weight,cluster_robust_country_psu,baseline cluster-robust SE (statsmodels default)
model_A_household_region_fe,A1_household_natural_sample,haz,A1_natural_sample,country_admin_region_nigeria::06,-0.03128036862606904,0.14607342166976697,-0.31757901419734497,0.2550182769452069,0.8304367834133835,36040,4426,114,model_specific_equal_total_country_weight,cluster_robust_country_psu,baseline cluster-robust SE (statsmodels default)
model_A_household_region_fe,A1_household_natural_sample,haz,A1_natural_sample,country_admin_region_nigeria::07,-0.09080714839037701,0.12227450967925241,-0.330460783589006,0.14884648680825194,0.4576936889298354,36040,4426,114,model_specific_equal_total_country_weight,cluster_robust_country_psu,baseline cluster-robust SE (statsmodels default)
model_A_household_region_fe,A1_household_natural_sample,haz,A1_natural_sample,country_admin_region_nigeria::08,-0.19824444135789687,0.17638039899224886,-0.5439436709615095,0.14745478824571573,0.26103016845526383,36040,4426,114,model_specific_equal_total_country_weight,cluster_robust_country_psu,baseline cluster-robust SE (statsmodels default)
model_A_household_region_fe,A1_household_natural_sample,haz,A1_natural_sample,country_admin_region_nigeria::09,-0.4972836576908233,0.114549254231565,-0.7217960704406131,-0.27277124494103344,1.4169294938797526e-05,36040,4426,114,model_specific_equal_total_country_weight,cluster_robust_country_psu,baseline cluster-robust SE (statsmodels default)
model_A_household_region_fe,A1_household_natural_sample,haz,A1_natural_sample,country_admin_region_nigeria::10,0.06478346000687984,0.16115795049810133,-0.25108031879168763,0.3806472388054473,0.6876933243970009,36040,4426,114,model_specific_equal_total_country_weight,cluster_robust_country_psu,baseline cluster-robust SE (statsmodels default)
model_A_household_region_fe,A1_household_natural_sample,haz,A1_natural_sample,country_admin_region_nigeria::11,-0.20963790673963875,0.13055322615592554,-0.4655175280707654,0.046241714591487876,0.1083253757923072,36040,4426,114,model_specific_equal_total_country_weight,cluster_robust_country_psu,baseline cluster-robust SE (statsmodels default)
model_A_household_region_fe,A1_household_natural_sample,haz,A1_natural_sample,country_admin_region_nigeria::12,-0.03196682454686898,0.13763790002468831,-0.3017321515029827,0.23779850240924474,0.816341462139692,36040,4426,114,model_specific_equal_total_country_weight,cluster_robust_country_psu,baseline cluster-robust SE (statsmodels default)
model_A_household_region_fe,A1_household_natural_sample,haz,A1_natural_sample,country_admin_region_nigeria::13,-0.18503188996821848,0.14190270569146865,-0.463156082432284,0.09309230249584702,0.1922557805364946,36040,4426,114,model_specific_equal_total_country_weight,cluster_robust_country_psu,baseline cluster-robust SE (statsmodels default)
model_A_household_region_fe,A1_household_natural_sample,haz,A1_natural_sample,country_admin_region_nigeria::14,-0.2068795248241408,0.11862852759558136,-0.4393871664504962,0.025628116802214607,0.08117177197186572,36040,4426,114,model_specific_equal_total_country_weight,cluster_robust_country_psu,baseline cluster-robust SE (statsmodels default)
model_A_household_region_fe,A1_household_natural_sample,haz,A1_natural_sample,country_admin_region_nigeria::15,-0.05047762402553258,0.11483743813450888,-0.27555486684601654,0.1745996187949514,0.6602578372333541,36040,4426,114,model_specific_equal_total_country_weight,cluster_robust_country_psu,baseline cluster-robust SE (statsmodels default)
model_A_household_region_fe,A1_household_natural_sample,haz,A1_natural_sample,country_admin_region_nigeria::16,-0.35898902310869113,0.11902974440691874,-0.5922830352352598,-0.12569501098212246,0.0025616651730465687,36040,4426,114,model_specific_equal_total_country_weight,cluster_robust_country_psu,baseline cluster-robust SE (statsmodels default)
model_A_household_region_fe,A1_household_natural_sample,haz,A1_natural_sample,country_admin_region_nigeria::17,-0.41437020573437955,0.20794710395255642,-0.8219390401707969,-0.0068013712979622665,0.046297462719414734,36040,4426,114,model_specific_equal_total_country_weight,cluster_robust_country_psu,baseline cluster-robust SE (statsmodels default)
model_A_household_region_fe,A1_household_natural_sample,haz,A1_natural_sample,country_admin_region_nigeria::18,-0.45032334018447784,0.1185790094144931,-0.6827339279593203,-0.21791275240963534,0.0001460656129477669,36040,4426,114,model_specific_equal_total_country_weight,cluster_robust_country_psu,baseline cluster-robust SE (statsmodels default)
model_A_household_region_fe,A1_household_natural_sample,haz,A1_natural_sample,country_admin_region_nigeria::19,-0.12158733096481403,0.1168519702375634,-0.3506129841529846,0.10743832222335653,0.29809631514461443,36040,4426,114,model_specific_equal_total_country_weight,cluster_robust_country_psu,baseline cluster-robust SE (statsmodels default)
model_A_household_region_fe,A1_household_natural_sample,haz,A1_natural_sample,country_admin_region_nigeria::20,-0.7092685344100229,0.18443697624002256,-1.0707583652579369,-0.347778703562109,0.00012026392682244614,36040,4426,114,model_specific_equal_total_country_weight,cluster_robust_country_psu,baseline cluster-robust SE (statsmodels default)
model_A_household_region_fe,A1_household_natural_sample,haz,A1_natural_sample,country_admin_region_nigeria::21,0.35012357325658106,0.17231049989715044,0.012401199300073495,0.6878459472130887,0.04216033210235398,36040,4426,114,model_specific_equal_total_country_weight,cluster_robust_country_psu,baseline cluster-robust SE (statsmodels default)
model_A_household_region_fe,A1_household_natural_sample,haz,A1_natural_sample,country_admin_region_nigeria::22,0.6035827801300819,0.13942682230207257,0.3303112299391537,0.8768543303210101,1.4976810096654624e-05,36040,4426,114,model_specific_equal_total_country_weight,cluster_robust_country_psu,baseline cluster-robust SE (statsmodels default)
model_A_household_region_fe,A1_household_natural_sample,haz,A1_natural_sample,country_admin_region_nigeria::23,0.4051840853580627,0.10479002667590886,0.1997994071342898,0.6105687635818356,0.00011035040996614741,36040,4426,114,model_specific_equal_total_country_weight,cluster_robust_country_psu,baseline cluster-robust SE (statsmodels default)
model_A_household_region_fe,A1_household_natural_sample,haz,A1_natural_sample,country_admin_region_nigeria::24,0.81195251159649,0.12215446684046133,0.5725341560384934,1.0513708671544864,2.992639196627597e-11,36040,4426,114,model_specific_equal_total_country_weight,cluster_robust_country_psu,baseline cluster-robust SE (statsmodels default)
model_A_household_region_fe,A1_household_natural_sample,haz,A1_natural_sample,country_admin_region_nigeria::25,0.5325302940253553,0.10799686581337975,0.320860326587926,0.7442002614627847,8.181846588385508e-07,36040,4426,114,model_specific_equal_total_country_weight,cluster_robust_country_psu,baseline cluster-robust SE (statsmodels default)
model_A_household_region_fe,A1_household_natural_sample,haz,A1_natural_sample,country_admin_region_nigeria::26,0.22779270256254053,0.1485162877362797,-0.06329387251815538,0.5188792776432365,0.12508148034265043,36040,4426,114,model_specific_equal_total_country_weight,cluster_robust_country_psu,baseline cluster-robust SE (statsmodels default)
model_A_household_region_fe,A1_household_natural_sample,haz,A1_natural_sample,country_admin_region_nigeria::27,0.3468429691978001,0.13666898150217938,0.07897668764975768,0.6147092507458425,0.011154138763027578,36040,4426,114,model_specific_equal_total_country_weight,cluster_robust_country_psu,baseline cluster-robust SE (statsmodels default)
model_A_household_region_fe,A1_household_natural_sample,haz,A1_natural_sample,country_admin_region_nigeria::28,0.2058591273209565,0.15502634896701678,-0.09798693330913463,0.5097051879510476,0.18421191513343915,36040,4426,114,model_specific_equal_total_country_weight,cluster_robust_country_psu,baseline cluster-robust SE (statsmodels default)
model_A_household_region_fe,A1_household_natural_sample,haz,A1_natural_sample,country_admin_region_nigeria::29,0.5073044229462168,0.1269410485527691,0.258504539623039,0.7561043062693946,6.431898482098312e-05,36040,4426,114,model_specific_equal_total_country_weight,cluster_robust_country_psu,baseline cluster-robust SE (statsmodels default)
model_A_household_region_fe,A1_household_natural_sample,haz,A1_natural_sample,country_admin_region_nigeria::30,0.571610809771485,0.1377786430617904,0.30156963153157645,0.8416519880113936,3.342780026093563e-05,36040,4426,114,model_specific_equal_total_country_weight,cluster_robust_country_psu,baseline cluster-robust SE (statsmodels default)
model_A_household_region_fe,A1_household_natural_sample,haz,A1_natural_sample,country_admin_region_nigeria::31,0.737171455475457,0.12624811350254925,0.4897296998943356,0.9846132110565784,5.2493303664912085e-09,36040,4426,114,model_specific_equal_total_country_weight,cluster_robust_country_psu,baseline cluster-robust SE (statsmodels default)
model_A_household_region_fe,A1_household_natural_sample,haz,A1_natural_sample,country_admin_region_nigeria::32,0.3619665490495597,0.13755971264477826,0.09235446654211527,0.6315786315570042,0.00850485852661182,36040,4426,114,model_specific_equal_total_country_weight,cluster_robust_country_psu,baseline cluster-robust SE (statsmodels default)
model_A_household_region_fe,A1_household_natural_sample,haz,A1_natural_sample,country_admin_region_nigeria::33,0.37102894947500575,0.16887590450522577,0.04003825878813777,0.7020196401618737,0.02801681479760147,36040,4426,114,model_specific_equal_total_country_weight,cluster_robust_country_psu,baseline cluster-robust SE (statsmodels default)
model_A_household_region_fe,A1_household_natural_sample,haz,A1_natural_sample,country_admin_region_nigeria::34,0.33559030715362836,0.15493873824936052,0.03191596037480321,0.6392646539324536,0.030314639443889447,36040,4426,114,model_specific_equal_total_country_weight,cluster_robust_country_psu,baseline cluster-robust SE (statsmodels default)
model_A_household_region_fe,A1_household_natural_sample,haz,A1_natural_sample,country_admin_region_nigeria::35,0.1845317749141964,0.15685950314925798,-0.12290720189119644,0.49197075171958926,0.23942932877368028,36040,4426,114,model_specific_equal_total_country_weight,cluster_robust_country_psu,baseline cluster-robust SE (statsmodels default)
model_A_household_region_fe,A1_household_natural_sample,haz,A1_natural_sample,country_admin_region_nigeria::36,-0.03087696240338631,0.1474713966981855,-0.31991558868164893,0.25816166387487627,0.8341547731016654,36040,4426,114,model_specific_equal_total_country_weight,cluster_robust_country_psu,baseline cluster-robust SE (statsmodels default)
model_A_household_region_fe,A1_household_natural_sample,haz,A1_natural_sample,country_admin_region_nigeria::37,0.302196723880759,0.13389788288800564,0.03976169581410599,0.564631751947412,0.02401311420909313,36040,4426,114,model_specific_equal_total_country_weight,cluster_robust_country_psu,baseline cluster-robust SE (statsmodels default)
model_A_household_region_fe,A2_common_comparison_sample,haz,A2_common_sample,const,-2.1820044893567694,0.11280461643469157,-2.40309747485862,-1.9609115038549187,2.3249496921030007e-83,36040,4426,114,model_specific_equal_total_country_weight,cluster_robust_country_psu,baseline cluster-robust SE (statsmodels default)
model_A_household_region_fe,A2_common_comparison_sample,haz,A2_common_sample,_water_hh_binary,-0.03526467583768686,0.03831605375695124,-0.11036276123101192,0.0398334095556382,0.3573831290379641,36040,4426,114,model_specific_equal_total_country_weight,cluster_robust_country_psu,baseline cluster-robust SE (statsmodels default)
model_A_household_region_fe,A2_common_comparison_sample,haz,A2_common_sample,_sani_hh_binary,0.021926731751949535,0.03423273537971722,-0.04516819668458631,0.08902166018848538,0.5218349689510698,36040,4426,114,model_specific_equal_total_country_weight,cluster_robust_country_psu,baseline cluster-robust SE (statsmodels default)
model_A_household_region_fe,A2_common_comparison_sample,haz,A2_common_sample,b19_raw,-0.013491341741896506,0.0007621874685596676,-0.01498520172974121,-0.011997481754051803,4.1326008982344246e-70,36040,4426,114,model_specific_equal_total_country_weight,cluster_robust_country_psu,baseline cluster-robust SE (statsmodels default)
model_A_household_region_fe,A2_common_comparison_sample,haz,A2_common_sample,birth_order_raw,-0.05773894185282569,0.009426519086825567,-0.0762145797625832,-0.03926330394306818,9.059227079419732e-10,36040,4426,114,model_specific_equal_total_country_weight,cluster_robust_country_psu,baseline cluster-robust SE (statsmodels default)
model_A_household_region_fe,A2_common_comparison_sample,haz,A2_common_sample,maternal_age,0.026624637033242936,0.0029888537514238464,0.020766591325394768,0.032482682741091104,5.197271562365974e-19,36040,4426,114,model_specific_equal_total_country_weight,cluster_robust_country_psu,baseline cluster-robust SE (statsmodels default)
model_A_household_region_fe,A2_common_comparison_sample,haz,A2_common_sample,household_size_raw,-0.0042374007603346725,0.005149532783114752,-0.014330299552447896,0.005855498031778551,0.41058140322469516,36040,4426,114,model_specific_equal_total_country_weight,cluster_robust_country_psu,baseline cluster-robust SE (statsmodels default)
model_A_household_region_fe,A2_common_comparison_sample,haz,A2_common_sample,child_sex_Female,0.14794561888593827,0.022420938028092818,0.10400138785127185,0.1918898499206047,4.1520616658856824e-11,36040,4426,114,model_specific_equal_total_country_weight,cluster_robust_country_psu,baseline cluster-robust SE (statsmodels default)
model_A_household_region_fe,A2_common_comparison_sample,haz,A2_common_sample,maternal_education_Higher,0.22763901354839525,0.06478135591617262,0.10066988908302615,0.35460813801376434,0.00044148133668987197,36040,4426,114,model_specific_equal_total_country_weight,cluster_robust_country_psu,baseline cluster-robust SE (statsmodels default)
model_A_household_region_fe,A2_common_comparison_sample,haz,A2_common_sample,maternal_education_Primary,-0.054975274448546115,0.047392585459353445,-0.14786303508311552,0.037912486186023296,0.24604987724895677,36040,4426,114,model_specific_equal_total_country_weight,cluster_robust_country_psu,baseline cluster-robust SE (statsmodels default)
model_A_household_region_fe,A2_common_comparison_sample,haz,A2_common_sample,maternal_education_Secondary,0.01249282112931261,0.05171886014011001,-0.08887428206676717,0.11385992432539241,0.809126914230363,36040,4426,114,model_specific_equal_total_country_weight,cluster_robust_country_psu,baseline cluster-robust SE (statsmodels default)
model_A_household_region_fe,A2_common_comparison_sample,haz,A2_common_sample,literacy_Able to read only parts of sentence,0.1603761005513214,0.048491973801605186,0.06533357836091538,0.25541862274172744,0.0009420969092256665,36040,4426,114,model_specific_equal_total_country_weight,cluster_robust_country_psu,baseline cluster-robust SE (statsmodels default)
model_A_household_region_fe,A2_common_comparison_sample,haz,A2_common_sample,literacy_Able to read whole sentence,0.14016727173010204,0.04482833280994705,0.052305353935630586,0.22802918952457352,0.001767463739918391,36040,4426,114,model_specific_equal_total_country_weight,cluster_robust_country_psu,baseline cluster-robust SE (statsmodels default)
model_A_household_region_fe,A2_common_comparison_sample,haz,A2_common_sample,literacy_Blind/visually impaired,0.9909761798362914,0.5168332272702082,-0.021998331626921108,2.003950691299504,0.05518709743236196,36040,4426,114,model_specific_equal_total_country_weight,cluster_robust_country_psu,baseline cluster-robust SE (statsmodels default)
model_A_household_region_fe,A2_common_comparison_sample,haz,A2_common_sample,literacy_No card with required language,0.39266909322973326,0.2553661864857529,-0.10783943515168143,0.893177621611148,0.1241291602680419,36040,4426,114,model_specific_equal_total_country_weight,cluster_robust_country_psu,baseline cluster-robust SE (statsmodels default)
model_A_household_region_fe,A2_common_comparison_sample,haz,A2_common_sample,wealth_quintile_Middle,0.17540786959835264,0.05041123955608391,0.07660365565240723,0.27421208354429805,0.0005022774233191101,36040,4426,114,model_specific_equal_total_country_weight,cluster_robust_country_psu,baseline cluster-robust SE (statsmodels default)
model_A_household_region_fe,A2_common_comparison_sample,haz,A2_common_sample,wealth_quintile_Poorer,0.05871958168095,0.040128120737719174,-0.01993008973225445,0.13736925309415443,0.1433846083979397,36040,4426,114,model_specific_equal_total_country_weight,cluster_robust_country_psu,baseline cluster-robust SE (statsmodels default)
model_A_household_region_fe,A2_common_comparison_sample,haz,A2_common_sample,wealth_quintile_Richer,0.2956389397143586,0.05961703576065578,0.1787916967584368,0.4124861826702804,7.086883943201811e-07,36040,4426,114,model_specific_equal_total_country_weight,cluster_robust_country_psu,baseline cluster-robust SE (statsmodels default)
model_A_household_region_fe,A2_common_comparison_sample,haz,A2_common_sample,wealth_quintile_Richest,0.5762414664518583,0.07210715986424827,0.43491403009045954,0.717568902813257,1.333502453468486e-15,36040,4426,114,model_specific_equal_total_country_weight,cluster_robust_country_psu,baseline cluster-robust SE (statsmodels default)
model_A_household_region_fe,A2_common_comparison_sample,haz,A2_common_sample,residence_Urban,-0.018476855793058827,0.034463192165359466,-0.08602347122944634,0.049069759643328686,0.5918666107196993,36040,4426,114,model_specific_equal_total_country_weight,cluster_robust_country_psu,baseline cluster-robust SE (statsmodels default)
model_A_household_region_fe,A2_common_comparison_sample,haz,A2_common_sample,country_admin_region_ethiopia::02,0.001197368181144182,0.13195251645899342,-0.2574248117479116,0.25981954811019997,0.9927599071233563,36040,4426,114,model_specific_equal_total_country_weight,cluster_robust_country_psu,baseline cluster-robust SE (statsmodels default)
model_A_household_region_fe,A2_common_comparison_sample,haz,A2_common_sample,country_admin_region_ethiopia::03,-0.1196005019546823,0.10252505456197115,-0.32054591640914976,0.08134491249978512,0.24339254123652898,36040,4426,114,model_specific_equal_total_country_weight,cluster_robust_country_psu,baseline cluster-robust SE (statsmodels default)
model_A_household_region_fe,A2_common_comparison_sample,haz,A2_common_sample,country_admin_region_ethiopia::04,0.21181213970609902,0.11101686197040174,-0.005776911432542775,0.4294011908447408,0.05640056901017785,36040,4426,114,model_specific_equal_total_country_weight,cluster_robust_country_psu,baseline cluster-robust SE (statsmodels default)
model_A_household_region_fe,A2_common_comparison_sample,haz,A2_common_sample,country_admin_region_ethiopia::05,0.7888362519960387,0.14327324418821183,0.5080258534389308,1.0696466505531466,3.674602583045928e-08,36040,4426,114,model_specific_equal_total_country_weight,cluster_robust_country_psu,baseline cluster-robust SE (statsmodels default)
model_A_household_region_fe,A2_common_comparison_sample,haz,A2_common_sample,country_admin_region_ethiopia::06,-0.22115826469559768,0.15606007887270465,-0.527030398710579,0.08471386931938363,0.15644333990795328,36040,4426,114,model_specific_equal_total_country_weight,cluster_robust_country_psu,baseline cluster-robust SE (statsmodels default)
model_A_household_region_fe,A2_common_comparison_sample,haz,A2_common_sample,country_admin_region_ethiopia::07,0.28481973567984453,0.11428548617589447,0.06082429881944115,0.5088151725402479,0.012696251325177658,36040,4426,114,model_specific_equal_total_country_weight,cluster_robust_country_psu,baseline cluster-robust SE (statsmodels default)
model_A_household_region_fe,A2_common_comparison_sample,haz,A2_common_sample,country_admin_region_ethiopia::08,0.21217915949739577,0.11808204980242672,-0.0192574053360256,0.44361572433081714,0.0723548258661671,36040,4426,114,model_specific_equal_total_country_weight,cluster_robust_country_psu,baseline cluster-robust SE (statsmodels default)
model_A_household_region_fe,A2_common_comparison_sample,haz,A2_common_sample,country_admin_region_ethiopia::09,0.12344304225700198,0.13474532685808477,-0.1406529454699218,0.38753902998392575,0.35960336185944186,36040,4426,114,model_specific_equal_total_country_weight,cluster_robust_country_psu,baseline cluster-robust SE (statsmodels default)
model_A_household_region_fe,A2_common_comparison_sample,haz,A2_common_sample,country_admin_region_ethiopia::10,0.0795734682719556,0.11675576151433079,-0.14926361928368045,0.3084105558275917,0.495531238480453,36040,4426,114,model_specific_equal_total_country_weight,cluster_robust_country_psu,baseline cluster-robust SE (statsmodels default)
model_A_household_region_fe,A2_common_comparison_sample,haz,A2_common_sample,country_admin_region_ethiopia::12,1.1285643915381791,0.14947348462025414,0.8356017450387794,1.4215270380375788,4.343741220966188e-14,36040,4426,114,model_specific_equal_total_country_weight,cluster_robust_country_psu,baseline cluster-robust SE (statsmodels default)
model_A_household_region_fe,A2_common_comparison_sample,haz,A2_common_sample,country_admin_region_ethiopia::13,0.1926557245910282,0.1276683930203381,-0.05756972769293933,0.44288117687499573,0.13129053701384064,36040,4426,114,model_specific_equal_total_country_weight,cluster_robust_country_psu,baseline cluster-robust SE (statsmodels default)
model_A_household_region_fe,A2_common_comparison_sample,haz,A2_common_sample,country_admin_region_ethiopia::14,0.20713404191387325,0.11625972415452543,-0.020730830281557977,0.43499891410930447,0.07480645952731661,36040,4426,114,model_specific_equal_total_country_weight,cluster_robust_country_psu,baseline cluster-robust SE (statsmodels default)
model_A_household_region_fe,A2_common_comparison_sample,haz,A2_common_sample,country_admin_region_ethiopia::15,0.3339099600336043,0.14944736181689947,0.040998513287954896,0.6268214067792537,0.0254634637466927,36040,4426,114,model_specific_equal_total_country_weight,cluster_robust_country_psu,baseline cluster-robust SE (statsmodels default)
model_A_household_region_fe,A2_common_comparison_sample,haz,A2_common_sample,country_admin_region_ghana::01,0.7501436611121804,0.1145087498605431,0.5257106354708101,0.9745766867535508,5.716362024423885e-11,36040,4426,114,model_specific_equal_total_country_weight,cluster_robust_country_psu,baseline cluster-robust SE (statsmodels default)
model_A_household_region_fe,A2_common_comparison_sample,haz,A2_common_sample,country_admin_region_ghana::02,0.6500727933389818,0.12896917473664454,0.3972978557393055,0.9028477309386582,4.6424812284965595e-07,36040,4426,114,model_specific_equal_total_country_weight,cluster_robust_country_psu,baseline cluster-robust SE (statsmodels default)
model_A_household_region_fe,A2_common_comparison_sample,haz,A2_common_sample,country_admin_region_ghana::03,0.6197976683939455,0.1331512160688661,0.35882608040125696,0.880769256386634,3.242316592074495e-06,36040,4426,114,model_specific_equal_total_country_weight,cluster_robust_country_psu,baseline cluster-robust SE (statsmodels default)
model_A_household_region_fe,A2_common_comparison_sample,haz,A2_common_sample,country_admin_region_ghana::04,0.5756370407537631,0.13359981987299177,0.31378620546166064,0.8374878760458655,1.6424196177530916e-05,36040,4426,114,model_specific_equal_total_country_weight,cluster_robust_country_psu,baseline cluster-robust SE (statsmodels default)
model_A_household_region_fe,A2_common_comparison_sample,haz,A2_common_sample,country_admin_region_ghana::05,0.7427705574715249,0.10603626891556647,0.5349432893420105,0.9505978256010392,2.4721063339891878e-12,36040,4426,114,model_specific_equal_total_country_weight,cluster_robust_country_psu,baseline cluster-robust SE (statsmodels default)
model_A_household_region_fe,A2_common_comparison_sample,haz,A2_common_sample,country_admin_region_ghana::06,0.7254350635699535,0.117442326520162,0.4952523333298427,0.9556177938100643,6.535286869978675e-10,36040,4426,114,model_specific_equal_total_country_weight,cluster_robust_country_psu,baseline cluster-robust SE (statsmodels default)
model_A_household_region_fe,A2_common_comparison_sample,haz,A2_common_sample,country_admin_region_ghana::07,0.822533350630925,0.12499247709568045,0.5775525971849438,1.0675141040769063,4.683555295345117e-11,36040,4426,114,model_specific_equal_total_country_weight,cluster_robust_country_psu,baseline cluster-robust SE (statsmodels default)
model_A_household_region_fe,A2_common_comparison_sample,haz,A2_common_sample,country_admin_region_ghana::08,0.7796079395516956,0.10097814885197968,0.5816944045762908,0.9775214745271004,1.1581897202411045e-14,36040,4426,114,model_specific_equal_total_country_weight,cluster_robust_country_psu,baseline cluster-robust SE (statsmodels default)
model_A_household_region_fe,A2_common_comparison_sample,haz,A2_common_sample,country_admin_region_ghana::09,0.6939908721839765,0.14396501709056395,0.4118246236527778,0.9761571207151751,1.431614273179668e-06,36040,4426,114,model_specific_equal_total_country_weight,cluster_robust_country_psu,baseline cluster-robust SE (statsmodels default)
model_A_household_region_fe,A2_common_comparison_sample,haz,A2_common_sample,country_admin_region_ghana::10,0.8457051953204439,0.10771655764364191,0.6345846218002731,1.0568257688406146,4.1204598312141145e-15,36040,4426,114,model_specific_equal_total_country_weight,cluster_robust_country_psu,baseline cluster-robust SE (statsmodels default)
model_A_household_region_fe,A2_common_comparison_sample,haz,A2_common_sample,country_admin_region_ghana::11,0.6115367722977154,0.10718651384190868,0.40145506553917043,0.8216184790562604,1.1610302119439834e-08,36040,4426,114,model_specific_equal_total_country_weight,cluster_robust_country_psu,baseline cluster-robust SE (statsmodels default)
model_A_household_region_fe,A2_common_comparison_sample,haz,A2_common_sample,country_admin_region_ghana::12,0.3656159987261095,0.10506551771361212,0.15969136799037464,0.5715406294618444,0.0005016276344318466,36040,4426,114,model_specific_equal_total_country_weight,cluster_robust_country_psu,baseline cluster-robust SE (statsmodels default)
model_A_household_region_fe,A2_common_comparison_sample,haz,A2_common_sample,country_admin_region_ghana::13,0.6284669452920342,0.11019981799359083,0.41247927092172715,0.8444546196623413,1.1773338843000272e-08,36040,4426,114,model_specific_equal_total_country_weight,cluster_robust_country_psu,baseline cluster-robust SE (statsmodels default)
model_A_household_region_fe,A2_common_comparison_sample,haz,A2_common_sample,country_admin_region_ghana::14,0.5565543893301378,0.117751485153278,0.32576571930361,0.7873430593566656,2.284037453860884e-06,36040,4426,114,model_specific_equal_total_country_weight,cluster_robust_country_psu,baseline cluster-robust SE (statsmodels default)
model_A_household_region_fe,A2_common_comparison_sample,haz,A2_common_sample,country_admin_region_ghana::15,0.5292029288773716,0.1120235918821612,0.3096407233695221,0.7487651343852212,2.3121506594771632e-06,36040,4426,114,model_specific_equal_total_country_weight,cluster_robust_country_psu,baseline cluster-robust SE (statsmodels default)
model_A_household_region_fe,A2_common_comparison_sample,haz,A2_common_sample,country_admin_region_ghana::16,0.7900464547713233,0.11780396082011482,0.5591549343277307,1.020937975214916,1.9941518421985432e-11,36040,4426,114,model_specific_equal_total_country_weight,cluster_robust_country_psu,baseline cluster-robust SE (statsmodels default)
model_A_household_region_fe,A2_common_comparison_sample,haz,A2_common_sample,country_admin_region_kenya::01,0.6061898131056714,0.11972996315338098,0.371523397454737,0.8408562287566059,4.1276394617045407e-07,36040,4426,114,model_specific_equal_total_country_weight,cluster_robust_country_psu,baseline cluster-robust SE (statsmodels default)
model_A_household_region_fe,A2_common_comparison_sample,haz,A2_common_sample,country_admin_region_kenya::02,0.6221934200416065,0.13539810718235396,0.3568180063892987,0.8875688336939143,4.321500870215176e-06,36040,4426,114,model_specific_equal_total_country_weight,cluster_robust_country_psu,baseline cluster-robust SE (statsmodels default)
model_A_household_region_fe,A2_common_comparison_sample,haz,A2_common_sample,country_admin_region_kenya::03,0.21046878157319468,0.10520224090663231,0.004276178303288941,0.41666138484310045,0.04543430551081448,36040,4426,114,model_specific_equal_total_country_weight,cluster_robust_country_psu,baseline cluster-robust SE (statsmodels default)
model_A_household_region_fe,A2_common_comparison_sample,haz,A2_common_sample,country_admin_region_kenya::04,0.904589720536486,0.10736843494662211,0.694151454964675,1.115027986108297,3.604445923038743e-17,36040,4426,114,model_specific_equal_total_country_weight,cluster_robust_country_psu,baseline cluster-robust SE (statsmodels default)
model_A_household_region_fe,A2_common_comparison_sample,haz,A2_common_sample,country_admin_region_kenya::05,0.7607745841500804,0.11509217641046068,0.535198063483247,0.9863511048169137,3.8397510164699966e-11,36040,4426,114,model_specific_equal_total_country_weight,cluster_robust_country_psu,baseline cluster-robust SE (statsmodels default)
model_A_household_region_fe,A2_common_comparison_sample,haz,A2_common_sample,country_admin_region_kenya::06,0.6622082772952277,0.12897430357200496,0.40942328736296235,0.914993267227493,2.8301505286693727e-07,36040,4426,114,model_specific_equal_total_country_weight,cluster_robust_country_psu,baseline cluster-robust SE (statsmodels default)
model_A_household_region_fe,A2_common_comparison_sample,haz,A2_common_sample,country_admin_region_kenya::07,1.423972250541285,0.10567779934559596,1.2168475698584664,1.6310969312241037,2.2050339857087598e-41,36040,4426,114,model_specific_equal_total_country_weight,cluster_robust_country_psu,baseline cluster-robust SE (statsmodels default)
model_A_household_region_fe,A2_common_comparison_sample,haz,A2_common_sample,country_admin_region_kenya::08,1.5881860395546583,0.0999976500746816,1.3921942468696433,1.7841778322396733,8.412844761170635e-57,36040,4426,114,model_specific_equal_total_country_weight,cluster_robust_country_psu,baseline cluster-robust SE (statsmodels default)
model_A_household_region_fe,A2_common_comparison_sample,haz,A2_common_sample,country_admin_region_kenya::09,1.1209608236997295,0.10768940898963236,0.9098934605636462,1.3320281868358128,2.2510033125906946e-25,36040,4426,114,model_specific_equal_total_country_weight,cluster_robust_country_psu,baseline cluster-robust SE (statsmodels default)
model_A_household_region_fe,A2_common_comparison_sample,haz,A2_common_sample,country_admin_region_kenya::10,1.0487701339374467,0.11621870941348805,0.820985649157284,1.2765546187176093,1.8116596216895549e-19,36040,4426,114,model_specific_equal_total_country_weight,cluster_robust_country_psu,baseline cluster-robust SE (statsmodels default)
model_A_household_region_fe,A2_common_comparison_sample,haz,A2_common_sample,country_admin_region_kenya::11,1.09507983938896,0.12540035248259843,0.8492996648744392,1.340860013903481,2.4873099476637535e-18,36040,4426,114,model_specific_equal_total_country_weight,cluster_robust_country_psu,baseline cluster-robust SE (statsmodels default)
model_A_household_region_fe,A2_common_comparison_sample,haz,A2_common_sample,country_admin_region_kenya::12,0.46789867140839164,0.11878510521198798,0.23508414329309413,0.7007131995236892,8.181004084808295e-05,36040,4426,114,model_specific_equal_total_country_weight,cluster_robust_country_psu,baseline cluster-robust SE (statsmodels default)
model_A_household_region_fe,A2_common_comparison_sample,haz,A2_common_sample,country_admin_region_kenya::13,0.45040985217363677,0.1159860454766651,0.22308138033014832,0.6777383240171252,0.00010304375777543448,36040,4426,114,model_specific_equal_total_country_weight,cluster_robust_country_psu,baseline cluster-robust SE (statsmodels default)
model_A_household_region_fe,A2_common_comparison_sample,haz,A2_common_sample,country_admin_region_kenya::14,0.6161297107372693,0.13253555644204154,0.35636479343989236,0.8758946280346462,3.338910945966126e-06,36040,4426,114,model_specific_equal_total_country_weight,cluster_robust_country_psu,baseline cluster-robust SE (statsmodels default)
model_A_household_region_fe,A2_common_comparison_sample,haz,A2_common_sample,country_admin_region_kenya::15,0.511146916144528,0.1120987632802133,0.29143737740382886,0.7308564548852272,5.120459057867587e-06,36040,4426,114,model_specific_equal_total_country_weight,cluster_robust_country_psu,baseline cluster-robust SE (statsmodels default)
model_A_household_region_fe,A2_common_comparison_sample,haz,A2_common_sample,country_admin_region_kenya::16,0.5469165228913018,0.11832197322191577,0.31500971679663414,0.7788233289859694,3.7955711182853584e-06,36040,4426,114,model_specific_equal_total_country_weight,cluster_robust_country_psu,baseline cluster-robust SE (statsmodels default)
model_A_household_region_fe,A2_common_comparison_sample,haz,A2_common_sample,country_admin_region_kenya::17,0.4744704470952383,0.10338475010693507,0.27184006033497204,0.6771008338555045,4.44594499463471e-06,36040,4426,114,model_specific_equal_total_country_weight,cluster_robust_country_psu,baseline cluster-robust SE (statsmodels default)
model_A_household_region_fe,A2_common_comparison_sample,haz,A2_common_sample,country_admin_region_kenya::18,0.5945379721999915,0.13160742435930886,0.3365921603576667,0.8524837840423163,6.257081222534709e-06,36040,4426,114,model_specific_equal_total_country_weight,cluster_robust_country_psu,baseline cluster-robust SE (statsmodels default)
model_A_household_region_fe,A2_common_comparison_sample,haz,A2_common_sample,country_admin_region_kenya::19,0.603434294385367,0.12457417960337612,0.35927338895912564,0.8475951998116084,1.2726652708897642e-06,36040,4426,114,model_specific_equal_total_country_weight,cluster_robust_country_psu,baseline cluster-robust SE (statsmodels default)
model_A_household_region_fe,A2_common_comparison_sample,haz,A2_common_sample,country_admin_region_kenya::20,0.6419850657042204,0.1228425784942468,0.4012180360874621,0.8827520953209788,1.7314205601614119e-07,36040,4426,114,model_specific_equal_total_country_weight,cluster_robust_country_psu,baseline cluster-robust SE (statsmodels default)
model_A_household_region_fe,A2_common_comparison_sample,haz,A2_common_sample,country_admin_region_kenya::21,0.7430672763033778,0.10663165699319802,0.534073068984881,0.9520614836218745,3.2024033216410502e-12,36040,4426,114,model_specific_equal_total_country_weight,cluster_robust_country_psu,baseline cluster-robust SE (statsmodels default)
model_A_household_region_fe,A2_common_comparison_sample,haz,A2_common_sample,country_admin_region_kenya::22,0.48145719484808136,0.1259983736452502,0.2345049203927702,0.7284094693033925,0.00013283719966198079,36040,4426,114,model_specific_equal_total_country_weight,cluster_robust_country_psu,baseline cluster-robust SE (statsmodels default)
model_A_household_region_fe,A2_common_comparison_sample,haz,A2_common_sample,country_admin_region_kenya::23,0.7852792689475402,0.10221937572079035,0.5849329740126231,0.9856255638824573,1.562650328165843e-14,36040,4426,114,model_specific_equal_total_country_weight,cluster_robust_country_psu,baseline cluster-robust SE (statsmodels default)
model_A_household_region_fe,A2_common_comparison_sample,haz,A2_common_sample,country_admin_region_kenya::24,0.4022489830499593,0.09979120833281617,0.2066618087439063,0.5978361573560124,5.556225689183094e-05,36040,4426,114,model_specific_equal_total_country_weight,cluster_robust_country_psu,baseline cluster-robust SE (statsmodels default)
model_A_household_region_fe,A2_common_comparison_sample,haz,A2_common_sample,country_admin_region_kenya::25,0.4281040095449187,0.10965966061604615,0.21317502418058282,0.6430329949092546,9.464184257611609e-05,36040,4426,114,model_specific_equal_total_country_weight,cluster_robust_country_psu,baseline cluster-robust SE (statsmodels default)
model_A_household_region_fe,A2_common_comparison_sample,haz,A2_common_sample,country_admin_region_kenya::26,0.6185608122269954,0.10946502768846522,0.4040133003909238,0.833108324063067,1.5973818810433202e-08,36040,4426,114,model_specific_equal_total_country_weight,cluster_robust_country_psu,baseline cluster-robust SE (statsmodels default)
model_A_household_region_fe,A2_common_comparison_sample,haz,A2_common_sample,country_admin_region_kenya::27,0.5825087402048441,0.10556539456913991,0.3756043688355697,0.7894131115741185,3.4289988875547214e-08,36040,4426,114,model_specific_equal_total_country_weight,cluster_robust_country_psu,baseline cluster-robust SE (statsmodels default)
model_A_household_region_fe,A2_common_comparison_sample,haz,A2_common_sample,country_admin_region_kenya::28,0.5270380217755395,0.10031676468882568,0.33042077593986174,0.7236552676112172,1.4904267395077736e-07,36040,4426,114,model_specific_equal_total_country_weight,cluster_robust_country_psu,baseline cluster-robust SE (statsmodels default)
model_A_household_region_fe,A2_common_comparison_sample,haz,A2_common_sample,country_admin_region_kenya::29,0.8215680287479784,0.11611434931903258,0.5939880859943716,1.0491479715015852,1.4890207391543037e-12,36040,4426,114,model_specific_equal_total_country_weight,cluster_robust_country_psu,baseline cluster-robust SE (statsmodels default)
model_A_household_region_fe,A2_common_comparison_sample,haz,A2_common_sample,country_admin_region_kenya::30,0.680478011107165,0.09704329201418015,0.49027665381816843,0.8706793683961616,2.3475444680798874e-12,36040,4426,114,model_specific_equal_total_country_weight,cluster_robust_country_psu,baseline cluster-robust SE (statsmodels default)
model_A_household_region_fe,A2_common_comparison_sample,haz,A2_common_sample,country_admin_region_kenya::31,0.7317107628510364,0.10325631362939408,0.5293321069610517,0.9340894187410211,1.376916039528454e-12,36040,4426,114,model_specific_equal_total_country_weight,cluster_robust_country_psu,baseline cluster-robust SE (statsmodels default)
model_A_household_region_fe,A2_common_comparison_sample,haz,A2_common_sample,country_admin_region_kenya::32,0.5189947999691282,0.11986201550422329,0.284069566466469,0.7539200334717875,1.4915300017872035e-05,36040,4426,114,model_specific_equal_total_country_weight,cluster_robust_country_psu,baseline cluster-robust SE (statsmodels default)
model_A_household_region_fe,A2_common_comparison_sample,haz,A2_common_sample,country_admin_region_kenya::33,0.6066895060803432,0.09475876798466537,0.42096573361101197,0.7924132785496745,1.5289018602313442e-10,36040,4426,114,model_specific_equal_total_country_weight,cluster_robust_country_psu,baseline cluster-robust SE (statsmodels default)
model_A_household_region_fe,A2_common_comparison_sample,haz,A2_common_sample,country_admin_region_kenya::34,0.8237831008331981,0.12033469772382163,0.5879314272039936,1.0596347744624024,7.606809181447214e-12,36040,4426,114,model_specific_equal_total_country_weight,cluster_robust_country_psu,baseline cluster-robust SE (statsmodels default)
model_A_household_region_fe,A2_common_comparison_sample,haz,A2_common_sample,country_admin_region_kenya::35,0.5674815479540897,0.11156297459667966,0.3488221357364406,0.7861409601717387,3.644479190709538e-07,36040,4426,114,model_specific_equal_total_country_weight,cluster_robust_country_psu,baseline cluster-robust SE (statsmodels default)
model_A_household_region_fe,A2_common_comparison_sample,haz,A2_common_sample,country_admin_region_kenya::36,0.5584586291819049,0.10497170514644102,0.35271786769912267,0.7641993906646871,1.0371750465291854e-07,36040,4426,114,model_specific_equal_total_country_weight,cluster_robust_country_psu,baseline cluster-robust SE (statsmodels default)
model_A_household_region_fe,A2_common_comparison_sample,haz,A2_common_sample,country_admin_region_kenya::37,0.9244944069842773,0.10840340297922962,0.7120276413434052,1.1369611726251494,1.4854163297734185e-17,36040,4426,114,model_specific_equal_total_country_weight,cluster_robust_country_psu,baseline cluster-robust SE (statsmodels default)
model_A_household_region_fe,A2_common_comparison_sample,haz,A2_common_sample,country_admin_region_kenya::38,0.7380472431852885,0.10257248436312169,0.5370088680287721,0.9390856183418048,6.229042642785218e-13,36040,4426,114,model_specific_equal_total_country_weight,cluster_robust_country_psu,baseline cluster-robust SE (statsmodels default)
model_A_household_region_fe,A2_common_comparison_sample,haz,A2_common_sample,country_admin_region_kenya::39,0.72671040451656,0.11641601270073469,0.4985392123993625,0.9548815966337575,4.310235871314241e-10,36040,4426,114,model_specific_equal_total_country_weight,cluster_robust_country_psu,baseline cluster-robust SE (statsmodels default)
model_A_household_region_fe,A2_common_comparison_sample,haz,A2_common_sample,country_admin_region_kenya::40,1.0128983753064889,0.10247084841295044,0.8120592029518426,1.2137375476611352,4.848065667162364e-23,36040,4426,114,model_specific_equal_total_country_weight,cluster_robust_country_psu,baseline cluster-robust SE (statsmodels default)
model_A_household_region_fe,A2_common_comparison_sample,haz,A2_common_sample,country_admin_region_kenya::41,0.6152468979357709,0.11385274753687931,0.39209961322255615,0.8383941826489857,6.521358333416441e-08,36040,4426,114,model_specific_equal_total_country_weight,cluster_robust_country_psu,baseline cluster-robust SE (statsmodels default)
model_A_household_region_fe,A2_common_comparison_sample,haz,A2_common_sample,country_admin_region_kenya::42,1.0626745898622432,0.10523195779456218,0.8564237425622623,1.268925437162224,5.6149793454967265e-24,36040,4426,114,model_specific_equal_total_country_weight,cluster_robust_country_psu,baseline cluster-robust SE (statsmodels default)
model_A_household_region_fe,A2_common_comparison_sample,haz,A2_common_sample,country_admin_region_kenya::43,1.0529089933836615,0.10615556993872369,0.8448478995454403,1.2609700872218828,3.4575315193541814e-23,36040,4426,114,model_specific_equal_total_country_weight,cluster_robust_country_psu,baseline cluster-robust SE (statsmodels default)
model_A_household_region_fe,A2_common_comparison_sample,haz,A2_common_sample,country_admin_region_kenya::44,0.9482947916017201,0.10995578207271722,0.7327854188472595,1.163804164356181,6.446978081876781e-18,36040,4426,114,model_specific_equal_total_country_weight,cluster_robust_country_psu,baseline cluster-robust SE (statsmodels default)
model_A_household_region_fe,A2_common_comparison_sample,haz,A2_common_sample,country_admin_region_kenya::45,0.7792030229462114,0.11205975482317687,0.5595699393763961,0.9988361065160266,3.564340451809203e-12,36040,4426,114,model_specific_equal_total_country_weight,cluster_robust_country_psu,baseline cluster-robust SE (statsmodels default)
model_A_household_region_fe,A2_common_comparison_sample,haz,A2_common_sample,country_admin_region_kenya::46,0.6357491457869575,0.12430626522990769,0.39211334288365485,0.8793849486902602,3.147775591754031e-07,36040,4426,114,model_specific_equal_total_country_weight,cluster_robust_country_psu,baseline cluster-robust SE (statsmodels default)
model_A_household_region_fe,A2_common_comparison_sample,haz,A2_common_sample,country_admin_region_kenya::47,0.6244668352875529,0.11230643883888095,0.4043502599313959,0.8445834106437098,2.6918295904541453e-08,36040,4426,114,model_specific_equal_total_country_weight,cluster_robust_country_psu,baseline cluster-robust SE (statsmodels default)
model_A_household_region_fe,A2_common_comparison_sample,haz,A2_common_sample,country_admin_region_nigeria::01,0.41690894482536617,0.13656502337189813,0.1492464174685751,0.6845714721821572,0.0022669905521228127,36040,4426,114,model_specific_equal_total_country_weight,cluster_robust_country_psu,baseline cluster-robust SE (statsmodels default)
model_A_household_region_fe,A2_common_comparison_sample,haz,A2_common_sample,country_admin_region_nigeria::02,0.6259253453678679,0.1277126684180641,0.37561311489895627,0.8762375758367795,9.532893600296238e-07,36040,4426,114,model_specific_equal_total_country_weight,cluster_robust_country_psu,baseline cluster-robust SE (statsmodels default)
model_A_household_region_fe,A2_common_comparison_sample,haz,A2_common_sample,country_admin_region_nigeria::03,0.1472418968644819,0.20465278685165292,-0.25387019470051014,0.5483539884294739,0.471850307779605,36040,4426,114,model_specific_equal_total_country_weight,cluster_robust_country_psu,baseline cluster-robust SE (statsmodels default)
model_A_household_region_fe,A2_common_comparison_sample,haz,A2_common_sample,country_admin_region_nigeria::04,-0.0903961366378808,0.12471908970725754,-0.3348410606487257,0.15404878737296412,0.46857601282912864,36040,4426,114,model_specific_equal_total_country_weight,cluster_robust_country_psu,baseline cluster-robust SE (statsmodels default)
model_A_household_region_fe,A2_common_comparison_sample,haz,A2_common_sample,country_admin_region_nigeria::05,0.11350347637755269,0.1195952371705312,-0.1208988811992144,0.3479058339543198,0.3425883083732114,36040,4426,114,model_specific_equal_total_country_weight,cluster_robust_country_psu,baseline cluster-robust SE (statsmodels default)
model_A_household_region_fe,A2_common_comparison_sample,haz,A2_common_sample,country_admin_region_nigeria::06,-0.03128036862606904,0.14607342166976697,-0.31757901419734497,0.2550182769452069,0.8304367834133835,36040,4426,114,model_specific_equal_total_country_weight,cluster_robust_country_psu,baseline cluster-robust SE (statsmodels default)
model_A_household_region_fe,A2_common_comparison_sample,haz,A2_common_sample,country_admin_region_nigeria::07,-0.09080714839037701,0.12227450967925241,-0.330460783589006,0.14884648680825194,0.4576936889298354,36040,4426,114,model_specific_equal_total_country_weight,cluster_robust_country_psu,baseline cluster-robust SE (statsmodels default)
model_A_household_region_fe,A2_common_comparison_sample,haz,A2_common_sample,country_admin_region_nigeria::08,-0.19824444135789687,0.17638039899224886,-0.5439436709615095,0.14745478824571573,0.26103016845526383,36040,4426,114,model_specific_equal_total_country_weight,cluster_robust_country_psu,baseline cluster-robust SE (statsmodels default)
model_A_household_region_fe,A2_common_comparison_sample,haz,A2_common_sample,country_admin_region_nigeria::09,-0.4972836576908233,0.114549254231565,-0.7217960704406131,-0.27277124494103344,1.4169294938797526e-05,36040,4426,114,model_specific_equal_total_country_weight,cluster_robust_country_psu,baseline cluster-robust SE (statsmodels default)
model_A_household_region_fe,A2_common_comparison_sample,haz,A2_common_sample,country_admin_region_nigeria::10,0.06478346000687984,0.16115795049810133,-0.25108031879168763,0.3806472388054473,0.6876933243970009,36040,4426,114,model_specific_equal_total_country_weight,cluster_robust_country_psu,baseline cluster-robust SE (statsmodels default)
model_A_household_region_fe,A2_common_comparison_sample,haz,A2_common_sample,country_admin_region_nigeria::11,-0.20963790673963875,0.13055322615592554,-0.4655175280707654,0.046241714591487876,0.1083253757923072,36040,4426,114,model_specific_equal_total_country_weight,cluster_robust_country_psu,baseline cluster-robust SE (statsmodels default)
model_A_household_region_fe,A2_common_comparison_sample,haz,A2_common_sample,country_admin_region_nigeria::12,-0.03196682454686898,0.13763790002468831,-0.3017321515029827,0.23779850240924474,0.816341462139692,36040,4426,114,model_specific_equal_total_country_weight,cluster_robust_country_psu,baseline cluster-robust SE (statsmodels default)
model_A_household_region_fe,A2_common_comparison_sample,haz,A2_common_sample,country_admin_region_nigeria::13,-0.18503188996821848,0.14190270569146865,-0.463156082432284,0.09309230249584702,0.1922557805364946,36040,4426,114,model_specific_equal_total_country_weight,cluster_robust_country_psu,baseline cluster-robust SE (statsmodels default)
model_A_household_region_fe,A2_common_comparison_sample,haz,A2_common_sample,country_admin_region_nigeria::14,-0.2068795248241408,0.11862852759558136,-0.4393871664504962,0.025628116802214607,0.08117177197186572,36040,4426,114,model_specific_equal_total_country_weight,cluster_robust_country_psu,baseline cluster-robust SE (statsmodels default)
model_A_household_region_fe,A2_common_comparison_sample,haz,A2_common_sample,country_admin_region_nigeria::15,-0.05047762402553258,0.11483743813450888,-0.27555486684601654,0.1745996187949514,0.6602578372333541,36040,4426,114,model_specific_equal_total_country_weight,cluster_robust_country_psu,baseline cluster-robust SE (statsmodels default)
model_A_household_region_fe,A2_common_comparison_sample,haz,A2_common_sample,country_admin_region_nigeria::16,-0.35898902310869113,0.11902974440691874,-0.5922830352352598,-0.12569501098212246,0.0025616651730465687,36040,4426,114,model_specific_equal_total_country_weight,cluster_robust_country_psu,baseline cluster-robust SE (statsmodels default)
model_A_household_region_fe,A2_common_comparison_sample,haz,A2_common_sample,country_admin_region_nigeria::17,-0.41437020573437955,0.20794710395255642,-0.8219390401707969,-0.0068013712979622665,0.046297462719414734,36040,4426,114,model_specific_equal_total_country_weight,cluster_robust_country_psu,baseline cluster-robust SE (statsmodels default)
model_A_household_region_fe,A2_common_comparison_sample,haz,A2_common_sample,country_admin_region_nigeria::18,-0.45032334018447784,0.1185790094144931,-0.6827339279593203,-0.21791275240963534,0.0001460656129477669,36040,4426,114,model_specific_equal_total_country_weight,cluster_robust_country_psu,baseline cluster-robust SE (statsmodels default)
model_A_household_region_fe,A2_common_comparison_sample,haz,A2_common_sample,country_admin_region_nigeria::19,-0.12158733096481403,0.1168519702375634,-0.3506129841529846,0.10743832222335653,0.29809631514461443,36040,4426,114,model_specific_equal_total_country_weight,cluster_robust_country_psu,baseline cluster-robust SE (statsmodels default)
model_A_household_region_fe,A2_common_comparison_sample,haz,A2_common_sample,country_admin_region_nigeria::20,-0.7092685344100229,0.18443697624002256,-1.0707583652579369,-0.347778703562109,0.00012026392682244614,36040,4426,114,model_specific_equal_total_country_weight,cluster_robust_country_psu,baseline cluster-robust SE (statsmodels default)
model_A_household_region_fe,A2_common_comparison_sample,haz,A2_common_sample,country_admin_region_nigeria::21,0.35012357325658106,0.17231049989715044,0.012401199300073495,0.6878459472130887,0.04216033210235398,36040,4426,114,model_specific_equal_total_country_weight,cluster_robust_country_psu,baseline cluster-robust SE (statsmodels default)
model_A_household_region_fe,A2_common_comparison_sample,haz,A2_common_sample,country_admin_region_nigeria::22,0.6035827801300819,0.13942682230207257,0.3303112299391537,0.8768543303210101,1.4976810096654624e-05,36040,4426,114,model_specific_equal_total_country_weight,cluster_robust_country_psu,baseline cluster-robust SE (statsmodels default)
model_A_household_region_fe,A2_common_comparison_sample,haz,A2_common_sample,country_admin_region_nigeria::23,0.4051840853580627,0.10479002667590886,0.1997994071342898,0.6105687635818356,0.00011035040996614741,36040,4426,114,model_specific_equal_total_country_weight,cluster_robust_country_psu,baseline cluster-robust SE (statsmodels default)
model_A_household_region_fe,A2_common_comparison_sample,haz,A2_common_sample,country_admin_region_nigeria::24,0.81195251159649,0.12215446684046133,0.5725341560384934,1.0513708671544864,2.992639196627597e-11,36040,4426,114,model_specific_equal_total_country_weight,cluster_robust_country_psu,baseline cluster-robust SE (statsmodels default)
model_A_household_region_fe,A2_common_comparison_sample,haz,A2_common_sample,country_admin_region_nigeria::25,0.5325302940253553,0.10799686581337975,0.320860326587926,0.7442002614627847,8.181846588385508e-07,36040,4426,114,model_specific_equal_total_country_weight,cluster_robust_country_psu,baseline cluster-robust SE (statsmodels default)
model_A_household_region_fe,A2_common_comparison_sample,haz,A2_common_sample,country_admin_region_nigeria::26,0.22779270256254053,0.1485162877362797,-0.06329387251815538,0.5188792776432365,0.12508148034265043,36040,4426,114,model_specific_equal_total_country_weight,cluster_robust_country_psu,baseline cluster-robust SE (statsmodels default)
model_A_household_region_fe,A2_common_comparison_sample,haz,A2_common_sample,country_admin_region_nigeria::27,0.3468429691978001,0.13666898150217938,0.07897668764975768,0.6147092507458425,0.011154138763027578,36040,4426,114,model_specific_equal_total_country_weight,cluster_robust_country_psu,baseline cluster-robust SE (statsmodels default)
model_A_household_region_fe,A2_common_comparison_sample,haz,A2_common_sample,country_admin_region_nigeria::28,0.2058591273209565,0.15502634896701678,-0.09798693330913463,0.5097051879510476,0.18421191513343915,36040,4426,114,model_specific_equal_total_country_weight,cluster_robust_country_psu,baseline cluster-robust SE (statsmodels default)
model_A_household_region_fe,A2_common_comparison_sample,haz,A2_common_sample,country_admin_region_nigeria::29,0.5073044229462168,0.1269410485527691,0.258504539623039,0.7561043062693946,6.431898482098312e-05,36040,4426,114,model_specific_equal_total_country_weight,cluster_robust_country_psu,baseline cluster-robust SE (statsmodels default)
model_A_household_region_fe,A2_common_comparison_sample,haz,A2_common_sample,country_admin_region_nigeria::30,0.571610809771485,0.1377786430617904,0.30156963153157645,0.8416519880113936,3.342780026093563e-05,36040,4426,114,model_specific_equal_total_country_weight,cluster_robust_country_psu,baseline cluster-robust SE (statsmodels default)
model_A_household_region_fe,A2_common_comparison_sample,haz,A2_common_sample,country_admin_region_nigeria::31,0.737171455475457,0.12624811350254925,0.4897296998943356,0.9846132110565784,5.2493303664912085e-09,36040,4426,114,model_specific_equal_total_country_weight,cluster_robust_country_psu,baseline cluster-robust SE (statsmodels default)
model_A_household_region_fe,A2_common_comparison_sample,haz,A2_common_sample,country_admin_region_nigeria::32,0.3619665490495597,0.13755971264477826,0.09235446654211527,0.6315786315570042,0.00850485852661182,36040,4426,114,model_specific_equal_total_country_weight,cluster_robust_country_psu,baseline cluster-robust SE (statsmodels default)
model_A_household_region_fe,A2_common_comparison_sample,haz,A2_common_sample,country_admin_region_nigeria::33,0.37102894947500575,0.16887590450522577,0.04003825878813777,0.7020196401618737,0.02801681479760147,36040,4426,114,model_specific_equal_total_country_weight,cluster_robust_country_psu,baseline cluster-robust SE (statsmodels default)
model_A_household_region_fe,A2_common_comparison_sample,haz,A2_common_sample,country_admin_region_nigeria::34,0.33559030715362836,0.15493873824936052,0.03191596037480321,0.6392646539324536,0.030314639443889447,36040,4426,114,model_specific_equal_total_country_weight,cluster_robust_country_psu,baseline cluster-robust SE (statsmodels default)
model_A_household_region_fe,A2_common_comparison_sample,haz,A2_common_sample,country_admin_region_nigeria::35,0.1845317749141964,0.15685950314925798,-0.12290720189119644,0.49197075171958926,0.23942932877368028,36040,4426,114,model_specific_equal_total_country_weight,cluster_robust_country_psu,baseline cluster-robust SE (statsmodels default)
model_A_household_region_fe,A2_common_comparison_sample,haz,A2_common_sample,country_admin_region_nigeria::36,-0.03087696240338631,0.1474713966981855,-0.31991558868164893,0.25816166387487627,0.8341547731016654,36040,4426,114,model_specific_equal_total_country_weight,cluster_robust_country_psu,baseline cluster-robust SE (statsmodels default)
model_A_household_region_fe,A2_common_comparison_sample,haz,A2_common_sample,country_admin_region_nigeria::37,0.302196723880759,0.13389788288800564,0.03976169581410599,0.564631751947412,0.02401311420909313,36040,4426,114,model_specific_equal_total_country_weight,cluster_robust_country_psu,baseline cluster-robust SE (statsmodels default)
model_A_household_region_fe,A1_household_natural_sample,waz,A1_natural_sample,const,-1.5177587184330619,0.09551068282428514,-1.704956216907489,-1.3305612199586347,7.317008680824989e-57,36308,4426,114,model_specific_equal_total_country_weight,cluster_robust_country_psu,baseline cluster-robust SE (statsmodels default)
model_A_household_region_fe,A1_household_natural_sample,waz,A1_natural_sample,_water_hh_binary,0.021178956622137514,0.030447419318378164,-0.03849688866407277,0.08085480190834779,0.486684885323182,36308,4426,114,model_specific_equal_total_country_weight,cluster_robust_country_psu,baseline cluster-robust SE (statsmodels default)
model_A_household_region_fe,A1_household_natural_sample,waz,A1_natural_sample,_sani_hh_binary,0.04507313388989785,0.02812242717662832,-0.0100458105341441,0.10019207831393981,0.1089905372762787,36308,4426,114,model_specific_equal_total_country_weight,cluster_robust_country_psu,baseline cluster-robust SE (statsmodels default)
model_A_household_region_fe,A1_household_natural_sample,waz,A1_natural_sample,b19_raw,-0.010502496588350355,0.000600926401074061,-0.011680290691814785,-0.009324702484885924,2.1382931466340195e-68,36308,4426,114,model_specific_equal_total_country_weight,cluster_robust_country_psu,baseline cluster-robust SE (statsmodels default)
model_A_household_region_fe,A1_household_natural_sample,waz,A1_natural_sample,birth_order_raw,-0.033988461404037384,0.008082201543272395,-0.04982928534464532,-0.01814763746342945,2.606819768879471e-05,36308,4426,114,model_specific_equal_total_country_weight,cluster_robust_country_psu,baseline cluster-robust SE (statsmodels default)
model_A_household_region_fe,A1_household_natural_sample,waz,A1_natural_sample,maternal_age,0.015804230370047058,0.0026017433036101094,0.010704907197952983,0.020903553542141132,1.2439230957042926e-09,36308,4426,114,model_specific_equal_total_country_weight,cluster_robust_country_psu,baseline cluster-robust SE (statsmodels default)
model_A_household_region_fe,A1_household_natural_sample,waz,A1_natural_sample,household_size_raw,-0.0027131404033686217,0.003926717845533278,-0.010409365958064562,0.004983085151327318,0.4896010109153829,36308,4426,114,model_specific_equal_total_country_weight,cluster_robust_country_psu,baseline cluster-robust SE (statsmodels default)
model_A_household_region_fe,A1_household_natural_sample,waz,A1_natural_sample,child_sex_Female,0.09360263979187149,0.018962797418431845,0.056436239805615955,0.130769039778127,7.969216615718286e-07,36308,4426,114,model_specific_equal_total_country_weight,cluster_robust_country_psu,baseline cluster-robust SE (statsmodels default)
model_A_household_region_fe,A1_household_natural_sample,waz,A1_natural_sample,maternal_education_Higher,0.2439008598857459,0.058571866645943896,0.129102110752413,0.35869960901907877,3.125421772029251e-05,36308,4426,114,model_specific_equal_total_country_weight,cluster_robust_country_psu,baseline cluster-robust SE (statsmodels default)
model_A_household_region_fe,A1_household_natural_sample,waz,A1_natural_sample,maternal_education_Primary,0.011699790889815442,0.040973948753518126,-0.06860767297146993,0.09200725475110082,0.7752287893783677,36308,4426,114,model_specific_equal_total_country_weight,cluster_robust_country_psu,baseline cluster-robust SE (statsmodels default)
model_A_household_region_fe,A1_household_natural_sample,waz,A1_natural_sample,maternal_education_Secondary,0.0682591259593445,0.0468355928150267,-0.023536949152690764,0.16005520107137977,0.14500050154328284,36308,4426,114,model_specific_equal_total_country_weight,cluster_robust_country_psu,baseline cluster-robust SE (statsmodels default)
model_A_household_region_fe,A1_household_natural_sample,waz,A1_natural_sample,literacy_Able to read only parts of sentence,0.08261092613854937,0.042952087754744045,-0.001573618921552833,0.16679547119865157,0.05443894888193668,36308,4426,114,model_specific_equal_total_country_weight,cluster_robust_country_psu,baseline cluster-robust SE (statsmodels default)
model_A_household_region_fe,A1_household_natural_sample,waz,A1_natural_sample,literacy_Able to read whole sentence,0.09004944297706975,0.040646117393726235,0.01038451677397928,0.16971436918016022,0.026729188946783018,36308,4426,114,model_specific_equal_total_country_weight,cluster_robust_country_psu,baseline cluster-robust SE (statsmodels default)
model_A_household_region_fe,A1_household_natural_sample,waz,A1_natural_sample,literacy_Blind/visually impaired,0.4690241620558477,0.21696418398392978,0.0437821755122233,0.8942661485994721,0.030636798277779636,36308,4426,114,model_specific_equal_total_country_weight,cluster_robust_country_psu,baseline cluster-robust SE (statsmodels default)
model_A_household_region_fe,A1_household_natural_sample,waz,A1_natural_sample,literacy_No card with required language,0.5197307926784898,0.2663157220844816,-0.002238431123872453,1.0417000164808519,0.05099060800633949,36308,4426,114,model_specific_equal_total_country_weight,cluster_robust_country_psu,baseline cluster-robust SE (statsmodels default)
model_A_household_region_fe,A1_household_natural_sample,waz,A1_natural_sample,wealth_quintile_Middle,0.14641425656794527,0.04117128289956478,0.06572002488748849,0.22710848824840205,0.0003762249932028971,36308,4426,114,model_specific_equal_total_country_weight,cluster_robust_country_psu,baseline cluster-robust SE (statsmodels default)
model_A_household_region_fe,A1_household_natural_sample,waz,A1_natural_sample,wealth_quintile_Poorer,0.06670730039687395,0.03323540654254385,0.0015671005619411205,0.13184750023180677,0.044737363699028025,36308,4426,114,model_specific_equal_total_country_weight,cluster_robust_country_psu,baseline cluster-robust SE (statsmodels default)
model_A_household_region_fe,A1_household_natural_sample,waz,A1_natural_sample,wealth_quintile_Richer,0.2095624073840626,0.049060091618424964,0.11340639473371429,0.3057184200344109,1.9412301848216486e-05,36308,4426,114,model_specific_equal_total_country_weight,cluster_robust_country_psu,baseline cluster-robust SE (statsmodels default)
model_A_household_region_fe,A1_household_natural_sample,waz,A1_natural_sample,wealth_quintile_Richest,0.4403322895926771,0.06318751307049417,0.31648703970185466,0.5641775394834996,3.1997412955085476e-12,36308,4426,114,model_specific_equal_total_country_weight,cluster_robust_country_psu,baseline cluster-robust SE (statsmodels default)
model_A_household_region_fe,A1_household_natural_sample,waz,A1_natural_sample,residence_Urban,-0.0406641861244887,0.030590878887935553,-0.10062120700026908,0.019292834751291683,0.1837519162139668,36308,4426,114,model_specific_equal_total_country_weight,cluster_robust_country_psu,baseline cluster-robust SE (statsmodels default)
model_A_household_region_fe,A1_household_natural_sample,waz,A1_natural_sample,country_admin_region_ethiopia::02,-0.3485382940126523,0.10218008256417885,-0.548807575775772,-0.14826901224953262,0.0006472037006676208,36308,4426,114,model_specific_equal_total_country_weight,cluster_robust_country_psu,baseline cluster-robust SE (statsmodels default)
model_A_household_region_fe,A1_household_natural_sample,waz,A1_natural_sample,country_admin_region_ethiopia::03,-0.049282063341571786,0.08503946127373317,-0.21595634470277747,0.1173922180196339,0.5622383972827423,36308,4426,114,model_specific_equal_total_country_weight,cluster_robust_country_psu,baseline cluster-robust SE (statsmodels default)
model_A_household_region_fe,A1_household_natural_sample,waz,A1_natural_sample,country_admin_region_ethiopia::04,0.3404666793682554,0.08990366601741304,0.16425873189600831,0.5166746268405025,0.00015246689222860372,36308,4426,114,model_specific_equal_total_country_weight,cluster_robust_country_psu,baseline cluster-robust SE (statsmodels default)
model_A_household_region_fe,A1_household_natural_sample,waz,A1_natural_sample,country_admin_region_ethiopia::05,0.21531625888073355,0.09531755805812338,0.02849727799250612,0.402135239768961,0.023887369140130198,36308,4426,114,model_specific_equal_total_country_weight,cluster_robust_country_psu,baseline cluster-robust SE (statsmodels default)
model_A_household_region_fe,A1_household_natural_sample,waz,A1_natural_sample,country_admin_region_ethiopia::06,-0.12441977165178368,0.12241960336352124,-0.3643577852459638,0.11551824194239642,0.30946816023494206,36308,4426,114,model_specific_equal_total_country_weight,cluster_robust_country_psu,baseline cluster-robust SE (statsmodels default)
model_A_household_region_fe,A1_household_natural_sample,waz,A1_natural_sample,country_admin_region_ethiopia::07,0.49407470664678105,0.09981448993890923,0.29844190123128334,0.6897075120622788,7.424029915076007e-07,36308,4426,114,model_specific_equal_total_country_weight,cluster_robust_country_psu,baseline cluster-robust SE (statsmodels default)
model_A_household_region_fe,A1_household_natural_sample,waz,A1_natural_sample,country_admin_region_ethiopia::08,0.31030725767715134,0.08698914584565291,0.13981166477376958,0.48080285058053307,0.0003608227920188727,36308,4426,114,model_specific_equal_total_country_weight,cluster_robust_country_psu,baseline cluster-robust SE (statsmodels default)
model_A_household_region_fe,A1_household_natural_sample,waz,A1_natural_sample,country_admin_region_ethiopia::09,0.3203485868630849,0.09832223810607482,0.12764054129580657,0.5130566324303633,0.0011214116669221363,36308,4426,114,model_specific_equal_total_country_weight,cluster_robust_country_psu,baseline cluster-robust SE (statsmodels default)
model_A_household_region_fe,A1_household_natural_sample,waz,A1_natural_sample,country_admin_region_ethiopia::10,0.32136998847200793,0.09835652134873467,0.12859474898384304,0.5141452279601728,0.0010854063058353004,36308,4426,114,model_specific_equal_total_country_weight,cluster_robust_country_psu,baseline cluster-robust SE (statsmodels default)
model_A_household_region_fe,A1_household_natural_sample,waz,A1_natural_sample,country_admin_region_ethiopia::12,0.35769023152890206,0.10608268964364753,0.14977198044421272,0.5656084826135914,0.000746770760709858,36308,4426,114,model_specific_equal_total_country_weight,cluster_robust_country_psu,baseline cluster-robust SE (statsmodels default)
model_A_household_region_fe,A1_household_natural_sample,waz,A1_natural_sample,country_admin_region_ethiopia::13,0.25877139085931766,0.10104565232715276,0.06072555150374234,0.45681723021489296,0.010439075674379465,36308,4426,114,model_specific_equal_total_country_weight,cluster_robust_country_psu,baseline cluster-robust SE (statsmodels default)
model_A_household_region_fe,A1_household_natural_sample,waz,A1_natural_sample,country_admin_region_ethiopia::14,0.3388087069179867,0.09829056973393428,0.1461627302195528,0.5314546836164206,0.000566824823008957,36308,4426,114,model_specific_equal_total_country_weight,cluster_robust_country_psu,baseline cluster-robust SE (statsmodels default)
model_A_household_region_fe,A1_household_natural_sample,waz,A1_natural_sample,country_admin_region_ethiopia::15,0.1387898825832543,0.1316761117000411,-0.11929055397309946,0.3968703191396081,0.29187157940502517,36308,4426,114,model_specific_equal_total_country_weight,cluster_robust_country_psu,baseline cluster-robust SE (statsmodels default)
model_A_household_region_fe,A1_household_natural_sample,waz,A1_natural_sample,country_admin_region_ghana::01,0.3053399610397292,0.09461616673181514,0.11989568189013472,0.4907842401893237,0.0012503267511226011,36308,4426,114,model_specific_equal_total_country_weight,cluster_robust_country_psu,baseline cluster-robust SE (statsmodels default)
model_A_household_region_fe,A1_household_natural_sample,waz,A1_natural_sample,country_admin_region_ghana::02,0.2320837648603164,0.1197620549004176,-0.002645549459010771,0.46681307917964354,0.05263860440063288,36308,4426,114,model_specific_equal_total_country_weight,cluster_robust_country_psu,baseline cluster-robust SE (statsmodels default)
model_A_household_region_fe,A1_household_natural_sample,waz,A1_natural_sample,country_admin_region_ghana::03,0.3036757197739395,0.11610179732003871,0.07612037848629463,0.5312310610615844,0.008907115229848422,36308,4426,114,model_specific_equal_total_country_weight,cluster_robust_country_psu,baseline cluster-robust SE (statsmodels default)
model_A_household_region_fe,A1_household_natural_sample,waz,A1_natural_sample,country_admin_region_ghana::04,0.17731156662311628,0.12316287751748327,-0.06408323754346887,0.4187063707897014,0.1499661472124416,36308,4426,114,model_specific_equal_total_country_weight,cluster_robust_country_psu,baseline cluster-robust SE (statsmodels default)
model_A_household_region_fe,A1_household_natural_sample,waz,A1_natural_sample,country_admin_region_ghana::05,0.34954372659596067,0.09675829362350305,0.15990095588834313,0.5391864973035783,0.00030320602283589716,36308,4426,114,model_specific_equal_total_country_weight,cluster_robust_country_psu,baseline cluster-robust SE (statsmodels default)
model_A_household_region_fe,A1_household_natural_sample,waz,A1_natural_sample,country_admin_region_ghana::06,0.29809812362802135,0.09672884430430295,0.10851307252540524,0.4876831747306375,0.002057589510956339,36308,4426,114,model_specific_equal_total_country_weight,cluster_robust_country_psu,baseline cluster-robust SE (statsmodels default)
model_A_household_region_fe,A1_household_natural_sample,waz,A1_natural_sample,country_admin_region_ghana::07,0.4960677915914526,0.10879339576979073,0.2828366541268505,0.7092989290560547,5.122104343264355e-06,36308,4426,114,model_specific_equal_total_country_weight,cluster_robust_country_psu,baseline cluster-robust SE (statsmodels default)
model_A_household_region_fe,A1_household_natural_sample,waz,A1_natural_sample,country_admin_region_ghana::08,0.5371298530823699,0.0973438043203554,0.3463395024963588,0.7279202036683811,3.431452244445998e-08,36308,4426,114,model_specific_equal_total_country_weight,cluster_robust_country_psu,baseline cluster-robust SE (statsmodels default)
model_A_household_region_fe,A1_household_natural_sample,waz,A1_natural_sample,country_admin_region_ghana::09,0.342457813857645,0.1300246303366377,0.08761422129470103,0.597301406420589,0.008443722986062722,36308,4426,114,model_specific_equal_total_country_weight,cluster_robust_country_psu,baseline cluster-robust SE (statsmodels default)
model_A_household_region_fe,A1_household_natural_sample,waz,A1_natural_sample,country_admin_region_ghana::10,0.4674754025992915,0.09792454091078782,0.2755468292115283,0.6594039759870547,1.8075230511306526e-06,36308,4426,114,model_specific_equal_total_country_weight,cluster_robust_country_psu,baseline cluster-robust SE (statsmodels default)
model_A_household_region_fe,A1_household_natural_sample,waz,A1_natural_sample,country_admin_region_ghana::11,0.2818053299713866,0.10295437954359463,0.08001845401527383,0.4835922059274993,0.006196716577953351,36308,4426,114,model_specific_equal_total_country_weight,cluster_robust_country_psu,baseline cluster-robust SE (statsmodels default)
model_A_household_region_fe,A1_household_natural_sample,waz,A1_natural_sample,country_admin_region_ghana::12,0.09651611589528113,0.09210232753855314,-0.08400112897259464,0.2770333607631569,0.2946742420307096,36308,4426,114,model_specific_equal_total_country_weight,cluster_robust_country_psu,baseline cluster-robust SE (statsmodels default)
model_A_household_region_fe,A1_household_natural_sample,waz,A1_natural_sample,country_admin_region_ghana::13,0.3946508656565679,0.09939444311668445,0.19984133688445127,0.5894603944286845,7.170611906316413e-05,36308,4426,114,model_specific_equal_total_country_weight,cluster_robust_country_psu,baseline cluster-robust SE (statsmodels default)
model_A_household_region_fe,A1_household_natural_sample,waz,A1_natural_sample,country_admin_region_ghana::14,0.1670508521072941,0.09613072363221949,-0.021361904019629563,0.35546360823421774,0.08225544808117057,36308,4426,114,model_specific_equal_total_country_weight,cluster_robust_country_psu,baseline cluster-robust SE (statsmodels default)
model_A_household_region_fe,A1_household_natural_sample,waz,A1_natural_sample,country_admin_region_ghana::15,0.26191847508816224,0.09464596711429764,0.07641578826217651,0.44742116191414794,0.005651412271264472,36308,4426,114,model_specific_equal_total_country_weight,cluster_robust_country_psu,baseline cluster-robust SE (statsmodels default)
model_A_household_region_fe,A1_household_natural_sample,waz,A1_natural_sample,country_admin_region_ghana::16,0.4216977096599529,0.10266525483029336,0.2204775077289511,0.6229179115909547,3.99961819789593e-05,36308,4426,114,model_specific_equal_total_country_weight,cluster_robust_country_psu,baseline cluster-robust SE (statsmodels default)
model_A_household_region_fe,A1_household_natural_sample,waz,A1_natural_sample,country_admin_region_kenya::01,0.33358913715238037,0.10650554447215425,0.12484210583312899,0.5423361684716317,0.001735434242552282,36308,4426,114,model_specific_equal_total_country_weight,cluster_robust_country_psu,baseline cluster-robust SE (statsmodels default)
model_A_household_region_fe,A1_household_natural_sample,waz,A1_natural_sample,country_admin_region_kenya::02,0.37645037938684595,0.09650247752134423,0.1873089990261251,0.5655917597475668,9.581988016171532e-05,36308,4426,114,model_specific_equal_total_country_weight,cluster_robust_country_psu,baseline cluster-robust SE (statsmodels default)
model_A_household_region_fe,A1_household_natural_sample,waz,A1_natural_sample,country_admin_region_kenya::03,0.1541222339072872,0.09951680137236013,-0.0409271126391649,0.3491715804537393,0.12145249179551777,36308,4426,114,model_specific_equal_total_country_weight,cluster_robust_country_psu,baseline cluster-robust SE (statsmodels default)
model_A_household_region_fe,A1_household_natural_sample,waz,A1_natural_sample,country_admin_region_kenya::04,0.36921906836339574,0.09361397581410486,0.18573904731814653,0.552699089408645,8.011384648510613e-05,36308,4426,114,model_specific_equal_total_country_weight,cluster_robust_country_psu,baseline cluster-robust SE (statsmodels default)
model_A_household_region_fe,A1_household_natural_sample,waz,A1_natural_sample,country_admin_region_kenya::05,0.4444270516189515,0.09914612409186728,0.25010421919215264,0.6387498840457504,7.37577730428683e-06,36308,4426,114,model_specific_equal_total_country_weight,cluster_robust_country_psu,baseline cluster-robust SE (statsmodels default)
model_A_household_region_fe,A1_household_natural_sample,waz,A1_natural_sample,country_admin_region_kenya::06,0.4059322762541152,0.09355084938197313,0.22257598074231671,0.5892885717659138,1.4302716307177974e-05,36308,4426,114,model_specific_equal_total_country_weight,cluster_robust_country_psu,baseline cluster-robust SE (statsmodels default)
model_A_household_region_fe,A1_household_natural_sample,waz,A1_natural_sample,country_admin_region_kenya::07,0.5029889124250584,0.11544353206422996,0.27672374733107274,0.729254077519044,1.3184973981181514e-05,36308,4426,114,model_specific_equal_total_country_weight,cluster_robust_country_psu,baseline cluster-robust SE (statsmodels default)
model_A_household_region_fe,A1_household_natural_sample,waz,A1_natural_sample,country_admin_region_kenya::08,0.36400388518477306,0.09245515500708831,0.18279511118581193,0.5452126591837342,8.247709650675033e-05,36308,4426,114,model_specific_equal_total_country_weight,cluster_robust_country_psu,baseline cluster-robust SE (statsmodels default)
model_A_household_region_fe,A1_household_natural_sample,waz,A1_natural_sample,country_admin_region_kenya::09,0.19431938332303797,0.08964088088464299,0.01862648524669272,0.37001228139938325,0.030177404020126333,36308,4426,114,model_specific_equal_total_country_weight,cluster_robust_country_psu,baseline cluster-robust SE (statsmodels default)
model_A_household_region_fe,A1_household_natural_sample,waz,A1_natural_sample,country_admin_region_kenya::10,0.07243062133863416,0.11659615306262154,-0.15609363940002358,0.30095488207729193,0.5344618833274678,36308,4426,114,model_specific_equal_total_country_weight,cluster_robust_country_psu,baseline cluster-robust SE (statsmodels default)
model_A_household_region_fe,A1_household_natural_sample,waz,A1_natural_sample,country_admin_region_kenya::11,0.4371608446508936,0.10591785426602665,0.22956566496971925,0.644756024332068,3.669557666267826e-05,36308,4426,114,model_specific_equal_total_country_weight,cluster_robust_country_psu,baseline cluster-robust SE (statsmodels default)
model_A_household_region_fe,A1_household_natural_sample,waz,A1_natural_sample,country_admin_region_kenya::12,0.36996734032950446,0.11071142742495228,0.15297692989957795,0.586957750759431,0.0008325897570704392,36308,4426,114,model_specific_equal_total_country_weight,cluster_robust_country_psu,baseline cluster-robust SE (statsmodels default)
model_A_household_region_fe,A1_household_natural_sample,waz,A1_natural_sample,country_admin_region_kenya::13,0.39405231230659954,0.10186129308811019,0.19440784643522482,0.5936967781779743,0.00010949856120989327,36308,4426,114,model_specific_equal_total_country_weight,cluster_robust_country_psu,baseline cluster-robust SE (statsmodels default)
model_A_household_region_fe,A1_household_natural_sample,waz,A1_natural_sample,country_admin_region_kenya::14,0.3889789472608126,0.1128024387661489,0.16789022991087596,0.6100676646107492,0.0005640845362036542,36308,4426,114,model_specific_equal_total_country_weight,cluster_robust_country_psu,baseline cluster-robust SE (statsmodels default)
model_A_household_region_fe,A1_household_natural_sample,waz,A1_natural_sample,country_admin_region_kenya::15,0.31304708987912566,0.10620621622414002,0.10488673114553765,0.5212074486127136,0.0032031312088289902,36308,4426,114,model_specific_equal_total_country_weight,cluster_robust_country_psu,baseline cluster-robust SE (statsmodels default)
model_A_household_region_fe,A1_household_natural_sample,waz,A1_natural_sample,country_admin_region_kenya::16,0.3905332517888252,0.09107341988665359,0.21203262886209023,0.5690338747155601,1.8019620959805265e-05,36308,4426,114,model_specific_equal_total_country_weight,cluster_robust_country_psu,baseline cluster-robust SE (statsmodels default)
model_A_household_region_fe,A1_household_natural_sample,waz,A1_natural_sample,country_admin_region_kenya::17,0.382822727155089,0.11892907720210509,0.14972601912437944,0.6159194351857986,0.0012867610685920673,36308,4426,114,model_specific_equal_total_country_weight,cluster_robust_country_psu,baseline cluster-robust SE (statsmodels default)
model_A_household_region_fe,A1_household_natural_sample,waz,A1_natural_sample,country_admin_region_kenya::18,0.6853453276644065,0.11168846847534052,0.4664399519643019,0.9042507033645111,8.45066144734986e-10,36308,4426,114,model_specific_equal_total_country_weight,cluster_robust_country_psu,baseline cluster-robust SE (statsmodels default)
model_A_household_region_fe,A1_household_natural_sample,waz,A1_natural_sample,country_admin_region_kenya::19,0.7176969847113321,0.10535615358052856,0.5112027181438255,0.9241912512788388,9.618210536289603e-12,36308,4426,114,model_specific_equal_total_country_weight,cluster_robust_country_psu,baseline cluster-robust SE (statsmodels default)
model_A_household_region_fe,A1_household_natural_sample,waz,A1_natural_sample,country_admin_region_kenya::20,0.5575780935109931,0.10243248353916035,0.3568141149272469,0.7583420720947393,5.228136066863895e-08,36308,4426,114,model_specific_equal_total_country_weight,cluster_robust_country_psu,baseline cluster-robust SE (statsmodels default)
model_A_household_region_fe,A1_household_natural_sample,waz,A1_natural_sample,country_admin_region_kenya::21,0.5799806646929659,0.0987736994765199,0.38638777109920414,0.7735735582867278,4.310555518963197e-09,36308,4426,114,model_specific_equal_total_country_weight,cluster_robust_country_psu,baseline cluster-robust SE (statsmodels default)
model_A_household_region_fe,A1_household_natural_sample,waz,A1_natural_sample,country_admin_region_kenya::22,0.5462244240683609,0.10168020431044637,0.34693488567921166,0.7455139624575102,7.787504831100224e-08,36308,4426,114,model_specific_equal_total_country_weight,cluster_robust_country_psu,baseline cluster-robust SE (statsmodels default)
model_A_household_region_fe,A1_household_natural_sample,waz,A1_natural_sample,country_admin_region_kenya::23,-0.07510151224447927,0.10051847485766081,-0.2721141027463894,0.12191107825743087,0.4549782229588615,36308,4426,114,model_specific_equal_total_country_weight,cluster_robust_country_psu,baseline cluster-robust SE (statsmodels default)
model_A_household_region_fe,A1_household_natural_sample,waz,A1_natural_sample,country_admin_region_kenya::24,-0.021260634429002428,0.08333437211578815,-0.18459300245020613,0.1420717335922013,0.7986269936803232,36308,4426,114,model_specific_equal_total_country_weight,cluster_robust_country_psu,baseline cluster-robust SE (statsmodels default)
model_A_household_region_fe,A1_household_natural_sample,waz,A1_natural_sample,country_admin_region_kenya::25,-0.07259400623296977,0.09474800700623859,-0.2582966875721461,0.11310867510620656,0.44356934367065326,36308,4426,114,model_specific_equal_total_country_weight,cluster_robust_country_psu,baseline cluster-robust SE (statsmodels default)
model_A_household_region_fe,A1_household_natural_sample,waz,A1_natural_sample,country_admin_region_kenya::26,0.43124561705357217,0.09351425482236077,0.247961045560644,0.6145301885465003,3.996784123779699e-06,36308,4426,114,model_specific_equal_total_country_weight,cluster_robust_country_psu,baseline cluster-robust SE (statsmodels default)
model_A_household_region_fe,A1_household_natural_sample,waz,A1_natural_sample,country_admin_region_kenya::27,0.42424864205149065,0.09628496236442458,0.23553358356442392,0.6129637005385574,1.052107224281042e-05,36308,4426,114,model_specific_equal_total_country_weight,cluster_robust_country_psu,baseline cluster-robust SE (statsmodels default)
model_A_household_region_fe,A1_household_natural_sample,waz,A1_natural_sample,country_admin_region_kenya::28,0.22703640563507693,0.09850101354338095,0.03397796664935818,0.4200948446207957,0.021171367337986267,36308,4426,114,model_specific_equal_total_country_weight,cluster_robust_country_psu,baseline cluster-robust SE (statsmodels default)
model_A_household_region_fe,A1_household_natural_sample,waz,A1_natural_sample,country_admin_region_kenya::29,0.5691040869068061,0.10579292162335588,0.36175377070575987,0.7764544031078524,7.472804146534382e-08,36308,4426,114,model_specific_equal_total_country_weight,cluster_robust_country_psu,baseline cluster-robust SE (statsmodels default)
model_A_household_region_fe,A1_household_natural_sample,waz,A1_natural_sample,country_admin_region_kenya::30,0.10252151198173039,0.11075657186104595,-0.11455737991704208,0.31960040388050287,0.35462934925937684,36308,4426,114,model_specific_equal_total_country_weight,cluster_robust_country_psu,baseline cluster-robust SE (statsmodels default)
model_A_household_region_fe,A1_household_natural_sample,waz,A1_natural_sample,country_admin_region_kenya::31,0.5275400780723661,0.08800440260529187,0.35505461848503117,0.7000255376597011,2.0414548278360467e-09,36308,4426,114,model_specific_equal_total_country_weight,cluster_robust_country_psu,baseline cluster-robust SE (statsmodels default)
model_A_household_region_fe,A1_household_natural_sample,waz,A1_natural_sample,country_admin_region_kenya::32,0.4390136375124356,0.08888515143120387,0.26480194194688716,0.613225333077984,7.847949456725664e-07,36308,4426,114,model_specific_equal_total_country_weight,cluster_robust_country_psu,baseline cluster-robust SE (statsmodels default)
model_A_household_region_fe,A1_household_natural_sample,waz,A1_natural_sample,country_admin_region_kenya::33,0.4924999891965446,0.0761557911499199,0.3432373813285474,0.6417625970645418,9.996341370105213e-11,36308,4426,114,model_specific_equal_total_country_weight,cluster_robust_country_psu,baseline cluster-robust SE (statsmodels default)
model_A_household_region_fe,A1_household_natural_sample,waz,A1_natural_sample,country_admin_region_kenya::34,0.5254992467990396,0.0956519993568862,0.3380247730102942,0.712973720587785,3.932293787743724e-08,36308,4426,114,model_specific_equal_total_country_weight,cluster_robust_country_psu,baseline cluster-robust SE (statsmodels default)
model_A_household_region_fe,A1_household_natural_sample,waz,A1_natural_sample,country_admin_region_kenya::35,0.43196553719276987,0.08945647718354592,0.25663406372919073,0.607297010656349,1.3737292676458368e-06,36308,4426,114,model_specific_equal_total_country_weight,cluster_robust_country_psu,baseline cluster-robust SE (statsmodels default)
model_A_household_region_fe,A1_household_natural_sample,waz,A1_natural_sample,country_admin_region_kenya::36,0.49635025349802914,0.09571534777138892,0.3087516190983807,0.6839488878976776,2.1521495571330392e-07,36308,4426,114,model_specific_equal_total_country_weight,cluster_robust_country_psu,baseline cluster-robust SE (statsmodels default)
model_A_household_region_fe,A1_household_natural_sample,waz,A1_natural_sample,country_admin_region_kenya::37,0.8157785282600183,0.09821638179629415,0.6232779572474464,1.00827909927259,9.903945672863328e-17,36308,4426,114,model_specific_equal_total_country_weight,cluster_robust_country_psu,baseline cluster-robust SE (statsmodels default)
model_A_household_region_fe,A1_household_natural_sample,waz,A1_natural_sample,country_admin_region_kenya::38,0.7138835791622368,0.10159117884621832,0.5147685274766814,0.9129986308477921,2.109861703342617e-12,36308,4426,114,model_specific_equal_total_country_weight,cluster_robust_country_psu,baseline cluster-robust SE (statsmodels default)
model_A_household_region_fe,A1_household_natural_sample,waz,A1_natural_sample,country_admin_region_kenya::39,0.6049230586681613,0.09071882104955639,0.42711743669109664,0.782728680645226,2.5911892348689422e-11,36308,4426,114,model_specific_equal_total_country_weight,cluster_robust_country_psu,baseline cluster-robust SE (statsmodels default)
model_A_household_region_fe,A1_household_natural_sample,waz,A1_natural_sample,country_admin_region_kenya::40,0.7410034528728893,0.09069887993156953,0.5632369147688903,0.9187699909768883,3.0856977610765083e-16,36308,4426,114,model_specific_equal_total_country_weight,cluster_robust_country_psu,baseline cluster-robust SE (statsmodels default)
model_A_household_region_fe,A1_household_natural_sample,waz,A1_natural_sample,country_admin_region_kenya::41,0.6829497750264727,0.09764328911454587,0.4915724450299309,0.8743271050230145,2.6652197482397597e-12,36308,4426,114,model_specific_equal_total_country_weight,cluster_robust_country_psu,baseline cluster-robust SE (statsmodels default)
model_A_household_region_fe,A1_household_natural_sample,waz,A1_natural_sample,country_admin_region_kenya::42,0.7936706118394096,0.09594627293219582,0.6056193724414555,0.9817218512373637,1.316952672771535e-16,36308,4426,114,model_specific_equal_total_country_weight,cluster_robust_country_psu,baseline cluster-robust SE (statsmodels default)
model_A_household_region_fe,A1_household_natural_sample,waz,A1_natural_sample,country_admin_region_kenya::43,0.8914893218299438,0.08717322543308047,0.720632939564915,1.0623457040949726,1.5065369682019562e-24,36308,4426,114,model_specific_equal_total_country_weight,cluster_robust_country_psu,baseline cluster-robust SE (statsmodels default)
model_A_household_region_fe,A1_household_natural_sample,waz,A1_natural_sample,country_admin_region_kenya::44,0.8127582148982394,0.08722811353206512,0.6417942539360209,0.983722175860458,1.189817076978443e-20,36308,4426,114,model_specific_equal_total_country_weight,cluster_robust_country_psu,baseline cluster-robust SE (statsmodels default)
model_A_household_region_fe,A1_household_natural_sample,waz,A1_natural_sample,country_admin_region_kenya::45,0.7003231956915825,0.08786642519724819,0.5281081668546934,0.8725382245284716,1.582688401251605e-15,36308,4426,114,model_specific_equal_total_country_weight,cluster_robust_country_psu,baseline cluster-robust SE (statsmodels default)
model_A_household_region_fe,A1_household_natural_sample,waz,A1_natural_sample,country_admin_region_kenya::46,0.688542048814844,0.1022163675279724,0.48820164982950864,0.8888824478001794,1.62668330601527e-11,36308,4426,114,model_specific_equal_total_country_weight,cluster_robust_country_psu,baseline cluster-robust SE (statsmodels default)
model_A_household_region_fe,A1_household_natural_sample,waz,A1_natural_sample,country_admin_region_kenya::47,0.5955124158618249,0.10321189513940585,0.39322081861246483,0.797804013111185,7.936373786919567e-09,36308,4426,114,model_specific_equal_total_country_weight,cluster_robust_country_psu,baseline cluster-robust SE (statsmodels default)
model_A_household_region_fe,A1_household_natural_sample,waz,A1_natural_sample,country_admin_region_nigeria::01,0.06591323437661889,0.12066367211001326,-0.1705832172013573,0.30240968595459505,0.5848900936872841,36308,4426,114,model_specific_equal_total_country_weight,cluster_robust_country_psu,baseline cluster-robust SE (statsmodels default)
model_A_household_region_fe,A1_household_natural_sample,waz,A1_natural_sample,country_admin_region_nigeria::02,0.3162106077976894,0.11398026752825431,0.09281338849407073,0.5396078271013081,0.005532787207398738,36308,4426,114,model_specific_equal_total_country_weight,cluster_robust_country_psu,baseline cluster-robust SE (statsmodels default)
model_A_household_region_fe,A1_household_natural_sample,waz,A1_natural_sample,country_admin_region_nigeria::03,-0.025157654781745312,0.12203338840727995,-0.2643387009714018,0.21402339140791116,0.8366707234653924,36308,4426,114,model_specific_equal_total_country_weight,cluster_robust_country_psu,baseline cluster-robust SE (statsmodels default)
model_A_household_region_fe,A1_household_natural_sample,waz,A1_natural_sample,country_admin_region_nigeria::04,-0.2509021633357375,0.12328828732899182,-0.49254276621618737,-0.009261560455287643,0.0418423054176144,36308,4426,114,model_specific_equal_total_country_weight,cluster_robust_country_psu,baseline cluster-robust SE (statsmodels default)
model_A_household_region_fe,A1_household_natural_sample,waz,A1_natural_sample,country_admin_region_nigeria::05,-0.06131238001547668,0.10581085623174348,-0.2686978474030394,0.14607308737208607,0.5622837938049068,36308,4426,114,model_specific_equal_total_country_weight,cluster_robust_country_psu,baseline cluster-robust SE (statsmodels default)
model_A_household_region_fe,A1_household_natural_sample,waz,A1_natural_sample,country_admin_region_nigeria::06,0.014350635909523228,0.10972501523316948,-0.20070644215059774,0.2294077139696442,0.8959435883936375,36308,4426,114,model_specific_equal_total_country_weight,cluster_robust_country_psu,baseline cluster-robust SE (statsmodels default)
model_A_household_region_fe,A1_household_natural_sample,waz,A1_natural_sample,country_admin_region_nigeria::07,-0.009058443615811278,0.11050718211294058,-0.22564854059018372,0.20753165335856114,0.9346693470995695,36308,4426,114,model_specific_equal_total_country_weight,cluster_robust_country_psu,baseline cluster-robust SE (statsmodels default)
model_A_household_region_fe,A1_household_natural_sample,waz,A1_natural_sample,country_admin_region_nigeria::08,-0.2635648298458292,0.14163802198157274,-0.5411702517712043,0.014040592079545888,0.06276763957547293,36308,4426,114,model_specific_equal_total_country_weight,cluster_robust_country_psu,baseline cluster-robust SE (statsmodels default)
model_A_household_region_fe,A1_household_natural_sample,waz,A1_natural_sample,country_admin_region_nigeria::09,-0.26161176929957086,0.0852669724854725,-0.4287319644418647,-0.09449157415727702,0.002153892536426568,36308,4426,114,model_specific_equal_total_country_weight,cluster_robust_country_psu,baseline cluster-robust SE (statsmodels default)
model_A_household_region_fe,A1_household_natural_sample,waz,A1_natural_sample,country_admin_region_nigeria::10,-0.13445289769520866,0.15298866798326308,-0.43430517698516036,0.16539938159474302,0.37948684112628095,36308,4426,114,model_specific_equal_total_country_weight,cluster_robust_country_psu,baseline cluster-robust SE (statsmodels default)
model_A_household_region_fe,A1_household_natural_sample,waz,A1_natural_sample,country_admin_region_nigeria::11,-0.3014983889864593,0.12755223629192802,-0.551496178266181,-0.051500599706737565,0.018092244696208834,36308,4426,114,model_specific_equal_total_country_weight,cluster_robust_country_psu,baseline cluster-robust SE (statsmodels default)
model_A_household_region_fe,A1_household_natural_sample,waz,A1_natural_sample,country_admin_region_nigeria::12,-0.17070700352169998,0.11577482174426623,-0.3976214844570065,0.056207477413606544,0.1403539224335516,36308,4426,114,model_specific_equal_total_country_weight,cluster_robust_country_psu,baseline cluster-robust SE (statsmodels default)
model_A_household_region_fe,A1_household_natural_sample,waz,A1_natural_sample,country_admin_region_nigeria::13,-0.3471903144675236,0.11412812930101442,-0.5708773375204423,-0.12350329141460487,0.002349260878451116,36308,4426,114,model_specific_equal_total_country_weight,cluster_robust_country_psu,baseline cluster-robust SE (statsmodels default)
model_A_household_region_fe,A1_household_natural_sample,waz,A1_natural_sample,country_admin_region_nigeria::14,-0.4386414340252475,0.11383218832841413,-0.6617484234303199,-0.21553444462017513,0.00011648684707262897,36308,4426,114,model_specific_equal_total_country_weight,cluster_robust_country_psu,baseline cluster-robust SE (statsmodels default)
model_A_household_region_fe,A1_household_natural_sample,waz,A1_natural_sample,country_admin_region_nigeria::15,-0.015807276606851633,0.09951181552004863,-0.21084685106234094,0.17923229784863767,0.8737884424372414,36308,4426,114,model_specific_equal_total_country_weight,cluster_robust_country_psu,baseline cluster-robust SE (statsmodels default)
model_A_household_region_fe,A1_household_natural_sample,waz,A1_natural_sample,country_admin_region_nigeria::16,-0.42468895087525455,0.10751268784356499,-0.6354099469297392,-0.21396795482076988,7.810919075074747e-05,36308,4426,114,model_specific_equal_total_country_weight,cluster_robust_country_psu,baseline cluster-robust SE (statsmodels default)
model_A_household_region_fe,A1_household_natural_sample,waz,A1_natural_sample,country_admin_region_nigeria::17,-0.10027489780469608,0.10988408539294801,-0.315643747648998,0.11509395203960586,0.3614784201368112,36308,4426,114,model_specific_equal_total_country_weight,cluster_robust_country_psu,baseline cluster-robust SE (statsmodels default)
model_A_household_region_fe,A1_household_natural_sample,waz,A1_natural_sample,country_admin_region_nigeria::18,-0.3171770210269189,0.10499208972512941,-0.5229577355497704,-0.1113963065040674,0.002519737122436493,36308,4426,114,model_specific_equal_total_country_weight,cluster_robust_country_psu,baseline cluster-robust SE (statsmodels default)
model_A_household_region_fe,A1_household_natural_sample,waz,A1_natural_sample,country_admin_region_nigeria::19,-0.34846218799023826,0.08125754003314858,-0.5077240399275311,-0.1892003360529454,1.7999117557388952e-05,36308,4426,114,model_specific_equal_total_country_weight,cluster_robust_country_psu,baseline cluster-robust SE (statsmodels default)
model_A_household_region_fe,A1_household_natural_sample,waz,A1_natural_sample,country_admin_region_nigeria::20,-0.5511217999843041,0.14229466736902632,-0.8300142232197025,-0.2722293767489057,0.00010745870559983667,36308,4426,114,model_specific_equal_total_country_weight,cluster_robust_country_psu,baseline cluster-robust SE (statsmodels default)
model_A_household_region_fe,A1_household_natural_sample,waz,A1_natural_sample,country_admin_region_nigeria::21,0.034108211307196545,0.14242439384530461,-0.24503847114954863,0.3132548937639417,0.810731130404271,36308,4426,114,model_specific_equal_total_country_weight,cluster_robust_country_psu,baseline cluster-robust SE (statsmodels default)
model_A_household_region_fe,A1_household_natural_sample,waz,A1_natural_sample,country_admin_region_nigeria::22,0.0736473898370277,0.11457641258745109,-0.15091825231217815,0.29821303198623356,0.5203670699487087,36308,4426,114,model_specific_equal_total_country_weight,cluster_robust_country_psu,baseline cluster-robust SE (statsmodels default)
model_A_household_region_fe,A1_household_natural_sample,waz,A1_natural_sample,country_admin_region_nigeria::23,0.01737532202905653,0.08757596002615013,-0.15427040553371718,0.18902104959183025,0.8427298702064858,36308,4426,114,model_specific_equal_total_country_weight,cluster_robust_country_psu,baseline cluster-robust SE (statsmodels default)
model_A_household_region_fe,A1_household_natural_sample,waz,A1_natural_sample,country_admin_region_nigeria::24,0.3905201455040199,0.09551842680201687,0.20330746911214143,0.5777328218958984,4.343075770570218e-05,36308,4426,114,model_specific_equal_total_country_weight,cluster_robust_country_psu,baseline cluster-robust SE (statsmodels default)
model_A_household_region_fe,A1_household_natural_sample,waz,A1_natural_sample,country_admin_region_nigeria::25,-0.005968535111526618,0.10105494473607543,-0.20403258725391998,0.19209551703086675,0.9529025049681479,36308,4426,114,model_specific_equal_total_country_weight,cluster_robust_country_psu,baseline cluster-robust SE (statsmodels default)
model_A_household_region_fe,A1_household_natural_sample,waz,A1_natural_sample,country_admin_region_nigeria::26,-0.2558911755604659,0.11797028593303767,-0.4871086872351119,-0.02467366388581993,0.03007391634315378,36308,4426,114,model_specific_equal_total_country_weight,cluster_robust_country_psu,baseline cluster-robust SE (statsmodels default)
model_A_household_region_fe,A1_household_natural_sample,waz,A1_natural_sample,country_admin_region_nigeria::27,-0.11381924336974825,0.12306780546451077,-0.355027709736571,0.1273892229970745,0.35504400783689394,36308,4426,114,model_specific_equal_total_country_weight,cluster_robust_country_psu,baseline cluster-robust SE (statsmodels default)
model_A_household_region_fe,A1_household_natural_sample,waz,A1_natural_sample,country_admin_region_nigeria::28,-0.0241426761451585,0.12110279899412124,-0.2614998006006296,0.2132144483103126,0.8419835883298774,36308,4426,114,model_specific_equal_total_country_weight,cluster_robust_country_psu,baseline cluster-robust SE (statsmodels default)
model_A_household_region_fe,A1_household_natural_sample,waz,A1_natural_sample,country_admin_region_nigeria::29,-0.1223451850177687,0.10794542599171768,-0.3339143322573692,0.08922396222183179,0.257046939389298,36308,4426,114,model_specific_equal_total_country_weight,cluster_robust_country_psu,baseline cluster-robust SE (statsmodels default)
model_A_household_region_fe,A1_household_natural_sample,waz,A1_natural_sample,country_admin_region_nigeria::30,0.0191673625868077,0.11527436045439833,-0.20676623224470128,0.2451009574183167,0.8679397316730884,36308,4426,114,model_specific_equal_total_country_weight,cluster_robust_country_psu,baseline cluster-robust SE (statsmodels default)
model_A_household_region_fe,A1_household_natural_sample,waz,A1_natural_sample,country_admin_region_nigeria::31,0.008599952539802058,0.09341396191625306,-0.17448804846925015,0.19168795354885426,0.9266481301864353,36308,4426,114,model_specific_equal_total_country_weight,cluster_robust_country_psu,baseline cluster-robust SE (statsmodels default)
model_A_household_region_fe,A1_household_natural_sample,waz,A1_natural_sample,country_admin_region_nigeria::32,0.07073101615526729,0.1301269587574655,-0.18431313642709407,0.32577516873762863,0.5867484892513872,36308,4426,114,model_specific_equal_total_country_weight,cluster_robust_country_psu,baseline cluster-robust SE (statsmodels default)
model_A_household_region_fe,A1_household_natural_sample,waz,A1_natural_sample,country_admin_region_nigeria::33,-0.050423071667060726,0.15402974792843893,-0.352315830154584,0.25146968682046256,0.7433961400127509,36308,4426,114,model_specific_equal_total_country_weight,cluster_robust_country_psu,baseline cluster-robust SE (statsmodels default)
model_A_household_region_fe,A1_household_natural_sample,waz,A1_natural_sample,country_admin_region_nigeria::34,-0.2056028753106145,0.13492298204283623,-0.470047060801318,0.05884131018008898,0.12754528025240328,36308,4426,114,model_specific_equal_total_country_weight,cluster_robust_country_psu,baseline cluster-robust SE (statsmodels default)
model_A_household_region_fe,A1_household_natural_sample,waz,A1_natural_sample,country_admin_region_nigeria::35,-0.16384639511242377,0.1312524263094497,-0.4210964235624426,0.09340363333759505,0.2119100821910178,36308,4426,114,model_specific_equal_total_country_weight,cluster_robust_country_psu,baseline cluster-robust SE (statsmodels default)
model_A_household_region_fe,A1_household_natural_sample,waz,A1_natural_sample,country_admin_region_nigeria::36,-0.3009712701827563,0.12999753816895737,-0.5557617630727838,-0.04618077729272885,0.020601581183887017,36308,4426,114,model_specific_equal_total_country_weight,cluster_robust_country_psu,baseline cluster-robust SE (statsmodels default)
model_A_household_region_fe,A1_household_natural_sample,waz,A1_natural_sample,country_admin_region_nigeria::37,-0.2952751880416392,0.10222928283049165,-0.49564090055476173,-0.09490947552851667,0.003872537656158915,36308,4426,114,model_specific_equal_total_country_weight,cluster_robust_country_psu,baseline cluster-robust SE (statsmodels default)
model_A_household_region_fe,A2_common_comparison_sample,waz,A2_common_sample,const,-1.5177587184330619,0.09551068282428514,-1.704956216907489,-1.3305612199586347,7.317008680824989e-57,36308,4426,114,model_specific_equal_total_country_weight,cluster_robust_country_psu,baseline cluster-robust SE (statsmodels default)
model_A_household_region_fe,A2_common_comparison_sample,waz,A2_common_sample,_water_hh_binary,0.021178956622137514,0.030447419318378164,-0.03849688866407277,0.08085480190834779,0.486684885323182,36308,4426,114,model_specific_equal_total_country_weight,cluster_robust_country_psu,baseline cluster-robust SE (statsmodels default)
model_A_household_region_fe,A2_common_comparison_sample,waz,A2_common_sample,_sani_hh_binary,0.04507313388989785,0.02812242717662832,-0.0100458105341441,0.10019207831393981,0.1089905372762787,36308,4426,114,model_specific_equal_total_country_weight,cluster_robust_country_psu,baseline cluster-robust SE (statsmodels default)
model_A_household_region_fe,A2_common_comparison_sample,waz,A2_common_sample,b19_raw,-0.010502496588350355,0.000600926401074061,-0.011680290691814785,-0.009324702484885924,2.1382931466340195e-68,36308,4426,114,model_specific_equal_total_country_weight,cluster_robust_country_psu,baseline cluster-robust SE (statsmodels default)
model_A_household_region_fe,A2_common_comparison_sample,waz,A2_common_sample,birth_order_raw,-0.033988461404037384,0.008082201543272395,-0.04982928534464532,-0.01814763746342945,2.606819768879471e-05,36308,4426,114,model_specific_equal_total_country_weight,cluster_robust_country_psu,baseline cluster-robust SE (statsmodels default)
model_A_household_region_fe,A2_common_comparison_sample,waz,A2_common_sample,maternal_age,0.015804230370047058,0.0026017433036101094,0.010704907197952983,0.020903553542141132,1.2439230957042926e-09,36308,4426,114,model_specific_equal_total_country_weight,cluster_robust_country_psu,baseline cluster-robust SE (statsmodels default)
model_A_household_region_fe,A2_common_comparison_sample,waz,A2_common_sample,household_size_raw,-0.0027131404033686217,0.003926717845533278,-0.010409365958064562,0.004983085151327318,0.4896010109153829,36308,4426,114,model_specific_equal_total_country_weight,cluster_robust_country_psu,baseline cluster-robust SE (statsmodels default)
model_A_household_region_fe,A2_common_comparison_sample,waz,A2_common_sample,child_sex_Female,0.09360263979187149,0.018962797418431845,0.056436239805615955,0.130769039778127,7.969216615718286e-07,36308,4426,114,model_specific_equal_total_country_weight,cluster_robust_country_psu,baseline cluster-robust SE (statsmodels default)
model_A_household_region_fe,A2_common_comparison_sample,waz,A2_common_sample,maternal_education_Higher,0.2439008598857459,0.058571866645943896,0.129102110752413,0.35869960901907877,3.125421772029251e-05,36308,4426,114,model_specific_equal_total_country_weight,cluster_robust_country_psu,baseline cluster-robust SE (statsmodels default)
model_A_household_region_fe,A2_common_comparison_sample,waz,A2_common_sample,maternal_education_Primary,0.011699790889815442,0.040973948753518126,-0.06860767297146993,0.09200725475110082,0.7752287893783677,36308,4426,114,model_specific_equal_total_country_weight,cluster_robust_country_psu,baseline cluster-robust SE (statsmodels default)
model_A_household_region_fe,A2_common_comparison_sample,waz,A2_common_sample,maternal_education_Secondary,0.0682591259593445,0.0468355928150267,-0.023536949152690764,0.16005520107137977,0.14500050154328284,36308,4426,114,model_specific_equal_total_country_weight,cluster_robust_country_psu,baseline cluster-robust SE (statsmodels default)
model_A_household_region_fe,A2_common_comparison_sample,waz,A2_common_sample,literacy_Able to read only parts of sentence,0.08261092613854937,0.042952087754744045,-0.001573618921552833,0.16679547119865157,0.05443894888193668,36308,4426,114,model_specific_equal_total_country_weight,cluster_robust_country_psu,baseline cluster-robust SE (statsmodels default)
model_A_household_region_fe,A2_common_comparison_sample,waz,A2_common_sample,literacy_Able to read whole sentence,0.09004944297706975,0.040646117393726235,0.01038451677397928,0.16971436918016022,0.026729188946783018,36308,4426,114,model_specific_equal_total_country_weight,cluster_robust_country_psu,baseline cluster-robust SE (statsmodels default)
model_A_household_region_fe,A2_common_comparison_sample,waz,A2_common_sample,literacy_Blind/visually impaired,0.4690241620558477,0.21696418398392978,0.0437821755122233,0.8942661485994721,0.030636798277779636,36308,4426,114,model_specific_equal_total_country_weight,cluster_robust_country_psu,baseline cluster-robust SE (statsmodels default)
model_A_household_region_fe,A2_common_comparison_sample,waz,A2_common_sample,literacy_No card with required language,0.5197307926784898,0.2663157220844816,-0.002238431123872453,1.0417000164808519,0.05099060800633949,36308,4426,114,model_specific_equal_total_country_weight,cluster_robust_country_psu,baseline cluster-robust SE (statsmodels default)
model_A_household_region_fe,A2_common_comparison_sample,waz,A2_common_sample,wealth_quintile_Middle,0.14641425656794527,0.04117128289956478,0.06572002488748849,0.22710848824840205,0.0003762249932028971,36308,4426,114,model_specific_equal_total_country_weight,cluster_robust_country_psu,baseline cluster-robust SE (statsmodels default)
model_A_household_region_fe,A2_common_comparison_sample,waz,A2_common_sample,wealth_quintile_Poorer,0.06670730039687395,0.03323540654254385,0.0015671005619411205,0.13184750023180677,0.044737363699028025,36308,4426,114,model_specific_equal_total_country_weight,cluster_robust_country_psu,baseline cluster-robust SE (statsmodels default)
model_A_household_region_fe,A2_common_comparison_sample,waz,A2_common_sample,wealth_quintile_Richer,0.2095624073840626,0.049060091618424964,0.11340639473371429,0.3057184200344109,1.9412301848216486e-05,36308,4426,114,model_specific_equal_total_country_weight,cluster_robust_country_psu,baseline cluster-robust SE (statsmodels default)
model_A_household_region_fe,A2_common_comparison_sample,waz,A2_common_sample,wealth_quintile_Richest,0.4403322895926771,0.06318751307049417,0.31648703970185466,0.5641775394834996,3.1997412955085476e-12,36308,4426,114,model_specific_equal_total_country_weight,cluster_robust_country_psu,baseline cluster-robust SE (statsmodels default)
model_A_household_region_fe,A2_common_comparison_sample,waz,A2_common_sample,residence_Urban,-0.0406641861244887,0.030590878887935553,-0.10062120700026908,0.019292834751291683,0.1837519162139668,36308,4426,114,model_specific_equal_total_country_weight,cluster_robust_country_psu,baseline cluster-robust SE (statsmodels default)
model_A_household_region_fe,A2_common_comparison_sample,waz,A2_common_sample,country_admin_region_ethiopia::02,-0.3485382940126523,0.10218008256417885,-0.548807575775772,-0.14826901224953262,0.0006472037006676208,36308,4426,114,model_specific_equal_total_country_weight,cluster_robust_country_psu,baseline cluster-robust SE (statsmodels default)
model_A_household_region_fe,A2_common_comparison_sample,waz,A2_common_sample,country_admin_region_ethiopia::03,-0.049282063341571786,0.08503946127373317,-0.21595634470277747,0.1173922180196339,0.5622383972827423,36308,4426,114,model_specific_equal_total_country_weight,cluster_robust_country_psu,baseline cluster-robust SE (statsmodels default)
model_A_household_region_fe,A2_common_comparison_sample,waz,A2_common_sample,country_admin_region_ethiopia::04,0.3404666793682554,0.08990366601741304,0.16425873189600831,0.5166746268405025,0.00015246689222860372,36308,4426,114,model_specific_equal_total_country_weight,cluster_robust_country_psu,baseline cluster-robust SE (statsmodels default)
model_A_household_region_fe,A2_common_comparison_sample,waz,A2_common_sample,country_admin_region_ethiopia::05,0.21531625888073355,0.09531755805812338,0.02849727799250612,0.402135239768961,0.023887369140130198,36308,4426,114,model_specific_equal_total_country_weight,cluster_robust_country_psu,baseline cluster-robust SE (statsmodels default)
model_A_household_region_fe,A2_common_comparison_sample,waz,A2_common_sample,country_admin_region_ethiopia::06,-0.12441977165178368,0.12241960336352124,-0.3643577852459638,0.11551824194239642,0.30946816023494206,36308,4426,114,model_specific_equal_total_country_weight,cluster_robust_country_psu,baseline cluster-robust SE (statsmodels default)
model_A_household_region_fe,A2_common_comparison_sample,waz,A2_common_sample,country_admin_region_ethiopia::07,0.49407470664678105,0.09981448993890923,0.29844190123128334,0.6897075120622788,7.424029915076007e-07,36308,4426,114,model_specific_equal_total_country_weight,cluster_robust_country_psu,baseline cluster-robust SE (statsmodels default)
model_A_household_region_fe,A2_common_comparison_sample,waz,A2_common_sample,country_admin_region_ethiopia::08,0.31030725767715134,0.08698914584565291,0.13981166477376958,0.48080285058053307,0.0003608227920188727,36308,4426,114,model_specific_equal_total_country_weight,cluster_robust_country_psu,baseline cluster-robust SE (statsmodels default)
model_A_household_region_fe,A2_common_comparison_sample,waz,A2_common_sample,country_admin_region_ethiopia::09,0.3203485868630849,0.09832223810607482,0.12764054129580657,0.5130566324303633,0.0011214116669221363,36308,4426,114,model_specific_equal_total_country_weight,cluster_robust_country_psu,baseline cluster-robust SE (statsmodels default)
model_A_household_region_fe,A2_common_comparison_sample,waz,A2_common_sample,country_admin_region_ethiopia::10,0.32136998847200793,0.09835652134873467,0.12859474898384304,0.5141452279601728,0.0010854063058353004,36308,4426,114,model_specific_equal_total_country_weight,cluster_robust_country_psu,baseline cluster-robust SE (statsmodels default)
model_A_household_region_fe,A2_common_comparison_sample,waz,A2_common_sample,country_admin_region_ethiopia::12,0.35769023152890206,0.10608268964364753,0.14977198044421272,0.5656084826135914,0.000746770760709858,36308,4426,114,model_specific_equal_total_country_weight,cluster_robust_country_psu,baseline cluster-robust SE (statsmodels default)
model_A_household_region_fe,A2_common_comparison_sample,waz,A2_common_sample,country_admin_region_ethiopia::13,0.25877139085931766,0.10104565232715276,0.06072555150374234,0.45681723021489296,0.010439075674379465,36308,4426,114,model_specific_equal_total_country_weight,cluster_robust_country_psu,baseline cluster-robust SE (statsmodels default)
model_A_household_region_fe,A2_common_comparison_sample,waz,A2_common_sample,country_admin_region_ethiopia::14,0.3388087069179867,0.09829056973393428,0.1461627302195528,0.5314546836164206,0.000566824823008957,36308,4426,114,model_specific_equal_total_country_weight,cluster_robust_country_psu,baseline cluster-robust SE (statsmodels default)
model_A_household_region_fe,A2_common_comparison_sample,waz,A2_common_sample,country_admin_region_ethiopia::15,0.1387898825832543,0.1316761117000411,-0.11929055397309946,0.3968703191396081,0.29187157940502517,36308,4426,114,model_specific_equal_total_country_weight,cluster_robust_country_psu,baseline cluster-robust SE (statsmodels default)
model_A_household_region_fe,A2_common_comparison_sample,waz,A2_common_sample,country_admin_region_ghana::01,0.3053399610397292,0.09461616673181514,0.11989568189013472,0.4907842401893237,0.0012503267511226011,36308,4426,114,model_specific_equal_total_country_weight,cluster_robust_country_psu,baseline cluster-robust SE (statsmodels default)
model_A_household_region_fe,A2_common_comparison_sample,waz,A2_common_sample,country_admin_region_ghana::02,0.2320837648603164,0.1197620549004176,-0.002645549459010771,0.46681307917964354,0.05263860440063288,36308,4426,114,model_specific_equal_total_country_weight,cluster_robust_country_psu,baseline cluster-robust SE (statsmodels default)
model_A_household_region_fe,A2_common_comparison_sample,waz,A2_common_sample,country_admin_region_ghana::03,0.3036757197739395,0.11610179732003871,0.07612037848629463,0.5312310610615844,0.008907115229848422,36308,4426,114,model_specific_equal_total_country_weight,cluster_robust_country_psu,baseline cluster-robust SE (statsmodels default)
model_A_household_region_fe,A2_common_comparison_sample,waz,A2_common_sample,country_admin_region_ghana::04,0.17731156662311628,0.12316287751748327,-0.06408323754346887,0.4187063707897014,0.1499661472124416,36308,4426,114,model_specific_equal_total_country_weight,cluster_robust_country_psu,baseline cluster-robust SE (statsmodels default)
model_A_household_region_fe,A2_common_comparison_sample,waz,A2_common_sample,country_admin_region_ghana::05,0.34954372659596067,0.09675829362350305,0.15990095588834313,0.5391864973035783,0.00030320602283589716,36308,4426,114,model_specific_equal_total_country_weight,cluster_robust_country_psu,baseline cluster-robust SE (statsmodels default)
model_A_household_region_fe,A2_common_comparison_sample,waz,A2_common_sample,country_admin_region_ghana::06,0.29809812362802135,0.09672884430430295,0.10851307252540524,0.4876831747306375,0.002057589510956339,36308,4426,114,model_specific_equal_total_country_weight,cluster_robust_country_psu,baseline cluster-robust SE (statsmodels default)
model_A_household_region_fe,A2_common_comparison_sample,waz,A2_common_sample,country_admin_region_ghana::07,0.4960677915914526,0.10879339576979073,0.2828366541268505,0.7092989290560547,5.122104343264355e-06,36308,4426,114,model_specific_equal_total_country_weight,cluster_robust_country_psu,baseline cluster-robust SE (statsmodels default)
model_A_household_region_fe,A2_common_comparison_sample,waz,A2_common_sample,country_admin_region_ghana::08,0.5371298530823699,0.0973438043203554,0.3463395024963588,0.7279202036683811,3.431452244445998e-08,36308,4426,114,model_specific_equal_total_country_weight,cluster_robust_country_psu,baseline cluster-robust SE (statsmodels default)
model_A_household_region_fe,A2_common_comparison_sample,waz,A2_common_sample,country_admin_region_ghana::09,0.342457813857645,0.1300246303366377,0.08761422129470103,0.597301406420589,0.008443722986062722,36308,4426,114,model_specific_equal_total_country_weight,cluster_robust_country_psu,baseline cluster-robust SE (statsmodels default)
model_A_household_region_fe,A2_common_comparison_sample,waz,A2_common_sample,country_admin_region_ghana::10,0.4674754025992915,0.09792454091078782,0.2755468292115283,0.6594039759870547,1.8075230511306526e-06,36308,4426,114,model_specific_equal_total_country_weight,cluster_robust_country_psu,baseline cluster-robust SE (statsmodels default)
model_A_household_region_fe,A2_common_comparison_sample,waz,A2_common_sample,country_admin_region_ghana::11,0.2818053299713866,0.10295437954359463,0.08001845401527383,0.4835922059274993,0.006196716577953351,36308,4426,114,model_specific_equal_total_country_weight,cluster_robust_country_psu,baseline cluster-robust SE (statsmodels default)
model_A_household_region_fe,A2_common_comparison_sample,waz,A2_common_sample,country_admin_region_ghana::12,0.09651611589528113,0.09210232753855314,-0.08400112897259464,0.2770333607631569,0.2946742420307096,36308,4426,114,model_specific_equal_total_country_weight,cluster_robust_country_psu,baseline cluster-robust SE (statsmodels default)
model_A_household_region_fe,A2_common_comparison_sample,waz,A2_common_sample,country_admin_region_ghana::13,0.3946508656565679,0.09939444311668445,0.19984133688445127,0.5894603944286845,7.170611906316413e-05,36308,4426,114,model_specific_equal_total_country_weight,cluster_robust_country_psu,baseline cluster-robust SE (statsmodels default)
model_A_household_region_fe,A2_common_comparison_sample,waz,A2_common_sample,country_admin_region_ghana::14,0.1670508521072941,0.09613072363221949,-0.021361904019629563,0.35546360823421774,0.08225544808117057,36308,4426,114,model_specific_equal_total_country_weight,cluster_robust_country_psu,baseline cluster-robust SE (statsmodels default)
model_A_household_region_fe,A2_common_comparison_sample,waz,A2_common_sample,country_admin_region_ghana::15,0.26191847508816224,0.09464596711429764,0.07641578826217651,0.44742116191414794,0.005651412271264472,36308,4426,114,model_specific_equal_total_country_weight,cluster_robust_country_psu,baseline cluster-robust SE (statsmodels default)
model_A_household_region_fe,A2_common_comparison_sample,waz,A2_common_sample,country_admin_region_ghana::16,0.4216977096599529,0.10266525483029336,0.2204775077289511,0.6229179115909547,3.99961819789593e-05,36308,4426,114,model_specific_equal_total_country_weight,cluster_robust_country_psu,baseline cluster-robust SE (statsmodels default)
model_A_household_region_fe,A2_common_comparison_sample,waz,A2_common_sample,country_admin_region_kenya::01,0.33358913715238037,0.10650554447215425,0.12484210583312899,0.5423361684716317,0.001735434242552282,36308,4426,114,model_specific_equal_total_country_weight,cluster_robust_country_psu,baseline cluster-robust SE (statsmodels default)
model_A_household_region_fe,A2_common_comparison_sample,waz,A2_common_sample,country_admin_region_kenya::02,0.37645037938684595,0.09650247752134423,0.1873089990261251,0.5655917597475668,9.581988016171532e-05,36308,4426,114,model_specific_equal_total_country_weight,cluster_robust_country_psu,baseline cluster-robust SE (statsmodels default)
model_A_household_region_fe,A2_common_comparison_sample,waz,A2_common_sample,country_admin_region_kenya::03,0.1541222339072872,0.09951680137236013,-0.0409271126391649,0.3491715804537393,0.12145249179551777,36308,4426,114,model_specific_equal_total_country_weight,cluster_robust_country_psu,baseline cluster-robust SE (statsmodels default)
model_A_household_region_fe,A2_common_comparison_sample,waz,A2_common_sample,country_admin_region_kenya::04,0.36921906836339574,0.09361397581410486,0.18573904731814653,0.552699089408645,8.011384648510613e-05,36308,4426,114,model_specific_equal_total_country_weight,cluster_robust_country_psu,baseline cluster-robust SE (statsmodels default)
model_A_household_region_fe,A2_common_comparison_sample,waz,A2_common_sample,country_admin_region_kenya::05,0.4444270516189515,0.09914612409186728,0.25010421919215264,0.6387498840457504,7.37577730428683e-06,36308,4426,114,model_specific_equal_total_country_weight,cluster_robust_country_psu,baseline cluster-robust SE (statsmodels default)
model_A_household_region_fe,A2_common_comparison_sample,waz,A2_common_sample,country_admin_region_kenya::06,0.4059322762541152,0.09355084938197313,0.22257598074231671,0.5892885717659138,1.4302716307177974e-05,36308,4426,114,model_specific_equal_total_country_weight,cluster_robust_country_psu,baseline cluster-robust SE (statsmodels default)
model_A_household_region_fe,A2_common_comparison_sample,waz,A2_common_sample,country_admin_region_kenya::07,0.5029889124250584,0.11544353206422996,0.27672374733107274,0.729254077519044,1.3184973981181514e-05,36308,4426,114,model_specific_equal_total_country_weight,cluster_robust_country_psu,baseline cluster-robust SE (statsmodels default)
model_A_household_region_fe,A2_common_comparison_sample,waz,A2_common_sample,country_admin_region_kenya::08,0.36400388518477306,0.09245515500708831,0.18279511118581193,0.5452126591837342,8.247709650675033e-05,36308,4426,114,model_specific_equal_total_country_weight,cluster_robust_country_psu,baseline cluster-robust SE (statsmodels default)
model_A_household_region_fe,A2_common_comparison_sample,waz,A2_common_sample,country_admin_region_kenya::09,0.19431938332303797,0.08964088088464299,0.01862648524669272,0.37001228139938325,0.030177404020126333,36308,4426,114,model_specific_equal_total_country_weight,cluster_robust_country_psu,baseline cluster-robust SE (statsmodels default)
model_A_household_region_fe,A2_common_comparison_sample,waz,A2_common_sample,country_admin_region_kenya::10,0.07243062133863416,0.11659615306262154,-0.15609363940002358,0.30095488207729193,0.5344618833274678,36308,4426,114,model_specific_equal_total_country_weight,cluster_robust_country_psu,baseline cluster-robust SE (statsmodels default)
model_A_household_region_fe,A2_common_comparison_sample,waz,A2_common_sample,country_admin_region_kenya::11,0.4371608446508936,0.10591785426602665,0.22956566496971925,0.644756024332068,3.669557666267826e-05,36308,4426,114,model_specific_equal_total_country_weight,cluster_robust_country_psu,baseline cluster-robust SE (statsmodels default)
model_A_household_region_fe,A2_common_comparison_sample,waz,A2_common_sample,country_admin_region_kenya::12,0.36996734032950446,0.11071142742495228,0.15297692989957795,0.586957750759431,0.0008325897570704392,36308,4426,114,model_specific_equal_total_country_weight,cluster_robust_country_psu,baseline cluster-robust SE (statsmodels default)
model_A_household_region_fe,A2_common_comparison_sample,waz,A2_common_sample,country_admin_region_kenya::13,0.39405231230659954,0.10186129308811019,0.19440784643522482,0.5936967781779743,0.00010949856120989327,36308,4426,114,model_specific_equal_total_country_weight,cluster_robust_country_psu,baseline cluster-robust SE (statsmodels default)
model_A_household_region_fe,A2_common_comparison_sample,waz,A2_common_sample,country_admin_region_kenya::14,0.3889789472608126,0.1128024387661489,0.16789022991087596,0.6100676646107492,0.0005640845362036542,36308,4426,114,model_specific_equal_total_country_weight,cluster_robust_country_psu,baseline cluster-robust SE (statsmodels default)
model_A_household_region_fe,A2_common_comparison_sample,waz,A2_common_sample,country_admin_region_kenya::15,0.31304708987912566,0.10620621622414002,0.10488673114553765,0.5212074486127136,0.0032031312088289902,36308,4426,114,model_specific_equal_total_country_weight,cluster_robust_country_psu,baseline cluster-robust SE (statsmodels default)
model_A_household_region_fe,A2_common_comparison_sample,waz,A2_common_sample,country_admin_region_kenya::16,0.3905332517888252,0.09107341988665359,0.21203262886209023,0.5690338747155601,1.8019620959805265e-05,36308,4426,114,model_specific_equal_total_country_weight,cluster_robust_country_psu,baseline cluster-robust SE (statsmodels default)
model_A_household_region_fe,A2_common_comparison_sample,waz,A2_common_sample,country_admin_region_kenya::17,0.382822727155089,0.11892907720210509,0.14972601912437944,0.6159194351857986,0.0012867610685920673,36308,4426,114,model_specific_equal_total_country_weight,cluster_robust_country_psu,baseline cluster-robust SE (statsmodels default)
model_A_household_region_fe,A2_common_comparison_sample,waz,A2_common_sample,country_admin_region_kenya::18,0.6853453276644065,0.11168846847534052,0.4664399519643019,0.9042507033645111,8.45066144734986e-10,36308,4426,114,model_specific_equal_total_country_weight,cluster_robust_country_psu,baseline cluster-robust SE (statsmodels default)
model_A_household_region_fe,A2_common_comparison_sample,waz,A2_common_sample,country_admin_region_kenya::19,0.7176969847113321,0.10535615358052856,0.5112027181438255,0.9241912512788388,9.618210536289603e-12,36308,4426,114,model_specific_equal_total_country_weight,cluster_robust_country_psu,baseline cluster-robust SE (statsmodels default)
model_A_household_region_fe,A2_common_comparison_sample,waz,A2_common_sample,country_admin_region_kenya::20,0.5575780935109931,0.10243248353916035,0.3568141149272469,0.7583420720947393,5.228136066863895e-08,36308,4426,114,model_specific_equal_total_country_weight,cluster_robust_country_psu,baseline cluster-robust SE (statsmodels default)
model_A_household_region_fe,A2_common_comparison_sample,waz,A2_common_sample,country_admin_region_kenya::21,0.5799806646929659,0.0987736994765199,0.38638777109920414,0.7735735582867278,4.310555518963197e-09,36308,4426,114,model_specific_equal_total_country_weight,cluster_robust_country_psu,baseline cluster-robust SE (statsmodels default)
model_A_household_region_fe,A2_common_comparison_sample,waz,A2_common_sample,country_admin_region_kenya::22,0.5462244240683609,0.10168020431044637,0.34693488567921166,0.7455139624575102,7.787504831100224e-08,36308,4426,114,model_specific_equal_total_country_weight,cluster_robust_country_psu,baseline cluster-robust SE (statsmodels default)
model_A_household_region_fe,A2_common_comparison_sample,waz,A2_common_sample,country_admin_region_kenya::23,-0.07510151224447927,0.10051847485766081,-0.2721141027463894,0.12191107825743087,0.4549782229588615,36308,4426,114,model_specific_equal_total_country_weight,cluster_robust_country_psu,baseline cluster-robust SE (statsmodels default)
model_A_household_region_fe,A2_common_comparison_sample,waz,A2_common_sample,country_admin_region_kenya::24,-0.021260634429002428,0.08333437211578815,-0.18459300245020613,0.1420717335922013,0.7986269936803232,36308,4426,114,model_specific_equal_total_country_weight,cluster_robust_country_psu,baseline cluster-robust SE (statsmodels default)
model_A_household_region_fe,A2_common_comparison_sample,waz,A2_common_sample,country_admin_region_kenya::25,-0.07259400623296977,0.09474800700623859,-0.2582966875721461,0.11310867510620656,0.44356934367065326,36308,4426,114,model_specific_equal_total_country_weight,cluster_robust_country_psu,baseline cluster-robust SE (statsmodels default)
model_A_household_region_fe,A2_common_comparison_sample,waz,A2_common_sample,country_admin_region_kenya::26,0.43124561705357217,0.09351425482236077,0.247961045560644,0.6145301885465003,3.996784123779699e-06,36308,4426,114,model_specific_equal_total_country_weight,cluster_robust_country_psu,baseline cluster-robust SE (statsmodels default)
model_A_household_region_fe,A2_common_comparison_sample,waz,A2_common_sample,country_admin_region_kenya::27,0.42424864205149065,0.09628496236442458,0.23553358356442392,0.6129637005385574,1.052107224281042e-05,36308,4426,114,model_specific_equal_total_country_weight,cluster_robust_country_psu,baseline cluster-robust SE (statsmodels default)
model_A_household_region_fe,A2_common_comparison_sample,waz,A2_common_sample,country_admin_region_kenya::28,0.22703640563507693,0.09850101354338095,0.03397796664935818,0.4200948446207957,0.021171367337986267,36308,4426,114,model_specific_equal_total_country_weight,cluster_robust_country_psu,baseline cluster-robust SE (statsmodels default)
model_A_household_region_fe,A2_common_comparison_sample,waz,A2_common_sample,country_admin_region_kenya::29,0.5691040869068061,0.10579292162335588,0.36175377070575987,0.7764544031078524,7.472804146534382e-08,36308,4426,114,model_specific_equal_total_country_weight,cluster_robust_country_psu,baseline cluster-robust SE (statsmodels default)
model_A_household_region_fe,A2_common_comparison_sample,waz,A2_common_sample,country_admin_region_kenya::30,0.10252151198173039,0.11075657186104595,-0.11455737991704208,0.31960040388050287,0.35462934925937684,36308,4426,114,model_specific_equal_total_country_weight,cluster_robust_country_psu,baseline cluster-robust SE (statsmodels default)
model_A_household_region_fe,A2_common_comparison_sample,waz,A2_common_sample,country_admin_region_kenya::31,0.5275400780723661,0.08800440260529187,0.35505461848503117,0.7000255376597011,2.0414548278360467e-09,36308,4426,114,model_specific_equal_total_country_weight,cluster_robust_country_psu,baseline cluster-robust SE (statsmodels default)
model_A_household_region_fe,A2_common_comparison_sample,waz,A2_common_sample,country_admin_region_kenya::32,0.4390136375124356,0.08888515143120387,0.26480194194688716,0.613225333077984,7.847949456725664e-07,36308,4426,114,model_specific_equal_total_country_weight,cluster_robust_country_psu,baseline cluster-robust SE (statsmodels default)
model_A_household_region_fe,A2_common_comparison_sample,waz,A2_common_sample,country_admin_region_kenya::33,0.4924999891965446,0.0761557911499199,0.3432373813285474,0.6417625970645418,9.996341370105213e-11,36308,4426,114,model_specific_equal_total_country_weight,cluster_robust_country_psu,baseline cluster-robust SE (statsmodels default)
model_A_household_region_fe,A2_common_comparison_sample,waz,A2_common_sample,country_admin_region_kenya::34,0.5254992467990396,0.0956519993568862,0.3380247730102942,0.712973720587785,3.932293787743724e-08,36308,4426,114,model_specific_equal_total_country_weight,cluster_robust_country_psu,baseline cluster-robust SE (statsmodels default)
model_A_household_region_fe,A2_common_comparison_sample,waz,A2_common_sample,country_admin_region_kenya::35,0.43196553719276987,0.08945647718354592,0.25663406372919073,0.607297010656349,1.3737292676458368e-06,36308,4426,114,model_specific_equal_total_country_weight,cluster_robust_country_psu,baseline cluster-robust SE (statsmodels default)
model_A_household_region_fe,A2_common_comparison_sample,waz,A2_common_sample,country_admin_region_kenya::36,0.49635025349802914,0.09571534777138892,0.3087516190983807,0.6839488878976776,2.1521495571330392e-07,36308,4426,114,model_specific_equal_total_country_weight,cluster_robust_country_psu,baseline cluster-robust SE (statsmodels default)
model_A_household_region_fe,A2_common_comparison_sample,waz,A2_common_sample,country_admin_region_kenya::37,0.8157785282600183,0.09821638179629415,0.6232779572474464,1.00827909927259,9.903945672863328e-17,36308,4426,114,model_specific_equal_total_country_weight,cluster_robust_country_psu,baseline cluster-robust SE (statsmodels default)
model_A_household_region_fe,A2_common_comparison_sample,waz,A2_common_sample,country_admin_region_kenya::38,0.7138835791622368,0.10159117884621832,0.5147685274766814,0.9129986308477921,2.109861703342617e-12,36308,4426,114,model_specific_equal_total_country_weight,cluster_robust_country_psu,baseline cluster-robust SE (statsmodels default)
model_A_household_region_fe,A2_common_comparison_sample,waz,A2_common_sample,country_admin_region_kenya::39,0.6049230586681613,0.09071882104955639,0.42711743669109664,0.782728680645226,2.5911892348689422e-11,36308,4426,114,model_specific_equal_total_country_weight,cluster_robust_country_psu,baseline cluster-robust SE (statsmodels default)
model_A_household_region_fe,A2_common_comparison_sample,waz,A2_common_sample,country_admin_region_kenya::40,0.7410034528728893,0.09069887993156953,0.5632369147688903,0.9187699909768883,3.0856977610765083e-16,36308,4426,114,model_specific_equal_total_country_weight,cluster_robust_country_psu,baseline cluster-robust SE (statsmodels default)
model_A_household_region_fe,A2_common_comparison_sample,waz,A2_common_sample,country_admin_region_kenya::41,0.6829497750264727,0.09764328911454587,0.4915724450299309,0.8743271050230145,2.6652197482397597e-12,36308,4426,114,model_specific_equal_total_country_weight,cluster_robust_country_psu,baseline cluster-robust SE (statsmodels default)
model_A_household_region_fe,A2_common_comparison_sample,waz,A2_common_sample,country_admin_region_kenya::42,0.7936706118394096,0.09594627293219582,0.6056193724414555,0.9817218512373637,1.316952672771535e-16,36308,4426,114,model_specific_equal_total_country_weight,cluster_robust_country_psu,baseline cluster-robust SE (statsmodels default)
model_A_household_region_fe,A2_common_comparison_sample,waz,A2_common_sample,country_admin_region_kenya::43,0.8914893218299438,0.08717322543308047,0.720632939564915,1.0623457040949726,1.5065369682019562e-24,36308,4426,114,model_specific_equal_total_country_weight,cluster_robust_country_psu,baseline cluster-robust SE (statsmodels default)
model_A_household_region_fe,A2_common_comparison_sample,waz,A2_common_sample,country_admin_region_kenya::44,0.8127582148982394,0.08722811353206512,0.6417942539360209,0.983722175860458,1.189817076978443e-20,36308,4426,114,model_specific_equal_total_country_weight,cluster_robust_country_psu,baseline cluster-robust SE (statsmodels default)
model_A_household_region_fe,A2_common_comparison_sample,waz,A2_common_sample,country_admin_region_kenya::45,0.7003231956915825,0.08786642519724819,0.5281081668546934,0.8725382245284716,1.582688401251605e-15,36308,4426,114,model_specific_equal_total_country_weight,cluster_robust_country_psu,baseline cluster-robust SE (statsmodels default)
model_A_household_region_fe,A2_common_comparison_sample,waz,A2_common_sample,country_admin_region_kenya::46,0.688542048814844,0.1022163675279724,0.48820164982950864,0.8888824478001794,1.62668330601527e-11,36308,4426,114,model_specific_equal_total_country_weight,cluster_robust_country_psu,baseline cluster-robust SE (statsmodels default)
model_A_household_region_fe,A2_common_comparison_sample,waz,A2_common_sample,country_admin_region_kenya::47,0.5955124158618249,0.10321189513940585,0.39322081861246483,0.797804013111185,7.936373786919567e-09,36308,4426,114,model_specific_equal_total_country_weight,cluster_robust_country_psu,baseline cluster-robust SE (statsmodels default)
model_A_household_region_fe,A2_common_comparison_sample,waz,A2_common_sample,country_admin_region_nigeria::01,0.06591323437661889,0.12066367211001326,-0.1705832172013573,0.30240968595459505,0.5848900936872841,36308,4426,114,model_specific_equal_total_country_weight,cluster_robust_country_psu,baseline cluster-robust SE (statsmodels default)
model_A_household_region_fe,A2_common_comparison_sample,waz,A2_common_sample,country_admin_region_nigeria::02,0.3162106077976894,0.11398026752825431,0.09281338849407073,0.5396078271013081,0.005532787207398738,36308,4426,114,model_specific_equal_total_country_weight,cluster_robust_country_psu,baseline cluster-robust SE (statsmodels default)
model_A_household_region_fe,A2_common_comparison_sample,waz,A2_common_sample,country_admin_region_nigeria::03,-0.025157654781745312,0.12203338840727995,-0.2643387009714018,0.21402339140791116,0.8366707234653924,36308,4426,114,model_specific_equal_total_country_weight,cluster_robust_country_psu,baseline cluster-robust SE (statsmodels default)
model_A_household_region_fe,A2_common_comparison_sample,waz,A2_common_sample,country_admin_region_nigeria::04,-0.2509021633357375,0.12328828732899182,-0.49254276621618737,-0.009261560455287643,0.0418423054176144,36308,4426,114,model_specific_equal_total_country_weight,cluster_robust_country_psu,baseline cluster-robust SE (statsmodels default)
model_A_household_region_fe,A2_common_comparison_sample,waz,A2_common_sample,country_admin_region_nigeria::05,-0.06131238001547668,0.10581085623174348,-0.2686978474030394,0.14607308737208607,0.5622837938049068,36308,4426,114,model_specific_equal_total_country_weight,cluster_robust_country_psu,baseline cluster-robust SE (statsmodels default)
model_A_household_region_fe,A2_common_comparison_sample,waz,A2_common_sample,country_admin_region_nigeria::06,0.014350635909523228,0.10972501523316948,-0.20070644215059774,0.2294077139696442,0.8959435883936375,36308,4426,114,model_specific_equal_total_country_weight,cluster_robust_country_psu,baseline cluster-robust SE (statsmodels default)
model_A_household_region_fe,A2_common_comparison_sample,waz,A2_common_sample,country_admin_region_nigeria::07,-0.009058443615811278,0.11050718211294058,-0.22564854059018372,0.20753165335856114,0.9346693470995695,36308,4426,114,model_specific_equal_total_country_weight,cluster_robust_country_psu,baseline cluster-robust SE (statsmodels default)
model_A_household_region_fe,A2_common_comparison_sample,waz,A2_common_sample,country_admin_region_nigeria::08,-0.2635648298458292,0.14163802198157274,-0.5411702517712043,0.014040592079545888,0.06276763957547293,36308,4426,114,model_specific_equal_total_country_weight,cluster_robust_country_psu,baseline cluster-robust SE (statsmodels default)
model_A_household_region_fe,A2_common_comparison_sample,waz,A2_common_sample,country_admin_region_nigeria::09,-0.26161176929957086,0.0852669724854725,-0.4287319644418647,-0.09449157415727702,0.002153892536426568,36308,4426,114,model_specific_equal_total_country_weight,cluster_robust_country_psu,baseline cluster-robust SE (statsmodels default)
model_A_household_region_fe,A2_common_comparison_sample,waz,A2_common_sample,country_admin_region_nigeria::10,-0.13445289769520866,0.15298866798326308,-0.43430517698516036,0.16539938159474302,0.37948684112628095,36308,4426,114,model_specific_equal_total_country_weight,cluster_robust_country_psu,baseline cluster-robust SE (statsmodels default)
model_A_household_region_fe,A2_common_comparison_sample,waz,A2_common_sample,country_admin_region_nigeria::11,-0.3014983889864593,0.12755223629192802,-0.551496178266181,-0.051500599706737565,0.018092244696208834,36308,4426,114,model_specific_equal_total_country_weight,cluster_robust_country_psu,baseline cluster-robust SE (statsmodels default)
model_A_household_region_fe,A2_common_comparison_sample,waz,A2_common_sample,country_admin_region_nigeria::12,-0.17070700352169998,0.11577482174426623,-0.3976214844570065,0.056207477413606544,0.1403539224335516,36308,4426,114,model_specific_equal_total_country_weight,cluster_robust_country_psu,baseline cluster-robust SE (statsmodels default)
model_A_household_region_fe,A2_common_comparison_sample,waz,A2_common_sample,country_admin_region_nigeria::13,-0.3471903144675236,0.11412812930101442,-0.5708773375204423,-0.12350329141460487,0.002349260878451116,36308,4426,114,model_specific_equal_total_country_weight,cluster_robust_country_psu,baseline cluster-robust SE (statsmodels default)
model_A_household_region_fe,A2_common_comparison_sample,waz,A2_common_sample,country_admin_region_nigeria::14,-0.4386414340252475,0.11383218832841413,-0.6617484234303199,-0.21553444462017513,0.00011648684707262897,36308,4426,114,model_specific_equal_total_country_weight,cluster_robust_country_psu,baseline cluster-robust SE (statsmodels default)
model_A_household_region_fe,A2_common_comparison_sample,waz,A2_common_sample,country_admin_region_nigeria::15,-0.015807276606851633,0.09951181552004863,-0.21084685106234094,0.17923229784863767,0.8737884424372414,36308,4426,114,model_specific_equal_total_country_weight,cluster_robust_country_psu,baseline cluster-robust SE (statsmodels default)
model_A_household_region_fe,A2_common_comparison_sample,waz,A2_common_sample,country_admin_region_nigeria::16,-0.42468895087525455,0.10751268784356499,-0.6354099469297392,-0.21396795482076988,7.810919075074747e-05,36308,4426,114,model_specific_equal_total_country_weight,cluster_robust_country_psu,baseline cluster-robust SE (statsmodels default)
model_A_household_region_fe,A2_common_comparison_sample,waz,A2_common_sample,country_admin_region_nigeria::17,-0.10027489780469608,0.10988408539294801,-0.315643747648998,0.11509395203960586,0.3614784201368112,36308,4426,114,model_specific_equal_total_country_weight,cluster_robust_country_psu,baseline cluster-robust SE (statsmodels default)
model_A_household_region_fe,A2_common_comparison_sample,waz,A2_common_sample,country_admin_region_nigeria::18,-0.3171770210269189,0.10499208972512941,-0.5229577355497704,-0.1113963065040674,0.002519737122436493,36308,4426,114,model_specific_equal_total_country_weight,cluster_robust_country_psu,baseline cluster-robust SE (statsmodels default)
model_A_household_region_fe,A2_common_comparison_sample,waz,A2_common_sample,country_admin_region_nigeria::19,-0.34846218799023826,0.08125754003314858,-0.5077240399275311,-0.1892003360529454,1.7999117557388952e-05,36308,4426,114,model_specific_equal_total_country_weight,cluster_robust_country_psu,baseline cluster-robust SE (statsmodels default)
model_A_household_region_fe,A2_common_comparison_sample,waz,A2_common_sample,country_admin_region_nigeria::20,-0.5511217999843041,0.14229466736902632,-0.8300142232197025,-0.2722293767489057,0.00010745870559983667,36308,4426,114,model_specific_equal_total_country_weight,cluster_robust_country_psu,baseline cluster-robust SE (statsmodels default)
model_A_household_region_fe,A2_common_comparison_sample,waz,A2_common_sample,country_admin_region_nigeria::21,0.034108211307196545,0.14242439384530461,-0.24503847114954863,0.3132548937639417,0.810731130404271,36308,4426,114,model_specific_equal_total_country_weight,cluster_robust_country_psu,baseline cluster-robust SE (statsmodels default)
model_A_household_region_fe,A2_common_comparison_sample,waz,A2_common_sample,country_admin_region_nigeria::22,0.0736473898370277,0.11457641258745109,-0.15091825231217815,0.29821303198623356,0.5203670699487087,36308,4426,114,model_specific_equal_total_country_weight,cluster_robust_country_psu,baseline cluster-robust SE (statsmodels default)
model_A_household_region_fe,A2_common_comparison_sample,waz,A2_common_sample,country_admin_region_nigeria::23,0.01737532202905653,0.08757596002615013,-0.15427040553371718,0.18902104959183025,0.8427298702064858,36308,4426,114,model_specific_equal_total_country_weight,cluster_robust_country_psu,baseline cluster-robust SE (statsmodels default)
model_A_household_region_fe,A2_common_comparison_sample,waz,A2_common_sample,country_admin_region_nigeria::24,0.3905201455040199,0.09551842680201687,0.20330746911214143,0.5777328218958984,4.343075770570218e-05,36308,4426,114,model_specific_equal_total_country_weight,cluster_robust_country_psu,baseline cluster-robust SE (statsmodels default)
model_A_household_region_fe,A2_common_comparison_sample,waz,A2_common_sample,country_admin_region_nigeria::25,-0.005968535111526618,0.10105494473607543,-0.20403258725391998,0.19209551703086675,0.9529025049681479,36308,4426,114,model_specific_equal_total_country_weight,cluster_robust_country_psu,baseline cluster-robust SE (statsmodels default)
model_A_household_region_fe,A2_common_comparison_sample,waz,A2_common_sample,country_admin_region_nigeria::26,-0.2558911755604659,0.11797028593303767,-0.4871086872351119,-0.02467366388581993,0.03007391634315378,36308,4426,114,model_specific_equal_total_country_weight,cluster_robust_country_psu,baseline cluster-robust SE (statsmodels default)
model_A_household_region_fe,A2_common_comparison_sample,waz,A2_common_sample,country_admin_region_nigeria::27,-0.11381924336974825,0.12306780546451077,-0.355027709736571,0.1273892229970745,0.35504400783689394,36308,4426,114,model_specific_equal_total_country_weight,cluster_robust_country_psu,baseline cluster-robust SE (statsmodels default)
model_A_household_region_fe,A2_common_comparison_sample,waz,A2_common_sample,country_admin_region_nigeria::28,-0.0241426761451585,0.12110279899412124,-0.2614998006006296,0.2132144483103126,0.8419835883298774,36308,4426,114,model_specific_equal_total_country_weight,cluster_robust_country_psu,baseline cluster-robust SE (statsmodels default)
model_A_household_region_fe,A2_common_comparison_sample,waz,A2_common_sample,country_admin_region_nigeria::29,-0.1223451850177687,0.10794542599171768,-0.3339143322573692,0.08922396222183179,0.257046939389298,36308,4426,114,model_specific_equal_total_country_weight,cluster_robust_country_psu,baseline cluster-robust SE (statsmodels default)
model_A_household_region_fe,A2_common_comparison_sample,waz,A2_common_sample,country_admin_region_nigeria::30,0.0191673625868077,0.11527436045439833,-0.20676623224470128,0.2451009574183167,0.8679397316730884,36308,4426,114,model_specific_equal_total_country_weight,cluster_robust_country_psu,baseline cluster-robust SE (statsmodels default)
model_A_household_region_fe,A2_common_comparison_sample,waz,A2_common_sample,country_admin_region_nigeria::31,0.008599952539802058,0.09341396191625306,-0.17448804846925015,0.19168795354885426,0.9266481301864353,36308,4426,114,model_specific_equal_total_country_weight,cluster_robust_country_psu,baseline cluster-robust SE (statsmodels default)
model_A_household_region_fe,A2_common_comparison_sample,waz,A2_common_sample,country_admin_region_nigeria::32,0.07073101615526729,0.1301269587574655,-0.18431313642709407,0.32577516873762863,0.5867484892513872,36308,4426,114,model_specific_equal_total_country_weight,cluster_robust_country_psu,baseline cluster-robust SE (statsmodels default)
model_A_household_region_fe,A2_common_comparison_sample,waz,A2_common_sample,country_admin_region_nigeria::33,-0.050423071667060726,0.15402974792843893,-0.352315830154584,0.25146968682046256,0.7433961400127509,36308,4426,114,model_specific_equal_total_country_weight,cluster_robust_country_psu,baseline cluster-robust SE (statsmodels default)
model_A_household_region_fe,A2_common_comparison_sample,waz,A2_common_sample,country_admin_region_nigeria::34,-0.2056028753106145,0.13492298204283623,-0.470047060801318,0.05884131018008898,0.12754528025240328,36308,4426,114,model_specific_equal_total_country_weight,cluster_robust_country_psu,baseline cluster-robust SE (statsmodels default)
model_A_household_region_fe,A2_common_comparison_sample,waz,A2_common_sample,country_admin_region_nigeria::35,-0.16384639511242377,0.1312524263094497,-0.4210964235624426,0.09340363333759505,0.2119100821910178,36308,4426,114,model_specific_equal_total_country_weight,cluster_robust_country_psu,baseline cluster-robust SE (statsmodels default)
model_A_household_region_fe,A2_common_comparison_sample,waz,A2_common_sample,country_admin_region_nigeria::36,-0.3009712701827563,0.12999753816895737,-0.5557617630727838,-0.04618077729272885,0.020601581183887017,36308,4426,114,model_specific_equal_total_country_weight,cluster_robust_country_psu,baseline cluster-robust SE (statsmodels default)
model_A_household_region_fe,A2_common_comparison_sample,waz,A2_common_sample,country_admin_region_nigeria::37,-0.2952751880416392,0.10222928283049165,-0.49564090055476173,-0.09490947552851667,0.003872537656158915,36308,4426,114,model_specific_equal_total_country_weight,cluster_robust_country_psu,baseline cluster-robust SE (statsmodels default)
model_A_household_region_fe,A1_household_natural_sample,whz,A1_natural_sample,const,-0.3618963713874738,0.1041857721891039,-0.5660967325796122,-0.1576960101953354,0.0005135870752990317,36145,4426,114,model_specific_equal_total_country_weight,cluster_robust_country_psu,baseline cluster-robust SE (statsmodels default)
model_A_household_region_fe,A1_household_natural_sample,whz,A1_natural_sample,_water_hh_binary,0.05038265105420596,0.03330994441910972,-0.014903640334280058,0.11566894244269198,0.13039633324817887,36145,4426,114,model_specific_equal_total_country_weight,cluster_robust_country_psu,baseline cluster-robust SE (statsmodels default)
model_A_household_region_fe,A1_household_natural_sample,whz,A1_natural_sample,_sani_hh_binary,0.04576958792338561,0.029120073696226434,-0.01130470774837037,0.1028438835951416,0.11600764836321262,36145,4426,114,model_specific_equal_total_country_weight,cluster_robust_country_psu,baseline cluster-robust SE (statsmodels default)
model_A_household_region_fe,A1_household_natural_sample,whz,A1_natural_sample,b19_raw,-0.004030911710233371,0.0006566797126283957,-0.005317980296363139,-0.002743843124103603,8.339754166464103e-10,36145,4426,114,model_specific_equal_total_country_weight,cluster_robust_country_psu,baseline cluster-robust SE (statsmodels default)
model_A_household_region_fe,A1_household_natural_sample,whz,A1_natural_sample,birth_order_raw,-0.0016410097605105236,0.00841197387243035,-0.01812817558936594,0.014846156068344893,0.8453301428781713,36145,4426,114,model_specific_equal_total_country_weight,cluster_robust_country_psu,baseline cluster-robust SE (statsmodels default)
model_A_household_region_fe,A1_household_natural_sample,whz,A1_natural_sample,maternal_age,0.0002465677319977797,0.002630803278984582,-0.004909711945221881,0.005402847409217441,0.9253289105811366,36145,4426,114,model_specific_equal_total_country_weight,cluster_robust_country_psu,baseline cluster-robust SE (statsmodels default)
model_A_household_region_fe,A1_household_natural_sample,whz,A1_natural_sample,household_size_raw,0.0012533939864025842,0.004191471662027032,-0.00696173951339064,0.009468527486195808,0.7649138396997721,36145,4426,114,model_specific_equal_total_country_weight,cluster_robust_country_psu,baseline cluster-robust SE (statsmodels default)
model_A_household_region_fe,A1_household_natural_sample,whz,A1_natural_sample,child_sex_Female,0.03761627201264863,0.019449195341619756,-0.0005034503852102828,0.07573599441050755,0.05310346769835768,36145,4426,114,model_specific_equal_total_country_weight,cluster_robust_country_psu,baseline cluster-robust SE (statsmodels default)
model_A_household_region_fe,A1_household_natural_sample,whz,A1_natural_sample,maternal_education_Higher,0.16038031912401296,0.06038345557566758,0.042030920933630186,0.2787297173143957,0.007906638755404519,36145,4426,114,model_specific_equal_total_country_weight,cluster_robust_country_psu,baseline cluster-robust SE (statsmodels default)
model_A_household_region_fe,A1_household_natural_sample,whz,A1_natural_sample,maternal_education_Primary,0.0739250945610782,0.04480111050519134,-0.013883468496495896,0.16173365761865227,0.09892804396278462,36145,4426,114,model_specific_equal_total_country_weight,cluster_robust_country_psu,baseline cluster-robust SE (statsmodels default)
model_A_household_region_fe,A1_household_natural_sample,whz,A1_natural_sample,maternal_education_Secondary,0.07109756698269643,0.05084479378237039,-0.028556397632115607,0.17075153159750844,0.1620153715125605,36145,4426,114,model_specific_equal_total_country_weight,cluster_robust_country_psu,baseline cluster-robust SE (statsmodels default)
model_A_household_region_fe,A1_household_natural_sample,whz,A1_natural_sample,literacy_Able to read only parts of sentence,-0.00580676778836444,0.04653475417893829,-0.09701321000850827,0.0853996744317794,0.9006949794636849,36145,4426,114,model_specific_equal_total_country_weight,cluster_robust_country_psu,baseline cluster-robust SE (statsmodels default)
model_A_household_region_fe,A1_household_natural_sample,whz,A1_natural_sample,literacy_Able to read whole sentence,0.014886120724298927,0.047052820999685274,-0.07733571380609415,0.10710795525469201,0.7517213664964543,36145,4426,114,model_specific_equal_total_country_weight,cluster_robust_country_psu,baseline cluster-robust SE (statsmodels default)
model_A_household_region_fe,A1_household_natural_sample,whz,A1_natural_sample,literacy_Blind/visually impaired,-0.039747961337295655,0.23857605339816718,-0.5073484335714081,0.4278525108968168,0.867680865984692,36145,4426,114,model_specific_equal_total_country_weight,cluster_robust_country_psu,baseline cluster-robust SE (statsmodels default)
model_A_household_region_fe,A1_household_natural_sample,whz,A1_natural_sample,literacy_No card with required language,0.5343484243893342,0.285804202055167,-0.025817518269001583,1.0945143670476698,0.06153506356662775,36145,4426,114,model_specific_equal_total_country_weight,cluster_robust_country_psu,baseline cluster-robust SE (statsmodels default)
model_A_household_region_fe,A1_household_natural_sample,whz,A1_natural_sample,wealth_quintile_Middle,0.060260406358619074,0.046281749550028665,-0.03045015590093996,0.1509709686181781,0.19290480100537233,36145,4426,114,model_specific_equal_total_country_weight,cluster_robust_country_psu,baseline cluster-robust SE (statsmodels default)
model_A_household_region_fe,A1_household_natural_sample,whz,A1_natural_sample,wealth_quintile_Poorer,0.048462733275522404,0.035764999974837806,-0.02163537858223563,0.11856084513328044,0.175407238703988,36145,4426,114,model_specific_equal_total_country_weight,cluster_robust_country_psu,baseline cluster-robust SE (statsmodels default)
model_A_household_region_fe,A1_household_natural_sample,whz,A1_natural_sample,wealth_quintile_Richer,0.03703078234475325,0.05416366184146766,-0.06912804413532979,0.14318960882483628,0.4941752728211991,36145,4426,114,model_specific_equal_total_country_weight,cluster_robust_country_psu,baseline cluster-robust SE (statsmodels default)
model_A_household_region_fe,A1_household_natural_sample,whz,A1_natural_sample,wealth_quintile_Richest,0.12012768017808226,0.07067238971533765,-0.018387658365358467,0.25864301872152295,0.08917187396595397,36145,4426,114,model_specific_equal_total_country_weight,cluster_robust_country_psu,baseline cluster-robust SE (statsmodels default)
model_A_household_region_fe,A1_household_natural_sample,whz,A1_natural_sample,residence_Urban,-0.02461423596995744,0.035722654511155076,-0.09462935224398869,0.045400880304073805,0.4907998909733876,36145,4426,114,model_specific_equal_total_country_weight,cluster_robust_country_psu,baseline cluster-robust SE (statsmodels default)
model_A_household_region_fe,A1_household_natural_sample,whz,A1_natural_sample,country_admin_region_ethiopia::02,-0.4118969502974724,0.09566946596047932,-0.5994056580001925,-0.22438824259475232,1.6667143345620308e-05,36145,4426,114,model_specific_equal_total_country_weight,cluster_robust_country_psu,baseline cluster-robust SE (statsmodels default)
model_A_household_region_fe,A1_household_natural_sample,whz,A1_natural_sample,country_admin_region_ethiopia::03,0.06605922605277653,0.08373459764756,-0.09805756959639339,0.23017602170194645,0.4301634614443246,36145,4426,114,model_specific_equal_total_country_weight,cluster_robust_country_psu,baseline cluster-robust SE (statsmodels default)
model_A_household_region_fe,A1_household_natural_sample,whz,A1_natural_sample,country_admin_region_ethiopia::04,0.29730344676932463,0.10585100736121154,0.08983928461406587,0.5047676089245834,0.004974238025503556,36145,4426,114,model_specific_equal_total_country_weight,cluster_robust_country_psu,baseline cluster-robust SE (statsmodels default)
model_A_household_region_fe,A1_household_natural_sample,whz,A1_natural_sample,country_admin_region_ethiopia::05,-0.27515628026248334,0.13648041023813437,-0.5426529689244783,-0.007659591600488291,0.04379095623022493,36145,4426,114,model_specific_equal_total_country_weight,cluster_robust_country_psu,baseline cluster-robust SE (statsmodels default)
model_A_household_region_fe,A1_household_natural_sample,whz,A1_natural_sample,country_admin_region_ethiopia::06,0.07777224051277039,0.09224198973791717,-0.10301873723586051,0.2585632182614013,0.39915421621653235,36145,4426,114,model_specific_equal_total_country_weight,cluster_robust_country_psu,baseline cluster-robust SE (statsmodels default)
model_A_household_region_fe,A1_household_natural_sample,whz,A1_natural_sample,country_admin_region_ethiopia::07,0.4594364914550395,0.1062680570206176,0.25115492698758013,0.6677180559224989,1.5366132830877524e-05,36145,4426,114,model_specific_equal_total_country_weight,cluster_robust_country_psu,baseline cluster-robust SE (statsmodels default)
model_A_household_region_fe,A1_household_natural_sample,whz,A1_natural_sample,country_admin_region_ethiopia::08,0.3395029147391954,0.10009438672289192,0.1433215217077031,0.5356843077706878,0.0006942808151784533,36145,4426,114,model_specific_equal_total_country_weight,cluster_robust_country_psu,baseline cluster-robust SE (statsmodels default)
model_A_household_region_fe,A1_household_natural_sample,whz,A1_natural_sample,country_admin_region_ethiopia::09,0.41253779621317727,0.09433945086580939,0.22763587019490483,0.5974397222314497,1.2260206076472269e-05,36145,4426,114,model_specific_equal_total_country_weight,cluster_robust_country_psu,baseline cluster-robust SE (statsmodels default)
model_A_household_region_fe,A1_household_natural_sample,whz,A1_natural_sample,country_admin_region_ethiopia::10,0.43526915383973724,0.11548392949913759,0.20892481122826484,0.6616134964512097,0.00016384477204052056,36145,4426,114,model_specific_equal_total_country_weight,cluster_robust_country_psu,baseline cluster-robust SE (statsmodels default)
model_A_household_region_fe,A1_household_natural_sample,whz,A1_natural_sample,country_admin_region_ethiopia::12,-0.4018821418809679,0.1272426218500114,-0.6512730980054395,-0.1524911857564962,0.0015864180930616001,36145,4426,114,model_specific_equal_total_country_weight,cluster_robust_country_psu,baseline cluster-robust SE (statsmodels default)
model_A_household_region_fe,A1_household_natural_sample,whz,A1_natural_sample,country_admin_region_ethiopia::13,0.21891948788351584,0.09831516711974495,0.026225301194779227,0.41161367457225245,0.025966578608636017,36145,4426,114,model_specific_equal_total_country_weight,cluster_robust_country_psu,baseline cluster-robust SE (statsmodels default)
model_A_household_region_fe,A1_household_natural_sample,whz,A1_natural_sample,country_admin_region_ethiopia::14,0.2649634055672845,0.10469922108206622,0.05975670303703795,0.470170108097531,0.011383179735995768,36145,4426,114,model_specific_equal_total_country_weight,cluster_robust_country_psu,baseline cluster-robust SE (statsmodels default)
model_A_household_region_fe,A1_household_natural_sample,whz,A1_natural_sample,country_admin_region_ethiopia::15,-0.08642573683196518,0.11019533302762592,-0.3024046208305091,0.12955314716657873,0.43286656356517395,36145,4426,114,model_specific_equal_total_country_weight,cluster_robust_country_psu,baseline cluster-robust SE (statsmodels default)
model_A_household_region_fe,A1_household_natural_sample,whz,A1_natural_sample,country_admin_region_ghana::01,-0.16361489699185577,0.10709674332755513,-0.37352065677539414,0.046290862791682624,0.12657961317470656,36145,4426,114,model_specific_equal_total_country_weight,cluster_robust_country_psu,baseline cluster-robust SE (statsmodels default)
model_A_household_region_fe,A1_household_natural_sample,whz,A1_natural_sample,country_admin_region_ghana::02,-0.21660275981290533,0.11391461940463242,-0.4398713111585725,0.006665791532761783,0.05724331773356426,36145,4426,114,model_specific_equal_total_country_weight,cluster_robust_country_psu,baseline cluster-robust SE (statsmodels default)
model_A_household_region_fe,A1_household_natural_sample,whz,A1_natural_sample,country_admin_region_ghana::03,-0.05058212403295853,0.12329692846007761,-0.2922396632191222,0.19107541515320517,0.6816251888191986,36145,4426,114,model_specific_equal_total_country_weight,cluster_robust_country_psu,baseline cluster-robust SE (statsmodels default)
model_A_household_region_fe,A1_household_natural_sample,whz,A1_natural_sample,country_admin_region_ghana::04,-0.28129715151868523,0.11999447573413115,-0.5164820023013478,-0.04611230073602271,0.019065343855224744,36145,4426,114,model_specific_equal_total_country_weight,cluster_robust_country_psu,baseline cluster-robust SE (statsmodels default)
model_A_household_region_fe,A1_household_natural_sample,whz,A1_natural_sample,country_admin_region_ghana::05,-0.11367902314052991,0.09262823459233059,-0.29522702689302505,0.06786898061196522,0.21972449536996852,36145,4426,114,model_specific_equal_total_country_weight,cluster_robust_country_psu,baseline cluster-robust SE (statsmodels default)
model_A_household_region_fe,A1_household_natural_sample,whz,A1_natural_sample,country_admin_region_ghana::06,-0.20383680341916652,0.10014944339236274,-0.4001261055399304,-0.007547501298402648,0.04181804417877608,36145,4426,114,model_specific_equal_total_country_weight,cluster_robust_country_psu,baseline cluster-robust SE (statsmodels default)
model_A_household_region_fe,A1_household_natural_sample,whz,A1_natural_sample,country_admin_region_ghana::07,0.030145509066668966,0.10581836887543765,-0.17725468283196305,0.23754570096530098,0.7757362807604309,36145,4426,114,model_specific_equal_total_country_weight,cluster_robust_country_psu,baseline cluster-robust SE (statsmodels default)
model_A_household_region_fe,A1_household_natural_sample,whz,A1_natural_sample,country_admin_region_ghana::08,0.1308232515455186,0.11015610161976869,-0.08507874030656234,0.3467252433975996,0.23498436357562136,36145,4426,114,model_specific_equal_total_country_weight,cluster_robust_country_psu,baseline cluster-robust SE (statsmodels default)
model_A_household_region_fe,A1_household_natural_sample,whz,A1_natural_sample,country_admin_region_ghana::09,-0.024238440288180826,0.12365020700740577,-0.26658839270361834,0.2181115121272567,0.8445911778662216,36145,4426,114,model_specific_equal_total_country_weight,cluster_robust_country_psu,baseline cluster-robust SE (statsmodels default)
model_A_household_region_fe,A1_household_natural_sample,whz,A1_natural_sample,country_admin_region_ghana::10,-0.09355553669991594,0.10427913580538657,-0.29793888721743483,0.11082781381760294,0.36963115557956394,36145,4426,114,model_specific_equal_total_country_weight,cluster_robust_country_psu,baseline cluster-robust SE (statsmodels default)
model_A_household_region_fe,A1_household_natural_sample,whz,A1_natural_sample,country_admin_region_ghana::11,-0.13674566553334136,0.10657044579971447,-0.3456199011171596,0.0721285700504769,0.19944019324964546,36145,4426,114,model_specific_equal_total_country_weight,cluster_robust_country_psu,baseline cluster-robust SE (statsmodels default)
model_A_household_region_fe,A1_household_natural_sample,whz,A1_natural_sample,country_admin_region_ghana::12,-0.20950320255846225,0.09188247203736888,-0.38958953856221384,-0.029416866554710652,0.02260048173779354,36145,4426,114,model_specific_equal_total_country_weight,cluster_robust_country_psu,baseline cluster-robust SE (statsmodels default)
model_A_household_region_fe,A1_household_natural_sample,whz,A1_natural_sample,country_admin_region_ghana::13,0.01381025929662388,0.10671530907610717,-0.19534790309160652,0.22296842168485428,0.8970315215276976,36145,4426,114,model_specific_equal_total_country_weight,cluster_robust_country_psu,baseline cluster-robust SE (statsmodels default)
model_A_household_region_fe,A1_household_natural_sample,whz,A1_natural_sample,country_admin_region_ghana::14,-0.24594435046869828,0.0909528277098921,-0.42420861707216345,-0.06768008386523311,0.006849237315310325,36145,4426,114,model_specific_equal_total_country_weight,cluster_robust_country_psu,baseline cluster-robust SE (statsmodels default)
model_A_household_region_fe,A1_household_natural_sample,whz,A1_natural_sample,country_admin_region_ghana::15,-0.03905846887689921,0.0844869501714026,-0.20464984837647845,0.12653291062268004,0.6438649112364015,36145,4426,114,model_specific_equal_total_country_weight,cluster_robust_country_psu,baseline cluster-robust SE (statsmodels default)
model_A_household_region_fe,A1_household_natural_sample,whz,A1_natural_sample,country_admin_region_ghana::16,-0.09642627560141348,0.09725365829207014,-0.28703994321863613,0.09418739201580917,0.321445138690723,36145,4426,114,model_specific_equal_total_country_weight,cluster_robust_country_psu,baseline cluster-robust SE (statsmodels default)
model_A_household_region_fe,A1_household_natural_sample,whz,A1_natural_sample,country_admin_region_kenya::01,-0.07610040581230401,0.1082974295483253,-0.28835946734528545,0.13615865572067742,0.4822438669120752,36145,4426,114,model_specific_equal_total_country_weight,cluster_robust_country_psu,baseline cluster-robust SE (statsmodels default)
model_A_household_region_fe,A1_household_natural_sample,whz,A1_natural_sample,country_admin_region_kenya::02,-0.011595447805528184,0.10076836655643515,-0.20909781703707153,0.18590692142601517,0.9083893878016411,36145,4426,114,model_specific_equal_total_country_weight,cluster_robust_country_psu,baseline cluster-robust SE (statsmodels default)
model_A_household_region_fe,A1_household_natural_sample,whz,A1_natural_sample,country_admin_region_kenya::03,-0.012335171097641175,0.10379618512311009,-0.2157719556715891,0.19110161347630675,0.9054018700558972,36145,4426,114,model_specific_equal_total_country_weight,cluster_robust_country_psu,baseline cluster-robust SE (statsmodels default)
model_A_household_region_fe,A1_household_natural_sample,whz,A1_natural_sample,country_admin_region_kenya::04,-0.27363526448690323,0.11076049662830748,-0.49072184878815595,-0.056548680185650485,0.01349193547773677,36145,4426,114,model_specific_equal_total_country_weight,cluster_robust_country_psu,baseline cluster-robust SE (statsmodels default)
model_A_household_region_fe,A1_household_natural_sample,whz,A1_natural_sample,country_admin_region_kenya::05,-0.033032643658761005,0.08867048235937852,-0.20682359557493712,0.1407583082574151,0.709496358609905,36145,4426,114,model_specific_equal_total_country_weight,cluster_robust_country_psu,baseline cluster-robust SE (statsmodels default)
model_A_household_region_fe,A1_household_natural_sample,whz,A1_natural_sample,country_admin_region_kenya::06,-0.0012766404608664365,0.10549387393765033,-0.20804083396826972,0.20548755304653687,0.99034458766453,36145,4426,114,model_specific_equal_total_country_weight,cluster_robust_country_psu,baseline cluster-robust SE (statsmodels default)
model_A_household_region_fe,A1_household_natural_sample,whz,A1_natural_sample,country_admin_region_kenya::07,-0.5206454496381038,0.11257292617488718,-0.741284330575169,-0.3000065687010386,3.7466798529489266e-06,36145,4426,114,model_specific_equal_total_country_weight,cluster_robust_country_psu,baseline cluster-robust SE (statsmodels default)
model_A_household_region_fe,A1_household_natural_sample,whz,A1_natural_sample,country_admin_region_kenya::08,-0.8271302665417991,0.10691750762499609,-1.036684730803578,-0.6175758022800202,1.0246961706178322e-14,36145,4426,114,model_specific_equal_total_country_weight,cluster_robust_country_psu,baseline cluster-robust SE (statsmodels default)
model_A_household_region_fe,A1_household_natural_sample,whz,A1_natural_sample,country_admin_region_kenya::09,-0.7124625579098071,0.0917247139270403,-0.8922396936990455,-0.5326854221205686,8.011343875061933e-15,36145,4426,114,model_specific_equal_total_country_weight,cluster_robust_country_psu,baseline cluster-robust SE (statsmodels default)
model_A_household_region_fe,A1_household_natural_sample,whz,A1_natural_sample,country_admin_region_kenya::10,-0.792416027596557,0.11626760917374732,-1.0202963541456807,-0.5645357010474336,9.396943040943467e-12,36145,4426,114,model_specific_equal_total_country_weight,cluster_robust_country_psu,baseline cluster-robust SE (statsmodels default)
model_A_household_region_fe,A1_household_natural_sample,whz,A1_natural_sample,country_admin_region_kenya::11,-0.35020507290449804,0.10598976543834798,-0.5579411958935083,-0.1424689499154878,0.0009526808601263492,36145,4426,114,model_specific_equal_total_country_weight,cluster_robust_country_psu,baseline cluster-robust SE (statsmodels default)
model_A_household_region_fe,A1_household_natural_sample,whz,A1_natural_sample,country_admin_region_kenya::12,0.12122743157854762,0.1353066446596252,-0.14396871882327658,0.38642358198037186,0.3702816656416934,36145,4426,114,model_specific_equal_total_country_weight,cluster_robust_country_psu,baseline cluster-robust SE (statsmodels default)
model_A_household_region_fe,A1_household_natural_sample,whz,A1_natural_sample,country_admin_region_kenya::13,0.15627551467132905,0.10189353359145084,-0.04343214142543678,0.3559831707680949,0.12510008675806084,36145,4426,114,model_specific_equal_total_country_weight,cluster_robust_country_psu,baseline cluster-robust SE (statsmodels default)
model_A_household_region_fe,A1_household_natural_sample,whz,A1_natural_sample,country_admin_region_kenya::14,0.015252523726493978,0.11499059057504939,-0.21012489236159382,0.24062993981458175,0.8944769148962788,36145,4426,114,model_specific_equal_total_country_weight,cluster_robust_country_psu,baseline cluster-robust SE (statsmodels default)
model_A_household_region_fe,A1_household_natural_sample,whz,A1_natural_sample,country_admin_region_kenya::15,-0.03399588547497395,0.1173974718825926,-0.26409070224090914,0.1960989312909612,0.7721380545066058,36145,4426,114,model_specific_equal_total_country_weight,cluster_robust_country_psu,baseline cluster-robust SE (statsmodels default)
model_A_household_region_fe,A1_household_natural_sample,whz,A1_natural_sample,country_admin_region_kenya::16,0.10659953214309147,0.09621454157612423,-0.08197750413514367,0.2951765684213266,0.26788955638343936,36145,4426,114,model_specific_equal_total_country_weight,cluster_robust_country_psu,baseline cluster-robust SE (statsmodels default)
model_A_household_region_fe,A1_household_natural_sample,whz,A1_natural_sample,country_admin_region_kenya::17,0.1373654352993342,0.12000761376620983,-0.09784516555303024,0.37257603615169865,0.2523585906914141,36145,4426,114,model_specific_equal_total_country_weight,cluster_robust_country_psu,baseline cluster-robust SE (statsmodels default)
model_A_household_region_fe,A1_household_natural_sample,whz,A1_natural_sample,country_admin_region_kenya::18,0.45568086383051787,0.10482775189598713,0.25022224553408273,0.661139482126953,1.3804446560006945e-05,36145,4426,114,model_specific_equal_total_country_weight,cluster_robust_country_psu,baseline cluster-robust SE (statsmodels default)
model_A_household_region_fe,A1_household_natural_sample,whz,A1_natural_sample,country_admin_region_kenya::19,0.48780910783622095,0.1159072319118043,0.2606351077413529,0.714983107931089,2.569388580168414e-05,36145,4426,114,model_specific_equal_total_country_weight,cluster_robust_country_psu,baseline cluster-robust SE (statsmodels default)
model_A_household_region_fe,A1_household_natural_sample,whz,A1_natural_sample,country_admin_region_kenya::20,0.22851882832784084,0.10610204914809611,0.02056263331167374,0.43647502334400795,0.0312586439037287,36145,4426,114,model_specific_equal_total_country_weight,cluster_robust_country_psu,baseline cluster-robust SE (statsmodels default)
model_A_household_region_fe,A1_household_natural_sample,whz,A1_natural_sample,country_admin_region_kenya::21,0.19971216794380817,0.0992548656834871,0.005176205913812931,0.39424812997380343,0.04420785417822449,36145,4426,114,model_specific_equal_total_country_weight,cluster_robust_country_psu,baseline cluster-robust SE (statsmodels default)
model_A_household_region_fe,A1_household_natural_sample,whz,A1_natural_sample,country_admin_region_kenya::22,0.37332477298995376,0.10635773320476867,0.16486744643128734,0.5817820995486201,0.000447962058769248,36145,4426,114,model_specific_equal_total_country_weight,cluster_robust_country_psu,baseline cluster-robust SE (statsmodels default)
model_A_household_region_fe,A1_household_natural_sample,whz,A1_natural_sample,country_admin_region_kenya::23,-0.7806533657999252,0.1088461736033226,-0.9939879459174318,-0.5673187856824186,7.38672436969127e-13,36145,4426,114,model_specific_equal_total_country_weight,cluster_robust_country_psu,baseline cluster-robust SE (statsmodels default)
model_A_household_region_fe,A1_household_natural_sample,whz,A1_natural_sample,country_admin_region_kenya::24,-0.41352968366679693,0.08764934245815402,-0.5853192381533963,-0.24174012918019763,2.3817334662564566e-06,36145,4426,114,model_specific_equal_total_country_weight,cluster_robust_country_psu,baseline cluster-robust SE (statsmodels default)
model_A_household_region_fe,A1_household_natural_sample,whz,A1_natural_sample,country_admin_region_kenya::25,-0.5298163042414369,0.0948922486301488,-0.7158016939685488,-0.34383091451432496,2.359340198138037e-08,36145,4426,114,model_specific_equal_total_country_weight,cluster_robust_country_psu,baseline cluster-robust SE (statsmodels default)
model_A_household_region_fe,A1_household_natural_sample,whz,A1_natural_sample,country_admin_region_kenya::26,0.06938768402539004,0.08980884992688601,-0.10663442732426921,0.2454097953750493,0.4397501363969638,36145,4426,114,model_specific_equal_total_country_weight,cluster_robust_country_psu,baseline cluster-robust SE (statsmodels default)
model_A_household_region_fe,A1_household_natural_sample,whz,A1_natural_sample,country_admin_region_kenya::27,0.08151737349584132,0.10180878058013529,-0.11802416975116473,0.28105891674284733,0.4233105588630609,36145,4426,114,model_specific_equal_total_country_weight,cluster_robust_country_psu,baseline cluster-robust SE (statsmodels default)
model_A_household_region_fe,A1_household_natural_sample,whz,A1_natural_sample,country_admin_region_kenya::28,-0.10780204916262033,0.11695994384674764,-0.33703932673607284,0.12143522841083217,0.35668477313181846,36145,4426,114,model_specific_equal_total_country_weight,cluster_robust_country_psu,baseline cluster-robust SE (statsmodels default)
model_A_household_region_fe,A1_household_natural_sample,whz,A1_natural_sample,country_admin_region_kenya::29,0.09141049368504184,0.1092218236112152,-0.12266034691872646,0.30548133428881014,0.4026346292694353,36145,4426,114,model_specific_equal_total_country_weight,cluster_robust_country_psu,baseline cluster-robust SE (statsmodels default)
model_A_household_region_fe,A1_household_natural_sample,whz,A1_natural_sample,country_admin_region_kenya::30,-0.4722080292488152,0.1384494787134422,-0.7435640212055068,-0.20085203729212364,0.0006479910234107207,36145,4426,114,model_specific_equal_total_country_weight,cluster_robust_country_psu,baseline cluster-robust SE (statsmodels default)
model_A_household_region_fe,A1_household_natural_sample,whz,A1_natural_sample,country_admin_region_kenya::31,0.11480902020244696,0.09405711774959812,-0.06953954307640842,0.29915758348130234,0.2222258178357861,36145,4426,114,model_specific_equal_total_country_weight,cluster_robust_country_psu,baseline cluster-robust SE (statsmodels default)
model_A_household_region_fe,A1_household_natural_sample,whz,A1_natural_sample,country_admin_region_kenya::32,0.1538732288363116,0.08793626682540835,-0.018478687076393108,0.3262251447490163,0.08014821953370153,36145,4426,114,model_specific_equal_total_country_weight,cluster_robust_country_psu,baseline cluster-robust SE (statsmodels default)
model_A_household_region_fe,A1_household_natural_sample,whz,A1_natural_sample,country_admin_region_kenya::33,0.15470909996764667,0.08504999751353808,-0.011985832044109107,0.3214040319794025,0.06890577169991997,36145,4426,114,model_specific_equal_total_country_weight,cluster_robust_country_psu,baseline cluster-robust SE (statsmodels default)
model_A_household_region_fe,A1_household_natural_sample,whz,A1_natural_sample,country_admin_region_kenya::34,0.020149455482935757,0.11987215614216548,-0.2147956533048704,0.25509456427074195,0.8665115262589685,36145,4426,114,model_specific_equal_total_country_weight,cluster_robust_country_psu,baseline cluster-robust SE (statsmodels default)
model_A_household_region_fe,A1_household_natural_sample,whz,A1_natural_sample,country_admin_region_kenya::35,0.12076771735809876,0.08744369961990717,-0.0506187845718581,0.2921542192880556,0.16725094448882982,36145,4426,114,model_specific_equal_total_country_weight,cluster_robust_country_psu,baseline cluster-robust SE (statsmodels default)
model_A_household_region_fe,A1_household_natural_sample,whz,A1_natural_sample,country_admin_region_kenya::36,0.20430447888216918,0.10558993443231703,-0.002647989735117956,0.4112569474994563,0.05300429467925272,36145,4426,114,model_specific_equal_total_country_weight,cluster_robust_country_psu,baseline cluster-robust SE (statsmodels default)
model_A_household_region_fe,A1_household_natural_sample,whz,A1_natural_sample,country_admin_region_kenya::37,0.37560265605814075,0.08869971259313734,0.20175441393653767,0.5494508981797438,2.2901800739111986e-05,36145,4426,114,model_specific_equal_total_country_weight,cluster_robust_country_psu,baseline cluster-robust SE (statsmodels default)
model_A_household_region_fe,A1_household_natural_sample,whz,A1_natural_sample,country_admin_region_kenya::38,0.38129833147932435,0.1002178685560541,0.18487491850208917,0.5777217444565595,0.00014197955197600074,36145,4426,114,model_specific_equal_total_country_weight,cluster_robust_country_psu,baseline cluster-robust SE (statsmodels default)
model_A_household_region_fe,A1_household_natural_sample,whz,A1_natural_sample,country_admin_region_kenya::39,0.24662754343730173,0.09162558345418756,0.06704469980462502,0.42621038706997844,0.0071091278077085665,36145,4426,114,model_specific_equal_total_country_weight,cluster_robust_country_psu,baseline cluster-robust SE (statsmodels default)
model_A_household_region_fe,A1_household_natural_sample,whz,A1_natural_sample,country_admin_region_kenya::40,0.2119162822957432,0.10816542609803984,-8.405722884372024e-05,0.4239166218203301,0.05009090655922127,36145,4426,114,model_specific_equal_total_country_weight,cluster_robust_country_psu,baseline cluster-robust SE (statsmodels default)
model_A_household_region_fe,A1_household_natural_sample,whz,A1_natural_sample,country_admin_region_kenya::41,0.4318040734296101,0.09868843278629734,0.23837829947776543,0.6252298473814547,1.2119477210027457e-05,36145,4426,114,model_specific_equal_total_country_weight,cluster_robust_country_psu,baseline cluster-robust SE (statsmodels default)
model_A_household_region_fe,A1_household_natural_sample,whz,A1_natural_sample,country_admin_region_kenya::42,0.23850034470284615,0.09490386096851475,0.05249219521076068,0.42450849419493164,0.011968451588577617,36145,4426,114,model_specific_equal_total_country_weight,cluster_robust_country_psu,baseline cluster-robust SE (statsmodels default)
model_A_household_region_fe,A1_household_natural_sample,whz,A1_natural_sample,country_admin_region_kenya::43,0.3729166513886494,0.09274881256183631,0.19113231915859405,0.5547009836187047,5.8021476141828756e-05,36145,4426,114,model_specific_equal_total_country_weight,cluster_robust_country_psu,baseline cluster-robust SE (statsmodels default)
model_A_household_region_fe,A1_household_natural_sample,whz,A1_natural_sample,country_admin_region_kenya::44,0.32679861234885144,0.08896733138257494,0.15242584703836445,0.5011713776593384,0.00023949169288857596,36145,4426,114,model_specific_equal_total_country_weight,cluster_robust_country_psu,baseline cluster-robust SE (statsmodels default)
model_A_household_region_fe,A1_household_natural_sample,whz,A1_natural_sample,country_admin_region_kenya::45,0.33954273605289437,0.08589961053295238,0.17118259312229023,0.5079028789834985,7.724667403566864e-05,36145,4426,114,model_specific_equal_total_country_weight,cluster_robust_country_psu,baseline cluster-robust SE (statsmodels default)
model_A_household_region_fe,A1_household_natural_sample,whz,A1_natural_sample,country_admin_region_kenya::46,0.42559749210249526,0.09966231642374969,0.23026294129611113,0.6209320429088794,1.9512676864756046e-05,36145,4426,114,model_specific_equal_total_country_weight,cluster_robust_country_psu,baseline cluster-robust SE (statsmodels default)
model_A_household_region_fe,A1_household_natural_sample,whz,A1_natural_sample,country_admin_region_kenya::47,0.2971731891895943,0.10359014114053842,0.09414024340071803,0.5002061349784706,0.0041211031322488,36145,4426,114,model_specific_equal_total_country_weight,cluster_robust_country_psu,baseline cluster-robust SE (statsmodels default)
model_A_household_region_fe,A1_household_natural_sample,whz,A1_natural_sample,country_admin_region_nigeria::01,-0.257400923273563,0.13240115181574122,-0.5169024123440358,0.002100565796909759,0.051883535306966724,36145,4426,114,model_specific_equal_total_country_weight,cluster_robust_country_psu,baseline cluster-robust SE (statsmodels default)
model_A_household_region_fe,A1_household_natural_sample,whz,A1_natural_sample,country_admin_region_nigeria::02,-0.10606100040773445,0.12760500285290263,-0.3561622102465545,0.14404020943108556,0.4058795908980022,36145,4426,114,model_specific_equal_total_country_weight,cluster_robust_country_psu,baseline cluster-robust SE (statsmodels default)
model_A_household_region_fe,A1_household_natural_sample,whz,A1_natural_sample,country_admin_region_nigeria::03,-0.13808367799628923,0.10378339727487235,-0.3414953988482514,0.06532804285567295,0.18335400538303137,36145,4426,114,model_specific_equal_total_country_weight,cluster_robust_country_psu,baseline cluster-robust SE (statsmodels default)
model_A_household_region_fe,A1_household_natural_sample,whz,A1_natural_sample,country_admin_region_nigeria::04,-0.20051316857662332,0.1352140116027472,-0.46552776152318887,0.06450142436994222,0.1380925100010086,36145,4426,114,model_specific_equal_total_country_weight,cluster_robust_country_psu,baseline cluster-robust SE (statsmodels default)
model_A_household_region_fe,A1_household_natural_sample,whz,A1_natural_sample,country_admin_region_nigeria::05,-0.1931023136856913,0.11529212857265697,-0.4190707333890603,0.03286610601767767,0.09395465780349334,36145,4426,114,model_specific_equal_total_country_weight,cluster_robust_country_psu,baseline cluster-robust SE (statsmodels default)
model_A_household_region_fe,A1_household_natural_sample,whz,A1_natural_sample,country_admin_region_nigeria::06,0.0828885454136054,0.09096776225907982,-0.09540499236839305,0.2611820831956038,0.3621974140884313,36145,4426,114,model_specific_equal_total_country_weight,cluster_robust_country_psu,baseline cluster-robust SE (statsmodels default)
model_A_household_region_fe,A1_household_natural_sample,whz,A1_natural_sample,country_admin_region_nigeria::07,0.06632106754922276,0.1144918631001463,-0.15807886064995436,0.2907209957483999,0.5624107404983374,36145,4426,114,model_specific_equal_total_country_weight,cluster_robust_country_psu,baseline cluster-robust SE (statsmodels default)
model_A_household_region_fe,A1_household_natural_sample,whz,A1_natural_sample,country_admin_region_nigeria::08,-0.08326641013546787,0.12769881655417492,-0.333551491450038,0.16701867117910224,0.5143669132321711,36145,4426,114,model_specific_equal_total_country_weight,cluster_robust_country_psu,baseline cluster-robust SE (statsmodels default)
model_A_household_region_fe,A1_household_natural_sample,whz,A1_natural_sample,country_admin_region_nigeria::09,0.12494986139028619,0.09544590224894917,-0.06212066948958472,0.3120203922701571,0.19049469255167983,36145,4426,114,model_specific_equal_total_country_weight,cluster_robust_country_psu,baseline cluster-robust SE (statsmodels default)
model_A_household_region_fe,A1_household_natural_sample,whz,A1_natural_sample,country_admin_region_nigeria::10,-0.15668728231308307,0.13667022216127409,-0.42455599550826817,0.11118143088210206,0.25160384182055606,36145,4426,114,model_specific_equal_total_country_weight,cluster_robust_country_psu,baseline cluster-robust SE (statsmodels default)
model_A_household_region_fe,A1_household_natural_sample,whz,A1_natural_sample,country_admin_region_nigeria::11,-0.29662748681634193,0.11787539958454048,-0.5276590246653089,-0.06559594896737495,0.01185438971999253,36145,4426,114,model_specific_equal_total_country_weight,cluster_robust_country_psu,baseline cluster-robust SE (statsmodels default)
model_A_household_region_fe,A1_household_natural_sample,whz,A1_natural_sample,country_admin_region_nigeria::12,-0.17863299982486755,0.11566705517092306,-0.40533626215768415,0.048070262507949074,0.12249815860358881,36145,4426,114,model_specific_equal_total_country_weight,cluster_robust_country_psu,baseline cluster-robust SE (statsmodels default)
model_A_household_region_fe,A1_household_natural_sample,whz,A1_natural_sample,country_admin_region_nigeria::13,-0.27828165987382775,0.10042013601438506,-0.47510150978463606,-0.08146180996301944,0.005585458806372958,36145,4426,114,model_specific_equal_total_country_weight,cluster_robust_country_psu,baseline cluster-robust SE (statsmodels default)
model_A_household_region_fe,A1_household_natural_sample,whz,A1_natural_sample,country_admin_region_nigeria::14,-0.34333451099513557,0.11153496896440523,-0.5619390331821625,-0.12472998880810862,0.0020820767068441574,36145,4426,114,model_specific_equal_total_country_weight,cluster_robust_country_psu,baseline cluster-robust SE (statsmodels default)
model_A_household_region_fe,A1_household_natural_sample,whz,A1_natural_sample,country_admin_region_nigeria::15,0.04024115299761048,0.10187101370760598,-0.15942236493788342,0.23990467093310436,0.692827655849665,36145,4426,114,model_specific_equal_total_country_weight,cluster_robust_country_psu,baseline cluster-robust SE (statsmodels default)
model_A_household_region_fe,A1_household_natural_sample,whz,A1_natural_sample,country_admin_region_nigeria::16,-0.2503758440489524,0.10753685975935624,-0.4611442161878253,-0.039607471910079545,0.019897277986862343,36145,4426,114,model_specific_equal_total_country_weight,cluster_robust_country_psu,baseline cluster-robust SE (statsmodels default)
model_A_household_region_fe,A1_household_natural_sample,whz,A1_natural_sample,country_admin_region_nigeria::17,0.24557006640034393,0.15930511479870627,-0.0666622211581391,0.5578023539588269,0.12319326228627406,36145,4426,114,model_specific_equal_total_country_weight,cluster_robust_country_psu,baseline cluster-robust SE (statsmodels default)
model_A_household_region_fe,A1_household_natural_sample,whz,A1_natural_sample,country_admin_region_nigeria::18,-0.06391183875131133,0.09905766476488753,-0.2580612940831332,0.13023761658051053,0.5187986756686294,36145,4426,114,model_specific_equal_total_country_weight,cluster_robust_country_psu,baseline cluster-robust SE (statsmodels default)
model_A_household_region_fe,A1_household_natural_sample,whz,A1_natural_sample,country_admin_region_nigeria::19,-0.37228779024614417,0.10497348540598715,-0.57803204097352,-0.16654353951876838,0.00039039428012101147,36145,4426,114,model_specific_equal_total_country_weight,cluster_robust_country_psu,baseline cluster-robust SE (statsmodels default)
model_A_household_region_fe,A1_household_natural_sample,whz,A1_natural_sample,country_admin_region_nigeria::20,-0.07967832664489234,0.10898500861803712,-0.2932850183910325,0.13392836510124784,0.46472151052211463,36145,4426,114,model_specific_equal_total_country_weight,cluster_robust_country_psu,baseline cluster-robust SE (statsmodels default)
model_A_household_region_fe,A1_household_natural_sample,whz,A1_natural_sample,country_admin_region_nigeria::21,-0.24598350543654554,0.110483183826545,-0.4625265666338919,-0.029440444239199143,0.02598513215324369,36145,4426,114,model_specific_equal_total_country_weight,cluster_robust_country_psu,baseline cluster-robust SE (statsmodels default)
model_A_household_region_fe,A1_household_natural_sample,whz,A1_natural_sample,country_admin_region_nigeria::22,-0.33829250224121277,0.09503975569167729,-0.5245670004963858,-0.15201800398603968,0.00037158398381438617,36145,4426,114,model_specific_equal_total_country_weight,cluster_robust_country_psu,baseline cluster-robust SE (statsmodels default)
model_A_household_region_fe,A1_household_natural_sample,whz,A1_natural_sample,country_admin_region_nigeria::23,-0.23842646470247833,0.09659460630165762,-0.427748414154553,-0.04910451525040366,0.013574864599116557,36145,4426,114,model_specific_equal_total_country_weight,cluster_robust_country_psu,baseline cluster-robust SE (statsmodels default)
model_A_household_region_fe,A1_household_natural_sample,whz,A1_natural_sample,country_admin_region_nigeria::24,-0.08783677131061866,0.09902160869823931,-0.2819155580503859,0.10624201542914853,0.3750538665545541,36145,4426,114,model_specific_equal_total_country_weight,cluster_robust_country_psu,baseline cluster-robust SE (statsmodels default)
model_A_household_region_fe,A1_household_natural_sample,whz,A1_natural_sample,country_admin_region_nigeria::25,-0.45117905541281145,0.09781151915439758,-0.6428861102285803,-0.25947200059704256,3.973962795056019e-06,36145,4426,114,model_specific_equal_total_country_weight,cluster_robust_country_psu,baseline cluster-robust SE (statsmodels default)
model_A_household_region_fe,A1_household_natural_sample,whz,A1_natural_sample,country_admin_region_nigeria::26,-0.4999710824312313,0.09910832721538723,-0.6942198343414011,-0.30572233052106146,4.5425016744084206e-07,36145,4426,114,model_specific_equal_total_country_weight,cluster_robust_country_psu,baseline cluster-robust SE (statsmodels default)
model_A_household_region_fe,A1_household_natural_sample,whz,A1_natural_sample,country_admin_region_nigeria::27,-0.4142868799345913,0.10254628979405468,-0.6152739146791457,-0.2132998451900368,5.345149220886206e-05,36145,4426,114,model_specific_equal_total_country_weight,cluster_robust_country_psu,baseline cluster-robust SE (statsmodels default)
model_A_household_region_fe,A1_household_natural_sample,whz,A1_natural_sample,country_admin_region_nigeria::28,-0.1911340508824129,0.10886785232535263,-0.40451112051432925,0.022243018749503435,0.07914786594833619,36145,4426,114,model_specific_equal_total_country_weight,cluster_robust_country_psu,baseline cluster-robust SE (statsmodels default)
model_A_household_region_fe,A1_household_natural_sample,whz,A1_natural_sample,country_admin_region_nigeria::29,-0.6075677478971547,0.1195747234626997,-0.8419298993453828,-0.3732055964489267,3.75311339729489e-07,36145,4426,114,model_specific_equal_total_country_weight,cluster_robust_country_psu,baseline cluster-robust SE (statsmodels default)
model_A_household_region_fe,A1_household_natural_sample,whz,A1_natural_sample,country_admin_region_nigeria::30,-0.45467530811492113,0.09777786981469018,-0.64631641143676,-0.26303420479308226,3.3179986037861626e-06,36145,4426,114,model_specific_equal_total_country_weight,cluster_robust_country_psu,baseline cluster-robust SE (statsmodels default)
model_A_household_region_fe,A1_household_natural_sample,whz,A1_natural_sample,country_admin_region_nigeria::31,-0.6126293913785861,0.10403800230216406,-0.8165401289143228,-0.4087186538428493,3.896799550387771e-09,36145,4426,114,model_specific_equal_total_country_weight,cluster_robust_country_psu,baseline cluster-robust SE (statsmodels default)
model_A_household_region_fe,A1_household_natural_sample,whz,A1_natural_sample,country_admin_region_nigeria::32,-0.18850650864689547,0.11045419969140949,-0.4049927619832532,0.027979744689462266,0.08788738048729686,36145,4426,114,model_specific_equal_total_country_weight,cluster_robust_country_psu,baseline cluster-robust SE (statsmodels default)
model_A_household_region_fe,A1_household_natural_sample,whz,A1_natural_sample,country_admin_region_nigeria::33,-0.3392661229760978,0.12207632545921583,-0.578531324241151,-0.10000092171104472,0.005450450852037757,36145,4426,114,model_specific_equal_total_country_weight,cluster_robust_country_psu,baseline cluster-robust SE (statsmodels default)
model_A_household_region_fe,A1_household_natural_sample,whz,A1_natural_sample,country_admin_region_nigeria::34,-0.5930876486161409,0.12164755558489442,-0.8315124763698682,-0.3546628208624136,1.0855583777479444e-06,36145,4426,114,model_specific_equal_total_country_weight,cluster_robust_country_psu,baseline cluster-robust SE (statsmodels default)
model_A_household_region_fe,A1_household_natural_sample,whz,A1_natural_sample,country_admin_region_nigeria::35,-0.3844809325811406,0.14073569996402904,-0.6603178358496724,-0.10864402931260869,0.00629633604929493,36145,4426,114,model_specific_equal_total_country_weight,cluster_robust_country_psu,baseline cluster-robust SE (statsmodels default)
model_A_household_region_fe,A1_household_natural_sample,whz,A1_natural_sample,country_admin_region_nigeria::36,-0.412172327144052,0.13498142067710578,-0.6767310502532295,-0.1476136040348745,0.0022615209263424614,36145,4426,114,model_specific_equal_total_country_weight,cluster_robust_country_psu,baseline cluster-robust SE (statsmodels default)
model_A_household_region_fe,A1_household_natural_sample,whz,A1_natural_sample,country_admin_region_nigeria::37,-0.6545949949451564,0.09289787074208643,-0.836671475840103,-0.4725185140502097,1.8361393627810463e-12,36145,4426,114,model_specific_equal_total_country_weight,cluster_robust_country_psu,baseline cluster-robust SE (statsmodels default)
model_A_household_region_fe,A2_common_comparison_sample,whz,A2_common_sample,const,-0.3618963713874738,0.1041857721891039,-0.5660967325796122,-0.1576960101953354,0.0005135870752990317,36145,4426,114,model_specific_equal_total_country_weight,cluster_robust_country_psu,baseline cluster-robust SE (statsmodels default)
model_A_household_region_fe,A2_common_comparison_sample,whz,A2_common_sample,_water_hh_binary,0.05038265105420596,0.03330994441910972,-0.014903640334280058,0.11566894244269198,0.13039633324817887,36145,4426,114,model_specific_equal_total_country_weight,cluster_robust_country_psu,baseline cluster-robust SE (statsmodels default)
model_A_household_region_fe,A2_common_comparison_sample,whz,A2_common_sample,_sani_hh_binary,0.04576958792338561,0.029120073696226434,-0.01130470774837037,0.1028438835951416,0.11600764836321262,36145,4426,114,model_specific_equal_total_country_weight,cluster_robust_country_psu,baseline cluster-robust SE (statsmodels default)
model_A_household_region_fe,A2_common_comparison_sample,whz,A2_common_sample,b19_raw,-0.004030911710233371,0.0006566797126283957,-0.005317980296363139,-0.002743843124103603,8.339754166464103e-10,36145,4426,114,model_specific_equal_total_country_weight,cluster_robust_country_psu,baseline cluster-robust SE (statsmodels default)
model_A_household_region_fe,A2_common_comparison_sample,whz,A2_common_sample,birth_order_raw,-0.0016410097605105236,0.00841197387243035,-0.01812817558936594,0.014846156068344893,0.8453301428781713,36145,4426,114,model_specific_equal_total_country_weight,cluster_robust_country_psu,baseline cluster-robust SE (statsmodels default)
model_A_household_region_fe,A2_common_comparison_sample,whz,A2_common_sample,maternal_age,0.0002465677319977797,0.002630803278984582,-0.004909711945221881,0.005402847409217441,0.9253289105811366,36145,4426,114,model_specific_equal_total_country_weight,cluster_robust_country_psu,baseline cluster-robust SE (statsmodels default)
model_A_household_region_fe,A2_common_comparison_sample,whz,A2_common_sample,household_size_raw,0.0012533939864025842,0.004191471662027032,-0.00696173951339064,0.009468527486195808,0.7649138396997721,36145,4426,114,model_specific_equal_total_country_weight,cluster_robust_country_psu,baseline cluster-robust SE (statsmodels default)
model_A_household_region_fe,A2_common_comparison_sample,whz,A2_common_sample,child_sex_Female,0.03761627201264863,0.019449195341619756,-0.0005034503852102828,0.07573599441050755,0.05310346769835768,36145,4426,114,model_specific_equal_total_country_weight,cluster_robust_country_psu,baseline cluster-robust SE (statsmodels default)
model_A_household_region_fe,A2_common_comparison_sample,whz,A2_common_sample,maternal_education_Higher,0.16038031912401296,0.06038345557566758,0.042030920933630186,0.2787297173143957,0.007906638755404519,36145,4426,114,model_specific_equal_total_country_weight,cluster_robust_country_psu,baseline cluster-robust SE (statsmodels default)
model_A_household_region_fe,A2_common_comparison_sample,whz,A2_common_sample,maternal_education_Primary,0.0739250945610782,0.04480111050519134,-0.013883468496495896,0.16173365761865227,0.09892804396278462,36145,4426,114,model_specific_equal_total_country_weight,cluster_robust_country_psu,baseline cluster-robust SE (statsmodels default)
model_A_household_region_fe,A2_common_comparison_sample,whz,A2_common_sample,maternal_education_Secondary,0.07109756698269643,0.05084479378237039,-0.028556397632115607,0.17075153159750844,0.1620153715125605,36145,4426,114,model_specific_equal_total_country_weight,cluster_robust_country_psu,baseline cluster-robust SE (statsmodels default)
model_A_household_region_fe,A2_common_comparison_sample,whz,A2_common_sample,literacy_Able to read only parts of sentence,-0.00580676778836444,0.04653475417893829,-0.09701321000850827,0.0853996744317794,0.9006949794636849,36145,4426,114,model_specific_equal_total_country_weight,cluster_robust_country_psu,baseline cluster-robust SE (statsmodels default)
model_A_household_region_fe,A2_common_comparison_sample,whz,A2_common_sample,literacy_Able to read whole sentence,0.014886120724298927,0.047052820999685274,-0.07733571380609415,0.10710795525469201,0.7517213664964543,36145,4426,114,model_specific_equal_total_country_weight,cluster_robust_country_psu,baseline cluster-robust SE (statsmodels default)
model_A_household_region_fe,A2_common_comparison_sample,whz,A2_common_sample,literacy_Blind/visually impaired,-0.039747961337295655,0.23857605339816718,-0.5073484335714081,0.4278525108968168,0.867680865984692,36145,4426,114,model_specific_equal_total_country_weight,cluster_robust_country_psu,baseline cluster-robust SE (statsmodels default)
model_A_household_region_fe,A2_common_comparison_sample,whz,A2_common_sample,literacy_No card with required language,0.5343484243893342,0.285804202055167,-0.025817518269001583,1.0945143670476698,0.06153506356662775,36145,4426,114,model_specific_equal_total_country_weight,cluster_robust_country_psu,baseline cluster-robust SE (statsmodels default)
model_A_household_region_fe,A2_common_comparison_sample,whz,A2_common_sample,wealth_quintile_Middle,0.060260406358619074,0.046281749550028665,-0.03045015590093996,0.1509709686181781,0.19290480100537233,36145,4426,114,model_specific_equal_total_country_weight,cluster_robust_country_psu,baseline cluster-robust SE (statsmodels default)
model_A_household_region_fe,A2_common_comparison_sample,whz,A2_common_sample,wealth_quintile_Poorer,0.048462733275522404,0.035764999974837806,-0.02163537858223563,0.11856084513328044,0.175407238703988,36145,4426,114,model_specific_equal_total_country_weight,cluster_robust_country_psu,baseline cluster-robust SE (statsmodels default)
model_A_household_region_fe,A2_common_comparison_sample,whz,A2_common_sample,wealth_quintile_Richer,0.03703078234475325,0.05416366184146766,-0.06912804413532979,0.14318960882483628,0.4941752728211991,36145,4426,114,model_specific_equal_total_country_weight,cluster_robust_country_psu,baseline cluster-robust SE (statsmodels default)
model_A_household_region_fe,A2_common_comparison_sample,whz,A2_common_sample,wealth_quintile_Richest,0.12012768017808226,0.07067238971533765,-0.018387658365358467,0.25864301872152295,0.08917187396595397,36145,4426,114,model_specific_equal_total_country_weight,cluster_robust_country_psu,baseline cluster-robust SE (statsmodels default)
model_A_household_region_fe,A2_common_comparison_sample,whz,A2_common_sample,residence_Urban,-0.02461423596995744,0.035722654511155076,-0.09462935224398869,0.045400880304073805,0.4907998909733876,36145,4426,114,model_specific_equal_total_country_weight,cluster_robust_country_psu,baseline cluster-robust SE (statsmodels default)
model_A_household_region_fe,A2_common_comparison_sample,whz,A2_common_sample,country_admin_region_ethiopia::02,-0.4118969502974724,0.09566946596047932,-0.5994056580001925,-0.22438824259475232,1.6667143345620308e-05,36145,4426,114,model_specific_equal_total_country_weight,cluster_robust_country_psu,baseline cluster-robust SE (statsmodels default)
model_A_household_region_fe,A2_common_comparison_sample,whz,A2_common_sample,country_admin_region_ethiopia::03,0.06605922605277653,0.08373459764756,-0.09805756959639339,0.23017602170194645,0.4301634614443246,36145,4426,114,model_specific_equal_total_country_weight,cluster_robust_country_psu,baseline cluster-robust SE (statsmodels default)
model_A_household_region_fe,A2_common_comparison_sample,whz,A2_common_sample,country_admin_region_ethiopia::04,0.29730344676932463,0.10585100736121154,0.08983928461406587,0.5047676089245834,0.004974238025503556,36145,4426,114,model_specific_equal_total_country_weight,cluster_robust_country_psu,baseline cluster-robust SE (statsmodels default)
model_A_household_region_fe,A2_common_comparison_sample,whz,A2_common_sample,country_admin_region_ethiopia::05,-0.27515628026248334,0.13648041023813437,-0.5426529689244783,-0.007659591600488291,0.04379095623022493,36145,4426,114,model_specific_equal_total_country_weight,cluster_robust_country_psu,baseline cluster-robust SE (statsmodels default)
model_A_household_region_fe,A2_common_comparison_sample,whz,A2_common_sample,country_admin_region_ethiopia::06,0.07777224051277039,0.09224198973791717,-0.10301873723586051,0.2585632182614013,0.39915421621653235,36145,4426,114,model_specific_equal_total_country_weight,cluster_robust_country_psu,baseline cluster-robust SE (statsmodels default)
model_A_household_region_fe,A2_common_comparison_sample,whz,A2_common_sample,country_admin_region_ethiopia::07,0.4594364914550395,0.1062680570206176,0.25115492698758013,0.6677180559224989,1.5366132830877524e-05,36145,4426,114,model_specific_equal_total_country_weight,cluster_robust_country_psu,baseline cluster-robust SE (statsmodels default)
model_A_household_region_fe,A2_common_comparison_sample,whz,A2_common_sample,country_admin_region_ethiopia::08,0.3395029147391954,0.10009438672289192,0.1433215217077031,0.5356843077706878,0.0006942808151784533,36145,4426,114,model_specific_equal_total_country_weight,cluster_robust_country_psu,baseline cluster-robust SE (statsmodels default)
model_A_household_region_fe,A2_common_comparison_sample,whz,A2_common_sample,country_admin_region_ethiopia::09,0.41253779621317727,0.09433945086580939,0.22763587019490483,0.5974397222314497,1.2260206076472269e-05,36145,4426,114,model_specific_equal_total_country_weight,cluster_robust_country_psu,baseline cluster-robust SE (statsmodels default)
model_A_household_region_fe,A2_common_comparison_sample,whz,A2_common_sample,country_admin_region_ethiopia::10,0.43526915383973724,0.11548392949913759,0.20892481122826484,0.6616134964512097,0.00016384477204052056,36145,4426,114,model_specific_equal_total_country_weight,cluster_robust_country_psu,baseline cluster-robust SE (statsmodels default)
model_A_household_region_fe,A2_common_comparison_sample,whz,A2_common_sample,country_admin_region_ethiopia::12,-0.4018821418809679,0.1272426218500114,-0.6512730980054395,-0.1524911857564962,0.0015864180930616001,36145,4426,114,model_specific_equal_total_country_weight,cluster_robust_country_psu,baseline cluster-robust SE (statsmodels default)
model_A_household_region_fe,A2_common_comparison_sample,whz,A2_common_sample,country_admin_region_ethiopia::13,0.21891948788351584,0.09831516711974495,0.026225301194779227,0.41161367457225245,0.025966578608636017,36145,4426,114,model_specific_equal_total_country_weight,cluster_robust_country_psu,baseline cluster-robust SE (statsmodels default)
model_A_household_region_fe,A2_common_comparison_sample,whz,A2_common_sample,country_admin_region_ethiopia::14,0.2649634055672845,0.10469922108206622,0.05975670303703795,0.470170108097531,0.011383179735995768,36145,4426,114,model_specific_equal_total_country_weight,cluster_robust_country_psu,baseline cluster-robust SE (statsmodels default)
model_A_household_region_fe,A2_common_comparison_sample,whz,A2_common_sample,country_admin_region_ethiopia::15,-0.08642573683196518,0.11019533302762592,-0.3024046208305091,0.12955314716657873,0.43286656356517395,36145,4426,114,model_specific_equal_total_country_weight,cluster_robust_country_psu,baseline cluster-robust SE (statsmodels default)
model_A_household_region_fe,A2_common_comparison_sample,whz,A2_common_sample,country_admin_region_ghana::01,-0.16361489699185577,0.10709674332755513,-0.37352065677539414,0.046290862791682624,0.12657961317470656,36145,4426,114,model_specific_equal_total_country_weight,cluster_robust_country_psu,baseline cluster-robust SE (statsmodels default)
model_A_household_region_fe,A2_common_comparison_sample,whz,A2_common_sample,country_admin_region_ghana::02,-0.21660275981290533,0.11391461940463242,-0.4398713111585725,0.006665791532761783,0.05724331773356426,36145,4426,114,model_specific_equal_total_country_weight,cluster_robust_country_psu,baseline cluster-robust SE (statsmodels default)
model_A_household_region_fe,A2_common_comparison_sample,whz,A2_common_sample,country_admin_region_ghana::03,-0.05058212403295853,0.12329692846007761,-0.2922396632191222,0.19107541515320517,0.6816251888191986,36145,4426,114,model_specific_equal_total_country_weight,cluster_robust_country_psu,baseline cluster-robust SE (statsmodels default)
model_A_household_region_fe,A2_common_comparison_sample,whz,A2_common_sample,country_admin_region_ghana::04,-0.28129715151868523,0.11999447573413115,-0.5164820023013478,-0.04611230073602271,0.019065343855224744,36145,4426,114,model_specific_equal_total_country_weight,cluster_robust_country_psu,baseline cluster-robust SE (statsmodels default)
model_A_household_region_fe,A2_common_comparison_sample,whz,A2_common_sample,country_admin_region_ghana::05,-0.11367902314052991,0.09262823459233059,-0.29522702689302505,0.06786898061196522,0.21972449536996852,36145,4426,114,model_specific_equal_total_country_weight,cluster_robust_country_psu,baseline cluster-robust SE (statsmodels default)
model_A_household_region_fe,A2_common_comparison_sample,whz,A2_common_sample,country_admin_region_ghana::06,-0.20383680341916652,0.10014944339236274,-0.4001261055399304,-0.007547501298402648,0.04181804417877608,36145,4426,114,model_specific_equal_total_country_weight,cluster_robust_country_psu,baseline cluster-robust SE (statsmodels default)
model_A_household_region_fe,A2_common_comparison_sample,whz,A2_common_sample,country_admin_region_ghana::07,0.030145509066668966,0.10581836887543765,-0.17725468283196305,0.23754570096530098,0.7757362807604309,36145,4426,114,model_specific_equal_total_country_weight,cluster_robust_country_psu,baseline cluster-robust SE (statsmodels default)
model_A_household_region_fe,A2_common_comparison_sample,whz,A2_common_sample,country_admin_region_ghana::08,0.1308232515455186,0.11015610161976869,-0.08507874030656234,0.3467252433975996,0.23498436357562136,36145,4426,114,model_specific_equal_total_country_weight,cluster_robust_country_psu,baseline cluster-robust SE (statsmodels default)
model_A_household_region_fe,A2_common_comparison_sample,whz,A2_common_sample,country_admin_region_ghana::09,-0.024238440288180826,0.12365020700740577,-0.26658839270361834,0.2181115121272567,0.8445911778662216,36145,4426,114,model_specific_equal_total_country_weight,cluster_robust_country_psu,baseline cluster-robust SE (statsmodels default)
model_A_household_region_fe,A2_common_comparison_sample,whz,A2_common_sample,country_admin_region_ghana::10,-0.09355553669991594,0.10427913580538657,-0.29793888721743483,0.11082781381760294,0.36963115557956394,36145,4426,114,model_specific_equal_total_country_weight,cluster_robust_country_psu,baseline cluster-robust SE (statsmodels default)
model_A_household_region_fe,A2_common_comparison_sample,whz,A2_common_sample,country_admin_region_ghana::11,-0.13674566553334136,0.10657044579971447,-0.3456199011171596,0.0721285700504769,0.19944019324964546,36145,4426,114,model_specific_equal_total_country_weight,cluster_robust_country_psu,baseline cluster-robust SE (statsmodels default)
model_A_household_region_fe,A2_common_comparison_sample,whz,A2_common_sample,country_admin_region_ghana::12,-0.20950320255846225,0.09188247203736888,-0.38958953856221384,-0.029416866554710652,0.02260048173779354,36145,4426,114,model_specific_equal_total_country_weight,cluster_robust_country_psu,baseline cluster-robust SE (statsmodels default)
model_A_household_region_fe,A2_common_comparison_sample,whz,A2_common_sample,country_admin_region_ghana::13,0.01381025929662388,0.10671530907610717,-0.19534790309160652,0.22296842168485428,0.8970315215276976,36145,4426,114,model_specific_equal_total_country_weight,cluster_robust_country_psu,baseline cluster-robust SE (statsmodels default)
model_A_household_region_fe,A2_common_comparison_sample,whz,A2_common_sample,country_admin_region_ghana::14,-0.24594435046869828,0.0909528277098921,-0.42420861707216345,-0.06768008386523311,0.006849237315310325,36145,4426,114,model_specific_equal_total_country_weight,cluster_robust_country_psu,baseline cluster-robust SE (statsmodels default)
model_A_household_region_fe,A2_common_comparison_sample,whz,A2_common_sample,country_admin_region_ghana::15,-0.03905846887689921,0.0844869501714026,-0.20464984837647845,0.12653291062268004,0.6438649112364015,36145,4426,114,model_specific_equal_total_country_weight,cluster_robust_country_psu,baseline cluster-robust SE (statsmodels default)
model_A_household_region_fe,A2_common_comparison_sample,whz,A2_common_sample,country_admin_region_ghana::16,-0.09642627560141348,0.09725365829207014,-0.28703994321863613,0.09418739201580917,0.321445138690723,36145,4426,114,model_specific_equal_total_country_weight,cluster_robust_country_psu,baseline cluster-robust SE (statsmodels default)
model_A_household_region_fe,A2_common_comparison_sample,whz,A2_common_sample,country_admin_region_kenya::01,-0.07610040581230401,0.1082974295483253,-0.28835946734528545,0.13615865572067742,0.4822438669120752,36145,4426,114,model_specific_equal_total_country_weight,cluster_robust_country_psu,baseline cluster-robust SE (statsmodels default)
model_A_household_region_fe,A2_common_comparison_sample,whz,A2_common_sample,country_admin_region_kenya::02,-0.011595447805528184,0.10076836655643515,-0.20909781703707153,0.18590692142601517,0.9083893878016411,36145,4426,114,model_specific_equal_total_country_weight,cluster_robust_country_psu,baseline cluster-robust SE (statsmodels default)
model_A_household_region_fe,A2_common_comparison_sample,whz,A2_common_sample,country_admin_region_kenya::03,-0.012335171097641175,0.10379618512311009,-0.2157719556715891,0.19110161347630675,0.9054018700558972,36145,4426,114,model_specific_equal_total_country_weight,cluster_robust_country_psu,baseline cluster-robust SE (statsmodels default)
model_A_household_region_fe,A2_common_comparison_sample,whz,A2_common_sample,country_admin_region_kenya::04,-0.27363526448690323,0.11076049662830748,-0.49072184878815595,-0.056548680185650485,0.01349193547773677,36145,4426,114,model_specific_equal_total_country_weight,cluster_robust_country_psu,baseline cluster-robust SE (statsmodels default)
model_A_household_region_fe,A2_common_comparison_sample,whz,A2_common_sample,country_admin_region_kenya::05,-0.033032643658761005,0.08867048235937852,-0.20682359557493712,0.1407583082574151,0.709496358609905,36145,4426,114,model_specific_equal_total_country_weight,cluster_robust_country_psu,baseline cluster-robust SE (statsmodels default)
model_A_household_region_fe,A2_common_comparison_sample,whz,A2_common_sample,country_admin_region_kenya::06,-0.0012766404608664365,0.10549387393765033,-0.20804083396826972,0.20548755304653687,0.99034458766453,36145,4426,114,model_specific_equal_total_country_weight,cluster_robust_country_psu,baseline cluster-robust SE (statsmodels default)
model_A_household_region_fe,A2_common_comparison_sample,whz,A2_common_sample,country_admin_region_kenya::07,-0.5206454496381038,0.11257292617488718,-0.741284330575169,-0.3000065687010386,3.7466798529489266e-06,36145,4426,114,model_specific_equal_total_country_weight,cluster_robust_country_psu,baseline cluster-robust SE (statsmodels default)
model_A_household_region_fe,A2_common_comparison_sample,whz,A2_common_sample,country_admin_region_kenya::08,-0.8271302665417991,0.10691750762499609,-1.036684730803578,-0.6175758022800202,1.0246961706178322e-14,36145,4426,114,model_specific_equal_total_country_weight,cluster_robust_country_psu,baseline cluster-robust SE (statsmodels default)
model_A_household_region_fe,A2_common_comparison_sample,whz,A2_common_sample,country_admin_region_kenya::09,-0.7124625579098071,0.0917247139270403,-0.8922396936990455,-0.5326854221205686,8.011343875061933e-15,36145,4426,114,model_specific_equal_total_country_weight,cluster_robust_country_psu,baseline cluster-robust SE (statsmodels default)
model_A_household_region_fe,A2_common_comparison_sample,whz,A2_common_sample,country_admin_region_kenya::10,-0.792416027596557,0.11626760917374732,-1.0202963541456807,-0.5645357010474336,9.396943040943467e-12,36145,4426,114,model_specific_equal_total_country_weight,cluster_robust_country_psu,baseline cluster-robust SE (statsmodels default)
model_A_household_region_fe,A2_common_comparison_sample,whz,A2_common_sample,country_admin_region_kenya::11,-0.35020507290449804,0.10598976543834798,-0.5579411958935083,-0.1424689499154878,0.0009526808601263492,36145,4426,114,model_specific_equal_total_country_weight,cluster_robust_country_psu,baseline cluster-robust SE (statsmodels default)
model_A_household_region_fe,A2_common_comparison_sample,whz,A2_common_sample,country_admin_region_kenya::12,0.12122743157854762,0.1353066446596252,-0.14396871882327658,0.38642358198037186,0.3702816656416934,36145,4426,114,model_specific_equal_total_country_weight,cluster_robust_country_psu,baseline cluster-robust SE (statsmodels default)
model_A_household_region_fe,A2_common_comparison_sample,whz,A2_common_sample,country_admin_region_kenya::13,0.15627551467132905,0.10189353359145084,-0.04343214142543678,0.3559831707680949,0.12510008675806084,36145,4426,114,model_specific_equal_total_country_weight,cluster_robust_country_psu,baseline cluster-robust SE (statsmodels default)
model_A_household_region_fe,A2_common_comparison_sample,whz,A2_common_sample,country_admin_region_kenya::14,0.015252523726493978,0.11499059057504939,-0.21012489236159382,0.24062993981458175,0.8944769148962788,36145,4426,114,model_specific_equal_total_country_weight,cluster_robust_country_psu,baseline cluster-robust SE (statsmodels default)
model_A_household_region_fe,A2_common_comparison_sample,whz,A2_common_sample,country_admin_region_kenya::15,-0.03399588547497395,0.1173974718825926,-0.26409070224090914,0.1960989312909612,0.7721380545066058,36145,4426,114,model_specific_equal_total_country_weight,cluster_robust_country_psu,baseline cluster-robust SE (statsmodels default)
model_A_household_region_fe,A2_common_comparison_sample,whz,A2_common_sample,country_admin_region_kenya::16,0.10659953214309147,0.09621454157612423,-0.08197750413514367,0.2951765684213266,0.26788955638343936,36145,4426,114,model_specific_equal_total_country_weight,cluster_robust_country_psu,baseline cluster-robust SE (statsmodels default)
model_A_household_region_fe,A2_common_comparison_sample,whz,A2_common_sample,country_admin_region_kenya::17,0.1373654352993342,0.12000761376620983,-0.09784516555303024,0.37257603615169865,0.2523585906914141,36145,4426,114,model_specific_equal_total_country_weight,cluster_robust_country_psu,baseline cluster-robust SE (statsmodels default)
model_A_household_region_fe,A2_common_comparison_sample,whz,A2_common_sample,country_admin_region_kenya::18,0.45568086383051787,0.10482775189598713,0.25022224553408273,0.661139482126953,1.3804446560006945e-05,36145,4426,114,model_specific_equal_total_country_weight,cluster_robust_country_psu,baseline cluster-robust SE (statsmodels default)
model_A_household_region_fe,A2_common_comparison_sample,whz,A2_common_sample,country_admin_region_kenya::19,0.48780910783622095,0.1159072319118043,0.2606351077413529,0.714983107931089,2.569388580168414e-05,36145,4426,114,model_specific_equal_total_country_weight,cluster_robust_country_psu,baseline cluster-robust SE (statsmodels default)
model_A_household_region_fe,A2_common_comparison_sample,whz,A2_common_sample,country_admin_region_kenya::20,0.22851882832784084,0.10610204914809611,0.02056263331167374,0.43647502334400795,0.0312586439037287,36145,4426,114,model_specific_equal_total_country_weight,cluster_robust_country_psu,baseline cluster-robust SE (statsmodels default)
model_A_household_region_fe,A2_common_comparison_sample,whz,A2_common_sample,country_admin_region_kenya::21,0.19971216794380817,0.0992548656834871,0.005176205913812931,0.39424812997380343,0.04420785417822449,36145,4426,114,model_specific_equal_total_country_weight,cluster_robust_country_psu,baseline cluster-robust SE (statsmodels default)
model_A_household_region_fe,A2_common_comparison_sample,whz,A2_common_sample,country_admin_region_kenya::22,0.37332477298995376,0.10635773320476867,0.16486744643128734,0.5817820995486201,0.000447962058769248,36145,4426,114,model_specific_equal_total_country_weight,cluster_robust_country_psu,baseline cluster-robust SE (statsmodels default)
model_A_household_region_fe,A2_common_comparison_sample,whz,A2_common_sample,country_admin_region_kenya::23,-0.7806533657999252,0.1088461736033226,-0.9939879459174318,-0.5673187856824186,7.38672436969127e-13,36145,4426,114,model_specific_equal_total_country_weight,cluster_robust_country_psu,baseline cluster-robust SE (statsmodels default)
model_A_household_region_fe,A2_common_comparison_sample,whz,A2_common_sample,country_admin_region_kenya::24,-0.41352968366679693,0.08764934245815402,-0.5853192381533963,-0.24174012918019763,2.3817334662564566e-06,36145,4426,114,model_specific_equal_total_country_weight,cluster_robust_country_psu,baseline cluster-robust SE (statsmodels default)
model_A_household_region_fe,A2_common_comparison_sample,whz,A2_common_sample,country_admin_region_kenya::25,-0.5298163042414369,0.0948922486301488,-0.7158016939685488,-0.34383091451432496,2.359340198138037e-08,36145,4426,114,model_specific_equal_total_country_weight,cluster_robust_country_psu,baseline cluster-robust SE (statsmodels default)
model_A_household_region_fe,A2_common_comparison_sample,whz,A2_common_sample,country_admin_region_kenya::26,0.06938768402539004,0.08980884992688601,-0.10663442732426921,0.2454097953750493,0.4397501363969638,36145,4426,114,model_specific_equal_total_country_weight,cluster_robust_country_psu,baseline cluster-robust SE (statsmodels default)
model_A_household_region_fe,A2_common_comparison_sample,whz,A2_common_sample,country_admin_region_kenya::27,0.08151737349584132,0.10180878058013529,-0.11802416975116473,0.28105891674284733,0.4233105588630609,36145,4426,114,model_specific_equal_total_country_weight,cluster_robust_country_psu,baseline cluster-robust SE (statsmodels default)
model_A_household_region_fe,A2_common_comparison_sample,whz,A2_common_sample,country_admin_region_kenya::28,-0.10780204916262033,0.11695994384674764,-0.33703932673607284,0.12143522841083217,0.35668477313181846,36145,4426,114,model_specific_equal_total_country_weight,cluster_robust_country_psu,baseline cluster-robust SE (statsmodels default)
model_A_household_region_fe,A2_common_comparison_sample,whz,A2_common_sample,country_admin_region_kenya::29,0.09141049368504184,0.1092218236112152,-0.12266034691872646,0.30548133428881014,0.4026346292694353,36145,4426,114,model_specific_equal_total_country_weight,cluster_robust_country_psu,baseline cluster-robust SE (statsmodels default)
model_A_household_region_fe,A2_common_comparison_sample,whz,A2_common_sample,country_admin_region_kenya::30,-0.4722080292488152,0.1384494787134422,-0.7435640212055068,-0.20085203729212364,0.0006479910234107207,36145,4426,114,model_specific_equal_total_country_weight,cluster_robust_country_psu,baseline cluster-robust SE (statsmodels default)
model_A_household_region_fe,A2_common_comparison_sample,whz,A2_common_sample,country_admin_region_kenya::31,0.11480902020244696,0.09405711774959812,-0.06953954307640842,0.29915758348130234,0.2222258178357861,36145,4426,114,model_specific_equal_total_country_weight,cluster_robust_country_psu,baseline cluster-robust SE (statsmodels default)
model_A_household_region_fe,A2_common_comparison_sample,whz,A2_common_sample,country_admin_region_kenya::32,0.1538732288363116,0.08793626682540835,-0.018478687076393108,0.3262251447490163,0.08014821953370153,36145,4426,114,model_specific_equal_total_country_weight,cluster_robust_country_psu,baseline cluster-robust SE (statsmodels default)
model_A_household_region_fe,A2_common_comparison_sample,whz,A2_common_sample,country_admin_region_kenya::33,0.15470909996764667,0.08504999751353808,-0.011985832044109107,0.3214040319794025,0.06890577169991997,36145,4426,114,model_specific_equal_total_country_weight,cluster_robust_country_psu,baseline cluster-robust SE (statsmodels default)
model_A_household_region_fe,A2_common_comparison_sample,whz,A2_common_sample,country_admin_region_kenya::34,0.020149455482935757,0.11987215614216548,-0.2147956533048704,0.25509456427074195,0.8665115262589685,36145,4426,114,model_specific_equal_total_country_weight,cluster_robust_country_psu,baseline cluster-robust SE (statsmodels default)
model_A_household_region_fe,A2_common_comparison_sample,whz,A2_common_sample,country_admin_region_kenya::35,0.12076771735809876,0.08744369961990717,-0.0506187845718581,0.2921542192880556,0.16725094448882982,36145,4426,114,model_specific_equal_total_country_weight,cluster_robust_country_psu,baseline cluster-robust SE (statsmodels default)
model_A_household_region_fe,A2_common_comparison_sample,whz,A2_common_sample,country_admin_region_kenya::36,0.20430447888216918,0.10558993443231703,-0.002647989735117956,0.4112569474994563,0.05300429467925272,36145,4426,114,model_specific_equal_total_country_weight,cluster_robust_country_psu,baseline cluster-robust SE (statsmodels default)
model_A_household_region_fe,A2_common_comparison_sample,whz,A2_common_sample,country_admin_region_kenya::37,0.37560265605814075,0.08869971259313734,0.20175441393653767,0.5494508981797438,2.2901800739111986e-05,36145,4426,114,model_specific_equal_total_country_weight,cluster_robust_country_psu,baseline cluster-robust SE (statsmodels default)
model_A_household_region_fe,A2_common_comparison_sample,whz,A2_common_sample,country_admin_region_kenya::38,0.38129833147932435,0.1002178685560541,0.18487491850208917,0.5777217444565595,0.00014197955197600074,36145,4426,114,model_specific_equal_total_country_weight,cluster_robust_country_psu,baseline cluster-robust SE (statsmodels default)
model_A_household_region_fe,A2_common_comparison_sample,whz,A2_common_sample,country_admin_region_kenya::39,0.24662754343730173,0.09162558345418756,0.06704469980462502,0.42621038706997844,0.0071091278077085665,36145,4426,114,model_specific_equal_total_country_weight,cluster_robust_country_psu,baseline cluster-robust SE (statsmodels default)
model_A_household_region_fe,A2_common_comparison_sample,whz,A2_common_sample,country_admin_region_kenya::40,0.2119162822957432,0.10816542609803984,-8.405722884372024e-05,0.4239166218203301,0.05009090655922127,36145,4426,114,model_specific_equal_total_country_weight,cluster_robust_country_psu,baseline cluster-robust SE (statsmodels default)
model_A_household_region_fe,A2_common_comparison_sample,whz,A2_common_sample,country_admin_region_kenya::41,0.4318040734296101,0.09868843278629734,0.23837829947776543,0.6252298473814547,1.2119477210027457e-05,36145,4426,114,model_specific_equal_total_country_weight,cluster_robust_country_psu,baseline cluster-robust SE (statsmodels default)
model_A_household_region_fe,A2_common_comparison_sample,whz,A2_common_sample,country_admin_region_kenya::42,0.23850034470284615,0.09490386096851475,0.05249219521076068,0.42450849419493164,0.011968451588577617,36145,4426,114,model_specific_equal_total_country_weight,cluster_robust_country_psu,baseline cluster-robust SE (statsmodels default)
model_A_household_region_fe,A2_common_comparison_sample,whz,A2_common_sample,country_admin_region_kenya::43,0.3729166513886494,0.09274881256183631,0.19113231915859405,0.5547009836187047,5.8021476141828756e-05,36145,4426,114,model_specific_equal_total_country_weight,cluster_robust_country_psu,baseline cluster-robust SE (statsmodels default)
model_A_household_region_fe,A2_common_comparison_sample,whz,A2_common_sample,country_admin_region_kenya::44,0.32679861234885144,0.08896733138257494,0.15242584703836445,0.5011713776593384,0.00023949169288857596,36145,4426,114,model_specific_equal_total_country_weight,cluster_robust_country_psu,baseline cluster-robust SE (statsmodels default)
model_A_household_region_fe,A2_common_comparison_sample,whz,A2_common_sample,country_admin_region_kenya::45,0.33954273605289437,0.08589961053295238,0.17118259312229023,0.5079028789834985,7.724667403566864e-05,36145,4426,114,model_specific_equal_total_country_weight,cluster_robust_country_psu,baseline cluster-robust SE (statsmodels default)
model_A_household_region_fe,A2_common_comparison_sample,whz,A2_common_sample,country_admin_region_kenya::46,0.42559749210249526,0.09966231642374969,0.23026294129611113,0.6209320429088794,1.9512676864756046e-05,36145,4426,114,model_specific_equal_total_country_weight,cluster_robust_country_psu,baseline cluster-robust SE (statsmodels default)
model_A_household_region_fe,A2_common_comparison_sample,whz,A2_common_sample,country_admin_region_kenya::47,0.2971731891895943,0.10359014114053842,0.09414024340071803,0.5002061349784706,0.0041211031322488,36145,4426,114,model_specific_equal_total_country_weight,cluster_robust_country_psu,baseline cluster-robust SE (statsmodels default)
model_A_household_region_fe,A2_common_comparison_sample,whz,A2_common_sample,country_admin_region_nigeria::01,-0.257400923273563,0.13240115181574122,-0.5169024123440358,0.002100565796909759,0.051883535306966724,36145,4426,114,model_specific_equal_total_country_weight,cluster_robust_country_psu,baseline cluster-robust SE (statsmodels default)
model_A_household_region_fe,A2_common_comparison_sample,whz,A2_common_sample,country_admin_region_nigeria::02,-0.10606100040773445,0.12760500285290263,-0.3561622102465545,0.14404020943108556,0.4058795908980022,36145,4426,114,model_specific_equal_total_country_weight,cluster_robust_country_psu,baseline cluster-robust SE (statsmodels default)
model_A_household_region_fe,A2_common_comparison_sample,whz,A2_common_sample,country_admin_region_nigeria::03,-0.13808367799628923,0.10378339727487235,-0.3414953988482514,0.06532804285567295,0.18335400538303137,36145,4426,114,model_specific_equal_total_country_weight,cluster_robust_country_psu,baseline cluster-robust SE (statsmodels default)
model_A_household_region_fe,A2_common_comparison_sample,whz,A2_common_sample,country_admin_region_nigeria::04,-0.20051316857662332,0.1352140116027472,-0.46552776152318887,0.06450142436994222,0.1380925100010086,36145,4426,114,model_specific_equal_total_country_weight,cluster_robust_country_psu,baseline cluster-robust SE (statsmodels default)
model_A_household_region_fe,A2_common_comparison_sample,whz,A2_common_sample,country_admin_region_nigeria::05,-0.1931023136856913,0.11529212857265697,-0.4190707333890603,0.03286610601767767,0.09395465780349334,36145,4426,114,model_specific_equal_total_country_weight,cluster_robust_country_psu,baseline cluster-robust SE (statsmodels default)
model_A_household_region_fe,A2_common_comparison_sample,whz,A2_common_sample,country_admin_region_nigeria::06,0.0828885454136054,0.09096776225907982,-0.09540499236839305,0.2611820831956038,0.3621974140884313,36145,4426,114,model_specific_equal_total_country_weight,cluster_robust_country_psu,baseline cluster-robust SE (statsmodels default)
model_A_household_region_fe,A2_common_comparison_sample,whz,A2_common_sample,country_admin_region_nigeria::07,0.06632106754922276,0.1144918631001463,-0.15807886064995436,0.2907209957483999,0.5624107404983374,36145,4426,114,model_specific_equal_total_country_weight,cluster_robust_country_psu,baseline cluster-robust SE (statsmodels default)
model_A_household_region_fe,A2_common_comparison_sample,whz,A2_common_sample,country_admin_region_nigeria::08,-0.08326641013546787,0.12769881655417492,-0.333551491450038,0.16701867117910224,0.5143669132321711,36145,4426,114,model_specific_equal_total_country_weight,cluster_robust_country_psu,baseline cluster-robust SE (statsmodels default)
model_A_household_region_fe,A2_common_comparison_sample,whz,A2_common_sample,country_admin_region_nigeria::09,0.12494986139028619,0.09544590224894917,-0.06212066948958472,0.3120203922701571,0.19049469255167983,36145,4426,114,model_specific_equal_total_country_weight,cluster_robust_country_psu,baseline cluster-robust SE (statsmodels default)
model_A_household_region_fe,A2_common_comparison_sample,whz,A2_common_sample,country_admin_region_nigeria::10,-0.15668728231308307,0.13667022216127409,-0.42455599550826817,0.11118143088210206,0.25160384182055606,36145,4426,114,model_specific_equal_total_country_weight,cluster_robust_country_psu,baseline cluster-robust SE (statsmodels default)
model_A_household_region_fe,A2_common_comparison_sample,whz,A2_common_sample,country_admin_region_nigeria::11,-0.29662748681634193,0.11787539958454048,-0.5276590246653089,-0.06559594896737495,0.01185438971999253,36145,4426,114,model_specific_equal_total_country_weight,cluster_robust_country_psu,baseline cluster-robust SE (statsmodels default)
model_A_household_region_fe,A2_common_comparison_sample,whz,A2_common_sample,country_admin_region_nigeria::12,-0.17863299982486755,0.11566705517092306,-0.40533626215768415,0.048070262507949074,0.12249815860358881,36145,4426,114,model_specific_equal_total_country_weight,cluster_robust_country_psu,baseline cluster-robust SE (statsmodels default)
model_A_household_region_fe,A2_common_comparison_sample,whz,A2_common_sample,country_admin_region_nigeria::13,-0.27828165987382775,0.10042013601438506,-0.47510150978463606,-0.08146180996301944,0.005585458806372958,36145,4426,114,model_specific_equal_total_country_weight,cluster_robust_country_psu,baseline cluster-robust SE (statsmodels default)
model_A_household_region_fe,A2_common_comparison_sample,whz,A2_common_sample,country_admin_region_nigeria::14,-0.34333451099513557,0.11153496896440523,-0.5619390331821625,-0.12472998880810862,0.0020820767068441574,36145,4426,114,model_specific_equal_total_country_weight,cluster_robust_country_psu,baseline cluster-robust SE (statsmodels default)
model_A_household_region_fe,A2_common_comparison_sample,whz,A2_common_sample,country_admin_region_nigeria::15,0.04024115299761048,0.10187101370760598,-0.15942236493788342,0.23990467093310436,0.692827655849665,36145,4426,114,model_specific_equal_total_country_weight,cluster_robust_country_psu,baseline cluster-robust SE (statsmodels default)
model_A_household_region_fe,A2_common_comparison_sample,whz,A2_common_sample,country_admin_region_nigeria::16,-0.2503758440489524,0.10753685975935624,-0.4611442161878253,-0.039607471910079545,0.019897277986862343,36145,4426,114,model_specific_equal_total_country_weight,cluster_robust_country_psu,baseline cluster-robust SE (statsmodels default)
model_A_household_region_fe,A2_common_comparison_sample,whz,A2_common_sample,country_admin_region_nigeria::17,0.24557006640034393,0.15930511479870627,-0.0666622211581391,0.5578023539588269,0.12319326228627406,36145,4426,114,model_specific_equal_total_country_weight,cluster_robust_country_psu,baseline cluster-robust SE (statsmodels default)
model_A_household_region_fe,A2_common_comparison_sample,whz,A2_common_sample,country_admin_region_nigeria::18,-0.06391183875131133,0.09905766476488753,-0.2580612940831332,0.13023761658051053,0.5187986756686294,36145,4426,114,model_specific_equal_total_country_weight,cluster_robust_country_psu,baseline cluster-robust SE (statsmodels default)
model_A_household_region_fe,A2_common_comparison_sample,whz,A2_common_sample,country_admin_region_nigeria::19,-0.37228779024614417,0.10497348540598715,-0.57803204097352,-0.16654353951876838,0.00039039428012101147,36145,4426,114,model_specific_equal_total_country_weight,cluster_robust_country_psu,baseline cluster-robust SE (statsmodels default)
model_A_household_region_fe,A2_common_comparison_sample,whz,A2_common_sample,country_admin_region_nigeria::20,-0.07967832664489234,0.10898500861803712,-0.2932850183910325,0.13392836510124784,0.46472151052211463,36145,4426,114,model_specific_equal_total_country_weight,cluster_robust_country_psu,baseline cluster-robust SE (statsmodels default)
model_A_household_region_fe,A2_common_comparison_sample,whz,A2_common_sample,country_admin_region_nigeria::21,-0.24598350543654554,0.110483183826545,-0.4625265666338919,-0.029440444239199143,0.02598513215324369,36145,4426,114,model_specific_equal_total_country_weight,cluster_robust_country_psu,baseline cluster-robust SE (statsmodels default)
model_A_household_region_fe,A2_common_comparison_sample,whz,A2_common_sample,country_admin_region_nigeria::22,-0.33829250224121277,0.09503975569167729,-0.5245670004963858,-0.15201800398603968,0.00037158398381438617,36145,4426,114,model_specific_equal_total_country_weight,cluster_robust_country_psu,baseline cluster-robust SE (statsmodels default)
model_A_household_region_fe,A2_common_comparison_sample,whz,A2_common_sample,country_admin_region_nigeria::23,-0.23842646470247833,0.09659460630165762,-0.427748414154553,-0.04910451525040366,0.013574864599116557,36145,4426,114,model_specific_equal_total_country_weight,cluster_robust_country_psu,baseline cluster-robust SE (statsmodels default)
model_A_household_region_fe,A2_common_comparison_sample,whz,A2_common_sample,country_admin_region_nigeria::24,-0.08783677131061866,0.09902160869823931,-0.2819155580503859,0.10624201542914853,0.3750538665545541,36145,4426,114,model_specific_equal_total_country_weight,cluster_robust_country_psu,baseline cluster-robust SE (statsmodels default)
model_A_household_region_fe,A2_common_comparison_sample,whz,A2_common_sample,country_admin_region_nigeria::25,-0.45117905541281145,0.09781151915439758,-0.6428861102285803,-0.25947200059704256,3.973962795056019e-06,36145,4426,114,model_specific_equal_total_country_weight,cluster_robust_country_psu,baseline cluster-robust SE (statsmodels default)
model_A_household_region_fe,A2_common_comparison_sample,whz,A2_common_sample,country_admin_region_nigeria::26,-0.4999710824312313,0.09910832721538723,-0.6942198343414011,-0.30572233052106146,4.5425016744084206e-07,36145,4426,114,model_specific_equal_total_country_weight,cluster_robust_country_psu,baseline cluster-robust SE (statsmodels default)
model_A_household_region_fe,A2_common_comparison_sample,whz,A2_common_sample,country_admin_region_nigeria::27,-0.4142868799345913,0.10254628979405468,-0.6152739146791457,-0.2132998451900368,5.345149220886206e-05,36145,4426,114,model_specific_equal_total_country_weight,cluster_robust_country_psu,baseline cluster-robust SE (statsmodels default)
model_A_household_region_fe,A2_common_comparison_sample,whz,A2_common_sample,country_admin_region_nigeria::28,-0.1911340508824129,0.10886785232535263,-0.40451112051432925,0.022243018749503435,0.07914786594833619,36145,4426,114,model_specific_equal_total_country_weight,cluster_robust_country_psu,baseline cluster-robust SE (statsmodels default)
model_A_household_region_fe,A2_common_comparison_sample,whz,A2_common_sample,country_admin_region_nigeria::29,-0.6075677478971547,0.1195747234626997,-0.8419298993453828,-0.3732055964489267,3.75311339729489e-07,36145,4426,114,model_specific_equal_total_country_weight,cluster_robust_country_psu,baseline cluster-robust SE (statsmodels default)
model_A_household_region_fe,A2_common_comparison_sample,whz,A2_common_sample,country_admin_region_nigeria::30,-0.45467530811492113,0.09777786981469018,-0.64631641143676,-0.26303420479308226,3.3179986037861626e-06,36145,4426,114,model_specific_equal_total_country_weight,cluster_robust_country_psu,baseline cluster-robust SE (statsmodels default)
model_A_household_region_fe,A2_common_comparison_sample,whz,A2_common_sample,country_admin_region_nigeria::31,-0.6126293913785861,0.10403800230216406,-0.8165401289143228,-0.4087186538428493,3.896799550387771e-09,36145,4426,114,model_specific_equal_total_country_weight,cluster_robust_country_psu,baseline cluster-robust SE (statsmodels default)
model_A_household_region_fe,A2_common_comparison_sample,whz,A2_common_sample,country_admin_region_nigeria::32,-0.18850650864689547,0.11045419969140949,-0.4049927619832532,0.027979744689462266,0.08788738048729686,36145,4426,114,model_specific_equal_total_country_weight,cluster_robust_country_psu,baseline cluster-robust SE (statsmodels default)
model_A_household_region_fe,A2_common_comparison_sample,whz,A2_common_sample,country_admin_region_nigeria::33,-0.3392661229760978,0.12207632545921583,-0.578531324241151,-0.10000092171104472,0.005450450852037757,36145,4426,114,model_specific_equal_total_country_weight,cluster_robust_country_psu,baseline cluster-robust SE (statsmodels default)
model_A_household_region_fe,A2_common_comparison_sample,whz,A2_common_sample,country_admin_region_nigeria::34,-0.5930876486161409,0.12164755558489442,-0.8315124763698682,-0.3546628208624136,1.0855583777479444e-06,36145,4426,114,model_specific_equal_total_country_weight,cluster_robust_country_psu,baseline cluster-robust SE (statsmodels default)
model_A_household_region_fe,A2_common_comparison_sample,whz,A2_common_sample,country_admin_region_nigeria::35,-0.3844809325811406,0.14073569996402904,-0.6603178358496724,-0.10864402931260869,0.00629633604929493,36145,4426,114,model_specific_equal_total_country_weight,cluster_robust_country_psu,baseline cluster-robust SE (statsmodels default)
model_A_household_region_fe,A2_common_comparison_sample,whz,A2_common_sample,country_admin_region_nigeria::36,-0.412172327144052,0.13498142067710578,-0.6767310502532295,-0.1476136040348745,0.0022615209263424614,36145,4426,114,model_specific_equal_total_country_weight,cluster_robust_country_psu,baseline cluster-robust SE (statsmodels default)
model_A_household_region_fe,A2_common_comparison_sample,whz,A2_common_sample,country_admin_region_nigeria::37,-0.6545949949451564,0.09289787074208643,-0.836671475840103,-0.4725185140502097,1.8361393627810463e-12,36145,4426,114,model_specific_equal_total_country_weight,cluster_robust_country_psu,baseline cluster-robust SE (statsmodels default)
