outcome,model,country_scope,term,coefficient,standard_error,ci_lower,ci_upper,p_value,estimation_n,psu_count,fe_region_count,weight_method,clustering_method,fe_included,reference_category_metadata
haz,1,pooled,const,-1.8566132354543405,0.04661601642531229,-1.9479789487506802,-1.7652475221580008,0.0,36985,4434,0,model_specific_equal_total_country_weight,cluster_robust_country_psu,False,{}
haz,1,pooled,water_rate_loo,0.44715246194295816,0.06971195901164472,0.31051953298840207,0.5837853908975142,1.4148412272487843e-10,36985,4434,0,model_specific_equal_total_country_weight,cluster_robust_country_psu,False,{}
haz,1,pooled,sanitation_rate_loo_core,0.47166396764027596,0.05892614308711903,0.35617084944166877,0.5871570858388832,1.20124290927322e-15,36985,4434,0,model_specific_equal_total_country_weight,cluster_robust_country_psu,False,{}
haz,1,ethiopia,const,-1.8389755213317782,0.08991336897123808,-2.015202486244066,-1.6627485564194904,5.678392774690139e-93,5843,787,0,weight_original,cluster_robust_psu,False,{}
haz,1,ethiopia,water_rate_loo,0.15108422255657883,0.13385682834843338,-0.1112703400911107,0.41343878520426836,0.2590243449923205,5843,787,0,weight_original,cluster_robust_psu,False,{}
haz,1,ethiopia,sanitation_rate_loo_core,0.48130289944408017,0.13681550611090695,0.21314943494008287,0.7494563639480775,0.0004349806716983144,5843,787,0,weight_original,cluster_robust_psu,False,{}
haz,1,ghana,const,-1.345176564662352,0.0666056491155792,-1.4757212380957991,-1.2146318912289047,1.058698074436408e-90,4405,616,0,weight_original,cluster_robust_psu,False,{}
haz,1,ghana,water_rate_loo,0.1028568950646557,0.09697264718553394,-0.08720600090450026,0.29291979103381166,0.2888355975462331,4405,616,0,weight_original,cluster_robust_psu,False,{}
haz,1,ghana,sanitation_rate_loo_core,0.5376969704964375,0.09189113963005545,0.3575936463231876,0.7178002946696874,4.872878783197565e-09,4405,616,0,weight_original,cluster_robust_psu,False,{}
haz,1,kenya,const,-1.4743593122675338,0.042723655133217256,-1.5580961376165494,-1.3906224869185182,5.837416795570686e-261,17327,1688,0,weight_original,cluster_robust_psu,False,{}
haz,1,kenya,water_rate_loo,0.38458858421015635,0.05796088788746406,0.2709873314387629,0.4981898369815498,3.238165007113244e-11,17327,1688,0,weight_original,cluster_robust_psu,False,{}
haz,1,kenya,sanitation_rate_loo_core,0.447460421291623,0.06361289452684797,0.32278143906665585,0.5721394035165901,2.005295567521044e-12,17327,1688,0,weight_original,cluster_robust_psu,False,{}
haz,1,nigeria,const,-2.290131392321664,0.07249780774132839,-2.432224484452777,-2.148038300190551,5.232476097409472e-219,9410,1343,0,weight_original,cluster_robust_psu,False,{}
haz,1,nigeria,water_rate_loo,0.6667669198309898,0.11686923915696998,0.4377074201827304,0.8958264194792491,1.1618007886808408e-08,9410,1343,0,weight_original,cluster_robust_psu,False,{}
haz,1,nigeria,sanitation_rate_loo_core,0.27446377545437994,0.09537376686954922,0.08753462732014405,0.46139292358861583,0.004004968824079924,9410,1343,0,weight_original,cluster_robust_psu,False,{}
haz,2,pooled,const,-1.3735450177224982,0.05520696492409212,-1.4817486806694848,-1.2653413547755115,1.2273228959022817e-136,36985,4434,0,model_specific_equal_total_country_weight,cluster_robust_country_psu,False,"{'child_sex': {'reference': 'Male', 'reference_column': 'child_sex_Male'}}"
haz,2,pooled,water_rate_loo,0.39500054295140014,0.06733945319407775,0.26301763995238703,0.5269834459504132,4.469411671637017e-09,36985,4434,0,model_specific_equal_total_country_weight,cluster_robust_country_psu,False,"{'child_sex': {'reference': 'Male', 'reference_column': 'child_sex_Male'}}"
haz,2,pooled,sanitation_rate_loo_core,0.4522225362709508,0.05732339577638214,0.33987074507770637,0.5645743274641952,3.0469131637855154e-15,36985,4434,0,model_specific_equal_total_country_weight,cluster_robust_country_psu,False,"{'child_sex': {'reference': 'Male', 'reference_column': 'child_sex_Male'}}"
haz,2,pooled,b19_raw,-0.011938638161296712,0.0007370927530175444,-0.013383313410476575,-0.010493962912116848,5.300997424127637e-59,36985,4434,0,model_specific_equal_total_country_weight,cluster_robust_country_psu,False,"{'child_sex': {'reference': 'Male', 'reference_column': 'child_sex_Male'}}"
haz,2,pooled,birth_order_raw,-0.050265803691698016,0.005860688753223958,-0.06175254257261593,-0.038779064810780105,9.75709541060255e-18,36985,4434,0,model_specific_equal_total_country_weight,cluster_robust_country_psu,False,"{'child_sex': {'reference': 'Male', 'reference_column': 'child_sex_Male'}}"
haz,2,pooled,child_sex_Female,0.15378822369386336,0.023673585325279488,0.10738884907137962,0.20018759831634708,8.237693780259998e-11,36985,4434,0,model_specific_equal_total_country_weight,cluster_robust_country_psu,False,"{'child_sex': {'reference': 'Male', 'reference_column': 'child_sex_Male'}}"
haz,2,ethiopia,const,-0.9766667635053,0.11168206534605409,-1.195559589302615,-0.7577739377079852,2.2289007819411677e-18,5843,787,0,weight_original,cluster_robust_psu,False,"{'child_sex': {'reference': 'Male', 'reference_column': 'child_sex_Male'}}"
haz,2,ethiopia,water_rate_loo,0.0737374745901742,0.12798588395008864,-0.17711024848152246,0.3245851976618709,0.56452220721159,5843,787,0,weight_original,cluster_robust_psu,False,"{'child_sex': {'reference': 'Male', 'reference_column': 'child_sex_Male'}}"
haz,2,ethiopia,sanitation_rate_loo_core,0.44781843400613397,0.12858823834081062,0.19579011802269264,0.6998467499895753,0.0004966124852085525,5843,787,0,weight_original,cluster_robust_psu,False,"{'child_sex': {'reference': 'Male', 'reference_column': 'child_sex_Male'}}"
haz,2,ethiopia,b19_raw,-0.025195401392126834,0.0015261733614795555,-0.02818664621479119,-0.022204156569462476,3.167460473359563e-61,5843,787,0,weight_original,cluster_robust_psu,False,"{'child_sex': {'reference': 'Male', 'reference_column': 'child_sex_Male'}}"
haz,2,ethiopia,birth_order_raw,-0.03283419488313765,0.013019483177647942,-0.058351913008652716,-0.007316476757622585,0.011671370390527028,5843,787,0,weight_original,cluster_robust_psu,False,"{'child_sex': {'reference': 'Male', 'reference_column': 'child_sex_Male'}}"
haz,2,ethiopia,child_sex_Female,0.11729793766157465,0.05706954198810895,0.00544369075068471,0.22915218457246458,0.03984511893768442,5843,787,0,weight_original,cluster_robust_psu,False,"{'child_sex': {'reference': 'Male', 'reference_column': 'child_sex_Male'}}"
haz,2,ghana,const,-1.3516607547840656,0.10075296403513676,-1.549132935628593,-1.154188573939538,4.899981771893441e-41,4405,616,0,weight_original,cluster_robust_psu,False,"{'child_sex': {'reference': 'Male', 'reference_column': 'child_sex_Male'}}"
haz,2,ghana,water_rate_loo,0.10677338526038453,0.09817006725290234,-0.085636410915179,0.2991831814359481,0.2767554446601762,4405,616,0,weight_original,cluster_robust_psu,False,"{'child_sex': {'reference': 'Male', 'reference_column': 'child_sex_Male'}}"
haz,2,ghana,sanitation_rate_loo_core,0.5572101246736777,0.09181008306400851,0.3772656684505903,0.7371545808967651,1.2858063975306883e-09,4405,616,0,weight_original,cluster_robust_psu,False,"{'child_sex': {'reference': 'Male', 'reference_column': 'child_sex_Male'}}"
haz,2,ghana,b19_raw,-0.004384853691569959,0.0015932644965370659,-0.007507594722628949,-0.0012621126605109677,0.005921097795816083,4405,616,0,weight_original,cluster_robust_psu,False,"{'child_sex': {'reference': 'Male', 'reference_column': 'child_sex_Male'}}"
haz,2,ghana,birth_order_raw,0.013870920136187728,0.013512761163997375,-0.012613605076938665,0.04035544534931412,0.304653495153828,4405,616,0,weight_original,cluster_robust_psu,False,"{'child_sex': {'reference': 'Male', 'reference_column': 'child_sex_Male'}}"
haz,2,ghana,child_sex_Female,0.1445543156264001,0.053757872352813325,0.03919082192938447,0.2499178093234157,0.007166882791378077,4405,616,0,weight_original,cluster_robust_psu,False,"{'child_sex': {'reference': 'Male', 'reference_column': 'child_sex_Male'}}"
haz,2,kenya,const,-1.3772542601616258,0.05448896051681289,-1.484050660329604,-1.2704578599936476,5.889958606303249e-141,17327,1688,0,weight_original,cluster_robust_psu,False,"{'child_sex': {'reference': 'Male', 'reference_column': 'child_sex_Male'}}"
haz,2,kenya,water_rate_loo,0.3691694133568947,0.05750314702725705,0.2564653161857594,0.48187351052802996,1.3628665277933993e-10,17327,1688,0,weight_original,cluster_robust_psu,False,"{'child_sex': {'reference': 'Male', 'reference_column': 'child_sex_Male'}}"
haz,2,kenya,sanitation_rate_loo_core,0.4061162143034637,0.06354410412263761,0.2815720587932308,0.5306603698136966,1.647052631831626e-10,17327,1688,0,weight_original,cluster_robust_psu,False,"{'child_sex': {'reference': 'Male', 'reference_column': 'child_sex_Male'}}"
haz,2,kenya,b19_raw,-0.0014856178227647299,0.0007810097498320095,-0.003016368804010106,4.513315848064629e-05,0.05714817930268374,17327,1688,0,weight_original,cluster_robust_psu,False,"{'child_sex': {'reference': 'Male', 'reference_column': 'child_sex_Male'}}"
haz,2,kenya,birth_order_raw,-0.030119338015144416,0.006654207143693532,-0.043161344362452884,-0.017077331667835947,6.000828012086305e-06,17327,1688,0,weight_original,cluster_robust_psu,False,"{'child_sex': {'reference': 'Male', 'reference_column': 'child_sex_Male'}}"
haz,2,kenya,child_sex_Female,0.1470114843000868,0.027824933262280468,0.09247561723378647,0.2015473513663871,1.2677744025554582e-07,17327,1688,0,weight_original,cluster_robust_psu,False,"{'child_sex': {'reference': 'Male', 'reference_column': 'child_sex_Male'}}"
haz,2,nigeria,const,-1.6569015053633096,0.08597564560857233,-1.8254106743036906,-1.4883923364229286,9.273882871071504e-83,9410,1343,0,weight_original,cluster_robust_psu,False,"{'child_sex': {'reference': 'Male', 'reference_column': 'child_sex_Male'}}"
haz,2,nigeria,water_rate_loo,0.6448742401040383,0.10787029858293189,0.4334523398799097,0.8562961403281668,2.2556502734327656e-09,9410,1343,0,weight_original,cluster_robust_psu,False,"{'child_sex': {'reference': 'Male', 'reference_column': 'child_sex_Male'}}"
haz,2,nigeria,sanitation_rate_loo_core,0.29560535317084935,0.09055648447290603,0.11811790503739292,0.47309280130430575,0.0010972711767210106,9410,1343,0,weight_original,cluster_robust_psu,False,"{'child_sex': {'reference': 'Male', 'reference_column': 'child_sex_Male'}}"
haz,2,nigeria,b19_raw,-0.015384433209128768,0.0012125408308584907,-0.017760969567395684,-0.013007896850861853,6.913038515146533e-37,9410,1343,0,weight_original,cluster_robust_psu,False,"{'child_sex': {'reference': 'Male', 'reference_column': 'child_sex_Male'}}"
haz,2,nigeria,birth_order_raw,-0.07938988646250977,0.00829533078923126,-0.09564843604924926,-0.06313133687577029,1.064614817036161e-21,9410,1343,0,weight_original,cluster_robust_psu,False,"{'child_sex': {'reference': 'Male', 'reference_column': 'child_sex_Male'}}"
haz,2,nigeria,child_sex_Female,0.20950820665356645,0.035276044465794486,0.14036842998357577,0.2786479833235571,2.8657858576514622e-09,9410,1343,0,weight_original,cluster_robust_psu,False,"{'child_sex': {'reference': 'Male', 'reference_column': 'child_sex_Male'}}"
haz,3,pooled,const,-2.1206931057691776,0.09205876240400569,-2.3011249645423586,-1.9402612469959966,2.0181870407578168e-117,36985,4434,0,model_specific_equal_total_country_weight,cluster_robust_country_psu,False,"{'child_sex': {'reference': 'Male', 'reference_column': 'child_sex_Male'}, 'maternal_education': {'reference': 'No education', 'reference_column': 'maternal_education_No education'}, 'literacy': {'reference': 'Cannot read at all', 'reference_column': 'literacy_Cannot read at all'}, 'wealth_quintile': {'reference': 'Poorest', 'reference_column': 'wealth_quintile_Poorest'}, 'residence': {'reference': 'Rural', 'reference_column': 'residence_Rural'}}"
haz,3,pooled,water_rate_loo,0.12681925600205418,0.059815101668650186,0.00958381099989812,0.24405470100421023,0.033990200727133636,36985,4434,0,model_specific_equal_total_country_weight,cluster_robust_country_psu,False,"{'child_sex': {'reference': 'Male', 'reference_column': 'child_sex_Male'}, 'maternal_education': {'reference': 'No education', 'reference_column': 'maternal_education_No education'}, 'literacy': {'reference': 'Cannot read at all', 'reference_column': 'literacy_Cannot read at all'}, 'wealth_quintile': {'reference': 'Poorest', 'reference_column': 'wealth_quintile_Poorest'}, 'residence': {'reference': 'Rural', 'reference_column': 'residence_Rural'}}"
haz,3,pooled,sanitation_rate_loo_core,0.008035422309472963,0.06374111744195031,-0.1168948722110875,0.13296571683003344,0.8996817348206887,36985,4434,0,model_specific_equal_total_country_weight,cluster_robust_country_psu,False,"{'child_sex': {'reference': 'Male', 'reference_column': 'child_sex_Male'}, 'maternal_education': {'reference': 'No education', 'reference_column': 'maternal_education_No education'}, 'literacy': {'reference': 'Cannot read at all', 'reference_column': 'literacy_Cannot read at all'}, 'wealth_quintile': {'reference': 'Poorest', 'reference_column': 'wealth_quintile_Poorest'}, 'residence': {'reference': 'Rural', 'reference_column': 'residence_Rural'}}"
haz,3,pooled,b19_raw,-0.013871757408272175,0.0007673183774876017,-0.015375673792823584,-0.012367841023720766,4.730315625750119e-73,36985,4434,0,model_specific_equal_total_country_weight,cluster_robust_country_psu,False,"{'child_sex': {'reference': 'Male', 'reference_column': 'child_sex_Male'}, 'maternal_education': {'reference': 'No education', 'reference_column': 'maternal_education_No education'}, 'literacy': {'reference': 'Cannot read at all', 'reference_column': 'literacy_Cannot read at all'}, 'wealth_quintile': {'reference': 'Poorest', 'reference_column': 'wealth_quintile_Poorest'}, 'residence': {'reference': 'Rural', 'reference_column': 'residence_Rural'}}"
haz,3,pooled,birth_order_raw,-0.06581471183059477,0.009680763881133493,-0.0847886603804526,-0.046840763280736934,1.057110892072047e-11,36985,4434,0,model_specific_equal_total_country_weight,cluster_robust_country_psu,False,"{'child_sex': {'reference': 'Male', 'reference_column': 'child_sex_Male'}, 'maternal_education': {'reference': 'No education', 'reference_column': 'maternal_education_No education'}, 'literacy': {'reference': 'Cannot read at all', 'reference_column': 'literacy_Cannot read at all'}, 'wealth_quintile': {'reference': 'Poorest', 'reference_column': 'wealth_quintile_Poorest'}, 'residence': {'reference': 'Rural', 'reference_column': 'residence_Rural'}}"
haz,3,pooled,maternal_age,0.034042494272447585,0.0030610624531266723,0.02804292210989148,0.04004206643500369,9.900239150246807e-29,36985,4434,0,model_specific_equal_total_country_weight,cluster_robust_country_psu,False,"{'child_sex': {'reference': 'Male', 'reference_column': 'child_sex_Male'}, 'maternal_education': {'reference': 'No education', 'reference_column': 'maternal_education_No education'}, 'literacy': {'reference': 'Cannot read at all', 'reference_column': 'literacy_Cannot read at all'}, 'wealth_quintile': {'reference': 'Poorest', 'reference_column': 'wealth_quintile_Poorest'}, 'residence': {'reference': 'Rural', 'reference_column': 'residence_Rural'}}"
haz,3,pooled,household_size_raw,-0.016955300836019448,0.005527870016689938,-0.027789726979950552,-0.006120874692088342,0.0021604573532948645,36985,4434,0,model_specific_equal_total_country_weight,cluster_robust_country_psu,False,"{'child_sex': {'reference': 'Male', 'reference_column': 'child_sex_Male'}, 'maternal_education': {'reference': 'No education', 'reference_column': 'maternal_education_No education'}, 'literacy': {'reference': 'Cannot read at all', 'reference_column': 'literacy_Cannot read at all'}, 'wealth_quintile': {'reference': 'Poorest', 'reference_column': 'wealth_quintile_Poorest'}, 'residence': {'reference': 'Rural', 'reference_column': 'residence_Rural'}}"
haz,3,pooled,child_sex_Female,0.1566729444010873,0.022620163974246033,0.11233823768717467,0.20100765111499996,4.3213796600442725e-12,36985,4434,0,model_specific_equal_total_country_weight,cluster_robust_country_psu,False,"{'child_sex': {'reference': 'Male', 'reference_column': 'child_sex_Male'}, 'maternal_education': {'reference': 'No education', 'reference_column': 'maternal_education_No education'}, 'literacy': {'reference': 'Cannot read at all', 'reference_column': 'literacy_Cannot read at all'}, 'wealth_quintile': {'reference': 'Poorest', 'reference_column': 'wealth_quintile_Poorest'}, 'residence': {'reference': 'Rural', 'reference_column': 'residence_Rural'}}"
haz,3,pooled,maternal_education_Higher,0.5030938389822129,0.0660167909060947,0.37370330643135596,0.6324843715330699,2.523131707618751e-14,36985,4434,0,model_specific_equal_total_country_weight,cluster_robust_country_psu,False,"{'child_sex': {'reference': 'Male', 'reference_column': 'child_sex_Male'}, 'maternal_education': {'reference': 'No education', 'reference_column': 'maternal_education_No education'}, 'literacy': {'reference': 'Cannot read at all', 'reference_column': 'literacy_Cannot read at all'}, 'wealth_quintile': {'reference': 'Poorest', 'reference_column': 'wealth_quintile_Poorest'}, 'residence': {'reference': 'Rural', 'reference_column': 'residence_Rural'}}"
haz,3,pooled,maternal_education_Primary,0.18620947820625033,0.047188821075447966,0.09372108842546766,0.278697867987033,7.945081296284066e-05,36985,4434,0,model_specific_equal_total_country_weight,cluster_robust_country_psu,False,"{'child_sex': {'reference': 'Male', 'reference_column': 'child_sex_Male'}, 'maternal_education': {'reference': 'No education', 'reference_column': 'maternal_education_No education'}, 'literacy': {'reference': 'Cannot read at all', 'reference_column': 'literacy_Cannot read at all'}, 'wealth_quintile': {'reference': 'Poorest', 'reference_column': 'wealth_quintile_Poorest'}, 'residence': {'reference': 'Rural', 'reference_column': 'residence_Rural'}}"
haz,3,pooled,maternal_education_Secondary,0.3624579054433035,0.05090128055741239,0.2626932287838063,0.46222258210280065,1.0730137954402457e-12,36985,4434,0,model_specific_equal_total_country_weight,cluster_robust_country_psu,False,"{'child_sex': {'reference': 'Male', 'reference_column': 'child_sex_Male'}, 'maternal_education': {'reference': 'No education', 'reference_column': 'maternal_education_No education'}, 'literacy': {'reference': 'Cannot read at all', 'reference_column': 'literacy_Cannot read at all'}, 'wealth_quintile': {'reference': 'Poorest', 'reference_column': 'wealth_quintile_Poorest'}, 'residence': {'reference': 'Rural', 'reference_column': 'residence_Rural'}}"
haz,3,pooled,literacy_Able to read only parts of sentence,0.08163895450993802,0.04830070309108347,-0.013028683976548036,0.1763065929964241,0.09098531863995103,36985,4434,0,model_specific_equal_total_country_weight,cluster_robust_country_psu,False,"{'child_sex': {'reference': 'Male', 'reference_column': 'child_sex_Male'}, 'maternal_education': {'reference': 'No education', 'reference_column': 'maternal_education_No education'}, 'literacy': {'reference': 'Cannot read at all', 'reference_column': 'literacy_Cannot read at all'}, 'wealth_quintile': {'reference': 'Poorest', 'reference_column': 'wealth_quintile_Poorest'}, 'residence': {'reference': 'Rural', 'reference_column': 'residence_Rural'}}"
haz,3,pooled,literacy_Able to read whole sentence,0.16596122664741375,0.041452703183626705,0.08471542134567657,0.24720703194915095,6.237827620452996e-05,36985,4434,0,model_specific_equal_total_country_weight,cluster_robust_country_psu,False,"{'child_sex': {'reference': 'Male', 'reference_column': 'child_sex_Male'}, 'maternal_education': {'reference': 'No education', 'reference_column': 'maternal_education_No education'}, 'literacy': {'reference': 'Cannot read at all', 'reference_column': 'literacy_Cannot read at all'}, 'wealth_quintile': {'reference': 'Poorest', 'reference_column': 'wealth_quintile_Poorest'}, 'residence': {'reference': 'Rural', 'reference_column': 'residence_Rural'}}"
haz,3,pooled,literacy_Blind/visually impaired,1.002540955843566,0.538973988981364,-0.053828651163795316,2.0589105628509277,0.06287257626466677,36985,4434,0,model_specific_equal_total_country_weight,cluster_robust_country_psu,False,"{'child_sex': {'reference': 'Male', 'reference_column': 'child_sex_Male'}, 'maternal_education': {'reference': 'No education', 'reference_column': 'maternal_education_No education'}, 'literacy': {'reference': 'Cannot read at all', 'reference_column': 'literacy_Cannot read at all'}, 'wealth_quintile': {'reference': 'Poorest', 'reference_column': 'wealth_quintile_Poorest'}, 'residence': {'reference': 'Rural', 'reference_column': 'residence_Rural'}}"
haz,3,pooled,literacy_No card with required language,0.3148291002694579,0.2650886432640173,-0.2047350932386025,0.8343932937775183,0.23497642547854736,36985,4434,0,model_specific_equal_total_country_weight,cluster_robust_country_psu,False,"{'child_sex': {'reference': 'Male', 'reference_column': 'child_sex_Male'}, 'maternal_education': {'reference': 'No education', 'reference_column': 'maternal_education_No education'}, 'literacy': {'reference': 'Cannot read at all', 'reference_column': 'literacy_Cannot read at all'}, 'wealth_quintile': {'reference': 'Poorest', 'reference_column': 'wealth_quintile_Poorest'}, 'residence': {'reference': 'Rural', 'reference_column': 'residence_Rural'}}"
haz,3,pooled,wealth_quintile_Middle,-0.003360207658666272,0.04740787915556578,-0.09627794338700237,0.08955752806966981,0.9434943155740422,36985,4434,0,model_specific_equal_total_country_weight,cluster_robust_country_psu,False,"{'child_sex': {'reference': 'Male', 'reference_column': 'child_sex_Male'}, 'maternal_education': {'reference': 'No education', 'reference_column': 'maternal_education_No education'}, 'literacy': {'reference': 'Cannot read at all', 'reference_column': 'literacy_Cannot read at all'}, 'wealth_quintile': {'reference': 'Poorest', 'reference_column': 'wealth_quintile_Poorest'}, 'residence': {'reference': 'Rural', 'reference_column': 'residence_Rural'}}"
haz,3,pooled,wealth_quintile_Poorer,-0.06665627410062369,0.03925167787391732,-0.14358814906626938,0.01027560086502198,0.08947446820023806,36985,4434,0,model_specific_equal_total_country_weight,cluster_robust_country_psu,False,"{'child_sex': {'reference': 'Male', 'reference_column': 'child_sex_Male'}, 'maternal_education': {'reference': 'No education', 'reference_column': 'maternal_education_No education'}, 'literacy': {'reference': 'Cannot read at all', 'reference_column': 'literacy_Cannot read at all'}, 'wealth_quintile': {'reference': 'Poorest', 'reference_column': 'wealth_quintile_Poorest'}, 'residence': {'reference': 'Rural', 'reference_column': 'residence_Rural'}}"
haz,3,pooled,wealth_quintile_Richer,0.06508610956113571,0.05544204988109693,-0.04357831143488747,0.1737505305571589,0.24041566683909732,36985,4434,0,model_specific_equal_total_country_weight,cluster_robust_country_psu,False,"{'child_sex': {'reference': 'Male', 'reference_column': 'child_sex_Male'}, 'maternal_education': {'reference': 'No education', 'reference_column': 'maternal_education_No education'}, 'literacy': {'reference': 'Cannot read at all', 'reference_column': 'literacy_Cannot read at all'}, 'wealth_quintile': {'reference': 'Poorest', 'reference_column': 'wealth_quintile_Poorest'}, 'residence': {'reference': 'Rural', 'reference_column': 'residence_Rural'}}"
haz,3,pooled,wealth_quintile_Richest,0.31236342295422825,0.06738306569827267,0.1802950410177175,0.44443180489073897,3.5584019662439953e-06,36985,4434,0,model_specific_equal_total_country_weight,cluster_robust_country_psu,False,"{'child_sex': {'reference': 'Male', 'reference_column': 'child_sex_Male'}, 'maternal_education': {'reference': 'No education', 'reference_column': 'maternal_education_No education'}, 'literacy': {'reference': 'Cannot read at all', 'reference_column': 'literacy_Cannot read at all'}, 'wealth_quintile': {'reference': 'Poorest', 'reference_column': 'wealth_quintile_Poorest'}, 'residence': {'reference': 'Rural', 'reference_column': 'residence_Rural'}}"
haz,3,pooled,residence_Urban,0.03877650924576155,0.03795754312082723,-0.0356189082126859,0.113171926704209,0.3069816942517559,36985,4434,0,model_specific_equal_total_country_weight,cluster_robust_country_psu,False,"{'child_sex': {'reference': 'Male', 'reference_column': 'child_sex_Male'}, 'maternal_education': {'reference': 'No education', 'reference_column': 'maternal_education_No education'}, 'literacy': {'reference': 'Cannot read at all', 'reference_column': 'literacy_Cannot read at all'}, 'wealth_quintile': {'reference': 'Poorest', 'reference_column': 'wealth_quintile_Poorest'}, 'residence': {'reference': 'Rural', 'reference_column': 'residence_Rural'}}"
haz,3,ethiopia,const,-1.3034344230206159,0.222106777207417,-1.7387557070694148,-0.8681131389718167,4.3974583685001005e-09,5843,787,0,weight_original,cluster_robust_psu,False,"{'child_sex': {'reference': 'Male', 'reference_column': 'child_sex_Male'}, 'maternal_education': {'reference': 'No education', 'reference_column': 'maternal_education_No education'}, 'literacy': {'reference': 'Cannot read at all', 'reference_column': 'literacy_Cannot read at all'}, 'wealth_quintile': {'reference': 'Poorest', 'reference_column': 'wealth_quintile_Poorest'}, 'residence': {'reference': 'Rural', 'reference_column': 'residence_Rural'}}"
haz,3,ethiopia,water_rate_loo,-0.08675751920465793,0.13774525818270067,-0.3567332642839224,0.18321822587460654,0.5287990545392057,5843,787,0,weight_original,cluster_robust_psu,False,"{'child_sex': {'reference': 'Male', 'reference_column': 'child_sex_Male'}, 'maternal_education': {'reference': 'No education', 'reference_column': 'maternal_education_No education'}, 'literacy': {'reference': 'Cannot read at all', 'reference_column': 'literacy_Cannot read at all'}, 'wealth_quintile': {'reference': 'Poorest', 'reference_column': 'wealth_quintile_Poorest'}, 'residence': {'reference': 'Rural', 'reference_column': 'residence_Rural'}}"
haz,3,ethiopia,sanitation_rate_loo_core,0.20023715515052629,0.13487260264226614,-0.0641082885294971,0.46458259883054964,0.13763942109599356,5843,787,0,weight_original,cluster_robust_psu,False,"{'child_sex': {'reference': 'Male', 'reference_column': 'child_sex_Male'}, 'maternal_education': {'reference': 'No education', 'reference_column': 'maternal_education_No education'}, 'literacy': {'reference': 'Cannot read at all', 'reference_column': 'literacy_Cannot read at all'}, 'wealth_quintile': {'reference': 'Poorest', 'reference_column': 'wealth_quintile_Poorest'}, 'residence': {'reference': 'Rural', 'reference_column': 'residence_Rural'}}"
haz,3,ethiopia,b19_raw,-0.026093268576125563,0.001643668692728493,-0.029314800016389444,-0.022871737135861683,9.438520540683309e-57,5843,787,0,weight_original,cluster_robust_psu,False,"{'child_sex': {'reference': 'Male', 'reference_column': 'child_sex_Male'}, 'maternal_education': {'reference': 'No education', 'reference_column': 'maternal_education_No education'}, 'literacy': {'reference': 'Cannot read at all', 'reference_column': 'literacy_Cannot read at all'}, 'wealth_quintile': {'reference': 'Poorest', 'reference_column': 'wealth_quintile_Poorest'}, 'residence': {'reference': 'Rural', 'reference_column': 'residence_Rural'}}"
haz,3,ethiopia,birth_order_raw,-0.0499216945796756,0.02599870194586819,-0.10087821403836866,0.0010348248790174666,0.05483756102546114,5843,787,0,weight_original,cluster_robust_psu,False,"{'child_sex': {'reference': 'Male', 'reference_column': 'child_sex_Male'}, 'maternal_education': {'reference': 'No education', 'reference_column': 'maternal_education_No education'}, 'literacy': {'reference': 'Cannot read at all', 'reference_column': 'literacy_Cannot read at all'}, 'wealth_quintile': {'reference': 'Poorest', 'reference_column': 'wealth_quintile_Poorest'}, 'residence': {'reference': 'Rural', 'reference_column': 'residence_Rural'}}"
haz,3,ethiopia,maternal_age,0.017884655305177004,0.007860314565726584,0.002478721849197304,0.0332905887611567,0.022887317325213735,5843,787,0,weight_original,cluster_robust_psu,False,"{'child_sex': {'reference': 'Male', 'reference_column': 'child_sex_Male'}, 'maternal_education': {'reference': 'No education', 'reference_column': 'maternal_education_No education'}, 'literacy': {'reference': 'Cannot read at all', 'reference_column': 'literacy_Cannot read at all'}, 'wealth_quintile': {'reference': 'Poorest', 'reference_column': 'wealth_quintile_Poorest'}, 'residence': {'reference': 'Rural', 'reference_column': 'residence_Rural'}}"
haz,3,ethiopia,household_size_raw,0.0002544484535130762,0.021076938538043627,-0.04105559198541673,0.04156448889244289,0.9903678818967991,5843,787,0,weight_original,cluster_robust_psu,False,"{'child_sex': {'reference': 'Male', 'reference_column': 'child_sex_Male'}, 'maternal_education': {'reference': 'No education', 'reference_column': 'maternal_education_No education'}, 'literacy': {'reference': 'Cannot read at all', 'reference_column': 'literacy_Cannot read at all'}, 'wealth_quintile': {'reference': 'Poorest', 'reference_column': 'wealth_quintile_Poorest'}, 'residence': {'reference': 'Rural', 'reference_column': 'residence_Rural'}}"
haz,3,ethiopia,child_sex_Female,0.12105943408999846,0.05580772744793006,0.011678298233028114,0.23044056994696882,0.030065719533532913,5843,787,0,weight_original,cluster_robust_psu,False,"{'child_sex': {'reference': 'Male', 'reference_column': 'child_sex_Male'}, 'maternal_education': {'reference': 'No education', 'reference_column': 'maternal_education_No education'}, 'literacy': {'reference': 'Cannot read at all', 'reference_column': 'literacy_Cannot read at all'}, 'wealth_quintile': {'reference': 'Poorest', 'reference_column': 'wealth_quintile_Poorest'}, 'residence': {'reference': 'Rural', 'reference_column': 'residence_Rural'}}"
haz,3,ethiopia,maternal_education_Higher,0.13184942331098523,0.19436841940949406,-0.24910567846359913,0.5128045250855696,0.4975510882982491,5843,787,0,weight_original,cluster_robust_psu,False,"{'child_sex': {'reference': 'Male', 'reference_column': 'child_sex_Male'}, 'maternal_education': {'reference': 'No education', 'reference_column': 'maternal_education_No education'}, 'literacy': {'reference': 'Cannot read at all', 'reference_column': 'literacy_Cannot read at all'}, 'wealth_quintile': {'reference': 'Poorest', 'reference_column': 'wealth_quintile_Poorest'}, 'residence': {'reference': 'Rural', 'reference_column': 'residence_Rural'}}"
haz,3,ethiopia,maternal_education_Primary,-0.1363109465341327,0.11616349988442276,-0.363987222625724,0.09136532955745863,0.2406192346592616,5843,787,0,weight_original,cluster_robust_psu,False,"{'child_sex': {'reference': 'Male', 'reference_column': 'child_sex_Male'}, 'maternal_education': {'reference': 'No education', 'reference_column': 'maternal_education_No education'}, 'literacy': {'reference': 'Cannot read at all', 'reference_column': 'literacy_Cannot read at all'}, 'wealth_quintile': {'reference': 'Poorest', 'reference_column': 'wealth_quintile_Poorest'}, 'residence': {'reference': 'Rural', 'reference_column': 'residence_Rural'}}"
haz,3,ethiopia,maternal_education_Secondary,-0.02231241998528863,0.15537803780746126,-0.3268477780764155,0.2822229381058383,0.8858156608490623,5843,787,0,weight_original,cluster_robust_psu,False,"{'child_sex': {'reference': 'Male', 'reference_column': 'child_sex_Male'}, 'maternal_education': {'reference': 'No education', 'reference_column': 'maternal_education_No education'}, 'literacy': {'reference': 'Cannot read at all', 'reference_column': 'literacy_Cannot read at all'}, 'wealth_quintile': {'reference': 'Poorest', 'reference_column': 'wealth_quintile_Poorest'}, 'residence': {'reference': 'Rural', 'reference_column': 'residence_Rural'}}"
haz,3,ethiopia,literacy_Able to read only parts of sentence,0.18415485275018315,0.12638205651201395,-0.06354942630547,0.4318591318058363,0.14508100801569118,5843,787,0,weight_original,cluster_robust_psu,False,"{'child_sex': {'reference': 'Male', 'reference_column': 'child_sex_Male'}, 'maternal_education': {'reference': 'No education', 'reference_column': 'maternal_education_No education'}, 'literacy': {'reference': 'Cannot read at all', 'reference_column': 'literacy_Cannot read at all'}, 'wealth_quintile': {'reference': 'Poorest', 'reference_column': 'wealth_quintile_Poorest'}, 'residence': {'reference': 'Rural', 'reference_column': 'residence_Rural'}}"
haz,3,ethiopia,literacy_Able to read whole sentence,0.14937371465744267,0.12547694082227207,-0.09655657024447425,0.3953039995593596,0.23387054004316643,5843,787,0,weight_original,cluster_robust_psu,False,"{'child_sex': {'reference': 'Male', 'reference_column': 'child_sex_Male'}, 'maternal_education': {'reference': 'No education', 'reference_column': 'maternal_education_No education'}, 'literacy': {'reference': 'Cannot read at all', 'reference_column': 'literacy_Cannot read at all'}, 'wealth_quintile': {'reference': 'Poorest', 'reference_column': 'wealth_quintile_Poorest'}, 'residence': {'reference': 'Rural', 'reference_column': 'residence_Rural'}}"
haz,3,ethiopia,literacy_Blind/visually impaired,1.2924456952022365,0.5117884444384507,0.2893587763990946,2.2955326140053787,0.011558263188317812,5843,787,0,weight_original,cluster_robust_psu,False,"{'child_sex': {'reference': 'Male', 'reference_column': 'child_sex_Male'}, 'maternal_education': {'reference': 'No education', 'reference_column': 'maternal_education_No education'}, 'literacy': {'reference': 'Cannot read at all', 'reference_column': 'literacy_Cannot read at all'}, 'wealth_quintile': {'reference': 'Poorest', 'reference_column': 'wealth_quintile_Poorest'}, 'residence': {'reference': 'Rural', 'reference_column': 'residence_Rural'}}"
haz,3,ethiopia,literacy_No card with required language,0.19820730118836022,0.22095381323217073,-0.23485421499348402,0.6312688173702045,0.36969058783012043,5843,787,0,weight_original,cluster_robust_psu,False,"{'child_sex': {'reference': 'Male', 'reference_column': 'child_sex_Male'}, 'maternal_education': {'reference': 'No education', 'reference_column': 'maternal_education_No education'}, 'literacy': {'reference': 'Cannot read at all', 'reference_column': 'literacy_Cannot read at all'}, 'wealth_quintile': {'reference': 'Poorest', 'reference_column': 'wealth_quintile_Poorest'}, 'residence': {'reference': 'Rural', 'reference_column': 'residence_Rural'}}"
haz,3,ethiopia,wealth_quintile_Middle,-0.05807492223638333,0.12794709371995908,-0.308846617854074,0.19269677338130736,0.649902286508318,5843,787,0,weight_original,cluster_robust_psu,False,"{'child_sex': {'reference': 'Male', 'reference_column': 'child_sex_Male'}, 'maternal_education': {'reference': 'No education', 'reference_column': 'maternal_education_No education'}, 'literacy': {'reference': 'Cannot read at all', 'reference_column': 'literacy_Cannot read at all'}, 'wealth_quintile': {'reference': 'Poorest', 'reference_column': 'wealth_quintile_Poorest'}, 'residence': {'reference': 'Rural', 'reference_column': 'residence_Rural'}}"
haz,3,ethiopia,wealth_quintile_Poorer,-0.08448423473097356,0.1128845972674177,-0.30573397978442085,0.13676551032247375,0.4542114327651491,5843,787,0,weight_original,cluster_robust_psu,False,"{'child_sex': {'reference': 'Male', 'reference_column': 'child_sex_Male'}, 'maternal_education': {'reference': 'No education', 'reference_column': 'maternal_education_No education'}, 'literacy': {'reference': 'Cannot read at all', 'reference_column': 'literacy_Cannot read at all'}, 'wealth_quintile': {'reference': 'Poorest', 'reference_column': 'wealth_quintile_Poorest'}, 'residence': {'reference': 'Rural', 'reference_column': 'residence_Rural'}}"
haz,3,ethiopia,wealth_quintile_Richer,0.12404748702887496,0.1381435320285354,-0.1467088604442099,0.3948038345019598,0.36920640795880066,5843,787,0,weight_original,cluster_robust_psu,False,"{'child_sex': {'reference': 'Male', 'reference_column': 'child_sex_Male'}, 'maternal_education': {'reference': 'No education', 'reference_column': 'maternal_education_No education'}, 'literacy': {'reference': 'Cannot read at all', 'reference_column': 'literacy_Cannot read at all'}, 'wealth_quintile': {'reference': 'Poorest', 'reference_column': 'wealth_quintile_Poorest'}, 'residence': {'reference': 'Rural', 'reference_column': 'residence_Rural'}}"
haz,3,ethiopia,wealth_quintile_Richest,0.497287849813973,0.18400056157555594,0.1366533759907388,0.8579223236372072,0.006879056430190474,5843,787,0,weight_original,cluster_robust_psu,False,"{'child_sex': {'reference': 'Male', 'reference_column': 'child_sex_Male'}, 'maternal_education': {'reference': 'No education', 'reference_column': 'maternal_education_No education'}, 'literacy': {'reference': 'Cannot read at all', 'reference_column': 'literacy_Cannot read at all'}, 'wealth_quintile': {'reference': 'Poorest', 'reference_column': 'wealth_quintile_Poorest'}, 'residence': {'reference': 'Rural', 'reference_column': 'residence_Rural'}}"
haz,3,ethiopia,residence_Urban,-0.17574844609450402,0.10875596235321068,-0.38890621541079096,0.03740932322178289,0.10609667708490654,5843,787,0,weight_original,cluster_robust_psu,False,"{'child_sex': {'reference': 'Male', 'reference_column': 'child_sex_Male'}, 'maternal_education': {'reference': 'No education', 'reference_column': 'maternal_education_No education'}, 'literacy': {'reference': 'Cannot read at all', 'reference_column': 'literacy_Cannot read at all'}, 'wealth_quintile': {'reference': 'Poorest', 'reference_column': 'wealth_quintile_Poorest'}, 'residence': {'reference': 'Rural', 'reference_column': 'residence_Rural'}}"
haz,3,ghana,const,-1.977086603196804,0.1914916992959761,-2.3524034371552913,-1.6017697692383168,5.451183780427887e-25,4405,616,0,weight_original,cluster_robust_psu,False,"{'child_sex': {'reference': 'Male', 'reference_column': 'child_sex_Male'}, 'maternal_education': {'reference': 'No education', 'reference_column': 'maternal_education_No education'}, 'literacy': {'reference': 'Cannot read at all', 'reference_column': 'literacy_Cannot read at all'}, 'wealth_quintile': {'reference': 'Poorest', 'reference_column': 'wealth_quintile_Poorest'}, 'residence': {'reference': 'Rural', 'reference_column': 'residence_Rural'}}"
haz,3,ghana,water_rate_loo,0.0035312466847541467,0.10496829720753137,-0.20220283536050365,0.20926532873001197,0.9731633652034813,4405,616,0,weight_original,cluster_robust_psu,False,"{'child_sex': {'reference': 'Male', 'reference_column': 'child_sex_Male'}, 'maternal_education': {'reference': 'No education', 'reference_column': 'maternal_education_No education'}, 'literacy': {'reference': 'Cannot read at all', 'reference_column': 'literacy_Cannot read at all'}, 'wealth_quintile': {'reference': 'Poorest', 'reference_column': 'wealth_quintile_Poorest'}, 'residence': {'reference': 'Rural', 'reference_column': 'residence_Rural'}}"
haz,3,ghana,sanitation_rate_loo_core,0.13716650717427956,0.11513779262936624,-0.08849941963871957,0.3628324339872787,0.23352610376736882,4405,616,0,weight_original,cluster_robust_psu,False,"{'child_sex': {'reference': 'Male', 'reference_column': 'child_sex_Male'}, 'maternal_education': {'reference': 'No education', 'reference_column': 'maternal_education_No education'}, 'literacy': {'reference': 'Cannot read at all', 'reference_column': 'literacy_Cannot read at all'}, 'wealth_quintile': {'reference': 'Poorest', 'reference_column': 'wealth_quintile_Poorest'}, 'residence': {'reference': 'Rural', 'reference_column': 'residence_Rural'}}"
haz,3,ghana,b19_raw,-0.0059834836526142235,0.001612871031238771,-0.00914465278555019,-0.002822314519678256,0.00020739525623429667,4405,616,0,weight_original,cluster_robust_psu,False,"{'child_sex': {'reference': 'Male', 'reference_column': 'child_sex_Male'}, 'maternal_education': {'reference': 'No education', 'reference_column': 'maternal_education_No education'}, 'literacy': {'reference': 'Cannot read at all', 'reference_column': 'literacy_Cannot read at all'}, 'wealth_quintile': {'reference': 'Poorest', 'reference_column': 'wealth_quintile_Poorest'}, 'residence': {'reference': 'Rural', 'reference_column': 'residence_Rural'}}"
haz,3,ghana,birth_order_raw,-0.018174899717490988,0.023176654018985107,-0.0636003068768473,0.02725050744186532,0.4329286471043694,4405,616,0,weight_original,cluster_robust_psu,False,"{'child_sex': {'reference': 'Male', 'reference_column': 'child_sex_Male'}, 'maternal_education': {'reference': 'No education', 'reference_column': 'maternal_education_No education'}, 'literacy': {'reference': 'Cannot read at all', 'reference_column': 'literacy_Cannot read at all'}, 'wealth_quintile': {'reference': 'Poorest', 'reference_column': 'wealth_quintile_Poorest'}, 'residence': {'reference': 'Rural', 'reference_column': 'residence_Rural'}}"
haz,3,ghana,maternal_age,0.022877071933921737,0.006612899894376733,0.009916026307574615,0.03583811756026886,0.0005412568475823689,4405,616,0,weight_original,cluster_robust_psu,False,"{'child_sex': {'reference': 'Male', 'reference_column': 'child_sex_Male'}, 'maternal_education': {'reference': 'No education', 'reference_column': 'maternal_education_No education'}, 'literacy': {'reference': 'Cannot read at all', 'reference_column': 'literacy_Cannot read at all'}, 'wealth_quintile': {'reference': 'Poorest', 'reference_column': 'wealth_quintile_Poorest'}, 'residence': {'reference': 'Rural', 'reference_column': 'residence_Rural'}}"
haz,3,ghana,household_size_raw,0.012980455293122644,0.011587367198341721,-0.009730367091267919,0.035691277677513206,0.2626180080069156,4405,616,0,weight_original,cluster_robust_psu,False,"{'child_sex': {'reference': 'Male', 'reference_column': 'child_sex_Male'}, 'maternal_education': {'reference': 'No education', 'reference_column': 'maternal_education_No education'}, 'literacy': {'reference': 'Cannot read at all', 'reference_column': 'literacy_Cannot read at all'}, 'wealth_quintile': {'reference': 'Poorest', 'reference_column': 'wealth_quintile_Poorest'}, 'residence': {'reference': 'Rural', 'reference_column': 'residence_Rural'}}"
haz,3,ghana,child_sex_Female,0.16022836228488116,0.052316526126895795,0.05768985527991663,0.2627668692898457,0.002193703290695955,4405,616,0,weight_original,cluster_robust_psu,False,"{'child_sex': {'reference': 'Male', 'reference_column': 'child_sex_Male'}, 'maternal_education': {'reference': 'No education', 'reference_column': 'maternal_education_No education'}, 'literacy': {'reference': 'Cannot read at all', 'reference_column': 'literacy_Cannot read at all'}, 'wealth_quintile': {'reference': 'Poorest', 'reference_column': 'wealth_quintile_Poorest'}, 'residence': {'reference': 'Rural', 'reference_column': 'residence_Rural'}}"
haz,3,ghana,maternal_education_Higher,0.2593367093178965,0.13707121867061395,-0.009317942593521089,0.5279913612293141,0.05849296028136918,4405,616,0,weight_original,cluster_robust_psu,False,"{'child_sex': {'reference': 'Male', 'reference_column': 'child_sex_Male'}, 'maternal_education': {'reference': 'No education', 'reference_column': 'maternal_education_No education'}, 'literacy': {'reference': 'Cannot read at all', 'reference_column': 'literacy_Cannot read at all'}, 'wealth_quintile': {'reference': 'Poorest', 'reference_column': 'wealth_quintile_Poorest'}, 'residence': {'reference': 'Rural', 'reference_column': 'residence_Rural'}}"
haz,3,ghana,maternal_education_Primary,0.06063330824697713,0.07776336217973198,-0.09178008094204171,0.21304669743599597,0.4355582819697027,4405,616,0,weight_original,cluster_robust_psu,False,"{'child_sex': {'reference': 'Male', 'reference_column': 'child_sex_Male'}, 'maternal_education': {'reference': 'No education', 'reference_column': 'maternal_education_No education'}, 'literacy': {'reference': 'Cannot read at all', 'reference_column': 'literacy_Cannot read at all'}, 'wealth_quintile': {'reference': 'Poorest', 'reference_column': 'wealth_quintile_Poorest'}, 'residence': {'reference': 'Rural', 'reference_column': 'residence_Rural'}}"
haz,3,ghana,maternal_education_Secondary,0.1067285612415758,0.08436657201492385,-0.05862688140677978,0.27208400388993137,0.2058507310558758,4405,616,0,weight_original,cluster_robust_psu,False,"{'child_sex': {'reference': 'Male', 'reference_column': 'child_sex_Male'}, 'maternal_education': {'reference': 'No education', 'reference_column': 'maternal_education_No education'}, 'literacy': {'reference': 'Cannot read at all', 'reference_column': 'literacy_Cannot read at all'}, 'wealth_quintile': {'reference': 'Poorest', 'reference_column': 'wealth_quintile_Poorest'}, 'residence': {'reference': 'Rural', 'reference_column': 'residence_Rural'}}"
haz,3,ghana,literacy_Able to read only parts of sentence,0.17145838049438492,0.09238526786203427,-0.009613417217287978,0.3525301782060578,0.0634669459647166,4405,616,0,weight_original,cluster_robust_psu,False,"{'child_sex': {'reference': 'Male', 'reference_column': 'child_sex_Male'}, 'maternal_education': {'reference': 'No education', 'reference_column': 'maternal_education_No education'}, 'literacy': {'reference': 'Cannot read at all', 'reference_column': 'literacy_Cannot read at all'}, 'wealth_quintile': {'reference': 'Poorest', 'reference_column': 'wealth_quintile_Poorest'}, 'residence': {'reference': 'Rural', 'reference_column': 'residence_Rural'}}"
haz,3,ghana,literacy_Able to read whole sentence,0.1749791992551354,0.08463696767880736,0.009093790843992339,0.34086460766627846,0.03869566368078545,4405,616,0,weight_original,cluster_robust_psu,False,"{'child_sex': {'reference': 'Male', 'reference_column': 'child_sex_Male'}, 'maternal_education': {'reference': 'No education', 'reference_column': 'maternal_education_No education'}, 'literacy': {'reference': 'Cannot read at all', 'reference_column': 'literacy_Cannot read at all'}, 'wealth_quintile': {'reference': 'Poorest', 'reference_column': 'wealth_quintile_Poorest'}, 'residence': {'reference': 'Rural', 'reference_column': 'residence_Rural'}}"
haz,3,ghana,literacy_Blind/visually impaired,-0.6282634093634611,0.41965692476828703,-1.4507758677721387,0.19424904904521645,0.13437032259446774,4405,616,0,weight_original,cluster_robust_psu,False,"{'child_sex': {'reference': 'Male', 'reference_column': 'child_sex_Male'}, 'maternal_education': {'reference': 'No education', 'reference_column': 'maternal_education_No education'}, 'literacy': {'reference': 'Cannot read at all', 'reference_column': 'literacy_Cannot read at all'}, 'wealth_quintile': {'reference': 'Poorest', 'reference_column': 'wealth_quintile_Poorest'}, 'residence': {'reference': 'Rural', 'reference_column': 'residence_Rural'}}"
haz,3,ghana,literacy_No card with required language,0.42952068850393077,0.4215168211434282,-0.39663709981500006,1.2556784768228617,0.3082085441908261,4405,616,0,weight_original,cluster_robust_psu,False,"{'child_sex': {'reference': 'Male', 'reference_column': 'child_sex_Male'}, 'maternal_education': {'reference': 'No education', 'reference_column': 'maternal_education_No education'}, 'literacy': {'reference': 'Cannot read at all', 'reference_column': 'literacy_Cannot read at all'}, 'wealth_quintile': {'reference': 'Poorest', 'reference_column': 'wealth_quintile_Poorest'}, 'residence': {'reference': 'Rural', 'reference_column': 'residence_Rural'}}"
haz,3,ghana,wealth_quintile_Middle,0.12030480285855796,0.10063557998828565,-0.07693730948178171,0.31754691519889766,0.23191126518318173,4405,616,0,weight_original,cluster_robust_psu,False,"{'child_sex': {'reference': 'Male', 'reference_column': 'child_sex_Male'}, 'maternal_education': {'reference': 'No education', 'reference_column': 'maternal_education_No education'}, 'literacy': {'reference': 'Cannot read at all', 'reference_column': 'literacy_Cannot read at all'}, 'wealth_quintile': {'reference': 'Poorest', 'reference_column': 'wealth_quintile_Poorest'}, 'residence': {'reference': 'Rural', 'reference_column': 'residence_Rural'}}"
haz,3,ghana,wealth_quintile_Poorer,0.009053749255711957,0.07466388096562467,-0.13728476838289808,0.15539226689432198,0.9034850267583955,4405,616,0,weight_original,cluster_robust_psu,False,"{'child_sex': {'reference': 'Male', 'reference_column': 'child_sex_Male'}, 'maternal_education': {'reference': 'No education', 'reference_column': 'maternal_education_No education'}, 'literacy': {'reference': 'Cannot read at all', 'reference_column': 'literacy_Cannot read at all'}, 'wealth_quintile': {'reference': 'Poorest', 'reference_column': 'wealth_quintile_Poorest'}, 'residence': {'reference': 'Rural', 'reference_column': 'residence_Rural'}}"
haz,3,ghana,wealth_quintile_Richer,0.20442786471018232,0.11201842953732931,-0.015124222787720909,0.42397995220808554,0.06800880165143473,4405,616,0,weight_original,cluster_robust_psu,False,"{'child_sex': {'reference': 'Male', 'reference_column': 'child_sex_Male'}, 'maternal_education': {'reference': 'No education', 'reference_column': 'maternal_education_No education'}, 'literacy': {'reference': 'Cannot read at all', 'reference_column': 'literacy_Cannot read at all'}, 'wealth_quintile': {'reference': 'Poorest', 'reference_column': 'wealth_quintile_Poorest'}, 'residence': {'reference': 'Rural', 'reference_column': 'residence_Rural'}}"
haz,3,ghana,wealth_quintile_Richest,0.4816346464416653,0.12640239369680065,0.2338905072362833,0.7293787856470473,0.00013878224484149967,4405,616,0,weight_original,cluster_robust_psu,False,"{'child_sex': {'reference': 'Male', 'reference_column': 'child_sex_Male'}, 'maternal_education': {'reference': 'No education', 'reference_column': 'maternal_education_No education'}, 'literacy': {'reference': 'Cannot read at all', 'reference_column': 'literacy_Cannot read at all'}, 'wealth_quintile': {'reference': 'Poorest', 'reference_column': 'wealth_quintile_Poorest'}, 'residence': {'reference': 'Rural', 'reference_column': 'residence_Rural'}}"
haz,3,ghana,residence_Urban,-0.029473558172314732,0.06205629018197225,-0.1511016519431469,0.09215453559851744,0.634823494642155,4405,616,0,weight_original,cluster_robust_psu,False,"{'child_sex': {'reference': 'Male', 'reference_column': 'child_sex_Male'}, 'maternal_education': {'reference': 'No education', 'reference_column': 'maternal_education_No education'}, 'literacy': {'reference': 'Cannot read at all', 'reference_column': 'literacy_Cannot read at all'}, 'wealth_quintile': {'reference': 'Poorest', 'reference_column': 'wealth_quintile_Poorest'}, 'residence': {'reference': 'Rural', 'reference_column': 'residence_Rural'}}"
haz,3,kenya,const,-1.5514796455698985,0.09798029271238178,-1.743517490480859,-1.359441800658938,1.7957129597520886e-56,17327,1688,0,weight_original,cluster_robust_psu,False,"{'child_sex': {'reference': 'Male', 'reference_column': 'child_sex_Male'}, 'maternal_education': {'reference': 'No education', 'reference_column': 'maternal_education_No education'}, 'literacy': {'reference': 'Cannot read at all', 'reference_column': 'literacy_Cannot read at all'}, 'wealth_quintile': {'reference': 'Poorest', 'reference_column': 'wealth_quintile_Poorest'}, 'residence': {'reference': 'Rural', 'reference_column': 'residence_Rural'}}"
haz,3,kenya,water_rate_loo,0.14560352792780992,0.05743430249498509,0.03303436356046019,0.25817269229515966,0.011240501845826393,17327,1688,0,weight_original,cluster_robust_psu,False,"{'child_sex': {'reference': 'Male', 'reference_column': 'child_sex_Male'}, 'maternal_education': {'reference': 'No education', 'reference_column': 'maternal_education_No education'}, 'literacy': {'reference': 'Cannot read at all', 'reference_column': 'literacy_Cannot read at all'}, 'wealth_quintile': {'reference': 'Poorest', 'reference_column': 'wealth_quintile_Poorest'}, 'residence': {'reference': 'Rural', 'reference_column': 'residence_Rural'}}"
haz,3,kenya,sanitation_rate_loo_core,-0.06391070368570481,0.06528974134374221,-0.1918762452793753,0.06405483790796568,0.3276401708555179,17327,1688,0,weight_original,cluster_robust_psu,False,"{'child_sex': {'reference': 'Male', 'reference_column': 'child_sex_Male'}, 'maternal_education': {'reference': 'No education', 'reference_column': 'maternal_education_No education'}, 'literacy': {'reference': 'Cannot read at all', 'reference_column': 'literacy_Cannot read at all'}, 'wealth_quintile': {'reference': 'Poorest', 'reference_column': 'wealth_quintile_Poorest'}, 'residence': {'reference': 'Rural', 'reference_column': 'residence_Rural'}}"
haz,3,kenya,b19_raw,-0.003197589039954814,0.0008089673703483859,-0.004783135950505726,-0.001612042129403902,7.728079736864624e-05,17327,1688,0,weight_original,cluster_robust_psu,False,"{'child_sex': {'reference': 'Male', 'reference_column': 'child_sex_Male'}, 'maternal_education': {'reference': 'No education', 'reference_column': 'maternal_education_No education'}, 'literacy': {'reference': 'Cannot read at all', 'reference_column': 'literacy_Cannot read at all'}, 'wealth_quintile': {'reference': 'Poorest', 'reference_column': 'wealth_quintile_Poorest'}, 'residence': {'reference': 'Rural', 'reference_column': 'residence_Rural'}}"
haz,3,kenya,birth_order_raw,-0.05796942331662057,0.011147638769735327,-0.07981839381796421,-0.03612045281527693,1.9912491628401805e-07,17327,1688,0,weight_original,cluster_robust_psu,False,"{'child_sex': {'reference': 'Male', 'reference_column': 'child_sex_Male'}, 'maternal_education': {'reference': 'No education', 'reference_column': 'maternal_education_No education'}, 'literacy': {'reference': 'Cannot read at all', 'reference_column': 'literacy_Cannot read at all'}, 'wealth_quintile': {'reference': 'Poorest', 'reference_column': 'wealth_quintile_Poorest'}, 'residence': {'reference': 'Rural', 'reference_column': 'residence_Rural'}}"
haz,3,kenya,maternal_age,0.022828215986396453,0.0032336658968461244,0.016490347290542634,0.029166084682250272,1.6704641761970567e-12,17327,1688,0,weight_original,cluster_robust_psu,False,"{'child_sex': {'reference': 'Male', 'reference_column': 'child_sex_Male'}, 'maternal_education': {'reference': 'No education', 'reference_column': 'maternal_education_No education'}, 'literacy': {'reference': 'Cannot read at all', 'reference_column': 'literacy_Cannot read at all'}, 'wealth_quintile': {'reference': 'Poorest', 'reference_column': 'wealth_quintile_Poorest'}, 'residence': {'reference': 'Rural', 'reference_column': 'residence_Rural'}}"
haz,3,kenya,household_size_raw,-0.00897366218741992,0.0061533343029374936,-0.021033975806012288,0.003086651431172446,0.14474646309359676,17327,1688,0,weight_original,cluster_robust_psu,False,"{'child_sex': {'reference': 'Male', 'reference_column': 'child_sex_Male'}, 'maternal_education': {'reference': 'No education', 'reference_column': 'maternal_education_No education'}, 'literacy': {'reference': 'Cannot read at all', 'reference_column': 'literacy_Cannot read at all'}, 'wealth_quintile': {'reference': 'Poorest', 'reference_column': 'wealth_quintile_Poorest'}, 'residence': {'reference': 'Rural', 'reference_column': 'residence_Rural'}}"
haz,3,kenya,child_sex_Female,0.1510118495751098,0.02720586056389366,0.09768934270145965,0.20433435644875994,2.84511277961083e-08,17327,1688,0,weight_original,cluster_robust_psu,False,"{'child_sex': {'reference': 'Male', 'reference_column': 'child_sex_Male'}, 'maternal_education': {'reference': 'No education', 'reference_column': 'maternal_education_No education'}, 'literacy': {'reference': 'Cannot read at all', 'reference_column': 'literacy_Cannot read at all'}, 'wealth_quintile': {'reference': 'Poorest', 'reference_column': 'wealth_quintile_Poorest'}, 'residence': {'reference': 'Rural', 'reference_column': 'residence_Rural'}}"
haz,3,kenya,maternal_education_Higher,0.0073993598810752365,0.08958193705744075,-0.16817801041684266,0.18297673017899313,0.934170560994504,17327,1688,0,weight_original,cluster_robust_psu,False,"{'child_sex': {'reference': 'Male', 'reference_column': 'child_sex_Male'}, 'maternal_education': {'reference': 'No education', 'reference_column': 'maternal_education_No education'}, 'literacy': {'reference': 'Cannot read at all', 'reference_column': 'literacy_Cannot read at all'}, 'wealth_quintile': {'reference': 'Poorest', 'reference_column': 'wealth_quintile_Poorest'}, 'residence': {'reference': 'Rural', 'reference_column': 'residence_Rural'}}"
haz,3,kenya,maternal_education_Primary,-0.2327611922994446,0.0798495256769894,-0.3892633868089501,-0.07625899778993911,0.0035569104110358134,17327,1688,0,weight_original,cluster_robust_psu,False,"{'child_sex': {'reference': 'Male', 'reference_column': 'child_sex_Male'}, 'maternal_education': {'reference': 'No education', 'reference_column': 'maternal_education_No education'}, 'literacy': {'reference': 'Cannot read at all', 'reference_column': 'literacy_Cannot read at all'}, 'wealth_quintile': {'reference': 'Poorest', 'reference_column': 'wealth_quintile_Poorest'}, 'residence': {'reference': 'Rural', 'reference_column': 'residence_Rural'}}"
haz,3,kenya,maternal_education_Secondary,-0.12763803961287257,0.08511241007048369,-0.2944552979884248,0.03917921876267966,0.13370748253330858,17327,1688,0,weight_original,cluster_robust_psu,False,"{'child_sex': {'reference': 'Male', 'reference_column': 'child_sex_Male'}, 'maternal_education': {'reference': 'No education', 'reference_column': 'maternal_education_No education'}, 'literacy': {'reference': 'Cannot read at all', 'reference_column': 'literacy_Cannot read at all'}, 'wealth_quintile': {'reference': 'Poorest', 'reference_column': 'wealth_quintile_Poorest'}, 'residence': {'reference': 'Rural', 'reference_column': 'residence_Rural'}}"
haz,3,kenya,literacy_Able to read only parts of sentence,-0.01912114470872792,0.08289593364964144,-0.1815941891268471,0.14335189970939127,0.8175754957588298,17327,1688,0,weight_original,cluster_robust_psu,False,"{'child_sex': {'reference': 'Male', 'reference_column': 'child_sex_Male'}, 'maternal_education': {'reference': 'No education', 'reference_column': 'maternal_education_No education'}, 'literacy': {'reference': 'Cannot read at all', 'reference_column': 'literacy_Cannot read at all'}, 'wealth_quintile': {'reference': 'Poorest', 'reference_column': 'wealth_quintile_Poorest'}, 'residence': {'reference': 'Rural', 'reference_column': 'residence_Rural'}}"
haz,3,kenya,literacy_Able to read whole sentence,-0.005751520371450314,0.07567305377824729,-0.15406798037697766,0.14256493963407701,0.9394152262677867,17327,1688,0,weight_original,cluster_robust_psu,False,"{'child_sex': {'reference': 'Male', 'reference_column': 'child_sex_Male'}, 'maternal_education': {'reference': 'No education', 'reference_column': 'maternal_education_No education'}, 'literacy': {'reference': 'Cannot read at all', 'reference_column': 'literacy_Cannot read at all'}, 'wealth_quintile': {'reference': 'Poorest', 'reference_column': 'wealth_quintile_Poorest'}, 'residence': {'reference': 'Rural', 'reference_column': 'residence_Rural'}}"
haz,3,kenya,literacy_Blind/visually impaired,0.19909935855527608,0.16852517416290633,-0.1312039132923604,0.5294026304029126,0.23743509848413735,17327,1688,0,weight_original,cluster_robust_psu,False,"{'child_sex': {'reference': 'Male', 'reference_column': 'child_sex_Male'}, 'maternal_education': {'reference': 'No education', 'reference_column': 'maternal_education_No education'}, 'literacy': {'reference': 'Cannot read at all', 'reference_column': 'literacy_Cannot read at all'}, 'wealth_quintile': {'reference': 'Poorest', 'reference_column': 'wealth_quintile_Poorest'}, 'residence': {'reference': 'Rural', 'reference_column': 'residence_Rural'}}"
haz,3,kenya,literacy_No card with required language,0.3916984785980621,0.5724998321469972,-0.7303805735652786,1.513777530761403,0.49385539626386044,17327,1688,0,weight_original,cluster_robust_psu,False,"{'child_sex': {'reference': 'Male', 'reference_column': 'child_sex_Male'}, 'maternal_education': {'reference': 'No education', 'reference_column': 'maternal_education_No education'}, 'literacy': {'reference': 'Cannot read at all', 'reference_column': 'literacy_Cannot read at all'}, 'wealth_quintile': {'reference': 'Poorest', 'reference_column': 'wealth_quintile_Poorest'}, 'residence': {'reference': 'Rural', 'reference_column': 'residence_Rural'}}"
haz,3,kenya,wealth_quintile_Middle,0.3216872062196319,0.04285103507540955,0.23770072077156662,0.40567369166769723,6.04493865699019e-14,17327,1688,0,weight_original,cluster_robust_psu,False,"{'child_sex': {'reference': 'Male', 'reference_column': 'child_sex_Male'}, 'maternal_education': {'reference': 'No education', 'reference_column': 'maternal_education_No education'}, 'literacy': {'reference': 'Cannot read at all', 'reference_column': 'literacy_Cannot read at all'}, 'wealth_quintile': {'reference': 'Poorest', 'reference_column': 'wealth_quintile_Poorest'}, 'residence': {'reference': 'Rural', 'reference_column': 'residence_Rural'}}"
haz,3,kenya,wealth_quintile_Poorer,0.1716981103590681,0.0369970885919684,0.09918514918597233,0.24421107153216387,3.4697113946686004e-06,17327,1688,0,weight_original,cluster_robust_psu,False,"{'child_sex': {'reference': 'Male', 'reference_column': 'child_sex_Male'}, 'maternal_education': {'reference': 'No education', 'reference_column': 'maternal_education_No education'}, 'literacy': {'reference': 'Cannot read at all', 'reference_column': 'literacy_Cannot read at all'}, 'wealth_quintile': {'reference': 'Poorest', 'reference_column': 'wealth_quintile_Poorest'}, 'residence': {'reference': 'Rural', 'reference_column': 'residence_Rural'}}"
haz,3,kenya,wealth_quintile_Richer,0.4552941991555541,0.05265022228421306,0.3521016597004683,0.5584867386106398,5.262762467918396e-18,17327,1688,0,weight_original,cluster_robust_psu,False,"{'child_sex': {'reference': 'Male', 'reference_column': 'child_sex_Male'}, 'maternal_education': {'reference': 'No education', 'reference_column': 'maternal_education_No education'}, 'literacy': {'reference': 'Cannot read at all', 'reference_column': 'literacy_Cannot read at all'}, 'wealth_quintile': {'reference': 'Poorest', 'reference_column': 'wealth_quintile_Poorest'}, 'residence': {'reference': 'Rural', 'reference_column': 'residence_Rural'}}"
haz,3,kenya,wealth_quintile_Richest,0.6529572161854044,0.07714027119831604,0.5017650628790524,0.8041493694917563,2.57156927772285e-17,17327,1688,0,weight_original,cluster_robust_psu,False,"{'child_sex': {'reference': 'Male', 'reference_column': 'child_sex_Male'}, 'maternal_education': {'reference': 'No education', 'reference_column': 'maternal_education_No education'}, 'literacy': {'reference': 'Cannot read at all', 'reference_column': 'literacy_Cannot read at all'}, 'wealth_quintile': {'reference': 'Poorest', 'reference_column': 'wealth_quintile_Poorest'}, 'residence': {'reference': 'Rural', 'reference_column': 'residence_Rural'}}"
haz,3,kenya,residence_Urban,-0.02567648390770648,0.04664214981929289,-0.11709341771504193,0.06574044989962897,0.5819767645582525,17327,1688,0,weight_original,cluster_robust_psu,False,"{'child_sex': {'reference': 'Male', 'reference_column': 'child_sex_Male'}, 'maternal_education': {'reference': 'No education', 'reference_column': 'maternal_education_No education'}, 'literacy': {'reference': 'Cannot read at all', 'reference_column': 'literacy_Cannot read at all'}, 'wealth_quintile': {'reference': 'Poorest', 'reference_column': 'wealth_quintile_Poorest'}, 'residence': {'reference': 'Rural', 'reference_column': 'residence_Rural'}}"
haz,3,nigeria,const,-2.5165235055044017,0.12402340354470813,-2.759604909692107,-2.2734421013166966,1.553206636823057e-91,9410,1343,0,weight_original,cluster_robust_psu,False,"{'child_sex': {'reference': 'Male', 'reference_column': 'child_sex_Male'}, 'maternal_education': {'reference': 'No education', 'reference_column': 'maternal_education_No education'}, 'literacy': {'reference': 'Cannot read at all', 'reference_column': 'literacy_Cannot read at all'}, 'wealth_quintile': {'reference': 'Poorest', 'reference_column': 'wealth_quintile_Poorest'}, 'residence': {'reference': 'Rural', 'reference_column': 'residence_Rural'}}"
haz,3,nigeria,water_rate_loo,0.1511589949530524,0.084753328870428,-0.014954477202865246,0.31727246710897006,0.07450219832525423,9410,1343,0,weight_original,cluster_robust_psu,False,"{'child_sex': {'reference': 'Male', 'reference_column': 'child_sex_Male'}, 'maternal_education': {'reference': 'No education', 'reference_column': 'maternal_education_No education'}, 'literacy': {'reference': 'Cannot read at all', 'reference_column': 'literacy_Cannot read at all'}, 'wealth_quintile': {'reference': 'Poorest', 'reference_column': 'wealth_quintile_Poorest'}, 'residence': {'reference': 'Rural', 'reference_column': 'residence_Rural'}}"
haz,3,nigeria,sanitation_rate_loo_core,-0.45705812645574856,0.08309695341849795,-0.619925162381007,-0.2941910905304901,3.791467981144469e-08,9410,1343,0,weight_original,cluster_robust_psu,False,"{'child_sex': {'reference': 'Male', 'reference_column': 'child_sex_Male'}, 'maternal_education': {'reference': 'No education', 'reference_column': 'maternal_education_No education'}, 'literacy': {'reference': 'Cannot read at all', 'reference_column': 'literacy_Cannot read at all'}, 'wealth_quintile': {'reference': 'Poorest', 'reference_column': 'wealth_quintile_Poorest'}, 'residence': {'reference': 'Rural', 'reference_column': 'residence_Rural'}}"
haz,3,nigeria,b19_raw,-0.018083834543214963,0.0012512770656733457,-0.02053629252661568,-0.015631376559814246,2.4244391311835023e-47,9410,1343,0,weight_original,cluster_robust_psu,False,"{'child_sex': {'reference': 'Male', 'reference_column': 'child_sex_Male'}, 'maternal_education': {'reference': 'No education', 'reference_column': 'maternal_education_No education'}, 'literacy': {'reference': 'Cannot read at all', 'reference_column': 'literacy_Cannot read at all'}, 'wealth_quintile': {'reference': 'Poorest', 'reference_column': 'wealth_quintile_Poorest'}, 'residence': {'reference': 'Rural', 'reference_column': 'residence_Rural'}}"
haz,3,nigeria,birth_order_raw,-0.08981636582296199,0.012333642157986695,-0.11398986025082078,-0.06564287139510319,3.2835712706591067e-13,9410,1343,0,weight_original,cluster_robust_psu,False,"{'child_sex': {'reference': 'Male', 'reference_column': 'child_sex_Male'}, 'maternal_education': {'reference': 'No education', 'reference_column': 'maternal_education_No education'}, 'literacy': {'reference': 'Cannot read at all', 'reference_column': 'literacy_Cannot read at all'}, 'wealth_quintile': {'reference': 'Poorest', 'reference_column': 'wealth_quintile_Poorest'}, 'residence': {'reference': 'Rural', 'reference_column': 'residence_Rural'}}"
haz,3,nigeria,maternal_age,0.03895120351928088,0.004419133351145471,0.03028986130815596,0.0476125457304058,1.205236308167175e-18,9410,1343,0,weight_original,cluster_robust_psu,False,"{'child_sex': {'reference': 'Male', 'reference_column': 'child_sex_Male'}, 'maternal_education': {'reference': 'No education', 'reference_column': 'maternal_education_No education'}, 'literacy': {'reference': 'Cannot read at all', 'reference_column': 'literacy_Cannot read at all'}, 'wealth_quintile': {'reference': 'Poorest', 'reference_column': 'wealth_quintile_Poorest'}, 'residence': {'reference': 'Rural', 'reference_column': 'residence_Rural'}}"
haz,3,nigeria,household_size_raw,-0.010968483010516247,0.0061168538316161754,-0.02295729621917978,0.0010203301981472884,0.07294772568351991,9410,1343,0,weight_original,cluster_robust_psu,False,"{'child_sex': {'reference': 'Male', 'reference_column': 'child_sex_Male'}, 'maternal_education': {'reference': 'No education', 'reference_column': 'maternal_education_No education'}, 'literacy': {'reference': 'Cannot read at all', 'reference_column': 'literacy_Cannot read at all'}, 'wealth_quintile': {'reference': 'Poorest', 'reference_column': 'wealth_quintile_Poorest'}, 'residence': {'reference': 'Rural', 'reference_column': 'residence_Rural'}}"
haz,3,nigeria,child_sex_Female,0.19947424364859068,0.03271210297672018,0.13535969995565364,0.2635887873415277,1.0748920885341927e-09,9410,1343,0,weight_original,cluster_robust_psu,False,"{'child_sex': {'reference': 'Male', 'reference_column': 'child_sex_Male'}, 'maternal_education': {'reference': 'No education', 'reference_column': 'maternal_education_No education'}, 'literacy': {'reference': 'Cannot read at all', 'reference_column': 'literacy_Cannot read at all'}, 'wealth_quintile': {'reference': 'Poorest', 'reference_column': 'wealth_quintile_Poorest'}, 'residence': {'reference': 'Rural', 'reference_column': 'residence_Rural'}}"
haz,3,nigeria,maternal_education_Higher,0.6189201457478017,0.0976364452803068,0.4275562294198847,0.8102840620757188,2.3121944543998108e-10,9410,1343,0,weight_original,cluster_robust_psu,False,"{'child_sex': {'reference': 'Male', 'reference_column': 'child_sex_Male'}, 'maternal_education': {'reference': 'No education', 'reference_column': 'maternal_education_No education'}, 'literacy': {'reference': 'Cannot read at all', 'reference_column': 'literacy_Cannot read at all'}, 'wealth_quintile': {'reference': 'Poorest', 'reference_column': 'wealth_quintile_Poorest'}, 'residence': {'reference': 'Rural', 'reference_column': 'residence_Rural'}}"
haz,3,nigeria,maternal_education_Primary,0.18749398833672856,0.07745909360544911,0.035676954594931504,0.3393110220785256,0.015496839203676109,9410,1343,0,weight_original,cluster_robust_psu,False,"{'child_sex': {'reference': 'Male', 'reference_column': 'child_sex_Male'}, 'maternal_education': {'reference': 'No education', 'reference_column': 'maternal_education_No education'}, 'literacy': {'reference': 'Cannot read at all', 'reference_column': 'literacy_Cannot read at all'}, 'wealth_quintile': {'reference': 'Poorest', 'reference_column': 'wealth_quintile_Poorest'}, 'residence': {'reference': 'Rural', 'reference_column': 'residence_Rural'}}"
haz,3,nigeria,maternal_education_Secondary,0.2949743024518438,0.07243230018566471,0.1530096027705471,0.4369390021331405,4.6528412121238956e-05,9410,1343,0,weight_original,cluster_robust_psu,False,"{'child_sex': {'reference': 'Male', 'reference_column': 'child_sex_Male'}, 'maternal_education': {'reference': 'No education', 'reference_column': 'maternal_education_No education'}, 'literacy': {'reference': 'Cannot read at all', 'reference_column': 'literacy_Cannot read at all'}, 'wealth_quintile': {'reference': 'Poorest', 'reference_column': 'wealth_quintile_Poorest'}, 'residence': {'reference': 'Rural', 'reference_column': 'residence_Rural'}}"
haz,3,nigeria,literacy_Able to read only parts of sentence,0.15932077406942471,0.06873564187588849,0.024601391538440126,0.2940401566004093,0.020455998325116742,9410,1343,0,weight_original,cluster_robust_psu,False,"{'child_sex': {'reference': 'Male', 'reference_column': 'child_sex_Male'}, 'maternal_education': {'reference': 'No education', 'reference_column': 'maternal_education_No education'}, 'literacy': {'reference': 'Cannot read at all', 'reference_column': 'literacy_Cannot read at all'}, 'wealth_quintile': {'reference': 'Poorest', 'reference_column': 'wealth_quintile_Poorest'}, 'residence': {'reference': 'Rural', 'reference_column': 'residence_Rural'}}"
haz,3,nigeria,literacy_Able to read whole sentence,0.04739102396906212,0.06940985779768065,-0.08864979748643859,0.1834318454245628,0.49475168517822987,9410,1343,0,weight_original,cluster_robust_psu,False,"{'child_sex': {'reference': 'Male', 'reference_column': 'child_sex_Male'}, 'maternal_education': {'reference': 'No education', 'reference_column': 'maternal_education_No education'}, 'literacy': {'reference': 'Cannot read at all', 'reference_column': 'literacy_Cannot read at all'}, 'wealth_quintile': {'reference': 'Poorest', 'reference_column': 'wealth_quintile_Poorest'}, 'residence': {'reference': 'Rural', 'reference_column': 'residence_Rural'}}"
haz,3,nigeria,literacy_Blind/visually impaired,-0.9890155623345834,0.47397547590556555,-1.917990424664724,-0.06004070000444284,0.036920807894416104,9410,1343,0,weight_original,cluster_robust_psu,False,"{'child_sex': {'reference': 'Male', 'reference_column': 'child_sex_Male'}, 'maternal_education': {'reference': 'No education', 'reference_column': 'maternal_education_No education'}, 'literacy': {'reference': 'Cannot read at all', 'reference_column': 'literacy_Cannot read at all'}, 'wealth_quintile': {'reference': 'Poorest', 'reference_column': 'wealth_quintile_Poorest'}, 'residence': {'reference': 'Rural', 'reference_column': 'residence_Rural'}}"
haz,3,nigeria,literacy_No card with required language,1.2164623973624384,0.789114211685055,-0.3301730372289857,2.7630978319538624,0.12318194086445988,9410,1343,0,weight_original,cluster_robust_psu,False,"{'child_sex': {'reference': 'Male', 'reference_column': 'child_sex_Male'}, 'maternal_education': {'reference': 'No education', 'reference_column': 'maternal_education_No education'}, 'literacy': {'reference': 'Cannot read at all', 'reference_column': 'literacy_Cannot read at all'}, 'wealth_quintile': {'reference': 'Poorest', 'reference_column': 'wealth_quintile_Poorest'}, 'residence': {'reference': 'Rural', 'reference_column': 'residence_Rural'}}"
haz,3,nigeria,wealth_quintile_Middle,0.3863039040146044,0.06656283585117892,0.2558431430374422,0.5167646649917665,6.490700256002736e-09,9410,1343,0,weight_original,cluster_robust_psu,False,"{'child_sex': {'reference': 'Male', 'reference_column': 'child_sex_Male'}, 'maternal_education': {'reference': 'No education', 'reference_column': 'maternal_education_No education'}, 'literacy': {'reference': 'Cannot read at all', 'reference_column': 'literacy_Cannot read at all'}, 'wealth_quintile': {'reference': 'Poorest', 'reference_column': 'wealth_quintile_Poorest'}, 'residence': {'reference': 'Rural', 'reference_column': 'residence_Rural'}}"
haz,3,nigeria,wealth_quintile_Poorer,0.13870186198082773,0.05886186031266608,0.023334735704974643,0.25406898825668084,0.018453225784674107,9410,1343,0,weight_original,cluster_robust_psu,False,"{'child_sex': {'reference': 'Male', 'reference_column': 'child_sex_Male'}, 'maternal_education': {'reference': 'No education', 'reference_column': 'maternal_education_No education'}, 'literacy': {'reference': 'Cannot read at all', 'reference_column': 'literacy_Cannot read at all'}, 'wealth_quintile': {'reference': 'Poorest', 'reference_column': 'wealth_quintile_Poorest'}, 'residence': {'reference': 'Rural', 'reference_column': 'residence_Rural'}}"
haz,3,nigeria,wealth_quintile_Richer,0.5447534012976649,0.0786839564087253,0.39053568057544374,0.6989711220198861,4.41211616398629e-12,9410,1343,0,weight_original,cluster_robust_psu,False,"{'child_sex': {'reference': 'Male', 'reference_column': 'child_sex_Male'}, 'maternal_education': {'reference': 'No education', 'reference_column': 'maternal_education_No education'}, 'literacy': {'reference': 'Cannot read at all', 'reference_column': 'literacy_Cannot read at all'}, 'wealth_quintile': {'reference': 'Poorest', 'reference_column': 'wealth_quintile_Poorest'}, 'residence': {'reference': 'Rural', 'reference_column': 'residence_Rural'}}"
haz,3,nigeria,wealth_quintile_Richest,0.981040384995722,0.10060953772814818,0.7838493145473278,1.1782314554441162,1.827175479885161e-22,9410,1343,0,weight_original,cluster_robust_psu,False,"{'child_sex': {'reference': 'Male', 'reference_column': 'child_sex_Male'}, 'maternal_education': {'reference': 'No education', 'reference_column': 'maternal_education_No education'}, 'literacy': {'reference': 'Cannot read at all', 'reference_column': 'literacy_Cannot read at all'}, 'wealth_quintile': {'reference': 'Poorest', 'reference_column': 'wealth_quintile_Poorest'}, 'residence': {'reference': 'Rural', 'reference_column': 'residence_Rural'}}"
haz,3,nigeria,residence_Urban,0.18097410631084657,0.05979255247192929,0.06378285692214378,0.2981653556995494,0.0024723936934460187,9410,1343,0,weight_original,cluster_robust_psu,False,"{'child_sex': {'reference': 'Male', 'reference_column': 'child_sex_Male'}, 'maternal_education': {'reference': 'No education', 'reference_column': 'maternal_education_No education'}, 'literacy': {'reference': 'Cannot read at all', 'reference_column': 'literacy_Cannot read at all'}, 'wealth_quintile': {'reference': 'Poorest', 'reference_column': 'wealth_quintile_Poorest'}, 'residence': {'reference': 'Rural', 'reference_column': 'residence_Rural'}}"
haz,4,pooled,const,-2.2172746501173175,0.11469286464250407,-2.4420685341003527,-1.9924807661342823,2.8742711522954283e-83,36985,4434,114,model_specific_equal_total_country_weight,cluster_robust_country_psu,True,"{'child_sex': {'reference': 'Male', 'reference_column': 'child_sex_Male'}, 'maternal_education': {'reference': 'No education', 'reference_column': 'maternal_education_No education'}, 'literacy': {'reference': 'Cannot read at all', 'reference_column': 'literacy_Cannot read at all'}, 'wealth_quintile': {'reference': 'Poorest', 'reference_column': 'wealth_quintile_Poorest'}, 'residence': {'reference': 'Rural', 'reference_column': 'residence_Rural'}, 'country_admin_region': {'reference': 'ethiopia::01', 'reference_column': 'country_admin_region_ethiopia::01'}}"
haz,4,pooled,water_rate_loo,0.0334026532947108,0.05931555168677888,-0.08285369173449986,0.14965899832392146,0.5733430737476422,36985,4434,114,model_specific_equal_total_country_weight,cluster_robust_country_psu,True,"{'child_sex': {'reference': 'Male', 'reference_column': 'child_sex_Male'}, 'maternal_education': {'reference': 'No education', 'reference_column': 'maternal_education_No education'}, 'literacy': {'reference': 'Cannot read at all', 'reference_column': 'literacy_Cannot read at all'}, 'wealth_quintile': {'reference': 'Poorest', 'reference_column': 'wealth_quintile_Poorest'}, 'residence': {'reference': 'Rural', 'reference_column': 'residence_Rural'}, 'country_admin_region': {'reference': 'ethiopia::01', 'reference_column': 'country_admin_region_ethiopia::01'}}"
haz,4,pooled,sanitation_rate_loo_core,0.00824839618511929,0.0618130414613814,-0.11290293885406937,0.12939973122430795,0.893844594898651,36985,4434,114,model_specific_equal_total_country_weight,cluster_robust_country_psu,True,"{'child_sex': {'reference': 'Male', 'reference_column': 'child_sex_Male'}, 'maternal_education': {'reference': 'No education', 'reference_column': 'maternal_education_No education'}, 'literacy': {'reference': 'Cannot read at all', 'reference_column': 'literacy_Cannot read at all'}, 'wealth_quintile': {'reference': 'Poorest', 'reference_column': 'wealth_quintile_Poorest'}, 'residence': {'reference': 'Rural', 'reference_column': 'residence_Rural'}, 'country_admin_region': {'reference': 'ethiopia::01', 'reference_column': 'country_admin_region_ethiopia::01'}}"
haz,4,pooled,b19_raw,-0.013449469045171206,0.0007550936549397691,-0.014929425413807868,-0.011969512676534544,5.738571435362609e-71,36985,4434,114,model_specific_equal_total_country_weight,cluster_robust_country_psu,True,"{'child_sex': {'reference': 'Male', 'reference_column': 'child_sex_Male'}, 'maternal_education': {'reference': 'No education', 'reference_column': 'maternal_education_No education'}, 'literacy': {'reference': 'Cannot read at all', 'reference_column': 'literacy_Cannot read at all'}, 'wealth_quintile': {'reference': 'Poorest', 'reference_column': 'wealth_quintile_Poorest'}, 'residence': {'reference': 'Rural', 'reference_column': 'residence_Rural'}, 'country_admin_region': {'reference': 'ethiopia::01', 'reference_column': 'country_admin_region_ethiopia::01'}}"
haz,4,pooled,birth_order_raw,-0.05868179604621715,0.009241462690247827,-0.07679473008357353,-0.04056886200886077,2.1554101799378264e-10,36985,4434,114,model_specific_equal_total_country_weight,cluster_robust_country_psu,True,"{'child_sex': {'reference': 'Male', 'reference_column': 'child_sex_Male'}, 'maternal_education': {'reference': 'No education', 'reference_column': 'maternal_education_No education'}, 'literacy': {'reference': 'Cannot read at all', 'reference_column': 'literacy_Cannot read at all'}, 'wealth_quintile': {'reference': 'Poorest', 'reference_column': 'wealth_quintile_Poorest'}, 'residence': {'reference': 'Rural', 'reference_column': 'residence_Rural'}, 'country_admin_region': {'reference': 'ethiopia::01', 'reference_column': 'country_admin_region_ethiopia::01'}}"
haz,4,pooled,maternal_age,0.026586034282022518,0.0029393111718531728,0.02082509024583408,0.032346978318210956,1.4968160808670924e-19,36985,4434,114,model_specific_equal_total_country_weight,cluster_robust_country_psu,True,"{'child_sex': {'reference': 'Male', 'reference_column': 'child_sex_Male'}, 'maternal_education': {'reference': 'No education', 'reference_column': 'maternal_education_No education'}, 'literacy': {'reference': 'Cannot read at all', 'reference_column': 'literacy_Cannot read at all'}, 'wealth_quintile': {'reference': 'Poorest', 'reference_column': 'wealth_quintile_Poorest'}, 'residence': {'reference': 'Rural', 'reference_column': 'residence_Rural'}, 'country_admin_region': {'reference': 'ethiopia::01', 'reference_column': 'country_admin_region_ethiopia::01'}}"
haz,4,pooled,household_size_raw,-0.0038210945438419425,0.00486933628743705,-0.013364818295832538,0.005722629208148653,0.43261426460019325,36985,4434,114,model_specific_equal_total_country_weight,cluster_robust_country_psu,True,"{'child_sex': {'reference': 'Male', 'reference_column': 'child_sex_Male'}, 'maternal_education': {'reference': 'No education', 'reference_column': 'maternal_education_No education'}, 'literacy': {'reference': 'Cannot read at all', 'reference_column': 'literacy_Cannot read at all'}, 'wealth_quintile': {'reference': 'Poorest', 'reference_column': 'wealth_quintile_Poorest'}, 'residence': {'reference': 'Rural', 'reference_column': 'residence_Rural'}, 'country_admin_region': {'reference': 'ethiopia::01', 'reference_column': 'country_admin_region_ethiopia::01'}}"
haz,4,pooled,child_sex_Female,0.15131063454016533,0.022276142354789925,0.10765019781028981,0.19497107127004085,1.1020895657613342e-11,36985,4434,114,model_specific_equal_total_country_weight,cluster_robust_country_psu,True,"{'child_sex': {'reference': 'Male', 'reference_column': 'child_sex_Male'}, 'maternal_education': {'reference': 'No education', 'reference_column': 'maternal_education_No education'}, 'literacy': {'reference': 'Cannot read at all', 'reference_column': 'literacy_Cannot read at all'}, 'wealth_quintile': {'reference': 'Poorest', 'reference_column': 'wealth_quintile_Poorest'}, 'residence': {'reference': 'Rural', 'reference_column': 'residence_Rural'}, 'country_admin_region': {'reference': 'ethiopia::01', 'reference_column': 'country_admin_region_ethiopia::01'}}"
haz,4,pooled,maternal_education_Higher,0.22226129537547973,0.06417583697937322,0.09647896621819443,0.34804362453276505,0.0005335585240144747,36985,4434,114,model_specific_equal_total_country_weight,cluster_robust_country_psu,True,"{'child_sex': {'reference': 'Male', 'reference_column': 'child_sex_Male'}, 'maternal_education': {'reference': 'No education', 'reference_column': 'maternal_education_No education'}, 'literacy': {'reference': 'Cannot read at all', 'reference_column': 'literacy_Cannot read at all'}, 'wealth_quintile': {'reference': 'Poorest', 'reference_column': 'wealth_quintile_Poorest'}, 'residence': {'reference': 'Rural', 'reference_column': 'residence_Rural'}, 'country_admin_region': {'reference': 'ethiopia::01', 'reference_column': 'country_admin_region_ethiopia::01'}}"
haz,4,pooled,maternal_education_Primary,-0.057363607810483115,0.046914398928699336,-0.1493141400670783,0.034586924446112076,0.2214319754666062,36985,4434,114,model_specific_equal_total_country_weight,cluster_robust_country_psu,True,"{'child_sex': {'reference': 'Male', 'reference_column': 'child_sex_Male'}, 'maternal_education': {'reference': 'No education', 'reference_column': 'maternal_education_No education'}, 'literacy': {'reference': 'Cannot read at all', 'reference_column': 'literacy_Cannot read at all'}, 'wealth_quintile': {'reference': 'Poorest', 'reference_column': 'wealth_quintile_Poorest'}, 'residence': {'reference': 'Rural', 'reference_column': 'residence_Rural'}, 'country_admin_region': {'reference': 'ethiopia::01', 'reference_column': 'country_admin_region_ethiopia::01'}}"
haz,4,pooled,maternal_education_Secondary,0.01587002475413516,0.050994737443587033,-0.08407782403637157,0.1158178735446419,0.7556416892124664,36985,4434,114,model_specific_equal_total_country_weight,cluster_robust_country_psu,True,"{'child_sex': {'reference': 'Male', 'reference_column': 'child_sex_Male'}, 'maternal_education': {'reference': 'No education', 'reference_column': 'maternal_education_No education'}, 'literacy': {'reference': 'Cannot read at all', 'reference_column': 'literacy_Cannot read at all'}, 'wealth_quintile': {'reference': 'Poorest', 'reference_column': 'wealth_quintile_Poorest'}, 'residence': {'reference': 'Rural', 'reference_column': 'residence_Rural'}, 'country_admin_region': {'reference': 'ethiopia::01', 'reference_column': 'country_admin_region_ethiopia::01'}}"
haz,4,pooled,literacy_Able to read only parts of sentence,0.1591360506658003,0.047668383365386695,0.06570773606839417,0.25256436526320647,0.0008426286517364457,36985,4434,114,model_specific_equal_total_country_weight,cluster_robust_country_psu,True,"{'child_sex': {'reference': 'Male', 'reference_column': 'child_sex_Male'}, 'maternal_education': {'reference': 'No education', 'reference_column': 'maternal_education_No education'}, 'literacy': {'reference': 'Cannot read at all', 'reference_column': 'literacy_Cannot read at all'}, 'wealth_quintile': {'reference': 'Poorest', 'reference_column': 'wealth_quintile_Poorest'}, 'residence': {'reference': 'Rural', 'reference_column': 'residence_Rural'}, 'country_admin_region': {'reference': 'ethiopia::01', 'reference_column': 'country_admin_region_ethiopia::01'}}"
haz,4,pooled,literacy_Able to read whole sentence,0.14545865351252144,0.04423018294092171,0.05876908791869699,0.23214821910634587,0.001006605354182801,36985,4434,114,model_specific_equal_total_country_weight,cluster_robust_country_psu,True,"{'child_sex': {'reference': 'Male', 'reference_column': 'child_sex_Male'}, 'maternal_education': {'reference': 'No education', 'reference_column': 'maternal_education_No education'}, 'literacy': {'reference': 'Cannot read at all', 'reference_column': 'literacy_Cannot read at all'}, 'wealth_quintile': {'reference': 'Poorest', 'reference_column': 'wealth_quintile_Poorest'}, 'residence': {'reference': 'Rural', 'reference_column': 'residence_Rural'}, 'country_admin_region': {'reference': 'ethiopia::01', 'reference_column': 'country_admin_region_ethiopia::01'}}"
haz,4,pooled,literacy_Blind/visually impaired,0.9940283396471143,0.5129104958735694,-0.011257759557661728,1.9993144388518904,0.052621367559010784,36985,4434,114,model_specific_equal_total_country_weight,cluster_robust_country_psu,True,"{'child_sex': {'reference': 'Male', 'reference_column': 'child_sex_Male'}, 'maternal_education': {'reference': 'No education', 'reference_column': 'maternal_education_No education'}, 'literacy': {'reference': 'Cannot read at all', 'reference_column': 'literacy_Cannot read at all'}, 'wealth_quintile': {'reference': 'Poorest', 'reference_column': 'wealth_quintile_Poorest'}, 'residence': {'reference': 'Rural', 'reference_column': 'residence_Rural'}, 'country_admin_region': {'reference': 'ethiopia::01', 'reference_column': 'country_admin_region_ethiopia::01'}}"
haz,4,pooled,literacy_No card with required language,0.4011743824063514,0.2350556282704985,-0.05952618336726062,0.8618749481799635,0.08787391772994607,36985,4434,114,model_specific_equal_total_country_weight,cluster_robust_country_psu,True,"{'child_sex': {'reference': 'Male', 'reference_column': 'child_sex_Male'}, 'maternal_education': {'reference': 'No education', 'reference_column': 'maternal_education_No education'}, 'literacy': {'reference': 'Cannot read at all', 'reference_column': 'literacy_Cannot read at all'}, 'wealth_quintile': {'reference': 'Poorest', 'reference_column': 'wealth_quintile_Poorest'}, 'residence': {'reference': 'Rural', 'reference_column': 'residence_Rural'}, 'country_admin_region': {'reference': 'ethiopia::01', 'reference_column': 'country_admin_region_ethiopia::01'}}"
haz,4,pooled,wealth_quintile_Middle,0.15716033281740666,0.04659240475434469,0.06584089754577828,0.24847976808903505,0.0007432989455308974,36985,4434,114,model_specific_equal_total_country_weight,cluster_robust_country_psu,True,"{'child_sex': {'reference': 'Male', 'reference_column': 'child_sex_Male'}, 'maternal_education': {'reference': 'No education', 'reference_column': 'maternal_education_No education'}, 'literacy': {'reference': 'Cannot read at all', 'reference_column': 'literacy_Cannot read at all'}, 'wealth_quintile': {'reference': 'Poorest', 'reference_column': 'wealth_quintile_Poorest'}, 'residence': {'reference': 'Rural', 'reference_column': 'residence_Rural'}, 'country_admin_region': {'reference': 'ethiopia::01', 'reference_column': 'country_admin_region_ethiopia::01'}}"
haz,4,pooled,wealth_quintile_Poorer,0.0409264775881861,0.03863456345670728,-0.03479587534538746,0.11664883052175966,0.28945275176098295,36985,4434,114,model_specific_equal_total_country_weight,cluster_robust_country_psu,True,"{'child_sex': {'reference': 'Male', 'reference_column': 'child_sex_Male'}, 'maternal_education': {'reference': 'No education', 'reference_column': 'maternal_education_No education'}, 'literacy': {'reference': 'Cannot read at all', 'reference_column': 'literacy_Cannot read at all'}, 'wealth_quintile': {'reference': 'Poorest', 'reference_column': 'wealth_quintile_Poorest'}, 'residence': {'reference': 'Rural', 'reference_column': 'residence_Rural'}, 'country_admin_region': {'reference': 'ethiopia::01', 'reference_column': 'country_admin_region_ethiopia::01'}}"
haz,4,pooled,wealth_quintile_Richer,0.2748154472951328,0.05466608951641977,0.16767188066730743,0.38195901392295817,4.97784245913674e-07,36985,4434,114,model_specific_equal_total_country_weight,cluster_robust_country_psu,True,"{'child_sex': {'reference': 'Male', 'reference_column': 'child_sex_Male'}, 'maternal_education': {'reference': 'No education', 'reference_column': 'maternal_education_No education'}, 'literacy': {'reference': 'Cannot read at all', 'reference_column': 'literacy_Cannot read at all'}, 'wealth_quintile': {'reference': 'Poorest', 'reference_column': 'wealth_quintile_Poorest'}, 'residence': {'reference': 'Rural', 'reference_column': 'residence_Rural'}, 'country_admin_region': {'reference': 'ethiopia::01', 'reference_column': 'country_admin_region_ethiopia::01'}}"
haz,4,pooled,wealth_quintile_Richest,0.5530917354196327,0.06616366077625747,0.42341334321284263,0.6827701276264229,6.301195906778683e-17,36985,4434,114,model_specific_equal_total_country_weight,cluster_robust_country_psu,True,"{'child_sex': {'reference': 'Male', 'reference_column': 'child_sex_Male'}, 'maternal_education': {'reference': 'No education', 'reference_column': 'maternal_education_No education'}, 'literacy': {'reference': 'Cannot read at all', 'reference_column': 'literacy_Cannot read at all'}, 'wealth_quintile': {'reference': 'Poorest', 'reference_column': 'wealth_quintile_Poorest'}, 'residence': {'reference': 'Rural', 'reference_column': 'residence_Rural'}, 'country_admin_region': {'reference': 'ethiopia::01', 'reference_column': 'country_admin_region_ethiopia::01'}}"
haz,4,pooled,residence_Urban,-0.02424646577271264,0.03584496452798918,-0.09450130527468721,0.046008373729261934,0.49877021792483833,36985,4434,114,model_specific_equal_total_country_weight,cluster_robust_country_psu,True,"{'child_sex': {'reference': 'Male', 'reference_column': 'child_sex_Male'}, 'maternal_education': {'reference': 'No education', 'reference_column': 'maternal_education_No education'}, 'literacy': {'reference': 'Cannot read at all', 'reference_column': 'literacy_Cannot read at all'}, 'wealth_quintile': {'reference': 'Poorest', 'reference_column': 'wealth_quintile_Poorest'}, 'residence': {'reference': 'Rural', 'reference_column': 'residence_Rural'}, 'country_admin_region': {'reference': 'ethiopia::01', 'reference_column': 'country_admin_region_ethiopia::01'}}"
haz,4,pooled,country_admin_region_ethiopia::02,0.001020504872469837,0.12882719602479972,-0.25147615956541924,0.25351716931035895,0.993679622071269,36985,4434,114,model_specific_equal_total_country_weight,cluster_robust_country_psu,True,"{'child_sex': {'reference': 'Male', 'reference_column': 'child_sex_Male'}, 'maternal_education': {'reference': 'No education', 'reference_column': 'maternal_education_No education'}, 'literacy': {'reference': 'Cannot read at all', 'reference_column': 'literacy_Cannot read at all'}, 'wealth_quintile': {'reference': 'Poorest', 'reference_column': 'wealth_quintile_Poorest'}, 'residence': {'reference': 'Rural', 'reference_column': 'residence_Rural'}, 'country_admin_region': {'reference': 'ethiopia::01', 'reference_column': 'country_admin_region_ethiopia::01'}}"
haz,4,pooled,country_admin_region_ethiopia::03,-0.11653598108896863,0.10187218483997665,-0.31620179440173013,0.08312983222379287,0.25264724264808225,36985,4434,114,model_specific_equal_total_country_weight,cluster_robust_country_psu,True,"{'child_sex': {'reference': 'Male', 'reference_column': 'child_sex_Male'}, 'maternal_education': {'reference': 'No education', 'reference_column': 'maternal_education_No education'}, 'literacy': {'reference': 'Cannot read at all', 'reference_column': 'literacy_Cannot read at all'}, 'wealth_quintile': {'reference': 'Poorest', 'reference_column': 'wealth_quintile_Poorest'}, 'residence': {'reference': 'Rural', 'reference_column': 'residence_Rural'}, 'country_admin_region': {'reference': 'ethiopia::01', 'reference_column': 'country_admin_region_ethiopia::01'}}"
haz,4,pooled,country_admin_region_ethiopia::04,0.23199009999048273,0.11141466487334033,0.013621369489135837,0.4503588304918296,0.03732216907218035,36985,4434,114,model_specific_equal_total_country_weight,cluster_robust_country_psu,True,"{'child_sex': {'reference': 'Male', 'reference_column': 'child_sex_Male'}, 'maternal_education': {'reference': 'No education', 'reference_column': 'maternal_education_No education'}, 'literacy': {'reference': 'Cannot read at all', 'reference_column': 'literacy_Cannot read at all'}, 'wealth_quintile': {'reference': 'Poorest', 'reference_column': 'wealth_quintile_Poorest'}, 'residence': {'reference': 'Rural', 'reference_column': 'residence_Rural'}, 'country_admin_region': {'reference': 'ethiopia::01', 'reference_column': 'country_admin_region_ethiopia::01'}}"
haz,4,pooled,country_admin_region_ethiopia::05,0.799370478275459,0.14352054263639863,0.5180753836664724,1.0806655728844456,2.5513636758390373e-08,36985,4434,114,model_specific_equal_total_country_weight,cluster_robust_country_psu,True,"{'child_sex': {'reference': 'Male', 'reference_column': 'child_sex_Male'}, 'maternal_education': {'reference': 'No education', 'reference_column': 'maternal_education_No education'}, 'literacy': {'reference': 'Cannot read at all', 'reference_column': 'literacy_Cannot read at all'}, 'wealth_quintile': {'reference': 'Poorest', 'reference_column': 'wealth_quintile_Poorest'}, 'residence': {'reference': 'Rural', 'reference_column': 'residence_Rural'}, 'country_admin_region': {'reference': 'ethiopia::01', 'reference_column': 'country_admin_region_ethiopia::01'}}"
haz,4,pooled,country_admin_region_ethiopia::06,-0.2219936733968207,0.15638976264581644,-0.5285119757333884,0.08452462893974699,0.15575626757781735,36985,4434,114,model_specific_equal_total_country_weight,cluster_robust_country_psu,True,"{'child_sex': {'reference': 'Male', 'reference_column': 'child_sex_Male'}, 'maternal_education': {'reference': 'No education', 'reference_column': 'maternal_education_No education'}, 'literacy': {'reference': 'Cannot read at all', 'reference_column': 'literacy_Cannot read at all'}, 'wealth_quintile': {'reference': 'Poorest', 'reference_column': 'wealth_quintile_Poorest'}, 'residence': {'reference': 'Rural', 'reference_column': 'residence_Rural'}, 'country_admin_region': {'reference': 'ethiopia::01', 'reference_column': 'country_admin_region_ethiopia::01'}}"
haz,4,pooled,country_admin_region_ethiopia::07,0.3094469635625762,0.11699380321715538,0.08014332284258538,0.538750604282567,0.008169431355090531,36985,4434,114,model_specific_equal_total_country_weight,cluster_robust_country_psu,True,"{'child_sex': {'reference': 'Male', 'reference_column': 'child_sex_Male'}, 'maternal_education': {'reference': 'No education', 'reference_column': 'maternal_education_No education'}, 'literacy': {'reference': 'Cannot read at all', 'reference_column': 'literacy_Cannot read at all'}, 'wealth_quintile': {'reference': 'Poorest', 'reference_column': 'wealth_quintile_Poorest'}, 'residence': {'reference': 'Rural', 'reference_column': 'residence_Rural'}, 'country_admin_region': {'reference': 'ethiopia::01', 'reference_column': 'country_admin_region_ethiopia::01'}}"
haz,4,pooled,country_admin_region_ethiopia::08,0.2296801341887942,0.11817737452909913,-0.0019432636757412136,0.46130353205332963,0.05195331711845354,36985,4434,114,model_specific_equal_total_country_weight,cluster_robust_country_psu,True,"{'child_sex': {'reference': 'Male', 'reference_column': 'child_sex_Male'}, 'maternal_education': {'reference': 'No education', 'reference_column': 'maternal_education_No education'}, 'literacy': {'reference': 'Cannot read at all', 'reference_column': 'literacy_Cannot read at all'}, 'wealth_quintile': {'reference': 'Poorest', 'reference_column': 'wealth_quintile_Poorest'}, 'residence': {'reference': 'Rural', 'reference_column': 'residence_Rural'}, 'country_admin_region': {'reference': 'ethiopia::01', 'reference_column': 'country_admin_region_ethiopia::01'}}"
haz,4,pooled,country_admin_region_ethiopia::09,0.14524133427650346,0.13816187156831608,-0.1255509580340445,0.41603362658705145,0.29314821528592905,36985,4434,114,model_specific_equal_total_country_weight,cluster_robust_country_psu,True,"{'child_sex': {'reference': 'Male', 'reference_column': 'child_sex_Male'}, 'maternal_education': {'reference': 'No education', 'reference_column': 'maternal_education_No education'}, 'literacy': {'reference': 'Cannot read at all', 'reference_column': 'literacy_Cannot read at all'}, 'wealth_quintile': {'reference': 'Poorest', 'reference_column': 'wealth_quintile_Poorest'}, 'residence': {'reference': 'Rural', 'reference_column': 'residence_Rural'}, 'country_admin_region': {'reference': 'ethiopia::01', 'reference_column': 'country_admin_region_ethiopia::01'}}"
haz,4,pooled,country_admin_region_ethiopia::10,0.10029492952675725,0.11762034135851877,-0.1302367033852465,0.330826562438761,0.39382538695192904,36985,4434,114,model_specific_equal_total_country_weight,cluster_robust_country_psu,True,"{'child_sex': {'reference': 'Male', 'reference_column': 'child_sex_Male'}, 'maternal_education': {'reference': 'No education', 'reference_column': 'maternal_education_No education'}, 'literacy': {'reference': 'Cannot read at all', 'reference_column': 'literacy_Cannot read at all'}, 'wealth_quintile': {'reference': 'Poorest', 'reference_column': 'wealth_quintile_Poorest'}, 'residence': {'reference': 'Rural', 'reference_column': 'residence_Rural'}, 'country_admin_region': {'reference': 'ethiopia::01', 'reference_column': 'country_admin_region_ethiopia::01'}}"
haz,4,pooled,country_admin_region_ethiopia::12,1.1208645856280517,0.14492113654242117,0.8368243774062947,1.4049047938498087,1.0396773151986158e-14,36985,4434,114,model_specific_equal_total_country_weight,cluster_robust_country_psu,True,"{'child_sex': {'reference': 'Male', 'reference_column': 'child_sex_Male'}, 'maternal_education': {'reference': 'No education', 'reference_column': 'maternal_education_No education'}, 'literacy': {'reference': 'Cannot read at all', 'reference_column': 'literacy_Cannot read at all'}, 'wealth_quintile': {'reference': 'Poorest', 'reference_column': 'wealth_quintile_Poorest'}, 'residence': {'reference': 'Rural', 'reference_column': 'residence_Rural'}, 'country_admin_region': {'reference': 'ethiopia::01', 'reference_column': 'country_admin_region_ethiopia::01'}}"
haz,4,pooled,country_admin_region_ethiopia::13,0.20303039331397513,0.1272464298993182,-0.04636802644998925,0.4524288130779395,0.11058516848980195,36985,4434,114,model_specific_equal_total_country_weight,cluster_robust_country_psu,True,"{'child_sex': {'reference': 'Male', 'reference_column': 'child_sex_Male'}, 'maternal_education': {'reference': 'No education', 'reference_column': 'maternal_education_No education'}, 'literacy': {'reference': 'Cannot read at all', 'reference_column': 'literacy_Cannot read at all'}, 'wealth_quintile': {'reference': 'Poorest', 'reference_column': 'wealth_quintile_Poorest'}, 'residence': {'reference': 'Rural', 'reference_column': 'residence_Rural'}, 'country_admin_region': {'reference': 'ethiopia::01', 'reference_column': 'country_admin_region_ethiopia::01'}}"
haz,4,pooled,country_admin_region_ethiopia::14,0.2080434540733139,0.11578859577201203,-0.018898023460296454,0.43498493160692425,0.07237491319271315,36985,4434,114,model_specific_equal_total_country_weight,cluster_robust_country_psu,True,"{'child_sex': {'reference': 'Male', 'reference_column': 'child_sex_Male'}, 'maternal_education': {'reference': 'No education', 'reference_column': 'maternal_education_No education'}, 'literacy': {'reference': 'Cannot read at all', 'reference_column': 'literacy_Cannot read at all'}, 'wealth_quintile': {'reference': 'Poorest', 'reference_column': 'wealth_quintile_Poorest'}, 'residence': {'reference': 'Rural', 'reference_column': 'residence_Rural'}, 'country_admin_region': {'reference': 'ethiopia::01', 'reference_column': 'country_admin_region_ethiopia::01'}}"
haz,4,pooled,country_admin_region_ethiopia::15,0.345947812488396,0.1515117205827116,0.04899029691058526,0.6429053280662067,0.02241227532335377,36985,4434,114,model_specific_equal_total_country_weight,cluster_robust_country_psu,True,"{'child_sex': {'reference': 'Male', 'reference_column': 'child_sex_Male'}, 'maternal_education': {'reference': 'No education', 'reference_column': 'maternal_education_No education'}, 'literacy': {'reference': 'Cannot read at all', 'reference_column': 'literacy_Cannot read at all'}, 'wealth_quintile': {'reference': 'Poorest', 'reference_column': 'wealth_quintile_Poorest'}, 'residence': {'reference': 'Rural', 'reference_column': 'residence_Rural'}, 'country_admin_region': {'reference': 'ethiopia::01', 'reference_column': 'country_admin_region_ethiopia::01'}}"
haz,4,pooled,country_admin_region_ghana::01,0.7170544298767434,0.11238653449380687,0.49678086992161347,0.9373279898318734,1.7679662694113454e-10,36985,4434,114,model_specific_equal_total_country_weight,cluster_robust_country_psu,True,"{'child_sex': {'reference': 'Male', 'reference_column': 'child_sex_Male'}, 'maternal_education': {'reference': 'No education', 'reference_column': 'maternal_education_No education'}, 'literacy': {'reference': 'Cannot read at all', 'reference_column': 'literacy_Cannot read at all'}, 'wealth_quintile': {'reference': 'Poorest', 'reference_column': 'wealth_quintile_Poorest'}, 'residence': {'reference': 'Rural', 'reference_column': 'residence_Rural'}, 'country_admin_region': {'reference': 'ethiopia::01', 'reference_column': 'country_admin_region_ethiopia::01'}}"
haz,4,pooled,country_admin_region_ghana::02,0.6485322804875261,0.12924903163417698,0.3952088334478611,0.901855727527191,5.229498363618632e-07,36985,4434,114,model_specific_equal_total_country_weight,cluster_robust_country_psu,True,"{'child_sex': {'reference': 'Male', 'reference_column': 'child_sex_Male'}, 'maternal_education': {'reference': 'No education', 'reference_column': 'maternal_education_No education'}, 'literacy': {'reference': 'Cannot read at all', 'reference_column': 'literacy_Cannot read at all'}, 'wealth_quintile': {'reference': 'Poorest', 'reference_column': 'wealth_quintile_Poorest'}, 'residence': {'reference': 'Rural', 'reference_column': 'residence_Rural'}, 'country_admin_region': {'reference': 'ethiopia::01', 'reference_column': 'country_admin_region_ethiopia::01'}}"
haz,4,pooled,country_admin_region_ghana::03,0.6263460485914876,0.11977159686404351,0.39159803236711177,0.8610940648158634,1.6996539591321304e-07,36985,4434,114,model_specific_equal_total_country_weight,cluster_robust_country_psu,True,"{'child_sex': {'reference': 'Male', 'reference_column': 'child_sex_Male'}, 'maternal_education': {'reference': 'No education', 'reference_column': 'maternal_education_No education'}, 'literacy': {'reference': 'Cannot read at all', 'reference_column': 'literacy_Cannot read at all'}, 'wealth_quintile': {'reference': 'Poorest', 'reference_column': 'wealth_quintile_Poorest'}, 'residence': {'reference': 'Rural', 'reference_column': 'residence_Rural'}, 'country_admin_region': {'reference': 'ethiopia::01', 'reference_column': 'country_admin_region_ethiopia::01'}}"
haz,4,pooled,country_admin_region_ghana::04,0.5766711802681069,0.130471468127884,0.32095180172738874,0.8323905588088252,9.87454001373039e-06,36985,4434,114,model_specific_equal_total_country_weight,cluster_robust_country_psu,True,"{'child_sex': {'reference': 'Male', 'reference_column': 'child_sex_Male'}, 'maternal_education': {'reference': 'No education', 'reference_column': 'maternal_education_No education'}, 'literacy': {'reference': 'Cannot read at all', 'reference_column': 'literacy_Cannot read at all'}, 'wealth_quintile': {'reference': 'Poorest', 'reference_column': 'wealth_quintile_Poorest'}, 'residence': {'reference': 'Rural', 'reference_column': 'residence_Rural'}, 'country_admin_region': {'reference': 'ethiopia::01', 'reference_column': 'country_admin_region_ethiopia::01'}}"
haz,4,pooled,country_admin_region_ghana::05,0.7403068395728275,0.10600058996862195,0.5325495008943307,0.9480641782513243,2.8691675023572904e-12,36985,4434,114,model_specific_equal_total_country_weight,cluster_robust_country_psu,True,"{'child_sex': {'reference': 'Male', 'reference_column': 'child_sex_Male'}, 'maternal_education': {'reference': 'No education', 'reference_column': 'maternal_education_No education'}, 'literacy': {'reference': 'Cannot read at all', 'reference_column': 'literacy_Cannot read at all'}, 'wealth_quintile': {'reference': 'Poorest', 'reference_column': 'wealth_quintile_Poorest'}, 'residence': {'reference': 'Rural', 'reference_column': 'residence_Rural'}, 'country_admin_region': {'reference': 'ethiopia::01', 'reference_column': 'country_admin_region_ethiopia::01'}}"
haz,4,pooled,country_admin_region_ghana::06,0.7365407178367696,0.11569942928083118,0.5097740034145015,0.9633074322590376,1.94041636415748e-10,36985,4434,114,model_specific_equal_total_country_weight,cluster_robust_country_psu,True,"{'child_sex': {'reference': 'Male', 'reference_column': 'child_sex_Male'}, 'maternal_education': {'reference': 'No education', 'reference_column': 'maternal_education_No education'}, 'literacy': {'reference': 'Cannot read at all', 'reference_column': 'literacy_Cannot read at all'}, 'wealth_quintile': {'reference': 'Poorest', 'reference_column': 'wealth_quintile_Poorest'}, 'residence': {'reference': 'Rural', 'reference_column': 'residence_Rural'}, 'country_admin_region': {'reference': 'ethiopia::01', 'reference_column': 'country_admin_region_ethiopia::01'}}"
haz,4,pooled,country_admin_region_ghana::07,0.8257124599282296,0.1256930167223647,0.579358674044204,1.0720662458122552,5.0559568339941997e-11,36985,4434,114,model_specific_equal_total_country_weight,cluster_robust_country_psu,True,"{'child_sex': {'reference': 'Male', 'reference_column': 'child_sex_Male'}, 'maternal_education': {'reference': 'No education', 'reference_column': 'maternal_education_No education'}, 'literacy': {'reference': 'Cannot read at all', 'reference_column': 'literacy_Cannot read at all'}, 'wealth_quintile': {'reference': 'Poorest', 'reference_column': 'wealth_quintile_Poorest'}, 'residence': {'reference': 'Rural', 'reference_column': 'residence_Rural'}, 'country_admin_region': {'reference': 'ethiopia::01', 'reference_column': 'country_admin_region_ethiopia::01'}}"
haz,4,pooled,country_admin_region_ghana::08,0.7739712223865277,0.09977084310732207,0.5784239631889802,0.9695184815840753,8.66273588871245e-15,36985,4434,114,model_specific_equal_total_country_weight,cluster_robust_country_psu,True,"{'child_sex': {'reference': 'Male', 'reference_column': 'child_sex_Male'}, 'maternal_education': {'reference': 'No education', 'reference_column': 'maternal_education_No education'}, 'literacy': {'reference': 'Cannot read at all', 'reference_column': 'literacy_Cannot read at all'}, 'wealth_quintile': {'reference': 'Poorest', 'reference_column': 'wealth_quintile_Poorest'}, 'residence': {'reference': 'Rural', 'reference_column': 'residence_Rural'}, 'country_admin_region': {'reference': 'ethiopia::01', 'reference_column': 'country_admin_region_ethiopia::01'}}"
haz,4,pooled,country_admin_region_ghana::09,0.6836379435107713,0.14106313483992383,0.4071592796782033,0.9601166073433394,1.2576876704799174e-06,36985,4434,114,model_specific_equal_total_country_weight,cluster_robust_country_psu,True,"{'child_sex': {'reference': 'Male', 'reference_column': 'child_sex_Male'}, 'maternal_education': {'reference': 'No education', 'reference_column': 'maternal_education_No education'}, 'literacy': {'reference': 'Cannot read at all', 'reference_column': 'literacy_Cannot read at all'}, 'wealth_quintile': {'reference': 'Poorest', 'reference_column': 'wealth_quintile_Poorest'}, 'residence': {'reference': 'Rural', 'reference_column': 'residence_Rural'}, 'country_admin_region': {'reference': 'ethiopia::01', 'reference_column': 'country_admin_region_ethiopia::01'}}"
haz,4,pooled,country_admin_region_ghana::10,0.8502458800703011,0.1074766502481801,0.6395955164048602,1.0608962437357419,2.5536579591494416e-15,36985,4434,114,model_specific_equal_total_country_weight,cluster_robust_country_psu,True,"{'child_sex': {'reference': 'Male', 'reference_column': 'child_sex_Male'}, 'maternal_education': {'reference': 'No education', 'reference_column': 'maternal_education_No education'}, 'literacy': {'reference': 'Cannot read at all', 'reference_column': 'literacy_Cannot read at all'}, 'wealth_quintile': {'reference': 'Poorest', 'reference_column': 'wealth_quintile_Poorest'}, 'residence': {'reference': 'Rural', 'reference_column': 'residence_Rural'}, 'country_admin_region': {'reference': 'ethiopia::01', 'reference_column': 'country_admin_region_ethiopia::01'}}"
haz,4,pooled,country_admin_region_ghana::11,0.6187048289343898,0.10581919531809017,0.4113030172379236,0.826106640630856,5.0108645805706995e-09,36985,4434,114,model_specific_equal_total_country_weight,cluster_robust_country_psu,True,"{'child_sex': {'reference': 'Male', 'reference_column': 'child_sex_Male'}, 'maternal_education': {'reference': 'No education', 'reference_column': 'maternal_education_No education'}, 'literacy': {'reference': 'Cannot read at all', 'reference_column': 'literacy_Cannot read at all'}, 'wealth_quintile': {'reference': 'Poorest', 'reference_column': 'wealth_quintile_Poorest'}, 'residence': {'reference': 'Rural', 'reference_column': 'residence_Rural'}, 'country_admin_region': {'reference': 'ethiopia::01', 'reference_column': 'country_admin_region_ethiopia::01'}}"
haz,4,pooled,country_admin_region_ghana::12,0.36104684245818525,0.10575892701243661,0.15376315447020925,0.5683305304461612,0.0006404798528584138,36985,4434,114,model_specific_equal_total_country_weight,cluster_robust_country_psu,True,"{'child_sex': {'reference': 'Male', 'reference_column': 'child_sex_Male'}, 'maternal_education': {'reference': 'No education', 'reference_column': 'maternal_education_No education'}, 'literacy': {'reference': 'Cannot read at all', 'reference_column': 'literacy_Cannot read at all'}, 'wealth_quintile': {'reference': 'Poorest', 'reference_column': 'wealth_quintile_Poorest'}, 'residence': {'reference': 'Rural', 'reference_column': 'residence_Rural'}, 'country_admin_region': {'reference': 'ethiopia::01', 'reference_column': 'country_admin_region_ethiopia::01'}}"
haz,4,pooled,country_admin_region_ghana::13,0.6400919071007335,0.10729473546959728,0.4297980898495706,0.8503857243518964,2.4353597903579238e-09,36985,4434,114,model_specific_equal_total_country_weight,cluster_robust_country_psu,True,"{'child_sex': {'reference': 'Male', 'reference_column': 'child_sex_Male'}, 'maternal_education': {'reference': 'No education', 'reference_column': 'maternal_education_No education'}, 'literacy': {'reference': 'Cannot read at all', 'reference_column': 'literacy_Cannot read at all'}, 'wealth_quintile': {'reference': 'Poorest', 'reference_column': 'wealth_quintile_Poorest'}, 'residence': {'reference': 'Rural', 'reference_column': 'residence_Rural'}, 'country_admin_region': {'reference': 'ethiopia::01', 'reference_column': 'country_admin_region_ethiopia::01'}}"
haz,4,pooled,country_admin_region_ghana::14,0.5579278972323799,0.11568519892836959,0.3311890737884239,0.7846667206763359,1.415487921924521e-06,36985,4434,114,model_specific_equal_total_country_weight,cluster_robust_country_psu,True,"{'child_sex': {'reference': 'Male', 'reference_column': 'child_sex_Male'}, 'maternal_education': {'reference': 'No education', 'reference_column': 'maternal_education_No education'}, 'literacy': {'reference': 'Cannot read at all', 'reference_column': 'literacy_Cannot read at all'}, 'wealth_quintile': {'reference': 'Poorest', 'reference_column': 'wealth_quintile_Poorest'}, 'residence': {'reference': 'Rural', 'reference_column': 'residence_Rural'}, 'country_admin_region': {'reference': 'ethiopia::01', 'reference_column': 'country_admin_region_ethiopia::01'}}"
haz,4,pooled,country_admin_region_ghana::15,0.4923717184564985,0.11241266827739842,0.2720469372267494,0.7126964996862477,1.186588098636689e-05,36985,4434,114,model_specific_equal_total_country_weight,cluster_robust_country_psu,True,"{'child_sex': {'reference': 'Male', 'reference_column': 'child_sex_Male'}, 'maternal_education': {'reference': 'No education', 'reference_column': 'maternal_education_No education'}, 'literacy': {'reference': 'Cannot read at all', 'reference_column': 'literacy_Cannot read at all'}, 'wealth_quintile': {'reference': 'Poorest', 'reference_column': 'wealth_quintile_Poorest'}, 'residence': {'reference': 'Rural', 'reference_column': 'residence_Rural'}, 'country_admin_region': {'reference': 'ethiopia::01', 'reference_column': 'country_admin_region_ethiopia::01'}}"
haz,4,pooled,country_admin_region_ghana::16,0.7666671196434082,0.11860560197237649,0.5342044114128575,0.9991298278739589,1.01967981133017e-10,36985,4434,114,model_specific_equal_total_country_weight,cluster_robust_country_psu,True,"{'child_sex': {'reference': 'Male', 'reference_column': 'child_sex_Male'}, 'maternal_education': {'reference': 'No education', 'reference_column': 'maternal_education_No education'}, 'literacy': {'reference': 'Cannot read at all', 'reference_column': 'literacy_Cannot read at all'}, 'wealth_quintile': {'reference': 'Poorest', 'reference_column': 'wealth_quintile_Poorest'}, 'residence': {'reference': 'Rural', 'reference_column': 'residence_Rural'}, 'country_admin_region': {'reference': 'ethiopia::01', 'reference_column': 'country_admin_region_ethiopia::01'}}"
haz,4,pooled,country_admin_region_kenya::01,0.6635165024297602,0.10934187751715975,0.44921036049413726,0.8778226443653832,1.2929196955360768e-09,36985,4434,114,model_specific_equal_total_country_weight,cluster_robust_country_psu,True,"{'child_sex': {'reference': 'Male', 'reference_column': 'child_sex_Male'}, 'maternal_education': {'reference': 'No education', 'reference_column': 'maternal_education_No education'}, 'literacy': {'reference': 'Cannot read at all', 'reference_column': 'literacy_Cannot read at all'}, 'wealth_quintile': {'reference': 'Poorest', 'reference_column': 'wealth_quintile_Poorest'}, 'residence': {'reference': 'Rural', 'reference_column': 'residence_Rural'}, 'country_admin_region': {'reference': 'ethiopia::01', 'reference_column': 'country_admin_region_ethiopia::01'}}"
haz,4,pooled,country_admin_region_kenya::02,0.64237094748628,0.13503864638373794,0.3777000640531136,0.9070418309194463,1.9654805066382595e-06,36985,4434,114,model_specific_equal_total_country_weight,cluster_robust_country_psu,True,"{'child_sex': {'reference': 'Male', 'reference_column': 'child_sex_Male'}, 'maternal_education': {'reference': 'No education', 'reference_column': 'maternal_education_No education'}, 'literacy': {'reference': 'Cannot read at all', 'reference_column': 'literacy_Cannot read at all'}, 'wealth_quintile': {'reference': 'Poorest', 'reference_column': 'wealth_quintile_Poorest'}, 'residence': {'reference': 'Rural', 'reference_column': 'residence_Rural'}, 'country_admin_region': {'reference': 'ethiopia::01', 'reference_column': 'country_admin_region_ethiopia::01'}}"
haz,4,pooled,country_admin_region_kenya::03,0.2333065832882535,0.10658331649067682,0.024407121613692906,0.44220604496281407,0.02859977008053004,36985,4434,114,model_specific_equal_total_country_weight,cluster_robust_country_psu,True,"{'child_sex': {'reference': 'Male', 'reference_column': 'child_sex_Male'}, 'maternal_education': {'reference': 'No education', 'reference_column': 'maternal_education_No education'}, 'literacy': {'reference': 'Cannot read at all', 'reference_column': 'literacy_Cannot read at all'}, 'wealth_quintile': {'reference': 'Poorest', 'reference_column': 'wealth_quintile_Poorest'}, 'residence': {'reference': 'Rural', 'reference_column': 'residence_Rural'}, 'country_admin_region': {'reference': 'ethiopia::01', 'reference_column': 'country_admin_region_ethiopia::01'}}"
haz,4,pooled,country_admin_region_kenya::04,0.9112989974345406,0.10670094853701215,0.702168981185735,1.1204290136833461,1.3343057638028353e-17,36985,4434,114,model_specific_equal_total_country_weight,cluster_robust_country_psu,True,"{'child_sex': {'reference': 'Male', 'reference_column': 'child_sex_Male'}, 'maternal_education': {'reference': 'No education', 'reference_column': 'maternal_education_No education'}, 'literacy': {'reference': 'Cannot read at all', 'reference_column': 'literacy_Cannot read at all'}, 'wealth_quintile': {'reference': 'Poorest', 'reference_column': 'wealth_quintile_Poorest'}, 'residence': {'reference': 'Rural', 'reference_column': 'residence_Rural'}, 'country_admin_region': {'reference': 'ethiopia::01', 'reference_column': 'country_admin_region_ethiopia::01'}}"
haz,4,pooled,country_admin_region_kenya::05,0.752030922969358,0.11148087828387429,0.533532416568071,0.970529429370645,1.521559120847521e-11,36985,4434,114,model_specific_equal_total_country_weight,cluster_robust_country_psu,True,"{'child_sex': {'reference': 'Male', 'reference_column': 'child_sex_Male'}, 'maternal_education': {'reference': 'No education', 'reference_column': 'maternal_education_No education'}, 'literacy': {'reference': 'Cannot read at all', 'reference_column': 'literacy_Cannot read at all'}, 'wealth_quintile': {'reference': 'Poorest', 'reference_column': 'wealth_quintile_Poorest'}, 'residence': {'reference': 'Rural', 'reference_column': 'residence_Rural'}, 'country_admin_region': {'reference': 'ethiopia::01', 'reference_column': 'country_admin_region_ethiopia::01'}}"
haz,4,pooled,country_admin_region_kenya::06,0.6676428087673477,0.12984664145061123,0.413148068010664,0.9221375495240314,2.7214830084864383e-07,36985,4434,114,model_specific_equal_total_country_weight,cluster_robust_country_psu,True,"{'child_sex': {'reference': 'Male', 'reference_column': 'child_sex_Male'}, 'maternal_education': {'reference': 'No education', 'reference_column': 'maternal_education_No education'}, 'literacy': {'reference': 'Cannot read at all', 'reference_column': 'literacy_Cannot read at all'}, 'wealth_quintile': {'reference': 'Poorest', 'reference_column': 'wealth_quintile_Poorest'}, 'residence': {'reference': 'Rural', 'reference_column': 'residence_Rural'}, 'country_admin_region': {'reference': 'ethiopia::01', 'reference_column': 'country_admin_region_ethiopia::01'}}"
haz,4,pooled,country_admin_region_kenya::07,1.405547769678083,0.10808855141414553,1.1936981017652517,1.6173974375909141,1.1661119706315442e-38,36985,4434,114,model_specific_equal_total_country_weight,cluster_robust_country_psu,True,"{'child_sex': {'reference': 'Male', 'reference_column': 'child_sex_Male'}, 'maternal_education': {'reference': 'No education', 'reference_column': 'maternal_education_No education'}, 'literacy': {'reference': 'Cannot read at all', 'reference_column': 'literacy_Cannot read at all'}, 'wealth_quintile': {'reference': 'Poorest', 'reference_column': 'wealth_quintile_Poorest'}, 'residence': {'reference': 'Rural', 'reference_column': 'residence_Rural'}, 'country_admin_region': {'reference': 'ethiopia::01', 'reference_column': 'country_admin_region_ethiopia::01'}}"
haz,4,pooled,country_admin_region_kenya::08,1.5844933255419318,0.09933651760627903,1.389797328683996,1.7791893223998676,2.81433890301577e-57,36985,4434,114,model_specific_equal_total_country_weight,cluster_robust_country_psu,True,"{'child_sex': {'reference': 'Male', 'reference_column': 'child_sex_Male'}, 'maternal_education': {'reference': 'No education', 'reference_column': 'maternal_education_No education'}, 'literacy': {'reference': 'Cannot read at all', 'reference_column': 'literacy_Cannot read at all'}, 'wealth_quintile': {'reference': 'Poorest', 'reference_column': 'wealth_quintile_Poorest'}, 'residence': {'reference': 'Rural', 'reference_column': 'residence_Rural'}, 'country_admin_region': {'reference': 'ethiopia::01', 'reference_column': 'country_admin_region_ethiopia::01'}}"
haz,4,pooled,country_admin_region_kenya::09,1.0983217189299372,0.1077723550323717,0.8870917845374247,1.3095516533224498,2.172319200613338e-24,36985,4434,114,model_specific_equal_total_country_weight,cluster_robust_country_psu,True,"{'child_sex': {'reference': 'Male', 'reference_column': 'child_sex_Male'}, 'maternal_education': {'reference': 'No education', 'reference_column': 'maternal_education_No education'}, 'literacy': {'reference': 'Cannot read at all', 'reference_column': 'literacy_Cannot read at all'}, 'wealth_quintile': {'reference': 'Poorest', 'reference_column': 'wealth_quintile_Poorest'}, 'residence': {'reference': 'Rural', 'reference_column': 'residence_Rural'}, 'country_admin_region': {'reference': 'ethiopia::01', 'reference_column': 'country_admin_region_ethiopia::01'}}"
haz,4,pooled,country_admin_region_kenya::10,1.0387838910959641,0.1177447147793499,0.8080084907584973,1.269559291433431,1.1209242966845196e-18,36985,4434,114,model_specific_equal_total_country_weight,cluster_robust_country_psu,True,"{'child_sex': {'reference': 'Male', 'reference_column': 'child_sex_Male'}, 'maternal_education': {'reference': 'No education', 'reference_column': 'maternal_education_No education'}, 'literacy': {'reference': 'Cannot read at all', 'reference_column': 'literacy_Cannot read at all'}, 'wealth_quintile': {'reference': 'Poorest', 'reference_column': 'wealth_quintile_Poorest'}, 'residence': {'reference': 'Rural', 'reference_column': 'residence_Rural'}, 'country_admin_region': {'reference': 'ethiopia::01', 'reference_column': 'country_admin_region_ethiopia::01'}}"
haz,4,pooled,country_admin_region_kenya::11,1.088243008773501,0.1250907613214053,0.8430696217848507,1.3334163957621517,3.3297578383232682e-18,36985,4434,114,model_specific_equal_total_country_weight,cluster_robust_country_psu,True,"{'child_sex': {'reference': 'Male', 'reference_column': 'child_sex_Male'}, 'maternal_education': {'reference': 'No education', 'reference_column': 'maternal_education_No education'}, 'literacy': {'reference': 'Cannot read at all', 'reference_column': 'literacy_Cannot read at all'}, 'wealth_quintile': {'reference': 'Poorest', 'reference_column': 'wealth_quintile_Poorest'}, 'residence': {'reference': 'Rural', 'reference_column': 'residence_Rural'}, 'country_admin_region': {'reference': 'ethiopia::01', 'reference_column': 'country_admin_region_ethiopia::01'}}"
haz,4,pooled,country_admin_region_kenya::12,0.45676355297388666,0.11715864854497181,0.22713682134835592,0.6863902845994174,9.672028677366258e-05,36985,4434,114,model_specific_equal_total_country_weight,cluster_robust_country_psu,True,"{'child_sex': {'reference': 'Male', 'reference_column': 'child_sex_Male'}, 'maternal_education': {'reference': 'No education', 'reference_column': 'maternal_education_No education'}, 'literacy': {'reference': 'Cannot read at all', 'reference_column': 'literacy_Cannot read at all'}, 'wealth_quintile': {'reference': 'Poorest', 'reference_column': 'wealth_quintile_Poorest'}, 'residence': {'reference': 'Rural', 'reference_column': 'residence_Rural'}, 'country_admin_region': {'reference': 'ethiopia::01', 'reference_column': 'country_admin_region_ethiopia::01'}}"
haz,4,pooled,country_admin_region_kenya::13,0.5188112773636382,0.12004185346747732,0.283533567929948,0.7540889867973284,1.546773343568007e-05,36985,4434,114,model_specific_equal_total_country_weight,cluster_robust_country_psu,True,"{'child_sex': {'reference': 'Male', 'reference_column': 'child_sex_Male'}, 'maternal_education': {'reference': 'No education', 'reference_column': 'maternal_education_No education'}, 'literacy': {'reference': 'Cannot read at all', 'reference_column': 'literacy_Cannot read at all'}, 'wealth_quintile': {'reference': 'Poorest', 'reference_column': 'wealth_quintile_Poorest'}, 'residence': {'reference': 'Rural', 'reference_column': 'residence_Rural'}, 'country_admin_region': {'reference': 'ethiopia::01', 'reference_column': 'country_admin_region_ethiopia::01'}}"
haz,4,pooled,country_admin_region_kenya::14,0.620076728595436,0.13414927119974196,0.3571489884916455,0.8830044686992267,3.7952838783551563e-06,36985,4434,114,model_specific_equal_total_country_weight,cluster_robust_country_psu,True,"{'child_sex': {'reference': 'Male', 'reference_column': 'child_sex_Male'}, 'maternal_education': {'reference': 'No education', 'reference_column': 'maternal_education_No education'}, 'literacy': {'reference': 'Cannot read at all', 'reference_column': 'literacy_Cannot read at all'}, 'wealth_quintile': {'reference': 'Poorest', 'reference_column': 'wealth_quintile_Poorest'}, 'residence': {'reference': 'Rural', 'reference_column': 'residence_Rural'}, 'country_admin_region': {'reference': 'ethiopia::01', 'reference_column': 'country_admin_region_ethiopia::01'}}"
haz,4,pooled,country_admin_region_kenya::15,0.5377684079478957,0.11667378021685239,0.30909200078272314,0.7664448151130683,4.042943284807072e-06,36985,4434,114,model_specific_equal_total_country_weight,cluster_robust_country_psu,True,"{'child_sex': {'reference': 'Male', 'reference_column': 'child_sex_Male'}, 'maternal_education': {'reference': 'No education', 'reference_column': 'maternal_education_No education'}, 'literacy': {'reference': 'Cannot read at all', 'reference_column': 'literacy_Cannot read at all'}, 'wealth_quintile': {'reference': 'Poorest', 'reference_column': 'wealth_quintile_Poorest'}, 'residence': {'reference': 'Rural', 'reference_column': 'residence_Rural'}, 'country_admin_region': {'reference': 'ethiopia::01', 'reference_column': 'country_admin_region_ethiopia::01'}}"
haz,4,pooled,country_admin_region_kenya::16,0.5368943406291177,0.12036806928787676,0.30097725993625746,0.7728114213219779,8.179222265168992e-06,36985,4434,114,model_specific_equal_total_country_weight,cluster_robust_country_psu,True,"{'child_sex': {'reference': 'Male', 'reference_column': 'child_sex_Male'}, 'maternal_education': {'reference': 'No education', 'reference_column': 'maternal_education_No education'}, 'literacy': {'reference': 'Cannot read at all', 'reference_column': 'literacy_Cannot read at all'}, 'wealth_quintile': {'reference': 'Poorest', 'reference_column': 'wealth_quintile_Poorest'}, 'residence': {'reference': 'Rural', 'reference_column': 'residence_Rural'}, 'country_admin_region': {'reference': 'ethiopia::01', 'reference_column': 'country_admin_region_ethiopia::01'}}"
haz,4,pooled,country_admin_region_kenya::17,0.4917487283896843,0.10444616399924608,0.28703800862779805,0.6964594481515706,2.4996900944896645e-06,36985,4434,114,model_specific_equal_total_country_weight,cluster_robust_country_psu,True,"{'child_sex': {'reference': 'Male', 'reference_column': 'child_sex_Male'}, 'maternal_education': {'reference': 'No education', 'reference_column': 'maternal_education_No education'}, 'literacy': {'reference': 'Cannot read at all', 'reference_column': 'literacy_Cannot read at all'}, 'wealth_quintile': {'reference': 'Poorest', 'reference_column': 'wealth_quintile_Poorest'}, 'residence': {'reference': 'Rural', 'reference_column': 'residence_Rural'}, 'country_admin_region': {'reference': 'ethiopia::01', 'reference_column': 'country_admin_region_ethiopia::01'}}"
haz,4,pooled,country_admin_region_kenya::18,0.6018912018638162,0.12956223271638193,0.3479538919831105,0.8558285117445219,3.3912885484662603e-06,36985,4434,114,model_specific_equal_total_country_weight,cluster_robust_country_psu,True,"{'child_sex': {'reference': 'Male', 'reference_column': 'child_sex_Male'}, 'maternal_education': {'reference': 'No education', 'reference_column': 'maternal_education_No education'}, 'literacy': {'reference': 'Cannot read at all', 'reference_column': 'literacy_Cannot read at all'}, 'wealth_quintile': {'reference': 'Poorest', 'reference_column': 'wealth_quintile_Poorest'}, 'residence': {'reference': 'Rural', 'reference_column': 'residence_Rural'}, 'country_admin_region': {'reference': 'ethiopia::01', 'reference_column': 'country_admin_region_ethiopia::01'}}"
haz,4,pooled,country_admin_region_kenya::19,0.5846007494540916,0.11975855545346391,0.34987829392475944,0.8193232049834237,1.0528477253729436e-06,36985,4434,114,model_specific_equal_total_country_weight,cluster_robust_country_psu,True,"{'child_sex': {'reference': 'Male', 'reference_column': 'child_sex_Male'}, 'maternal_education': {'reference': 'No education', 'reference_column': 'maternal_education_No education'}, 'literacy': {'reference': 'Cannot read at all', 'reference_column': 'literacy_Cannot read at all'}, 'wealth_quintile': {'reference': 'Poorest', 'reference_column': 'wealth_quintile_Poorest'}, 'residence': {'reference': 'Rural', 'reference_column': 'residence_Rural'}, 'country_admin_region': {'reference': 'ethiopia::01', 'reference_column': 'country_admin_region_ethiopia::01'}}"
haz,4,pooled,country_admin_region_kenya::20,0.667363681608375,0.12454104745718118,0.4232677139954062,0.9114596492213438,8.387667251252526e-08,36985,4434,114,model_specific_equal_total_country_weight,cluster_robust_country_psu,True,"{'child_sex': {'reference': 'Male', 'reference_column': 'child_sex_Male'}, 'maternal_education': {'reference': 'No education', 'reference_column': 'maternal_education_No education'}, 'literacy': {'reference': 'Cannot read at all', 'reference_column': 'literacy_Cannot read at all'}, 'wealth_quintile': {'reference': 'Poorest', 'reference_column': 'wealth_quintile_Poorest'}, 'residence': {'reference': 'Rural', 'reference_column': 'residence_Rural'}, 'country_admin_region': {'reference': 'ethiopia::01', 'reference_column': 'country_admin_region_ethiopia::01'}}"
haz,4,pooled,country_admin_region_kenya::21,0.7637089061413553,0.10820885730425865,0.5516234430167744,0.9757943692659363,1.69244407782855e-12,36985,4434,114,model_specific_equal_total_country_weight,cluster_robust_country_psu,True,"{'child_sex': {'reference': 'Male', 'reference_column': 'child_sex_Male'}, 'maternal_education': {'reference': 'No education', 'reference_column': 'maternal_education_No education'}, 'literacy': {'reference': 'Cannot read at all', 'reference_column': 'literacy_Cannot read at all'}, 'wealth_quintile': {'reference': 'Poorest', 'reference_column': 'wealth_quintile_Poorest'}, 'residence': {'reference': 'Rural', 'reference_column': 'residence_Rural'}, 'country_admin_region': {'reference': 'ethiopia::01', 'reference_column': 'country_admin_region_ethiopia::01'}}"
haz,4,pooled,country_admin_region_kenya::22,0.4881243431539095,0.12520730351299061,0.24272253766707252,0.7335261486407465,9.677868614668702e-05,36985,4434,114,model_specific_equal_total_country_weight,cluster_robust_country_psu,True,"{'child_sex': {'reference': 'Male', 'reference_column': 'child_sex_Male'}, 'maternal_education': {'reference': 'No education', 'reference_column': 'maternal_education_No education'}, 'literacy': {'reference': 'Cannot read at all', 'reference_column': 'literacy_Cannot read at all'}, 'wealth_quintile': {'reference': 'Poorest', 'reference_column': 'wealth_quintile_Poorest'}, 'residence': {'reference': 'Rural', 'reference_column': 'residence_Rural'}, 'country_admin_region': {'reference': 'ethiopia::01', 'reference_column': 'country_admin_region_ethiopia::01'}}"
haz,4,pooled,country_admin_region_kenya::23,0.7943580265716509,0.10329294635537799,0.5919075718580822,0.9968084812852196,1.4674287647170317e-14,36985,4434,114,model_specific_equal_total_country_weight,cluster_robust_country_psu,True,"{'child_sex': {'reference': 'Male', 'reference_column': 'child_sex_Male'}, 'maternal_education': {'reference': 'No education', 'reference_column': 'maternal_education_No education'}, 'literacy': {'reference': 'Cannot read at all', 'reference_column': 'literacy_Cannot read at all'}, 'wealth_quintile': {'reference': 'Poorest', 'reference_column': 'wealth_quintile_Poorest'}, 'residence': {'reference': 'Rural', 'reference_column': 'residence_Rural'}, 'country_admin_region': {'reference': 'ethiopia::01', 'reference_column': 'country_admin_region_ethiopia::01'}}"
haz,4,pooled,country_admin_region_kenya::24,0.4057460512251932,0.09960085838756716,0.2105319559562874,0.600960146494099,4.6268019080201664e-05,36985,4434,114,model_specific_equal_total_country_weight,cluster_robust_country_psu,True,"{'child_sex': {'reference': 'Male', 'reference_column': 'child_sex_Male'}, 'maternal_education': {'reference': 'No education', 'reference_column': 'maternal_education_No education'}, 'literacy': {'reference': 'Cannot read at all', 'reference_column': 'literacy_Cannot read at all'}, 'wealth_quintile': {'reference': 'Poorest', 'reference_column': 'wealth_quintile_Poorest'}, 'residence': {'reference': 'Rural', 'reference_column': 'residence_Rural'}, 'country_admin_region': {'reference': 'ethiopia::01', 'reference_column': 'country_admin_region_ethiopia::01'}}"
haz,4,pooled,country_admin_region_kenya::25,0.46874161006297793,0.10645825448314807,0.26008726541900795,0.6773959547069479,1.0673681336220876e-05,36985,4434,114,model_specific_equal_total_country_weight,cluster_robust_country_psu,True,"{'child_sex': {'reference': 'Male', 'reference_column': 'child_sex_Male'}, 'maternal_education': {'reference': 'No education', 'reference_column': 'maternal_education_No education'}, 'literacy': {'reference': 'Cannot read at all', 'reference_column': 'literacy_Cannot read at all'}, 'wealth_quintile': {'reference': 'Poorest', 'reference_column': 'wealth_quintile_Poorest'}, 'residence': {'reference': 'Rural', 'reference_column': 'residence_Rural'}, 'country_admin_region': {'reference': 'ethiopia::01', 'reference_column': 'country_admin_region_ethiopia::01'}}"
haz,4,pooled,country_admin_region_kenya::26,0.6087750562969065,0.11229494826283903,0.38868100205595335,0.8288691105378597,5.919531790327169e-08,36985,4434,114,model_specific_equal_total_country_weight,cluster_robust_country_psu,True,"{'child_sex': {'reference': 'Male', 'reference_column': 'child_sex_Male'}, 'maternal_education': {'reference': 'No education', 'reference_column': 'maternal_education_No education'}, 'literacy': {'reference': 'Cannot read at all', 'reference_column': 'literacy_Cannot read at all'}, 'wealth_quintile': {'reference': 'Poorest', 'reference_column': 'wealth_quintile_Poorest'}, 'residence': {'reference': 'Rural', 'reference_column': 'residence_Rural'}, 'country_admin_region': {'reference': 'ethiopia::01', 'reference_column': 'country_admin_region_ethiopia::01'}}"
haz,4,pooled,country_admin_region_kenya::27,0.6122396150058215,0.110730164980076,0.3952124796426941,0.8292667503689488,3.2185364770107596e-08,36985,4434,114,model_specific_equal_total_country_weight,cluster_robust_country_psu,True,"{'child_sex': {'reference': 'Male', 'reference_column': 'child_sex_Male'}, 'maternal_education': {'reference': 'No education', 'reference_column': 'maternal_education_No education'}, 'literacy': {'reference': 'Cannot read at all', 'reference_column': 'literacy_Cannot read at all'}, 'wealth_quintile': {'reference': 'Poorest', 'reference_column': 'wealth_quintile_Poorest'}, 'residence': {'reference': 'Rural', 'reference_column': 'residence_Rural'}, 'country_admin_region': {'reference': 'ethiopia::01', 'reference_column': 'country_admin_region_ethiopia::01'}}"
haz,4,pooled,country_admin_region_kenya::28,0.5106457308849014,0.10096482329582744,0.31275831351962896,0.7085331482501738,4.2443266636180047e-07,36985,4434,114,model_specific_equal_total_country_weight,cluster_robust_country_psu,True,"{'child_sex': {'reference': 'Male', 'reference_column': 'child_sex_Male'}, 'maternal_education': {'reference': 'No education', 'reference_column': 'maternal_education_No education'}, 'literacy': {'reference': 'Cannot read at all', 'reference_column': 'literacy_Cannot read at all'}, 'wealth_quintile': {'reference': 'Poorest', 'reference_column': 'wealth_quintile_Poorest'}, 'residence': {'reference': 'Rural', 'reference_column': 'residence_Rural'}, 'country_admin_region': {'reference': 'ethiopia::01', 'reference_column': 'country_admin_region_ethiopia::01'}}"
haz,4,pooled,country_admin_region_kenya::29,0.8407214240774864,0.115165360785069,0.6150014646721896,1.066441383482783,2.875024578412119e-13,36985,4434,114,model_specific_equal_total_country_weight,cluster_robust_country_psu,True,"{'child_sex': {'reference': 'Male', 'reference_column': 'child_sex_Male'}, 'maternal_education': {'reference': 'No education', 'reference_column': 'maternal_education_No education'}, 'literacy': {'reference': 'Cannot read at all', 'reference_column': 'literacy_Cannot read at all'}, 'wealth_quintile': {'reference': 'Poorest', 'reference_column': 'wealth_quintile_Poorest'}, 'residence': {'reference': 'Rural', 'reference_column': 'residence_Rural'}, 'country_admin_region': {'reference': 'ethiopia::01', 'reference_column': 'country_admin_region_ethiopia::01'}}"
haz,4,pooled,country_admin_region_kenya::30,0.685353086715592,0.09875029601345985,0.49180606306654145,0.8789001103646426,3.913689284377327e-12,36985,4434,114,model_specific_equal_total_country_weight,cluster_robust_country_psu,True,"{'child_sex': {'reference': 'Male', 'reference_column': 'child_sex_Male'}, 'maternal_education': {'reference': 'No education', 'reference_column': 'maternal_education_No education'}, 'literacy': {'reference': 'Cannot read at all', 'reference_column': 'literacy_Cannot read at all'}, 'wealth_quintile': {'reference': 'Poorest', 'reference_column': 'wealth_quintile_Poorest'}, 'residence': {'reference': 'Rural', 'reference_column': 'residence_Rural'}, 'country_admin_region': {'reference': 'ethiopia::01', 'reference_column': 'country_admin_region_ethiopia::01'}}"
haz,4,pooled,country_admin_region_kenya::31,0.7190243682736035,0.10172033872944611,0.5196561678686743,0.9183925686785327,1.5646041691124263e-12,36985,4434,114,model_specific_equal_total_country_weight,cluster_robust_country_psu,True,"{'child_sex': {'reference': 'Male', 'reference_column': 'child_sex_Male'}, 'maternal_education': {'reference': 'No education', 'reference_column': 'maternal_education_No education'}, 'literacy': {'reference': 'Cannot read at all', 'reference_column': 'literacy_Cannot read at all'}, 'wealth_quintile': {'reference': 'Poorest', 'reference_column': 'wealth_quintile_Poorest'}, 'residence': {'reference': 'Rural', 'reference_column': 'residence_Rural'}, 'country_admin_region': {'reference': 'ethiopia::01', 'reference_column': 'country_admin_region_ethiopia::01'}}"
haz,4,pooled,country_admin_region_kenya::32,0.5154599899410579,0.11966772483359366,0.2809155591553649,0.7500044207267509,1.651645727843463e-05,36985,4434,114,model_specific_equal_total_country_weight,cluster_robust_country_psu,True,"{'child_sex': {'reference': 'Male', 'reference_column': 'child_sex_Male'}, 'maternal_education': {'reference': 'No education', 'reference_column': 'maternal_education_No education'}, 'literacy': {'reference': 'Cannot read at all', 'reference_column': 'literacy_Cannot read at all'}, 'wealth_quintile': {'reference': 'Poorest', 'reference_column': 'wealth_quintile_Poorest'}, 'residence': {'reference': 'Rural', 'reference_column': 'residence_Rural'}, 'country_admin_region': {'reference': 'ethiopia::01', 'reference_column': 'country_admin_region_ethiopia::01'}}"
haz,4,pooled,country_admin_region_kenya::33,0.6153277500760715,0.09567837326043406,0.4278015843862406,0.8028539157659025,1.2659177787631068e-10,36985,4434,114,model_specific_equal_total_country_weight,cluster_robust_country_psu,True,"{'child_sex': {'reference': 'Male', 'reference_column': 'child_sex_Male'}, 'maternal_education': {'reference': 'No education', 'reference_column': 'maternal_education_No education'}, 'literacy': {'reference': 'Cannot read at all', 'reference_column': 'literacy_Cannot read at all'}, 'wealth_quintile': {'reference': 'Poorest', 'reference_column': 'wealth_quintile_Poorest'}, 'residence': {'reference': 'Rural', 'reference_column': 'residence_Rural'}, 'country_admin_region': {'reference': 'ethiopia::01', 'reference_column': 'country_admin_region_ethiopia::01'}}"
haz,4,pooled,country_admin_region_kenya::34,0.8378069531692682,0.12009056781361764,0.6024337653716126,1.0731801409669237,3.027120783523932e-12,36985,4434,114,model_specific_equal_total_country_weight,cluster_robust_country_psu,True,"{'child_sex': {'reference': 'Male', 'reference_column': 'child_sex_Male'}, 'maternal_education': {'reference': 'No education', 'reference_column': 'maternal_education_No education'}, 'literacy': {'reference': 'Cannot read at all', 'reference_column': 'literacy_Cannot read at all'}, 'wealth_quintile': {'reference': 'Poorest', 'reference_column': 'wealth_quintile_Poorest'}, 'residence': {'reference': 'Rural', 'reference_column': 'residence_Rural'}, 'country_admin_region': {'reference': 'ethiopia::01', 'reference_column': 'country_admin_region_ethiopia::01'}}"
haz,4,pooled,country_admin_region_kenya::35,0.5806078354007503,0.10956387170043866,0.36586659286112333,0.7953490779403773,1.1627068006148428e-07,36985,4434,114,model_specific_equal_total_country_weight,cluster_robust_country_psu,True,"{'child_sex': {'reference': 'Male', 'reference_column': 'child_sex_Male'}, 'maternal_education': {'reference': 'No education', 'reference_column': 'maternal_education_No education'}, 'literacy': {'reference': 'Cannot read at all', 'reference_column': 'literacy_Cannot read at all'}, 'wealth_quintile': {'reference': 'Poorest', 'reference_column': 'wealth_quintile_Poorest'}, 'residence': {'reference': 'Rural', 'reference_column': 'residence_Rural'}, 'country_admin_region': {'reference': 'ethiopia::01', 'reference_column': 'country_admin_region_ethiopia::01'}}"
haz,4,pooled,country_admin_region_kenya::36,0.5560088353562167,0.1104345085455519,0.33956117595655416,0.7724564947558792,4.78502413315744e-07,36985,4434,114,model_specific_equal_total_country_weight,cluster_robust_country_psu,True,"{'child_sex': {'reference': 'Male', 'reference_column': 'child_sex_Male'}, 'maternal_education': {'reference': 'No education', 'reference_column': 'maternal_education_No education'}, 'literacy': {'reference': 'Cannot read at all', 'reference_column': 'literacy_Cannot read at all'}, 'wealth_quintile': {'reference': 'Poorest', 'reference_column': 'wealth_quintile_Poorest'}, 'residence': {'reference': 'Rural', 'reference_column': 'residence_Rural'}, 'country_admin_region': {'reference': 'ethiopia::01', 'reference_column': 'country_admin_region_ethiopia::01'}}"
haz,4,pooled,country_admin_region_kenya::37,0.8938962792182271,0.10383171702275186,0.690389853400679,1.0974027050357753,7.364478128951745e-18,36985,4434,114,model_specific_equal_total_country_weight,cluster_robust_country_psu,True,"{'child_sex': {'reference': 'Male', 'reference_column': 'child_sex_Male'}, 'maternal_education': {'reference': 'No education', 'reference_column': 'maternal_education_No education'}, 'literacy': {'reference': 'Cannot read at all', 'reference_column': 'literacy_Cannot read at all'}, 'wealth_quintile': {'reference': 'Poorest', 'reference_column': 'wealth_quintile_Poorest'}, 'residence': {'reference': 'Rural', 'reference_column': 'residence_Rural'}, 'country_admin_region': {'reference': 'ethiopia::01', 'reference_column': 'country_admin_region_ethiopia::01'}}"
haz,4,pooled,country_admin_region_kenya::38,0.7091079520188853,0.10763790143736647,0.4981415418301749,0.9200743622075958,4.460847477767213e-11,36985,4434,114,model_specific_equal_total_country_weight,cluster_robust_country_psu,True,"{'child_sex': {'reference': 'Male', 'reference_column': 'child_sex_Male'}, 'maternal_education': {'reference': 'No education', 'reference_column': 'maternal_education_No education'}, 'literacy': {'reference': 'Cannot read at all', 'reference_column': 'literacy_Cannot read at all'}, 'wealth_quintile': {'reference': 'Poorest', 'reference_column': 'wealth_quintile_Poorest'}, 'residence': {'reference': 'Rural', 'reference_column': 'residence_Rural'}, 'country_admin_region': {'reference': 'ethiopia::01', 'reference_column': 'country_admin_region_ethiopia::01'}}"
haz,4,pooled,country_admin_region_kenya::39,0.709006252957735,0.11186969342666514,0.48974568287993414,0.9282668230355359,2.3308923747954903e-10,36985,4434,114,model_specific_equal_total_country_weight,cluster_robust_country_psu,True,"{'child_sex': {'reference': 'Male', 'reference_column': 'child_sex_Male'}, 'maternal_education': {'reference': 'No education', 'reference_column': 'maternal_education_No education'}, 'literacy': {'reference': 'Cannot read at all', 'reference_column': 'literacy_Cannot read at all'}, 'wealth_quintile': {'reference': 'Poorest', 'reference_column': 'wealth_quintile_Poorest'}, 'residence': {'reference': 'Rural', 'reference_column': 'residence_Rural'}, 'country_admin_region': {'reference': 'ethiopia::01', 'reference_column': 'country_admin_region_ethiopia::01'}}"
haz,4,pooled,country_admin_region_kenya::40,1.0188982846703636,0.10415892669186583,0.8147505396859589,1.2230460296547683,1.343257783437018e-22,36985,4434,114,model_specific_equal_total_country_weight,cluster_robust_country_psu,True,"{'child_sex': {'reference': 'Male', 'reference_column': 'child_sex_Male'}, 'maternal_education': {'reference': 'No education', 'reference_column': 'maternal_education_No education'}, 'literacy': {'reference': 'Cannot read at all', 'reference_column': 'literacy_Cannot read at all'}, 'wealth_quintile': {'reference': 'Poorest', 'reference_column': 'wealth_quintile_Poorest'}, 'residence': {'reference': 'Rural', 'reference_column': 'residence_Rural'}, 'country_admin_region': {'reference': 'ethiopia::01', 'reference_column': 'country_admin_region_ethiopia::01'}}"
haz,4,pooled,country_admin_region_kenya::41,0.6477386658044055,0.11699440537675444,0.4184338448732876,0.8770434867355235,3.085887780275929e-08,36985,4434,114,model_specific_equal_total_country_weight,cluster_robust_country_psu,True,"{'child_sex': {'reference': 'Male', 'reference_column': 'child_sex_Male'}, 'maternal_education': {'reference': 'No education', 'reference_column': 'maternal_education_No education'}, 'literacy': {'reference': 'Cannot read at all', 'reference_column': 'literacy_Cannot read at all'}, 'wealth_quintile': {'reference': 'Poorest', 'reference_column': 'wealth_quintile_Poorest'}, 'residence': {'reference': 'Rural', 'reference_column': 'residence_Rural'}, 'country_admin_region': {'reference': 'ethiopia::01', 'reference_column': 'country_admin_region_ethiopia::01'}}"
haz,4,pooled,country_admin_region_kenya::42,1.0623554991228876,0.10618474571224583,0.8542372218193419,1.2704737764264333,1.4520747575582286e-23,36985,4434,114,model_specific_equal_total_country_weight,cluster_robust_country_psu,True,"{'child_sex': {'reference': 'Male', 'reference_column': 'child_sex_Male'}, 'maternal_education': {'reference': 'No education', 'reference_column': 'maternal_education_No education'}, 'literacy': {'reference': 'Cannot read at all', 'reference_column': 'literacy_Cannot read at all'}, 'wealth_quintile': {'reference': 'Poorest', 'reference_column': 'wealth_quintile_Poorest'}, 'residence': {'reference': 'Rural', 'reference_column': 'residence_Rural'}, 'country_admin_region': {'reference': 'ethiopia::01', 'reference_column': 'country_admin_region_ethiopia::01'}}"
haz,4,pooled,country_admin_region_kenya::43,1.0437126132234051,0.10384176416654861,0.840186495365868,1.2472387310809423,9.094837261309924e-24,36985,4434,114,model_specific_equal_total_country_weight,cluster_robust_country_psu,True,"{'child_sex': {'reference': 'Male', 'reference_column': 'child_sex_Male'}, 'maternal_education': {'reference': 'No education', 'reference_column': 'maternal_education_No education'}, 'literacy': {'reference': 'Cannot read at all', 'reference_column': 'literacy_Cannot read at all'}, 'wealth_quintile': {'reference': 'Poorest', 'reference_column': 'wealth_quintile_Poorest'}, 'residence': {'reference': 'Rural', 'reference_column': 'residence_Rural'}, 'country_admin_region': {'reference': 'ethiopia::01', 'reference_column': 'country_admin_region_ethiopia::01'}}"
haz,4,pooled,country_admin_region_kenya::44,0.9526642997122204,0.10662691335807764,0.7436793897477154,1.1616492096767255,4.0881061177882364e-19,36985,4434,114,model_specific_equal_total_country_weight,cluster_robust_country_psu,True,"{'child_sex': {'reference': 'Male', 'reference_column': 'child_sex_Male'}, 'maternal_education': {'reference': 'No education', 'reference_column': 'maternal_education_No education'}, 'literacy': {'reference': 'Cannot read at all', 'reference_column': 'literacy_Cannot read at all'}, 'wealth_quintile': {'reference': 'Poorest', 'reference_column': 'wealth_quintile_Poorest'}, 'residence': {'reference': 'Rural', 'reference_column': 'residence_Rural'}, 'country_admin_region': {'reference': 'ethiopia::01', 'reference_column': 'country_admin_region_ethiopia::01'}}"
haz,4,pooled,country_admin_region_kenya::45,0.7727369525065105,0.1129196666118834,0.551418472800949,0.994055432212072,7.741903497092938e-12,36985,4434,114,model_specific_equal_total_country_weight,cluster_robust_country_psu,True,"{'child_sex': {'reference': 'Male', 'reference_column': 'child_sex_Male'}, 'maternal_education': {'reference': 'No education', 'reference_column': 'maternal_education_No education'}, 'literacy': {'reference': 'Cannot read at all', 'reference_column': 'literacy_Cannot read at all'}, 'wealth_quintile': {'reference': 'Poorest', 'reference_column': 'wealth_quintile_Poorest'}, 'residence': {'reference': 'Rural', 'reference_column': 'residence_Rural'}, 'country_admin_region': {'reference': 'ethiopia::01', 'reference_column': 'country_admin_region_ethiopia::01'}}"
haz,4,pooled,country_admin_region_kenya::46,0.6498060848797067,0.1216824673365187,0.4113128313501585,0.8882993384092549,9.285515603705505e-08,36985,4434,114,model_specific_equal_total_country_weight,cluster_robust_country_psu,True,"{'child_sex': {'reference': 'Male', 'reference_column': 'child_sex_Male'}, 'maternal_education': {'reference': 'No education', 'reference_column': 'maternal_education_No education'}, 'literacy': {'reference': 'Cannot read at all', 'reference_column': 'literacy_Cannot read at all'}, 'wealth_quintile': {'reference': 'Poorest', 'reference_column': 'wealth_quintile_Poorest'}, 'residence': {'reference': 'Rural', 'reference_column': 'residence_Rural'}, 'country_admin_region': {'reference': 'ethiopia::01', 'reference_column': 'country_admin_region_ethiopia::01'}}"
haz,4,pooled,country_admin_region_kenya::47,0.6301292889023126,0.11269485845393998,0.409251425089751,0.8510071527148741,2.2516246597722428e-08,36985,4434,114,model_specific_equal_total_country_weight,cluster_robust_country_psu,True,"{'child_sex': {'reference': 'Male', 'reference_column': 'child_sex_Male'}, 'maternal_education': {'reference': 'No education', 'reference_column': 'maternal_education_No education'}, 'literacy': {'reference': 'Cannot read at all', 'reference_column': 'literacy_Cannot read at all'}, 'wealth_quintile': {'reference': 'Poorest', 'reference_column': 'wealth_quintile_Poorest'}, 'residence': {'reference': 'Rural', 'reference_column': 'residence_Rural'}, 'country_admin_region': {'reference': 'ethiopia::01', 'reference_column': 'country_admin_region_ethiopia::01'}}"
haz,4,pooled,country_admin_region_nigeria::01,0.4212226798428751,0.13807316748042509,0.1506042443498749,0.6918411153358752,0.002282927768538029,36985,4434,114,model_specific_equal_total_country_weight,cluster_robust_country_psu,True,"{'child_sex': {'reference': 'Male', 'reference_column': 'child_sex_Male'}, 'maternal_education': {'reference': 'No education', 'reference_column': 'maternal_education_No education'}, 'literacy': {'reference': 'Cannot read at all', 'reference_column': 'literacy_Cannot read at all'}, 'wealth_quintile': {'reference': 'Poorest', 'reference_column': 'wealth_quintile_Poorest'}, 'residence': {'reference': 'Rural', 'reference_column': 'residence_Rural'}, 'country_admin_region': {'reference': 'ethiopia::01', 'reference_column': 'country_admin_region_ethiopia::01'}}"
haz,4,pooled,country_admin_region_nigeria::02,0.6097720257427841,0.12857203230595296,0.357775473003996,0.8617685784815723,2.1094153033692058e-06,36985,4434,114,model_specific_equal_total_country_weight,cluster_robust_country_psu,True,"{'child_sex': {'reference': 'Male', 'reference_column': 'child_sex_Male'}, 'maternal_education': {'reference': 'No education', 'reference_column': 'maternal_education_No education'}, 'literacy': {'reference': 'Cannot read at all', 'reference_column': 'literacy_Cannot read at all'}, 'wealth_quintile': {'reference': 'Poorest', 'reference_column': 'wealth_quintile_Poorest'}, 'residence': {'reference': 'Rural', 'reference_column': 'residence_Rural'}, 'country_admin_region': {'reference': 'ethiopia::01', 'reference_column': 'country_admin_region_ethiopia::01'}}"
haz,4,pooled,country_admin_region_nigeria::03,0.16406065286632082,0.20170802182186415,-0.2312798052973522,0.5594011110299939,0.4160133446849934,36985,4434,114,model_specific_equal_total_country_weight,cluster_robust_country_psu,True,"{'child_sex': {'reference': 'Male', 'reference_column': 'child_sex_Male'}, 'maternal_education': {'reference': 'No education', 'reference_column': 'maternal_education_No education'}, 'literacy': {'reference': 'Cannot read at all', 'reference_column': 'literacy_Cannot read at all'}, 'wealth_quintile': {'reference': 'Poorest', 'reference_column': 'wealth_quintile_Poorest'}, 'residence': {'reference': 'Rural', 'reference_column': 'residence_Rural'}, 'country_admin_region': {'reference': 'ethiopia::01', 'reference_column': 'country_admin_region_ethiopia::01'}}"
haz,4,pooled,country_admin_region_nigeria::04,-0.07677796719314724,0.12430272281560731,-0.3204068270920028,0.16685089270570835,0.5367933984650339,36985,4434,114,model_specific_equal_total_country_weight,cluster_robust_country_psu,True,"{'child_sex': {'reference': 'Male', 'reference_column': 'child_sex_Male'}, 'maternal_education': {'reference': 'No education', 'reference_column': 'maternal_education_No education'}, 'literacy': {'reference': 'Cannot read at all', 'reference_column': 'literacy_Cannot read at all'}, 'wealth_quintile': {'reference': 'Poorest', 'reference_column': 'wealth_quintile_Poorest'}, 'residence': {'reference': 'Rural', 'reference_column': 'residence_Rural'}, 'country_admin_region': {'reference': 'ethiopia::01', 'reference_column': 'country_admin_region_ethiopia::01'}}"
haz,4,pooled,country_admin_region_nigeria::05,0.13000606239355778,0.12116762575863234,-0.10747812018558936,0.3674902449727049,0.283296296983922,36985,4434,114,model_specific_equal_total_country_weight,cluster_robust_country_psu,True,"{'child_sex': {'reference': 'Male', 'reference_column': 'child_sex_Male'}, 'maternal_education': {'reference': 'No education', 'reference_column': 'maternal_education_No education'}, 'literacy': {'reference': 'Cannot read at all', 'reference_column': 'literacy_Cannot read at all'}, 'wealth_quintile': {'reference': 'Poorest', 'reference_column': 'wealth_quintile_Poorest'}, 'residence': {'reference': 'Rural', 'reference_column': 'residence_Rural'}, 'country_admin_region': {'reference': 'ethiopia::01', 'reference_column': 'country_admin_region_ethiopia::01'}}"
haz,4,pooled,country_admin_region_nigeria::06,-0.00653657298570084,0.14666573456420043,-0.293996130497645,0.28092298452624337,0.9644517880402222,36985,4434,114,model_specific_equal_total_country_weight,cluster_robust_country_psu,True,"{'child_sex': {'reference': 'Male', 'reference_column': 'child_sex_Male'}, 'maternal_education': {'reference': 'No education', 'reference_column': 'maternal_education_No education'}, 'literacy': {'reference': 'Cannot read at all', 'reference_column': 'literacy_Cannot read at all'}, 'wealth_quintile': {'reference': 'Poorest', 'reference_column': 'wealth_quintile_Poorest'}, 'residence': {'reference': 'Rural', 'reference_column': 'residence_Rural'}, 'country_admin_region': {'reference': 'ethiopia::01', 'reference_column': 'country_admin_region_ethiopia::01'}}"
haz,4,pooled,country_admin_region_nigeria::07,-0.05743418585948026,0.12121565589052173,-0.2950125057673033,0.18014413404834279,0.6356295433315149,36985,4434,114,model_specific_equal_total_country_weight,cluster_robust_country_psu,True,"{'child_sex': {'reference': 'Male', 'reference_column': 'child_sex_Male'}, 'maternal_education': {'reference': 'No education', 'reference_column': 'maternal_education_No education'}, 'literacy': {'reference': 'Cannot read at all', 'reference_column': 'literacy_Cannot read at all'}, 'wealth_quintile': {'reference': 'Poorest', 'reference_column': 'wealth_quintile_Poorest'}, 'residence': {'reference': 'Rural', 'reference_column': 'residence_Rural'}, 'country_admin_region': {'reference': 'ethiopia::01', 'reference_column': 'country_admin_region_ethiopia::01'}}"
haz,4,pooled,country_admin_region_nigeria::08,-0.18070017763714363,0.1762440153197418,-0.5261321001545631,0.1647317448802758,0.30522917996328613,36985,4434,114,model_specific_equal_total_country_weight,cluster_robust_country_psu,True,"{'child_sex': {'reference': 'Male', 'reference_column': 'child_sex_Male'}, 'maternal_education': {'reference': 'No education', 'reference_column': 'maternal_education_No education'}, 'literacy': {'reference': 'Cannot read at all', 'reference_column': 'literacy_Cannot read at all'}, 'wealth_quintile': {'reference': 'Poorest', 'reference_column': 'wealth_quintile_Poorest'}, 'residence': {'reference': 'Rural', 'reference_column': 'residence_Rural'}, 'country_admin_region': {'reference': 'ethiopia::01', 'reference_column': 'country_admin_region_ethiopia::01'}}"
haz,4,pooled,country_admin_region_nigeria::09,-0.48497794603658545,0.11640576725309938,-0.7131290574454122,-0.2568268346277587,3.0962291791481717e-05,36985,4434,114,model_specific_equal_total_country_weight,cluster_robust_country_psu,True,"{'child_sex': {'reference': 'Male', 'reference_column': 'child_sex_Male'}, 'maternal_education': {'reference': 'No education', 'reference_column': 'maternal_education_No education'}, 'literacy': {'reference': 'Cannot read at all', 'reference_column': 'literacy_Cannot read at all'}, 'wealth_quintile': {'reference': 'Poorest', 'reference_column': 'wealth_quintile_Poorest'}, 'residence': {'reference': 'Rural', 'reference_column': 'residence_Rural'}, 'country_admin_region': {'reference': 'ethiopia::01', 'reference_column': 'country_admin_region_ethiopia::01'}}"
haz,4,pooled,country_admin_region_nigeria::10,0.06718922644150982,0.16132942424065672,-0.2490106347167605,0.38338908759978013,0.6770644777190268,36985,4434,114,model_specific_equal_total_country_weight,cluster_robust_country_psu,True,"{'child_sex': {'reference': 'Male', 'reference_column': 'child_sex_Male'}, 'maternal_education': {'reference': 'No education', 'reference_column': 'maternal_education_No education'}, 'literacy': {'reference': 'Cannot read at all', 'reference_column': 'literacy_Cannot read at all'}, 'wealth_quintile': {'reference': 'Poorest', 'reference_column': 'wealth_quintile_Poorest'}, 'residence': {'reference': 'Rural', 'reference_column': 'residence_Rural'}, 'country_admin_region': {'reference': 'ethiopia::01', 'reference_column': 'country_admin_region_ethiopia::01'}}"
haz,4,pooled,country_admin_region_nigeria::11,-0.2036389714348448,0.1295621946631174,-0.45757620673252253,0.050298263862832954,0.11600927207183705,36985,4434,114,model_specific_equal_total_country_weight,cluster_robust_country_psu,True,"{'child_sex': {'reference': 'Male', 'reference_column': 'child_sex_Male'}, 'maternal_education': {'reference': 'No education', 'reference_column': 'maternal_education_No education'}, 'literacy': {'reference': 'Cannot read at all', 'reference_column': 'literacy_Cannot read at all'}, 'wealth_quintile': {'reference': 'Poorest', 'reference_column': 'wealth_quintile_Poorest'}, 'residence': {'reference': 'Rural', 'reference_column': 'residence_Rural'}, 'country_admin_region': {'reference': 'ethiopia::01', 'reference_column': 'country_admin_region_ethiopia::01'}}"
haz,4,pooled,country_admin_region_nigeria::12,-0.006780901750397333,0.1382244592924459,-0.27769586374611405,0.26413406024531944,0.9608737301797664,36985,4434,114,model_specific_equal_total_country_weight,cluster_robust_country_psu,True,"{'child_sex': {'reference': 'Male', 'reference_column': 'child_sex_Male'}, 'maternal_education': {'reference': 'No education', 'reference_column': 'maternal_education_No education'}, 'literacy': {'reference': 'Cannot read at all', 'reference_column': 'literacy_Cannot read at all'}, 'wealth_quintile': {'reference': 'Poorest', 'reference_column': 'wealth_quintile_Poorest'}, 'residence': {'reference': 'Rural', 'reference_column': 'residence_Rural'}, 'country_admin_region': {'reference': 'ethiopia::01', 'reference_column': 'country_admin_region_ethiopia::01'}}"
haz,4,pooled,country_admin_region_nigeria::13,-0.19452890530487713,0.14249958364396453,-0.47382295705900057,0.08476514644924629,0.17221561554450804,36985,4434,114,model_specific_equal_total_country_weight,cluster_robust_country_psu,True,"{'child_sex': {'reference': 'Male', 'reference_column': 'child_sex_Male'}, 'maternal_education': {'reference': 'No education', 'reference_column': 'maternal_education_No education'}, 'literacy': {'reference': 'Cannot read at all', 'reference_column': 'literacy_Cannot read at all'}, 'wealth_quintile': {'reference': 'Poorest', 'reference_column': 'wealth_quintile_Poorest'}, 'residence': {'reference': 'Rural', 'reference_column': 'residence_Rural'}, 'country_admin_region': {'reference': 'ethiopia::01', 'reference_column': 'country_admin_region_ethiopia::01'}}"
haz,4,pooled,country_admin_region_nigeria::14,-0.2198408457122544,0.11815266617167124,-0.45141581608611403,0.0117341246616052,0.06279351449574924,36985,4434,114,model_specific_equal_total_country_weight,cluster_robust_country_psu,True,"{'child_sex': {'reference': 'Male', 'reference_column': 'child_sex_Male'}, 'maternal_education': {'reference': 'No education', 'reference_column': 'maternal_education_No education'}, 'literacy': {'reference': 'Cannot read at all', 'reference_column': 'literacy_Cannot read at all'}, 'wealth_quintile': {'reference': 'Poorest', 'reference_column': 'wealth_quintile_Poorest'}, 'residence': {'reference': 'Rural', 'reference_column': 'residence_Rural'}, 'country_admin_region': {'reference': 'ethiopia::01', 'reference_column': 'country_admin_region_ethiopia::01'}}"
haz,4,pooled,country_admin_region_nigeria::15,-0.04760016200832188,0.11508833059228932,-0.27316914501004824,0.1779688209934045,0.6791694378058695,36985,4434,114,model_specific_equal_total_country_weight,cluster_robust_country_psu,True,"{'child_sex': {'reference': 'Male', 'reference_column': 'child_sex_Male'}, 'maternal_education': {'reference': 'No education', 'reference_column': 'maternal_education_No education'}, 'literacy': {'reference': 'Cannot read at all', 'reference_column': 'literacy_Cannot read at all'}, 'wealth_quintile': {'reference': 'Poorest', 'reference_column': 'wealth_quintile_Poorest'}, 'residence': {'reference': 'Rural', 'reference_column': 'residence_Rural'}, 'country_admin_region': {'reference': 'ethiopia::01', 'reference_column': 'country_admin_region_ethiopia::01'}}"
haz,4,pooled,country_admin_region_nigeria::16,-0.3634661986088259,0.1219041694463089,-0.6023939802888594,-0.12453841692879239,0.0028677152685523204,36985,4434,114,model_specific_equal_total_country_weight,cluster_robust_country_psu,True,"{'child_sex': {'reference': 'Male', 'reference_column': 'child_sex_Male'}, 'maternal_education': {'reference': 'No education', 'reference_column': 'maternal_education_No education'}, 'literacy': {'reference': 'Cannot read at all', 'reference_column': 'literacy_Cannot read at all'}, 'wealth_quintile': {'reference': 'Poorest', 'reference_column': 'wealth_quintile_Poorest'}, 'residence': {'reference': 'Rural', 'reference_column': 'residence_Rural'}, 'country_admin_region': {'reference': 'ethiopia::01', 'reference_column': 'country_admin_region_ethiopia::01'}}"
haz,4,pooled,country_admin_region_nigeria::17,-0.39750947426671807,0.20407348457624308,-0.7974861542357448,0.0024672057023085725,0.051430018314326996,36985,4434,114,model_specific_equal_total_country_weight,cluster_robust_country_psu,True,"{'child_sex': {'reference': 'Male', 'reference_column': 'child_sex_Male'}, 'maternal_education': {'reference': 'No education', 'reference_column': 'maternal_education_No education'}, 'literacy': {'reference': 'Cannot read at all', 'reference_column': 'literacy_Cannot read at all'}, 'wealth_quintile': {'reference': 'Poorest', 'reference_column': 'wealth_quintile_Poorest'}, 'residence': {'reference': 'Rural', 'reference_column': 'residence_Rural'}, 'country_admin_region': {'reference': 'ethiopia::01', 'reference_column': 'country_admin_region_ethiopia::01'}}"
haz,4,pooled,country_admin_region_nigeria::18,-0.4211204760222473,0.1205155663194967,-0.6573266455849092,-0.1849143064595854,0.00047526326136779147,36985,4434,114,model_specific_equal_total_country_weight,cluster_robust_country_psu,True,"{'child_sex': {'reference': 'Male', 'reference_column': 'child_sex_Male'}, 'maternal_education': {'reference': 'No education', 'reference_column': 'maternal_education_No education'}, 'literacy': {'reference': 'Cannot read at all', 'reference_column': 'literacy_Cannot read at all'}, 'wealth_quintile': {'reference': 'Poorest', 'reference_column': 'wealth_quintile_Poorest'}, 'residence': {'reference': 'Rural', 'reference_column': 'residence_Rural'}, 'country_admin_region': {'reference': 'ethiopia::01', 'reference_column': 'country_admin_region_ethiopia::01'}}"
haz,4,pooled,country_admin_region_nigeria::19,-0.09745931104254556,0.11882909609880349,-0.33036005971164945,0.1354414376265583,0.41212279292237197,36985,4434,114,model_specific_equal_total_country_weight,cluster_robust_country_psu,True,"{'child_sex': {'reference': 'Male', 'reference_column': 'child_sex_Male'}, 'maternal_education': {'reference': 'No education', 'reference_column': 'maternal_education_No education'}, 'literacy': {'reference': 'Cannot read at all', 'reference_column': 'literacy_Cannot read at all'}, 'wealth_quintile': {'reference': 'Poorest', 'reference_column': 'wealth_quintile_Poorest'}, 'residence': {'reference': 'Rural', 'reference_column': 'residence_Rural'}, 'country_admin_region': {'reference': 'ethiopia::01', 'reference_column': 'country_admin_region_ethiopia::01'}}"
haz,4,pooled,country_admin_region_nigeria::20,-0.6887844748707173,0.18813568172979567,-1.057523635268007,-0.3200453144734275,0.00025112985902789184,36985,4434,114,model_specific_equal_total_country_weight,cluster_robust_country_psu,True,"{'child_sex': {'reference': 'Male', 'reference_column': 'child_sex_Male'}, 'maternal_education': {'reference': 'No education', 'reference_column': 'maternal_education_No education'}, 'literacy': {'reference': 'Cannot read at all', 'reference_column': 'literacy_Cannot read at all'}, 'wealth_quintile': {'reference': 'Poorest', 'reference_column': 'wealth_quintile_Poorest'}, 'residence': {'reference': 'Rural', 'reference_column': 'residence_Rural'}, 'country_admin_region': {'reference': 'ethiopia::01', 'reference_column': 'country_admin_region_ethiopia::01'}}"
haz,4,pooled,country_admin_region_nigeria::21,0.36734265019058304,0.1688401555850849,0.03642202609967743,0.6982632742814887,0.029578974901733862,36985,4434,114,model_specific_equal_total_country_weight,cluster_robust_country_psu,True,"{'child_sex': {'reference': 'Male', 'reference_column': 'child_sex_Male'}, 'maternal_education': {'reference': 'No education', 'reference_column': 'maternal_education_No education'}, 'literacy': {'reference': 'Cannot read at all', 'reference_column': 'literacy_Cannot read at all'}, 'wealth_quintile': {'reference': 'Poorest', 'reference_column': 'wealth_quintile_Poorest'}, 'residence': {'reference': 'Rural', 'reference_column': 'residence_Rural'}, 'country_admin_region': {'reference': 'ethiopia::01', 'reference_column': 'country_admin_region_ethiopia::01'}}"
haz,4,pooled,country_admin_region_nigeria::22,0.6069693741575141,0.13787404394380398,0.3367412136247655,0.8771975346902626,1.0708613846170461e-05,36985,4434,114,model_specific_equal_total_country_weight,cluster_robust_country_psu,True,"{'child_sex': {'reference': 'Male', 'reference_column': 'child_sex_Male'}, 'maternal_education': {'reference': 'No education', 'reference_column': 'maternal_education_No education'}, 'literacy': {'reference': 'Cannot read at all', 'reference_column': 'literacy_Cannot read at all'}, 'wealth_quintile': {'reference': 'Poorest', 'reference_column': 'wealth_quintile_Poorest'}, 'residence': {'reference': 'Rural', 'reference_column': 'residence_Rural'}, 'country_admin_region': {'reference': 'ethiopia::01', 'reference_column': 'country_admin_region_ethiopia::01'}}"
haz,4,pooled,country_admin_region_nigeria::23,0.40003320629169964,0.10374969482645655,0.19668754102482325,0.6033788715585761,0.00011537389515602795,36985,4434,114,model_specific_equal_total_country_weight,cluster_robust_country_psu,True,"{'child_sex': {'reference': 'Male', 'reference_column': 'child_sex_Male'}, 'maternal_education': {'reference': 'No education', 'reference_column': 'maternal_education_No education'}, 'literacy': {'reference': 'Cannot read at all', 'reference_column': 'literacy_Cannot read at all'}, 'wealth_quintile': {'reference': 'Poorest', 'reference_column': 'wealth_quintile_Poorest'}, 'residence': {'reference': 'Rural', 'reference_column': 'residence_Rural'}, 'country_admin_region': {'reference': 'ethiopia::01', 'reference_column': 'country_admin_region_ethiopia::01'}}"
haz,4,pooled,country_admin_region_nigeria::24,0.8215284081669959,0.12218353395175786,0.5820530821177236,1.0610037342162681,1.7713734050564297e-11,36985,4434,114,model_specific_equal_total_country_weight,cluster_robust_country_psu,True,"{'child_sex': {'reference': 'Male', 'reference_column': 'child_sex_Male'}, 'maternal_education': {'reference': 'No education', 'reference_column': 'maternal_education_No education'}, 'literacy': {'reference': 'Cannot read at all', 'reference_column': 'literacy_Cannot read at all'}, 'wealth_quintile': {'reference': 'Poorest', 'reference_column': 'wealth_quintile_Poorest'}, 'residence': {'reference': 'Rural', 'reference_column': 'residence_Rural'}, 'country_admin_region': {'reference': 'ethiopia::01', 'reference_column': 'country_admin_region_ethiopia::01'}}"
haz,4,pooled,country_admin_region_nigeria::25,0.5282044832087642,0.10959621856146742,0.31339984198650794,0.7430091244310205,1.4388220632188176e-06,36985,4434,114,model_specific_equal_total_country_weight,cluster_robust_country_psu,True,"{'child_sex': {'reference': 'Male', 'reference_column': 'child_sex_Male'}, 'maternal_education': {'reference': 'No education', 'reference_column': 'maternal_education_No education'}, 'literacy': {'reference': 'Cannot read at all', 'reference_column': 'literacy_Cannot read at all'}, 'wealth_quintile': {'reference': 'Poorest', 'reference_column': 'wealth_quintile_Poorest'}, 'residence': {'reference': 'Rural', 'reference_column': 'residence_Rural'}, 'country_admin_region': {'reference': 'ethiopia::01', 'reference_column': 'country_admin_region_ethiopia::01'}}"
haz,4,pooled,country_admin_region_nigeria::26,0.23543121547752638,0.14779142465838396,-0.05423465407677103,0.5250970850318237,0.11116098644059294,36985,4434,114,model_specific_equal_total_country_weight,cluster_robust_country_psu,True,"{'child_sex': {'reference': 'Male', 'reference_column': 'child_sex_Male'}, 'maternal_education': {'reference': 'No education', 'reference_column': 'maternal_education_No education'}, 'literacy': {'reference': 'Cannot read at all', 'reference_column': 'literacy_Cannot read at all'}, 'wealth_quintile': {'reference': 'Poorest', 'reference_column': 'wealth_quintile_Poorest'}, 'residence': {'reference': 'Rural', 'reference_column': 'residence_Rural'}, 'country_admin_region': {'reference': 'ethiopia::01', 'reference_column': 'country_admin_region_ethiopia::01'}}"
haz,4,pooled,country_admin_region_nigeria::27,0.3605356566939327,0.13561580378420937,0.09473356554243156,0.626337747845434,0.007848756034666221,36985,4434,114,model_specific_equal_total_country_weight,cluster_robust_country_psu,True,"{'child_sex': {'reference': 'Male', 'reference_column': 'child_sex_Male'}, 'maternal_education': {'reference': 'No education', 'reference_column': 'maternal_education_No education'}, 'literacy': {'reference': 'Cannot read at all', 'reference_column': 'literacy_Cannot read at all'}, 'wealth_quintile': {'reference': 'Poorest', 'reference_column': 'wealth_quintile_Poorest'}, 'residence': {'reference': 'Rural', 'reference_column': 'residence_Rural'}, 'country_admin_region': {'reference': 'ethiopia::01', 'reference_column': 'country_admin_region_ethiopia::01'}}"
haz,4,pooled,country_admin_region_nigeria::28,0.2322687105864909,0.15626676218109117,-0.0740085152691336,0.5385459364421155,0.13718384637867823,36985,4434,114,model_specific_equal_total_country_weight,cluster_robust_country_psu,True,"{'child_sex': {'reference': 'Male', 'reference_column': 'child_sex_Male'}, 'maternal_education': {'reference': 'No education', 'reference_column': 'maternal_education_No education'}, 'literacy': {'reference': 'Cannot read at all', 'reference_column': 'literacy_Cannot read at all'}, 'wealth_quintile': {'reference': 'Poorest', 'reference_column': 'wealth_quintile_Poorest'}, 'residence': {'reference': 'Rural', 'reference_column': 'residence_Rural'}, 'country_admin_region': {'reference': 'ethiopia::01', 'reference_column': 'country_admin_region_ethiopia::01'}}"
haz,4,pooled,country_admin_region_nigeria::29,0.5144428282881526,0.12571028856927438,0.2680551902062376,0.7608304663700676,4.2713588964221525e-05,36985,4434,114,model_specific_equal_total_country_weight,cluster_robust_country_psu,True,"{'child_sex': {'reference': 'Male', 'reference_column': 'child_sex_Male'}, 'maternal_education': {'reference': 'No education', 'reference_column': 'maternal_education_No education'}, 'literacy': {'reference': 'Cannot read at all', 'reference_column': 'literacy_Cannot read at all'}, 'wealth_quintile': {'reference': 'Poorest', 'reference_column': 'wealth_quintile_Poorest'}, 'residence': {'reference': 'Rural', 'reference_column': 'residence_Rural'}, 'country_admin_region': {'reference': 'ethiopia::01', 'reference_column': 'country_admin_region_ethiopia::01'}}"
haz,4,pooled,country_admin_region_nigeria::30,0.5659178324416367,0.13876315368153425,0.293947048844633,0.8378886160386405,4.536611592139855e-05,36985,4434,114,model_specific_equal_total_country_weight,cluster_robust_country_psu,True,"{'child_sex': {'reference': 'Male', 'reference_column': 'child_sex_Male'}, 'maternal_education': {'reference': 'No education', 'reference_column': 'maternal_education_No education'}, 'literacy': {'reference': 'Cannot read at all', 'reference_column': 'literacy_Cannot read at all'}, 'wealth_quintile': {'reference': 'Poorest', 'reference_column': 'wealth_quintile_Poorest'}, 'residence': {'reference': 'Rural', 'reference_column': 'residence_Rural'}, 'country_admin_region': {'reference': 'ethiopia::01', 'reference_column': 'country_admin_region_ethiopia::01'}}"
haz,4,pooled,country_admin_region_nigeria::31,0.7398409530836234,0.12678756549717346,0.49134189102165027,0.9883400151455966,5.370028975135627e-09,36985,4434,114,model_specific_equal_total_country_weight,cluster_robust_country_psu,True,"{'child_sex': {'reference': 'Male', 'reference_column': 'child_sex_Male'}, 'maternal_education': {'reference': 'No education', 'reference_column': 'maternal_education_No education'}, 'literacy': {'reference': 'Cannot read at all', 'reference_column': 'literacy_Cannot read at all'}, 'wealth_quintile': {'reference': 'Poorest', 'reference_column': 'wealth_quintile_Poorest'}, 'residence': {'reference': 'Rural', 'reference_column': 'residence_Rural'}, 'country_admin_region': {'reference': 'ethiopia::01', 'reference_column': 'country_admin_region_ethiopia::01'}}"
haz,4,pooled,country_admin_region_nigeria::32,0.3600120681789386,0.1378592826990133,0.08981283915434679,0.6302112972035304,0.009016023343961713,36985,4434,114,model_specific_equal_total_country_weight,cluster_robust_country_psu,True,"{'child_sex': {'reference': 'Male', 'reference_column': 'child_sex_Male'}, 'maternal_education': {'reference': 'No education', 'reference_column': 'maternal_education_No education'}, 'literacy': {'reference': 'Cannot read at all', 'reference_column': 'literacy_Cannot read at all'}, 'wealth_quintile': {'reference': 'Poorest', 'reference_column': 'wealth_quintile_Poorest'}, 'residence': {'reference': 'Rural', 'reference_column': 'residence_Rural'}, 'country_admin_region': {'reference': 'ethiopia::01', 'reference_column': 'country_admin_region_ethiopia::01'}}"
haz,4,pooled,country_admin_region_nigeria::33,0.3747318151950278,0.16927355370755953,0.04296174639310457,0.706501883996951,0.026844970635966317,36985,4434,114,model_specific_equal_total_country_weight,cluster_robust_country_psu,True,"{'child_sex': {'reference': 'Male', 'reference_column': 'child_sex_Male'}, 'maternal_education': {'reference': 'No education', 'reference_column': 'maternal_education_No education'}, 'literacy': {'reference': 'Cannot read at all', 'reference_column': 'literacy_Cannot read at all'}, 'wealth_quintile': {'reference': 'Poorest', 'reference_column': 'wealth_quintile_Poorest'}, 'residence': {'reference': 'Rural', 'reference_column': 'residence_Rural'}, 'country_admin_region': {'reference': 'ethiopia::01', 'reference_column': 'country_admin_region_ethiopia::01'}}"
haz,4,pooled,country_admin_region_nigeria::34,0.34114888870377824,0.15546088652617265,0.03645115010781169,0.6458466272997447,0.02820411592940054,36985,4434,114,model_specific_equal_total_country_weight,cluster_robust_country_psu,True,"{'child_sex': {'reference': 'Male', 'reference_column': 'child_sex_Male'}, 'maternal_education': {'reference': 'No education', 'reference_column': 'maternal_education_No education'}, 'literacy': {'reference': 'Cannot read at all', 'reference_column': 'literacy_Cannot read at all'}, 'wealth_quintile': {'reference': 'Poorest', 'reference_column': 'wealth_quintile_Poorest'}, 'residence': {'reference': 'Rural', 'reference_column': 'residence_Rural'}, 'country_admin_region': {'reference': 'ethiopia::01', 'reference_column': 'country_admin_region_ethiopia::01'}}"
haz,4,pooled,country_admin_region_nigeria::35,0.19195254853879537,0.15714454407060868,-0.11604509820656497,0.49995019528415574,0.2218955906509148,36985,4434,114,model_specific_equal_total_country_weight,cluster_robust_country_psu,True,"{'child_sex': {'reference': 'Male', 'reference_column': 'child_sex_Male'}, 'maternal_education': {'reference': 'No education', 'reference_column': 'maternal_education_No education'}, 'literacy': {'reference': 'Cannot read at all', 'reference_column': 'literacy_Cannot read at all'}, 'wealth_quintile': {'reference': 'Poorest', 'reference_column': 'wealth_quintile_Poorest'}, 'residence': {'reference': 'Rural', 'reference_column': 'residence_Rural'}, 'country_admin_region': {'reference': 'ethiopia::01', 'reference_column': 'country_admin_region_ethiopia::01'}}"
haz,4,pooled,country_admin_region_nigeria::36,-0.027572986867773867,0.1484373569203337,-0.31850486039194525,0.2633588866563975,0.852636865296246,36985,4434,114,model_specific_equal_total_country_weight,cluster_robust_country_psu,True,"{'child_sex': {'reference': 'Male', 'reference_column': 'child_sex_Male'}, 'maternal_education': {'reference': 'No education', 'reference_column': 'maternal_education_No education'}, 'literacy': {'reference': 'Cannot read at all', 'reference_column': 'literacy_Cannot read at all'}, 'wealth_quintile': {'reference': 'Poorest', 'reference_column': 'wealth_quintile_Poorest'}, 'residence': {'reference': 'Rural', 'reference_column': 'residence_Rural'}, 'country_admin_region': {'reference': 'ethiopia::01', 'reference_column': 'country_admin_region_ethiopia::01'}}"
haz,4,pooled,country_admin_region_nigeria::37,0.30247427812701383,0.13270482768108988,0.04237759529748364,0.562570960956544,0.02264916445135175,36985,4434,114,model_specific_equal_total_country_weight,cluster_robust_country_psu,True,"{'child_sex': {'reference': 'Male', 'reference_column': 'child_sex_Male'}, 'maternal_education': {'reference': 'No education', 'reference_column': 'maternal_education_No education'}, 'literacy': {'reference': 'Cannot read at all', 'reference_column': 'literacy_Cannot read at all'}, 'wealth_quintile': {'reference': 'Poorest', 'reference_column': 'wealth_quintile_Poorest'}, 'residence': {'reference': 'Rural', 'reference_column': 'residence_Rural'}, 'country_admin_region': {'reference': 'ethiopia::01', 'reference_column': 'country_admin_region_ethiopia::01'}}"
haz,4,ethiopia,const,-1.6014610853715463,0.24092728539163294,-2.0736698876321498,-1.1292522831109426,2.989801883078112e-11,5843,787,14,weight_original,cluster_robust_psu,True,"{'child_sex': {'reference': 'Male', 'reference_column': 'child_sex_Male'}, 'maternal_education': {'reference': 'No education', 'reference_column': 'maternal_education_No education'}, 'literacy': {'reference': 'Cannot read at all', 'reference_column': 'literacy_Cannot read at all'}, 'wealth_quintile': {'reference': 'Poorest', 'reference_column': 'wealth_quintile_Poorest'}, 'residence': {'reference': 'Rural', 'reference_column': 'residence_Rural'}, 'country_admin_region': {'reference': 'ethiopia::01', 'reference_column': 'country_admin_region_ethiopia::01'}}"
haz,4,ethiopia,water_rate_loo,0.024294949231231756,0.14925181363606269,-0.2682332301227352,0.31682312858519873,0.8706930327853164,5843,787,14,weight_original,cluster_robust_psu,True,"{'child_sex': {'reference': 'Male', 'reference_column': 'child_sex_Male'}, 'maternal_education': {'reference': 'No education', 'reference_column': 'maternal_education_No education'}, 'literacy': {'reference': 'Cannot read at all', 'reference_column': 'literacy_Cannot read at all'}, 'wealth_quintile': {'reference': 'Poorest', 'reference_column': 'wealth_quintile_Poorest'}, 'residence': {'reference': 'Rural', 'reference_column': 'residence_Rural'}, 'country_admin_region': {'reference': 'ethiopia::01', 'reference_column': 'country_admin_region_ethiopia::01'}}"
haz,4,ethiopia,sanitation_rate_loo_core,0.14127364661034914,0.14041916649631325,-0.13394286246155823,0.4164901556822565,0.3143745825927151,5843,787,14,weight_original,cluster_robust_psu,True,"{'child_sex': {'reference': 'Male', 'reference_column': 'child_sex_Male'}, 'maternal_education': {'reference': 'No education', 'reference_column': 'maternal_education_No education'}, 'literacy': {'reference': 'Cannot read at all', 'reference_column': 'literacy_Cannot read at all'}, 'wealth_quintile': {'reference': 'Poorest', 'reference_column': 'wealth_quintile_Poorest'}, 'residence': {'reference': 'Rural', 'reference_column': 'residence_Rural'}, 'country_admin_region': {'reference': 'ethiopia::01', 'reference_column': 'country_admin_region_ethiopia::01'}}"
haz,4,ethiopia,b19_raw,-0.02623906601856071,0.0016469287612152215,-0.029466987075645712,-0.02301114496147571,3.792792467757324e-57,5843,787,14,weight_original,cluster_robust_psu,True,"{'child_sex': {'reference': 'Male', 'reference_column': 'child_sex_Male'}, 'maternal_education': {'reference': 'No education', 'reference_column': 'maternal_education_No education'}, 'literacy': {'reference': 'Cannot read at all', 'reference_column': 'literacy_Cannot read at all'}, 'wealth_quintile': {'reference': 'Poorest', 'reference_column': 'wealth_quintile_Poorest'}, 'residence': {'reference': 'Rural', 'reference_column': 'residence_Rural'}, 'country_admin_region': {'reference': 'ethiopia::01', 'reference_column': 'country_admin_region_ethiopia::01'}}"
haz,4,ethiopia,birth_order_raw,-0.057159617839854376,0.026127029896659725,-0.10836765546030869,-0.0059515802194000655,0.02868723705898587,5843,787,14,weight_original,cluster_robust_psu,True,"{'child_sex': {'reference': 'Male', 'reference_column': 'child_sex_Male'}, 'maternal_education': {'reference': 'No education', 'reference_column': 'maternal_education_No education'}, 'literacy': {'reference': 'Cannot read at all', 'reference_column': 'literacy_Cannot read at all'}, 'wealth_quintile': {'reference': 'Poorest', 'reference_column': 'wealth_quintile_Poorest'}, 'residence': {'reference': 'Rural', 'reference_column': 'residence_Rural'}, 'country_admin_region': {'reference': 'ethiopia::01', 'reference_column': 'country_admin_region_ethiopia::01'}}"
haz,4,ethiopia,maternal_age,0.024120892259965308,0.008294623345744677,0.007863729236980616,0.04037805528295,0.0036373044859839675,5843,787,14,weight_original,cluster_robust_psu,True,"{'child_sex': {'reference': 'Male', 'reference_column': 'child_sex_Male'}, 'maternal_education': {'reference': 'No education', 'reference_column': 'maternal_education_No education'}, 'literacy': {'reference': 'Cannot read at all', 'reference_column': 'literacy_Cannot read at all'}, 'wealth_quintile': {'reference': 'Poorest', 'reference_column': 'wealth_quintile_Poorest'}, 'residence': {'reference': 'Rural', 'reference_column': 'residence_Rural'}, 'country_admin_region': {'reference': 'ethiopia::01', 'reference_column': 'country_admin_region_ethiopia::01'}}"
haz,4,ethiopia,household_size_raw,-0.01608031462836332,0.019878554217710478,-0.05504156495980264,0.022880935703076002,0.41855669169025433,5843,787,14,weight_original,cluster_robust_psu,True,"{'child_sex': {'reference': 'Male', 'reference_column': 'child_sex_Male'}, 'maternal_education': {'reference': 'No education', 'reference_column': 'maternal_education_No education'}, 'literacy': {'reference': 'Cannot read at all', 'reference_column': 'literacy_Cannot read at all'}, 'wealth_quintile': {'reference': 'Poorest', 'reference_column': 'wealth_quintile_Poorest'}, 'residence': {'reference': 'Rural', 'reference_column': 'residence_Rural'}, 'country_admin_region': {'reference': 'ethiopia::01', 'reference_column': 'country_admin_region_ethiopia::01'}}"
haz,4,ethiopia,child_sex_Female,0.12180763529907068,0.05535622101890895,0.013311435781770006,0.23030383481637134,0.027776214506060538,5843,787,14,weight_original,cluster_robust_psu,True,"{'child_sex': {'reference': 'Male', 'reference_column': 'child_sex_Male'}, 'maternal_education': {'reference': 'No education', 'reference_column': 'maternal_education_No education'}, 'literacy': {'reference': 'Cannot read at all', 'reference_column': 'literacy_Cannot read at all'}, 'wealth_quintile': {'reference': 'Poorest', 'reference_column': 'wealth_quintile_Poorest'}, 'residence': {'reference': 'Rural', 'reference_column': 'residence_Rural'}, 'country_admin_region': {'reference': 'ethiopia::01', 'reference_column': 'country_admin_region_ethiopia::01'}}"
haz,4,ethiopia,maternal_education_Higher,0.16847848515902053,0.19433943549935212,-0.21241980919555448,0.5493767795135955,0.3859809334648958,5843,787,14,weight_original,cluster_robust_psu,True,"{'child_sex': {'reference': 'Male', 'reference_column': 'child_sex_Male'}, 'maternal_education': {'reference': 'No education', 'reference_column': 'maternal_education_No education'}, 'literacy': {'reference': 'Cannot read at all', 'reference_column': 'literacy_Cannot read at all'}, 'wealth_quintile': {'reference': 'Poorest', 'reference_column': 'wealth_quintile_Poorest'}, 'residence': {'reference': 'Rural', 'reference_column': 'residence_Rural'}, 'country_admin_region': {'reference': 'ethiopia::01', 'reference_column': 'country_admin_region_ethiopia::01'}}"
haz,4,ethiopia,maternal_education_Primary,-0.12695071230503127,0.12031328280555754,-0.3627604134657062,0.10885898885564366,0.2913485485824264,5843,787,14,weight_original,cluster_robust_psu,True,"{'child_sex': {'reference': 'Male', 'reference_column': 'child_sex_Male'}, 'maternal_education': {'reference': 'No education', 'reference_column': 'maternal_education_No education'}, 'literacy': {'reference': 'Cannot read at all', 'reference_column': 'literacy_Cannot read at all'}, 'wealth_quintile': {'reference': 'Poorest', 'reference_column': 'wealth_quintile_Poorest'}, 'residence': {'reference': 'Rural', 'reference_column': 'residence_Rural'}, 'country_admin_region': {'reference': 'ethiopia::01', 'reference_column': 'country_admin_region_ethiopia::01'}}"
haz,4,ethiopia,maternal_education_Secondary,-0.01483973013737225,0.15972334749853145,-0.32789173872466965,0.2982122784499251,0.9259758873222896,5843,787,14,weight_original,cluster_robust_psu,True,"{'child_sex': {'reference': 'Male', 'reference_column': 'child_sex_Male'}, 'maternal_education': {'reference': 'No education', 'reference_column': 'maternal_education_No education'}, 'literacy': {'reference': 'Cannot read at all', 'reference_column': 'literacy_Cannot read at all'}, 'wealth_quintile': {'reference': 'Poorest', 'reference_column': 'wealth_quintile_Poorest'}, 'residence': {'reference': 'Rural', 'reference_column': 'residence_Rural'}, 'country_admin_region': {'reference': 'ethiopia::01', 'reference_column': 'country_admin_region_ethiopia::01'}}"
haz,4,ethiopia,literacy_Able to read only parts of sentence,0.20725505691313387,0.12612354760778505,-0.03994255400054772,0.4544526678268155,0.10032705810918105,5843,787,14,weight_original,cluster_robust_psu,True,"{'child_sex': {'reference': 'Male', 'reference_column': 'child_sex_Male'}, 'maternal_education': {'reference': 'No education', 'reference_column': 'maternal_education_No education'}, 'literacy': {'reference': 'Cannot read at all', 'reference_column': 'literacy_Cannot read at all'}, 'wealth_quintile': {'reference': 'Poorest', 'reference_column': 'wealth_quintile_Poorest'}, 'residence': {'reference': 'Rural', 'reference_column': 'residence_Rural'}, 'country_admin_region': {'reference': 'ethiopia::01', 'reference_column': 'country_admin_region_ethiopia::01'}}"
haz,4,ethiopia,literacy_Able to read whole sentence,0.1501622755996879,0.12912334924067714,-0.10291483847522662,0.4032393896746024,0.24485520489921941,5843,787,14,weight_original,cluster_robust_psu,True,"{'child_sex': {'reference': 'Male', 'reference_column': 'child_sex_Male'}, 'maternal_education': {'reference': 'No education', 'reference_column': 'maternal_education_No education'}, 'literacy': {'reference': 'Cannot read at all', 'reference_column': 'literacy_Cannot read at all'}, 'wealth_quintile': {'reference': 'Poorest', 'reference_column': 'wealth_quintile_Poorest'}, 'residence': {'reference': 'Rural', 'reference_column': 'residence_Rural'}, 'country_admin_region': {'reference': 'ethiopia::01', 'reference_column': 'country_admin_region_ethiopia::01'}}"
haz,4,ethiopia,literacy_Blind/visually impaired,1.264104348238143,0.5214066231260918,0.2421661456103541,2.286042550865932,0.015333209153862144,5843,787,14,weight_original,cluster_robust_psu,True,"{'child_sex': {'reference': 'Male', 'reference_column': 'child_sex_Male'}, 'maternal_education': {'reference': 'No education', 'reference_column': 'maternal_education_No education'}, 'literacy': {'reference': 'Cannot read at all', 'reference_column': 'literacy_Cannot read at all'}, 'wealth_quintile': {'reference': 'Poorest', 'reference_column': 'wealth_quintile_Poorest'}, 'residence': {'reference': 'Rural', 'reference_column': 'residence_Rural'}, 'country_admin_region': {'reference': 'ethiopia::01', 'reference_column': 'country_admin_region_ethiopia::01'}}"
haz,4,ethiopia,literacy_No card with required language,0.23581614810825882,0.22486442191022996,-0.2049100202402113,0.6765423164567289,0.294314517257798,5843,787,14,weight_original,cluster_robust_psu,True,"{'child_sex': {'reference': 'Male', 'reference_column': 'child_sex_Male'}, 'maternal_education': {'reference': 'No education', 'reference_column': 'maternal_education_No education'}, 'literacy': {'reference': 'Cannot read at all', 'reference_column': 'literacy_Cannot read at all'}, 'wealth_quintile': {'reference': 'Poorest', 'reference_column': 'wealth_quintile_Poorest'}, 'residence': {'reference': 'Rural', 'reference_column': 'residence_Rural'}, 'country_admin_region': {'reference': 'ethiopia::01', 'reference_column': 'country_admin_region_ethiopia::01'}}"
haz,4,ethiopia,wealth_quintile_Middle,0.018540990891597255,0.1291969446266385,-0.23468036748922985,0.2717623492724244,0.8858877969729472,5843,787,14,weight_original,cluster_robust_psu,True,"{'child_sex': {'reference': 'Male', 'reference_column': 'child_sex_Male'}, 'maternal_education': {'reference': 'No education', 'reference_column': 'maternal_education_No education'}, 'literacy': {'reference': 'Cannot read at all', 'reference_column': 'literacy_Cannot read at all'}, 'wealth_quintile': {'reference': 'Poorest', 'reference_column': 'wealth_quintile_Poorest'}, 'residence': {'reference': 'Rural', 'reference_column': 'residence_Rural'}, 'country_admin_region': {'reference': 'ethiopia::01', 'reference_column': 'country_admin_region_ethiopia::01'}}"
haz,4,ethiopia,wealth_quintile_Poorer,0.0023376423600158856,0.11628432866168001,-0.2255754537832957,0.23025073850332745,0.9839613544619844,5843,787,14,weight_original,cluster_robust_psu,True,"{'child_sex': {'reference': 'Male', 'reference_column': 'child_sex_Male'}, 'maternal_education': {'reference': 'No education', 'reference_column': 'maternal_education_No education'}, 'literacy': {'reference': 'Cannot read at all', 'reference_column': 'literacy_Cannot read at all'}, 'wealth_quintile': {'reference': 'Poorest', 'reference_column': 'wealth_quintile_Poorest'}, 'residence': {'reference': 'Rural', 'reference_column': 'residence_Rural'}, 'country_admin_region': {'reference': 'ethiopia::01', 'reference_column': 'country_admin_region_ethiopia::01'}}"
haz,4,ethiopia,wealth_quintile_Richer,0.22084546234154823,0.14090425332019463,-0.055321799434541574,0.497012724117638,0.11703426226946101,5843,787,14,weight_original,cluster_robust_psu,True,"{'child_sex': {'reference': 'Male', 'reference_column': 'child_sex_Male'}, 'maternal_education': {'reference': 'No education', 'reference_column': 'maternal_education_No education'}, 'literacy': {'reference': 'Cannot read at all', 'reference_column': 'literacy_Cannot read at all'}, 'wealth_quintile': {'reference': 'Poorest', 'reference_column': 'wealth_quintile_Poorest'}, 'residence': {'reference': 'Rural', 'reference_column': 'residence_Rural'}, 'country_admin_region': {'reference': 'ethiopia::01', 'reference_column': 'country_admin_region_ethiopia::01'}}"
haz,4,ethiopia,wealth_quintile_Richest,0.5829330719565367,0.18487230178890104,0.22059001871127082,0.9452761252018025,0.0016150988773170447,5843,787,14,weight_original,cluster_robust_psu,True,"{'child_sex': {'reference': 'Male', 'reference_column': 'child_sex_Male'}, 'maternal_education': {'reference': 'No education', 'reference_column': 'maternal_education_No education'}, 'literacy': {'reference': 'Cannot read at all', 'reference_column': 'literacy_Cannot read at all'}, 'wealth_quintile': {'reference': 'Poorest', 'reference_column': 'wealth_quintile_Poorest'}, 'residence': {'reference': 'Rural', 'reference_column': 'residence_Rural'}, 'country_admin_region': {'reference': 'ethiopia::01', 'reference_column': 'country_admin_region_ethiopia::01'}}"
haz,4,ethiopia,residence_Urban,-0.30113057937068155,0.10083531901643195,-0.498764173012495,-0.10349698572886812,0.0028231992696523384,5843,787,14,weight_original,cluster_robust_psu,True,"{'child_sex': {'reference': 'Male', 'reference_column': 'child_sex_Male'}, 'maternal_education': {'reference': 'No education', 'reference_column': 'maternal_education_No education'}, 'literacy': {'reference': 'Cannot read at all', 'reference_column': 'literacy_Cannot read at all'}, 'wealth_quintile': {'reference': 'Poorest', 'reference_column': 'wealth_quintile_Poorest'}, 'residence': {'reference': 'Rural', 'reference_column': 'residence_Rural'}, 'country_admin_region': {'reference': 'ethiopia::01', 'reference_column': 'country_admin_region_ethiopia::01'}}"
haz,4,ethiopia,country_admin_region_ethiopia::02,-0.02994649987420148,0.1379071692368423,-0.3002395847882825,0.24034658503987952,0.8280916860284221,5843,787,14,weight_original,cluster_robust_psu,True,"{'child_sex': {'reference': 'Male', 'reference_column': 'child_sex_Male'}, 'maternal_education': {'reference': 'No education', 'reference_column': 'maternal_education_No education'}, 'literacy': {'reference': 'Cannot read at all', 'reference_column': 'literacy_Cannot read at all'}, 'wealth_quintile': {'reference': 'Poorest', 'reference_column': 'wealth_quintile_Poorest'}, 'residence': {'reference': 'Rural', 'reference_column': 'residence_Rural'}, 'country_admin_region': {'reference': 'ethiopia::01', 'reference_column': 'country_admin_region_ethiopia::01'}}"
haz,4,ethiopia,country_admin_region_ethiopia::03,-0.10426448055766473,0.10754099983811853,-0.31504096710180485,0.10651200598647538,0.332279637124941,5843,787,14,weight_original,cluster_robust_psu,True,"{'child_sex': {'reference': 'Male', 'reference_column': 'child_sex_Male'}, 'maternal_education': {'reference': 'No education', 'reference_column': 'maternal_education_No education'}, 'literacy': {'reference': 'Cannot read at all', 'reference_column': 'literacy_Cannot read at all'}, 'wealth_quintile': {'reference': 'Poorest', 'reference_column': 'wealth_quintile_Poorest'}, 'residence': {'reference': 'Rural', 'reference_column': 'residence_Rural'}, 'country_admin_region': {'reference': 'ethiopia::01', 'reference_column': 'country_admin_region_ethiopia::01'}}"
haz,4,ethiopia,country_admin_region_ethiopia::04,0.2181531979984512,0.11582267475282935,-0.00885507311019093,0.4451614691070933,0.059631248666933215,5843,787,14,weight_original,cluster_robust_psu,True,"{'child_sex': {'reference': 'Male', 'reference_column': 'child_sex_Male'}, 'maternal_education': {'reference': 'No education', 'reference_column': 'maternal_education_No education'}, 'literacy': {'reference': 'Cannot read at all', 'reference_column': 'literacy_Cannot read at all'}, 'wealth_quintile': {'reference': 'Poorest', 'reference_column': 'wealth_quintile_Poorest'}, 'residence': {'reference': 'Rural', 'reference_column': 'residence_Rural'}, 'country_admin_region': {'reference': 'ethiopia::01', 'reference_column': 'country_admin_region_ethiopia::01'}}"
haz,4,ethiopia,country_admin_region_ethiopia::05,0.8167750456158122,0.1454880427127287,0.5316237217176388,1.1019263695139854,1.9766156421239156e-08,5843,787,14,weight_original,cluster_robust_psu,True,"{'child_sex': {'reference': 'Male', 'reference_column': 'child_sex_Male'}, 'maternal_education': {'reference': 'No education', 'reference_column': 'maternal_education_No education'}, 'literacy': {'reference': 'Cannot read at all', 'reference_column': 'literacy_Cannot read at all'}, 'wealth_quintile': {'reference': 'Poorest', 'reference_column': 'wealth_quintile_Poorest'}, 'residence': {'reference': 'Rural', 'reference_column': 'residence_Rural'}, 'country_admin_region': {'reference': 'ethiopia::01', 'reference_column': 'country_admin_region_ethiopia::01'}}"
haz,4,ethiopia,country_admin_region_ethiopia::06,-0.2263080636112025,0.16590738203076877,-0.551480557160837,0.098864429938432,0.1725478478580359,5843,787,14,weight_original,cluster_robust_psu,True,"{'child_sex': {'reference': 'Male', 'reference_column': 'child_sex_Male'}, 'maternal_education': {'reference': 'No education', 'reference_column': 'maternal_education_No education'}, 'literacy': {'reference': 'Cannot read at all', 'reference_column': 'literacy_Cannot read at all'}, 'wealth_quintile': {'reference': 'Poorest', 'reference_column': 'wealth_quintile_Poorest'}, 'residence': {'reference': 'Rural', 'reference_column': 'residence_Rural'}, 'country_admin_region': {'reference': 'ethiopia::01', 'reference_column': 'country_admin_region_ethiopia::01'}}"
haz,4,ethiopia,country_admin_region_ethiopia::07,0.29717213964196143,0.12502742151423382,0.05212289639415482,0.5422213828897681,0.01746091728444144,5843,787,14,weight_original,cluster_robust_psu,True,"{'child_sex': {'reference': 'Male', 'reference_column': 'child_sex_Male'}, 'maternal_education': {'reference': 'No education', 'reference_column': 'maternal_education_No education'}, 'literacy': {'reference': 'Cannot read at all', 'reference_column': 'literacy_Cannot read at all'}, 'wealth_quintile': {'reference': 'Poorest', 'reference_column': 'wealth_quintile_Poorest'}, 'residence': {'reference': 'Rural', 'reference_column': 'residence_Rural'}, 'country_admin_region': {'reference': 'ethiopia::01', 'reference_column': 'country_admin_region_ethiopia::01'}}"
haz,4,ethiopia,country_admin_region_ethiopia::08,0.21059840748297318,0.1283739753363723,-0.041009960728549705,0.4622067756944961,0.10089979045187239,5843,787,14,weight_original,cluster_robust_psu,True,"{'child_sex': {'reference': 'Male', 'reference_column': 'child_sex_Male'}, 'maternal_education': {'reference': 'No education', 'reference_column': 'maternal_education_No education'}, 'literacy': {'reference': 'Cannot read at all', 'reference_column': 'literacy_Cannot read at all'}, 'wealth_quintile': {'reference': 'Poorest', 'reference_column': 'wealth_quintile_Poorest'}, 'residence': {'reference': 'Rural', 'reference_column': 'residence_Rural'}, 'country_admin_region': {'reference': 'ethiopia::01', 'reference_column': 'country_admin_region_ethiopia::01'}}"
haz,4,ethiopia,country_admin_region_ethiopia::09,0.12409223068466341,0.15560532042693295,-0.18088859315494,0.4290730545242668,0.4251719415992997,5843,787,14,weight_original,cluster_robust_psu,True,"{'child_sex': {'reference': 'Male', 'reference_column': 'child_sex_Male'}, 'maternal_education': {'reference': 'No education', 'reference_column': 'maternal_education_No education'}, 'literacy': {'reference': 'Cannot read at all', 'reference_column': 'literacy_Cannot read at all'}, 'wealth_quintile': {'reference': 'Poorest', 'reference_column': 'wealth_quintile_Poorest'}, 'residence': {'reference': 'Rural', 'reference_column': 'residence_Rural'}, 'country_admin_region': {'reference': 'ethiopia::01', 'reference_column': 'country_admin_region_ethiopia::01'}}"
haz,4,ethiopia,country_admin_region_ethiopia::10,0.09361413764259388,0.1276272089751324,-0.15653059539603278,0.3437588706812206,0.4632555349056062,5843,787,14,weight_original,cluster_robust_psu,True,"{'child_sex': {'reference': 'Male', 'reference_column': 'child_sex_Male'}, 'maternal_education': {'reference': 'No education', 'reference_column': 'maternal_education_No education'}, 'literacy': {'reference': 'Cannot read at all', 'reference_column': 'literacy_Cannot read at all'}, 'wealth_quintile': {'reference': 'Poorest', 'reference_column': 'wealth_quintile_Poorest'}, 'residence': {'reference': 'Rural', 'reference_column': 'residence_Rural'}, 'country_admin_region': {'reference': 'ethiopia::01', 'reference_column': 'country_admin_region_ethiopia::01'}}"
haz,4,ethiopia,country_admin_region_ethiopia::12,1.1795475319595887,0.15030543577140063,0.8849542911670452,1.4741407727521323,4.2383604518326205e-15,5843,787,14,weight_original,cluster_robust_psu,True,"{'child_sex': {'reference': 'Male', 'reference_column': 'child_sex_Male'}, 'maternal_education': {'reference': 'No education', 'reference_column': 'maternal_education_No education'}, 'literacy': {'reference': 'Cannot read at all', 'reference_column': 'literacy_Cannot read at all'}, 'wealth_quintile': {'reference': 'Poorest', 'reference_column': 'wealth_quintile_Poorest'}, 'residence': {'reference': 'Rural', 'reference_column': 'residence_Rural'}, 'country_admin_region': {'reference': 'ethiopia::01', 'reference_column': 'country_admin_region_ethiopia::01'}}"
haz,4,ethiopia,country_admin_region_ethiopia::13,0.1706016972738985,0.13835940257971324,-0.10057774870481767,0.4417811432526147,0.21756348472390075,5843,787,14,weight_original,cluster_robust_psu,True,"{'child_sex': {'reference': 'Male', 'reference_column': 'child_sex_Male'}, 'maternal_education': {'reference': 'No education', 'reference_column': 'maternal_education_No education'}, 'literacy': {'reference': 'Cannot read at all', 'reference_column': 'literacy_Cannot read at all'}, 'wealth_quintile': {'reference': 'Poorest', 'reference_column': 'wealth_quintile_Poorest'}, 'residence': {'reference': 'Rural', 'reference_column': 'residence_Rural'}, 'country_admin_region': {'reference': 'ethiopia::01', 'reference_column': 'country_admin_region_ethiopia::01'}}"
haz,4,ethiopia,country_admin_region_ethiopia::14,0.31065309087600945,0.13712220697903593,0.04189850371645221,0.5794076780355667,0.023480793256725748,5843,787,14,weight_original,cluster_robust_psu,True,"{'child_sex': {'reference': 'Male', 'reference_column': 'child_sex_Male'}, 'maternal_education': {'reference': 'No education', 'reference_column': 'maternal_education_No education'}, 'literacy': {'reference': 'Cannot read at all', 'reference_column': 'literacy_Cannot read at all'}, 'wealth_quintile': {'reference': 'Poorest', 'reference_column': 'wealth_quintile_Poorest'}, 'residence': {'reference': 'Rural', 'reference_column': 'residence_Rural'}, 'country_admin_region': {'reference': 'ethiopia::01', 'reference_column': 'country_admin_region_ethiopia::01'}}"
haz,4,ethiopia,country_admin_region_ethiopia::15,0.34033461418447997,0.161608054972077,0.023588646827639836,0.6570805815413201,0.03521077574200852,5843,787,14,weight_original,cluster_robust_psu,True,"{'child_sex': {'reference': 'Male', 'reference_column': 'child_sex_Male'}, 'maternal_education': {'reference': 'No education', 'reference_column': 'maternal_education_No education'}, 'literacy': {'reference': 'Cannot read at all', 'reference_column': 'literacy_Cannot read at all'}, 'wealth_quintile': {'reference': 'Poorest', 'reference_column': 'wealth_quintile_Poorest'}, 'residence': {'reference': 'Rural', 'reference_column': 'residence_Rural'}, 'country_admin_region': {'reference': 'ethiopia::01', 'reference_column': 'country_admin_region_ethiopia::01'}}"
haz,4,ghana,const,-1.7554737656658779,0.20276953275919932,-2.152894747035923,-1.3580527842958325,4.8229579799146355e-18,4405,616,16,weight_original,cluster_robust_psu,True,"{'child_sex': {'reference': 'Male', 'reference_column': 'child_sex_Male'}, 'maternal_education': {'reference': 'No education', 'reference_column': 'maternal_education_No education'}, 'literacy': {'reference': 'Cannot read at all', 'reference_column': 'literacy_Cannot read at all'}, 'wealth_quintile': {'reference': 'Poorest', 'reference_column': 'wealth_quintile_Poorest'}, 'residence': {'reference': 'Rural', 'reference_column': 'residence_Rural'}, 'country_admin_region': {'reference': 'ghana::01', 'reference_column': 'country_admin_region_ghana::01'}}"
haz,4,ghana,water_rate_loo,-0.008532514441924707,0.11189703398427721,-0.2278466710279625,0.21078164214411307,0.9392176048359265,4405,616,16,weight_original,cluster_robust_psu,True,"{'child_sex': {'reference': 'Male', 'reference_column': 'child_sex_Male'}, 'maternal_education': {'reference': 'No education', 'reference_column': 'maternal_education_No education'}, 'literacy': {'reference': 'Cannot read at all', 'reference_column': 'literacy_Cannot read at all'}, 'wealth_quintile': {'reference': 'Poorest', 'reference_column': 'wealth_quintile_Poorest'}, 'residence': {'reference': 'Rural', 'reference_column': 'residence_Rural'}, 'country_admin_region': {'reference': 'ghana::01', 'reference_column': 'country_admin_region_ghana::01'}}"
haz,4,ghana,sanitation_rate_loo_core,-0.03853560985349277,0.1319072548367545,-0.2970690786330784,0.2199978589260929,0.7701782835942904,4405,616,16,weight_original,cluster_robust_psu,True,"{'child_sex': {'reference': 'Male', 'reference_column': 'child_sex_Male'}, 'maternal_education': {'reference': 'No education', 'reference_column': 'maternal_education_No education'}, 'literacy': {'reference': 'Cannot read at all', 'reference_column': 'literacy_Cannot read at all'}, 'wealth_quintile': {'reference': 'Poorest', 'reference_column': 'wealth_quintile_Poorest'}, 'residence': {'reference': 'Rural', 'reference_column': 'residence_Rural'}, 'country_admin_region': {'reference': 'ghana::01', 'reference_column': 'country_admin_region_ghana::01'}}"
haz,4,ghana,b19_raw,-0.006226423370410696,0.0016343593830492492,-0.009429708898982328,-0.003023137841839065,0.00013913399147971958,4405,616,16,weight_original,cluster_robust_psu,True,"{'child_sex': {'reference': 'Male', 'reference_column': 'child_sex_Male'}, 'maternal_education': {'reference': 'No education', 'reference_column': 'maternal_education_No education'}, 'literacy': {'reference': 'Cannot read at all', 'reference_column': 'literacy_Cannot read at all'}, 'wealth_quintile': {'reference': 'Poorest', 'reference_column': 'wealth_quintile_Poorest'}, 'residence': {'reference': 'Rural', 'reference_column': 'residence_Rural'}, 'country_admin_region': {'reference': 'ghana::01', 'reference_column': 'country_admin_region_ghana::01'}}"
haz,4,ghana,birth_order_raw,-0.02666435815978874,0.023485348634367614,-0.0726947956475162,0.019366079327938723,0.25622392837407415,4405,616,16,weight_original,cluster_robust_psu,True,"{'child_sex': {'reference': 'Male', 'reference_column': 'child_sex_Male'}, 'maternal_education': {'reference': 'No education', 'reference_column': 'maternal_education_No education'}, 'literacy': {'reference': 'Cannot read at all', 'reference_column': 'literacy_Cannot read at all'}, 'wealth_quintile': {'reference': 'Poorest', 'reference_column': 'wealth_quintile_Poorest'}, 'residence': {'reference': 'Rural', 'reference_column': 'residence_Rural'}, 'country_admin_region': {'reference': 'ghana::01', 'reference_column': 'country_admin_region_ghana::01'}}"
haz,4,ghana,maternal_age,0.023723823104709565,0.006645157079110132,0.010699554558042324,0.03674809165137681,0.00035685567377729285,4405,616,16,weight_original,cluster_robust_psu,True,"{'child_sex': {'reference': 'Male', 'reference_column': 'child_sex_Male'}, 'maternal_education': {'reference': 'No education', 'reference_column': 'maternal_education_No education'}, 'literacy': {'reference': 'Cannot read at all', 'reference_column': 'literacy_Cannot read at all'}, 'wealth_quintile': {'reference': 'Poorest', 'reference_column': 'wealth_quintile_Poorest'}, 'residence': {'reference': 'Rural', 'reference_column': 'residence_Rural'}, 'country_admin_region': {'reference': 'ghana::01', 'reference_column': 'country_admin_region_ghana::01'}}"
haz,4,ghana,household_size_raw,0.0182094318256096,0.011305551412860588,-0.003949041768963078,0.04036790542018227,0.10725322381583562,4405,616,16,weight_original,cluster_robust_psu,True,"{'child_sex': {'reference': 'Male', 'reference_column': 'child_sex_Male'}, 'maternal_education': {'reference': 'No education', 'reference_column': 'maternal_education_No education'}, 'literacy': {'reference': 'Cannot read at all', 'reference_column': 'literacy_Cannot read at all'}, 'wealth_quintile': {'reference': 'Poorest', 'reference_column': 'wealth_quintile_Poorest'}, 'residence': {'reference': 'Rural', 'reference_column': 'residence_Rural'}, 'country_admin_region': {'reference': 'ghana::01', 'reference_column': 'country_admin_region_ghana::01'}}"
haz,4,ghana,child_sex_Female,0.15605430061274597,0.05226873651826753,0.05360945951952811,0.25849914170596383,0.0028300911321635256,4405,616,16,weight_original,cluster_robust_psu,True,"{'child_sex': {'reference': 'Male', 'reference_column': 'child_sex_Male'}, 'maternal_education': {'reference': 'No education', 'reference_column': 'maternal_education_No education'}, 'literacy': {'reference': 'Cannot read at all', 'reference_column': 'literacy_Cannot read at all'}, 'wealth_quintile': {'reference': 'Poorest', 'reference_column': 'wealth_quintile_Poorest'}, 'residence': {'reference': 'Rural', 'reference_column': 'residence_Rural'}, 'country_admin_region': {'reference': 'ghana::01', 'reference_column': 'country_admin_region_ghana::01'}}"
haz,4,ghana,maternal_education_Higher,0.15541978802065975,0.13952603215409584,-0.11804620990714565,0.42888578594846516,0.26531673637905306,4405,616,16,weight_original,cluster_robust_psu,True,"{'child_sex': {'reference': 'Male', 'reference_column': 'child_sex_Male'}, 'maternal_education': {'reference': 'No education', 'reference_column': 'maternal_education_No education'}, 'literacy': {'reference': 'Cannot read at all', 'reference_column': 'literacy_Cannot read at all'}, 'wealth_quintile': {'reference': 'Poorest', 'reference_column': 'wealth_quintile_Poorest'}, 'residence': {'reference': 'Rural', 'reference_column': 'residence_Rural'}, 'country_admin_region': {'reference': 'ghana::01', 'reference_column': 'country_admin_region_ghana::01'}}"
haz,4,ghana,maternal_education_Primary,-0.03012024599250904,0.0783114970127406,-0.18360795971289662,0.12336746772787854,0.7005182359522402,4405,616,16,weight_original,cluster_robust_psu,True,"{'child_sex': {'reference': 'Male', 'reference_column': 'child_sex_Male'}, 'maternal_education': {'reference': 'No education', 'reference_column': 'maternal_education_No education'}, 'literacy': {'reference': 'Cannot read at all', 'reference_column': 'literacy_Cannot read at all'}, 'wealth_quintile': {'reference': 'Poorest', 'reference_column': 'wealth_quintile_Poorest'}, 'residence': {'reference': 'Rural', 'reference_column': 'residence_Rural'}, 'country_admin_region': {'reference': 'ghana::01', 'reference_column': 'country_admin_region_ghana::01'}}"
haz,4,ghana,maternal_education_Secondary,-0.000422658333946976,0.08696713207903833,-0.1708751050476001,0.17002978837970614,0.9961223139874086,4405,616,16,weight_original,cluster_robust_psu,True,"{'child_sex': {'reference': 'Male', 'reference_column': 'child_sex_Male'}, 'maternal_education': {'reference': 'No education', 'reference_column': 'maternal_education_No education'}, 'literacy': {'reference': 'Cannot read at all', 'reference_column': 'literacy_Cannot read at all'}, 'wealth_quintile': {'reference': 'Poorest', 'reference_column': 'wealth_quintile_Poorest'}, 'residence': {'reference': 'Rural', 'reference_column': 'residence_Rural'}, 'country_admin_region': {'reference': 'ghana::01', 'reference_column': 'country_admin_region_ghana::01'}}"
haz,4,ghana,literacy_Able to read only parts of sentence,0.1864988468901029,0.09411045882751215,0.0020457370196394764,0.37095195676056636,0.047512647976402624,4405,616,16,weight_original,cluster_robust_psu,True,"{'child_sex': {'reference': 'Male', 'reference_column': 'child_sex_Male'}, 'maternal_education': {'reference': 'No education', 'reference_column': 'maternal_education_No education'}, 'literacy': {'reference': 'Cannot read at all', 'reference_column': 'literacy_Cannot read at all'}, 'wealth_quintile': {'reference': 'Poorest', 'reference_column': 'wealth_quintile_Poorest'}, 'residence': {'reference': 'Rural', 'reference_column': 'residence_Rural'}, 'country_admin_region': {'reference': 'ghana::01', 'reference_column': 'country_admin_region_ghana::01'}}"
haz,4,ghana,literacy_Able to read whole sentence,0.1974016267526007,0.08648229348712208,0.02789944621741855,0.3669038072877828,0.02245588833582902,4405,616,16,weight_original,cluster_robust_psu,True,"{'child_sex': {'reference': 'Male', 'reference_column': 'child_sex_Male'}, 'maternal_education': {'reference': 'No education', 'reference_column': 'maternal_education_No education'}, 'literacy': {'reference': 'Cannot read at all', 'reference_column': 'literacy_Cannot read at all'}, 'wealth_quintile': {'reference': 'Poorest', 'reference_column': 'wealth_quintile_Poorest'}, 'residence': {'reference': 'Rural', 'reference_column': 'residence_Rural'}, 'country_admin_region': {'reference': 'ghana::01', 'reference_column': 'country_admin_region_ghana::01'}}"
haz,4,ghana,literacy_Blind/visually impaired,-0.575418010207315,0.47638212678612574,-1.5091098215867151,0.3582738011720852,0.22708892805145775,4405,616,16,weight_original,cluster_robust_psu,True,"{'child_sex': {'reference': 'Male', 'reference_column': 'child_sex_Male'}, 'maternal_education': {'reference': 'No education', 'reference_column': 'maternal_education_No education'}, 'literacy': {'reference': 'Cannot read at all', 'reference_column': 'literacy_Cannot read at all'}, 'wealth_quintile': {'reference': 'Poorest', 'reference_column': 'wealth_quintile_Poorest'}, 'residence': {'reference': 'Rural', 'reference_column': 'residence_Rural'}, 'country_admin_region': {'reference': 'ghana::01', 'reference_column': 'country_admin_region_ghana::01'}}"
haz,4,ghana,literacy_No card with required language,0.4461109183657289,0.4159020713781499,-0.3690421626310517,1.2612639993625097,0.2834351304879239,4405,616,16,weight_original,cluster_robust_psu,True,"{'child_sex': {'reference': 'Male', 'reference_column': 'child_sex_Male'}, 'maternal_education': {'reference': 'No education', 'reference_column': 'maternal_education_No education'}, 'literacy': {'reference': 'Cannot read at all', 'reference_column': 'literacy_Cannot read at all'}, 'wealth_quintile': {'reference': 'Poorest', 'reference_column': 'wealth_quintile_Poorest'}, 'residence': {'reference': 'Rural', 'reference_column': 'residence_Rural'}, 'country_admin_region': {'reference': 'ghana::01', 'reference_column': 'country_admin_region_ghana::01'}}"
haz,4,ghana,wealth_quintile_Middle,0.10473809553077533,0.10197130986429742,-0.09512199925962157,0.30459819032117225,0.30435785025986273,4405,616,16,weight_original,cluster_robust_psu,True,"{'child_sex': {'reference': 'Male', 'reference_column': 'child_sex_Male'}, 'maternal_education': {'reference': 'No education', 'reference_column': 'maternal_education_No education'}, 'literacy': {'reference': 'Cannot read at all', 'reference_column': 'literacy_Cannot read at all'}, 'wealth_quintile': {'reference': 'Poorest', 'reference_column': 'wealth_quintile_Poorest'}, 'residence': {'reference': 'Rural', 'reference_column': 'residence_Rural'}, 'country_admin_region': {'reference': 'ghana::01', 'reference_column': 'country_admin_region_ghana::01'}}"
haz,4,ghana,wealth_quintile_Poorer,-0.010044654843736098,0.07177103101498687,-0.15071329076641757,0.13062398107894538,0.888696203501051,4405,616,16,weight_original,cluster_robust_psu,True,"{'child_sex': {'reference': 'Male', 'reference_column': 'child_sex_Male'}, 'maternal_education': {'reference': 'No education', 'reference_column': 'maternal_education_No education'}, 'literacy': {'reference': 'Cannot read at all', 'reference_column': 'literacy_Cannot read at all'}, 'wealth_quintile': {'reference': 'Poorest', 'reference_column': 'wealth_quintile_Poorest'}, 'residence': {'reference': 'Rural', 'reference_column': 'residence_Rural'}, 'country_admin_region': {'reference': 'ghana::01', 'reference_column': 'country_admin_region_ghana::01'}}"
haz,4,ghana,wealth_quintile_Richer,0.20828330299101033,0.11355609316158169,-0.014282549830764907,0.4308491558127856,0.06662598809876707,4405,616,16,weight_original,cluster_robust_psu,True,"{'child_sex': {'reference': 'Male', 'reference_column': 'child_sex_Male'}, 'maternal_education': {'reference': 'No education', 'reference_column': 'maternal_education_No education'}, 'literacy': {'reference': 'Cannot read at all', 'reference_column': 'literacy_Cannot read at all'}, 'wealth_quintile': {'reference': 'Poorest', 'reference_column': 'wealth_quintile_Poorest'}, 'residence': {'reference': 'Rural', 'reference_column': 'residence_Rural'}, 'country_admin_region': {'reference': 'ghana::01', 'reference_column': 'country_admin_region_ghana::01'}}"
haz,4,ghana,wealth_quintile_Richest,0.477507575199434,0.12922509547635647,0.22423104216702544,0.7307841082318425,0.00021974721501048132,4405,616,16,weight_original,cluster_robust_psu,True,"{'child_sex': {'reference': 'Male', 'reference_column': 'child_sex_Male'}, 'maternal_education': {'reference': 'No education', 'reference_column': 'maternal_education_No education'}, 'literacy': {'reference': 'Cannot read at all', 'reference_column': 'literacy_Cannot read at all'}, 'wealth_quintile': {'reference': 'Poorest', 'reference_column': 'wealth_quintile_Poorest'}, 'residence': {'reference': 'Rural', 'reference_column': 'residence_Rural'}, 'country_admin_region': {'reference': 'ghana::01', 'reference_column': 'country_admin_region_ghana::01'}}"
haz,4,ghana,residence_Urban,0.023229643675534224,0.06359088371884462,-0.10140619815847574,0.14786548550954418,0.7148887242849989,4405,616,16,weight_original,cluster_robust_psu,True,"{'child_sex': {'reference': 'Male', 'reference_column': 'child_sex_Male'}, 'maternal_education': {'reference': 'No education', 'reference_column': 'maternal_education_No education'}, 'literacy': {'reference': 'Cannot read at all', 'reference_column': 'literacy_Cannot read at all'}, 'wealth_quintile': {'reference': 'Poorest', 'reference_column': 'wealth_quintile_Poorest'}, 'residence': {'reference': 'Rural', 'reference_column': 'residence_Rural'}, 'country_admin_region': {'reference': 'ghana::01', 'reference_column': 'country_admin_region_ghana::01'}}"
haz,4,ghana,country_admin_region_ghana::02,-0.07919356905753465,0.12382671487104728,-0.32188947052869765,0.16350233241362833,0.5224641810007264,4405,616,16,weight_original,cluster_robust_psu,True,"{'child_sex': {'reference': 'Male', 'reference_column': 'child_sex_Male'}, 'maternal_education': {'reference': 'No education', 'reference_column': 'maternal_education_No education'}, 'literacy': {'reference': 'Cannot read at all', 'reference_column': 'literacy_Cannot read at all'}, 'wealth_quintile': {'reference': 'Poorest', 'reference_column': 'wealth_quintile_Poorest'}, 'residence': {'reference': 'Rural', 'reference_column': 'residence_Rural'}, 'country_admin_region': {'reference': 'ghana::01', 'reference_column': 'country_admin_region_ghana::01'}}"
haz,4,ghana,country_admin_region_ghana::03,-0.04493822029336903,0.10853911098070912,-0.2576709687295548,0.16779452814281676,0.6788536735189348,4405,616,16,weight_original,cluster_robust_psu,True,"{'child_sex': {'reference': 'Male', 'reference_column': 'child_sex_Male'}, 'maternal_education': {'reference': 'No education', 'reference_column': 'maternal_education_No education'}, 'literacy': {'reference': 'Cannot read at all', 'reference_column': 'literacy_Cannot read at all'}, 'wealth_quintile': {'reference': 'Poorest', 'reference_column': 'wealth_quintile_Poorest'}, 'residence': {'reference': 'Rural', 'reference_column': 'residence_Rural'}, 'country_admin_region': {'reference': 'ghana::01', 'reference_column': 'country_admin_region_ghana::01'}}"
haz,4,ghana,country_admin_region_ghana::04,-0.12914276290907567,0.12447272044744612,-0.3731048120437924,0.11481928622564108,0.2994942309345694,4405,616,16,weight_original,cluster_robust_psu,True,"{'child_sex': {'reference': 'Male', 'reference_column': 'child_sex_Male'}, 'maternal_education': {'reference': 'No education', 'reference_column': 'maternal_education_No education'}, 'literacy': {'reference': 'Cannot read at all', 'reference_column': 'literacy_Cannot read at all'}, 'wealth_quintile': {'reference': 'Poorest', 'reference_column': 'wealth_quintile_Poorest'}, 'residence': {'reference': 'Rural', 'reference_column': 'residence_Rural'}, 'country_admin_region': {'reference': 'ghana::01', 'reference_column': 'country_admin_region_ghana::01'}}"
haz,4,ghana,country_admin_region_ghana::05,0.04588647576784795,0.09940939746328324,-0.14895236298501463,0.2407253145207105,0.644374703374354,4405,616,16,weight_original,cluster_robust_psu,True,"{'child_sex': {'reference': 'Male', 'reference_column': 'child_sex_Male'}, 'maternal_education': {'reference': 'No education', 'reference_column': 'maternal_education_No education'}, 'literacy': {'reference': 'Cannot read at all', 'reference_column': 'literacy_Cannot read at all'}, 'wealth_quintile': {'reference': 'Poorest', 'reference_column': 'wealth_quintile_Poorest'}, 'residence': {'reference': 'Rural', 'reference_column': 'residence_Rural'}, 'country_admin_region': {'reference': 'ghana::01', 'reference_column': 'country_admin_region_ghana::01'}}"
haz,4,ghana,country_admin_region_ghana::06,0.028207938347122746,0.10632649407600817,-0.18018816064426468,0.23660403733851015,0.7907818457717947,4405,616,16,weight_original,cluster_robust_psu,True,"{'child_sex': {'reference': 'Male', 'reference_column': 'child_sex_Male'}, 'maternal_education': {'reference': 'No education', 'reference_column': 'maternal_education_No education'}, 'literacy': {'reference': 'Cannot read at all', 'reference_column': 'literacy_Cannot read at all'}, 'wealth_quintile': {'reference': 'Poorest', 'reference_column': 'wealth_quintile_Poorest'}, 'residence': {'reference': 'Rural', 'reference_column': 'residence_Rural'}, 'country_admin_region': {'reference': 'ghana::01', 'reference_column': 'country_admin_region_ghana::01'}}"
haz,4,ghana,country_admin_region_ghana::07,0.11688124161387133,0.11586563280028415,-0.1102112257206284,0.34397370894837104,0.31308715758915584,4405,616,16,weight_original,cluster_robust_psu,True,"{'child_sex': {'reference': 'Male', 'reference_column': 'child_sex_Male'}, 'maternal_education': {'reference': 'No education', 'reference_column': 'maternal_education_No education'}, 'literacy': {'reference': 'Cannot read at all', 'reference_column': 'literacy_Cannot read at all'}, 'wealth_quintile': {'reference': 'Poorest', 'reference_column': 'wealth_quintile_Poorest'}, 'residence': {'reference': 'Rural', 'reference_column': 'residence_Rural'}, 'country_admin_region': {'reference': 'ghana::01', 'reference_column': 'country_admin_region_ghana::01'}}"
haz,4,ghana,country_admin_region_ghana::08,0.04823615540900693,0.09635336388650628,-0.14061296759782765,0.23708527841584154,0.6166405246295493,4405,616,16,weight_original,cluster_robust_psu,True,"{'child_sex': {'reference': 'Male', 'reference_column': 'child_sex_Male'}, 'maternal_education': {'reference': 'No education', 'reference_column': 'maternal_education_No education'}, 'literacy': {'reference': 'Cannot read at all', 'reference_column': 'literacy_Cannot read at all'}, 'wealth_quintile': {'reference': 'Poorest', 'reference_column': 'wealth_quintile_Poorest'}, 'residence': {'reference': 'Rural', 'reference_column': 'residence_Rural'}, 'country_admin_region': {'reference': 'ghana::01', 'reference_column': 'country_admin_region_ghana::01'}}"
haz,4,ghana,country_admin_region_ghana::09,-0.013060015797910622,0.1369455618336253,-0.2814683848344192,0.255348353238598,0.9240237420208264,4405,616,16,weight_original,cluster_robust_psu,True,"{'child_sex': {'reference': 'Male', 'reference_column': 'child_sex_Male'}, 'maternal_education': {'reference': 'No education', 'reference_column': 'maternal_education_No education'}, 'literacy': {'reference': 'Cannot read at all', 'reference_column': 'literacy_Cannot read at all'}, 'wealth_quintile': {'reference': 'Poorest', 'reference_column': 'wealth_quintile_Poorest'}, 'residence': {'reference': 'Rural', 'reference_column': 'residence_Rural'}, 'country_admin_region': {'reference': 'ghana::01', 'reference_column': 'country_admin_region_ghana::01'}}"
haz,4,ghana,country_admin_region_ghana::10,0.09488100696121576,0.10817264602369271,-0.11713348335762183,0.3068954972800534,0.38041837146702495,4405,616,16,weight_original,cluster_robust_psu,True,"{'child_sex': {'reference': 'Male', 'reference_column': 'child_sex_Male'}, 'maternal_education': {'reference': 'No education', 'reference_column': 'maternal_education_No education'}, 'literacy': {'reference': 'Cannot read at all', 'reference_column': 'literacy_Cannot read at all'}, 'wealth_quintile': {'reference': 'Poorest', 'reference_column': 'wealth_quintile_Poorest'}, 'residence': {'reference': 'Rural', 'reference_column': 'residence_Rural'}, 'country_admin_region': {'reference': 'ghana::01', 'reference_column': 'country_admin_region_ghana::01'}}"
haz,4,ghana,country_admin_region_ghana::11,-0.15264132171564773,0.10809409709906283,-0.3645018589711864,0.05921921553989096,0.1579160325253689,4405,616,16,weight_original,cluster_robust_psu,True,"{'child_sex': {'reference': 'Male', 'reference_column': 'child_sex_Male'}, 'maternal_education': {'reference': 'No education', 'reference_column': 'maternal_education_No education'}, 'literacy': {'reference': 'Cannot read at all', 'reference_column': 'literacy_Cannot read at all'}, 'wealth_quintile': {'reference': 'Poorest', 'reference_column': 'wealth_quintile_Poorest'}, 'residence': {'reference': 'Rural', 'reference_column': 'residence_Rural'}, 'country_admin_region': {'reference': 'ghana::01', 'reference_column': 'country_admin_region_ghana::01'}}"
haz,4,ghana,country_admin_region_ghana::12,-0.4372049542732716,0.11244470900396117,-0.6575925341731222,-0.216817374373421,0.0001009998790175327,4405,616,16,weight_original,cluster_robust_psu,True,"{'child_sex': {'reference': 'Male', 'reference_column': 'child_sex_Male'}, 'maternal_education': {'reference': 'No education', 'reference_column': 'maternal_education_No education'}, 'literacy': {'reference': 'Cannot read at all', 'reference_column': 'literacy_Cannot read at all'}, 'wealth_quintile': {'reference': 'Poorest', 'reference_column': 'wealth_quintile_Poorest'}, 'residence': {'reference': 'Rural', 'reference_column': 'residence_Rural'}, 'country_admin_region': {'reference': 'ghana::01', 'reference_column': 'country_admin_region_ghana::01'}}"
haz,4,ghana,country_admin_region_ghana::13,-0.17959786451977214,0.12019767410116099,-0.4151809767835305,0.05598524774398622,0.13512661372331689,4405,616,16,weight_original,cluster_robust_psu,True,"{'child_sex': {'reference': 'Male', 'reference_column': 'child_sex_Male'}, 'maternal_education': {'reference': 'No education', 'reference_column': 'maternal_education_No education'}, 'literacy': {'reference': 'Cannot read at all', 'reference_column': 'literacy_Cannot read at all'}, 'wealth_quintile': {'reference': 'Poorest', 'reference_column': 'wealth_quintile_Poorest'}, 'residence': {'reference': 'Rural', 'reference_column': 'residence_Rural'}, 'country_admin_region': {'reference': 'ghana::01', 'reference_column': 'country_admin_region_ghana::01'}}"
haz,4,ghana,country_admin_region_ghana::14,-0.24000798735022205,0.11992035713948138,-0.4750475683567863,-0.004968406343657805,0.045349853300405515,4405,616,16,weight_original,cluster_robust_psu,True,"{'child_sex': {'reference': 'Male', 'reference_column': 'child_sex_Male'}, 'maternal_education': {'reference': 'No education', 'reference_column': 'maternal_education_No education'}, 'literacy': {'reference': 'Cannot read at all', 'reference_column': 'literacy_Cannot read at all'}, 'wealth_quintile': {'reference': 'Poorest', 'reference_column': 'wealth_quintile_Poorest'}, 'residence': {'reference': 'Rural', 'reference_column': 'residence_Rural'}, 'country_admin_region': {'reference': 'ghana::01', 'reference_column': 'country_admin_region_ghana::01'}}"
haz,4,ghana,country_admin_region_ghana::15,-0.22459709132768063,0.11665637814442949,-0.45323939105764793,0.004045208402286671,0.05419337411338657,4405,616,16,weight_original,cluster_robust_psu,True,"{'child_sex': {'reference': 'Male', 'reference_column': 'child_sex_Male'}, 'maternal_education': {'reference': 'No education', 'reference_column': 'maternal_education_No education'}, 'literacy': {'reference': 'Cannot read at all', 'reference_column': 'literacy_Cannot read at all'}, 'wealth_quintile': {'reference': 'Poorest', 'reference_column': 'wealth_quintile_Poorest'}, 'residence': {'reference': 'Rural', 'reference_column': 'residence_Rural'}, 'country_admin_region': {'reference': 'ghana::01', 'reference_column': 'country_admin_region_ghana::01'}}"
haz,4,ghana,country_admin_region_ghana::16,0.024756737630179253,0.12524894362380432,-0.22072668097416487,0.27024015623452335,0.843310891194496,4405,616,16,weight_original,cluster_robust_psu,True,"{'child_sex': {'reference': 'Male', 'reference_column': 'child_sex_Male'}, 'maternal_education': {'reference': 'No education', 'reference_column': 'maternal_education_No education'}, 'literacy': {'reference': 'Cannot read at all', 'reference_column': 'literacy_Cannot read at all'}, 'wealth_quintile': {'reference': 'Poorest', 'reference_column': 'wealth_quintile_Poorest'}, 'residence': {'reference': 'Rural', 'reference_column': 'residence_Rural'}, 'country_admin_region': {'reference': 'ghana::01', 'reference_column': 'country_admin_region_ghana::01'}}"
haz,4,kenya,const,-1.7782521375852545,0.12798660830531772,-2.029101280367112,-1.5274029948033967,6.883217367172863e-44,17327,1688,47,weight_original,cluster_robust_psu,True,"{'child_sex': {'reference': 'Male', 'reference_column': 'child_sex_Male'}, 'maternal_education': {'reference': 'No education', 'reference_column': 'maternal_education_No education'}, 'literacy': {'reference': 'Cannot read at all', 'reference_column': 'literacy_Cannot read at all'}, 'wealth_quintile': {'reference': 'Poorest', 'reference_column': 'wealth_quintile_Poorest'}, 'residence': {'reference': 'Rural', 'reference_column': 'residence_Rural'}, 'country_admin_region': {'reference': 'kenya::01', 'reference_column': 'country_admin_region_kenya::01'}}"
haz,4,kenya,water_rate_loo,0.08249414776285699,0.053664732511603766,-0.02268679519986211,0.1876750907255761,0.12424105158096842,17327,1688,47,weight_original,cluster_robust_psu,True,"{'child_sex': {'reference': 'Male', 'reference_column': 'child_sex_Male'}, 'maternal_education': {'reference': 'No education', 'reference_column': 'maternal_education_No education'}, 'literacy': {'reference': 'Cannot read at all', 'reference_column': 'literacy_Cannot read at all'}, 'wealth_quintile': {'reference': 'Poorest', 'reference_column': 'wealth_quintile_Poorest'}, 'residence': {'reference': 'Rural', 'reference_column': 'residence_Rural'}, 'country_admin_region': {'reference': 'kenya::01', 'reference_column': 'country_admin_region_kenya::01'}}"
haz,4,kenya,sanitation_rate_loo_core,0.017277250027320088,0.07319261584889858,-0.12617764097079667,0.16073214102543684,0.8133924612085413,17327,1688,47,weight_original,cluster_robust_psu,True,"{'child_sex': {'reference': 'Male', 'reference_column': 'child_sex_Male'}, 'maternal_education': {'reference': 'No education', 'reference_column': 'maternal_education_No education'}, 'literacy': {'reference': 'Cannot read at all', 'reference_column': 'literacy_Cannot read at all'}, 'wealth_quintile': {'reference': 'Poorest', 'reference_column': 'wealth_quintile_Poorest'}, 'residence': {'reference': 'Rural', 'reference_column': 'residence_Rural'}, 'country_admin_region': {'reference': 'kenya::01', 'reference_column': 'country_admin_region_kenya::01'}}"
haz,4,kenya,b19_raw,-0.003223084888288178,0.0007968518584666635,-0.004784885831896647,-0.001661283944679709,5.237384443495854e-05,17327,1688,47,weight_original,cluster_robust_psu,True,"{'child_sex': {'reference': 'Male', 'reference_column': 'child_sex_Male'}, 'maternal_education': {'reference': 'No education', 'reference_column': 'maternal_education_No education'}, 'literacy': {'reference': 'Cannot read at all', 'reference_column': 'literacy_Cannot read at all'}, 'wealth_quintile': {'reference': 'Poorest', 'reference_column': 'wealth_quintile_Poorest'}, 'residence': {'reference': 'Rural', 'reference_column': 'residence_Rural'}, 'country_admin_region': {'reference': 'kenya::01', 'reference_column': 'country_admin_region_kenya::01'}}"
haz,4,kenya,birth_order_raw,-0.06858318558676907,0.01141833847777746,-0.09096271776650079,-0.046203653407037346,1.896799565457272e-09,17327,1688,47,weight_original,cluster_robust_psu,True,"{'child_sex': {'reference': 'Male', 'reference_column': 'child_sex_Male'}, 'maternal_education': {'reference': 'No education', 'reference_column': 'maternal_education_No education'}, 'literacy': {'reference': 'Cannot read at all', 'reference_column': 'literacy_Cannot read at all'}, 'wealth_quintile': {'reference': 'Poorest', 'reference_column': 'wealth_quintile_Poorest'}, 'residence': {'reference': 'Rural', 'reference_column': 'residence_Rural'}, 'country_admin_region': {'reference': 'kenya::01', 'reference_column': 'country_admin_region_kenya::01'}}"
haz,4,kenya,maternal_age,0.025791200504772134,0.0032537153802842216,0.019414035543471014,0.032168365466073254,2.2506010059808674e-15,17327,1688,47,weight_original,cluster_robust_psu,True,"{'child_sex': {'reference': 'Male', 'reference_column': 'child_sex_Male'}, 'maternal_education': {'reference': 'No education', 'reference_column': 'maternal_education_No education'}, 'literacy': {'reference': 'Cannot read at all', 'reference_column': 'literacy_Cannot read at all'}, 'wealth_quintile': {'reference': 'Poorest', 'reference_column': 'wealth_quintile_Poorest'}, 'residence': {'reference': 'Rural', 'reference_column': 'residence_Rural'}, 'country_admin_region': {'reference': 'kenya::01', 'reference_column': 'country_admin_region_kenya::01'}}"
haz,4,kenya,household_size_raw,-0.014982582315278282,0.005748233757255671,-0.026248913454216753,-0.003716251176339813,0.009148160526519223,17327,1688,47,weight_original,cluster_robust_psu,True,"{'child_sex': {'reference': 'Male', 'reference_column': 'child_sex_Male'}, 'maternal_education': {'reference': 'No education', 'reference_column': 'maternal_education_No education'}, 'literacy': {'reference': 'Cannot read at all', 'reference_column': 'literacy_Cannot read at all'}, 'wealth_quintile': {'reference': 'Poorest', 'reference_column': 'wealth_quintile_Poorest'}, 'residence': {'reference': 'Rural', 'reference_column': 'residence_Rural'}, 'country_admin_region': {'reference': 'kenya::01', 'reference_column': 'country_admin_region_kenya::01'}}"
haz,4,kenya,child_sex_Female,0.15134026983087934,0.02701572059853429,0.09839043044135526,0.20429010922040342,2.119739029916847e-08,17327,1688,47,weight_original,cluster_robust_psu,True,"{'child_sex': {'reference': 'Male', 'reference_column': 'child_sex_Male'}, 'maternal_education': {'reference': 'No education', 'reference_column': 'maternal_education_No education'}, 'literacy': {'reference': 'Cannot read at all', 'reference_column': 'literacy_Cannot read at all'}, 'wealth_quintile': {'reference': 'Poorest', 'reference_column': 'wealth_quintile_Poorest'}, 'residence': {'reference': 'Rural', 'reference_column': 'residence_Rural'}, 'country_admin_region': {'reference': 'kenya::01', 'reference_column': 'country_admin_region_kenya::01'}}"
haz,4,kenya,maternal_education_Higher,0.13205126561757913,0.08874032668723844,-0.04187657866572683,0.30597910990088506,0.1367340753449307,17327,1688,47,weight_original,cluster_robust_psu,True,"{'child_sex': {'reference': 'Male', 'reference_column': 'child_sex_Male'}, 'maternal_education': {'reference': 'No education', 'reference_column': 'maternal_education_No education'}, 'literacy': {'reference': 'Cannot read at all', 'reference_column': 'literacy_Cannot read at all'}, 'wealth_quintile': {'reference': 'Poorest', 'reference_column': 'wealth_quintile_Poorest'}, 'residence': {'reference': 'Rural', 'reference_column': 'residence_Rural'}, 'country_admin_region': {'reference': 'kenya::01', 'reference_column': 'country_admin_region_kenya::01'}}"
haz,4,kenya,maternal_education_Primary,-0.0834279475605597,0.07723524898552774,-0.2348062539091778,0.0679503587880584,0.2800621692614602,17327,1688,47,weight_original,cluster_robust_psu,True,"{'child_sex': {'reference': 'Male', 'reference_column': 'child_sex_Male'}, 'maternal_education': {'reference': 'No education', 'reference_column': 'maternal_education_No education'}, 'literacy': {'reference': 'Cannot read at all', 'reference_column': 'literacy_Cannot read at all'}, 'wealth_quintile': {'reference': 'Poorest', 'reference_column': 'wealth_quintile_Poorest'}, 'residence': {'reference': 'Rural', 'reference_column': 'residence_Rural'}, 'country_admin_region': {'reference': 'kenya::01', 'reference_column': 'country_admin_region_kenya::01'}}"
haz,4,kenya,maternal_education_Secondary,0.01713256724349704,0.08299782918706922,-0.14554018875816593,0.17980532324516002,0.836461387604461,17327,1688,47,weight_original,cluster_robust_psu,True,"{'child_sex': {'reference': 'Male', 'reference_column': 'child_sex_Male'}, 'maternal_education': {'reference': 'No education', 'reference_column': 'maternal_education_No education'}, 'literacy': {'reference': 'Cannot read at all', 'reference_column': 'literacy_Cannot read at all'}, 'wealth_quintile': {'reference': 'Poorest', 'reference_column': 'wealth_quintile_Poorest'}, 'residence': {'reference': 'Rural', 'reference_column': 'residence_Rural'}, 'country_admin_region': {'reference': 'kenya::01', 'reference_column': 'country_admin_region_kenya::01'}}"
haz,4,kenya,literacy_Able to read only parts of sentence,-0.00649366597248665,0.07892330495055404,-0.1611805012164443,0.148193169271471,0.9344255045955219,17327,1688,47,weight_original,cluster_robust_psu,True,"{'child_sex': {'reference': 'Male', 'reference_column': 'child_sex_Male'}, 'maternal_education': {'reference': 'No education', 'reference_column': 'maternal_education_No education'}, 'literacy': {'reference': 'Cannot read at all', 'reference_column': 'literacy_Cannot read at all'}, 'wealth_quintile': {'reference': 'Poorest', 'reference_column': 'wealth_quintile_Poorest'}, 'residence': {'reference': 'Rural', 'reference_column': 'residence_Rural'}, 'country_admin_region': {'reference': 'kenya::01', 'reference_column': 'country_admin_region_kenya::01'}}"
haz,4,kenya,literacy_Able to read whole sentence,0.028811978239514358,0.07321281478533141,-0.11468250194653677,0.1723064584255655,0.6939226320506016,17327,1688,47,weight_original,cluster_robust_psu,True,"{'child_sex': {'reference': 'Male', 'reference_column': 'child_sex_Male'}, 'maternal_education': {'reference': 'No education', 'reference_column': 'maternal_education_No education'}, 'literacy': {'reference': 'Cannot read at all', 'reference_column': 'literacy_Cannot read at all'}, 'wealth_quintile': {'reference': 'Poorest', 'reference_column': 'wealth_quintile_Poorest'}, 'residence': {'reference': 'Rural', 'reference_column': 'residence_Rural'}, 'country_admin_region': {'reference': 'kenya::01', 'reference_column': 'country_admin_region_kenya::01'}}"
haz,4,kenya,literacy_Blind/visually impaired,0.1613924246652612,0.18621046570493818,-0.20357338166084848,0.5263582309913709,0.3860951800201804,17327,1688,47,weight_original,cluster_robust_psu,True,"{'child_sex': {'reference': 'Male', 'reference_column': 'child_sex_Male'}, 'maternal_education': {'reference': 'No education', 'reference_column': 'maternal_education_No education'}, 'literacy': {'reference': 'Cannot read at all', 'reference_column': 'literacy_Cannot read at all'}, 'wealth_quintile': {'reference': 'Poorest', 'reference_column': 'wealth_quintile_Poorest'}, 'residence': {'reference': 'Rural', 'reference_column': 'residence_Rural'}, 'country_admin_region': {'reference': 'kenya::01', 'reference_column': 'country_admin_region_kenya::01'}}"
haz,4,kenya,literacy_No card with required language,0.5391782473409006,0.4950837225999393,-0.43116801828699935,1.5095245129688006,0.27612531819865327,17327,1688,47,weight_original,cluster_robust_psu,True,"{'child_sex': {'reference': 'Male', 'reference_column': 'child_sex_Male'}, 'maternal_education': {'reference': 'No education', 'reference_column': 'maternal_education_No education'}, 'literacy': {'reference': 'Cannot read at all', 'reference_column': 'literacy_Cannot read at all'}, 'wealth_quintile': {'reference': 'Poorest', 'reference_column': 'wealth_quintile_Poorest'}, 'residence': {'reference': 'Rural', 'reference_column': 'residence_Rural'}, 'country_admin_region': {'reference': 'kenya::01', 'reference_column': 'country_admin_region_kenya::01'}}"
haz,4,kenya,wealth_quintile_Middle,0.2961541956375293,0.04190609370924818,0.21401976123464236,0.37828863004041624,1.5821471905517446e-12,17327,1688,47,weight_original,cluster_robust_psu,True,"{'child_sex': {'reference': 'Male', 'reference_column': 'child_sex_Male'}, 'maternal_education': {'reference': 'No education', 'reference_column': 'maternal_education_No education'}, 'literacy': {'reference': 'Cannot read at all', 'reference_column': 'literacy_Cannot read at all'}, 'wealth_quintile': {'reference': 'Poorest', 'reference_column': 'wealth_quintile_Poorest'}, 'residence': {'reference': 'Rural', 'reference_column': 'residence_Rural'}, 'country_admin_region': {'reference': 'kenya::01', 'reference_column': 'country_admin_region_kenya::01'}}"
haz,4,kenya,wealth_quintile_Poorer,0.11440042964253429,0.035575448323577376,0.044673832194456795,0.1841270270906118,0.0013012091760274498,17327,1688,47,weight_original,cluster_robust_psu,True,"{'child_sex': {'reference': 'Male', 'reference_column': 'child_sex_Male'}, 'maternal_education': {'reference': 'No education', 'reference_column': 'maternal_education_No education'}, 'literacy': {'reference': 'Cannot read at all', 'reference_column': 'literacy_Cannot read at all'}, 'wealth_quintile': {'reference': 'Poorest', 'reference_column': 'wealth_quintile_Poorest'}, 'residence': {'reference': 'Rural', 'reference_column': 'residence_Rural'}, 'country_admin_region': {'reference': 'kenya::01', 'reference_column': 'country_admin_region_kenya::01'}}"
haz,4,kenya,wealth_quintile_Richer,0.4557366155735179,0.052977623315221704,0.3519023818891539,0.5595708492578819,7.804165379411085e-18,17327,1688,47,weight_original,cluster_robust_psu,True,"{'child_sex': {'reference': 'Male', 'reference_column': 'child_sex_Male'}, 'maternal_education': {'reference': 'No education', 'reference_column': 'maternal_education_No education'}, 'literacy': {'reference': 'Cannot read at all', 'reference_column': 'literacy_Cannot read at all'}, 'wealth_quintile': {'reference': 'Poorest', 'reference_column': 'wealth_quintile_Poorest'}, 'residence': {'reference': 'Rural', 'reference_column': 'residence_Rural'}, 'country_admin_region': {'reference': 'kenya::01', 'reference_column': 'country_admin_region_kenya::01'}}"
haz,4,kenya,wealth_quintile_Richest,0.6995553587035406,0.07674603711842547,0.5491358899952525,0.8499748274118286,7.852662362228193e-20,17327,1688,47,weight_original,cluster_robust_psu,True,"{'child_sex': {'reference': 'Male', 'reference_column': 'child_sex_Male'}, 'maternal_education': {'reference': 'No education', 'reference_column': 'maternal_education_No education'}, 'literacy': {'reference': 'Cannot read at all', 'reference_column': 'literacy_Cannot read at all'}, 'wealth_quintile': {'reference': 'Poorest', 'reference_column': 'wealth_quintile_Poorest'}, 'residence': {'reference': 'Rural', 'reference_column': 'residence_Rural'}, 'country_admin_region': {'reference': 'kenya::01', 'reference_column': 'country_admin_region_kenya::01'}}"
haz,4,kenya,residence_Urban,-0.041835517392271836,0.048161394979479154,-0.13623011699725915,0.052559082212715484,0.3850372154554492,17327,1688,47,weight_original,cluster_robust_psu,True,"{'child_sex': {'reference': 'Male', 'reference_column': 'child_sex_Male'}, 'maternal_education': {'reference': 'No education', 'reference_column': 'maternal_education_No education'}, 'literacy': {'reference': 'Cannot read at all', 'reference_column': 'literacy_Cannot read at all'}, 'wealth_quintile': {'reference': 'Poorest', 'reference_column': 'wealth_quintile_Poorest'}, 'residence': {'reference': 'Rural', 'reference_column': 'residence_Rural'}, 'country_admin_region': {'reference': 'kenya::01', 'reference_column': 'country_admin_region_kenya::01'}}"
haz,4,kenya,country_admin_region_kenya::02,0.07235843387013922,0.1231317775866579,-0.1689754155521065,0.31369228329238497,0.5567669987066763,17327,1688,47,weight_original,cluster_robust_psu,True,"{'child_sex': {'reference': 'Male', 'reference_column': 'child_sex_Male'}, 'maternal_education': {'reference': 'No education', 'reference_column': 'maternal_education_No education'}, 'literacy': {'reference': 'Cannot read at all', 'reference_column': 'literacy_Cannot read at all'}, 'wealth_quintile': {'reference': 'Poorest', 'reference_column': 'wealth_quintile_Poorest'}, 'residence': {'reference': 'Rural', 'reference_column': 'residence_Rural'}, 'country_admin_region': {'reference': 'kenya::01', 'reference_column': 'country_admin_region_kenya::01'}}"
haz,4,kenya,country_admin_region_kenya::03,-0.36749774043585187,0.09484743550392696,-0.5533952980495344,-0.1816001828221694,0.00010679134934345217,17327,1688,47,weight_original,cluster_robust_psu,True,"{'child_sex': {'reference': 'Male', 'reference_column': 'child_sex_Male'}, 'maternal_education': {'reference': 'No education', 'reference_column': 'maternal_education_No education'}, 'literacy': {'reference': 'Cannot read at all', 'reference_column': 'literacy_Cannot read at all'}, 'wealth_quintile': {'reference': 'Poorest', 'reference_column': 'wealth_quintile_Poorest'}, 'residence': {'reference': 'Rural', 'reference_column': 'residence_Rural'}, 'country_admin_region': {'reference': 'kenya::01', 'reference_column': 'country_admin_region_kenya::01'}}"
haz,4,kenya,country_admin_region_kenya::04,0.3081667739016183,0.10042770512166849,0.11133208881313933,0.5050014589900973,0.0021510506583428996,17327,1688,47,weight_original,cluster_robust_psu,True,"{'child_sex': {'reference': 'Male', 'reference_column': 'child_sex_Male'}, 'maternal_education': {'reference': 'No education', 'reference_column': 'maternal_education_No education'}, 'literacy': {'reference': 'Cannot read at all', 'reference_column': 'literacy_Cannot read at all'}, 'wealth_quintile': {'reference': 'Poorest', 'reference_column': 'wealth_quintile_Poorest'}, 'residence': {'reference': 'Rural', 'reference_column': 'residence_Rural'}, 'country_admin_region': {'reference': 'kenya::01', 'reference_column': 'country_admin_region_kenya::01'}}"
haz,4,kenya,country_admin_region_kenya::05,0.1384369118642168,0.09823405819156202,-0.05409830424645662,0.33097212797489023,0.15875955660694396,17327,1688,47,weight_original,cluster_robust_psu,True,"{'child_sex': {'reference': 'Male', 'reference_column': 'child_sex_Male'}, 'maternal_education': {'reference': 'No education', 'reference_column': 'maternal_education_No education'}, 'literacy': {'reference': 'Cannot read at all', 'reference_column': 'literacy_Cannot read at all'}, 'wealth_quintile': {'reference': 'Poorest', 'reference_column': 'wealth_quintile_Poorest'}, 'residence': {'reference': 'Rural', 'reference_column': 'residence_Rural'}, 'country_admin_region': {'reference': 'kenya::01', 'reference_column': 'country_admin_region_kenya::01'}}"
haz,4,kenya,country_admin_region_kenya::06,0.022254637405937135,0.11898239354729988,-0.21094656874114154,0.2554558435530158,0.8516281472126457,17327,1688,47,weight_original,cluster_robust_psu,True,"{'child_sex': {'reference': 'Male', 'reference_column': 'child_sex_Male'}, 'maternal_education': {'reference': 'No education', 'reference_column': 'maternal_education_No education'}, 'literacy': {'reference': 'Cannot read at all', 'reference_column': 'literacy_Cannot read at all'}, 'wealth_quintile': {'reference': 'Poorest', 'reference_column': 'wealth_quintile_Poorest'}, 'residence': {'reference': 'Rural', 'reference_column': 'residence_Rural'}, 'country_admin_region': {'reference': 'kenya::01', 'reference_column': 'country_admin_region_kenya::01'}}"
haz,4,kenya,country_admin_region_kenya::07,0.7157790765742063,0.10495922670800956,0.510062772381333,0.9214953807670795,9.129958909822798e-12,17327,1688,47,weight_original,cluster_robust_psu,True,"{'child_sex': {'reference': 'Male', 'reference_column': 'child_sex_Male'}, 'maternal_education': {'reference': 'No education', 'reference_column': 'maternal_education_No education'}, 'literacy': {'reference': 'Cannot read at all', 'reference_column': 'literacy_Cannot read at all'}, 'wealth_quintile': {'reference': 'Poorest', 'reference_column': 'wealth_quintile_Poorest'}, 'residence': {'reference': 'Rural', 'reference_column': 'residence_Rural'}, 'country_admin_region': {'reference': 'kenya::01', 'reference_column': 'country_admin_region_kenya::01'}}"
haz,4,kenya,country_admin_region_kenya::08,0.9676085548446288,0.09603390513833579,0.7793855594787547,1.155831550210503,7.075712681390923e-24,17327,1688,47,weight_original,cluster_robust_psu,True,"{'child_sex': {'reference': 'Male', 'reference_column': 'child_sex_Male'}, 'maternal_education': {'reference': 'No education', 'reference_column': 'maternal_education_No education'}, 'literacy': {'reference': 'Cannot read at all', 'reference_column': 'literacy_Cannot read at all'}, 'wealth_quintile': {'reference': 'Poorest', 'reference_column': 'wealth_quintile_Poorest'}, 'residence': {'reference': 'Rural', 'reference_column': 'residence_Rural'}, 'country_admin_region': {'reference': 'kenya::01', 'reference_column': 'country_admin_region_kenya::01'}}"
haz,4,kenya,country_admin_region_kenya::09,0.4706733950273797,0.10086497239717679,0.27298168182728655,0.6683651082274729,3.065657697360522e-06,17327,1688,47,weight_original,cluster_robust_psu,True,"{'child_sex': {'reference': 'Male', 'reference_column': 'child_sex_Male'}, 'maternal_education': {'reference': 'No education', 'reference_column': 'maternal_education_No education'}, 'literacy': {'reference': 'Cannot read at all', 'reference_column': 'literacy_Cannot read at all'}, 'wealth_quintile': {'reference': 'Poorest', 'reference_column': 'wealth_quintile_Poorest'}, 'residence': {'reference': 'Rural', 'reference_column': 'residence_Rural'}, 'country_admin_region': {'reference': 'kenya::01', 'reference_column': 'country_admin_region_kenya::01'}}"
haz,4,kenya,country_admin_region_kenya::10,0.38209249466990447,0.11518139210507729,0.15634111445476687,0.6078438748850421,0.0009088839715887984,17327,1688,47,weight_original,cluster_robust_psu,True,"{'child_sex': {'reference': 'Male', 'reference_column': 'child_sex_Male'}, 'maternal_education': {'reference': 'No education', 'reference_column': 'maternal_education_No education'}, 'literacy': {'reference': 'Cannot read at all', 'reference_column': 'literacy_Cannot read at all'}, 'wealth_quintile': {'reference': 'Poorest', 'reference_column': 'wealth_quintile_Poorest'}, 'residence': {'reference': 'Rural', 'reference_column': 'residence_Rural'}, 'country_admin_region': {'reference': 'kenya::01', 'reference_column': 'country_admin_region_kenya::01'}}"
haz,4,kenya,country_admin_region_kenya::11,0.4361515883442733,0.11333420113885499,0.21402063589549916,0.6582825407930475,0.00011890787302324612,17327,1688,47,weight_original,cluster_robust_psu,True,"{'child_sex': {'reference': 'Male', 'reference_column': 'child_sex_Male'}, 'maternal_education': {'reference': 'No education', 'reference_column': 'maternal_education_No education'}, 'literacy': {'reference': 'Cannot read at all', 'reference_column': 'literacy_Cannot read at all'}, 'wealth_quintile': {'reference': 'Poorest', 'reference_column': 'wealth_quintile_Poorest'}, 'residence': {'reference': 'Rural', 'reference_column': 'residence_Rural'}, 'country_admin_region': {'reference': 'kenya::01', 'reference_column': 'country_admin_region_kenya::01'}}"
haz,4,kenya,country_admin_region_kenya::12,-0.16998342690781892,0.11055505115638396,-0.3866673454833147,0.0467004916676769,0.12415976966404546,17327,1688,47,weight_original,cluster_robust_psu,True,"{'child_sex': {'reference': 'Male', 'reference_column': 'child_sex_Male'}, 'maternal_education': {'reference': 'No education', 'reference_column': 'maternal_education_No education'}, 'literacy': {'reference': 'Cannot read at all', 'reference_column': 'literacy_Cannot read at all'}, 'wealth_quintile': {'reference': 'Poorest', 'reference_column': 'wealth_quintile_Poorest'}, 'residence': {'reference': 'Rural', 'reference_column': 'residence_Rural'}, 'country_admin_region': {'reference': 'kenya::01', 'reference_column': 'country_admin_region_kenya::01'}}"
haz,4,kenya,country_admin_region_kenya::13,-0.10015273683639206,0.11174062144849634,-0.3191603304855688,0.11885485681278465,0.3700943852730515,17327,1688,47,weight_original,cluster_robust_psu,True,"{'child_sex': {'reference': 'Male', 'reference_column': 'child_sex_Male'}, 'maternal_education': {'reference': 'No education', 'reference_column': 'maternal_education_No education'}, 'literacy': {'reference': 'Cannot read at all', 'reference_column': 'literacy_Cannot read at all'}, 'wealth_quintile': {'reference': 'Poorest', 'reference_column': 'wealth_quintile_Poorest'}, 'residence': {'reference': 'Rural', 'reference_column': 'residence_Rural'}, 'country_admin_region': {'reference': 'kenya::01', 'reference_column': 'country_admin_region_kenya::01'}}"
haz,4,kenya,country_admin_region_kenya::14,-0.02817723753773204,0.12690703921525226,-0.2769104637842387,0.22055598870877466,0.8242901147169881,17327,1688,47,weight_original,cluster_robust_psu,True,"{'child_sex': {'reference': 'Male', 'reference_column': 'child_sex_Male'}, 'maternal_education': {'reference': 'No education', 'reference_column': 'maternal_education_No education'}, 'literacy': {'reference': 'Cannot read at all', 'reference_column': 'literacy_Cannot read at all'}, 'wealth_quintile': {'reference': 'Poorest', 'reference_column': 'wealth_quintile_Poorest'}, 'residence': {'reference': 'Rural', 'reference_column': 'residence_Rural'}, 'country_admin_region': {'reference': 'kenya::01', 'reference_column': 'country_admin_region_kenya::01'}}"
haz,4,kenya,country_admin_region_kenya::15,-0.03836973109110301,0.10871098713947093,-0.25143935060826306,0.17469988842605702,0.7241246276066713,17327,1688,47,weight_original,cluster_robust_psu,True,"{'child_sex': {'reference': 'Male', 'reference_column': 'child_sex_Male'}, 'maternal_education': {'reference': 'No education', 'reference_column': 'maternal_education_No education'}, 'literacy': {'reference': 'Cannot read at all', 'reference_column': 'literacy_Cannot read at all'}, 'wealth_quintile': {'reference': 'Poorest', 'reference_column': 'wealth_quintile_Poorest'}, 'residence': {'reference': 'Rural', 'reference_column': 'residence_Rural'}, 'country_admin_region': {'reference': 'kenya::01', 'reference_column': 'country_admin_region_kenya::01'}}"
haz,4,kenya,country_admin_region_kenya::16,-0.10138140855092198,0.10564901274032096,-0.3084496685241644,0.10568685142232043,0.3372536338073867,17327,1688,47,weight_original,cluster_robust_psu,True,"{'child_sex': {'reference': 'Male', 'reference_column': 'child_sex_Male'}, 'maternal_education': {'reference': 'No education', 'reference_column': 'maternal_education_No education'}, 'literacy': {'reference': 'Cannot read at all', 'reference_column': 'literacy_Cannot read at all'}, 'wealth_quintile': {'reference': 'Poorest', 'reference_column': 'wealth_quintile_Poorest'}, 'residence': {'reference': 'Rural', 'reference_column': 'residence_Rural'}, 'country_admin_region': {'reference': 'kenya::01', 'reference_column': 'country_admin_region_kenya::01'}}"
haz,4,kenya,country_admin_region_kenya::17,-0.10963933510643882,0.09440010205098237,-0.29466013526326995,0.07538146505039232,0.24546610775175226,17327,1688,47,weight_original,cluster_robust_psu,True,"{'child_sex': {'reference': 'Male', 'reference_column': 'child_sex_Male'}, 'maternal_education': {'reference': 'No education', 'reference_column': 'maternal_education_No education'}, 'literacy': {'reference': 'Cannot read at all', 'reference_column': 'literacy_Cannot read at all'}, 'wealth_quintile': {'reference': 'Poorest', 'reference_column': 'wealth_quintile_Poorest'}, 'residence': {'reference': 'Rural', 'reference_column': 'residence_Rural'}, 'country_admin_region': {'reference': 'kenya::01', 'reference_column': 'country_admin_region_kenya::01'}}"
haz,4,kenya,country_admin_region_kenya::18,-0.07201720189481453,0.1217526948566502,-0.31064809883454403,0.16661369504491494,0.5541827985091377,17327,1688,47,weight_original,cluster_robust_psu,True,"{'child_sex': {'reference': 'Male', 'reference_column': 'child_sex_Male'}, 'maternal_education': {'reference': 'No education', 'reference_column': 'maternal_education_No education'}, 'literacy': {'reference': 'Cannot read at all', 'reference_column': 'literacy_Cannot read at all'}, 'wealth_quintile': {'reference': 'Poorest', 'reference_column': 'wealth_quintile_Poorest'}, 'residence': {'reference': 'Rural', 'reference_column': 'residence_Rural'}, 'country_admin_region': {'reference': 'kenya::01', 'reference_column': 'country_admin_region_kenya::01'}}"
haz,4,kenya,country_admin_region_kenya::19,-0.08182672219998874,0.10642618725484844,-0.2904182162314074,0.12676477183142992,0.4419770733265531,17327,1688,47,weight_original,cluster_robust_psu,True,"{'child_sex': {'reference': 'Male', 'reference_column': 'child_sex_Male'}, 'maternal_education': {'reference': 'No education', 'reference_column': 'maternal_education_No education'}, 'literacy': {'reference': 'Cannot read at all', 'reference_column': 'literacy_Cannot read at all'}, 'wealth_quintile': {'reference': 'Poorest', 'reference_column': 'wealth_quintile_Poorest'}, 'residence': {'reference': 'Rural', 'reference_column': 'residence_Rural'}, 'country_admin_region': {'reference': 'kenya::01', 'reference_column': 'country_admin_region_kenya::01'}}"
haz,4,kenya,country_admin_region_kenya::20,-0.013402094427522038,0.1140267977608036,-0.2368905113111296,0.2100863224560855,0.9064364246856824,17327,1688,47,weight_original,cluster_robust_psu,True,"{'child_sex': {'reference': 'Male', 'reference_column': 'child_sex_Male'}, 'maternal_education': {'reference': 'No education', 'reference_column': 'maternal_education_No education'}, 'literacy': {'reference': 'Cannot read at all', 'reference_column': 'literacy_Cannot read at all'}, 'wealth_quintile': {'reference': 'Poorest', 'reference_column': 'wealth_quintile_Poorest'}, 'residence': {'reference': 'Rural', 'reference_column': 'residence_Rural'}, 'country_admin_region': {'reference': 'kenya::01', 'reference_column': 'country_admin_region_kenya::01'}}"
haz,4,kenya,country_admin_region_kenya::21,0.11761116347683402,0.0961508099353405,-0.07084096108078937,0.3060632880344574,0.22125615763872641,17327,1688,47,weight_original,cluster_robust_psu,True,"{'child_sex': {'reference': 'Male', 'reference_column': 'child_sex_Male'}, 'maternal_education': {'reference': 'No education', 'reference_column': 'maternal_education_No education'}, 'literacy': {'reference': 'Cannot read at all', 'reference_column': 'literacy_Cannot read at all'}, 'wealth_quintile': {'reference': 'Poorest', 'reference_column': 'wealth_quintile_Poorest'}, 'residence': {'reference': 'Rural', 'reference_column': 'residence_Rural'}, 'country_admin_region': {'reference': 'kenya::01', 'reference_column': 'country_admin_region_kenya::01'}}"
haz,4,kenya,country_admin_region_kenya::22,-0.18725740738098035,0.11634363311103083,-0.4152867381091425,0.0407719233471818,0.10750267970434026,17327,1688,47,weight_original,cluster_robust_psu,True,"{'child_sex': {'reference': 'Male', 'reference_column': 'child_sex_Male'}, 'maternal_education': {'reference': 'No education', 'reference_column': 'maternal_education_No education'}, 'literacy': {'reference': 'Cannot read at all', 'reference_column': 'literacy_Cannot read at all'}, 'wealth_quintile': {'reference': 'Poorest', 'reference_column': 'wealth_quintile_Poorest'}, 'residence': {'reference': 'Rural', 'reference_column': 'residence_Rural'}, 'country_admin_region': {'reference': 'kenya::01', 'reference_column': 'country_admin_region_kenya::01'}}"
haz,4,kenya,country_admin_region_kenya::23,0.17061604378404666,0.10166826268524337,-0.028650089449787836,0.3698821770178812,0.09331503874132097,17327,1688,47,weight_original,cluster_robust_psu,True,"{'child_sex': {'reference': 'Male', 'reference_column': 'child_sex_Male'}, 'maternal_education': {'reference': 'No education', 'reference_column': 'maternal_education_No education'}, 'literacy': {'reference': 'Cannot read at all', 'reference_column': 'literacy_Cannot read at all'}, 'wealth_quintile': {'reference': 'Poorest', 'reference_column': 'wealth_quintile_Poorest'}, 'residence': {'reference': 'Rural', 'reference_column': 'residence_Rural'}, 'country_admin_region': {'reference': 'kenya::01', 'reference_column': 'country_admin_region_kenya::01'}}"
haz,4,kenya,country_admin_region_kenya::24,-0.14195529824321365,0.09762474977343258,-0.3332962917988763,0.04938569531244899,0.14592099832529995,17327,1688,47,weight_original,cluster_robust_psu,True,"{'child_sex': {'reference': 'Male', 'reference_column': 'child_sex_Male'}, 'maternal_education': {'reference': 'No education', 'reference_column': 'maternal_education_No education'}, 'literacy': {'reference': 'Cannot read at all', 'reference_column': 'literacy_Cannot read at all'}, 'wealth_quintile': {'reference': 'Poorest', 'reference_column': 'wealth_quintile_Poorest'}, 'residence': {'reference': 'Rural', 'reference_column': 'residence_Rural'}, 'country_admin_region': {'reference': 'kenya::01', 'reference_column': 'country_admin_region_kenya::01'}}"
haz,4,kenya,country_admin_region_kenya::25,-0.14130240540085554,0.09995995985155894,-0.3372203266059808,0.05461551580426974,0.15748230220236714,17327,1688,47,weight_original,cluster_robust_psu,True,"{'child_sex': {'reference': 'Male', 'reference_column': 'child_sex_Male'}, 'maternal_education': {'reference': 'No education', 'reference_column': 'maternal_education_No education'}, 'literacy': {'reference': 'Cannot read at all', 'reference_column': 'literacy_Cannot read at all'}, 'wealth_quintile': {'reference': 'Poorest', 'reference_column': 'wealth_quintile_Poorest'}, 'residence': {'reference': 'Rural', 'reference_column': 'residence_Rural'}, 'country_admin_region': {'reference': 'kenya::01', 'reference_column': 'country_admin_region_kenya::01'}}"
haz,4,kenya,country_admin_region_kenya::26,-0.026630455225922327,0.09691662924712846,-0.21658355805331536,0.1633226476014707,0.7834876123940258,17327,1688,47,weight_original,cluster_robust_psu,True,"{'child_sex': {'reference': 'Male', 'reference_column': 'child_sex_Male'}, 'maternal_education': {'reference': 'No education', 'reference_column': 'maternal_education_No education'}, 'literacy': {'reference': 'Cannot read at all', 'reference_column': 'literacy_Cannot read at all'}, 'wealth_quintile': {'reference': 'Poorest', 'reference_column': 'wealth_quintile_Poorest'}, 'residence': {'reference': 'Rural', 'reference_column': 'residence_Rural'}, 'country_admin_region': {'reference': 'kenya::01', 'reference_column': 'country_admin_region_kenya::01'}}"
haz,4,kenya,country_admin_region_kenya::27,-0.02520490098371642,0.10134388583036463,-0.2238352672645702,0.17342546529713737,0.803587684332144,17327,1688,47,weight_original,cluster_robust_psu,True,"{'child_sex': {'reference': 'Male', 'reference_column': 'child_sex_Male'}, 'maternal_education': {'reference': 'No education', 'reference_column': 'maternal_education_No education'}, 'literacy': {'reference': 'Cannot read at all', 'reference_column': 'literacy_Cannot read at all'}, 'wealth_quintile': {'reference': 'Poorest', 'reference_column': 'wealth_quintile_Poorest'}, 'residence': {'reference': 'Rural', 'reference_column': 'residence_Rural'}, 'country_admin_region': {'reference': 'kenya::01', 'reference_column': 'country_admin_region_kenya::01'}}"
haz,4,kenya,country_admin_region_kenya::28,-0.07158774756050612,0.0957200296409506,-0.2591955582558757,0.11602006313486349,0.4545284345050462,17327,1688,47,weight_original,cluster_robust_psu,True,"{'child_sex': {'reference': 'Male', 'reference_column': 'child_sex_Male'}, 'maternal_education': {'reference': 'No education', 'reference_column': 'maternal_education_No education'}, 'literacy': {'reference': 'Cannot read at all', 'reference_column': 'literacy_Cannot read at all'}, 'wealth_quintile': {'reference': 'Poorest', 'reference_column': 'wealth_quintile_Poorest'}, 'residence': {'reference': 'Rural', 'reference_column': 'residence_Rural'}, 'country_admin_region': {'reference': 'kenya::01', 'reference_column': 'country_admin_region_kenya::01'}}"
haz,4,kenya,country_admin_region_kenya::29,0.2358643420238571,0.10445818491083357,0.03113006170819796,0.4405986223395162,0.023946996094852135,17327,1688,47,weight_original,cluster_robust_psu,True,"{'child_sex': {'reference': 'Male', 'reference_column': 'child_sex_Male'}, 'maternal_education': {'reference': 'No education', 'reference_column': 'maternal_education_No education'}, 'literacy': {'reference': 'Cannot read at all', 'reference_column': 'literacy_Cannot read at all'}, 'wealth_quintile': {'reference': 'Poorest', 'reference_column': 'wealth_quintile_Poorest'}, 'residence': {'reference': 'Rural', 'reference_column': 'residence_Rural'}, 'country_admin_region': {'reference': 'kenya::01', 'reference_column': 'country_admin_region_kenya::01'}}"
haz,4,kenya,country_admin_region_kenya::30,0.11140746650687679,0.09102717766441439,-0.06700252332970423,0.2898174563434578,0.2209928393597388,17327,1688,47,weight_original,cluster_robust_psu,True,"{'child_sex': {'reference': 'Male', 'reference_column': 'child_sex_Male'}, 'maternal_education': {'reference': 'No education', 'reference_column': 'maternal_education_No education'}, 'literacy': {'reference': 'Cannot read at all', 'reference_column': 'literacy_Cannot read at all'}, 'wealth_quintile': {'reference': 'Poorest', 'reference_column': 'wealth_quintile_Poorest'}, 'residence': {'reference': 'Rural', 'reference_column': 'residence_Rural'}, 'country_admin_region': {'reference': 'kenya::01', 'reference_column': 'country_admin_region_kenya::01'}}"
haz,4,kenya,country_admin_region_kenya::31,0.08621261631892135,0.09335162233641581,-0.09675320135883847,0.2691784339966812,0.3557333474161215,17327,1688,47,weight_original,cluster_robust_psu,True,"{'child_sex': {'reference': 'Male', 'reference_column': 'child_sex_Male'}, 'maternal_education': {'reference': 'No education', 'reference_column': 'maternal_education_No education'}, 'literacy': {'reference': 'Cannot read at all', 'reference_column': 'literacy_Cannot read at all'}, 'wealth_quintile': {'reference': 'Poorest', 'reference_column': 'wealth_quintile_Poorest'}, 'residence': {'reference': 'Rural', 'reference_column': 'residence_Rural'}, 'country_admin_region': {'reference': 'kenya::01', 'reference_column': 'country_admin_region_kenya::01'}}"
haz,4,kenya,country_admin_region_kenya::32,-0.13492532610130195,0.10774582035984169,-0.34610325349131416,0.07625260128871025,0.21047667713185658,17327,1688,47,weight_original,cluster_robust_psu,True,"{'child_sex': {'reference': 'Male', 'reference_column': 'child_sex_Male'}, 'maternal_education': {'reference': 'No education', 'reference_column': 'maternal_education_No education'}, 'literacy': {'reference': 'Cannot read at all', 'reference_column': 'literacy_Cannot read at all'}, 'wealth_quintile': {'reference': 'Poorest', 'reference_column': 'wealth_quintile_Poorest'}, 'residence': {'reference': 'Rural', 'reference_column': 'residence_Rural'}, 'country_admin_region': {'reference': 'kenya::01', 'reference_column': 'country_admin_region_kenya::01'}}"
haz,4,kenya,country_admin_region_kenya::33,0.024267754052646726,0.08949057966112985,-0.15113055903878045,0.1996660671440739,0.7862551842397838,17327,1688,47,weight_original,cluster_robust_psu,True,"{'child_sex': {'reference': 'Male', 'reference_column': 'child_sex_Male'}, 'maternal_education': {'reference': 'No education', 'reference_column': 'maternal_education_No education'}, 'literacy': {'reference': 'Cannot read at all', 'reference_column': 'literacy_Cannot read at all'}, 'wealth_quintile': {'reference': 'Poorest', 'reference_column': 'wealth_quintile_Poorest'}, 'residence': {'reference': 'Rural', 'reference_column': 'residence_Rural'}, 'country_admin_region': {'reference': 'kenya::01', 'reference_column': 'country_admin_region_kenya::01'}}"
haz,4,kenya,country_admin_region_kenya::34,0.19683492078969422,0.11408022491038748,-0.02675821138289436,0.4204280529622828,0.08445398940945036,17327,1688,47,weight_original,cluster_robust_psu,True,"{'child_sex': {'reference': 'Male', 'reference_column': 'child_sex_Male'}, 'maternal_education': {'reference': 'No education', 'reference_column': 'maternal_education_No education'}, 'literacy': {'reference': 'Cannot read at all', 'reference_column': 'literacy_Cannot read at all'}, 'wealth_quintile': {'reference': 'Poorest', 'reference_column': 'wealth_quintile_Poorest'}, 'residence': {'reference': 'Rural', 'reference_column': 'residence_Rural'}, 'country_admin_region': {'reference': 'kenya::01', 'reference_column': 'country_admin_region_kenya::01'}}"
haz,4,kenya,country_admin_region_kenya::35,-0.007176170263087421,0.10305282152098591,-0.209155988949454,0.19480364842327916,0.9444835063272158,17327,1688,47,weight_original,cluster_robust_psu,True,"{'child_sex': {'reference': 'Male', 'reference_column': 'child_sex_Male'}, 'maternal_education': {'reference': 'No education', 'reference_column': 'maternal_education_No education'}, 'literacy': {'reference': 'Cannot read at all', 'reference_column': 'literacy_Cannot read at all'}, 'wealth_quintile': {'reference': 'Poorest', 'reference_column': 'wealth_quintile_Poorest'}, 'residence': {'reference': 'Rural', 'reference_column': 'residence_Rural'}, 'country_admin_region': {'reference': 'kenya::01', 'reference_column': 'country_admin_region_kenya::01'}}"
haz,4,kenya,country_admin_region_kenya::36,-0.03984855800480102,0.09790155495889179,-0.23173207975469767,0.15203496374509562,0.6839882943832076,17327,1688,47,weight_original,cluster_robust_psu,True,"{'child_sex': {'reference': 'Male', 'reference_column': 'child_sex_Male'}, 'maternal_education': {'reference': 'No education', 'reference_column': 'maternal_education_No education'}, 'literacy': {'reference': 'Cannot read at all', 'reference_column': 'literacy_Cannot read at all'}, 'wealth_quintile': {'reference': 'Poorest', 'reference_column': 'wealth_quintile_Poorest'}, 'residence': {'reference': 'Rural', 'reference_column': 'residence_Rural'}, 'country_admin_region': {'reference': 'kenya::01', 'reference_column': 'country_admin_region_kenya::01'}}"
haz,4,kenya,country_admin_region_kenya::37,0.305539149833658,0.09609303052683879,0.11720027083574597,0.49387802883157,0.0014746920666056228,17327,1688,47,weight_original,cluster_robust_psu,True,"{'child_sex': {'reference': 'Male', 'reference_column': 'child_sex_Male'}, 'maternal_education': {'reference': 'No education', 'reference_column': 'maternal_education_No education'}, 'literacy': {'reference': 'Cannot read at all', 'reference_column': 'literacy_Cannot read at all'}, 'wealth_quintile': {'reference': 'Poorest', 'reference_column': 'wealth_quintile_Poorest'}, 'residence': {'reference': 'Rural', 'reference_column': 'residence_Rural'}, 'country_admin_region': {'reference': 'kenya::01', 'reference_column': 'country_admin_region_kenya::01'}}"
haz,4,kenya,country_admin_region_kenya::38,0.09809707800358061,0.0933377437583735,-0.08484153816105969,0.28103569416822094,0.29326297260934586,17327,1688,47,weight_original,cluster_robust_psu,True,"{'child_sex': {'reference': 'Male', 'reference_column': 'child_sex_Male'}, 'maternal_education': {'reference': 'No education', 'reference_column': 'maternal_education_No education'}, 'literacy': {'reference': 'Cannot read at all', 'reference_column': 'literacy_Cannot read at all'}, 'wealth_quintile': {'reference': 'Poorest', 'reference_column': 'wealth_quintile_Poorest'}, 'residence': {'reference': 'Rural', 'reference_column': 'residence_Rural'}, 'country_admin_region': {'reference': 'kenya::01', 'reference_column': 'country_admin_region_kenya::01'}}"
haz,4,kenya,country_admin_region_kenya::39,0.08703396155475322,0.09986662500540057,-0.10870102671339908,0.2827689498229055,0.38348012453857416,17327,1688,47,weight_original,cluster_robust_psu,True,"{'child_sex': {'reference': 'Male', 'reference_column': 'child_sex_Male'}, 'maternal_education': {'reference': 'No education', 'reference_column': 'maternal_education_No education'}, 'literacy': {'reference': 'Cannot read at all', 'reference_column': 'literacy_Cannot read at all'}, 'wealth_quintile': {'reference': 'Poorest', 'reference_column': 'wealth_quintile_Poorest'}, 'residence': {'reference': 'Rural', 'reference_column': 'residence_Rural'}, 'country_admin_region': {'reference': 'kenya::01', 'reference_column': 'country_admin_region_kenya::01'}}"
haz,4,kenya,country_admin_region_kenya::40,0.43057601699023335,0.09408334574627225,0.24617604778251004,0.6149759861979567,4.7273363097451645e-06,17327,1688,47,weight_original,cluster_robust_psu,True,"{'child_sex': {'reference': 'Male', 'reference_column': 'child_sex_Male'}, 'maternal_education': {'reference': 'No education', 'reference_column': 'maternal_education_No education'}, 'literacy': {'reference': 'Cannot read at all', 'reference_column': 'literacy_Cannot read at all'}, 'wealth_quintile': {'reference': 'Poorest', 'reference_column': 'wealth_quintile_Poorest'}, 'residence': {'reference': 'Rural', 'reference_column': 'residence_Rural'}, 'country_admin_region': {'reference': 'kenya::01', 'reference_column': 'country_admin_region_kenya::01'}}"
haz,4,kenya,country_admin_region_kenya::41,0.055888573219949875,0.10495657672074757,-0.14982253709333043,0.26159968353323015,0.5943850451769784,17327,1688,47,weight_original,cluster_robust_psu,True,"{'child_sex': {'reference': 'Male', 'reference_column': 'child_sex_Male'}, 'maternal_education': {'reference': 'No education', 'reference_column': 'maternal_education_No education'}, 'literacy': {'reference': 'Cannot read at all', 'reference_column': 'literacy_Cannot read at all'}, 'wealth_quintile': {'reference': 'Poorest', 'reference_column': 'wealth_quintile_Poorest'}, 'residence': {'reference': 'Rural', 'reference_column': 'residence_Rural'}, 'country_admin_region': {'reference': 'kenya::01', 'reference_column': 'country_admin_region_kenya::01'}}"
haz,4,kenya,country_admin_region_kenya::42,0.4370567776779745,0.09470420744714719,0.251439941897156,0.622673613458793,3.9315807010876314e-06,17327,1688,47,weight_original,cluster_robust_psu,True,"{'child_sex': {'reference': 'Male', 'reference_column': 'child_sex_Male'}, 'maternal_education': {'reference': 'No education', 'reference_column': 'maternal_education_No education'}, 'literacy': {'reference': 'Cannot read at all', 'reference_column': 'literacy_Cannot read at all'}, 'wealth_quintile': {'reference': 'Poorest', 'reference_column': 'wealth_quintile_Poorest'}, 'residence': {'reference': 'Rural', 'reference_column': 'residence_Rural'}, 'country_admin_region': {'reference': 'kenya::01', 'reference_column': 'country_admin_region_kenya::01'}}"
haz,4,kenya,country_admin_region_kenya::43,0.46463613928546715,0.09389119548826959,0.28061277766304915,0.6486595009078852,7.472395828657719e-07,17327,1688,47,weight_original,cluster_robust_psu,True,"{'child_sex': {'reference': 'Male', 'reference_column': 'child_sex_Male'}, 'maternal_education': {'reference': 'No education', 'reference_column': 'maternal_education_No education'}, 'literacy': {'reference': 'Cannot read at all', 'reference_column': 'literacy_Cannot read at all'}, 'wealth_quintile': {'reference': 'Poorest', 'reference_column': 'wealth_quintile_Poorest'}, 'residence': {'reference': 'Rural', 'reference_column': 'residence_Rural'}, 'country_admin_region': {'reference': 'kenya::01', 'reference_column': 'country_admin_region_kenya::01'}}"
haz,4,kenya,country_admin_region_kenya::44,0.38828980616006015,0.1004839474618515,0.19134488811041622,0.585234724209704,0.00011145507346719325,17327,1688,47,weight_original,cluster_robust_psu,True,"{'child_sex': {'reference': 'Male', 'reference_column': 'child_sex_Male'}, 'maternal_education': {'reference': 'No education', 'reference_column': 'maternal_education_No education'}, 'literacy': {'reference': 'Cannot read at all', 'reference_column': 'literacy_Cannot read at all'}, 'wealth_quintile': {'reference': 'Poorest', 'reference_column': 'wealth_quintile_Poorest'}, 'residence': {'reference': 'Rural', 'reference_column': 'residence_Rural'}, 'country_admin_region': {'reference': 'kenya::01', 'reference_column': 'country_admin_region_kenya::01'}}"
haz,4,kenya,country_admin_region_kenya::45,0.17648301010434062,0.10727169992021802,-0.0337656582996749,0.3867316785083561,0.09992932420028232,17327,1688,47,weight_original,cluster_robust_psu,True,"{'child_sex': {'reference': 'Male', 'reference_column': 'child_sex_Male'}, 'maternal_education': {'reference': 'No education', 'reference_column': 'maternal_education_No education'}, 'literacy': {'reference': 'Cannot read at all', 'reference_column': 'literacy_Cannot read at all'}, 'wealth_quintile': {'reference': 'Poorest', 'reference_column': 'wealth_quintile_Poorest'}, 'residence': {'reference': 'Rural', 'reference_column': 'residence_Rural'}, 'country_admin_region': {'reference': 'kenya::01', 'reference_column': 'country_admin_region_kenya::01'}}"
haz,4,kenya,country_admin_region_kenya::46,0.02891713962876448,0.11217822963018316,-0.1909481502958585,0.24878242955338742,0.7965778317959347,17327,1688,47,weight_original,cluster_robust_psu,True,"{'child_sex': {'reference': 'Male', 'reference_column': 'child_sex_Male'}, 'maternal_education': {'reference': 'No education', 'reference_column': 'maternal_education_No education'}, 'literacy': {'reference': 'Cannot read at all', 'reference_column': 'literacy_Cannot read at all'}, 'wealth_quintile': {'reference': 'Poorest', 'reference_column': 'wealth_quintile_Poorest'}, 'residence': {'reference': 'Rural', 'reference_column': 'residence_Rural'}, 'country_admin_region': {'reference': 'kenya::01', 'reference_column': 'country_admin_region_kenya::01'}}"
haz,4,kenya,country_admin_region_kenya::47,-0.05082093472755719,0.09925182250843229,-0.24535093224404636,0.14370906278893197,0.6086227927985473,17327,1688,47,weight_original,cluster_robust_psu,True,"{'child_sex': {'reference': 'Male', 'reference_column': 'child_sex_Male'}, 'maternal_education': {'reference': 'No education', 'reference_column': 'maternal_education_No education'}, 'literacy': {'reference': 'Cannot read at all', 'reference_column': 'literacy_Cannot read at all'}, 'wealth_quintile': {'reference': 'Poorest', 'reference_column': 'wealth_quintile_Poorest'}, 'residence': {'reference': 'Rural', 'reference_column': 'residence_Rural'}, 'country_admin_region': {'reference': 'kenya::01', 'reference_column': 'country_admin_region_kenya::01'}}"
haz,4,nigeria,const,-1.9142540049598864,0.17163226261438025,-2.250647058269192,-1.5778609516505808,6.905376377790472e-29,9410,1343,37,weight_original,cluster_robust_psu,True,"{'child_sex': {'reference': 'Male', 'reference_column': 'child_sex_Male'}, 'maternal_education': {'reference': 'No education', 'reference_column': 'maternal_education_No education'}, 'literacy': {'reference': 'Cannot read at all', 'reference_column': 'literacy_Cannot read at all'}, 'wealth_quintile': {'reference': 'Poorest', 'reference_column': 'wealth_quintile_Poorest'}, 'residence': {'reference': 'Rural', 'reference_column': 'residence_Rural'}, 'country_admin_region': {'reference': 'nigeria::01', 'reference_column': 'country_admin_region_nigeria::01'}}"
haz,4,nigeria,water_rate_loo,0.1344953230101758,0.09034818361534726,-0.04258386294451663,0.31157450896486827,0.136583933606002,9410,1343,37,weight_original,cluster_robust_psu,True,"{'child_sex': {'reference': 'Male', 'reference_column': 'child_sex_Male'}, 'maternal_education': {'reference': 'No education', 'reference_column': 'maternal_education_No education'}, 'literacy': {'reference': 'Cannot read at all', 'reference_column': 'literacy_Cannot read at all'}, 'wealth_quintile': {'reference': 'Poorest', 'reference_column': 'wealth_quintile_Poorest'}, 'residence': {'reference': 'Rural', 'reference_column': 'residence_Rural'}, 'country_admin_region': {'reference': 'nigeria::01', 'reference_column': 'country_admin_region_nigeria::01'}}"
haz,4,nigeria,sanitation_rate_loo_core,-0.18383003103784987,0.08711854859687425,-0.35457924867312585,-0.013080813402573888,0.03484857526274489,9410,1343,37,weight_original,cluster_robust_psu,True,"{'child_sex': {'reference': 'Male', 'reference_column': 'child_sex_Male'}, 'maternal_education': {'reference': 'No education', 'reference_column': 'maternal_education_No education'}, 'literacy': {'reference': 'Cannot read at all', 'reference_column': 'literacy_Cannot read at all'}, 'wealth_quintile': {'reference': 'Poorest', 'reference_column': 'wealth_quintile_Poorest'}, 'residence': {'reference': 'Rural', 'reference_column': 'residence_Rural'}, 'country_admin_region': {'reference': 'nigeria::01', 'reference_column': 'country_admin_region_nigeria::01'}}"
haz,4,nigeria,b19_raw,-0.017655915191839542,0.0012412647893375655,-0.02008874947421887,-0.015223080909460215,6.490393763302746e-46,9410,1343,37,weight_original,cluster_robust_psu,True,"{'child_sex': {'reference': 'Male', 'reference_column': 'child_sex_Male'}, 'maternal_education': {'reference': 'No education', 'reference_column': 'maternal_education_No education'}, 'literacy': {'reference': 'Cannot read at all', 'reference_column': 'literacy_Cannot read at all'}, 'wealth_quintile': {'reference': 'Poorest', 'reference_column': 'wealth_quintile_Poorest'}, 'residence': {'reference': 'Rural', 'reference_column': 'residence_Rural'}, 'country_admin_region': {'reference': 'nigeria::01', 'reference_column': 'country_admin_region_nigeria::01'}}"
haz,4,nigeria,birth_order_raw,-0.07101181336785078,0.012190328257959489,-0.09490441771317228,-0.04711920902252929,5.702426307670285e-09,9410,1343,37,weight_original,cluster_robust_psu,True,"{'child_sex': {'reference': 'Male', 'reference_column': 'child_sex_Male'}, 'maternal_education': {'reference': 'No education', 'reference_column': 'maternal_education_No education'}, 'literacy': {'reference': 'Cannot read at all', 'reference_column': 'literacy_Cannot read at all'}, 'wealth_quintile': {'reference': 'Poorest', 'reference_column': 'wealth_quintile_Poorest'}, 'residence': {'reference': 'Rural', 'reference_column': 'residence_Rural'}, 'country_admin_region': {'reference': 'nigeria::01', 'reference_column': 'country_admin_region_nigeria::01'}}"
haz,4,nigeria,maternal_age,0.0284045558306548,0.004299075805704693,0.019978522084666085,0.036830589576643515,3.9184002821838794e-11,9410,1343,37,weight_original,cluster_robust_psu,True,"{'child_sex': {'reference': 'Male', 'reference_column': 'child_sex_Male'}, 'maternal_education': {'reference': 'No education', 'reference_column': 'maternal_education_No education'}, 'literacy': {'reference': 'Cannot read at all', 'reference_column': 'literacy_Cannot read at all'}, 'wealth_quintile': {'reference': 'Poorest', 'reference_column': 'wealth_quintile_Poorest'}, 'residence': {'reference': 'Rural', 'reference_column': 'residence_Rural'}, 'country_admin_region': {'reference': 'nigeria::01', 'reference_column': 'country_admin_region_nigeria::01'}}"
haz,4,nigeria,household_size_raw,-0.0031086800314621198,0.005887210760035104,-0.014647401090527602,0.008430041027603362,0.5974718962828569,9410,1343,37,weight_original,cluster_robust_psu,True,"{'child_sex': {'reference': 'Male', 'reference_column': 'child_sex_Male'}, 'maternal_education': {'reference': 'No education', 'reference_column': 'maternal_education_No education'}, 'literacy': {'reference': 'Cannot read at all', 'reference_column': 'literacy_Cannot read at all'}, 'wealth_quintile': {'reference': 'Poorest', 'reference_column': 'wealth_quintile_Poorest'}, 'residence': {'reference': 'Rural', 'reference_column': 'residence_Rural'}, 'country_admin_region': {'reference': 'nigeria::01', 'reference_column': 'country_admin_region_nigeria::01'}}"
haz,4,nigeria,child_sex_Female,0.19633294259385026,0.03233465287046147,0.1329581875151411,0.2597076976725594,1.2640165389845159e-09,9410,1343,37,weight_original,cluster_robust_psu,True,"{'child_sex': {'reference': 'Male', 'reference_column': 'child_sex_Male'}, 'maternal_education': {'reference': 'No education', 'reference_column': 'maternal_education_No education'}, 'literacy': {'reference': 'Cannot read at all', 'reference_column': 'literacy_Cannot read at all'}, 'wealth_quintile': {'reference': 'Poorest', 'reference_column': 'wealth_quintile_Poorest'}, 'residence': {'reference': 'Rural', 'reference_column': 'residence_Rural'}, 'country_admin_region': {'reference': 'nigeria::01', 'reference_column': 'country_admin_region_nigeria::01'}}"
haz,4,nigeria,maternal_education_Higher,0.3354513694993961,0.09765304994564872,0.14405490862543352,0.5268478303733586,0.0005922596053738735,9410,1343,37,weight_original,cluster_robust_psu,True,"{'child_sex': {'reference': 'Male', 'reference_column': 'child_sex_Male'}, 'maternal_education': {'reference': 'No education', 'reference_column': 'maternal_education_No education'}, 'literacy': {'reference': 'Cannot read at all', 'reference_column': 'literacy_Cannot read at all'}, 'wealth_quintile': {'reference': 'Poorest', 'reference_column': 'wealth_quintile_Poorest'}, 'residence': {'reference': 'Rural', 'reference_column': 'residence_Rural'}, 'country_admin_region': {'reference': 'nigeria::01', 'reference_column': 'country_admin_region_nigeria::01'}}"
haz,4,nigeria,maternal_education_Primary,0.045993071229504474,0.07571206076936272,-0.10239984107375441,0.19438598353276335,0.5435367179196751,9410,1343,37,weight_original,cluster_robust_psu,True,"{'child_sex': {'reference': 'Male', 'reference_column': 'child_sex_Male'}, 'maternal_education': {'reference': 'No education', 'reference_column': 'maternal_education_No education'}, 'literacy': {'reference': 'Cannot read at all', 'reference_column': 'literacy_Cannot read at all'}, 'wealth_quintile': {'reference': 'Poorest', 'reference_column': 'wealth_quintile_Poorest'}, 'residence': {'reference': 'Rural', 'reference_column': 'residence_Rural'}, 'country_admin_region': {'reference': 'nigeria::01', 'reference_column': 'country_admin_region_nigeria::01'}}"
haz,4,nigeria,maternal_education_Secondary,-0.00764947429821238,0.07903258127510393,-0.16255048720265075,0.14725153860622597,0.9228940622497956,9410,1343,37,weight_original,cluster_robust_psu,True,"{'child_sex': {'reference': 'Male', 'reference_column': 'child_sex_Male'}, 'maternal_education': {'reference': 'No education', 'reference_column': 'maternal_education_No education'}, 'literacy': {'reference': 'Cannot read at all', 'reference_column': 'literacy_Cannot read at all'}, 'wealth_quintile': {'reference': 'Poorest', 'reference_column': 'wealth_quintile_Poorest'}, 'residence': {'reference': 'Rural', 'reference_column': 'residence_Rural'}, 'country_admin_region': {'reference': 'nigeria::01', 'reference_column': 'country_admin_region_nigeria::01'}}"
haz,4,nigeria,literacy_Able to read only parts of sentence,0.22165809783181015,0.070671719420843,0.083144073041438,0.3601721226221823,0.0017100837983448525,9410,1343,37,weight_original,cluster_robust_psu,True,"{'child_sex': {'reference': 'Male', 'reference_column': 'child_sex_Male'}, 'maternal_education': {'reference': 'No education', 'reference_column': 'maternal_education_No education'}, 'literacy': {'reference': 'Cannot read at all', 'reference_column': 'literacy_Cannot read at all'}, 'wealth_quintile': {'reference': 'Poorest', 'reference_column': 'wealth_quintile_Poorest'}, 'residence': {'reference': 'Rural', 'reference_column': 'residence_Rural'}, 'country_admin_region': {'reference': 'nigeria::01', 'reference_column': 'country_admin_region_nigeria::01'}}"
haz,4,nigeria,literacy_Able to read whole sentence,0.18738044534723391,0.06801172604394938,0.05407991177468832,0.32068097891977954,0.0058670668970736235,9410,1343,37,weight_original,cluster_robust_psu,True,"{'child_sex': {'reference': 'Male', 'reference_column': 'child_sex_Male'}, 'maternal_education': {'reference': 'No education', 'reference_column': 'maternal_education_No education'}, 'literacy': {'reference': 'Cannot read at all', 'reference_column': 'literacy_Cannot read at all'}, 'wealth_quintile': {'reference': 'Poorest', 'reference_column': 'wealth_quintile_Poorest'}, 'residence': {'reference': 'Rural', 'reference_column': 'residence_Rural'}, 'country_admin_region': {'reference': 'nigeria::01', 'reference_column': 'country_admin_region_nigeria::01'}}"
haz,4,nigeria,literacy_Blind/visually impaired,-0.5961489319963492,0.2996713637263582,-1.1834940120980142,-0.008803851894684356,0.04666342928622337,9410,1343,37,weight_original,cluster_robust_psu,True,"{'child_sex': {'reference': 'Male', 'reference_column': 'child_sex_Male'}, 'maternal_education': {'reference': 'No education', 'reference_column': 'maternal_education_No education'}, 'literacy': {'reference': 'Cannot read at all', 'reference_column': 'literacy_Cannot read at all'}, 'wealth_quintile': {'reference': 'Poorest', 'reference_column': 'wealth_quintile_Poorest'}, 'residence': {'reference': 'Rural', 'reference_column': 'residence_Rural'}, 'country_admin_region': {'reference': 'nigeria::01', 'reference_column': 'country_admin_region_nigeria::01'}}"
haz,4,nigeria,literacy_No card with required language,0.6531630940692327,0.7443260208405124,-0.8056890995341813,2.1120152876726466,0.3802027111225892,9410,1343,37,weight_original,cluster_robust_psu,True,"{'child_sex': {'reference': 'Male', 'reference_column': 'child_sex_Male'}, 'maternal_education': {'reference': 'No education', 'reference_column': 'maternal_education_No education'}, 'literacy': {'reference': 'Cannot read at all', 'reference_column': 'literacy_Cannot read at all'}, 'wealth_quintile': {'reference': 'Poorest', 'reference_column': 'wealth_quintile_Poorest'}, 'residence': {'reference': 'Rural', 'reference_column': 'residence_Rural'}, 'country_admin_region': {'reference': 'nigeria::01', 'reference_column': 'country_admin_region_nigeria::01'}}"
haz,4,nigeria,wealth_quintile_Middle,0.254110939582443,0.06721904504688768,0.12236403221536765,0.3858578469495184,0.00015661345184053756,9410,1343,37,weight_original,cluster_robust_psu,True,"{'child_sex': {'reference': 'Male', 'reference_column': 'child_sex_Male'}, 'maternal_education': {'reference': 'No education', 'reference_column': 'maternal_education_No education'}, 'literacy': {'reference': 'Cannot read at all', 'reference_column': 'literacy_Cannot read at all'}, 'wealth_quintile': {'reference': 'Poorest', 'reference_column': 'wealth_quintile_Poorest'}, 'residence': {'reference': 'Rural', 'reference_column': 'residence_Rural'}, 'country_admin_region': {'reference': 'nigeria::01', 'reference_column': 'country_admin_region_nigeria::01'}}"
haz,4,nigeria,wealth_quintile_Poorer,0.09860947593093139,0.05906898920126176,-0.01716361550672703,0.2143825673685898,0.09503912154985798,9410,1343,37,weight_original,cluster_robust_psu,True,"{'child_sex': {'reference': 'Male', 'reference_column': 'child_sex_Male'}, 'maternal_education': {'reference': 'No education', 'reference_column': 'maternal_education_No education'}, 'literacy': {'reference': 'Cannot read at all', 'reference_column': 'literacy_Cannot read at all'}, 'wealth_quintile': {'reference': 'Poorest', 'reference_column': 'wealth_quintile_Poorest'}, 'residence': {'reference': 'Rural', 'reference_column': 'residence_Rural'}, 'country_admin_region': {'reference': 'nigeria::01', 'reference_column': 'country_admin_region_nigeria::01'}}"
haz,4,nigeria,wealth_quintile_Richer,0.3319256633317516,0.08003691265402105,0.17505619709609224,0.488795129567411,3.366288551500685e-05,9410,1343,37,weight_original,cluster_robust_psu,True,"{'child_sex': {'reference': 'Male', 'reference_column': 'child_sex_Male'}, 'maternal_education': {'reference': 'No education', 'reference_column': 'maternal_education_No education'}, 'literacy': {'reference': 'Cannot read at all', 'reference_column': 'literacy_Cannot read at all'}, 'wealth_quintile': {'reference': 'Poorest', 'reference_column': 'wealth_quintile_Poorest'}, 'residence': {'reference': 'Rural', 'reference_column': 'residence_Rural'}, 'country_admin_region': {'reference': 'nigeria::01', 'reference_column': 'country_admin_region_nigeria::01'}}"
haz,4,nigeria,wealth_quintile_Richest,0.6853929959359448,0.10035785988450709,0.48869520499679386,0.8820907868750958,8.521706327523635e-12,9410,1343,37,weight_original,cluster_robust_psu,True,"{'child_sex': {'reference': 'Male', 'reference_column': 'child_sex_Male'}, 'maternal_education': {'reference': 'No education', 'reference_column': 'maternal_education_No education'}, 'literacy': {'reference': 'Cannot read at all', 'reference_column': 'literacy_Cannot read at all'}, 'wealth_quintile': {'reference': 'Poorest', 'reference_column': 'wealth_quintile_Poorest'}, 'residence': {'reference': 'Rural', 'reference_column': 'residence_Rural'}, 'country_admin_region': {'reference': 'nigeria::01', 'reference_column': 'country_admin_region_nigeria::01'}}"
haz,4,nigeria,residence_Urban,0.12412791148386025,0.05665023101170853,0.013095498985037465,0.23516032398268305,0.028442525778082164,9410,1343,37,weight_original,cluster_robust_psu,True,"{'child_sex': {'reference': 'Male', 'reference_column': 'child_sex_Male'}, 'maternal_education': {'reference': 'No education', 'reference_column': 'maternal_education_No education'}, 'literacy': {'reference': 'Cannot read at all', 'reference_column': 'literacy_Cannot read at all'}, 'wealth_quintile': {'reference': 'Poorest', 'reference_column': 'wealth_quintile_Poorest'}, 'residence': {'reference': 'Rural', 'reference_column': 'residence_Rural'}, 'country_admin_region': {'reference': 'nigeria::01', 'reference_column': 'country_admin_region_nigeria::01'}}"
haz,4,nigeria,country_admin_region_nigeria::02,0.24850151573008927,0.15219917789413692,-0.049803391419023846,0.5468064228792024,0.10252392588504797,9410,1343,37,weight_original,cluster_robust_psu,True,"{'child_sex': {'reference': 'Male', 'reference_column': 'child_sex_Male'}, 'maternal_education': {'reference': 'No education', 'reference_column': 'maternal_education_No education'}, 'literacy': {'reference': 'Cannot read at all', 'reference_column': 'literacy_Cannot read at all'}, 'wealth_quintile': {'reference': 'Poorest', 'reference_column': 'wealth_quintile_Poorest'}, 'residence': {'reference': 'Rural', 'reference_column': 'residence_Rural'}, 'country_admin_region': {'reference': 'nigeria::01', 'reference_column': 'country_admin_region_nigeria::01'}}"
haz,4,nigeria,country_admin_region_nigeria::03,-0.21929586909307047,0.21394372112886265,-0.6386178572241222,0.2000261190379813,0.30535534744561965,9410,1343,37,weight_original,cluster_robust_psu,True,"{'child_sex': {'reference': 'Male', 'reference_column': 'child_sex_Male'}, 'maternal_education': {'reference': 'No education', 'reference_column': 'maternal_education_No education'}, 'literacy': {'reference': 'Cannot read at all', 'reference_column': 'literacy_Cannot read at all'}, 'wealth_quintile': {'reference': 'Poorest', 'reference_column': 'wealth_quintile_Poorest'}, 'residence': {'reference': 'Rural', 'reference_column': 'residence_Rural'}, 'country_admin_region': {'reference': 'nigeria::01', 'reference_column': 'country_admin_region_nigeria::01'}}"
haz,4,nigeria,country_admin_region_nigeria::04,-0.42484477465642134,0.14817468625541025,-0.7152618231375476,-0.13442772617529508,0.004141361048863026,9410,1343,37,weight_original,cluster_robust_psu,True,"{'child_sex': {'reference': 'Male', 'reference_column': 'child_sex_Male'}, 'maternal_education': {'reference': 'No education', 'reference_column': 'maternal_education_No education'}, 'literacy': {'reference': 'Cannot read at all', 'reference_column': 'literacy_Cannot read at all'}, 'wealth_quintile': {'reference': 'Poorest', 'reference_column': 'wealth_quintile_Poorest'}, 'residence': {'reference': 'Rural', 'reference_column': 'residence_Rural'}, 'country_admin_region': {'reference': 'nigeria::01', 'reference_column': 'country_admin_region_nigeria::01'}}"
haz,4,nigeria,country_admin_region_nigeria::05,-0.2082419097041676,0.14783949809968153,-0.4980020014720211,0.08151818206368597,0.1589630996149891,9410,1343,37,weight_original,cluster_robust_psu,True,"{'child_sex': {'reference': 'Male', 'reference_column': 'child_sex_Male'}, 'maternal_education': {'reference': 'No education', 'reference_column': 'maternal_education_No education'}, 'literacy': {'reference': 'Cannot read at all', 'reference_column': 'literacy_Cannot read at all'}, 'wealth_quintile': {'reference': 'Poorest', 'reference_column': 'wealth_quintile_Poorest'}, 'residence': {'reference': 'Rural', 'reference_column': 'residence_Rural'}, 'country_admin_region': {'reference': 'nigeria::01', 'reference_column': 'country_admin_region_nigeria::01'}}"
haz,4,nigeria,country_admin_region_nigeria::06,-0.313015675827115,0.17125754564172474,-0.64867429736562,0.022642945711390028,0.0675873461961504,9410,1343,37,weight_original,cluster_robust_psu,True,"{'child_sex': {'reference': 'Male', 'reference_column': 'child_sex_Male'}, 'maternal_education': {'reference': 'No education', 'reference_column': 'maternal_education_No education'}, 'literacy': {'reference': 'Cannot read at all', 'reference_column': 'literacy_Cannot read at all'}, 'wealth_quintile': {'reference': 'Poorest', 'reference_column': 'wealth_quintile_Poorest'}, 'residence': {'reference': 'Rural', 'reference_column': 'residence_Rural'}, 'country_admin_region': {'reference': 'nigeria::01', 'reference_column': 'country_admin_region_nigeria::01'}}"
haz,4,nigeria,country_admin_region_nigeria::07,-0.3992162252221012,0.14760177946881117,-0.6885103970349946,-0.10992205340920774,0.0068369318414020835,9410,1343,37,weight_original,cluster_robust_psu,True,"{'child_sex': {'reference': 'Male', 'reference_column': 'child_sex_Male'}, 'maternal_education': {'reference': 'No education', 'reference_column': 'maternal_education_No education'}, 'literacy': {'reference': 'Cannot read at all', 'reference_column': 'literacy_Cannot read at all'}, 'wealth_quintile': {'reference': 'Poorest', 'reference_column': 'wealth_quintile_Poorest'}, 'residence': {'reference': 'Rural', 'reference_column': 'residence_Rural'}, 'country_admin_region': {'reference': 'nigeria::01', 'reference_column': 'country_admin_region_nigeria::01'}}"
haz,4,nigeria,country_admin_region_nigeria::08,-0.4958719105519637,0.1934918628511425,-0.8751089930417666,-0.1166348280621608,0.01038458063857484,9410,1343,37,weight_original,cluster_robust_psu,True,"{'child_sex': {'reference': 'Male', 'reference_column': 'child_sex_Male'}, 'maternal_education': {'reference': 'No education', 'reference_column': 'maternal_education_No education'}, 'literacy': {'reference': 'Cannot read at all', 'reference_column': 'literacy_Cannot read at all'}, 'wealth_quintile': {'reference': 'Poorest', 'reference_column': 'wealth_quintile_Poorest'}, 'residence': {'reference': 'Rural', 'reference_column': 'residence_Rural'}, 'country_admin_region': {'reference': 'nigeria::01', 'reference_column': 'country_admin_region_nigeria::01'}}"
haz,4,nigeria,country_admin_region_nigeria::09,-0.7724148286141431,0.14740713058875782,-1.061327495632501,-0.48350216159578524,1.6056795338708765e-07,9410,1343,37,weight_original,cluster_robust_psu,True,"{'child_sex': {'reference': 'Male', 'reference_column': 'child_sex_Male'}, 'maternal_education': {'reference': 'No education', 'reference_column': 'maternal_education_No education'}, 'literacy': {'reference': 'Cannot read at all', 'reference_column': 'literacy_Cannot read at all'}, 'wealth_quintile': {'reference': 'Poorest', 'reference_column': 'wealth_quintile_Poorest'}, 'residence': {'reference': 'Rural', 'reference_column': 'residence_Rural'}, 'country_admin_region': {'reference': 'nigeria::01', 'reference_column': 'country_admin_region_nigeria::01'}}"
haz,4,nigeria,country_admin_region_nigeria::10,-0.31070371327277607,0.1775319898090588,-0.6586600194022632,0.037252592856711064,0.08009622239353005,9410,1343,37,weight_original,cluster_robust_psu,True,"{'child_sex': {'reference': 'Male', 'reference_column': 'child_sex_Male'}, 'maternal_education': {'reference': 'No education', 'reference_column': 'maternal_education_No education'}, 'literacy': {'reference': 'Cannot read at all', 'reference_column': 'literacy_Cannot read at all'}, 'wealth_quintile': {'reference': 'Poorest', 'reference_column': 'wealth_quintile_Poorest'}, 'residence': {'reference': 'Rural', 'reference_column': 'residence_Rural'}, 'country_admin_region': {'reference': 'nigeria::01', 'reference_column': 'country_admin_region_nigeria::01'}}"
haz,4,nigeria,country_admin_region_nigeria::11,-0.4791768531663564,0.15625694029596918,-0.7854348284808814,-0.1729188778518313,0.0021651152519583357,9410,1343,37,weight_original,cluster_robust_psu,True,"{'child_sex': {'reference': 'Male', 'reference_column': 'child_sex_Male'}, 'maternal_education': {'reference': 'No education', 'reference_column': 'maternal_education_No education'}, 'literacy': {'reference': 'Cannot read at all', 'reference_column': 'literacy_Cannot read at all'}, 'wealth_quintile': {'reference': 'Poorest', 'reference_column': 'wealth_quintile_Poorest'}, 'residence': {'reference': 'Rural', 'reference_column': 'residence_Rural'}, 'country_admin_region': {'reference': 'nigeria::01', 'reference_column': 'country_admin_region_nigeria::01'}}"
haz,4,nigeria,country_admin_region_nigeria::12,-0.3325360195969729,0.1645688808250167,-0.6550850989900698,-0.00998694020387586,0.04331606543502058,9410,1343,37,weight_original,cluster_robust_psu,True,"{'child_sex': {'reference': 'Male', 'reference_column': 'child_sex_Male'}, 'maternal_education': {'reference': 'No education', 'reference_column': 'maternal_education_No education'}, 'literacy': {'reference': 'Cannot read at all', 'reference_column': 'literacy_Cannot read at all'}, 'wealth_quintile': {'reference': 'Poorest', 'reference_column': 'wealth_quintile_Poorest'}, 'residence': {'reference': 'Rural', 'reference_column': 'residence_Rural'}, 'country_admin_region': {'reference': 'nigeria::01', 'reference_column': 'country_admin_region_nigeria::01'}}"
haz,4,nigeria,country_admin_region_nigeria::13,-0.5537058148489529,0.16688555632257493,-0.8807954947811305,-0.2266161349167753,0.0009070428933135193,9410,1343,37,weight_original,cluster_robust_psu,True,"{'child_sex': {'reference': 'Male', 'reference_column': 'child_sex_Male'}, 'maternal_education': {'reference': 'No education', 'reference_column': 'maternal_education_No education'}, 'literacy': {'reference': 'Cannot read at all', 'reference_column': 'literacy_Cannot read at all'}, 'wealth_quintile': {'reference': 'Poorest', 'reference_column': 'wealth_quintile_Poorest'}, 'residence': {'reference': 'Rural', 'reference_column': 'residence_Rural'}, 'country_admin_region': {'reference': 'nigeria::01', 'reference_column': 'country_admin_region_nigeria::01'}}"
haz,4,nigeria,country_admin_region_nigeria::14,-0.47707892201070495,0.14717229678345067,-0.7655313232283083,-0.1886265207931016,0.0011884597744840058,9410,1343,37,weight_original,cluster_robust_psu,True,"{'child_sex': {'reference': 'Male', 'reference_column': 'child_sex_Male'}, 'maternal_education': {'reference': 'No education', 'reference_column': 'maternal_education_No education'}, 'literacy': {'reference': 'Cannot read at all', 'reference_column': 'literacy_Cannot read at all'}, 'wealth_quintile': {'reference': 'Poorest', 'reference_column': 'wealth_quintile_Poorest'}, 'residence': {'reference': 'Rural', 'reference_column': 'residence_Rural'}, 'country_admin_region': {'reference': 'nigeria::01', 'reference_column': 'country_admin_region_nigeria::01'}}"
haz,4,nigeria,country_admin_region_nigeria::15,-0.3992884098425994,0.13535437837433215,-0.6645781166060976,-0.13399870307910122,0.003178271733411943,9410,1343,37,weight_original,cluster_robust_psu,True,"{'child_sex': {'reference': 'Male', 'reference_column': 'child_sex_Male'}, 'maternal_education': {'reference': 'No education', 'reference_column': 'maternal_education_No education'}, 'literacy': {'reference': 'Cannot read at all', 'reference_column': 'literacy_Cannot read at all'}, 'wealth_quintile': {'reference': 'Poorest', 'reference_column': 'wealth_quintile_Poorest'}, 'residence': {'reference': 'Rural', 'reference_column': 'residence_Rural'}, 'country_admin_region': {'reference': 'nigeria::01', 'reference_column': 'country_admin_region_nigeria::01'}}"
haz,4,nigeria,country_admin_region_nigeria::16,-0.6534091194473748,0.1443284192466133,-0.9362876231163344,-0.3705306157784152,5.975959276264592e-06,9410,1343,37,weight_original,cluster_robust_psu,True,"{'child_sex': {'reference': 'Male', 'reference_column': 'child_sex_Male'}, 'maternal_education': {'reference': 'No education', 'reference_column': 'maternal_education_No education'}, 'literacy': {'reference': 'Cannot read at all', 'reference_column': 'literacy_Cannot read at all'}, 'wealth_quintile': {'reference': 'Poorest', 'reference_column': 'wealth_quintile_Poorest'}, 'residence': {'reference': 'Rural', 'reference_column': 'residence_Rural'}, 'country_admin_region': {'reference': 'nigeria::01', 'reference_column': 'country_admin_region_nigeria::01'}}"
haz,4,nigeria,country_admin_region_nigeria::17,-0.6727521915586857,0.1991787078845069,-1.0631352854995433,-0.2823690976178281,0.0007311310111121722,9410,1343,37,weight_original,cluster_robust_psu,True,"{'child_sex': {'reference': 'Male', 'reference_column': 'child_sex_Male'}, 'maternal_education': {'reference': 'No education', 'reference_column': 'maternal_education_No education'}, 'literacy': {'reference': 'Cannot read at all', 'reference_column': 'literacy_Cannot read at all'}, 'wealth_quintile': {'reference': 'Poorest', 'reference_column': 'wealth_quintile_Poorest'}, 'residence': {'reference': 'Rural', 'reference_column': 'residence_Rural'}, 'country_admin_region': {'reference': 'nigeria::01', 'reference_column': 'country_admin_region_nigeria::01'}}"
haz,4,nigeria,country_admin_region_nigeria::18,-0.6328531079625256,0.15678532264765302,-0.9401466936564176,-0.3255595222686336,5.427051941036694e-05,9410,1343,37,weight_original,cluster_robust_psu,True,"{'child_sex': {'reference': 'Male', 'reference_column': 'child_sex_Male'}, 'maternal_education': {'reference': 'No education', 'reference_column': 'maternal_education_No education'}, 'literacy': {'reference': 'Cannot read at all', 'reference_column': 'literacy_Cannot read at all'}, 'wealth_quintile': {'reference': 'Poorest', 'reference_column': 'wealth_quintile_Poorest'}, 'residence': {'reference': 'Rural', 'reference_column': 'residence_Rural'}, 'country_admin_region': {'reference': 'nigeria::01', 'reference_column': 'country_admin_region_nigeria::01'}}"
haz,4,nigeria,country_admin_region_nigeria::19,-0.3190116405532603,0.1523245489001837,-0.6175622703589307,-0.020461010747589936,0.0362342358241074,9410,1343,37,weight_original,cluster_robust_psu,True,"{'child_sex': {'reference': 'Male', 'reference_column': 'child_sex_Male'}, 'maternal_education': {'reference': 'No education', 'reference_column': 'maternal_education_No education'}, 'literacy': {'reference': 'Cannot read at all', 'reference_column': 'literacy_Cannot read at all'}, 'wealth_quintile': {'reference': 'Poorest', 'reference_column': 'wealth_quintile_Poorest'}, 'residence': {'reference': 'Rural', 'reference_column': 'residence_Rural'}, 'country_admin_region': {'reference': 'nigeria::01', 'reference_column': 'country_admin_region_nigeria::01'}}"
haz,4,nigeria,country_admin_region_nigeria::20,-0.9283772711211108,0.1978424941834907,-1.3161414343323277,-0.5406131079098939,2.698774160885951e-06,9410,1343,37,weight_original,cluster_robust_psu,True,"{'child_sex': {'reference': 'Male', 'reference_column': 'child_sex_Male'}, 'maternal_education': {'reference': 'No education', 'reference_column': 'maternal_education_No education'}, 'literacy': {'reference': 'Cannot read at all', 'reference_column': 'literacy_Cannot read at all'}, 'wealth_quintile': {'reference': 'Poorest', 'reference_column': 'wealth_quintile_Poorest'}, 'residence': {'reference': 'Rural', 'reference_column': 'residence_Rural'}, 'country_admin_region': {'reference': 'nigeria::01', 'reference_column': 'country_admin_region_nigeria::01'}}"
haz,4,nigeria,country_admin_region_nigeria::21,0.01694503274804974,0.18152090620578906,-0.33882940585637,0.3727194713524695,0.925625265455374,9410,1343,37,weight_original,cluster_robust_psu,True,"{'child_sex': {'reference': 'Male', 'reference_column': 'child_sex_Male'}, 'maternal_education': {'reference': 'No education', 'reference_column': 'maternal_education_No education'}, 'literacy': {'reference': 'Cannot read at all', 'reference_column': 'literacy_Cannot read at all'}, 'wealth_quintile': {'reference': 'Poorest', 'reference_column': 'wealth_quintile_Poorest'}, 'residence': {'reference': 'Rural', 'reference_column': 'residence_Rural'}, 'country_admin_region': {'reference': 'nigeria::01', 'reference_column': 'country_admin_region_nigeria::01'}}"
haz,4,nigeria,country_admin_region_nigeria::22,0.22039928194291247,0.1598827880635808,-0.09296522440955635,0.5337637882953813,0.16804731098207415,9410,1343,37,weight_original,cluster_robust_psu,True,"{'child_sex': {'reference': 'Male', 'reference_column': 'child_sex_Male'}, 'maternal_education': {'reference': 'No education', 'reference_column': 'maternal_education_No education'}, 'literacy': {'reference': 'Cannot read at all', 'reference_column': 'literacy_Cannot read at all'}, 'wealth_quintile': {'reference': 'Poorest', 'reference_column': 'wealth_quintile_Poorest'}, 'residence': {'reference': 'Rural', 'reference_column': 'residence_Rural'}, 'country_admin_region': {'reference': 'nigeria::01', 'reference_column': 'country_admin_region_nigeria::01'}}"
haz,4,nigeria,country_admin_region_nigeria::23,-0.016160386041244913,0.13834811988425433,-0.2873177183432131,0.2549969462607233,0.9070109504731425,9410,1343,37,weight_original,cluster_robust_psu,True,"{'child_sex': {'reference': 'Male', 'reference_column': 'child_sex_Male'}, 'maternal_education': {'reference': 'No education', 'reference_column': 'maternal_education_No education'}, 'literacy': {'reference': 'Cannot read at all', 'reference_column': 'literacy_Cannot read at all'}, 'wealth_quintile': {'reference': 'Poorest', 'reference_column': 'wealth_quintile_Poorest'}, 'residence': {'reference': 'Rural', 'reference_column': 'residence_Rural'}, 'country_admin_region': {'reference': 'nigeria::01', 'reference_column': 'country_admin_region_nigeria::01'}}"
haz,4,nigeria,country_admin_region_nigeria::24,0.3933124530834101,0.1457226467986958,0.10770131362611535,0.6789235925407049,0.006953809611271333,9410,1343,37,weight_original,cluster_robust_psu,True,"{'child_sex': {'reference': 'Male', 'reference_column': 'child_sex_Male'}, 'maternal_education': {'reference': 'No education', 'reference_column': 'maternal_education_No education'}, 'literacy': {'reference': 'Cannot read at all', 'reference_column': 'literacy_Cannot read at all'}, 'wealth_quintile': {'reference': 'Poorest', 'reference_column': 'wealth_quintile_Poorest'}, 'residence': {'reference': 'Rural', 'reference_column': 'residence_Rural'}, 'country_admin_region': {'reference': 'nigeria::01', 'reference_column': 'country_admin_region_nigeria::01'}}"
haz,4,nigeria,country_admin_region_nigeria::25,0.16983353111396032,0.13071858217047416,-0.08637018205030866,0.4260372442782293,0.19386493646693703,9410,1343,37,weight_original,cluster_robust_psu,True,"{'child_sex': {'reference': 'Male', 'reference_column': 'child_sex_Male'}, 'maternal_education': {'reference': 'No education', 'reference_column': 'maternal_education_No education'}, 'literacy': {'reference': 'Cannot read at all', 'reference_column': 'literacy_Cannot read at all'}, 'wealth_quintile': {'reference': 'Poorest', 'reference_column': 'wealth_quintile_Poorest'}, 'residence': {'reference': 'Rural', 'reference_column': 'residence_Rural'}, 'country_admin_region': {'reference': 'nigeria::01', 'reference_column': 'country_admin_region_nigeria::01'}}"
haz,4,nigeria,country_admin_region_nigeria::26,-0.13957073741963713,0.1586317402358809,-0.45048323508687704,0.1713417602476028,0.37894535312200817,9410,1343,37,weight_original,cluster_robust_psu,True,"{'child_sex': {'reference': 'Male', 'reference_column': 'child_sex_Male'}, 'maternal_education': {'reference': 'No education', 'reference_column': 'maternal_education_No education'}, 'literacy': {'reference': 'Cannot read at all', 'reference_column': 'literacy_Cannot read at all'}, 'wealth_quintile': {'reference': 'Poorest', 'reference_column': 'wealth_quintile_Poorest'}, 'residence': {'reference': 'Rural', 'reference_column': 'residence_Rural'}, 'country_admin_region': {'reference': 'nigeria::01', 'reference_column': 'country_admin_region_nigeria::01'}}"
haz,4,nigeria,country_admin_region_nigeria::27,-0.08564345997397034,0.15818734337250456,-0.3956849557941501,0.22439803584620943,0.5882282815703644,9410,1343,37,weight_original,cluster_robust_psu,True,"{'child_sex': {'reference': 'Male', 'reference_column': 'child_sex_Male'}, 'maternal_education': {'reference': 'No education', 'reference_column': 'maternal_education_No education'}, 'literacy': {'reference': 'Cannot read at all', 'reference_column': 'literacy_Cannot read at all'}, 'wealth_quintile': {'reference': 'Poorest', 'reference_column': 'wealth_quintile_Poorest'}, 'residence': {'reference': 'Rural', 'reference_column': 'residence_Rural'}, 'country_admin_region': {'reference': 'nigeria::01', 'reference_column': 'country_admin_region_nigeria::01'}}"
haz,4,nigeria,country_admin_region_nigeria::28,-0.16617677330373287,0.18588814090668554,-0.5305108346339433,0.19815728802647753,0.37134268629798595,9410,1343,37,weight_original,cluster_robust_psu,True,"{'child_sex': {'reference': 'Male', 'reference_column': 'child_sex_Male'}, 'maternal_education': {'reference': 'No education', 'reference_column': 'maternal_education_No education'}, 'literacy': {'reference': 'Cannot read at all', 'reference_column': 'literacy_Cannot read at all'}, 'wealth_quintile': {'reference': 'Poorest', 'reference_column': 'wealth_quintile_Poorest'}, 'residence': {'reference': 'Rural', 'reference_column': 'residence_Rural'}, 'country_admin_region': {'reference': 'nigeria::01', 'reference_column': 'country_admin_region_nigeria::01'}}"
haz,4,nigeria,country_admin_region_nigeria::29,0.043038540087874465,0.1464898155041537,-0.244076222402184,0.3301533025779329,0.7689116099499826,9410,1343,37,weight_original,cluster_robust_psu,True,"{'child_sex': {'reference': 'Male', 'reference_column': 'child_sex_Male'}, 'maternal_education': {'reference': 'No education', 'reference_column': 'maternal_education_No education'}, 'literacy': {'reference': 'Cannot read at all', 'reference_column': 'literacy_Cannot read at all'}, 'wealth_quintile': {'reference': 'Poorest', 'reference_column': 'wealth_quintile_Poorest'}, 'residence': {'reference': 'Rural', 'reference_column': 'residence_Rural'}, 'country_admin_region': {'reference': 'nigeria::01', 'reference_column': 'country_admin_region_nigeria::01'}}"
haz,4,nigeria,country_admin_region_nigeria::30,0.12238196437485702,0.15971724590533917,-0.19065808530953518,0.4354220140592492,0.4435326853941385,9410,1343,37,weight_original,cluster_robust_psu,True,"{'child_sex': {'reference': 'Male', 'reference_column': 'child_sex_Male'}, 'maternal_education': {'reference': 'No education', 'reference_column': 'maternal_education_No education'}, 'literacy': {'reference': 'Cannot read at all', 'reference_column': 'literacy_Cannot read at all'}, 'wealth_quintile': {'reference': 'Poorest', 'reference_column': 'wealth_quintile_Poorest'}, 'residence': {'reference': 'Rural', 'reference_column': 'residence_Rural'}, 'country_admin_region': {'reference': 'nigeria::01', 'reference_column': 'country_admin_region_nigeria::01'}}"
haz,4,nigeria,country_admin_region_nigeria::31,0.2678176056382224,0.14586745087359976,-0.01807734459069882,0.5537125558671436,0.06635262188348622,9410,1343,37,weight_original,cluster_robust_psu,True,"{'child_sex': {'reference': 'Male', 'reference_column': 'child_sex_Male'}, 'maternal_education': {'reference': 'No education', 'reference_column': 'maternal_education_No education'}, 'literacy': {'reference': 'Cannot read at all', 'reference_column': 'literacy_Cannot read at all'}, 'wealth_quintile': {'reference': 'Poorest', 'reference_column': 'wealth_quintile_Poorest'}, 'residence': {'reference': 'Rural', 'reference_column': 'residence_Rural'}, 'country_admin_region': {'reference': 'nigeria::01', 'reference_column': 'country_admin_region_nigeria::01'}}"
haz,4,nigeria,country_admin_region_nigeria::32,-0.08933716843583209,0.16112670064246726,-0.4051396986428347,0.22646536177117052,0.5792689227352097,9410,1343,37,weight_original,cluster_robust_psu,True,"{'child_sex': {'reference': 'Male', 'reference_column': 'child_sex_Male'}, 'maternal_education': {'reference': 'No education', 'reference_column': 'maternal_education_No education'}, 'literacy': {'reference': 'Cannot read at all', 'reference_column': 'literacy_Cannot read at all'}, 'wealth_quintile': {'reference': 'Poorest', 'reference_column': 'wealth_quintile_Poorest'}, 'residence': {'reference': 'Rural', 'reference_column': 'residence_Rural'}, 'country_admin_region': {'reference': 'nigeria::01', 'reference_column': 'country_admin_region_nigeria::01'}}"
haz,4,nigeria,country_admin_region_nigeria::33,-0.12510524487634392,0.18506238737302028,-0.4878208590204637,0.23761036926777587,0.49903010919863244,9410,1343,37,weight_original,cluster_robust_psu,True,"{'child_sex': {'reference': 'Male', 'reference_column': 'child_sex_Male'}, 'maternal_education': {'reference': 'No education', 'reference_column': 'maternal_education_No education'}, 'literacy': {'reference': 'Cannot read at all', 'reference_column': 'literacy_Cannot read at all'}, 'wealth_quintile': {'reference': 'Poorest', 'reference_column': 'wealth_quintile_Poorest'}, 'residence': {'reference': 'Rural', 'reference_column': 'residence_Rural'}, 'country_admin_region': {'reference': 'nigeria::01', 'reference_column': 'country_admin_region_nigeria::01'}}"
haz,4,nigeria,country_admin_region_nigeria::34,-0.0996616263737258,0.16902852861640127,-0.4309514548216702,0.2316282020742186,0.5554493068457247,9410,1343,37,weight_original,cluster_robust_psu,True,"{'child_sex': {'reference': 'Male', 'reference_column': 'child_sex_Male'}, 'maternal_education': {'reference': 'No education', 'reference_column': 'maternal_education_No education'}, 'literacy': {'reference': 'Cannot read at all', 'reference_column': 'literacy_Cannot read at all'}, 'wealth_quintile': {'reference': 'Poorest', 'reference_column': 'wealth_quintile_Poorest'}, 'residence': {'reference': 'Rural', 'reference_column': 'residence_Rural'}, 'country_admin_region': {'reference': 'nigeria::01', 'reference_column': 'country_admin_region_nigeria::01'}}"
haz,4,nigeria,country_admin_region_nigeria::35,-0.23544314117475354,0.1765982931104949,-0.5815694354025716,0.11068315305306445,0.182461912477631,9410,1343,37,weight_original,cluster_robust_psu,True,"{'child_sex': {'reference': 'Male', 'reference_column': 'child_sex_Male'}, 'maternal_education': {'reference': 'No education', 'reference_column': 'maternal_education_No education'}, 'literacy': {'reference': 'Cannot read at all', 'reference_column': 'literacy_Cannot read at all'}, 'wealth_quintile': {'reference': 'Poorest', 'reference_column': 'wealth_quintile_Poorest'}, 'residence': {'reference': 'Rural', 'reference_column': 'residence_Rural'}, 'country_admin_region': {'reference': 'nigeria::01', 'reference_column': 'country_admin_region_nigeria::01'}}"
haz,4,nigeria,country_admin_region_nigeria::36,-0.5052490486087948,0.1662907503611339,-0.8311729302787583,-0.17932516693883144,0.0023787964619904844,9410,1343,37,weight_original,cluster_robust_psu,True,"{'child_sex': {'reference': 'Male', 'reference_column': 'child_sex_Male'}, 'maternal_education': {'reference': 'No education', 'reference_column': 'maternal_education_No education'}, 'literacy': {'reference': 'Cannot read at all', 'reference_column': 'literacy_Cannot read at all'}, 'wealth_quintile': {'reference': 'Poorest', 'reference_column': 'wealth_quintile_Poorest'}, 'residence': {'reference': 'Rural', 'reference_column': 'residence_Rural'}, 'country_admin_region': {'reference': 'nigeria::01', 'reference_column': 'country_admin_region_nigeria::01'}}"
haz,4,nigeria,country_admin_region_nigeria::37,-0.14134934283297876,0.15745264523204305,-0.44995085675834545,0.1672521710923879,0.36933161259379377,9410,1343,37,weight_original,cluster_robust_psu,True,"{'child_sex': {'reference': 'Male', 'reference_column': 'child_sex_Male'}, 'maternal_education': {'reference': 'No education', 'reference_column': 'maternal_education_No education'}, 'literacy': {'reference': 'Cannot read at all', 'reference_column': 'literacy_Cannot read at all'}, 'wealth_quintile': {'reference': 'Poorest', 'reference_column': 'wealth_quintile_Poorest'}, 'residence': {'reference': 'Rural', 'reference_column': 'residence_Rural'}, 'country_admin_region': {'reference': 'nigeria::01', 'reference_column': 'country_admin_region_nigeria::01'}}"
waz,1,pooled,const,-1.3547846817461795,0.03476596756103455,-1.422924726053495,-1.286644637438864,0.0,37260,4434,0,model_specific_equal_total_country_weight,cluster_robust_country_psu,False,{}
waz,1,pooled,water_rate_loo,0.2955352486947613,0.04945277284663656,0.1986095949797133,0.39246090240980924,2.2852763392170368e-09,37260,4434,0,model_specific_equal_total_country_weight,cluster_robust_country_psu,False,{}
waz,1,pooled,sanitation_rate_loo_core,0.3684929674601592,0.04699395839138335,0.276386501522074,0.4605994333982444,4.459630240384711e-15,37260,4434,0,model_specific_equal_total_country_weight,cluster_robust_country_psu,False,{}
waz,1,ethiopia,const,-1.2967976483957186,0.07508637412731771,-1.4439642374149615,-1.1496310593764758,7.812680078411237e-67,5955,787,0,weight_original,cluster_robust_psu,False,{}
waz,1,ethiopia,water_rate_loo,0.16210180260910176,0.10628891523161395,-0.04622064320069236,0.3704242484188959,0.1272328011020062,5955,787,0,weight_original,cluster_robust_psu,False,{}
waz,1,ethiopia,sanitation_rate_loo_core,0.5239525827229348,0.11825597627627278,0.29217512826481706,0.7557300371810525,9.39430531739428e-06,5955,787,0,weight_original,cluster_robust_psu,False,{}
waz,1,ghana,const,-1.131590671957688,0.05972946780327983,-1.2486582776678612,-1.0145230662475149,4.831407905790219e-80,4411,616,0,weight_original,cluster_robust_psu,False,{}
waz,1,ghana,water_rate_loo,0.12809899370799596,0.08754763843885115,-0.04349122456368673,0.2996892119796787,0.14341488195995128,4411,616,0,weight_original,cluster_robust_psu,False,{}
waz,1,ghana,sanitation_rate_loo_core,0.3532474809179863,0.08323497204124694,0.19010993346294394,0.5163850283730287,2.1959082261338015e-05,4411,616,0,weight_original,cluster_robust_psu,False,{}
waz,1,kenya,const,-1.190983722783169,0.039442184003846054,-1.2682889829023092,-1.1136784626640288,2.69869856510701e-200,17381,1688,0,weight_original,cluster_robust_psu,False,{}
waz,1,kenya,water_rate_loo,0.332799539891773,0.056154353687355725,0.22273902908943183,0.4428600506941142,3.0943380084442696e-09,17381,1688,0,weight_original,cluster_robust_psu,False,{}
waz,1,kenya,sanitation_rate_loo_core,0.5291853390600761,0.06485129184663291,0.4020791426897796,0.6562915354303727,3.3507602307502116e-16,17381,1688,0,weight_original,cluster_robust_psu,False,{}
waz,1,nigeria,const,-1.6936306473374187,0.04549549628458968,-1.7828001815139904,-1.604461113160847,2.5592028516648028e-303,9513,1343,0,weight_original,cluster_robust_psu,False,{}
waz,1,nigeria,water_rate_loo,0.3254849614859938,0.06484895620723895,0.1983833428847903,0.4525865800871973,5.190759964628763e-07,9513,1343,0,weight_original,cluster_robust_psu,False,{}
waz,1,nigeria,sanitation_rate_loo_core,0.23318121059629882,0.06428891147544731,0.10717725949913831,0.3591851616934593,0.0002866413003194008,9513,1343,0,weight_original,cluster_robust_psu,False,{}
waz,2,pooled,const,-0.9393418678204309,0.04834466729576456,-1.034095674564701,-0.844588061076161,4.294989012881984e-84,37260,4434,0,model_specific_equal_total_country_weight,cluster_robust_country_psu,False,"{'child_sex': {'reference': 'Male', 'reference_column': 'child_sex_Male'}}"
waz,2,pooled,water_rate_loo,0.2520134348234369,0.048504572619214904,0.15694621940426806,0.34708065024260576,2.039910192578797e-07,37260,4434,0,model_specific_equal_total_country_weight,cluster_robust_country_psu,False,"{'child_sex': {'reference': 'Male', 'reference_column': 'child_sex_Male'}}"
waz,2,pooled,sanitation_rate_loo_core,0.35118602956965606,0.04605046740895423,0.26092877197687026,0.44144328716244186,2.419393501653739e-14,37260,4434,0,model_specific_equal_total_country_weight,cluster_robust_country_psu,False,"{'child_sex': {'reference': 'Male', 'reference_column': 'child_sex_Male'}}"
waz,2,pooled,b19_raw,-0.009723308021795685,0.0005616126358130156,-0.010824048561251805,-0.008622567482339565,3.7408179891692726e-67,37260,4434,0,model_specific_equal_total_country_weight,cluster_robust_country_psu,False,"{'child_sex': {'reference': 'Male', 'reference_column': 'child_sex_Male'}}"
waz,2,pooled,birth_order_raw,-0.042551964471936994,0.00523752947748586,-0.05281733361577617,-0.03228659532809782,4.494534619274854e-16,37260,4434,0,model_specific_equal_total_country_weight,cluster_robust_country_psu,False,"{'child_sex': {'reference': 'Male', 'reference_column': 'child_sex_Male'}}"
waz,2,pooled,child_sex_Female,0.09431265816890218,0.019337299637557762,0.05641224732102952,0.13221306901677482,1.0758031653348843e-06,37260,4434,0,model_specific_equal_total_country_weight,cluster_robust_country_psu,False,"{'child_sex': {'reference': 'Male', 'reference_column': 'child_sex_Male'}}"
waz,2,ethiopia,const,-0.7273637715207251,0.1222591696931383,-0.966987340899047,-0.4877402021424031,2.691935477034887e-09,5955,787,0,weight_original,cluster_robust_psu,False,"{'child_sex': {'reference': 'Male', 'reference_column': 'child_sex_Male'}}"
waz,2,ethiopia,water_rate_loo,0.10893136317357015,0.10500332882637209,-0.09687137958293561,0.3147341059300759,0.29954544178231435,5955,787,0,weight_original,cluster_robust_psu,False,"{'child_sex': {'reference': 'Male', 'reference_column': 'child_sex_Male'}}"
waz,2,ethiopia,sanitation_rate_loo_core,0.4991470528881409,0.11317420073705423,0.27732969546440817,0.7209644103118735,1.0316486718440736e-05,5955,787,0,weight_original,cluster_robust_psu,False,"{'child_sex': {'reference': 'Male', 'reference_column': 'child_sex_Male'}}"
waz,2,ethiopia,b19_raw,-0.01626621393206926,0.0013089388593010751,-0.018831686954264307,-0.013700740909874212,1.864482433846693e-35,5955,787,0,weight_original,cluster_robust_psu,False,"{'child_sex': {'reference': 'Male', 'reference_column': 'child_sex_Male'}}"
waz,2,ethiopia,birth_order_raw,-0.023481181635458585,0.01322816288646705,-0.049407904474563405,0.0024455412036462378,0.07588300320987407,5955,787,0,weight_original,cluster_robust_psu,False,"{'child_sex': {'reference': 'Male', 'reference_column': 'child_sex_Male'}}"
waz,2,ethiopia,child_sex_Female,0.07057106239146616,0.046354440079811626,-0.020281970688484627,0.16142409547141695,0.12790314346698556,5955,787,0,weight_original,cluster_robust_psu,False,"{'child_sex': {'reference': 'Male', 'reference_column': 'child_sex_Male'}}"
waz,2,ghana,const,-1.0979533520139986,0.08708894101064445,-1.268644539846595,-0.9272621641814022,1.925602076703727e-36,4411,616,0,weight_original,cluster_robust_psu,False,"{'child_sex': {'reference': 'Male', 'reference_column': 'child_sex_Male'}}"
waz,2,ghana,water_rate_loo,0.1282016734420201,0.08697395212413066,-0.04226414031438691,0.2986674871984271,0.14047518931616806,4411,616,0,weight_original,cluster_robust_psu,False,"{'child_sex': {'reference': 'Male', 'reference_column': 'child_sex_Male'}}"
waz,2,ghana,sanitation_rate_loo_core,0.36891523327980985,0.0831324833481041,0.20597855997215006,0.5318519065874696,9.09343082231805e-06,4411,616,0,weight_original,cluster_robust_psu,False,"{'child_sex': {'reference': 'Male', 'reference_column': 'child_sex_Male'}}"
waz,2,ghana,b19_raw,-0.0042377689830787905,0.0012834133897872925,-0.00675321300433835,-0.0017223249618192314,0.0009601461296420986,4411,616,0,weight_original,cluster_robust_psu,False,"{'child_sex': {'reference': 'Male', 'reference_column': 'child_sex_Male'}}"
waz,2,ghana,birth_order_raw,0.008279309090708637,0.01184620710892982,-0.014938830196196167,0.03149744837761344,0.484614794345984,4411,616,0,weight_original,cluster_robust_psu,False,"{'child_sex': {'reference': 'Male', 'reference_column': 'child_sex_Male'}}"
waz,2,ghana,child_sex_Female,0.10109241951411793,0.044694049295700505,0.013493692571287172,0.18869114645694868,0.023705035051891848,4411,616,0,weight_original,cluster_robust_psu,False,"{'child_sex': {'reference': 'Male', 'reference_column': 'child_sex_Male'}}"
waz,2,kenya,const,-0.7626732468270205,0.04904852083133753,-0.8588065811514047,-0.6665399125026363,1.6069656685893506e-54,17381,1688,0,weight_original,cluster_robust_psu,False,"{'child_sex': {'reference': 'Male', 'reference_column': 'child_sex_Male'}}"
waz,2,kenya,water_rate_loo,0.30193646825241255,0.05363119865786758,0.1968212504352792,0.4070516860695459,1.803495571062513e-08,17381,1688,0,weight_original,cluster_robust_psu,False,"{'child_sex': {'reference': 'Male', 'reference_column': 'child_sex_Male'}}"
waz,2,kenya,sanitation_rate_loo_core,0.47618767668038176,0.06344910958943042,0.35182970703396316,0.6005456463268004,6.141301426973561e-14,17381,1688,0,weight_original,cluster_robust_psu,False,"{'child_sex': {'reference': 'Male', 'reference_column': 'child_sex_Male'}}"
waz,2,kenya,b19_raw,-0.01071179569417045,0.0006263091037367696,-0.01193933898068408,-0.00948425240765682,1.4083790420831732e-65,17381,1688,0,weight_original,cluster_robust_psu,False,"{'child_sex': {'reference': 'Male', 'reference_column': 'child_sex_Male'}}"
waz,2,kenya,birth_order_raw,-0.04238181836480802,0.005571322350622292,-0.053301409518290745,-0.03146222721132529,2.8023189408180204e-14,17381,1688,0,weight_original,cluster_robust_psu,False,"{'child_sex': {'reference': 'Male', 'reference_column': 'child_sex_Male'}}"
waz,2,kenya,child_sex_Female,0.11824599071847178,0.024095354138430947,0.07101996441240899,0.16547201702453457,9.228290344002721e-07,17381,1688,0,weight_original,cluster_robust_psu,False,"{'child_sex': {'reference': 'Male', 'reference_column': 'child_sex_Male'}}"
waz,2,nigeria,const,-1.3418973976980044,0.0632820154623487,-1.4659278688733146,-1.2178669265226942,8.580548328717869e-100,9513,1343,0,weight_original,cluster_robust_psu,False,"{'child_sex': {'reference': 'Male', 'reference_column': 'child_sex_Male'}}"
waz,2,nigeria,water_rate_loo,0.31261560910153,0.06298636470536266,0.18916460276191438,0.43606661544114567,6.933156514630614e-07,9513,1343,0,weight_original,cluster_robust_psu,False,"{'child_sex': {'reference': 'Male', 'reference_column': 'child_sex_Male'}}"
waz,2,nigeria,sanitation_rate_loo_core,0.2382457128014057,0.06281713157354409,0.11512639730514539,0.361365028297666,0.00014902600125267214,9513,1343,0,weight_original,cluster_robust_psu,False,"{'child_sex': {'reference': 'Male', 'reference_column': 'child_sex_Male'}}"
waz,2,nigeria,b19_raw,-0.007123102097909329,0.0009286129761025958,-0.008943150086646971,-0.005303054109171687,1.710737975575816e-14,9513,1343,0,weight_original,cluster_robust_psu,False,"{'child_sex': {'reference': 'Male', 'reference_column': 'child_sex_Male'}}"
waz,2,nigeria,birth_order_raw,-0.05063747585488388,0.006816549503951845,-0.06399766738146387,-0.03727728432830389,1.0974625085688634e-13,9513,1343,0,weight_original,cluster_robust_psu,False,"{'child_sex': {'reference': 'Male', 'reference_column': 'child_sex_Male'}}"
waz,2,nigeria,child_sex_Female,0.09259650802211888,0.02912173070193607,0.03551896467884984,0.14967405136538792,0.001474600730203454,9513,1343,0,weight_original,cluster_robust_psu,False,"{'child_sex': {'reference': 'Male', 'reference_column': 'child_sex_Male'}}"
waz,3,pooled,const,-1.4257653117363398,0.0830870914255427,-1.5886130185105902,-1.2629176049620894,5.301436441115552e-66,37260,4434,0,model_specific_equal_total_country_weight,cluster_robust_country_psu,False,"{'child_sex': {'reference': 'Male', 'reference_column': 'child_sex_Male'}, 'maternal_education': {'reference': 'No education', 'reference_column': 'maternal_education_No education'}, 'literacy': {'reference': 'Cannot read at all', 'reference_column': 'literacy_Cannot read at all'}, 'wealth_quintile': {'reference': 'Poorest', 'reference_column': 'wealth_quintile_Poorest'}, 'residence': {'reference': 'Rural', 'reference_column': 'residence_Rural'}}"
waz,3,pooled,water_rate_loo,0.04987379845478624,0.047191175238308875,-0.04261920540041756,0.14236680230999005,0.29058193786944353,37260,4434,0,model_specific_equal_total_country_weight,cluster_robust_country_psu,False,"{'child_sex': {'reference': 'Male', 'reference_column': 'child_sex_Male'}, 'maternal_education': {'reference': 'No education', 'reference_column': 'maternal_education_No education'}, 'literacy': {'reference': 'Cannot read at all', 'reference_column': 'literacy_Cannot read at all'}, 'wealth_quintile': {'reference': 'Poorest', 'reference_column': 'wealth_quintile_Poorest'}, 'residence': {'reference': 'Rural', 'reference_column': 'residence_Rural'}}"
waz,3,pooled,sanitation_rate_loo_core,0.010464158975311139,0.049777143195460415,-0.0870972489410843,0.10802556689170657,0.833495846200261,37260,4434,0,model_specific_equal_total_country_weight,cluster_robust_country_psu,False,"{'child_sex': {'reference': 'Male', 'reference_column': 'child_sex_Male'}, 'maternal_education': {'reference': 'No education', 'reference_column': 'maternal_education_No education'}, 'literacy': {'reference': 'Cannot read at all', 'reference_column': 'literacy_Cannot read at all'}, 'wealth_quintile': {'reference': 'Poorest', 'reference_column': 'wealth_quintile_Poorest'}, 'residence': {'reference': 'Rural', 'reference_column': 'residence_Rural'}}"
waz,3,pooled,b19_raw,-0.010672149092939625,0.0005996307764662541,-0.011847403818835272,-0.009496894367043979,7.341152922049525e-71,37260,4434,0,model_specific_equal_total_country_weight,cluster_robust_country_psu,False,"{'child_sex': {'reference': 'Male', 'reference_column': 'child_sex_Male'}, 'maternal_education': {'reference': 'No education', 'reference_column': 'maternal_education_No education'}, 'literacy': {'reference': 'Cannot read at all', 'reference_column': 'literacy_Cannot read at all'}, 'wealth_quintile': {'reference': 'Poorest', 'reference_column': 'wealth_quintile_Poorest'}, 'residence': {'reference': 'Rural', 'reference_column': 'residence_Rural'}}"
waz,3,pooled,birth_order_raw,-0.03392537499315706,0.008444214618310159,-0.05047573152277161,-0.01737501846354251,5.8796890539720956e-05,37260,4434,0,model_specific_equal_total_country_weight,cluster_robust_country_psu,False,"{'child_sex': {'reference': 'Male', 'reference_column': 'child_sex_Male'}, 'maternal_education': {'reference': 'No education', 'reference_column': 'maternal_education_No education'}, 'literacy': {'reference': 'Cannot read at all', 'reference_column': 'literacy_Cannot read at all'}, 'wealth_quintile': {'reference': 'Poorest', 'reference_column': 'wealth_quintile_Poorest'}, 'residence': {'reference': 'Rural', 'reference_column': 'residence_Rural'}}"
waz,3,pooled,maternal_age,0.01846434506280087,0.0026532429018542637,0.01326408453292997,0.023664605592671768,3.4230465465103266e-12,37260,4434,0,model_specific_equal_total_country_weight,cluster_robust_country_psu,False,"{'child_sex': {'reference': 'Male', 'reference_column': 'child_sex_Male'}, 'maternal_education': {'reference': 'No education', 'reference_column': 'maternal_education_No education'}, 'literacy': {'reference': 'Cannot read at all', 'reference_column': 'literacy_Cannot read at all'}, 'wealth_quintile': {'reference': 'Poorest', 'reference_column': 'wealth_quintile_Poorest'}, 'residence': {'reference': 'Rural', 'reference_column': 'residence_Rural'}}"
waz,3,pooled,household_size_raw,-0.01703511305778719,0.004094686396835699,-0.02506055092357124,-0.009009675192003136,3.178334908795498e-05,37260,4434,0,model_specific_equal_total_country_weight,cluster_robust_country_psu,False,"{'child_sex': {'reference': 'Male', 'reference_column': 'child_sex_Male'}, 'maternal_education': {'reference': 'No education', 'reference_column': 'maternal_education_No education'}, 'literacy': {'reference': 'Cannot read at all', 'reference_column': 'literacy_Cannot read at all'}, 'wealth_quintile': {'reference': 'Poorest', 'reference_column': 'wealth_quintile_Poorest'}, 'residence': {'reference': 'Rural', 'reference_column': 'residence_Rural'}}"
waz,3,pooled,child_sex_Female,0.09763757579708592,0.018956767269573672,0.06048299468541382,0.134792156908758,2.5973842543631564e-07,37260,4434,0,model_specific_equal_total_country_weight,cluster_robust_country_psu,False,"{'child_sex': {'reference': 'Male', 'reference_column': 'child_sex_Male'}, 'maternal_education': {'reference': 'No education', 'reference_column': 'maternal_education_No education'}, 'literacy': {'reference': 'Cannot read at all', 'reference_column': 'literacy_Cannot read at all'}, 'wealth_quintile': {'reference': 'Poorest', 'reference_column': 'wealth_quintile_Poorest'}, 'residence': {'reference': 'Rural', 'reference_column': 'residence_Rural'}}"
waz,3,pooled,maternal_education_Higher,0.3526194209459528,0.057754303731239034,0.239423065680537,0.46581577621136855,1.024735829579662e-09,37260,4434,0,model_specific_equal_total_country_weight,cluster_robust_country_psu,False,"{'child_sex': {'reference': 'Male', 'reference_column': 'child_sex_Male'}, 'maternal_education': {'reference': 'No education', 'reference_column': 'maternal_education_No education'}, 'literacy': {'reference': 'Cannot read at all', 'reference_column': 'literacy_Cannot read at all'}, 'wealth_quintile': {'reference': 'Poorest', 'reference_column': 'wealth_quintile_Poorest'}, 'residence': {'reference': 'Rural', 'reference_column': 'residence_Rural'}}"
waz,3,pooled,maternal_education_Primary,0.2033411030484385,0.038967310434651965,0.1269665780221288,0.2797156280747482,1.8062317969661377e-07,37260,4434,0,model_specific_equal_total_country_weight,cluster_robust_country_psu,False,"{'child_sex': {'reference': 'Male', 'reference_column': 'child_sex_Male'}, 'maternal_education': {'reference': 'No education', 'reference_column': 'maternal_education_No education'}, 'literacy': {'reference': 'Cannot read at all', 'reference_column': 'literacy_Cannot read at all'}, 'wealth_quintile': {'reference': 'Poorest', 'reference_column': 'wealth_quintile_Poorest'}, 'residence': {'reference': 'Rural', 'reference_column': 'residence_Rural'}}"
waz,3,pooled,maternal_education_Secondary,0.20235917458039718,0.04396278691311528,0.1161936955706824,0.2885246535901119,4.165180145132988e-06,37260,4434,0,model_specific_equal_total_country_weight,cluster_robust_country_psu,False,"{'child_sex': {'reference': 'Male', 'reference_column': 'child_sex_Male'}, 'maternal_education': {'reference': 'No education', 'reference_column': 'maternal_education_No education'}, 'literacy': {'reference': 'Cannot read at all', 'reference_column': 'literacy_Cannot read at all'}, 'wealth_quintile': {'reference': 'Poorest', 'reference_column': 'wealth_quintile_Poorest'}, 'residence': {'reference': 'Rural', 'reference_column': 'residence_Rural'}}"
waz,3,pooled,literacy_Able to read only parts of sentence,0.06407961552432016,0.041635430227558216,-0.017524328202524253,0.14568355925116458,0.12378853348796708,37260,4434,0,model_specific_equal_total_country_weight,cluster_robust_country_psu,False,"{'child_sex': {'reference': 'Male', 'reference_column': 'child_sex_Male'}, 'maternal_education': {'reference': 'No education', 'reference_column': 'maternal_education_No education'}, 'literacy': {'reference': 'Cannot read at all', 'reference_column': 'literacy_Cannot read at all'}, 'wealth_quintile': {'reference': 'Poorest', 'reference_column': 'wealth_quintile_Poorest'}, 'residence': {'reference': 'Rural', 'reference_column': 'residence_Rural'}}"
waz,3,pooled,literacy_Able to read whole sentence,0.20489097898018752,0.036806672773016295,0.1327512259543246,0.27703073200605044,2.5963816756804365e-08,37260,4434,0,model_specific_equal_total_country_weight,cluster_robust_country_psu,False,"{'child_sex': {'reference': 'Male', 'reference_column': 'child_sex_Male'}, 'maternal_education': {'reference': 'No education', 'reference_column': 'maternal_education_No education'}, 'literacy': {'reference': 'Cannot read at all', 'reference_column': 'literacy_Cannot read at all'}, 'wealth_quintile': {'reference': 'Poorest', 'reference_column': 'wealth_quintile_Poorest'}, 'residence': {'reference': 'Rural', 'reference_column': 'residence_Rural'}}"
waz,3,pooled,literacy_Blind/visually impaired,0.675860847616661,0.2410736055282198,0.20336526315813414,1.1483564320751878,0.005054408326623998,37260,4434,0,model_specific_equal_total_country_weight,cluster_robust_country_psu,False,"{'child_sex': {'reference': 'Male', 'reference_column': 'child_sex_Male'}, 'maternal_education': {'reference': 'No education', 'reference_column': 'maternal_education_No education'}, 'literacy': {'reference': 'Cannot read at all', 'reference_column': 'literacy_Cannot read at all'}, 'wealth_quintile': {'reference': 'Poorest', 'reference_column': 'wealth_quintile_Poorest'}, 'residence': {'reference': 'Rural', 'reference_column': 'residence_Rural'}}"
waz,3,pooled,literacy_No card with required language,0.49905547887164264,0.2555100825843023,-0.001735080680444756,0.99984603842373,0.05079906015184675,37260,4434,0,model_specific_equal_total_country_weight,cluster_robust_country_psu,False,"{'child_sex': {'reference': 'Male', 'reference_column': 'child_sex_Male'}, 'maternal_education': {'reference': 'No education', 'reference_column': 'maternal_education_No education'}, 'literacy': {'reference': 'Cannot read at all', 'reference_column': 'literacy_Cannot read at all'}, 'wealth_quintile': {'reference': 'Poorest', 'reference_column': 'wealth_quintile_Poorest'}, 'residence': {'reference': 'Rural', 'reference_column': 'residence_Rural'}}"
waz,3,pooled,wealth_quintile_Middle,0.12388834066368457,0.03622548789145604,0.0528876890740389,0.19488899225333023,0.0006263910830784683,37260,4434,0,model_specific_equal_total_country_weight,cluster_robust_country_psu,False,"{'child_sex': {'reference': 'Male', 'reference_column': 'child_sex_Male'}, 'maternal_education': {'reference': 'No education', 'reference_column': 'maternal_education_No education'}, 'literacy': {'reference': 'Cannot read at all', 'reference_column': 'literacy_Cannot read at all'}, 'wealth_quintile': {'reference': 'Poorest', 'reference_column': 'wealth_quintile_Poorest'}, 'residence': {'reference': 'Rural', 'reference_column': 'residence_Rural'}}"
waz,3,pooled,wealth_quintile_Poorer,0.05984435437493049,0.03238397928520626,-0.0036270787001649457,0.12331578745002593,0.06460787935216526,37260,4434,0,model_specific_equal_total_country_weight,cluster_robust_country_psu,False,"{'child_sex': {'reference': 'Male', 'reference_column': 'child_sex_Male'}, 'maternal_education': {'reference': 'No education', 'reference_column': 'maternal_education_No education'}, 'literacy': {'reference': 'Cannot read at all', 'reference_column': 'literacy_Cannot read at all'}, 'wealth_quintile': {'reference': 'Poorest', 'reference_column': 'wealth_quintile_Poorest'}, 'residence': {'reference': 'Rural', 'reference_column': 'residence_Rural'}}"
waz,3,pooled,wealth_quintile_Richer,0.15885851804508627,0.04236751629015184,0.07581971200197463,0.24189732408819792,0.00017716222267645155,37260,4434,0,model_specific_equal_total_country_weight,cluster_robust_country_psu,False,"{'child_sex': {'reference': 'Male', 'reference_column': 'child_sex_Male'}, 'maternal_education': {'reference': 'No education', 'reference_column': 'maternal_education_No education'}, 'literacy': {'reference': 'Cannot read at all', 'reference_column': 'literacy_Cannot read at all'}, 'wealth_quintile': {'reference': 'Poorest', 'reference_column': 'wealth_quintile_Poorest'}, 'residence': {'reference': 'Rural', 'reference_column': 'residence_Rural'}}"
waz,3,pooled,wealth_quintile_Richest,0.4100642072896284,0.05552993369718781,0.30122753717924317,0.5189008774000137,1.5295670940871625e-13,37260,4434,0,model_specific_equal_total_country_weight,cluster_robust_country_psu,False,"{'child_sex': {'reference': 'Male', 'reference_column': 'child_sex_Male'}, 'maternal_education': {'reference': 'No education', 'reference_column': 'maternal_education_No education'}, 'literacy': {'reference': 'Cannot read at all', 'reference_column': 'literacy_Cannot read at all'}, 'wealth_quintile': {'reference': 'Poorest', 'reference_column': 'wealth_quintile_Poorest'}, 'residence': {'reference': 'Rural', 'reference_column': 'residence_Rural'}}"
waz,3,pooled,residence_Urban,-0.07151343483160844,0.03314373832670883,-0.1364739682649776,-0.006552901398239289,0.03095306383164188,37260,4434,0,model_specific_equal_total_country_weight,cluster_robust_country_psu,False,"{'child_sex': {'reference': 'Male', 'reference_column': 'child_sex_Male'}, 'maternal_education': {'reference': 'No education', 'reference_column': 'maternal_education_No education'}, 'literacy': {'reference': 'Cannot read at all', 'reference_column': 'literacy_Cannot read at all'}, 'wealth_quintile': {'reference': 'Poorest', 'reference_column': 'wealth_quintile_Poorest'}, 'residence': {'reference': 'Rural', 'reference_column': 'residence_Rural'}}"
waz,3,ethiopia,const,-1.0664584544290903,0.2352030020540701,-1.527447867510768,-0.6054690413474125,5.782105329506887e-06,5955,787,0,weight_original,cluster_robust_psu,False,"{'child_sex': {'reference': 'Male', 'reference_column': 'child_sex_Male'}, 'maternal_education': {'reference': 'No education', 'reference_column': 'maternal_education_No education'}, 'literacy': {'reference': 'Cannot read at all', 'reference_column': 'literacy_Cannot read at all'}, 'wealth_quintile': {'reference': 'Poorest', 'reference_column': 'wealth_quintile_Poorest'}, 'residence': {'reference': 'Rural', 'reference_column': 'residence_Rural'}}"
waz,3,ethiopia,water_rate_loo,-0.07290160427110416,0.1162850264129647,-0.3008160679818039,0.15501285943959558,0.530710574371327,5955,787,0,weight_original,cluster_robust_psu,False,"{'child_sex': {'reference': 'Male', 'reference_column': 'child_sex_Male'}, 'maternal_education': {'reference': 'No education', 'reference_column': 'maternal_education_No education'}, 'literacy': {'reference': 'Cannot read at all', 'reference_column': 'literacy_Cannot read at all'}, 'wealth_quintile': {'reference': 'Poorest', 'reference_column': 'wealth_quintile_Poorest'}, 'residence': {'reference': 'Rural', 'reference_column': 'residence_Rural'}}"
waz,3,ethiopia,sanitation_rate_loo_core,0.2684234304244463,0.11697939143041255,0.03914803628742422,0.4976988245614683,0.021754823181912363,5955,787,0,weight_original,cluster_robust_psu,False,"{'child_sex': {'reference': 'Male', 'reference_column': 'child_sex_Male'}, 'maternal_education': {'reference': 'No education', 'reference_column': 'maternal_education_No education'}, 'literacy': {'reference': 'Cannot read at all', 'reference_column': 'literacy_Cannot read at all'}, 'wealth_quintile': {'reference': 'Poorest', 'reference_column': 'wealth_quintile_Poorest'}, 'residence': {'reference': 'Rural', 'reference_column': 'residence_Rural'}}"
waz,3,ethiopia,b19_raw,-0.016485449697788628,0.0014815241700335577,-0.019389183713279995,-0.01358171568229726,9.233175946901791e-29,5955,787,0,weight_original,cluster_robust_psu,False,"{'child_sex': {'reference': 'Male', 'reference_column': 'child_sex_Male'}, 'maternal_education': {'reference': 'No education', 'reference_column': 'maternal_education_No education'}, 'literacy': {'reference': 'Cannot read at all', 'reference_column': 'literacy_Cannot read at all'}, 'wealth_quintile': {'reference': 'Poorest', 'reference_column': 'wealth_quintile_Poorest'}, 'residence': {'reference': 'Rural', 'reference_column': 'residence_Rural'}}"
waz,3,ethiopia,birth_order_raw,-0.03177252478511394,0.023287934168186804,-0.07741603702909983,0.013870987458871935,0.172462410140375,5955,787,0,weight_original,cluster_robust_psu,False,"{'child_sex': {'reference': 'Male', 'reference_column': 'child_sex_Male'}, 'maternal_education': {'reference': 'No education', 'reference_column': 'maternal_education_No education'}, 'literacy': {'reference': 'Cannot read at all', 'reference_column': 'literacy_Cannot read at all'}, 'wealth_quintile': {'reference': 'Poorest', 'reference_column': 'wealth_quintile_Poorest'}, 'residence': {'reference': 'Rural', 'reference_column': 'residence_Rural'}}"
waz,3,ethiopia,maternal_age,0.009331886768198178,0.007116361579804011,-0.004615925629182246,0.0232796991655786,0.18974685049648055,5955,787,0,weight_original,cluster_robust_psu,False,"{'child_sex': {'reference': 'Male', 'reference_column': 'child_sex_Male'}, 'maternal_education': {'reference': 'No education', 'reference_column': 'maternal_education_No education'}, 'literacy': {'reference': 'Cannot read at all', 'reference_column': 'literacy_Cannot read at all'}, 'wealth_quintile': {'reference': 'Poorest', 'reference_column': 'wealth_quintile_Poorest'}, 'residence': {'reference': 'Rural', 'reference_column': 'residence_Rural'}}"
waz,3,ethiopia,household_size_raw,0.018553678091242157,0.018566270308782697,-0.017835543041207276,0.05494289922369159,0.3176388431955256,5955,787,0,weight_original,cluster_robust_psu,False,"{'child_sex': {'reference': 'Male', 'reference_column': 'child_sex_Male'}, 'maternal_education': {'reference': 'No education', 'reference_column': 'maternal_education_No education'}, 'literacy': {'reference': 'Cannot read at all', 'reference_column': 'literacy_Cannot read at all'}, 'wealth_quintile': {'reference': 'Poorest', 'reference_column': 'wealth_quintile_Poorest'}, 'residence': {'reference': 'Rural', 'reference_column': 'residence_Rural'}}"
waz,3,ethiopia,child_sex_Female,0.07303653070990211,0.04583385473056793,-0.016796173834651817,0.16286923525445604,0.11104668332486325,5955,787,0,weight_original,cluster_robust_psu,False,"{'child_sex': {'reference': 'Male', 'reference_column': 'child_sex_Male'}, 'maternal_education': {'reference': 'No education', 'reference_column': 'maternal_education_No education'}, 'literacy': {'reference': 'Cannot read at all', 'reference_column': 'literacy_Cannot read at all'}, 'wealth_quintile': {'reference': 'Poorest', 'reference_column': 'wealth_quintile_Poorest'}, 'residence': {'reference': 'Rural', 'reference_column': 'residence_Rural'}}"
waz,3,ethiopia,maternal_education_Higher,0.3344546382532242,0.15568895357313461,0.029309896459151774,0.6395993800472966,0.03169602026338679,5955,787,0,weight_original,cluster_robust_psu,False,"{'child_sex': {'reference': 'Male', 'reference_column': 'child_sex_Male'}, 'maternal_education': {'reference': 'No education', 'reference_column': 'maternal_education_No education'}, 'literacy': {'reference': 'Cannot read at all', 'reference_column': 'literacy_Cannot read at all'}, 'wealth_quintile': {'reference': 'Poorest', 'reference_column': 'wealth_quintile_Poorest'}, 'residence': {'reference': 'Rural', 'reference_column': 'residence_Rural'}}"
waz,3,ethiopia,maternal_education_Primary,0.10458348032861292,0.08527046408081015,-0.0625435582147913,0.27171051887201714,0.2200138561460384,5955,787,0,weight_original,cluster_robust_psu,False,"{'child_sex': {'reference': 'Male', 'reference_column': 'child_sex_Male'}, 'maternal_education': {'reference': 'No education', 'reference_column': 'maternal_education_No education'}, 'literacy': {'reference': 'Cannot read at all', 'reference_column': 'literacy_Cannot read at all'}, 'wealth_quintile': {'reference': 'Poorest', 'reference_column': 'wealth_quintile_Poorest'}, 'residence': {'reference': 'Rural', 'reference_column': 'residence_Rural'}}"
waz,3,ethiopia,maternal_education_Secondary,0.27260304942500707,0.12505557738628764,0.027498621682021662,0.5177074771679925,0.02926819739400833,5955,787,0,weight_original,cluster_robust_psu,False,"{'child_sex': {'reference': 'Male', 'reference_column': 'child_sex_Male'}, 'maternal_education': {'reference': 'No education', 'reference_column': 'maternal_education_No education'}, 'literacy': {'reference': 'Cannot read at all', 'reference_column': 'literacy_Cannot read at all'}, 'wealth_quintile': {'reference': 'Poorest', 'reference_column': 'wealth_quintile_Poorest'}, 'residence': {'reference': 'Rural', 'reference_column': 'residence_Rural'}}"
waz,3,ethiopia,literacy_Able to read only parts of sentence,-0.001532269235747969,0.09281878205475609,-0.1834537391519426,0.18038920068044664,0.9868289756438644,5955,787,0,weight_original,cluster_robust_psu,False,"{'child_sex': {'reference': 'Male', 'reference_column': 'child_sex_Male'}, 'maternal_education': {'reference': 'No education', 'reference_column': 'maternal_education_No education'}, 'literacy': {'reference': 'Cannot read at all', 'reference_column': 'literacy_Cannot read at all'}, 'wealth_quintile': {'reference': 'Poorest', 'reference_column': 'wealth_quintile_Poorest'}, 'residence': {'reference': 'Rural', 'reference_column': 'residence_Rural'}}"
waz,3,ethiopia,literacy_Able to read whole sentence,-0.07200275663610478,0.0990483256906727,-0.2661339077188166,0.12212839444660709,0.46725920665500853,5955,787,0,weight_original,cluster_robust_psu,False,"{'child_sex': {'reference': 'Male', 'reference_column': 'child_sex_Male'}, 'maternal_education': {'reference': 'No education', 'reference_column': 'maternal_education_No education'}, 'literacy': {'reference': 'Cannot read at all', 'reference_column': 'literacy_Cannot read at all'}, 'wealth_quintile': {'reference': 'Poorest', 'reference_column': 'wealth_quintile_Poorest'}, 'residence': {'reference': 'Rural', 'reference_column': 'residence_Rural'}}"
waz,3,ethiopia,literacy_Blind/visually impaired,0.7416824602277106,0.2150706184450815,0.320151793942595,1.163213126512826,0.0005635985235590555,5955,787,0,weight_original,cluster_robust_psu,False,"{'child_sex': {'reference': 'Male', 'reference_column': 'child_sex_Male'}, 'maternal_education': {'reference': 'No education', 'reference_column': 'maternal_education_No education'}, 'literacy': {'reference': 'Cannot read at all', 'reference_column': 'literacy_Cannot read at all'}, 'wealth_quintile': {'reference': 'Poorest', 'reference_column': 'wealth_quintile_Poorest'}, 'residence': {'reference': 'Rural', 'reference_column': 'residence_Rural'}}"
waz,3,ethiopia,literacy_No card with required language,0.11818251313447592,0.36218480854072255,-0.5916866673528752,0.8280516936218271,0.7441940250895575,5955,787,0,weight_original,cluster_robust_psu,False,"{'child_sex': {'reference': 'Male', 'reference_column': 'child_sex_Male'}, 'maternal_education': {'reference': 'No education', 'reference_column': 'maternal_education_No education'}, 'literacy': {'reference': 'Cannot read at all', 'reference_column': 'literacy_Cannot read at all'}, 'wealth_quintile': {'reference': 'Poorest', 'reference_column': 'wealth_quintile_Poorest'}, 'residence': {'reference': 'Rural', 'reference_column': 'residence_Rural'}}"
waz,3,ethiopia,wealth_quintile_Middle,0.07310687276749031,0.09469261331853081,-0.11248723893880791,0.25870098447378853,0.44008831271236815,5955,787,0,weight_original,cluster_robust_psu,False,"{'child_sex': {'reference': 'Male', 'reference_column': 'child_sex_Male'}, 'maternal_education': {'reference': 'No education', 'reference_column': 'maternal_education_No education'}, 'literacy': {'reference': 'Cannot read at all', 'reference_column': 'literacy_Cannot read at all'}, 'wealth_quintile': {'reference': 'Poorest', 'reference_column': 'wealth_quintile_Poorest'}, 'residence': {'reference': 'Rural', 'reference_column': 'residence_Rural'}}"
waz,3,ethiopia,wealth_quintile_Poorer,0.07950757751282882,0.09060828098247137,-0.09808138991390057,0.2570965449395582,0.3802222435969932,5955,787,0,weight_original,cluster_robust_psu,False,"{'child_sex': {'reference': 'Male', 'reference_column': 'child_sex_Male'}, 'maternal_education': {'reference': 'No education', 'reference_column': 'maternal_education_No education'}, 'literacy': {'reference': 'Cannot read at all', 'reference_column': 'literacy_Cannot read at all'}, 'wealth_quintile': {'reference': 'Poorest', 'reference_column': 'wealth_quintile_Poorest'}, 'residence': {'reference': 'Rural', 'reference_column': 'residence_Rural'}}"
waz,3,ethiopia,wealth_quintile_Richer,0.17793797576546827,0.11617455416362973,-0.04975996631524379,0.40563591784618036,0.1256104849634887,5955,787,0,weight_original,cluster_robust_psu,False,"{'child_sex': {'reference': 'Male', 'reference_column': 'child_sex_Male'}, 'maternal_education': {'reference': 'No education', 'reference_column': 'maternal_education_No education'}, 'literacy': {'reference': 'Cannot read at all', 'reference_column': 'literacy_Cannot read at all'}, 'wealth_quintile': {'reference': 'Poorest', 'reference_column': 'wealth_quintile_Poorest'}, 'residence': {'reference': 'Rural', 'reference_column': 'residence_Rural'}}"
waz,3,ethiopia,wealth_quintile_Richest,0.4296699463746551,0.17862100212963594,0.07957921531811635,0.7797606774311938,0.016151063225718715,5955,787,0,weight_original,cluster_robust_psu,False,"{'child_sex': {'reference': 'Male', 'reference_column': 'child_sex_Male'}, 'maternal_education': {'reference': 'No education', 'reference_column': 'maternal_education_No education'}, 'literacy': {'reference': 'Cannot read at all', 'reference_column': 'literacy_Cannot read at all'}, 'wealth_quintile': {'reference': 'Poorest', 'reference_column': 'wealth_quintile_Poorest'}, 'residence': {'reference': 'Rural', 'reference_column': 'residence_Rural'}}"
waz,3,ethiopia,residence_Urban,-0.07677835353534952,0.1260713366099311,-0.3238736327736405,0.17031692570294144,0.5425196569073536,5955,787,0,weight_original,cluster_robust_psu,False,"{'child_sex': {'reference': 'Male', 'reference_column': 'child_sex_Male'}, 'maternal_education': {'reference': 'No education', 'reference_column': 'maternal_education_No education'}, 'literacy': {'reference': 'Cannot read at all', 'reference_column': 'literacy_Cannot read at all'}, 'wealth_quintile': {'reference': 'Poorest', 'reference_column': 'wealth_quintile_Poorest'}, 'residence': {'reference': 'Rural', 'reference_column': 'residence_Rural'}}"
waz,3,ghana,const,-1.4207104794583973,0.1589357522346713,-1.7322188296941345,-1.1092021292226601,3.9307041244614135e-19,4411,616,0,weight_original,cluster_robust_psu,False,"{'child_sex': {'reference': 'Male', 'reference_column': 'child_sex_Male'}, 'maternal_education': {'reference': 'No education', 'reference_column': 'maternal_education_No education'}, 'literacy': {'reference': 'Cannot read at all', 'reference_column': 'literacy_Cannot read at all'}, 'wealth_quintile': {'reference': 'Poorest', 'reference_column': 'wealth_quintile_Poorest'}, 'residence': {'reference': 'Rural', 'reference_column': 'residence_Rural'}}"
waz,3,ghana,water_rate_loo,0.11429688688307872,0.08802108075858708,-0.05822126128404349,0.28681503505020095,0.19410967155408898,4411,616,0,weight_original,cluster_robust_psu,False,"{'child_sex': {'reference': 'Male', 'reference_column': 'child_sex_Male'}, 'maternal_education': {'reference': 'No education', 'reference_column': 'maternal_education_No education'}, 'literacy': {'reference': 'Cannot read at all', 'reference_column': 'literacy_Cannot read at all'}, 'wealth_quintile': {'reference': 'Poorest', 'reference_column': 'wealth_quintile_Poorest'}, 'residence': {'reference': 'Rural', 'reference_column': 'residence_Rural'}}"
waz,3,ghana,sanitation_rate_loo_core,0.09669143282514232,0.10464136537610533,-0.10840187460512073,0.30178474025540536,0.35547232860301003,4411,616,0,weight_original,cluster_robust_psu,False,"{'child_sex': {'reference': 'Male', 'reference_column': 'child_sex_Male'}, 'maternal_education': {'reference': 'No education', 'reference_column': 'maternal_education_No education'}, 'literacy': {'reference': 'Cannot read at all', 'reference_column': 'literacy_Cannot read at all'}, 'wealth_quintile': {'reference': 'Poorest', 'reference_column': 'wealth_quintile_Poorest'}, 'residence': {'reference': 'Rural', 'reference_column': 'residence_Rural'}}"
waz,3,ghana,b19_raw,-0.005140086947019741,0.0013361851021748898,-0.007758961623961497,-0.0025212122700779844,0.00011965227437527083,4411,616,0,weight_original,cluster_robust_psu,False,"{'child_sex': {'reference': 'Male', 'reference_column': 'child_sex_Male'}, 'maternal_education': {'reference': 'No education', 'reference_column': 'maternal_education_No education'}, 'literacy': {'reference': 'Cannot read at all', 'reference_column': 'literacy_Cannot read at all'}, 'wealth_quintile': {'reference': 'Poorest', 'reference_column': 'wealth_quintile_Poorest'}, 'residence': {'reference': 'Rural', 'reference_column': 'residence_Rural'}}"
waz,3,ghana,birth_order_raw,0.002635976939401922,0.020523054316497782,-0.03758847037369303,0.04286042425249687,0.8978009381486887,4411,616,0,weight_original,cluster_robust_psu,False,"{'child_sex': {'reference': 'Male', 'reference_column': 'child_sex_Male'}, 'maternal_education': {'reference': 'No education', 'reference_column': 'maternal_education_No education'}, 'literacy': {'reference': 'Cannot read at all', 'reference_column': 'literacy_Cannot read at all'}, 'wealth_quintile': {'reference': 'Poorest', 'reference_column': 'wealth_quintile_Poorest'}, 'residence': {'reference': 'Rural', 'reference_column': 'residence_Rural'}}"
waz,3,ghana,maternal_age,0.012493151745596547,0.006116825765386742,0.0005043935457318821,0.024481909945461212,0.04110949111597976,4411,616,0,weight_original,cluster_robust_psu,False,"{'child_sex': {'reference': 'Male', 'reference_column': 'child_sex_Male'}, 'maternal_education': {'reference': 'No education', 'reference_column': 'maternal_education_No education'}, 'literacy': {'reference': 'Cannot read at all', 'reference_column': 'literacy_Cannot read at all'}, 'wealth_quintile': {'reference': 'Poorest', 'reference_column': 'wealth_quintile_Poorest'}, 'residence': {'reference': 'Rural', 'reference_column': 'residence_Rural'}}"
waz,3,ghana,household_size_raw,-0.0015385046212748777,0.008696854467616658,-0.018584026156589793,0.015507016914040037,0.8595841327541773,4411,616,0,weight_original,cluster_robust_psu,False,"{'child_sex': {'reference': 'Male', 'reference_column': 'child_sex_Male'}, 'maternal_education': {'reference': 'No education', 'reference_column': 'maternal_education_No education'}, 'literacy': {'reference': 'Cannot read at all', 'reference_column': 'literacy_Cannot read at all'}, 'wealth_quintile': {'reference': 'Poorest', 'reference_column': 'wealth_quintile_Poorest'}, 'residence': {'reference': 'Rural', 'reference_column': 'residence_Rural'}}"
waz,3,ghana,child_sex_Female,0.10855935802488437,0.04381982614125632,0.02267407697921521,0.19444463907055354,0.01323424672161522,4411,616,0,weight_original,cluster_robust_psu,False,"{'child_sex': {'reference': 'Male', 'reference_column': 'child_sex_Male'}, 'maternal_education': {'reference': 'No education', 'reference_column': 'maternal_education_No education'}, 'literacy': {'reference': 'Cannot read at all', 'reference_column': 'literacy_Cannot read at all'}, 'wealth_quintile': {'reference': 'Poorest', 'reference_column': 'wealth_quintile_Poorest'}, 'residence': {'reference': 'Rural', 'reference_column': 'residence_Rural'}}"
waz,3,ghana,maternal_education_Higher,0.3634220969622909,0.1351484367953848,0.09853602827644886,0.6283081656481329,0.0071653790649727125,4411,616,0,weight_original,cluster_robust_psu,False,"{'child_sex': {'reference': 'Male', 'reference_column': 'child_sex_Male'}, 'maternal_education': {'reference': 'No education', 'reference_column': 'maternal_education_No education'}, 'literacy': {'reference': 'Cannot read at all', 'reference_column': 'literacy_Cannot read at all'}, 'wealth_quintile': {'reference': 'Poorest', 'reference_column': 'wealth_quintile_Poorest'}, 'residence': {'reference': 'Rural', 'reference_column': 'residence_Rural'}}"
waz,3,ghana,maternal_education_Primary,0.02331887908893471,0.08068450078623846,-0.13481983656268634,0.18145759474055576,0.772571339563014,4411,616,0,weight_original,cluster_robust_psu,False,"{'child_sex': {'reference': 'Male', 'reference_column': 'child_sex_Male'}, 'maternal_education': {'reference': 'No education', 'reference_column': 'maternal_education_No education'}, 'literacy': {'reference': 'Cannot read at all', 'reference_column': 'literacy_Cannot read at all'}, 'wealth_quintile': {'reference': 'Poorest', 'reference_column': 'wealth_quintile_Poorest'}, 'residence': {'reference': 'Rural', 'reference_column': 'residence_Rural'}}"
waz,3,ghana,maternal_education_Secondary,0.15375055004783453,0.08381893585819196,-0.010531545456694602,0.31803264555236366,0.06660686169725198,4411,616,0,weight_original,cluster_robust_psu,False,"{'child_sex': {'reference': 'Male', 'reference_column': 'child_sex_Male'}, 'maternal_education': {'reference': 'No education', 'reference_column': 'maternal_education_No education'}, 'literacy': {'reference': 'Cannot read at all', 'reference_column': 'literacy_Cannot read at all'}, 'wealth_quintile': {'reference': 'Poorest', 'reference_column': 'wealth_quintile_Poorest'}, 'residence': {'reference': 'Rural', 'reference_column': 'residence_Rural'}}"
waz,3,ghana,literacy_Able to read only parts of sentence,0.033820964290622875,0.0943270421393478,-0.15105664107069083,0.21869856965193657,0.7199317305754257,4411,616,0,weight_original,cluster_robust_psu,False,"{'child_sex': {'reference': 'Male', 'reference_column': 'child_sex_Male'}, 'maternal_education': {'reference': 'No education', 'reference_column': 'maternal_education_No education'}, 'literacy': {'reference': 'Cannot read at all', 'reference_column': 'literacy_Cannot read at all'}, 'wealth_quintile': {'reference': 'Poorest', 'reference_column': 'wealth_quintile_Poorest'}, 'residence': {'reference': 'Rural', 'reference_column': 'residence_Rural'}}"
waz,3,ghana,literacy_Able to read whole sentence,0.08472244608900258,0.0835574786646081,-0.07904720273260325,0.24849209491060842,0.3106103770530291,4411,616,0,weight_original,cluster_robust_psu,False,"{'child_sex': {'reference': 'Male', 'reference_column': 'child_sex_Male'}, 'maternal_education': {'reference': 'No education', 'reference_column': 'maternal_education_No education'}, 'literacy': {'reference': 'Cannot read at all', 'reference_column': 'literacy_Cannot read at all'}, 'wealth_quintile': {'reference': 'Poorest', 'reference_column': 'wealth_quintile_Poorest'}, 'residence': {'reference': 'Rural', 'reference_column': 'residence_Rural'}}"
waz,3,ghana,literacy_Blind/visually impaired,-0.43182433234019535,0.07655337225790565,-0.5818661848607781,-0.2817824798196126,1.692352951595294e-08,4411,616,0,weight_original,cluster_robust_psu,False,"{'child_sex': {'reference': 'Male', 'reference_column': 'child_sex_Male'}, 'maternal_education': {'reference': 'No education', 'reference_column': 'maternal_education_No education'}, 'literacy': {'reference': 'Cannot read at all', 'reference_column': 'literacy_Cannot read at all'}, 'wealth_quintile': {'reference': 'Poorest', 'reference_column': 'wealth_quintile_Poorest'}, 'residence': {'reference': 'Rural', 'reference_column': 'residence_Rural'}}"
waz,3,ghana,literacy_No card with required language,0.6007181125696865,0.2714955060600368,0.06859669872753837,1.1328395264118347,0.026923416340033108,4411,616,0,weight_original,cluster_robust_psu,False,"{'child_sex': {'reference': 'Male', 'reference_column': 'child_sex_Male'}, 'maternal_education': {'reference': 'No education', 'reference_column': 'maternal_education_No education'}, 'literacy': {'reference': 'Cannot read at all', 'reference_column': 'literacy_Cannot read at all'}, 'wealth_quintile': {'reference': 'Poorest', 'reference_column': 'wealth_quintile_Poorest'}, 'residence': {'reference': 'Rural', 'reference_column': 'residence_Rural'}}"
waz,3,ghana,wealth_quintile_Middle,0.0030999124916044375,0.08606505603343793,-0.1655844976613556,0.17178432264456447,0.9712678089719701,4411,616,0,weight_original,cluster_robust_psu,False,"{'child_sex': {'reference': 'Male', 'reference_column': 'child_sex_Male'}, 'maternal_education': {'reference': 'No education', 'reference_column': 'maternal_education_No education'}, 'literacy': {'reference': 'Cannot read at all', 'reference_column': 'literacy_Cannot read at all'}, 'wealth_quintile': {'reference': 'Poorest', 'reference_column': 'wealth_quintile_Poorest'}, 'residence': {'reference': 'Rural', 'reference_column': 'residence_Rural'}}"
waz,3,ghana,wealth_quintile_Poorer,-0.11653307539749597,0.058210197240105385,-0.23062296552107536,-0.0024431852739165566,0.045291641124506336,4411,616,0,weight_original,cluster_robust_psu,False,"{'child_sex': {'reference': 'Male', 'reference_column': 'child_sex_Male'}, 'maternal_education': {'reference': 'No education', 'reference_column': 'maternal_education_No education'}, 'literacy': {'reference': 'Cannot read at all', 'reference_column': 'literacy_Cannot read at all'}, 'wealth_quintile': {'reference': 'Poorest', 'reference_column': 'wealth_quintile_Poorest'}, 'residence': {'reference': 'Rural', 'reference_column': 'residence_Rural'}}"
waz,3,ghana,wealth_quintile_Richer,-0.028701856164710854,0.09137197341907818,-0.20778763326245522,0.15038392093303352,0.7534291363209509,4411,616,0,weight_original,cluster_robust_psu,False,"{'child_sex': {'reference': 'Male', 'reference_column': 'child_sex_Male'}, 'maternal_education': {'reference': 'No education', 'reference_column': 'maternal_education_No education'}, 'literacy': {'reference': 'Cannot read at all', 'reference_column': 'literacy_Cannot read at all'}, 'wealth_quintile': {'reference': 'Poorest', 'reference_column': 'wealth_quintile_Poorest'}, 'residence': {'reference': 'Rural', 'reference_column': 'residence_Rural'}}"
waz,3,ghana,wealth_quintile_Richest,0.26931472860208583,0.10926892365735971,0.05515157360420411,0.4834778835999676,0.013712936764914758,4411,616,0,weight_original,cluster_robust_psu,False,"{'child_sex': {'reference': 'Male', 'reference_column': 'child_sex_Male'}, 'maternal_education': {'reference': 'No education', 'reference_column': 'maternal_education_No education'}, 'literacy': {'reference': 'Cannot read at all', 'reference_column': 'literacy_Cannot read at all'}, 'wealth_quintile': {'reference': 'Poorest', 'reference_column': 'wealth_quintile_Poorest'}, 'residence': {'reference': 'Rural', 'reference_column': 'residence_Rural'}}"
waz,3,ghana,residence_Urban,-0.039694934741719826,0.049115436636880366,-0.13595942163496444,0.056569552151524774,0.41897734622162575,4411,616,0,weight_original,cluster_robust_psu,False,"{'child_sex': {'reference': 'Male', 'reference_column': 'child_sex_Male'}, 'maternal_education': {'reference': 'No education', 'reference_column': 'maternal_education_No education'}, 'literacy': {'reference': 'Cannot read at all', 'reference_column': 'literacy_Cannot read at all'}, 'wealth_quintile': {'reference': 'Poorest', 'reference_column': 'wealth_quintile_Poorest'}, 'residence': {'reference': 'Rural', 'reference_column': 'residence_Rural'}}"
waz,3,kenya,const,-1.3123480873322928,0.07842271016910853,-1.4660537748337685,-1.158642399830817,7.373559573820831e-63,17381,1688,0,weight_original,cluster_robust_psu,False,"{'child_sex': {'reference': 'Male', 'reference_column': 'child_sex_Male'}, 'maternal_education': {'reference': 'No education', 'reference_column': 'maternal_education_No education'}, 'literacy': {'reference': 'Cannot read at all', 'reference_column': 'literacy_Cannot read at all'}, 'wealth_quintile': {'reference': 'Poorest', 'reference_column': 'wealth_quintile_Poorest'}, 'residence': {'reference': 'Rural', 'reference_column': 'residence_Rural'}}"
waz,3,kenya,water_rate_loo,0.10808702963539442,0.04743561401690622,0.015114934577714859,0.20105912469307397,0.022690553498941807,17381,1688,0,weight_original,cluster_robust_psu,False,"{'child_sex': {'reference': 'Male', 'reference_column': 'child_sex_Male'}, 'maternal_education': {'reference': 'No education', 'reference_column': 'maternal_education_No education'}, 'literacy': {'reference': 'Cannot read at all', 'reference_column': 'literacy_Cannot read at all'}, 'wealth_quintile': {'reference': 'Poorest', 'reference_column': 'wealth_quintile_Poorest'}, 'residence': {'reference': 'Rural', 'reference_column': 'residence_Rural'}}"
waz,3,kenya,sanitation_rate_loo_core,-0.0495816517758271,0.05889188065479743,-0.1650076168410612,0.065844313289407,0.39983844143200675,17381,1688,0,weight_original,cluster_robust_psu,False,"{'child_sex': {'reference': 'Male', 'reference_column': 'child_sex_Male'}, 'maternal_education': {'reference': 'No education', 'reference_column': 'maternal_education_No education'}, 'literacy': {'reference': 'Cannot read at all', 'reference_column': 'literacy_Cannot read at all'}, 'wealth_quintile': {'reference': 'Poorest', 'reference_column': 'wealth_quintile_Poorest'}, 'residence': {'reference': 'Rural', 'reference_column': 'residence_Rural'}}"
waz,3,kenya,b19_raw,-0.011862588963013959,0.0006594486363946411,-0.013155084540001504,-0.010570093386026413,2.391237506122261e-72,17381,1688,0,weight_original,cluster_robust_psu,False,"{'child_sex': {'reference': 'Male', 'reference_column': 'child_sex_Male'}, 'maternal_education': {'reference': 'No education', 'reference_column': 'maternal_education_No education'}, 'literacy': {'reference': 'Cannot read at all', 'reference_column': 'literacy_Cannot read at all'}, 'wealth_quintile': {'reference': 'Poorest', 'reference_column': 'wealth_quintile_Poorest'}, 'residence': {'reference': 'Rural', 'reference_column': 'residence_Rural'}}"
waz,3,kenya,birth_order_raw,-0.03416991969664248,0.009689937450825485,-0.05316184811270629,-0.015177991280578666,0.0004213611597537919,17381,1688,0,weight_original,cluster_robust_psu,False,"{'child_sex': {'reference': 'Male', 'reference_column': 'child_sex_Male'}, 'maternal_education': {'reference': 'No education', 'reference_column': 'maternal_education_No education'}, 'literacy': {'reference': 'Cannot read at all', 'reference_column': 'literacy_Cannot read at all'}, 'wealth_quintile': {'reference': 'Poorest', 'reference_column': 'wealth_quintile_Poorest'}, 'residence': {'reference': 'Rural', 'reference_column': 'residence_Rural'}}"
waz,3,kenya,maternal_age,0.016702405320018765,0.0028586585835755694,0.011099537452114365,0.022305273187923164,5.13484316330383e-09,17381,1688,0,weight_original,cluster_robust_psu,False,"{'child_sex': {'reference': 'Male', 'reference_column': 'child_sex_Male'}, 'maternal_education': {'reference': 'No education', 'reference_column': 'maternal_education_No education'}, 'literacy': {'reference': 'Cannot read at all', 'reference_column': 'literacy_Cannot read at all'}, 'wealth_quintile': {'reference': 'Poorest', 'reference_column': 'wealth_quintile_Poorest'}, 'residence': {'reference': 'Rural', 'reference_column': 'residence_Rural'}}"
waz,3,kenya,household_size_raw,-0.012354120766178608,0.005537692228935309,-0.02320779809235915,-0.0015004434399980664,0.02568675865892344,17381,1688,0,weight_original,cluster_robust_psu,False,"{'child_sex': {'reference': 'Male', 'reference_column': 'child_sex_Male'}, 'maternal_education': {'reference': 'No education', 'reference_column': 'maternal_education_No education'}, 'literacy': {'reference': 'Cannot read at all', 'reference_column': 'literacy_Cannot read at all'}, 'wealth_quintile': {'reference': 'Poorest', 'reference_column': 'wealth_quintile_Poorest'}, 'residence': {'reference': 'Rural', 'reference_column': 'residence_Rural'}}"
waz,3,kenya,child_sex_Female,0.12203922130426208,0.023345544551076493,0.07628279478467684,0.16779564782384732,1.7180199284604847e-07,17381,1688,0,weight_original,cluster_robust_psu,False,"{'child_sex': {'reference': 'Male', 'reference_column': 'child_sex_Male'}, 'maternal_education': {'reference': 'No education', 'reference_column': 'maternal_education_No education'}, 'literacy': {'reference': 'Cannot read at all', 'reference_column': 'literacy_Cannot read at all'}, 'wealth_quintile': {'reference': 'Poorest', 'reference_column': 'wealth_quintile_Poorest'}, 'residence': {'reference': 'Rural', 'reference_column': 'residence_Rural'}}"
waz,3,kenya,maternal_education_Higher,0.3321634921418484,0.07721544357696715,0.18082400368070817,0.4835029806029887,1.6943504712542227e-05,17381,1688,0,weight_original,cluster_robust_psu,False,"{'child_sex': {'reference': 'Male', 'reference_column': 'child_sex_Male'}, 'maternal_education': {'reference': 'No education', 'reference_column': 'maternal_education_No education'}, 'literacy': {'reference': 'Cannot read at all', 'reference_column': 'literacy_Cannot read at all'}, 'wealth_quintile': {'reference': 'Poorest', 'reference_column': 'wealth_quintile_Poorest'}, 'residence': {'reference': 'Rural', 'reference_column': 'residence_Rural'}}"
waz,3,kenya,maternal_education_Primary,0.2065214691433086,0.061637205946887166,0.08571476537973172,0.3273281729068855,0.0008063741171582075,17381,1688,0,weight_original,cluster_robust_psu,False,"{'child_sex': {'reference': 'Male', 'reference_column': 'child_sex_Male'}, 'maternal_education': {'reference': 'No education', 'reference_column': 'maternal_education_No education'}, 'literacy': {'reference': 'Cannot read at all', 'reference_column': 'literacy_Cannot read at all'}, 'wealth_quintile': {'reference': 'Poorest', 'reference_column': 'wealth_quintile_Poorest'}, 'residence': {'reference': 'Rural', 'reference_column': 'residence_Rural'}}"
waz,3,kenya,maternal_education_Secondary,0.28535356194534367,0.0700089132117473,0.14813861345352858,0.42256851043715876,4.5824806118709674e-05,17381,1688,0,weight_original,cluster_robust_psu,False,"{'child_sex': {'reference': 'Male', 'reference_column': 'child_sex_Male'}, 'maternal_education': {'reference': 'No education', 'reference_column': 'maternal_education_No education'}, 'literacy': {'reference': 'Cannot read at all', 'reference_column': 'literacy_Cannot read at all'}, 'wealth_quintile': {'reference': 'Poorest', 'reference_column': 'wealth_quintile_Poorest'}, 'residence': {'reference': 'Rural', 'reference_column': 'residence_Rural'}}"
waz,3,kenya,literacy_Able to read only parts of sentence,0.049855184690098336,0.061139086247597944,-0.06997522240288175,0.1696855917830784,0.4148211678495066,17381,1688,0,weight_original,cluster_robust_psu,False,"{'child_sex': {'reference': 'Male', 'reference_column': 'child_sex_Male'}, 'maternal_education': {'reference': 'No education', 'reference_column': 'maternal_education_No education'}, 'literacy': {'reference': 'Cannot read at all', 'reference_column': 'literacy_Cannot read at all'}, 'wealth_quintile': {'reference': 'Poorest', 'reference_column': 'wealth_quintile_Poorest'}, 'residence': {'reference': 'Rural', 'reference_column': 'residence_Rural'}}"
waz,3,kenya,literacy_Able to read whole sentence,0.11129757862506892,0.058362051108687064,-0.003089939611843659,0.22568509686198152,0.05651804220179239,17381,1688,0,weight_original,cluster_robust_psu,False,"{'child_sex': {'reference': 'Male', 'reference_column': 'child_sex_Male'}, 'maternal_education': {'reference': 'No education', 'reference_column': 'maternal_education_No education'}, 'literacy': {'reference': 'Cannot read at all', 'reference_column': 'literacy_Cannot read at all'}, 'wealth_quintile': {'reference': 'Poorest', 'reference_column': 'wealth_quintile_Poorest'}, 'residence': {'reference': 'Rural', 'reference_column': 'residence_Rural'}}"
waz,3,kenya,literacy_Blind/visually impaired,0.5190976954299736,0.3811522730893574,-0.2279470324507421,1.2661424233106895,0.1732241342407016,17381,1688,0,weight_original,cluster_robust_psu,False,"{'child_sex': {'reference': 'Male', 'reference_column': 'child_sex_Male'}, 'maternal_education': {'reference': 'No education', 'reference_column': 'maternal_education_No education'}, 'literacy': {'reference': 'Cannot read at all', 'reference_column': 'literacy_Cannot read at all'}, 'wealth_quintile': {'reference': 'Poorest', 'reference_column': 'wealth_quintile_Poorest'}, 'residence': {'reference': 'Rural', 'reference_column': 'residence_Rural'}}"
waz,3,kenya,literacy_No card with required language,0.8366679833126186,0.3041479623219906,0.24054893119027165,1.4327870354349654,0.005943932679266078,17381,1688,0,weight_original,cluster_robust_psu,False,"{'child_sex': {'reference': 'Male', 'reference_column': 'child_sex_Male'}, 'maternal_education': {'reference': 'No education', 'reference_column': 'maternal_education_No education'}, 'literacy': {'reference': 'Cannot read at all', 'reference_column': 'literacy_Cannot read at all'}, 'wealth_quintile': {'reference': 'Poorest', 'reference_column': 'wealth_quintile_Poorest'}, 'residence': {'reference': 'Rural', 'reference_column': 'residence_Rural'}}"
waz,3,kenya,wealth_quintile_Middle,0.3356793273456914,0.039680762036634155,0.2579064628747842,0.4134521918165986,2.6853093811283687e-17,17381,1688,0,weight_original,cluster_robust_psu,False,"{'child_sex': {'reference': 'Male', 'reference_column': 'child_sex_Male'}, 'maternal_education': {'reference': 'No education', 'reference_column': 'maternal_education_No education'}, 'literacy': {'reference': 'Cannot read at all', 'reference_column': 'literacy_Cannot read at all'}, 'wealth_quintile': {'reference': 'Poorest', 'reference_column': 'wealth_quintile_Poorest'}, 'residence': {'reference': 'Rural', 'reference_column': 'residence_Rural'}}"
waz,3,kenya,wealth_quintile_Poorer,0.24158114041901307,0.03568228918851311,0.17164513872358445,0.3115171421144417,1.2848232458411455e-11,17381,1688,0,weight_original,cluster_robust_psu,False,"{'child_sex': {'reference': 'Male', 'reference_column': 'child_sex_Male'}, 'maternal_education': {'reference': 'No education', 'reference_column': 'maternal_education_No education'}, 'literacy': {'reference': 'Cannot read at all', 'reference_column': 'literacy_Cannot read at all'}, 'wealth_quintile': {'reference': 'Poorest', 'reference_column': 'wealth_quintile_Poorest'}, 'residence': {'reference': 'Rural', 'reference_column': 'residence_Rural'}}"
waz,3,kenya,wealth_quintile_Richer,0.4574080188301358,0.04671906840100407,0.36584032737290456,0.5489757102873671,1.2355241887666457e-22,17381,1688,0,weight_original,cluster_robust_psu,False,"{'child_sex': {'reference': 'Male', 'reference_column': 'child_sex_Male'}, 'maternal_education': {'reference': 'No education', 'reference_column': 'maternal_education_No education'}, 'literacy': {'reference': 'Cannot read at all', 'reference_column': 'literacy_Cannot read at all'}, 'wealth_quintile': {'reference': 'Poorest', 'reference_column': 'wealth_quintile_Poorest'}, 'residence': {'reference': 'Rural', 'reference_column': 'residence_Rural'}}"
waz,3,kenya,wealth_quintile_Richest,0.6521672425609134,0.07320792763355337,0.5086823410163342,0.7956521441054926,5.1763208531662965e-19,17381,1688,0,weight_original,cluster_robust_psu,False,"{'child_sex': {'reference': 'Male', 'reference_column': 'child_sex_Male'}, 'maternal_education': {'reference': 'No education', 'reference_column': 'maternal_education_No education'}, 'literacy': {'reference': 'Cannot read at all', 'reference_column': 'literacy_Cannot read at all'}, 'wealth_quintile': {'reference': 'Poorest', 'reference_column': 'wealth_quintile_Poorest'}, 'residence': {'reference': 'Rural', 'reference_column': 'residence_Rural'}}"
waz,3,kenya,residence_Urban,-0.05523148878001604,0.04187223294953107,-0.1372995573133683,0.026836579753336205,0.1871530367008305,17381,1688,0,weight_original,cluster_robust_psu,False,"{'child_sex': {'reference': 'Male', 'reference_column': 'child_sex_Male'}, 'maternal_education': {'reference': 'No education', 'reference_column': 'maternal_education_No education'}, 'literacy': {'reference': 'Cannot read at all', 'reference_column': 'literacy_Cannot read at all'}, 'wealth_quintile': {'reference': 'Poorest', 'reference_column': 'wealth_quintile_Poorest'}, 'residence': {'reference': 'Rural', 'reference_column': 'residence_Rural'}}"
waz,3,nigeria,const,-1.8266122926115598,0.0918297620352565,-2.0065953189095462,-1.6466292663135735,4.841495047326087e-88,9513,1343,0,weight_original,cluster_robust_psu,False,"{'child_sex': {'reference': 'Male', 'reference_column': 'child_sex_Male'}, 'maternal_education': {'reference': 'No education', 'reference_column': 'maternal_education_No education'}, 'literacy': {'reference': 'Cannot read at all', 'reference_column': 'literacy_Cannot read at all'}, 'wealth_quintile': {'reference': 'Poorest', 'reference_column': 'wealth_quintile_Poorest'}, 'residence': {'reference': 'Rural', 'reference_column': 'residence_Rural'}}"
waz,3,nigeria,water_rate_loo,0.03221396977087535,0.06153949537704357,-0.0884012247948992,0.1528291643366499,0.6006484647596874,9513,1343,0,weight_original,cluster_robust_psu,False,"{'child_sex': {'reference': 'Male', 'reference_column': 'child_sex_Male'}, 'maternal_education': {'reference': 'No education', 'reference_column': 'maternal_education_No education'}, 'literacy': {'reference': 'Cannot read at all', 'reference_column': 'literacy_Cannot read at all'}, 'wealth_quintile': {'reference': 'Poorest', 'reference_column': 'wealth_quintile_Poorest'}, 'residence': {'reference': 'Rural', 'reference_column': 'residence_Rural'}}"
waz,3,nigeria,sanitation_rate_loo_core,-0.17381471388593403,0.0701837746010209,-0.311372384403012,-0.036257043368856046,0.013265328725798565,9513,1343,0,weight_original,cluster_robust_psu,False,"{'child_sex': {'reference': 'Male', 'reference_column': 'child_sex_Male'}, 'maternal_education': {'reference': 'No education', 'reference_column': 'maternal_education_No education'}, 'literacy': {'reference': 'Cannot read at all', 'reference_column': 'literacy_Cannot read at all'}, 'wealth_quintile': {'reference': 'Poorest', 'reference_column': 'wealth_quintile_Poorest'}, 'residence': {'reference': 'Rural', 'reference_column': 'residence_Rural'}}"
waz,3,nigeria,b19_raw,-0.008326169837928393,0.0009287409421543636,-0.010146468635518744,-0.006505871040338043,3.1025876018603866e-19,9513,1343,0,weight_original,cluster_robust_psu,False,"{'child_sex': {'reference': 'Male', 'reference_column': 'child_sex_Male'}, 'maternal_education': {'reference': 'No education', 'reference_column': 'maternal_education_No education'}, 'literacy': {'reference': 'Cannot read at all', 'reference_column': 'literacy_Cannot read at all'}, 'wealth_quintile': {'reference': 'Poorest', 'reference_column': 'wealth_quintile_Poorest'}, 'residence': {'reference': 'Rural', 'reference_column': 'residence_Rural'}}"
waz,3,nigeria,birth_order_raw,-0.04708045672178381,0.009798805643240942,-0.06628576287404389,-0.027875150569523728,1.5497302035673085e-06,9513,1343,0,weight_original,cluster_robust_psu,False,"{'child_sex': {'reference': 'Male', 'reference_column': 'child_sex_Male'}, 'maternal_education': {'reference': 'No education', 'reference_column': 'maternal_education_No education'}, 'literacy': {'reference': 'Cannot read at all', 'reference_column': 'literacy_Cannot read at all'}, 'wealth_quintile': {'reference': 'Poorest', 'reference_column': 'wealth_quintile_Poorest'}, 'residence': {'reference': 'Rural', 'reference_column': 'residence_Rural'}}"
waz,3,nigeria,maternal_age,0.018741755536572986,0.003308238124740148,0.012257727959799968,0.025225783113346004,1.4687258684204319e-08,9513,1343,0,weight_original,cluster_robust_psu,False,"{'child_sex': {'reference': 'Male', 'reference_column': 'child_sex_Male'}, 'maternal_education': {'reference': 'No education', 'reference_column': 'maternal_education_No education'}, 'literacy': {'reference': 'Cannot read at all', 'reference_column': 'literacy_Cannot read at all'}, 'wealth_quintile': {'reference': 'Poorest', 'reference_column': 'wealth_quintile_Poorest'}, 'residence': {'reference': 'Rural', 'reference_column': 'residence_Rural'}}"
waz,3,nigeria,household_size_raw,-0.0077288498372068415,0.005190531277751114,-0.017902104202227695,0.0024444045278140102,0.13647982168897066,9513,1343,0,weight_original,cluster_robust_psu,False,"{'child_sex': {'reference': 'Male', 'reference_column': 'child_sex_Male'}, 'maternal_education': {'reference': 'No education', 'reference_column': 'maternal_education_No education'}, 'literacy': {'reference': 'Cannot read at all', 'reference_column': 'literacy_Cannot read at all'}, 'wealth_quintile': {'reference': 'Poorest', 'reference_column': 'wealth_quintile_Poorest'}, 'residence': {'reference': 'Rural', 'reference_column': 'residence_Rural'}}"
waz,3,nigeria,child_sex_Female,0.08857668083759372,0.02831941804306442,0.033071641410053684,0.14408172026513377,0.001761368001364236,9513,1343,0,weight_original,cluster_robust_psu,False,"{'child_sex': {'reference': 'Male', 'reference_column': 'child_sex_Male'}, 'maternal_education': {'reference': 'No education', 'reference_column': 'maternal_education_No education'}, 'literacy': {'reference': 'Cannot read at all', 'reference_column': 'literacy_Cannot read at all'}, 'wealth_quintile': {'reference': 'Poorest', 'reference_column': 'wealth_quintile_Poorest'}, 'residence': {'reference': 'Rural', 'reference_column': 'residence_Rural'}}"
waz,3,nigeria,maternal_education_Higher,0.4469009470793905,0.08646912460359087,0.27742457708164614,0.6163773170771348,2.3619533871108018e-07,9513,1343,0,weight_original,cluster_robust_psu,False,"{'child_sex': {'reference': 'Male', 'reference_column': 'child_sex_Male'}, 'maternal_education': {'reference': 'No education', 'reference_column': 'maternal_education_No education'}, 'literacy': {'reference': 'Cannot read at all', 'reference_column': 'literacy_Cannot read at all'}, 'wealth_quintile': {'reference': 'Poorest', 'reference_column': 'wealth_quintile_Poorest'}, 'residence': {'reference': 'Rural', 'reference_column': 'residence_Rural'}}"
waz,3,nigeria,maternal_education_Primary,0.15270168130459433,0.06496419050232878,0.025374207635230878,0.28002915497395775,0.01874560883787624,9513,1343,0,weight_original,cluster_robust_psu,False,"{'child_sex': {'reference': 'Male', 'reference_column': 'child_sex_Male'}, 'maternal_education': {'reference': 'No education', 'reference_column': 'maternal_education_No education'}, 'literacy': {'reference': 'Cannot read at all', 'reference_column': 'literacy_Cannot read at all'}, 'wealth_quintile': {'reference': 'Poorest', 'reference_column': 'wealth_quintile_Poorest'}, 'residence': {'reference': 'Rural', 'reference_column': 'residence_Rural'}}"
waz,3,nigeria,maternal_education_Secondary,0.10111174612254756,0.06325391386057098,-0.022863646925370504,0.22508713917046563,0.10993046287573878,9513,1343,0,weight_original,cluster_robust_psu,False,"{'child_sex': {'reference': 'Male', 'reference_column': 'child_sex_Male'}, 'maternal_education': {'reference': 'No education', 'reference_column': 'maternal_education_No education'}, 'literacy': {'reference': 'Cannot read at all', 'reference_column': 'literacy_Cannot read at all'}, 'wealth_quintile': {'reference': 'Poorest', 'reference_column': 'wealth_quintile_Poorest'}, 'residence': {'reference': 'Rural', 'reference_column': 'residence_Rural'}}"
waz,3,nigeria,literacy_Able to read only parts of sentence,0.15481953718977354,0.05990742265922249,0.03740314637107871,0.27223592800846835,0.00975731719071549,9513,1343,0,weight_original,cluster_robust_psu,False,"{'child_sex': {'reference': 'Male', 'reference_column': 'child_sex_Male'}, 'maternal_education': {'reference': 'No education', 'reference_column': 'maternal_education_No education'}, 'literacy': {'reference': 'Cannot read at all', 'reference_column': 'literacy_Cannot read at all'}, 'wealth_quintile': {'reference': 'Poorest', 'reference_column': 'wealth_quintile_Poorest'}, 'residence': {'reference': 'Rural', 'reference_column': 'residence_Rural'}}"
waz,3,nigeria,literacy_Able to read whole sentence,0.08403735815160997,0.06003989012065242,-0.033638664120610964,0.2017133804238309,0.16160554917250436,9513,1343,0,weight_original,cluster_robust_psu,False,"{'child_sex': {'reference': 'Male', 'reference_column': 'child_sex_Male'}, 'maternal_education': {'reference': 'No education', 'reference_column': 'maternal_education_No education'}, 'literacy': {'reference': 'Cannot read at all', 'reference_column': 'literacy_Cannot read at all'}, 'wealth_quintile': {'reference': 'Poorest', 'reference_column': 'wealth_quintile_Poorest'}, 'residence': {'reference': 'Rural', 'reference_column': 'residence_Rural'}}"
waz,3,nigeria,literacy_Blind/visually impaired,-0.6997211892832486,0.19937332827026055,-1.0904857321708405,-0.3089566463956565,0.0004487765578403123,9513,1343,0,weight_original,cluster_robust_psu,False,"{'child_sex': {'reference': 'Male', 'reference_column': 'child_sex_Male'}, 'maternal_education': {'reference': 'No education', 'reference_column': 'maternal_education_No education'}, 'literacy': {'reference': 'Cannot read at all', 'reference_column': 'literacy_Cannot read at all'}, 'wealth_quintile': {'reference': 'Poorest', 'reference_column': 'wealth_quintile_Poorest'}, 'residence': {'reference': 'Rural', 'reference_column': 'residence_Rural'}}"
waz,3,nigeria,literacy_No card with required language,1.3422209530414402,0.1676800496612309,1.01357409477954,1.6708678113033404,1.1980203898874102e-15,9513,1343,0,weight_original,cluster_robust_psu,False,"{'child_sex': {'reference': 'Male', 'reference_column': 'child_sex_Male'}, 'maternal_education': {'reference': 'No education', 'reference_column': 'maternal_education_No education'}, 'literacy': {'reference': 'Cannot read at all', 'reference_column': 'literacy_Cannot read at all'}, 'wealth_quintile': {'reference': 'Poorest', 'reference_column': 'wealth_quintile_Poorest'}, 'residence': {'reference': 'Rural', 'reference_column': 'residence_Rural'}}"
waz,3,nigeria,wealth_quintile_Middle,0.33996527619947386,0.06060563701292736,0.22118041039402858,0.45875014200491915,2.0295155414719987e-08,9513,1343,0,weight_original,cluster_robust_psu,False,"{'child_sex': {'reference': 'Male', 'reference_column': 'child_sex_Male'}, 'maternal_education': {'reference': 'No education', 'reference_column': 'maternal_education_No education'}, 'literacy': {'reference': 'Cannot read at all', 'reference_column': 'literacy_Cannot read at all'}, 'wealth_quintile': {'reference': 'Poorest', 'reference_column': 'wealth_quintile_Poorest'}, 'residence': {'reference': 'Rural', 'reference_column': 'residence_Rural'}}"
waz,3,nigeria,wealth_quintile_Poorer,0.19231457655743897,0.051859432882703095,0.09067195584866872,0.2939571972662092,0.00020858799540115081,9513,1343,0,weight_original,cluster_robust_psu,False,"{'child_sex': {'reference': 'Male', 'reference_column': 'child_sex_Male'}, 'maternal_education': {'reference': 'No education', 'reference_column': 'maternal_education_No education'}, 'literacy': {'reference': 'Cannot read at all', 'reference_column': 'literacy_Cannot read at all'}, 'wealth_quintile': {'reference': 'Poorest', 'reference_column': 'wealth_quintile_Poorest'}, 'residence': {'reference': 'Rural', 'reference_column': 'residence_Rural'}}"
waz,3,nigeria,wealth_quintile_Richer,0.389849763016978,0.06966997302133053,0.25329912509129293,0.526400400942663,2.1977892397783075e-08,9513,1343,0,weight_original,cluster_robust_psu,False,"{'child_sex': {'reference': 'Male', 'reference_column': 'child_sex_Male'}, 'maternal_education': {'reference': 'No education', 'reference_column': 'maternal_education_No education'}, 'literacy': {'reference': 'Cannot read at all', 'reference_column': 'literacy_Cannot read at all'}, 'wealth_quintile': {'reference': 'Poorest', 'reference_column': 'wealth_quintile_Poorest'}, 'residence': {'reference': 'Rural', 'reference_column': 'residence_Rural'}}"
waz,3,nigeria,wealth_quintile_Richest,0.66511704445613,0.0849012735990036,0.49871360596050157,0.8315204829517584,4.725680898378814e-15,9513,1343,0,weight_original,cluster_robust_psu,False,"{'child_sex': {'reference': 'Male', 'reference_column': 'child_sex_Male'}, 'maternal_education': {'reference': 'No education', 'reference_column': 'maternal_education_No education'}, 'literacy': {'reference': 'Cannot read at all', 'reference_column': 'literacy_Cannot read at all'}, 'wealth_quintile': {'reference': 'Poorest', 'reference_column': 'wealth_quintile_Poorest'}, 'residence': {'reference': 'Rural', 'reference_column': 'residence_Rural'}}"
waz,3,nigeria,residence_Urban,-0.01682232105351119,0.04993716620242298,-0.11469736830025104,0.08105272619322867,0.7362150844247962,9513,1343,0,weight_original,cluster_robust_psu,False,"{'child_sex': {'reference': 'Male', 'reference_column': 'child_sex_Male'}, 'maternal_education': {'reference': 'No education', 'reference_column': 'maternal_education_No education'}, 'literacy': {'reference': 'Cannot read at all', 'reference_column': 'literacy_Cannot read at all'}, 'wealth_quintile': {'reference': 'Poorest', 'reference_column': 'wealth_quintile_Poorest'}, 'residence': {'reference': 'Rural', 'reference_column': 'residence_Rural'}}"
waz,4,pooled,const,-1.548402552814427,0.09664487191413904,-1.7378230210566261,-1.3589820845722278,9.034057230234553e-58,37260,4434,114,model_specific_equal_total_country_weight,cluster_robust_country_psu,True,"{'child_sex': {'reference': 'Male', 'reference_column': 'child_sex_Male'}, 'maternal_education': {'reference': 'No education', 'reference_column': 'maternal_education_No education'}, 'literacy': {'reference': 'Cannot read at all', 'reference_column': 'literacy_Cannot read at all'}, 'wealth_quintile': {'reference': 'Poorest', 'reference_column': 'wealth_quintile_Poorest'}, 'residence': {'reference': 'Rural', 'reference_column': 'residence_Rural'}, 'country_admin_region': {'reference': 'ethiopia::01', 'reference_column': 'country_admin_region_ethiopia::01'}}"
waz,4,pooled,water_rate_loo,0.06603150988135653,0.04539861927588207,-0.022948148847218186,0.15501116860993125,0.14581250480148109,37260,4434,114,model_specific_equal_total_country_weight,cluster_robust_country_psu,True,"{'child_sex': {'reference': 'Male', 'reference_column': 'child_sex_Male'}, 'maternal_education': {'reference': 'No education', 'reference_column': 'maternal_education_No education'}, 'literacy': {'reference': 'Cannot read at all', 'reference_column': 'literacy_Cannot read at all'}, 'wealth_quintile': {'reference': 'Poorest', 'reference_column': 'wealth_quintile_Poorest'}, 'residence': {'reference': 'Rural', 'reference_column': 'residence_Rural'}, 'country_admin_region': {'reference': 'ethiopia::01', 'reference_column': 'country_admin_region_ethiopia::01'}}"
waz,4,pooled,sanitation_rate_loo_core,0.058554112530242654,0.053693065091171346,-0.04668236126801802,0.16379058632850332,0.2754779889314558,37260,4434,114,model_specific_equal_total_country_weight,cluster_robust_country_psu,True,"{'child_sex': {'reference': 'Male', 'reference_column': 'child_sex_Male'}, 'maternal_education': {'reference': 'No education', 'reference_column': 'maternal_education_No education'}, 'literacy': {'reference': 'Cannot read at all', 'reference_column': 'literacy_Cannot read at all'}, 'wealth_quintile': {'reference': 'Poorest', 'reference_column': 'wealth_quintile_Poorest'}, 'residence': {'reference': 'Rural', 'reference_column': 'residence_Rural'}, 'country_admin_region': {'reference': 'ethiopia::01', 'reference_column': 'country_admin_region_ethiopia::01'}}"
waz,4,pooled,b19_raw,-0.010539431450437004,0.0005915732826382429,-0.011698893778624094,-0.009379969122249913,5.316163413260009e-71,37260,4434,114,model_specific_equal_total_country_weight,cluster_robust_country_psu,True,"{'child_sex': {'reference': 'Male', 'reference_column': 'child_sex_Male'}, 'maternal_education': {'reference': 'No education', 'reference_column': 'maternal_education_No education'}, 'literacy': {'reference': 'Cannot read at all', 'reference_column': 'literacy_Cannot read at all'}, 'wealth_quintile': {'reference': 'Poorest', 'reference_column': 'wealth_quintile_Poorest'}, 'residence': {'reference': 'Rural', 'reference_column': 'residence_Rural'}, 'country_admin_region': {'reference': 'ethiopia::01', 'reference_column': 'country_admin_region_ethiopia::01'}}"
waz,4,pooled,birth_order_raw,-0.0353937338669137,0.00805429449524556,-0.05117986099847421,-0.019607606735353188,1.1108279430432973e-05,37260,4434,114,model_specific_equal_total_country_weight,cluster_robust_country_psu,True,"{'child_sex': {'reference': 'Male', 'reference_column': 'child_sex_Male'}, 'maternal_education': {'reference': 'No education', 'reference_column': 'maternal_education_No education'}, 'literacy': {'reference': 'Cannot read at all', 'reference_column': 'literacy_Cannot read at all'}, 'wealth_quintile': {'reference': 'Poorest', 'reference_column': 'wealth_quintile_Poorest'}, 'residence': {'reference': 'Rural', 'reference_column': 'residence_Rural'}, 'country_admin_region': {'reference': 'ethiopia::01', 'reference_column': 'country_admin_region_ethiopia::01'}}"
waz,4,pooled,maternal_age,0.015852042300489227,0.0025814545481959435,0.010792484358298061,0.020911600242680392,8.213771140353423e-10,37260,4434,114,model_specific_equal_total_country_weight,cluster_robust_country_psu,True,"{'child_sex': {'reference': 'Male', 'reference_column': 'child_sex_Male'}, 'maternal_education': {'reference': 'No education', 'reference_column': 'maternal_education_No education'}, 'literacy': {'reference': 'Cannot read at all', 'reference_column': 'literacy_Cannot read at all'}, 'wealth_quintile': {'reference': 'Poorest', 'reference_column': 'wealth_quintile_Poorest'}, 'residence': {'reference': 'Rural', 'reference_column': 'residence_Rural'}, 'country_admin_region': {'reference': 'ethiopia::01', 'reference_column': 'country_admin_region_ethiopia::01'}}"
waz,4,pooled,household_size_raw,-0.002898064786696754,0.003774172267728557,-0.010295306502894588,0.004499176929501081,0.44256581886805724,37260,4434,114,model_specific_equal_total_country_weight,cluster_robust_country_psu,True,"{'child_sex': {'reference': 'Male', 'reference_column': 'child_sex_Male'}, 'maternal_education': {'reference': 'No education', 'reference_column': 'maternal_education_No education'}, 'literacy': {'reference': 'Cannot read at all', 'reference_column': 'literacy_Cannot read at all'}, 'wealth_quintile': {'reference': 'Poorest', 'reference_column': 'wealth_quintile_Poorest'}, 'residence': {'reference': 'Rural', 'reference_column': 'residence_Rural'}, 'country_admin_region': {'reference': 'ethiopia::01', 'reference_column': 'country_admin_region_ethiopia::01'}}"
waz,4,pooled,child_sex_Female,0.09599628499557826,0.018603162796451505,0.059534755915997876,0.13245781407515864,2.466688605646433e-07,37260,4434,114,model_specific_equal_total_country_weight,cluster_robust_country_psu,True,"{'child_sex': {'reference': 'Male', 'reference_column': 'child_sex_Male'}, 'maternal_education': {'reference': 'No education', 'reference_column': 'maternal_education_No education'}, 'literacy': {'reference': 'Cannot read at all', 'reference_column': 'literacy_Cannot read at all'}, 'wealth_quintile': {'reference': 'Poorest', 'reference_column': 'wealth_quintile_Poorest'}, 'residence': {'reference': 'Rural', 'reference_column': 'residence_Rural'}, 'country_admin_region': {'reference': 'ethiopia::01', 'reference_column': 'country_admin_region_ethiopia::01'}}"
waz,4,pooled,maternal_education_Higher,0.24071102550380696,0.05741509054702698,0.12817951586252796,0.35324253514508597,2.7593398728417974e-05,37260,4434,114,model_specific_equal_total_country_weight,cluster_robust_country_psu,True,"{'child_sex': {'reference': 'Male', 'reference_column': 'child_sex_Male'}, 'maternal_education': {'reference': 'No education', 'reference_column': 'maternal_education_No education'}, 'literacy': {'reference': 'Cannot read at all', 'reference_column': 'literacy_Cannot read at all'}, 'wealth_quintile': {'reference': 'Poorest', 'reference_column': 'wealth_quintile_Poorest'}, 'residence': {'reference': 'Rural', 'reference_column': 'residence_Rural'}, 'country_admin_region': {'reference': 'ethiopia::01', 'reference_column': 'country_admin_region_ethiopia::01'}}"
waz,4,pooled,maternal_education_Primary,0.006819355903416674,0.04056863183272618,-0.0726937013907918,0.08633241319762515,0.8665090909002358,37260,4434,114,model_specific_equal_total_country_weight,cluster_robust_country_psu,True,"{'child_sex': {'reference': 'Male', 'reference_column': 'child_sex_Male'}, 'maternal_education': {'reference': 'No education', 'reference_column': 'maternal_education_No education'}, 'literacy': {'reference': 'Cannot read at all', 'reference_column': 'literacy_Cannot read at all'}, 'wealth_quintile': {'reference': 'Poorest', 'reference_column': 'wealth_quintile_Poorest'}, 'residence': {'reference': 'Rural', 'reference_column': 'residence_Rural'}, 'country_admin_region': {'reference': 'ethiopia::01', 'reference_column': 'country_admin_region_ethiopia::01'}}"
waz,4,pooled,maternal_education_Secondary,0.06879938532552832,0.04635810084009703,-0.02206082271273789,0.15965959336379454,0.1377862391044773,37260,4434,114,model_specific_equal_total_country_weight,cluster_robust_country_psu,True,"{'child_sex': {'reference': 'Male', 'reference_column': 'child_sex_Male'}, 'maternal_education': {'reference': 'No education', 'reference_column': 'maternal_education_No education'}, 'literacy': {'reference': 'Cannot read at all', 'reference_column': 'literacy_Cannot read at all'}, 'wealth_quintile': {'reference': 'Poorest', 'reference_column': 'wealth_quintile_Poorest'}, 'residence': {'reference': 'Rural', 'reference_column': 'residence_Rural'}, 'country_admin_region': {'reference': 'ethiopia::01', 'reference_column': 'country_admin_region_ethiopia::01'}}"
waz,4,pooled,literacy_Able to read only parts of sentence,0.08327236118864877,0.04238451484563435,0.00020023858900218572,0.16634448378829536,0.049450322833321375,37260,4434,114,model_specific_equal_total_country_weight,cluster_robust_country_psu,True,"{'child_sex': {'reference': 'Male', 'reference_column': 'child_sex_Male'}, 'maternal_education': {'reference': 'No education', 'reference_column': 'maternal_education_No education'}, 'literacy': {'reference': 'Cannot read at all', 'reference_column': 'literacy_Cannot read at all'}, 'wealth_quintile': {'reference': 'Poorest', 'reference_column': 'wealth_quintile_Poorest'}, 'residence': {'reference': 'Rural', 'reference_column': 'residence_Rural'}, 'country_admin_region': {'reference': 'ethiopia::01', 'reference_column': 'country_admin_region_ethiopia::01'}}"
waz,4,pooled,literacy_Able to read whole sentence,0.0889837973868692,0.04005357153084697,0.01048023973421032,0.1674873550395281,0.026309027827308814,37260,4434,114,model_specific_equal_total_country_weight,cluster_robust_country_psu,True,"{'child_sex': {'reference': 'Male', 'reference_column': 'child_sex_Male'}, 'maternal_education': {'reference': 'No education', 'reference_column': 'maternal_education_No education'}, 'literacy': {'reference': 'Cannot read at all', 'reference_column': 'literacy_Cannot read at all'}, 'wealth_quintile': {'reference': 'Poorest', 'reference_column': 'wealth_quintile_Poorest'}, 'residence': {'reference': 'Rural', 'reference_column': 'residence_Rural'}, 'country_admin_region': {'reference': 'ethiopia::01', 'reference_column': 'country_admin_region_ethiopia::01'}}"
waz,4,pooled,literacy_Blind/visually impaired,0.46735446245301,0.2118105770978465,0.05221335979658642,0.8824955651094335,0.027350851468042336,37260,4434,114,model_specific_equal_total_country_weight,cluster_robust_country_psu,True,"{'child_sex': {'reference': 'Male', 'reference_column': 'child_sex_Male'}, 'maternal_education': {'reference': 'No education', 'reference_column': 'maternal_education_No education'}, 'literacy': {'reference': 'Cannot read at all', 'reference_column': 'literacy_Cannot read at all'}, 'wealth_quintile': {'reference': 'Poorest', 'reference_column': 'wealth_quintile_Poorest'}, 'residence': {'reference': 'Rural', 'reference_column': 'residence_Rural'}, 'country_admin_region': {'reference': 'ethiopia::01', 'reference_column': 'country_admin_region_ethiopia::01'}}"
waz,4,pooled,literacy_No card with required language,0.5392977227279891,0.24933832509439108,0.050603585577443044,1.0279918598785351,0.030547681042572026,37260,4434,114,model_specific_equal_total_country_weight,cluster_robust_country_psu,True,"{'child_sex': {'reference': 'Male', 'reference_column': 'child_sex_Male'}, 'maternal_education': {'reference': 'No education', 'reference_column': 'maternal_education_No education'}, 'literacy': {'reference': 'Cannot read at all', 'reference_column': 'literacy_Cannot read at all'}, 'wealth_quintile': {'reference': 'Poorest', 'reference_column': 'wealth_quintile_Poorest'}, 'residence': {'reference': 'Rural', 'reference_column': 'residence_Rural'}, 'country_admin_region': {'reference': 'ethiopia::01', 'reference_column': 'country_admin_region_ethiopia::01'}}"
waz,4,pooled,wealth_quintile_Middle,0.14267325215905738,0.03806738405603722,0.06806255042357015,0.2172839538945446,0.00017831191765825115,37260,4434,114,model_specific_equal_total_country_weight,cluster_robust_country_psu,True,"{'child_sex': {'reference': 'Male', 'reference_column': 'child_sex_Male'}, 'maternal_education': {'reference': 'No education', 'reference_column': 'maternal_education_No education'}, 'literacy': {'reference': 'Cannot read at all', 'reference_column': 'literacy_Cannot read at all'}, 'wealth_quintile': {'reference': 'Poorest', 'reference_column': 'wealth_quintile_Poorest'}, 'residence': {'reference': 'Rural', 'reference_column': 'residence_Rural'}, 'country_admin_region': {'reference': 'ethiopia::01', 'reference_column': 'country_admin_region_ethiopia::01'}}"
waz,4,pooled,wealth_quintile_Poorer,0.058814635512246555,0.031657669872176795,-0.0032332572716787036,0.1208625282961718,0.0631928601818529,37260,4434,114,model_specific_equal_total_country_weight,cluster_robust_country_psu,True,"{'child_sex': {'reference': 'Male', 'reference_column': 'child_sex_Male'}, 'maternal_education': {'reference': 'No education', 'reference_column': 'maternal_education_No education'}, 'literacy': {'reference': 'Cannot read at all', 'reference_column': 'literacy_Cannot read at all'}, 'wealth_quintile': {'reference': 'Poorest', 'reference_column': 'wealth_quintile_Poorest'}, 'residence': {'reference': 'Rural', 'reference_column': 'residence_Rural'}, 'country_admin_region': {'reference': 'ethiopia::01', 'reference_column': 'country_admin_region_ethiopia::01'}}"
waz,4,pooled,wealth_quintile_Richer,0.2028948939830198,0.044618792842254715,0.11544366697854701,0.2903461209874926,5.4339341794145966e-06,37260,4434,114,model_specific_equal_total_country_weight,cluster_robust_country_psu,True,"{'child_sex': {'reference': 'Male', 'reference_column': 'child_sex_Male'}, 'maternal_education': {'reference': 'No education', 'reference_column': 'maternal_education_No education'}, 'literacy': {'reference': 'Cannot read at all', 'reference_column': 'literacy_Cannot read at all'}, 'wealth_quintile': {'reference': 'Poorest', 'reference_column': 'wealth_quintile_Poorest'}, 'residence': {'reference': 'Rural', 'reference_column': 'residence_Rural'}, 'country_admin_region': {'reference': 'ethiopia::01', 'reference_column': 'country_admin_region_ethiopia::01'}}"
waz,4,pooled,wealth_quintile_Richest,0.438071117727595,0.057994153461083525,0.3244046656299824,0.5517375698252076,4.23025896777332e-14,37260,4434,114,model_specific_equal_total_country_weight,cluster_robust_country_psu,True,"{'child_sex': {'reference': 'Male', 'reference_column': 'child_sex_Male'}, 'maternal_education': {'reference': 'No education', 'reference_column': 'maternal_education_No education'}, 'literacy': {'reference': 'Cannot read at all', 'reference_column': 'literacy_Cannot read at all'}, 'wealth_quintile': {'reference': 'Poorest', 'reference_column': 'wealth_quintile_Poorest'}, 'residence': {'reference': 'Rural', 'reference_column': 'residence_Rural'}, 'country_admin_region': {'reference': 'ethiopia::01', 'reference_column': 'country_admin_region_ethiopia::01'}}"
waz,4,pooled,residence_Urban,-0.056533333202665244,0.03199441526199967,-0.11924123482260324,0.0061745684172727425,0.07723240842828834,37260,4434,114,model_specific_equal_total_country_weight,cluster_robust_country_psu,True,"{'child_sex': {'reference': 'Male', 'reference_column': 'child_sex_Male'}, 'maternal_education': {'reference': 'No education', 'reference_column': 'maternal_education_No education'}, 'literacy': {'reference': 'Cannot read at all', 'reference_column': 'literacy_Cannot read at all'}, 'wealth_quintile': {'reference': 'Poorest', 'reference_column': 'wealth_quintile_Poorest'}, 'residence': {'reference': 'Rural', 'reference_column': 'residence_Rural'}, 'country_admin_region': {'reference': 'ethiopia::01', 'reference_column': 'country_admin_region_ethiopia::01'}}"
waz,4,pooled,country_admin_region_ethiopia::02,-0.3365146331535734,0.1009438149421944,-0.5343608749023505,-0.1386683914047962,0.0008570441522015083,37260,4434,114,model_specific_equal_total_country_weight,cluster_robust_country_psu,True,"{'child_sex': {'reference': 'Male', 'reference_column': 'child_sex_Male'}, 'maternal_education': {'reference': 'No education', 'reference_column': 'maternal_education_No education'}, 'literacy': {'reference': 'Cannot read at all', 'reference_column': 'literacy_Cannot read at all'}, 'wealth_quintile': {'reference': 'Poorest', 'reference_column': 'wealth_quintile_Poorest'}, 'residence': {'reference': 'Rural', 'reference_column': 'residence_Rural'}, 'country_admin_region': {'reference': 'ethiopia::01', 'reference_column': 'country_admin_region_ethiopia::01'}}"
waz,4,pooled,country_admin_region_ethiopia::03,-0.046899765157218144,0.08493424104001444,-0.21336781864989024,0.11956828833545396,0.5808187770138671,37260,4434,114,model_specific_equal_total_country_weight,cluster_robust_country_psu,True,"{'child_sex': {'reference': 'Male', 'reference_column': 'child_sex_Male'}, 'maternal_education': {'reference': 'No education', 'reference_column': 'maternal_education_No education'}, 'literacy': {'reference': 'Cannot read at all', 'reference_column': 'literacy_Cannot read at all'}, 'wealth_quintile': {'reference': 'Poorest', 'reference_column': 'wealth_quintile_Poorest'}, 'residence': {'reference': 'Rural', 'reference_column': 'residence_Rural'}, 'country_admin_region': {'reference': 'ethiopia::01', 'reference_column': 'country_admin_region_ethiopia::01'}}"
waz,4,pooled,country_admin_region_ethiopia::04,0.3618174601240613,0.09008669972299974,0.18525077318090735,0.5383841470672153,5.91127338434264e-05,37260,4434,114,model_specific_equal_total_country_weight,cluster_robust_country_psu,True,"{'child_sex': {'reference': 'Male', 'reference_column': 'child_sex_Male'}, 'maternal_education': {'reference': 'No education', 'reference_column': 'maternal_education_No education'}, 'literacy': {'reference': 'Cannot read at all', 'reference_column': 'literacy_Cannot read at all'}, 'wealth_quintile': {'reference': 'Poorest', 'reference_column': 'wealth_quintile_Poorest'}, 'residence': {'reference': 'Rural', 'reference_column': 'residence_Rural'}, 'country_admin_region': {'reference': 'ethiopia::01', 'reference_column': 'country_admin_region_ethiopia::01'}}"
waz,4,pooled,country_admin_region_ethiopia::05,0.23093801016239524,0.09480822624498184,0.04511730128410571,0.41675871904068473,0.014857107190948918,37260,4434,114,model_specific_equal_total_country_weight,cluster_robust_country_psu,True,"{'child_sex': {'reference': 'Male', 'reference_column': 'child_sex_Male'}, 'maternal_education': {'reference': 'No education', 'reference_column': 'maternal_education_No education'}, 'literacy': {'reference': 'Cannot read at all', 'reference_column': 'literacy_Cannot read at all'}, 'wealth_quintile': {'reference': 'Poorest', 'reference_column': 'wealth_quintile_Poorest'}, 'residence': {'reference': 'Rural', 'reference_column': 'residence_Rural'}, 'country_admin_region': {'reference': 'ethiopia::01', 'reference_column': 'country_admin_region_ethiopia::01'}}"
waz,4,pooled,country_admin_region_ethiopia::06,-0.12097039493343711,0.12220320443251742,-0.3604842744165567,0.11854348454968253,0.32221722789014184,37260,4434,114,model_specific_equal_total_country_weight,cluster_robust_country_psu,True,"{'child_sex': {'reference': 'Male', 'reference_column': 'child_sex_Male'}, 'maternal_education': {'reference': 'No education', 'reference_column': 'maternal_education_No education'}, 'literacy': {'reference': 'Cannot read at all', 'reference_column': 'literacy_Cannot read at all'}, 'wealth_quintile': {'reference': 'Poorest', 'reference_column': 'wealth_quintile_Poorest'}, 'residence': {'reference': 'Rural', 'reference_column': 'residence_Rural'}, 'country_admin_region': {'reference': 'ethiopia::01', 'reference_column': 'country_admin_region_ethiopia::01'}}"
waz,4,pooled,country_admin_region_ethiopia::07,0.5031219056916625,0.09925331317423906,0.30858898652387906,0.6976548248594459,3.997660270475061e-07,37260,4434,114,model_specific_equal_total_country_weight,cluster_robust_country_psu,True,"{'child_sex': {'reference': 'Male', 'reference_column': 'child_sex_Male'}, 'maternal_education': {'reference': 'No education', 'reference_column': 'maternal_education_No education'}, 'literacy': {'reference': 'Cannot read at all', 'reference_column': 'literacy_Cannot read at all'}, 'wealth_quintile': {'reference': 'Poorest', 'reference_column': 'wealth_quintile_Poorest'}, 'residence': {'reference': 'Rural', 'reference_column': 'residence_Rural'}, 'country_admin_region': {'reference': 'ethiopia::01', 'reference_column': 'country_admin_region_ethiopia::01'}}"
waz,4,pooled,country_admin_region_ethiopia::08,0.327191430992853,0.0866811203115036,0.1572995570427226,0.4970833049429835,0.00016022846562698827,37260,4434,114,model_specific_equal_total_country_weight,cluster_robust_country_psu,True,"{'child_sex': {'reference': 'Male', 'reference_column': 'child_sex_Male'}, 'maternal_education': {'reference': 'No education', 'reference_column': 'maternal_education_No education'}, 'literacy': {'reference': 'Cannot read at all', 'reference_column': 'literacy_Cannot read at all'}, 'wealth_quintile': {'reference': 'Poorest', 'reference_column': 'wealth_quintile_Poorest'}, 'residence': {'reference': 'Rural', 'reference_column': 'residence_Rural'}, 'country_admin_region': {'reference': 'ethiopia::01', 'reference_column': 'country_admin_region_ethiopia::01'}}"
waz,4,pooled,country_admin_region_ethiopia::09,0.34698452719755146,0.10065614775309313,0.14970210277894663,0.5442669516161562,0.000566373800046651,37260,4434,114,model_specific_equal_total_country_weight,cluster_robust_country_psu,True,"{'child_sex': {'reference': 'Male', 'reference_column': 'child_sex_Male'}, 'maternal_education': {'reference': 'No education', 'reference_column': 'maternal_education_No education'}, 'literacy': {'reference': 'Cannot read at all', 'reference_column': 'literacy_Cannot read at all'}, 'wealth_quintile': {'reference': 'Poorest', 'reference_column': 'wealth_quintile_Poorest'}, 'residence': {'reference': 'Rural', 'reference_column': 'residence_Rural'}, 'country_admin_region': {'reference': 'ethiopia::01', 'reference_column': 'country_admin_region_ethiopia::01'}}"
waz,4,pooled,country_admin_region_ethiopia::10,0.3321165372483082,0.09762462546882633,0.1407757873251969,0.5234572871714195,0.0006690075234876705,37260,4434,114,model_specific_equal_total_country_weight,cluster_robust_country_psu,True,"{'child_sex': {'reference': 'Male', 'reference_column': 'child_sex_Male'}, 'maternal_education': {'reference': 'No education', 'reference_column': 'maternal_education_No education'}, 'literacy': {'reference': 'Cannot read at all', 'reference_column': 'literacy_Cannot read at all'}, 'wealth_quintile': {'reference': 'Poorest', 'reference_column': 'wealth_quintile_Poorest'}, 'residence': {'reference': 'Rural', 'reference_column': 'residence_Rural'}, 'country_admin_region': {'reference': 'ethiopia::01', 'reference_column': 'country_admin_region_ethiopia::01'}}"
waz,4,pooled,country_admin_region_ethiopia::12,0.31816390739665695,0.11595519239577286,0.09089590648052942,0.5454319083127845,0.0060722874512825955,37260,4434,114,model_specific_equal_total_country_weight,cluster_robust_country_psu,True,"{'child_sex': {'reference': 'Male', 'reference_column': 'child_sex_Male'}, 'maternal_education': {'reference': 'No education', 'reference_column': 'maternal_education_No education'}, 'literacy': {'reference': 'Cannot read at all', 'reference_column': 'literacy_Cannot read at all'}, 'wealth_quintile': {'reference': 'Poorest', 'reference_column': 'wealth_quintile_Poorest'}, 'residence': {'reference': 'Rural', 'reference_column': 'residence_Rural'}, 'country_admin_region': {'reference': 'ethiopia::01', 'reference_column': 'country_admin_region_ethiopia::01'}}"
waz,4,pooled,country_admin_region_ethiopia::13,0.27243037997327707,0.10123210607775168,0.07401909798174547,0.4708416619648087,0.007120701907885757,37260,4434,114,model_specific_equal_total_country_weight,cluster_robust_country_psu,True,"{'child_sex': {'reference': 'Male', 'reference_column': 'child_sex_Male'}, 'maternal_education': {'reference': 'No education', 'reference_column': 'maternal_education_No education'}, 'literacy': {'reference': 'Cannot read at all', 'reference_column': 'literacy_Cannot read at all'}, 'wealth_quintile': {'reference': 'Poorest', 'reference_column': 'wealth_quintile_Poorest'}, 'residence': {'reference': 'Rural', 'reference_column': 'residence_Rural'}, 'country_admin_region': {'reference': 'ethiopia::01', 'reference_column': 'country_admin_region_ethiopia::01'}}"
waz,4,pooled,country_admin_region_ethiopia::14,0.3351704234922207,0.096416697711638,0.14619716846912478,0.5241436785153166,0.0005084411187310635,37260,4434,114,model_specific_equal_total_country_weight,cluster_robust_country_psu,True,"{'child_sex': {'reference': 'Male', 'reference_column': 'child_sex_Male'}, 'maternal_education': {'reference': 'No education', 'reference_column': 'maternal_education_No education'}, 'literacy': {'reference': 'Cannot read at all', 'reference_column': 'literacy_Cannot read at all'}, 'wealth_quintile': {'reference': 'Poorest', 'reference_column': 'wealth_quintile_Poorest'}, 'residence': {'reference': 'Rural', 'reference_column': 'residence_Rural'}, 'country_admin_region': {'reference': 'ethiopia::01', 'reference_column': 'country_admin_region_ethiopia::01'}}"
waz,4,pooled,country_admin_region_ethiopia::15,0.13802566424922622,0.13238471825276774,-0.12144361562968084,0.39749494412813324,0.29712883988312366,37260,4434,114,model_specific_equal_total_country_weight,cluster_robust_country_psu,True,"{'child_sex': {'reference': 'Male', 'reference_column': 'child_sex_Male'}, 'maternal_education': {'reference': 'No education', 'reference_column': 'maternal_education_No education'}, 'literacy': {'reference': 'Cannot read at all', 'reference_column': 'literacy_Cannot read at all'}, 'wealth_quintile': {'reference': 'Poorest', 'reference_column': 'wealth_quintile_Poorest'}, 'residence': {'reference': 'Rural', 'reference_column': 'residence_Rural'}, 'country_admin_region': {'reference': 'ethiopia::01', 'reference_column': 'country_admin_region_ethiopia::01'}}"
waz,4,pooled,country_admin_region_ghana::01,0.2891783555013091,0.0986552005214161,0.09581771559175639,0.4825389954108618,0.003376527665692314,37260,4434,114,model_specific_equal_total_country_weight,cluster_robust_country_psu,True,"{'child_sex': {'reference': 'Male', 'reference_column': 'child_sex_Male'}, 'maternal_education': {'reference': 'No education', 'reference_column': 'maternal_education_No education'}, 'literacy': {'reference': 'Cannot read at all', 'reference_column': 'literacy_Cannot read at all'}, 'wealth_quintile': {'reference': 'Poorest', 'reference_column': 'wealth_quintile_Poorest'}, 'residence': {'reference': 'Rural', 'reference_column': 'residence_Rural'}, 'country_admin_region': {'reference': 'ethiopia::01', 'reference_column': 'country_admin_region_ethiopia::01'}}"
waz,4,pooled,country_admin_region_ghana::02,0.2197764904511104,0.11984142579788482,-0.01510838796867317,0.4546613688708939,0.06666970719737922,37260,4434,114,model_specific_equal_total_country_weight,cluster_robust_country_psu,True,"{'child_sex': {'reference': 'Male', 'reference_column': 'child_sex_Male'}, 'maternal_education': {'reference': 'No education', 'reference_column': 'maternal_education_No education'}, 'literacy': {'reference': 'Cannot read at all', 'reference_column': 'literacy_Cannot read at all'}, 'wealth_quintile': {'reference': 'Poorest', 'reference_column': 'wealth_quintile_Poorest'}, 'residence': {'reference': 'Rural', 'reference_column': 'residence_Rural'}, 'country_admin_region': {'reference': 'ethiopia::01', 'reference_column': 'country_admin_region_ethiopia::01'}}"
waz,4,pooled,country_admin_region_ghana::03,0.3027828893965287,0.1086410854818101,0.08985027461084355,0.5157155041822139,0.005319820072111785,37260,4434,114,model_specific_equal_total_country_weight,cluster_robust_country_psu,True,"{'child_sex': {'reference': 'Male', 'reference_column': 'child_sex_Male'}, 'maternal_education': {'reference': 'No education', 'reference_column': 'maternal_education_No education'}, 'literacy': {'reference': 'Cannot read at all', 'reference_column': 'literacy_Cannot read at all'}, 'wealth_quintile': {'reference': 'Poorest', 'reference_column': 'wealth_quintile_Poorest'}, 'residence': {'reference': 'Rural', 'reference_column': 'residence_Rural'}, 'country_admin_region': {'reference': 'ethiopia::01', 'reference_column': 'country_admin_region_ethiopia::01'}}"
waz,4,pooled,country_admin_region_ghana::04,0.19214541774193247,0.1194807828582425,-0.04203261350487347,0.4263234489887384,0.10779793848285525,37260,4434,114,model_specific_equal_total_country_weight,cluster_robust_country_psu,True,"{'child_sex': {'reference': 'Male', 'reference_column': 'child_sex_Male'}, 'maternal_education': {'reference': 'No education', 'reference_column': 'maternal_education_No education'}, 'literacy': {'reference': 'Cannot read at all', 'reference_column': 'literacy_Cannot read at all'}, 'wealth_quintile': {'reference': 'Poorest', 'reference_column': 'wealth_quintile_Poorest'}, 'residence': {'reference': 'Rural', 'reference_column': 'residence_Rural'}, 'country_admin_region': {'reference': 'ethiopia::01', 'reference_column': 'country_admin_region_ethiopia::01'}}"
waz,4,pooled,country_admin_region_ghana::05,0.35546838795516467,0.09667146816897362,0.16599579201136613,0.5449409838989632,0.00023592226538337,37260,4434,114,model_specific_equal_total_country_weight,cluster_robust_country_psu,True,"{'child_sex': {'reference': 'Male', 'reference_column': 'child_sex_Male'}, 'maternal_education': {'reference': 'No education', 'reference_column': 'maternal_education_No education'}, 'literacy': {'reference': 'Cannot read at all', 'reference_column': 'literacy_Cannot read at all'}, 'wealth_quintile': {'reference': 'Poorest', 'reference_column': 'wealth_quintile_Poorest'}, 'residence': {'reference': 'Rural', 'reference_column': 'residence_Rural'}, 'country_admin_region': {'reference': 'ethiopia::01', 'reference_column': 'country_admin_region_ethiopia::01'}}"
waz,4,pooled,country_admin_region_ghana::06,0.29673825360630945,0.10138655216686163,0.09802426284256929,0.49545224437004964,0.003424680270873068,37260,4434,114,model_specific_equal_total_country_weight,cluster_robust_country_psu,True,"{'child_sex': {'reference': 'Male', 'reference_column': 'child_sex_Male'}, 'maternal_education': {'reference': 'No education', 'reference_column': 'maternal_education_No education'}, 'literacy': {'reference': 'Cannot read at all', 'reference_column': 'literacy_Cannot read at all'}, 'wealth_quintile': {'reference': 'Poorest', 'reference_column': 'wealth_quintile_Poorest'}, 'residence': {'reference': 'Rural', 'reference_column': 'residence_Rural'}, 'country_admin_region': {'reference': 'ethiopia::01', 'reference_column': 'country_admin_region_ethiopia::01'}}"
waz,4,pooled,country_admin_region_ghana::07,0.5005547516155011,0.1096487648199093,0.2856471216191764,0.7154623816118258,4.99317607069037e-06,37260,4434,114,model_specific_equal_total_country_weight,cluster_robust_country_psu,True,"{'child_sex': {'reference': 'Male', 'reference_column': 'child_sex_Male'}, 'maternal_education': {'reference': 'No education', 'reference_column': 'maternal_education_No education'}, 'literacy': {'reference': 'Cannot read at all', 'reference_column': 'literacy_Cannot read at all'}, 'wealth_quintile': {'reference': 'Poorest', 'reference_column': 'wealth_quintile_Poorest'}, 'residence': {'reference': 'Rural', 'reference_column': 'residence_Rural'}, 'country_admin_region': {'reference': 'ethiopia::01', 'reference_column': 'country_admin_region_ethiopia::01'}}"
waz,4,pooled,country_admin_region_ghana::08,0.5452150031259515,0.09698924868600248,0.3551195688137879,0.7353104374381151,1.894201944030416e-08,37260,4434,114,model_specific_equal_total_country_weight,cluster_robust_country_psu,True,"{'child_sex': {'reference': 'Male', 'reference_column': 'child_sex_Male'}, 'maternal_education': {'reference': 'No education', 'reference_column': 'maternal_education_No education'}, 'literacy': {'reference': 'Cannot read at all', 'reference_column': 'literacy_Cannot read at all'}, 'wealth_quintile': {'reference': 'Poorest', 'reference_column': 'wealth_quintile_Poorest'}, 'residence': {'reference': 'Rural', 'reference_column': 'residence_Rural'}, 'country_admin_region': {'reference': 'ethiopia::01', 'reference_column': 'country_admin_region_ethiopia::01'}}"
waz,4,pooled,country_admin_region_ghana::09,0.34500206398142613,0.12936646268974308,0.09144845630218507,0.5985556716606673,0.007656387643898948,37260,4434,114,model_specific_equal_total_country_weight,cluster_robust_country_psu,True,"{'child_sex': {'reference': 'Male', 'reference_column': 'child_sex_Male'}, 'maternal_education': {'reference': 'No education', 'reference_column': 'maternal_education_No education'}, 'literacy': {'reference': 'Cannot read at all', 'reference_column': 'literacy_Cannot read at all'}, 'wealth_quintile': {'reference': 'Poorest', 'reference_column': 'wealth_quintile_Poorest'}, 'residence': {'reference': 'Rural', 'reference_column': 'residence_Rural'}, 'country_admin_region': {'reference': 'ethiopia::01', 'reference_column': 'country_admin_region_ethiopia::01'}}"
waz,4,pooled,country_admin_region_ghana::10,0.4716284135070133,0.09623238521440854,0.2830164043403878,0.6602404226736388,9.538288102822265e-07,37260,4434,114,model_specific_equal_total_country_weight,cluster_robust_country_psu,True,"{'child_sex': {'reference': 'Male', 'reference_column': 'child_sex_Male'}, 'maternal_education': {'reference': 'No education', 'reference_column': 'maternal_education_No education'}, 'literacy': {'reference': 'Cannot read at all', 'reference_column': 'literacy_Cannot read at all'}, 'wealth_quintile': {'reference': 'Poorest', 'reference_column': 'wealth_quintile_Poorest'}, 'residence': {'reference': 'Rural', 'reference_column': 'residence_Rural'}, 'country_admin_region': {'reference': 'ethiopia::01', 'reference_column': 'country_admin_region_ethiopia::01'}}"
waz,4,pooled,country_admin_region_ghana::11,0.2881852752955899,0.1010195586824437,0.09019057854386975,0.48617997204731006,0.0043340370296835575,37260,4434,114,model_specific_equal_total_country_weight,cluster_robust_country_psu,True,"{'child_sex': {'reference': 'Male', 'reference_column': 'child_sex_Male'}, 'maternal_education': {'reference': 'No education', 'reference_column': 'maternal_education_No education'}, 'literacy': {'reference': 'Cannot read at all', 'reference_column': 'literacy_Cannot read at all'}, 'wealth_quintile': {'reference': 'Poorest', 'reference_column': 'wealth_quintile_Poorest'}, 'residence': {'reference': 'Rural', 'reference_column': 'residence_Rural'}, 'country_admin_region': {'reference': 'ethiopia::01', 'reference_column': 'country_admin_region_ethiopia::01'}}"
waz,4,pooled,country_admin_region_ghana::12,0.10384603212712876,0.09164232956645492,-0.07576963328247302,0.28346169753673056,0.25714427394201655,37260,4434,114,model_specific_equal_total_country_weight,cluster_robust_country_psu,True,"{'child_sex': {'reference': 'Male', 'reference_column': 'child_sex_Male'}, 'maternal_education': {'reference': 'No education', 'reference_column': 'maternal_education_No education'}, 'literacy': {'reference': 'Cannot read at all', 'reference_column': 'literacy_Cannot read at all'}, 'wealth_quintile': {'reference': 'Poorest', 'reference_column': 'wealth_quintile_Poorest'}, 'residence': {'reference': 'Rural', 'reference_column': 'residence_Rural'}, 'country_admin_region': {'reference': 'ethiopia::01', 'reference_column': 'country_admin_region_ethiopia::01'}}"
waz,4,pooled,country_admin_region_ghana::13,0.41415811835988225,0.09643458065459774,0.22514981341264764,0.6031664233071169,1.7492543099164197e-05,37260,4434,114,model_specific_equal_total_country_weight,cluster_robust_country_psu,True,"{'child_sex': {'reference': 'Male', 'reference_column': 'child_sex_Male'}, 'maternal_education': {'reference': 'No education', 'reference_column': 'maternal_education_No education'}, 'literacy': {'reference': 'Cannot read at all', 'reference_column': 'literacy_Cannot read at all'}, 'wealth_quintile': {'reference': 'Poorest', 'reference_column': 'wealth_quintile_Poorest'}, 'residence': {'reference': 'Rural', 'reference_column': 'residence_Rural'}, 'country_admin_region': {'reference': 'ethiopia::01', 'reference_column': 'country_admin_region_ethiopia::01'}}"
waz,4,pooled,country_admin_region_ghana::14,0.17558023452440924,0.094913014924746,-0.01044585639220555,0.361606325441024,0.06432697937918486,37260,4434,114,model_specific_equal_total_country_weight,cluster_robust_country_psu,True,"{'child_sex': {'reference': 'Male', 'reference_column': 'child_sex_Male'}, 'maternal_education': {'reference': 'No education', 'reference_column': 'maternal_education_No education'}, 'literacy': {'reference': 'Cannot read at all', 'reference_column': 'literacy_Cannot read at all'}, 'wealth_quintile': {'reference': 'Poorest', 'reference_column': 'wealth_quintile_Poorest'}, 'residence': {'reference': 'Rural', 'reference_column': 'residence_Rural'}, 'country_admin_region': {'reference': 'ethiopia::01', 'reference_column': 'country_admin_region_ethiopia::01'}}"
waz,4,pooled,country_admin_region_ghana::15,0.24743810910263633,0.09522750110837187,0.060795636592479385,0.4340805816127933,0.009366227061308128,37260,4434,114,model_specific_equal_total_country_weight,cluster_robust_country_psu,True,"{'child_sex': {'reference': 'Male', 'reference_column': 'child_sex_Male'}, 'maternal_education': {'reference': 'No education', 'reference_column': 'maternal_education_No education'}, 'literacy': {'reference': 'Cannot read at all', 'reference_column': 'literacy_Cannot read at all'}, 'wealth_quintile': {'reference': 'Poorest', 'reference_column': 'wealth_quintile_Poorest'}, 'residence': {'reference': 'Rural', 'reference_column': 'residence_Rural'}, 'country_admin_region': {'reference': 'ethiopia::01', 'reference_column': 'country_admin_region_ethiopia::01'}}"
waz,4,pooled,country_admin_region_ghana::16,0.4125728117002345,0.10313858830727243,0.21042489320167662,0.6147207301987925,6.329459824545195e-05,37260,4434,114,model_specific_equal_total_country_weight,cluster_robust_country_psu,True,"{'child_sex': {'reference': 'Male', 'reference_column': 'child_sex_Male'}, 'maternal_education': {'reference': 'No education', 'reference_column': 'maternal_education_No education'}, 'literacy': {'reference': 'Cannot read at all', 'reference_column': 'literacy_Cannot read at all'}, 'wealth_quintile': {'reference': 'Poorest', 'reference_column': 'wealth_quintile_Poorest'}, 'residence': {'reference': 'Rural', 'reference_column': 'residence_Rural'}, 'country_admin_region': {'reference': 'ethiopia::01', 'reference_column': 'country_admin_region_ethiopia::01'}}"
waz,4,pooled,country_admin_region_kenya::01,0.3631818530908495,0.0945168969585473,0.1779321391216134,0.5484315670600856,0.00012178386130191192,37260,4434,114,model_specific_equal_total_country_weight,cluster_robust_country_psu,True,"{'child_sex': {'reference': 'Male', 'reference_column': 'child_sex_Male'}, 'maternal_education': {'reference': 'No education', 'reference_column': 'maternal_education_No education'}, 'literacy': {'reference': 'Cannot read at all', 'reference_column': 'literacy_Cannot read at all'}, 'wealth_quintile': {'reference': 'Poorest', 'reference_column': 'wealth_quintile_Poorest'}, 'residence': {'reference': 'Rural', 'reference_column': 'residence_Rural'}, 'country_admin_region': {'reference': 'ethiopia::01', 'reference_column': 'country_admin_region_ethiopia::01'}}"
waz,4,pooled,country_admin_region_kenya::02,0.3959287923119602,0.09760581638813673,0.20462490750958284,0.5872326771143376,4.983366377861379e-05,37260,4434,114,model_specific_equal_total_country_weight,cluster_robust_country_psu,True,"{'child_sex': {'reference': 'Male', 'reference_column': 'child_sex_Male'}, 'maternal_education': {'reference': 'No education', 'reference_column': 'maternal_education_No education'}, 'literacy': {'reference': 'Cannot read at all', 'reference_column': 'literacy_Cannot read at all'}, 'wealth_quintile': {'reference': 'Poorest', 'reference_column': 'wealth_quintile_Poorest'}, 'residence': {'reference': 'Rural', 'reference_column': 'residence_Rural'}, 'country_admin_region': {'reference': 'ethiopia::01', 'reference_column': 'country_admin_region_ethiopia::01'}}"
waz,4,pooled,country_admin_region_kenya::03,0.18054101508762102,0.09862794530989456,-0.012766205588958468,0.3738482357642005,0.06717132731710228,37260,4434,114,model_specific_equal_total_country_weight,cluster_robust_country_psu,True,"{'child_sex': {'reference': 'Male', 'reference_column': 'child_sex_Male'}, 'maternal_education': {'reference': 'No education', 'reference_column': 'maternal_education_No education'}, 'literacy': {'reference': 'Cannot read at all', 'reference_column': 'literacy_Cannot read at all'}, 'wealth_quintile': {'reference': 'Poorest', 'reference_column': 'wealth_quintile_Poorest'}, 'residence': {'reference': 'Rural', 'reference_column': 'residence_Rural'}, 'country_admin_region': {'reference': 'ethiopia::01', 'reference_column': 'country_admin_region_ethiopia::01'}}"
waz,4,pooled,country_admin_region_kenya::04,0.388156475719411,0.09263259291869201,0.2065999298042146,0.5697130216346074,2.7861077490828383e-05,37260,4434,114,model_specific_equal_total_country_weight,cluster_robust_country_psu,True,"{'child_sex': {'reference': 'Male', 'reference_column': 'child_sex_Male'}, 'maternal_education': {'reference': 'No education', 'reference_column': 'maternal_education_No education'}, 'literacy': {'reference': 'Cannot read at all', 'reference_column': 'literacy_Cannot read at all'}, 'wealth_quintile': {'reference': 'Poorest', 'reference_column': 'wealth_quintile_Poorest'}, 'residence': {'reference': 'Rural', 'reference_column': 'residence_Rural'}, 'country_admin_region': {'reference': 'ethiopia::01', 'reference_column': 'country_admin_region_ethiopia::01'}}"
waz,4,pooled,country_admin_region_kenya::05,0.4451027724002405,0.0974497725528838,0.25410472789496835,0.6361008169055127,4.935530621650098e-06,37260,4434,114,model_specific_equal_total_country_weight,cluster_robust_country_psu,True,"{'child_sex': {'reference': 'Male', 'reference_column': 'child_sex_Male'}, 'maternal_education': {'reference': 'No education', 'reference_column': 'maternal_education_No education'}, 'literacy': {'reference': 'Cannot read at all', 'reference_column': 'literacy_Cannot read at all'}, 'wealth_quintile': {'reference': 'Poorest', 'reference_column': 'wealth_quintile_Poorest'}, 'residence': {'reference': 'Rural', 'reference_column': 'residence_Rural'}, 'country_admin_region': {'reference': 'ethiopia::01', 'reference_column': 'country_admin_region_ethiopia::01'}}"
waz,4,pooled,country_admin_region_kenya::06,0.41121551542887536,0.09578441697141075,0.22348150788474316,0.5989495229730075,1.7616713219260617e-05,37260,4434,114,model_specific_equal_total_country_weight,cluster_robust_country_psu,True,"{'child_sex': {'reference': 'Male', 'reference_column': 'child_sex_Male'}, 'maternal_education': {'reference': 'No education', 'reference_column': 'maternal_education_No education'}, 'literacy': {'reference': 'Cannot read at all', 'reference_column': 'literacy_Cannot read at all'}, 'wealth_quintile': {'reference': 'Poorest', 'reference_column': 'wealth_quintile_Poorest'}, 'residence': {'reference': 'Rural', 'reference_column': 'residence_Rural'}, 'country_admin_region': {'reference': 'ethiopia::01', 'reference_column': 'country_admin_region_ethiopia::01'}}"
waz,4,pooled,country_admin_region_kenya::07,0.47541658482978105,0.1115074130878236,0.25686607116841653,0.6939670984911456,2.0121128868036833e-05,37260,4434,114,model_specific_equal_total_country_weight,cluster_robust_country_psu,True,"{'child_sex': {'reference': 'Male', 'reference_column': 'child_sex_Male'}, 'maternal_education': {'reference': 'No education', 'reference_column': 'maternal_education_No education'}, 'literacy': {'reference': 'Cannot read at all', 'reference_column': 'literacy_Cannot read at all'}, 'wealth_quintile': {'reference': 'Poorest', 'reference_column': 'wealth_quintile_Poorest'}, 'residence': {'reference': 'Rural', 'reference_column': 'residence_Rural'}, 'country_admin_region': {'reference': 'ethiopia::01', 'reference_column': 'country_admin_region_ethiopia::01'}}"
waz,4,pooled,country_admin_region_kenya::08,0.3776583643271029,0.09277991387870667,0.19581307463610995,0.5595036540180959,4.691727974911901e-05,37260,4434,114,model_specific_equal_total_country_weight,cluster_robust_country_psu,True,"{'child_sex': {'reference': 'Male', 'reference_column': 'child_sex_Male'}, 'maternal_education': {'reference': 'No education', 'reference_column': 'maternal_education_No education'}, 'literacy': {'reference': 'Cannot read at all', 'reference_column': 'literacy_Cannot read at all'}, 'wealth_quintile': {'reference': 'Poorest', 'reference_column': 'wealth_quintile_Poorest'}, 'residence': {'reference': 'Rural', 'reference_column': 'residence_Rural'}, 'country_admin_region': {'reference': 'ethiopia::01', 'reference_column': 'country_admin_region_ethiopia::01'}}"
waz,4,pooled,country_admin_region_kenya::09,0.184904058156438,0.09216646359460946,0.00426110892858142,0.3655470073842946,0.04483526230598446,37260,4434,114,model_specific_equal_total_country_weight,cluster_robust_country_psu,True,"{'child_sex': {'reference': 'Male', 'reference_column': 'child_sex_Male'}, 'maternal_education': {'reference': 'No education', 'reference_column': 'maternal_education_No education'}, 'literacy': {'reference': 'Cannot read at all', 'reference_column': 'literacy_Cannot read at all'}, 'wealth_quintile': {'reference': 'Poorest', 'reference_column': 'wealth_quintile_Poorest'}, 'residence': {'reference': 'Rural', 'reference_column': 'residence_Rural'}, 'country_admin_region': {'reference': 'ethiopia::01', 'reference_column': 'country_admin_region_ethiopia::01'}}"
waz,4,pooled,country_admin_region_kenya::10,0.06981693333973674,0.11762861790637809,-0.1607309213079876,0.3003647879874611,0.5528218495383725,37260,4434,114,model_specific_equal_total_country_weight,cluster_robust_country_psu,True,"{'child_sex': {'reference': 'Male', 'reference_column': 'child_sex_Male'}, 'maternal_education': {'reference': 'No education', 'reference_column': 'maternal_education_No education'}, 'literacy': {'reference': 'Cannot read at all', 'reference_column': 'literacy_Cannot read at all'}, 'wealth_quintile': {'reference': 'Poorest', 'reference_column': 'wealth_quintile_Poorest'}, 'residence': {'reference': 'Rural', 'reference_column': 'residence_Rural'}, 'country_admin_region': {'reference': 'ethiopia::01', 'reference_column': 'country_admin_region_ethiopia::01'}}"
waz,4,pooled,country_admin_region_kenya::11,0.43114823074560416,0.10522046220406987,0.22491991438896922,0.6373765471022391,4.1750956549385265e-05,37260,4434,114,model_specific_equal_total_country_weight,cluster_robust_country_psu,True,"{'child_sex': {'reference': 'Male', 'reference_column': 'child_sex_Male'}, 'maternal_education': {'reference': 'No education', 'reference_column': 'maternal_education_No education'}, 'literacy': {'reference': 'Cannot read at all', 'reference_column': 'literacy_Cannot read at all'}, 'wealth_quintile': {'reference': 'Poorest', 'reference_column': 'wealth_quintile_Poorest'}, 'residence': {'reference': 'Rural', 'reference_column': 'residence_Rural'}, 'country_admin_region': {'reference': 'ethiopia::01', 'reference_column': 'country_admin_region_ethiopia::01'}}"
waz,4,pooled,country_admin_region_kenya::12,0.3636620962983435,0.10479205486403464,0.1582734428988902,0.5690507496977968,0.0005198361907630321,37260,4434,114,model_specific_equal_total_country_weight,cluster_robust_country_psu,True,"{'child_sex': {'reference': 'Male', 'reference_column': 'child_sex_Male'}, 'maternal_education': {'reference': 'No education', 'reference_column': 'maternal_education_No education'}, 'literacy': {'reference': 'Cannot read at all', 'reference_column': 'literacy_Cannot read at all'}, 'wealth_quintile': {'reference': 'Poorest', 'reference_column': 'wealth_quintile_Poorest'}, 'residence': {'reference': 'Rural', 'reference_column': 'residence_Rural'}, 'country_admin_region': {'reference': 'ethiopia::01', 'reference_column': 'country_admin_region_ethiopia::01'}}"
waz,4,pooled,country_admin_region_kenya::13,0.4385621462502545,0.10440655781735061,0.23392905317844848,0.6431952393220606,2.6629912617148856e-05,37260,4434,114,model_specific_equal_total_country_weight,cluster_robust_country_psu,True,"{'child_sex': {'reference': 'Male', 'reference_column': 'child_sex_Male'}, 'maternal_education': {'reference': 'No education', 'reference_column': 'maternal_education_No education'}, 'literacy': {'reference': 'Cannot read at all', 'reference_column': 'literacy_Cannot read at all'}, 'wealth_quintile': {'reference': 'Poorest', 'reference_column': 'wealth_quintile_Poorest'}, 'residence': {'reference': 'Rural', 'reference_column': 'residence_Rural'}, 'country_admin_region': {'reference': 'ethiopia::01', 'reference_column': 'country_admin_region_ethiopia::01'}}"
waz,4,pooled,country_admin_region_kenya::14,0.3943404656236798,0.11224432268335441,0.1743456356952129,0.6143352955521467,0.00044268898179918167,37260,4434,114,model_specific_equal_total_country_weight,cluster_robust_country_psu,True,"{'child_sex': {'reference': 'Male', 'reference_column': 'child_sex_Male'}, 'maternal_education': {'reference': 'No education', 'reference_column': 'maternal_education_No education'}, 'literacy': {'reference': 'Cannot read at all', 'reference_column': 'literacy_Cannot read at all'}, 'wealth_quintile': {'reference': 'Poorest', 'reference_column': 'wealth_quintile_Poorest'}, 'residence': {'reference': 'Rural', 'reference_column': 'residence_Rural'}, 'country_admin_region': {'reference': 'ethiopia::01', 'reference_column': 'country_admin_region_ethiopia::01'}}"
waz,4,pooled,country_admin_region_kenya::15,0.3307029792817912,0.10979512865833994,0.11550848143350337,0.5458974771300791,0.00259532194449492,37260,4434,114,model_specific_equal_total_country_weight,cluster_robust_country_psu,True,"{'child_sex': {'reference': 'Male', 'reference_column': 'child_sex_Male'}, 'maternal_education': {'reference': 'No education', 'reference_column': 'maternal_education_No education'}, 'literacy': {'reference': 'Cannot read at all', 'reference_column': 'literacy_Cannot read at all'}, 'wealth_quintile': {'reference': 'Poorest', 'reference_column': 'wealth_quintile_Poorest'}, 'residence': {'reference': 'Rural', 'reference_column': 'residence_Rural'}, 'country_admin_region': {'reference': 'ethiopia::01', 'reference_column': 'country_admin_region_ethiopia::01'}}"
waz,4,pooled,country_admin_region_kenya::16,0.38384830932322767,0.09430480263369126,0.19901429259203476,0.5686823260544206,4.695376542554305e-05,37260,4434,114,model_specific_equal_total_country_weight,cluster_robust_country_psu,True,"{'child_sex': {'reference': 'Male', 'reference_column': 'child_sex_Male'}, 'maternal_education': {'reference': 'No education', 'reference_column': 'maternal_education_No education'}, 'literacy': {'reference': 'Cannot read at all', 'reference_column': 'literacy_Cannot read at all'}, 'wealth_quintile': {'reference': 'Poorest', 'reference_column': 'wealth_quintile_Poorest'}, 'residence': {'reference': 'Rural', 'reference_column': 'residence_Rural'}, 'country_admin_region': {'reference': 'ethiopia::01', 'reference_column': 'country_admin_region_ethiopia::01'}}"
waz,4,pooled,country_admin_region_kenya::17,0.38935043876774716,0.11885515780285467,0.15639861009732722,0.6223022674381671,0.0010534835457055385,37260,4434,114,model_specific_equal_total_country_weight,cluster_robust_country_psu,True,"{'child_sex': {'reference': 'Male', 'reference_column': 'child_sex_Male'}, 'maternal_education': {'reference': 'No education', 'reference_column': 'maternal_education_No education'}, 'literacy': {'reference': 'Cannot read at all', 'reference_column': 'literacy_Cannot read at all'}, 'wealth_quintile': {'reference': 'Poorest', 'reference_column': 'wealth_quintile_Poorest'}, 'residence': {'reference': 'Rural', 'reference_column': 'residence_Rural'}, 'country_admin_region': {'reference': 'ethiopia::01', 'reference_column': 'country_admin_region_ethiopia::01'}}"
waz,4,pooled,country_admin_region_kenya::18,0.6844066801528034,0.11082219506589512,0.4671991691359765,0.9016141911696303,6.586324834615398e-10,37260,4434,114,model_specific_equal_total_country_weight,cluster_robust_country_psu,True,"{'child_sex': {'reference': 'Male', 'reference_column': 'child_sex_Male'}, 'maternal_education': {'reference': 'No education', 'reference_column': 'maternal_education_No education'}, 'literacy': {'reference': 'Cannot read at all', 'reference_column': 'literacy_Cannot read at all'}, 'wealth_quintile': {'reference': 'Poorest', 'reference_column': 'wealth_quintile_Poorest'}, 'residence': {'reference': 'Rural', 'reference_column': 'residence_Rural'}, 'country_admin_region': {'reference': 'ethiopia::01', 'reference_column': 'country_admin_region_ethiopia::01'}}"
waz,4,pooled,country_admin_region_kenya::19,0.6666150244297924,0.10456362307938057,0.4616740891011853,0.8715559597583995,1.8271277044565588e-10,37260,4434,114,model_specific_equal_total_country_weight,cluster_robust_country_psu,True,"{'child_sex': {'reference': 'Male', 'reference_column': 'child_sex_Male'}, 'maternal_education': {'reference': 'No education', 'reference_column': 'maternal_education_No education'}, 'literacy': {'reference': 'Cannot read at all', 'reference_column': 'literacy_Cannot read at all'}, 'wealth_quintile': {'reference': 'Poorest', 'reference_column': 'wealth_quintile_Poorest'}, 'residence': {'reference': 'Rural', 'reference_column': 'residence_Rural'}, 'country_admin_region': {'reference': 'ethiopia::01', 'reference_column': 'country_admin_region_ethiopia::01'}}"
waz,4,pooled,country_admin_region_kenya::20,0.5496666692337426,0.10453563476272373,0.34478058999777084,0.7545527484697144,1.4549197479123534e-07,37260,4434,114,model_specific_equal_total_country_weight,cluster_robust_country_psu,True,"{'child_sex': {'reference': 'Male', 'reference_column': 'child_sex_Male'}, 'maternal_education': {'reference': 'No education', 'reference_column': 'maternal_education_No education'}, 'literacy': {'reference': 'Cannot read at all', 'reference_column': 'literacy_Cannot read at all'}, 'wealth_quintile': {'reference': 'Poorest', 'reference_column': 'wealth_quintile_Poorest'}, 'residence': {'reference': 'Rural', 'reference_column': 'residence_Rural'}, 'country_admin_region': {'reference': 'ethiopia::01', 'reference_column': 'country_admin_region_ethiopia::01'}}"
waz,4,pooled,country_admin_region_kenya::21,0.569508576711616,0.09869523053264313,0.3760694794217576,0.7629476740014745,7.90949104357244e-09,37260,4434,114,model_specific_equal_total_country_weight,cluster_robust_country_psu,True,"{'child_sex': {'reference': 'Male', 'reference_column': 'child_sex_Male'}, 'maternal_education': {'reference': 'No education', 'reference_column': 'maternal_education_No education'}, 'literacy': {'reference': 'Cannot read at all', 'reference_column': 'literacy_Cannot read at all'}, 'wealth_quintile': {'reference': 'Poorest', 'reference_column': 'wealth_quintile_Poorest'}, 'residence': {'reference': 'Rural', 'reference_column': 'residence_Rural'}, 'country_admin_region': {'reference': 'ethiopia::01', 'reference_column': 'country_admin_region_ethiopia::01'}}"
waz,4,pooled,country_admin_region_kenya::22,0.5364201230392173,0.10154354858009654,0.33739842495983474,0.7354418211185998,1.2732100108519045e-07,37260,4434,114,model_specific_equal_total_country_weight,cluster_robust_country_psu,True,"{'child_sex': {'reference': 'Male', 'reference_column': 'child_sex_Male'}, 'maternal_education': {'reference': 'No education', 'reference_column': 'maternal_education_No education'}, 'literacy': {'reference': 'Cannot read at all', 'reference_column': 'literacy_Cannot read at all'}, 'wealth_quintile': {'reference': 'Poorest', 'reference_column': 'wealth_quintile_Poorest'}, 'residence': {'reference': 'Rural', 'reference_column': 'residence_Rural'}, 'country_admin_region': {'reference': 'ethiopia::01', 'reference_column': 'country_admin_region_ethiopia::01'}}"
waz,4,pooled,country_admin_region_kenya::23,-0.06037389322651811,0.09994783860838641,-0.25626805723157736,0.13552027077854117,0.5458077309197424,37260,4434,114,model_specific_equal_total_country_weight,cluster_robust_country_psu,True,"{'child_sex': {'reference': 'Male', 'reference_column': 'child_sex_Male'}, 'maternal_education': {'reference': 'No education', 'reference_column': 'maternal_education_No education'}, 'literacy': {'reference': 'Cannot read at all', 'reference_column': 'literacy_Cannot read at all'}, 'wealth_quintile': {'reference': 'Poorest', 'reference_column': 'wealth_quintile_Poorest'}, 'residence': {'reference': 'Rural', 'reference_column': 'residence_Rural'}, 'country_admin_region': {'reference': 'ethiopia::01', 'reference_column': 'country_admin_region_ethiopia::01'}}"
waz,4,pooled,country_admin_region_kenya::24,-0.014449437311491646,0.08399486618724986,-0.17907634992476254,0.15017747530177925,0.8634158114173416,37260,4434,114,model_specific_equal_total_country_weight,cluster_robust_country_psu,True,"{'child_sex': {'reference': 'Male', 'reference_column': 'child_sex_Male'}, 'maternal_education': {'reference': 'No education', 'reference_column': 'maternal_education_No education'}, 'literacy': {'reference': 'Cannot read at all', 'reference_column': 'literacy_Cannot read at all'}, 'wealth_quintile': {'reference': 'Poorest', 'reference_column': 'wealth_quintile_Poorest'}, 'residence': {'reference': 'Rural', 'reference_column': 'residence_Rural'}, 'country_admin_region': {'reference': 'ethiopia::01', 'reference_column': 'country_admin_region_ethiopia::01'}}"
waz,4,pooled,country_admin_region_kenya::25,-0.05395667023603664,0.09450352023907203,-0.23918016631686992,0.13126682584479663,0.5680343587709616,37260,4434,114,model_specific_equal_total_country_weight,cluster_robust_country_psu,True,"{'child_sex': {'reference': 'Male', 'reference_column': 'child_sex_Male'}, 'maternal_education': {'reference': 'No education', 'reference_column': 'maternal_education_No education'}, 'literacy': {'reference': 'Cannot read at all', 'reference_column': 'literacy_Cannot read at all'}, 'wealth_quintile': {'reference': 'Poorest', 'reference_column': 'wealth_quintile_Poorest'}, 'residence': {'reference': 'Rural', 'reference_column': 'residence_Rural'}, 'country_admin_region': {'reference': 'ethiopia::01', 'reference_column': 'country_admin_region_ethiopia::01'}}"
waz,4,pooled,country_admin_region_kenya::26,0.4255727705910751,0.09691746322587351,0.2356180331953779,0.6155275079867724,1.1278669481379333e-05,37260,4434,114,model_specific_equal_total_country_weight,cluster_robust_country_psu,True,"{'child_sex': {'reference': 'Male', 'reference_column': 'child_sex_Male'}, 'maternal_education': {'reference': 'No education', 'reference_column': 'maternal_education_No education'}, 'literacy': {'reference': 'Cannot read at all', 'reference_column': 'literacy_Cannot read at all'}, 'wealth_quintile': {'reference': 'Poorest', 'reference_column': 'wealth_quintile_Poorest'}, 'residence': {'reference': 'Rural', 'reference_column': 'residence_Rural'}, 'country_admin_region': {'reference': 'ethiopia::01', 'reference_column': 'country_admin_region_ethiopia::01'}}"
waz,4,pooled,country_admin_region_kenya::27,0.4270438867250037,0.09627406726955227,0.23835018223149482,0.6157375912185126,9.176912699401957e-06,37260,4434,114,model_specific_equal_total_country_weight,cluster_robust_country_psu,True,"{'child_sex': {'reference': 'Male', 'reference_column': 'child_sex_Male'}, 'maternal_education': {'reference': 'No education', 'reference_column': 'maternal_education_No education'}, 'literacy': {'reference': 'Cannot read at all', 'reference_column': 'literacy_Cannot read at all'}, 'wealth_quintile': {'reference': 'Poorest', 'reference_column': 'wealth_quintile_Poorest'}, 'residence': {'reference': 'Rural', 'reference_column': 'residence_Rural'}, 'country_admin_region': {'reference': 'ethiopia::01', 'reference_column': 'country_admin_region_ethiopia::01'}}"
waz,4,pooled,country_admin_region_kenya::28,0.2110372601785853,0.09441633069936632,0.02598465245540385,0.3960898679017667,0.025405696513736895,37260,4434,114,model_specific_equal_total_country_weight,cluster_robust_country_psu,True,"{'child_sex': {'reference': 'Male', 'reference_column': 'child_sex_Male'}, 'maternal_education': {'reference': 'No education', 'reference_column': 'maternal_education_No education'}, 'literacy': {'reference': 'Cannot read at all', 'reference_column': 'literacy_Cannot read at all'}, 'wealth_quintile': {'reference': 'Poorest', 'reference_column': 'wealth_quintile_Poorest'}, 'residence': {'reference': 'Rural', 'reference_column': 'residence_Rural'}, 'country_admin_region': {'reference': 'ethiopia::01', 'reference_column': 'country_admin_region_ethiopia::01'}}"
waz,4,pooled,country_admin_region_kenya::29,0.569841254759096,0.10680194728514293,0.3605132846014704,0.7791692249167215,9.528425967167257e-08,37260,4434,114,model_specific_equal_total_country_weight,cluster_robust_country_psu,True,"{'child_sex': {'reference': 'Male', 'reference_column': 'child_sex_Male'}, 'maternal_education': {'reference': 'No education', 'reference_column': 'maternal_education_No education'}, 'literacy': {'reference': 'Cannot read at all', 'reference_column': 'literacy_Cannot read at all'}, 'wealth_quintile': {'reference': 'Poorest', 'reference_column': 'wealth_quintile_Poorest'}, 'residence': {'reference': 'Rural', 'reference_column': 'residence_Rural'}, 'country_admin_region': {'reference': 'ethiopia::01', 'reference_column': 'country_admin_region_ethiopia::01'}}"
waz,4,pooled,country_admin_region_kenya::30,0.10878505785807986,0.1103379313073541,-0.10747331363298866,0.32504342934914837,0.32416932667998055,37260,4434,114,model_specific_equal_total_country_weight,cluster_robust_country_psu,True,"{'child_sex': {'reference': 'Male', 'reference_column': 'child_sex_Male'}, 'maternal_education': {'reference': 'No education', 'reference_column': 'maternal_education_No education'}, 'literacy': {'reference': 'Cannot read at all', 'reference_column': 'literacy_Cannot read at all'}, 'wealth_quintile': {'reference': 'Poorest', 'reference_column': 'wealth_quintile_Poorest'}, 'residence': {'reference': 'Rural', 'reference_column': 'residence_Rural'}, 'country_admin_region': {'reference': 'ethiopia::01', 'reference_column': 'country_admin_region_ethiopia::01'}}"
waz,4,pooled,country_admin_region_kenya::31,0.5298862857504439,0.08886583484556401,0.3557124499970539,0.704060121503834,2.480016288532391e-09,37260,4434,114,model_specific_equal_total_country_weight,cluster_robust_country_psu,True,"{'child_sex': {'reference': 'Male', 'reference_column': 'child_sex_Male'}, 'maternal_education': {'reference': 'No education', 'reference_column': 'maternal_education_No education'}, 'literacy': {'reference': 'Cannot read at all', 'reference_column': 'literacy_Cannot read at all'}, 'wealth_quintile': {'reference': 'Poorest', 'reference_column': 'wealth_quintile_Poorest'}, 'residence': {'reference': 'Rural', 'reference_column': 'residence_Rural'}, 'country_admin_region': {'reference': 'ethiopia::01', 'reference_column': 'country_admin_region_ethiopia::01'}}"
waz,4,pooled,country_admin_region_kenya::32,0.4442697108507957,0.0896141747613906,0.26862915581419183,0.6199102658873996,7.13755472117213e-07,37260,4434,114,model_specific_equal_total_country_weight,cluster_robust_country_psu,True,"{'child_sex': {'reference': 'Male', 'reference_column': 'child_sex_Male'}, 'maternal_education': {'reference': 'No education', 'reference_column': 'maternal_education_No education'}, 'literacy': {'reference': 'Cannot read at all', 'reference_column': 'literacy_Cannot read at all'}, 'wealth_quintile': {'reference': 'Poorest', 'reference_column': 'wealth_quintile_Poorest'}, 'residence': {'reference': 'Rural', 'reference_column': 'residence_Rural'}, 'country_admin_region': {'reference': 'ethiopia::01', 'reference_column': 'country_admin_region_ethiopia::01'}}"
waz,4,pooled,country_admin_region_kenya::33,0.5056287147989491,0.07742399738982514,0.3538804683757687,0.6573769612221295,6.548663826683563e-11,37260,4434,114,model_specific_equal_total_country_weight,cluster_robust_country_psu,True,"{'child_sex': {'reference': 'Male', 'reference_column': 'child_sex_Male'}, 'maternal_education': {'reference': 'No education', 'reference_column': 'maternal_education_No education'}, 'literacy': {'reference': 'Cannot read at all', 'reference_column': 'literacy_Cannot read at all'}, 'wealth_quintile': {'reference': 'Poorest', 'reference_column': 'wealth_quintile_Poorest'}, 'residence': {'reference': 'Rural', 'reference_column': 'residence_Rural'}, 'country_admin_region': {'reference': 'ethiopia::01', 'reference_column': 'country_admin_region_ethiopia::01'}}"
waz,4,pooled,country_admin_region_kenya::34,0.538953682013376,0.09553169495636409,0.3517150005168357,0.7261923635099163,1.6845591839386813e-08,37260,4434,114,model_specific_equal_total_country_weight,cluster_robust_country_psu,True,"{'child_sex': {'reference': 'Male', 'reference_column': 'child_sex_Male'}, 'maternal_education': {'reference': 'No education', 'reference_column': 'maternal_education_No education'}, 'literacy': {'reference': 'Cannot read at all', 'reference_column': 'literacy_Cannot read at all'}, 'wealth_quintile': {'reference': 'Poorest', 'reference_column': 'wealth_quintile_Poorest'}, 'residence': {'reference': 'Rural', 'reference_column': 'residence_Rural'}, 'country_admin_region': {'reference': 'ethiopia::01', 'reference_column': 'country_admin_region_ethiopia::01'}}"
waz,4,pooled,country_admin_region_kenya::35,0.4399305376116714,0.08830515460849601,0.26685561492977805,0.6130054602935647,6.295159281525121e-07,37260,4434,114,model_specific_equal_total_country_weight,cluster_robust_country_psu,True,"{'child_sex': {'reference': 'Male', 'reference_column': 'child_sex_Male'}, 'maternal_education': {'reference': 'No education', 'reference_column': 'maternal_education_No education'}, 'literacy': {'reference': 'Cannot read at all', 'reference_column': 'literacy_Cannot read at all'}, 'wealth_quintile': {'reference': 'Poorest', 'reference_column': 'wealth_quintile_Poorest'}, 'residence': {'reference': 'Rural', 'reference_column': 'residence_Rural'}, 'country_admin_region': {'reference': 'ethiopia::01', 'reference_column': 'country_admin_region_ethiopia::01'}}"
waz,4,pooled,country_admin_region_kenya::36,0.4691294235401591,0.10136134902198063,0.27046483003268285,0.6677940170476353,3.6870264948230426e-06,37260,4434,114,model_specific_equal_total_country_weight,cluster_robust_country_psu,True,"{'child_sex': {'reference': 'Male', 'reference_column': 'child_sex_Male'}, 'maternal_education': {'reference': 'No education', 'reference_column': 'maternal_education_No education'}, 'literacy': {'reference': 'Cannot read at all', 'reference_column': 'literacy_Cannot read at all'}, 'wealth_quintile': {'reference': 'Poorest', 'reference_column': 'wealth_quintile_Poorest'}, 'residence': {'reference': 'Rural', 'reference_column': 'residence_Rural'}, 'country_admin_region': {'reference': 'ethiopia::01', 'reference_column': 'country_admin_region_ethiopia::01'}}"
waz,4,pooled,country_admin_region_kenya::37,0.7973624693311021,0.09470891357789407,0.6117364097035132,0.982988528958691,3.7943345737008747e-17,37260,4434,114,model_specific_equal_total_country_weight,cluster_robust_country_psu,True,"{'child_sex': {'reference': 'Male', 'reference_column': 'child_sex_Male'}, 'maternal_education': {'reference': 'No education', 'reference_column': 'maternal_education_No education'}, 'literacy': {'reference': 'Cannot read at all', 'reference_column': 'literacy_Cannot read at all'}, 'wealth_quintile': {'reference': 'Poorest', 'reference_column': 'wealth_quintile_Poorest'}, 'residence': {'reference': 'Rural', 'reference_column': 'residence_Rural'}, 'country_admin_region': {'reference': 'ethiopia::01', 'reference_column': 'country_admin_region_ethiopia::01'}}"
waz,4,pooled,country_admin_region_kenya::38,0.6718682224225433,0.10805913470636064,0.4600762101975142,0.8836602346475724,5.048239869332761e-10,37260,4434,114,model_specific_equal_total_country_weight,cluster_robust_country_psu,True,"{'child_sex': {'reference': 'Male', 'reference_column': 'child_sex_Male'}, 'maternal_education': {'reference': 'No education', 'reference_column': 'maternal_education_No education'}, 'literacy': {'reference': 'Cannot read at all', 'reference_column': 'literacy_Cannot read at all'}, 'wealth_quintile': {'reference': 'Poorest', 'reference_column': 'wealth_quintile_Poorest'}, 'residence': {'reference': 'Rural', 'reference_column': 'residence_Rural'}, 'country_admin_region': {'reference': 'ethiopia::01', 'reference_column': 'country_admin_region_ethiopia::01'}}"
waz,4,pooled,country_admin_region_kenya::39,0.583765478369248,0.0896791704908599,0.4079975340437354,0.7595334226947605,7.540741121521654e-11,37260,4434,114,model_specific_equal_total_country_weight,cluster_robust_country_psu,True,"{'child_sex': {'reference': 'Male', 'reference_column': 'child_sex_Male'}, 'maternal_education': {'reference': 'No education', 'reference_column': 'maternal_education_No education'}, 'literacy': {'reference': 'Cannot read at all', 'reference_column': 'literacy_Cannot read at all'}, 'wealth_quintile': {'reference': 'Poorest', 'reference_column': 'wealth_quintile_Poorest'}, 'residence': {'reference': 'Rural', 'reference_column': 'residence_Rural'}, 'country_admin_region': {'reference': 'ethiopia::01', 'reference_column': 'country_admin_region_ethiopia::01'}}"
waz,4,pooled,country_admin_region_kenya::40,0.7497049810966905,0.0913439966230372,0.5706740375115893,0.9287359246817917,2.258593961078227e-16,37260,4434,114,model_specific_equal_total_country_weight,cluster_robust_country_psu,True,"{'child_sex': {'reference': 'Male', 'reference_column': 'child_sex_Male'}, 'maternal_education': {'reference': 'No education', 'reference_column': 'maternal_education_No education'}, 'literacy': {'reference': 'Cannot read at all', 'reference_column': 'literacy_Cannot read at all'}, 'wealth_quintile': {'reference': 'Poorest', 'reference_column': 'wealth_quintile_Poorest'}, 'residence': {'reference': 'Rural', 'reference_column': 'residence_Rural'}, 'country_admin_region': {'reference': 'ethiopia::01', 'reference_column': 'country_admin_region_ethiopia::01'}}"
waz,4,pooled,country_admin_region_kenya::41,0.7011137491791466,0.09955700671994538,0.5059856015994415,0.8962418967588517,1.8904523481120863e-12,37260,4434,114,model_specific_equal_total_country_weight,cluster_robust_country_psu,True,"{'child_sex': {'reference': 'Male', 'reference_column': 'child_sex_Male'}, 'maternal_education': {'reference': 'No education', 'reference_column': 'maternal_education_No education'}, 'literacy': {'reference': 'Cannot read at all', 'reference_column': 'literacy_Cannot read at all'}, 'wealth_quintile': {'reference': 'Poorest', 'reference_column': 'wealth_quintile_Poorest'}, 'residence': {'reference': 'Rural', 'reference_column': 'residence_Rural'}, 'country_admin_region': {'reference': 'ethiopia::01', 'reference_column': 'country_admin_region_ethiopia::01'}}"
waz,4,pooled,country_admin_region_kenya::42,0.7942095257899523,0.09614858044629634,0.6057617709505594,0.9826572806293452,1.4539030304133906e-16,37260,4434,114,model_specific_equal_total_country_weight,cluster_robust_country_psu,True,"{'child_sex': {'reference': 'Male', 'reference_column': 'child_sex_Male'}, 'maternal_education': {'reference': 'No education', 'reference_column': 'maternal_education_No education'}, 'literacy': {'reference': 'Cannot read at all', 'reference_column': 'literacy_Cannot read at all'}, 'wealth_quintile': {'reference': 'Poorest', 'reference_column': 'wealth_quintile_Poorest'}, 'residence': {'reference': 'Rural', 'reference_column': 'residence_Rural'}, 'country_admin_region': {'reference': 'ethiopia::01', 'reference_column': 'country_admin_region_ethiopia::01'}}"
waz,4,pooled,country_admin_region_kenya::43,0.8993708010163403,0.08808093765322499,0.7267353354915014,1.0720062665411791,1.7752148321468604e-24,37260,4434,114,model_specific_equal_total_country_weight,cluster_robust_country_psu,True,"{'child_sex': {'reference': 'Male', 'reference_column': 'child_sex_Male'}, 'maternal_education': {'reference': 'No education', 'reference_column': 'maternal_education_No education'}, 'literacy': {'reference': 'Cannot read at all', 'reference_column': 'literacy_Cannot read at all'}, 'wealth_quintile': {'reference': 'Poorest', 'reference_column': 'wealth_quintile_Poorest'}, 'residence': {'reference': 'Rural', 'reference_column': 'residence_Rural'}, 'country_admin_region': {'reference': 'ethiopia::01', 'reference_column': 'country_admin_region_ethiopia::01'}}"
waz,4,pooled,country_admin_region_kenya::44,0.8321156592447686,0.08654883844613903,0.6624830529865605,1.0017482655029766,6.950947548047864e-22,37260,4434,114,model_specific_equal_total_country_weight,cluster_robust_country_psu,True,"{'child_sex': {'reference': 'Male', 'reference_column': 'child_sex_Male'}, 'maternal_education': {'reference': 'No education', 'reference_column': 'maternal_education_No education'}, 'literacy': {'reference': 'Cannot read at all', 'reference_column': 'literacy_Cannot read at all'}, 'wealth_quintile': {'reference': 'Poorest', 'reference_column': 'wealth_quintile_Poorest'}, 'residence': {'reference': 'Rural', 'reference_column': 'residence_Rural'}, 'country_admin_region': {'reference': 'ethiopia::01', 'reference_column': 'country_admin_region_ethiopia::01'}}"
waz,4,pooled,country_admin_region_kenya::45,0.6862436955475055,0.08878671472292687,0.5122249323849367,0.8602624587100743,1.0828754624648006e-14,37260,4434,114,model_specific_equal_total_country_weight,cluster_robust_country_psu,True,"{'child_sex': {'reference': 'Male', 'reference_column': 'child_sex_Male'}, 'maternal_education': {'reference': 'No education', 'reference_column': 'maternal_education_No education'}, 'literacy': {'reference': 'Cannot read at all', 'reference_column': 'literacy_Cannot read at all'}, 'wealth_quintile': {'reference': 'Poorest', 'reference_column': 'wealth_quintile_Poorest'}, 'residence': {'reference': 'Rural', 'reference_column': 'residence_Rural'}, 'country_admin_region': {'reference': 'ethiopia::01', 'reference_column': 'country_admin_region_ethiopia::01'}}"
waz,4,pooled,country_admin_region_kenya::46,0.706279145935675,0.10108111128009706,0.5081638083093993,0.9043944835619506,2.8032348533754005e-12,37260,4434,114,model_specific_equal_total_country_weight,cluster_robust_country_psu,True,"{'child_sex': {'reference': 'Male', 'reference_column': 'child_sex_Male'}, 'maternal_education': {'reference': 'No education', 'reference_column': 'maternal_education_No education'}, 'literacy': {'reference': 'Cannot read at all', 'reference_column': 'literacy_Cannot read at all'}, 'wealth_quintile': {'reference': 'Poorest', 'reference_column': 'wealth_quintile_Poorest'}, 'residence': {'reference': 'Rural', 'reference_column': 'residence_Rural'}, 'country_admin_region': {'reference': 'ethiopia::01', 'reference_column': 'country_admin_region_ethiopia::01'}}"
waz,4,pooled,country_admin_region_kenya::47,0.5963586905777074,0.10331126741298437,0.3938723272510715,0.7988450539043432,7.812908440189764e-09,37260,4434,114,model_specific_equal_total_country_weight,cluster_robust_country_psu,True,"{'child_sex': {'reference': 'Male', 'reference_column': 'child_sex_Male'}, 'maternal_education': {'reference': 'No education', 'reference_column': 'maternal_education_No education'}, 'literacy': {'reference': 'Cannot read at all', 'reference_column': 'literacy_Cannot read at all'}, 'wealth_quintile': {'reference': 'Poorest', 'reference_column': 'wealth_quintile_Poorest'}, 'residence': {'reference': 'Rural', 'reference_column': 'residence_Rural'}, 'country_admin_region': {'reference': 'ethiopia::01', 'reference_column': 'country_admin_region_ethiopia::01'}}"
waz,4,pooled,country_admin_region_nigeria::01,0.069705630083578,0.12456684291913192,-0.1744408957057788,0.3138521558729348,0.5757631230454259,37260,4434,114,model_specific_equal_total_country_weight,cluster_robust_country_psu,True,"{'child_sex': {'reference': 'Male', 'reference_column': 'child_sex_Male'}, 'maternal_education': {'reference': 'No education', 'reference_column': 'maternal_education_No education'}, 'literacy': {'reference': 'Cannot read at all', 'reference_column': 'literacy_Cannot read at all'}, 'wealth_quintile': {'reference': 'Poorest', 'reference_column': 'wealth_quintile_Poorest'}, 'residence': {'reference': 'Rural', 'reference_column': 'residence_Rural'}, 'country_admin_region': {'reference': 'ethiopia::01', 'reference_column': 'country_admin_region_ethiopia::01'}}"
waz,4,pooled,country_admin_region_nigeria::02,0.32002052980961027,0.11379335590113006,0.09698965056344691,0.5430514090557736,0.004918930811850706,37260,4434,114,model_specific_equal_total_country_weight,cluster_robust_country_psu,True,"{'child_sex': {'reference': 'Male', 'reference_column': 'child_sex_Male'}, 'maternal_education': {'reference': 'No education', 'reference_column': 'maternal_education_No education'}, 'literacy': {'reference': 'Cannot read at all', 'reference_column': 'literacy_Cannot read at all'}, 'wealth_quintile': {'reference': 'Poorest', 'reference_column': 'wealth_quintile_Poorest'}, 'residence': {'reference': 'Rural', 'reference_column': 'residence_Rural'}, 'country_admin_region': {'reference': 'ethiopia::01', 'reference_column': 'country_admin_region_ethiopia::01'}}"
waz,4,pooled,country_admin_region_nigeria::03,-0.00896942435168607,0.11959914322203372,-0.24337943764871986,0.22544058894534771,0.9402181139608183,37260,4434,114,model_specific_equal_total_country_weight,cluster_robust_country_psu,True,"{'child_sex': {'reference': 'Male', 'reference_column': 'child_sex_Male'}, 'maternal_education': {'reference': 'No education', 'reference_column': 'maternal_education_No education'}, 'literacy': {'reference': 'Cannot read at all', 'reference_column': 'literacy_Cannot read at all'}, 'wealth_quintile': {'reference': 'Poorest', 'reference_column': 'wealth_quintile_Poorest'}, 'residence': {'reference': 'Rural', 'reference_column': 'residence_Rural'}, 'country_admin_region': {'reference': 'ethiopia::01', 'reference_column': 'country_admin_region_ethiopia::01'}}"
waz,4,pooled,country_admin_region_nigeria::04,-0.2417572710689739,0.1242183684470047,-0.4852207994434298,0.0017062573054819619,0.05162735378461496,37260,4434,114,model_specific_equal_total_country_weight,cluster_robust_country_psu,True,"{'child_sex': {'reference': 'Male', 'reference_column': 'child_sex_Male'}, 'maternal_education': {'reference': 'No education', 'reference_column': 'maternal_education_No education'}, 'literacy': {'reference': 'Cannot read at all', 'reference_column': 'literacy_Cannot read at all'}, 'wealth_quintile': {'reference': 'Poorest', 'reference_column': 'wealth_quintile_Poorest'}, 'residence': {'reference': 'Rural', 'reference_column': 'residence_Rural'}, 'country_admin_region': {'reference': 'ethiopia::01', 'reference_column': 'country_admin_region_ethiopia::01'}}"
waz,4,pooled,country_admin_region_nigeria::05,-0.05218750446080985,0.10791550201840311,-0.26369800179043945,0.15932299286881973,0.628672618403658,37260,4434,114,model_specific_equal_total_country_weight,cluster_robust_country_psu,True,"{'child_sex': {'reference': 'Male', 'reference_column': 'child_sex_Male'}, 'maternal_education': {'reference': 'No education', 'reference_column': 'maternal_education_No education'}, 'literacy': {'reference': 'Cannot read at all', 'reference_column': 'literacy_Cannot read at all'}, 'wealth_quintile': {'reference': 'Poorest', 'reference_column': 'wealth_quintile_Poorest'}, 'residence': {'reference': 'Rural', 'reference_column': 'residence_Rural'}, 'country_admin_region': {'reference': 'ethiopia::01', 'reference_column': 'country_admin_region_ethiopia::01'}}"
waz,4,pooled,country_admin_region_nigeria::06,0.035735454171712845,0.11036824111309154,-0.18058232344697947,0.2520532317904052,0.7461016829429328,37260,4434,114,model_specific_equal_total_country_weight,cluster_robust_country_psu,True,"{'child_sex': {'reference': 'Male', 'reference_column': 'child_sex_Male'}, 'maternal_education': {'reference': 'No education', 'reference_column': 'maternal_education_No education'}, 'literacy': {'reference': 'Cannot read at all', 'reference_column': 'literacy_Cannot read at all'}, 'wealth_quintile': {'reference': 'Poorest', 'reference_column': 'wealth_quintile_Poorest'}, 'residence': {'reference': 'Rural', 'reference_column': 'residence_Rural'}, 'country_admin_region': {'reference': 'ethiopia::01', 'reference_column': 'country_admin_region_ethiopia::01'}}"
waz,4,pooled,country_admin_region_nigeria::07,0.027233455263606824,0.11011941893042078,-0.18859663983849614,0.24306355036570979,0.8046695727506659,37260,4434,114,model_specific_equal_total_country_weight,cluster_robust_country_psu,True,"{'child_sex': {'reference': 'Male', 'reference_column': 'child_sex_Male'}, 'maternal_education': {'reference': 'No education', 'reference_column': 'maternal_education_No education'}, 'literacy': {'reference': 'Cannot read at all', 'reference_column': 'literacy_Cannot read at all'}, 'wealth_quintile': {'reference': 'Poorest', 'reference_column': 'wealth_quintile_Poorest'}, 'residence': {'reference': 'Rural', 'reference_column': 'residence_Rural'}, 'country_admin_region': {'reference': 'ethiopia::01', 'reference_column': 'country_admin_region_ethiopia::01'}}"
waz,4,pooled,country_admin_region_nigeria::08,-0.24378981409075162,0.14093181704270086,-0.5200110997702334,0.03243147158873022,0.08365846021768572,37260,4434,114,model_specific_equal_total_country_weight,cluster_robust_country_psu,True,"{'child_sex': {'reference': 'Male', 'reference_column': 'child_sex_Male'}, 'maternal_education': {'reference': 'No education', 'reference_column': 'maternal_education_No education'}, 'literacy': {'reference': 'Cannot read at all', 'reference_column': 'literacy_Cannot read at all'}, 'wealth_quintile': {'reference': 'Poorest', 'reference_column': 'wealth_quintile_Poorest'}, 'residence': {'reference': 'Rural', 'reference_column': 'residence_Rural'}, 'country_admin_region': {'reference': 'ethiopia::01', 'reference_column': 'country_admin_region_ethiopia::01'}}"
waz,4,pooled,country_admin_region_nigeria::09,-0.24319622332653557,0.09025819122493903,-0.4200990274371452,-0.06629341921592594,0.007050481031280555,37260,4434,114,model_specific_equal_total_country_weight,cluster_robust_country_psu,True,"{'child_sex': {'reference': 'Male', 'reference_column': 'child_sex_Male'}, 'maternal_education': {'reference': 'No education', 'reference_column': 'maternal_education_No education'}, 'literacy': {'reference': 'Cannot read at all', 'reference_column': 'literacy_Cannot read at all'}, 'wealth_quintile': {'reference': 'Poorest', 'reference_column': 'wealth_quintile_Poorest'}, 'residence': {'reference': 'Rural', 'reference_column': 'residence_Rural'}, 'country_admin_region': {'reference': 'ethiopia::01', 'reference_column': 'country_admin_region_ethiopia::01'}}"
waz,4,pooled,country_admin_region_nigeria::10,-0.1256668528224194,0.1536786423042788,-0.4268714569318194,0.17553775128698057,0.4135142875152503,37260,4434,114,model_specific_equal_total_country_weight,cluster_robust_country_psu,True,"{'child_sex': {'reference': 'Male', 'reference_column': 'child_sex_Male'}, 'maternal_education': {'reference': 'No education', 'reference_column': 'maternal_education_No education'}, 'literacy': {'reference': 'Cannot read at all', 'reference_column': 'literacy_Cannot read at all'}, 'wealth_quintile': {'reference': 'Poorest', 'reference_column': 'wealth_quintile_Poorest'}, 'residence': {'reference': 'Rural', 'reference_column': 'residence_Rural'}, 'country_admin_region': {'reference': 'ethiopia::01', 'reference_column': 'country_admin_region_ethiopia::01'}}"
waz,4,pooled,country_admin_region_nigeria::11,-0.2935916323614398,0.12867886651894533,-0.5457975763100097,-0.041385688412869936,0.022513917110980174,37260,4434,114,model_specific_equal_total_country_weight,cluster_robust_country_psu,True,"{'child_sex': {'reference': 'Male', 'reference_column': 'child_sex_Male'}, 'maternal_education': {'reference': 'No education', 'reference_column': 'maternal_education_No education'}, 'literacy': {'reference': 'Cannot read at all', 'reference_column': 'literacy_Cannot read at all'}, 'wealth_quintile': {'reference': 'Poorest', 'reference_column': 'wealth_quintile_Poorest'}, 'residence': {'reference': 'Rural', 'reference_column': 'residence_Rural'}, 'country_admin_region': {'reference': 'ethiopia::01', 'reference_column': 'country_admin_region_ethiopia::01'}}"
waz,4,pooled,country_admin_region_nigeria::12,-0.14745720015434513,0.11671556633660368,-0.3762155066092839,0.08130110630059362,0.20644929990297645,37260,4434,114,model_specific_equal_total_country_weight,cluster_robust_country_psu,True,"{'child_sex': {'reference': 'Male', 'reference_column': 'child_sex_Male'}, 'maternal_education': {'reference': 'No education', 'reference_column': 'maternal_education_No education'}, 'literacy': {'reference': 'Cannot read at all', 'reference_column': 'literacy_Cannot read at all'}, 'wealth_quintile': {'reference': 'Poorest', 'reference_column': 'wealth_quintile_Poorest'}, 'residence': {'reference': 'Rural', 'reference_column': 'residence_Rural'}, 'country_admin_region': {'reference': 'ethiopia::01', 'reference_column': 'country_admin_region_ethiopia::01'}}"
waz,4,pooled,country_admin_region_nigeria::13,-0.3415237669353446,0.11461400557145583,-0.5661630899792711,-0.11688444389141806,0.002884616688198123,37260,4434,114,model_specific_equal_total_country_weight,cluster_robust_country_psu,True,"{'child_sex': {'reference': 'Male', 'reference_column': 'child_sex_Male'}, 'maternal_education': {'reference': 'No education', 'reference_column': 'maternal_education_No education'}, 'literacy': {'reference': 'Cannot read at all', 'reference_column': 'literacy_Cannot read at all'}, 'wealth_quintile': {'reference': 'Poorest', 'reference_column': 'wealth_quintile_Poorest'}, 'residence': {'reference': 'Rural', 'reference_column': 'residence_Rural'}, 'country_admin_region': {'reference': 'ethiopia::01', 'reference_column': 'country_admin_region_ethiopia::01'}}"
waz,4,pooled,country_admin_region_nigeria::14,-0.439548519622958,0.11339112961369846,-0.6617910498321201,-0.21730598941379584,0.00010601663550191129,37260,4434,114,model_specific_equal_total_country_weight,cluster_robust_country_psu,True,"{'child_sex': {'reference': 'Male', 'reference_column': 'child_sex_Male'}, 'maternal_education': {'reference': 'No education', 'reference_column': 'maternal_education_No education'}, 'literacy': {'reference': 'Cannot read at all', 'reference_column': 'literacy_Cannot read at all'}, 'wealth_quintile': {'reference': 'Poorest', 'reference_column': 'wealth_quintile_Poorest'}, 'residence': {'reference': 'Rural', 'reference_column': 'residence_Rural'}, 'country_admin_region': {'reference': 'ethiopia::01', 'reference_column': 'country_admin_region_ethiopia::01'}}"
waz,4,pooled,country_admin_region_nigeria::15,-0.024043769774031103,0.09819974389632122,-0.21651173110187769,0.16842419155381547,0.8065760274832516,37260,4434,114,model_specific_equal_total_country_weight,cluster_robust_country_psu,True,"{'child_sex': {'reference': 'Male', 'reference_column': 'child_sex_Male'}, 'maternal_education': {'reference': 'No education', 'reference_column': 'maternal_education_No education'}, 'literacy': {'reference': 'Cannot read at all', 'reference_column': 'literacy_Cannot read at all'}, 'wealth_quintile': {'reference': 'Poorest', 'reference_column': 'wealth_quintile_Poorest'}, 'residence': {'reference': 'Rural', 'reference_column': 'residence_Rural'}, 'country_admin_region': {'reference': 'ethiopia::01', 'reference_column': 'country_admin_region_ethiopia::01'}}"
waz,4,pooled,country_admin_region_nigeria::16,-0.4359578436667415,0.10922621674598615,-0.6500372946564401,-0.22187839267704293,6.570385988089586e-05,37260,4434,114,model_specific_equal_total_country_weight,cluster_robust_country_psu,True,"{'child_sex': {'reference': 'Male', 'reference_column': 'child_sex_Male'}, 'maternal_education': {'reference': 'No education', 'reference_column': 'maternal_education_No education'}, 'literacy': {'reference': 'Cannot read at all', 'reference_column': 'literacy_Cannot read at all'}, 'wealth_quintile': {'reference': 'Poorest', 'reference_column': 'wealth_quintile_Poorest'}, 'residence': {'reference': 'Rural', 'reference_column': 'residence_Rural'}, 'country_admin_region': {'reference': 'ethiopia::01', 'reference_column': 'country_admin_region_ethiopia::01'}}"
waz,4,pooled,country_admin_region_nigeria::17,-0.08642040217917037,0.11121062914907352,-0.3043892300093948,0.13154842565105407,0.43710708249791264,37260,4434,114,model_specific_equal_total_country_weight,cluster_robust_country_psu,True,"{'child_sex': {'reference': 'Male', 'reference_column': 'child_sex_Male'}, 'maternal_education': {'reference': 'No education', 'reference_column': 'maternal_education_No education'}, 'literacy': {'reference': 'Cannot read at all', 'reference_column': 'literacy_Cannot read at all'}, 'wealth_quintile': {'reference': 'Poorest', 'reference_column': 'wealth_quintile_Poorest'}, 'residence': {'reference': 'Rural', 'reference_column': 'residence_Rural'}, 'country_admin_region': {'reference': 'ethiopia::01', 'reference_column': 'country_admin_region_ethiopia::01'}}"
waz,4,pooled,country_admin_region_nigeria::18,-0.293776343750752,0.10607711554259809,-0.5016836697981383,-0.08586901770336575,0.005614927343353718,37260,4434,114,model_specific_equal_total_country_weight,cluster_robust_country_psu,True,"{'child_sex': {'reference': 'Male', 'reference_column': 'child_sex_Male'}, 'maternal_education': {'reference': 'No education', 'reference_column': 'maternal_education_No education'}, 'literacy': {'reference': 'Cannot read at all', 'reference_column': 'literacy_Cannot read at all'}, 'wealth_quintile': {'reference': 'Poorest', 'reference_column': 'wealth_quintile_Poorest'}, 'residence': {'reference': 'Rural', 'reference_column': 'residence_Rural'}, 'country_admin_region': {'reference': 'ethiopia::01', 'reference_column': 'country_admin_region_ethiopia::01'}}"
waz,4,pooled,country_admin_region_nigeria::19,-0.33105781417225016,0.08372222367945327,-0.49515035728958506,-0.16696527105491527,7.677812592173918e-05,37260,4434,114,model_specific_equal_total_country_weight,cluster_robust_country_psu,True,"{'child_sex': {'reference': 'Male', 'reference_column': 'child_sex_Male'}, 'maternal_education': {'reference': 'No education', 'reference_column': 'maternal_education_No education'}, 'literacy': {'reference': 'Cannot read at all', 'reference_column': 'literacy_Cannot read at all'}, 'wealth_quintile': {'reference': 'Poorest', 'reference_column': 'wealth_quintile_Poorest'}, 'residence': {'reference': 'Rural', 'reference_column': 'residence_Rural'}, 'country_admin_region': {'reference': 'ethiopia::01', 'reference_column': 'country_admin_region_ethiopia::01'}}"
waz,4,pooled,country_admin_region_nigeria::20,-0.5379355390652377,0.14380312044041174,-0.8197844759929205,-0.256086602137555,0.00018345155969069153,37260,4434,114,model_specific_equal_total_country_weight,cluster_robust_country_psu,True,"{'child_sex': {'reference': 'Male', 'reference_column': 'child_sex_Male'}, 'maternal_education': {'reference': 'No education', 'reference_column': 'maternal_education_No education'}, 'literacy': {'reference': 'Cannot read at all', 'reference_column': 'literacy_Cannot read at all'}, 'wealth_quintile': {'reference': 'Poorest', 'reference_column': 'wealth_quintile_Poorest'}, 'residence': {'reference': 'Rural', 'reference_column': 'residence_Rural'}, 'country_admin_region': {'reference': 'ethiopia::01', 'reference_column': 'country_admin_region_ethiopia::01'}}"
waz,4,pooled,country_admin_region_nigeria::21,0.035163551576661484,0.14040241008141666,-0.24002011552553856,0.3103472186788615,0.802240644782569,37260,4434,114,model_specific_equal_total_country_weight,cluster_robust_country_psu,True,"{'child_sex': {'reference': 'Male', 'reference_column': 'child_sex_Male'}, 'maternal_education': {'reference': 'No education', 'reference_column': 'maternal_education_No education'}, 'literacy': {'reference': 'Cannot read at all', 'reference_column': 'literacy_Cannot read at all'}, 'wealth_quintile': {'reference': 'Poorest', 'reference_column': 'wealth_quintile_Poorest'}, 'residence': {'reference': 'Rural', 'reference_column': 'residence_Rural'}, 'country_admin_region': {'reference': 'ethiopia::01', 'reference_column': 'country_admin_region_ethiopia::01'}}"
waz,4,pooled,country_admin_region_nigeria::22,0.054611315608844184,0.11315794371015221,-0.1671741786276649,0.27639680984535325,0.6293716707483075,37260,4434,114,model_specific_equal_total_country_weight,cluster_robust_country_psu,True,"{'child_sex': {'reference': 'Male', 'reference_column': 'child_sex_Male'}, 'maternal_education': {'reference': 'No education', 'reference_column': 'maternal_education_No education'}, 'literacy': {'reference': 'Cannot read at all', 'reference_column': 'literacy_Cannot read at all'}, 'wealth_quintile': {'reference': 'Poorest', 'reference_column': 'wealth_quintile_Poorest'}, 'residence': {'reference': 'Rural', 'reference_column': 'residence_Rural'}, 'country_admin_region': {'reference': 'ethiopia::01', 'reference_column': 'country_admin_region_ethiopia::01'}}"
waz,4,pooled,country_admin_region_nigeria::23,0.027917128014162334,0.08678032495482894,-0.1421691834639849,0.19800343949230956,0.7476808729472944,37260,4434,114,model_specific_equal_total_country_weight,cluster_robust_country_psu,True,"{'child_sex': {'reference': 'Male', 'reference_column': 'child_sex_Male'}, 'maternal_education': {'reference': 'No education', 'reference_column': 'maternal_education_No education'}, 'literacy': {'reference': 'Cannot read at all', 'reference_column': 'literacy_Cannot read at all'}, 'wealth_quintile': {'reference': 'Poorest', 'reference_column': 'wealth_quintile_Poorest'}, 'residence': {'reference': 'Rural', 'reference_column': 'residence_Rural'}, 'country_admin_region': {'reference': 'ethiopia::01', 'reference_column': 'country_admin_region_ethiopia::01'}}"
waz,4,pooled,country_admin_region_nigeria::24,0.3982374854558211,0.09533045744719244,0.21139322222959572,0.5850817486820465,2.9480541532026265e-05,37260,4434,114,model_specific_equal_total_country_weight,cluster_robust_country_psu,True,"{'child_sex': {'reference': 'Male', 'reference_column': 'child_sex_Male'}, 'maternal_education': {'reference': 'No education', 'reference_column': 'maternal_education_No education'}, 'literacy': {'reference': 'Cannot read at all', 'reference_column': 'literacy_Cannot read at all'}, 'wealth_quintile': {'reference': 'Poorest', 'reference_column': 'wealth_quintile_Poorest'}, 'residence': {'reference': 'Rural', 'reference_column': 'residence_Rural'}, 'country_admin_region': {'reference': 'ethiopia::01', 'reference_column': 'country_admin_region_ethiopia::01'}}"
waz,4,pooled,country_admin_region_nigeria::25,-0.02099335792961988,0.10592678249493459,-0.22860603661789952,0.18661932075865978,0.8428984134242181,37260,4434,114,model_specific_equal_total_country_weight,cluster_robust_country_psu,True,"{'child_sex': {'reference': 'Male', 'reference_column': 'child_sex_Male'}, 'maternal_education': {'reference': 'No education', 'reference_column': 'maternal_education_No education'}, 'literacy': {'reference': 'Cannot read at all', 'reference_column': 'literacy_Cannot read at all'}, 'wealth_quintile': {'reference': 'Poorest', 'reference_column': 'wealth_quintile_Poorest'}, 'residence': {'reference': 'Rural', 'reference_column': 'residence_Rural'}, 'country_admin_region': {'reference': 'ethiopia::01', 'reference_column': 'country_admin_region_ethiopia::01'}}"
waz,4,pooled,country_admin_region_nigeria::26,-0.24920202427340726,0.11805868577230914,-0.48059279644926445,-0.01781125209755005,0.03478677461982394,37260,4434,114,model_specific_equal_total_country_weight,cluster_robust_country_psu,True,"{'child_sex': {'reference': 'Male', 'reference_column': 'child_sex_Male'}, 'maternal_education': {'reference': 'No education', 'reference_column': 'maternal_education_No education'}, 'literacy': {'reference': 'Cannot read at all', 'reference_column': 'literacy_Cannot read at all'}, 'wealth_quintile': {'reference': 'Poorest', 'reference_column': 'wealth_quintile_Poorest'}, 'residence': {'reference': 'Rural', 'reference_column': 'residence_Rural'}, 'country_admin_region': {'reference': 'ethiopia::01', 'reference_column': 'country_admin_region_ethiopia::01'}}"
waz,4,pooled,country_admin_region_nigeria::27,-0.10529904613851787,0.1219112939509764,-0.3442407915911074,0.13364269931407163,0.3877335061585513,37260,4434,114,model_specific_equal_total_country_weight,cluster_robust_country_psu,True,"{'child_sex': {'reference': 'Male', 'reference_column': 'child_sex_Male'}, 'maternal_education': {'reference': 'No education', 'reference_column': 'maternal_education_No education'}, 'literacy': {'reference': 'Cannot read at all', 'reference_column': 'literacy_Cannot read at all'}, 'wealth_quintile': {'reference': 'Poorest', 'reference_column': 'wealth_quintile_Poorest'}, 'residence': {'reference': 'Rural', 'reference_column': 'residence_Rural'}, 'country_admin_region': {'reference': 'ethiopia::01', 'reference_column': 'country_admin_region_ethiopia::01'}}"
waz,4,pooled,country_admin_region_nigeria::28,-0.0036314079602785968,0.1212798389990366,-0.24133552444920664,0.23407270852864942,0.9761130004901061,37260,4434,114,model_specific_equal_total_country_weight,cluster_robust_country_psu,True,"{'child_sex': {'reference': 'Male', 'reference_column': 'child_sex_Male'}, 'maternal_education': {'reference': 'No education', 'reference_column': 'maternal_education_No education'}, 'literacy': {'reference': 'Cannot read at all', 'reference_column': 'literacy_Cannot read at all'}, 'wealth_quintile': {'reference': 'Poorest', 'reference_column': 'wealth_quintile_Poorest'}, 'residence': {'reference': 'Rural', 'reference_column': 'residence_Rural'}, 'country_admin_region': {'reference': 'ethiopia::01', 'reference_column': 'country_admin_region_ethiopia::01'}}"
waz,4,pooled,country_admin_region_nigeria::29,-0.11831835545984015,0.10705479537589145,-0.32814189876889255,0.09150518784921222,0.26906728936906654,37260,4434,114,model_specific_equal_total_country_weight,cluster_robust_country_psu,True,"{'child_sex': {'reference': 'Male', 'reference_column': 'child_sex_Male'}, 'maternal_education': {'reference': 'No education', 'reference_column': 'maternal_education_No education'}, 'literacy': {'reference': 'Cannot read at all', 'reference_column': 'literacy_Cannot read at all'}, 'wealth_quintile': {'reference': 'Poorest', 'reference_column': 'wealth_quintile_Poorest'}, 'residence': {'reference': 'Rural', 'reference_column': 'residence_Rural'}, 'country_admin_region': {'reference': 'ethiopia::01', 'reference_column': 'country_admin_region_ethiopia::01'}}"
waz,4,pooled,country_admin_region_nigeria::30,0.010819476833952204,0.11595184305818539,-0.21644195950113182,0.23808091316903623,0.9256572169274337,37260,4434,114,model_specific_equal_total_country_weight,cluster_robust_country_psu,True,"{'child_sex': {'reference': 'Male', 'reference_column': 'child_sex_Male'}, 'maternal_education': {'reference': 'No education', 'reference_column': 'maternal_education_No education'}, 'literacy': {'reference': 'Cannot read at all', 'reference_column': 'literacy_Cannot read at all'}, 'wealth_quintile': {'reference': 'Poorest', 'reference_column': 'wealth_quintile_Poorest'}, 'residence': {'reference': 'Rural', 'reference_column': 'residence_Rural'}, 'country_admin_region': {'reference': 'ethiopia::01', 'reference_column': 'country_admin_region_ethiopia::01'}}"
waz,4,pooled,country_admin_region_nigeria::31,0.00914101006841506,0.093196318433917,-0.1735204175537886,0.19180243769061872,0.9218660834220458,37260,4434,114,model_specific_equal_total_country_weight,cluster_robust_country_psu,True,"{'child_sex': {'reference': 'Male', 'reference_column': 'child_sex_Male'}, 'maternal_education': {'reference': 'No education', 'reference_column': 'maternal_education_No education'}, 'literacy': {'reference': 'Cannot read at all', 'reference_column': 'literacy_Cannot read at all'}, 'wealth_quintile': {'reference': 'Poorest', 'reference_column': 'wealth_quintile_Poorest'}, 'residence': {'reference': 'Rural', 'reference_column': 'residence_Rural'}, 'country_admin_region': {'reference': 'ethiopia::01', 'reference_column': 'country_admin_region_ethiopia::01'}}"
waz,4,pooled,country_admin_region_nigeria::32,0.06867240108611214,0.1299774064415007,-0.1860786343431536,0.32342343651537786,0.5972626358738014,37260,4434,114,model_specific_equal_total_country_weight,cluster_robust_country_psu,True,"{'child_sex': {'reference': 'Male', 'reference_column': 'child_sex_Male'}, 'maternal_education': {'reference': 'No education', 'reference_column': 'maternal_education_No education'}, 'literacy': {'reference': 'Cannot read at all', 'reference_column': 'literacy_Cannot read at all'}, 'wealth_quintile': {'reference': 'Poorest', 'reference_column': 'wealth_quintile_Poorest'}, 'residence': {'reference': 'Rural', 'reference_column': 'residence_Rural'}, 'country_admin_region': {'reference': 'ethiopia::01', 'reference_column': 'country_admin_region_ethiopia::01'}}"
waz,4,pooled,country_admin_region_nigeria::33,-0.05520066570732607,0.15456778177064037,-0.3581479511480279,0.24774661973337575,0.720995097808474,37260,4434,114,model_specific_equal_total_country_weight,cluster_robust_country_psu,True,"{'child_sex': {'reference': 'Male', 'reference_column': 'child_sex_Male'}, 'maternal_education': {'reference': 'No education', 'reference_column': 'maternal_education_No education'}, 'literacy': {'reference': 'Cannot read at all', 'reference_column': 'literacy_Cannot read at all'}, 'wealth_quintile': {'reference': 'Poorest', 'reference_column': 'wealth_quintile_Poorest'}, 'residence': {'reference': 'Rural', 'reference_column': 'residence_Rural'}, 'country_admin_region': {'reference': 'ethiopia::01', 'reference_column': 'country_admin_region_ethiopia::01'}}"
waz,4,pooled,country_admin_region_nigeria::34,-0.20857929799476416,0.1362185933981172,-0.4755628350797795,0.058404239090251164,0.1257174536890689,37260,4434,114,model_specific_equal_total_country_weight,cluster_robust_country_psu,True,"{'child_sex': {'reference': 'Male', 'reference_column': 'child_sex_Male'}, 'maternal_education': {'reference': 'No education', 'reference_column': 'maternal_education_No education'}, 'literacy': {'reference': 'Cannot read at all', 'reference_column': 'literacy_Cannot read at all'}, 'wealth_quintile': {'reference': 'Poorest', 'reference_column': 'wealth_quintile_Poorest'}, 'residence': {'reference': 'Rural', 'reference_column': 'residence_Rural'}, 'country_admin_region': {'reference': 'ethiopia::01', 'reference_column': 'country_admin_region_ethiopia::01'}}"
waz,4,pooled,country_admin_region_nigeria::35,-0.16347711572376036,0.13187520402012648,-0.42194776605708006,0.09499353460955931,0.21511043680705733,37260,4434,114,model_specific_equal_total_country_weight,cluster_robust_country_psu,True,"{'child_sex': {'reference': 'Male', 'reference_column': 'child_sex_Male'}, 'maternal_education': {'reference': 'No education', 'reference_column': 'maternal_education_No education'}, 'literacy': {'reference': 'Cannot read at all', 'reference_column': 'literacy_Cannot read at all'}, 'wealth_quintile': {'reference': 'Poorest', 'reference_column': 'wealth_quintile_Poorest'}, 'residence': {'reference': 'Rural', 'reference_column': 'residence_Rural'}, 'country_admin_region': {'reference': 'ethiopia::01', 'reference_column': 'country_admin_region_ethiopia::01'}}"
waz,4,pooled,country_admin_region_nigeria::36,-0.30062833678217976,0.13002231859137808,-0.5554673984076735,-0.045789275156686016,0.020770591003910523,37260,4434,114,model_specific_equal_total_country_weight,cluster_robust_country_psu,True,"{'child_sex': {'reference': 'Male', 'reference_column': 'child_sex_Male'}, 'maternal_education': {'reference': 'No education', 'reference_column': 'maternal_education_No education'}, 'literacy': {'reference': 'Cannot read at all', 'reference_column': 'literacy_Cannot read at all'}, 'wealth_quintile': {'reference': 'Poorest', 'reference_column': 'wealth_quintile_Poorest'}, 'residence': {'reference': 'Rural', 'reference_column': 'residence_Rural'}, 'country_admin_region': {'reference': 'ethiopia::01', 'reference_column': 'country_admin_region_ethiopia::01'}}"
waz,4,pooled,country_admin_region_nigeria::37,-0.29340544320192063,0.10170749266137191,-0.49274846577608145,-0.09406242062775982,0.003916664491373217,37260,4434,114,model_specific_equal_total_country_weight,cluster_robust_country_psu,True,"{'child_sex': {'reference': 'Male', 'reference_column': 'child_sex_Male'}, 'maternal_education': {'reference': 'No education', 'reference_column': 'maternal_education_No education'}, 'literacy': {'reference': 'Cannot read at all', 'reference_column': 'literacy_Cannot read at all'}, 'wealth_quintile': {'reference': 'Poorest', 'reference_column': 'wealth_quintile_Poorest'}, 'residence': {'reference': 'Rural', 'reference_column': 'residence_Rural'}, 'country_admin_region': {'reference': 'ethiopia::01', 'reference_column': 'country_admin_region_ethiopia::01'}}"
waz,4,ethiopia,const,-1.3842449755115043,0.23465855139660458,-1.8441672849131905,-0.9243226661098181,3.657661992228159e-09,5955,787,14,weight_original,cluster_robust_psu,True,"{'child_sex': {'reference': 'Male', 'reference_column': 'child_sex_Male'}, 'maternal_education': {'reference': 'No education', 'reference_column': 'maternal_education_No education'}, 'literacy': {'reference': 'Cannot read at all', 'reference_column': 'literacy_Cannot read at all'}, 'wealth_quintile': {'reference': 'Poorest', 'reference_column': 'wealth_quintile_Poorest'}, 'residence': {'reference': 'Rural', 'reference_column': 'residence_Rural'}, 'country_admin_region': {'reference': 'ethiopia::01', 'reference_column': 'country_admin_region_ethiopia::01'}}"
waz,4,ethiopia,water_rate_loo,0.07335635052635578,0.11246664285530127,-0.1470742189321637,0.29378691998487527,0.5142400085595603,5955,787,14,weight_original,cluster_robust_psu,True,"{'child_sex': {'reference': 'Male', 'reference_column': 'child_sex_Male'}, 'maternal_education': {'reference': 'No education', 'reference_column': 'maternal_education_No education'}, 'literacy': {'reference': 'Cannot read at all', 'reference_column': 'literacy_Cannot read at all'}, 'wealth_quintile': {'reference': 'Poorest', 'reference_column': 'wealth_quintile_Poorest'}, 'residence': {'reference': 'Rural', 'reference_column': 'residence_Rural'}, 'country_admin_region': {'reference': 'ethiopia::01', 'reference_column': 'country_admin_region_ethiopia::01'}}"
waz,4,ethiopia,sanitation_rate_loo_core,0.1858004453073172,0.11739874499926602,-0.04429686672144595,0.41589775733608036,0.11350257841859321,5955,787,14,weight_original,cluster_robust_psu,True,"{'child_sex': {'reference': 'Male', 'reference_column': 'child_sex_Male'}, 'maternal_education': {'reference': 'No education', 'reference_column': 'maternal_education_No education'}, 'literacy': {'reference': 'Cannot read at all', 'reference_column': 'literacy_Cannot read at all'}, 'wealth_quintile': {'reference': 'Poorest', 'reference_column': 'wealth_quintile_Poorest'}, 'residence': {'reference': 'Rural', 'reference_column': 'residence_Rural'}, 'country_admin_region': {'reference': 'ethiopia::01', 'reference_column': 'country_admin_region_ethiopia::01'}}"
waz,4,ethiopia,b19_raw,-0.016559210231011895,0.0014794543711850344,-0.019458887515304914,-0.013659532946718875,4.42333573613809e-29,5955,787,14,weight_original,cluster_robust_psu,True,"{'child_sex': {'reference': 'Male', 'reference_column': 'child_sex_Male'}, 'maternal_education': {'reference': 'No education', 'reference_column': 'maternal_education_No education'}, 'literacy': {'reference': 'Cannot read at all', 'reference_column': 'literacy_Cannot read at all'}, 'wealth_quintile': {'reference': 'Poorest', 'reference_column': 'wealth_quintile_Poorest'}, 'residence': {'reference': 'Rural', 'reference_column': 'residence_Rural'}, 'country_admin_region': {'reference': 'ethiopia::01', 'reference_column': 'country_admin_region_ethiopia::01'}}"
waz,4,ethiopia,birth_order_raw,-0.04321194187865543,0.022850203231241886,-0.0879975172513103,0.0015736334939994365,0.05861144891834161,5955,787,14,weight_original,cluster_robust_psu,True,"{'child_sex': {'reference': 'Male', 'reference_column': 'child_sex_Male'}, 'maternal_education': {'reference': 'No education', 'reference_column': 'maternal_education_No education'}, 'literacy': {'reference': 'Cannot read at all', 'reference_column': 'literacy_Cannot read at all'}, 'wealth_quintile': {'reference': 'Poorest', 'reference_column': 'wealth_quintile_Poorest'}, 'residence': {'reference': 'Rural', 'reference_column': 'residence_Rural'}, 'country_admin_region': {'reference': 'ethiopia::01', 'reference_column': 'country_admin_region_ethiopia::01'}}"
waz,4,ethiopia,maternal_age,0.013754518301692272,0.007298259477227961,-0.0005498074235026542,0.0280588440268872,0.059479817526023174,5955,787,14,weight_original,cluster_robust_psu,True,"{'child_sex': {'reference': 'Male', 'reference_column': 'child_sex_Male'}, 'maternal_education': {'reference': 'No education', 'reference_column': 'maternal_education_No education'}, 'literacy': {'reference': 'Cannot read at all', 'reference_column': 'literacy_Cannot read at all'}, 'wealth_quintile': {'reference': 'Poorest', 'reference_column': 'wealth_quintile_Poorest'}, 'residence': {'reference': 'Rural', 'reference_column': 'residence_Rural'}, 'country_admin_region': {'reference': 'ethiopia::01', 'reference_column': 'country_admin_region_ethiopia::01'}}"
waz,4,ethiopia,household_size_raw,0.012776369366931184,0.017411252161975452,-0.021349057796285854,0.04690179653014822,0.46307090207033585,5955,787,14,weight_original,cluster_robust_psu,True,"{'child_sex': {'reference': 'Male', 'reference_column': 'child_sex_Male'}, 'maternal_education': {'reference': 'No education', 'reference_column': 'maternal_education_No education'}, 'literacy': {'reference': 'Cannot read at all', 'reference_column': 'literacy_Cannot read at all'}, 'wealth_quintile': {'reference': 'Poorest', 'reference_column': 'wealth_quintile_Poorest'}, 'residence': {'reference': 'Rural', 'reference_column': 'residence_Rural'}, 'country_admin_region': {'reference': 'ethiopia::01', 'reference_column': 'country_admin_region_ethiopia::01'}}"
waz,4,ethiopia,child_sex_Female,0.0775789776045105,0.045468706600821564,-0.011538049756718391,0.16669600496573939,0.08796974188984404,5955,787,14,weight_original,cluster_robust_psu,True,"{'child_sex': {'reference': 'Male', 'reference_column': 'child_sex_Male'}, 'maternal_education': {'reference': 'No education', 'reference_column': 'maternal_education_No education'}, 'literacy': {'reference': 'Cannot read at all', 'reference_column': 'literacy_Cannot read at all'}, 'wealth_quintile': {'reference': 'Poorest', 'reference_column': 'wealth_quintile_Poorest'}, 'residence': {'reference': 'Rural', 'reference_column': 'residence_Rural'}, 'country_admin_region': {'reference': 'ethiopia::01', 'reference_column': 'country_admin_region_ethiopia::01'}}"
waz,4,ethiopia,maternal_education_Higher,0.3157071952981393,0.15159531085347117,0.018585845800181855,0.6128285447960967,0.03729082804493851,5955,787,14,weight_original,cluster_robust_psu,True,"{'child_sex': {'reference': 'Male', 'reference_column': 'child_sex_Male'}, 'maternal_education': {'reference': 'No education', 'reference_column': 'maternal_education_No education'}, 'literacy': {'reference': 'Cannot read at all', 'reference_column': 'literacy_Cannot read at all'}, 'wealth_quintile': {'reference': 'Poorest', 'reference_column': 'wealth_quintile_Poorest'}, 'residence': {'reference': 'Rural', 'reference_column': 'residence_Rural'}, 'country_admin_region': {'reference': 'ethiopia::01', 'reference_column': 'country_admin_region_ethiopia::01'}}"
waz,4,ethiopia,maternal_education_Primary,0.055162332692407175,0.0867386934699217,-0.11484238257469895,0.22516704795951328,0.524802544941958,5955,787,14,weight_original,cluster_robust_psu,True,"{'child_sex': {'reference': 'Male', 'reference_column': 'child_sex_Male'}, 'maternal_education': {'reference': 'No education', 'reference_column': 'maternal_education_No education'}, 'literacy': {'reference': 'Cannot read at all', 'reference_column': 'literacy_Cannot read at all'}, 'wealth_quintile': {'reference': 'Poorest', 'reference_column': 'wealth_quintile_Poorest'}, 'residence': {'reference': 'Rural', 'reference_column': 'residence_Rural'}, 'country_admin_region': {'reference': 'ethiopia::01', 'reference_column': 'country_admin_region_ethiopia::01'}}"
waz,4,ethiopia,maternal_education_Secondary,0.23617806721509335,0.12214496561566547,-0.0032216662844942456,0.4755778007146809,0.053163776203763655,5955,787,14,weight_original,cluster_robust_psu,True,"{'child_sex': {'reference': 'Male', 'reference_column': 'child_sex_Male'}, 'maternal_education': {'reference': 'No education', 'reference_column': 'maternal_education_No education'}, 'literacy': {'reference': 'Cannot read at all', 'reference_column': 'literacy_Cannot read at all'}, 'wealth_quintile': {'reference': 'Poorest', 'reference_column': 'wealth_quintile_Poorest'}, 'residence': {'reference': 'Rural', 'reference_column': 'residence_Rural'}, 'country_admin_region': {'reference': 'ethiopia::01', 'reference_column': 'country_admin_region_ethiopia::01'}}"
waz,4,ethiopia,literacy_Able to read only parts of sentence,0.038191047137695534,0.08941879270520142,-0.13706656610555218,0.21344866038094323,0.6693042060113903,5955,787,14,weight_original,cluster_robust_psu,True,"{'child_sex': {'reference': 'Male', 'reference_column': 'child_sex_Male'}, 'maternal_education': {'reference': 'No education', 'reference_column': 'maternal_education_No education'}, 'literacy': {'reference': 'Cannot read at all', 'reference_column': 'literacy_Cannot read at all'}, 'wealth_quintile': {'reference': 'Poorest', 'reference_column': 'wealth_quintile_Poorest'}, 'residence': {'reference': 'Rural', 'reference_column': 'residence_Rural'}, 'country_admin_region': {'reference': 'ethiopia::01', 'reference_column': 'country_admin_region_ethiopia::01'}}"
waz,4,ethiopia,literacy_Able to read whole sentence,-0.05372975050555828,0.0962703929368739,-0.2424162534393503,0.13495675242823374,0.5767672758655846,5955,787,14,weight_original,cluster_robust_psu,True,"{'child_sex': {'reference': 'Male', 'reference_column': 'child_sex_Male'}, 'maternal_education': {'reference': 'No education', 'reference_column': 'maternal_education_No education'}, 'literacy': {'reference': 'Cannot read at all', 'reference_column': 'literacy_Cannot read at all'}, 'wealth_quintile': {'reference': 'Poorest', 'reference_column': 'wealth_quintile_Poorest'}, 'residence': {'reference': 'Rural', 'reference_column': 'residence_Rural'}, 'country_admin_region': {'reference': 'ethiopia::01', 'reference_column': 'country_admin_region_ethiopia::01'}}"
waz,4,ethiopia,literacy_Blind/visually impaired,0.6153833877633997,0.2084252801122228,0.20687734527577062,1.0238894302510289,0.003151741176598627,5955,787,14,weight_original,cluster_robust_psu,True,"{'child_sex': {'reference': 'Male', 'reference_column': 'child_sex_Male'}, 'maternal_education': {'reference': 'No education', 'reference_column': 'maternal_education_No education'}, 'literacy': {'reference': 'Cannot read at all', 'reference_column': 'literacy_Cannot read at all'}, 'wealth_quintile': {'reference': 'Poorest', 'reference_column': 'wealth_quintile_Poorest'}, 'residence': {'reference': 'Rural', 'reference_column': 'residence_Rural'}, 'country_admin_region': {'reference': 'ethiopia::01', 'reference_column': 'country_admin_region_ethiopia::01'}}"
waz,4,ethiopia,literacy_No card with required language,0.25638841016768865,0.3785465795096456,-0.4855492521420447,0.998326072477422,0.4982176219147165,5955,787,14,weight_original,cluster_robust_psu,True,"{'child_sex': {'reference': 'Male', 'reference_column': 'child_sex_Male'}, 'maternal_education': {'reference': 'No education', 'reference_column': 'maternal_education_No education'}, 'literacy': {'reference': 'Cannot read at all', 'reference_column': 'literacy_Cannot read at all'}, 'wealth_quintile': {'reference': 'Poorest', 'reference_column': 'wealth_quintile_Poorest'}, 'residence': {'reference': 'Rural', 'reference_column': 'residence_Rural'}, 'country_admin_region': {'reference': 'ethiopia::01', 'reference_column': 'country_admin_region_ethiopia::01'}}"
waz,4,ethiopia,wealth_quintile_Middle,0.06816314658890904,0.09629443885469513,-0.12057048547778781,0.2568967786556059,0.4790311370230622,5955,787,14,weight_original,cluster_robust_psu,True,"{'child_sex': {'reference': 'Male', 'reference_column': 'child_sex_Male'}, 'maternal_education': {'reference': 'No education', 'reference_column': 'maternal_education_No education'}, 'literacy': {'reference': 'Cannot read at all', 'reference_column': 'literacy_Cannot read at all'}, 'wealth_quintile': {'reference': 'Poorest', 'reference_column': 'wealth_quintile_Poorest'}, 'residence': {'reference': 'Rural', 'reference_column': 'residence_Rural'}, 'country_admin_region': {'reference': 'ethiopia::01', 'reference_column': 'country_admin_region_ethiopia::01'}}"
waz,4,ethiopia,wealth_quintile_Poorer,0.09185224207819227,0.08937881867122505,-0.08332702349814496,0.2670315076545295,0.3041034443136762,5955,787,14,weight_original,cluster_robust_psu,True,"{'child_sex': {'reference': 'Male', 'reference_column': 'child_sex_Male'}, 'maternal_education': {'reference': 'No education', 'reference_column': 'maternal_education_No education'}, 'literacy': {'reference': 'Cannot read at all', 'reference_column': 'literacy_Cannot read at all'}, 'wealth_quintile': {'reference': 'Poorest', 'reference_column': 'wealth_quintile_Poorest'}, 'residence': {'reference': 'Rural', 'reference_column': 'residence_Rural'}, 'country_admin_region': {'reference': 'ethiopia::01', 'reference_column': 'country_admin_region_ethiopia::01'}}"
waz,4,ethiopia,wealth_quintile_Richer,0.19625506107517868,0.11735430888374407,-0.033755157767548616,0.42626527991790597,0.09445938511117771,5955,787,14,weight_original,cluster_robust_psu,True,"{'child_sex': {'reference': 'Male', 'reference_column': 'child_sex_Male'}, 'maternal_education': {'reference': 'No education', 'reference_column': 'maternal_education_No education'}, 'literacy': {'reference': 'Cannot read at all', 'reference_column': 'literacy_Cannot read at all'}, 'wealth_quintile': {'reference': 'Poorest', 'reference_column': 'wealth_quintile_Poorest'}, 'residence': {'reference': 'Rural', 'reference_column': 'residence_Rural'}, 'country_admin_region': {'reference': 'ethiopia::01', 'reference_column': 'country_admin_region_ethiopia::01'}}"
waz,4,ethiopia,wealth_quintile_Richest,0.4007975845694635,0.1830489070092498,0.04202831942191243,0.7595668497170146,0.02855575823836216,5955,787,14,weight_original,cluster_robust_psu,True,"{'child_sex': {'reference': 'Male', 'reference_column': 'child_sex_Male'}, 'maternal_education': {'reference': 'No education', 'reference_column': 'maternal_education_No education'}, 'literacy': {'reference': 'Cannot read at all', 'reference_column': 'literacy_Cannot read at all'}, 'wealth_quintile': {'reference': 'Poorest', 'reference_column': 'wealth_quintile_Poorest'}, 'residence': {'reference': 'Rural', 'reference_column': 'residence_Rural'}, 'country_admin_region': {'reference': 'ethiopia::01', 'reference_column': 'country_admin_region_ethiopia::01'}}"
waz,4,ethiopia,residence_Urban,-0.11623757327745886,0.11892490350953659,-0.34932610102105166,0.11685095446613393,0.328369612583188,5955,787,14,weight_original,cluster_robust_psu,True,"{'child_sex': {'reference': 'Male', 'reference_column': 'child_sex_Male'}, 'maternal_education': {'reference': 'No education', 'reference_column': 'maternal_education_No education'}, 'literacy': {'reference': 'Cannot read at all', 'reference_column': 'literacy_Cannot read at all'}, 'wealth_quintile': {'reference': 'Poorest', 'reference_column': 'wealth_quintile_Poorest'}, 'residence': {'reference': 'Rural', 'reference_column': 'residence_Rural'}, 'country_admin_region': {'reference': 'ethiopia::01', 'reference_column': 'country_admin_region_ethiopia::01'}}"
waz,4,ethiopia,country_admin_region_ethiopia::02,-0.33769560892992617,0.11170403126075008,-0.5566314871289326,-0.1187597307309197,0.0025017622096952666,5955,787,14,weight_original,cluster_robust_psu,True,"{'child_sex': {'reference': 'Male', 'reference_column': 'child_sex_Male'}, 'maternal_education': {'reference': 'No education', 'reference_column': 'maternal_education_No education'}, 'literacy': {'reference': 'Cannot read at all', 'reference_column': 'literacy_Cannot read at all'}, 'wealth_quintile': {'reference': 'Poorest', 'reference_column': 'wealth_quintile_Poorest'}, 'residence': {'reference': 'Rural', 'reference_column': 'residence_Rural'}, 'country_admin_region': {'reference': 'ethiopia::01', 'reference_column': 'country_admin_region_ethiopia::01'}}"
waz,4,ethiopia,country_admin_region_ethiopia::03,-0.030508194796978236,0.09154170339491276,-0.20992663653445526,0.14891024694049876,0.7389297299001663,5955,787,14,weight_original,cluster_robust_psu,True,"{'child_sex': {'reference': 'Male', 'reference_column': 'child_sex_Male'}, 'maternal_education': {'reference': 'No education', 'reference_column': 'maternal_education_No education'}, 'literacy': {'reference': 'Cannot read at all', 'reference_column': 'literacy_Cannot read at all'}, 'wealth_quintile': {'reference': 'Poorest', 'reference_column': 'wealth_quintile_Poorest'}, 'residence': {'reference': 'Rural', 'reference_column': 'residence_Rural'}, 'country_admin_region': {'reference': 'ethiopia::01', 'reference_column': 'country_admin_region_ethiopia::01'}}"
waz,4,ethiopia,country_admin_region_ethiopia::04,0.3654228871618212,0.0917411137181707,0.18561360837261312,0.5452321659510293,6.799447680205724e-05,5955,787,14,weight_original,cluster_robust_psu,True,"{'child_sex': {'reference': 'Male', 'reference_column': 'child_sex_Male'}, 'maternal_education': {'reference': 'No education', 'reference_column': 'maternal_education_No education'}, 'literacy': {'reference': 'Cannot read at all', 'reference_column': 'literacy_Cannot read at all'}, 'wealth_quintile': {'reference': 'Poorest', 'reference_column': 'wealth_quintile_Poorest'}, 'residence': {'reference': 'Rural', 'reference_column': 'residence_Rural'}, 'country_admin_region': {'reference': 'ethiopia::01', 'reference_column': 'country_admin_region_ethiopia::01'}}"
waz,4,ethiopia,country_admin_region_ethiopia::05,0.22358125510207658,0.11219240594028067,0.00368818012022884,0.44347433008392434,0.04627922315479927,5955,787,14,weight_original,cluster_robust_psu,True,"{'child_sex': {'reference': 'Male', 'reference_column': 'child_sex_Male'}, 'maternal_education': {'reference': 'No education', 'reference_column': 'maternal_education_No education'}, 'literacy': {'reference': 'Cannot read at all', 'reference_column': 'literacy_Cannot read at all'}, 'wealth_quintile': {'reference': 'Poorest', 'reference_column': 'wealth_quintile_Poorest'}, 'residence': {'reference': 'Rural', 'reference_column': 'residence_Rural'}, 'country_admin_region': {'reference': 'ethiopia::01', 'reference_column': 'country_admin_region_ethiopia::01'}}"
waz,4,ethiopia,country_admin_region_ethiopia::06,-0.13192091299898173,0.12566297706884919,-0.37821582224400885,0.11437399624604536,0.2938103692214027,5955,787,14,weight_original,cluster_robust_psu,True,"{'child_sex': {'reference': 'Male', 'reference_column': 'child_sex_Male'}, 'maternal_education': {'reference': 'No education', 'reference_column': 'maternal_education_No education'}, 'literacy': {'reference': 'Cannot read at all', 'reference_column': 'literacy_Cannot read at all'}, 'wealth_quintile': {'reference': 'Poorest', 'reference_column': 'wealth_quintile_Poorest'}, 'residence': {'reference': 'Rural', 'reference_column': 'residence_Rural'}, 'country_admin_region': {'reference': 'ethiopia::01', 'reference_column': 'country_admin_region_ethiopia::01'}}"
waz,4,ethiopia,country_admin_region_ethiopia::07,0.4675163981199654,0.10683802011095847,0.25811772652292087,0.67691506971701,1.2091218053989102e-05,5955,787,14,weight_original,cluster_robust_psu,True,"{'child_sex': {'reference': 'Male', 'reference_column': 'child_sex_Male'}, 'maternal_education': {'reference': 'No education', 'reference_column': 'maternal_education_No education'}, 'literacy': {'reference': 'Cannot read at all', 'reference_column': 'literacy_Cannot read at all'}, 'wealth_quintile': {'reference': 'Poorest', 'reference_column': 'wealth_quintile_Poorest'}, 'residence': {'reference': 'Rural', 'reference_column': 'residence_Rural'}, 'country_admin_region': {'reference': 'ethiopia::01', 'reference_column': 'country_admin_region_ethiopia::01'}}"
waz,4,ethiopia,country_admin_region_ethiopia::08,0.2930588354706388,0.09292319541067494,0.11093271913733829,0.4751849518039394,0.0016117338608640224,5955,787,14,weight_original,cluster_robust_psu,True,"{'child_sex': {'reference': 'Male', 'reference_column': 'child_sex_Male'}, 'maternal_education': {'reference': 'No education', 'reference_column': 'maternal_education_No education'}, 'literacy': {'reference': 'Cannot read at all', 'reference_column': 'literacy_Cannot read at all'}, 'wealth_quintile': {'reference': 'Poorest', 'reference_column': 'wealth_quintile_Poorest'}, 'residence': {'reference': 'Rural', 'reference_column': 'residence_Rural'}, 'country_admin_region': {'reference': 'ethiopia::01', 'reference_column': 'country_admin_region_ethiopia::01'}}"
waz,4,ethiopia,country_admin_region_ethiopia::09,0.3313247953753391,0.11265055632298092,0.11053376214389563,0.5521158286067825,0.003269716710602867,5955,787,14,weight_original,cluster_robust_psu,True,"{'child_sex': {'reference': 'Male', 'reference_column': 'child_sex_Male'}, 'maternal_education': {'reference': 'No education', 'reference_column': 'maternal_education_No education'}, 'literacy': {'reference': 'Cannot read at all', 'reference_column': 'literacy_Cannot read at all'}, 'wealth_quintile': {'reference': 'Poorest', 'reference_column': 'wealth_quintile_Poorest'}, 'residence': {'reference': 'Rural', 'reference_column': 'residence_Rural'}, 'country_admin_region': {'reference': 'ethiopia::01', 'reference_column': 'country_admin_region_ethiopia::01'}}"
waz,4,ethiopia,country_admin_region_ethiopia::10,0.3015827490774839,0.10428897536421392,0.09718011337903965,0.5059853847759281,0.003830429839200467,5955,787,14,weight_original,cluster_robust_psu,True,"{'child_sex': {'reference': 'Male', 'reference_column': 'child_sex_Male'}, 'maternal_education': {'reference': 'No education', 'reference_column': 'maternal_education_No education'}, 'literacy': {'reference': 'Cannot read at all', 'reference_column': 'literacy_Cannot read at all'}, 'wealth_quintile': {'reference': 'Poorest', 'reference_column': 'wealth_quintile_Poorest'}, 'residence': {'reference': 'Rural', 'reference_column': 'residence_Rural'}, 'country_admin_region': {'reference': 'ethiopia::01', 'reference_column': 'country_admin_region_ethiopia::01'}}"
waz,4,ethiopia,country_admin_region_ethiopia::12,0.2989044352403884,0.13008795320062838,0.043936732144624735,0.553872138336152,0.021578280636452712,5955,787,14,weight_original,cluster_robust_psu,True,"{'child_sex': {'reference': 'Male', 'reference_column': 'child_sex_Male'}, 'maternal_education': {'reference': 'No education', 'reference_column': 'maternal_education_No education'}, 'literacy': {'reference': 'Cannot read at all', 'reference_column': 'literacy_Cannot read at all'}, 'wealth_quintile': {'reference': 'Poorest', 'reference_column': 'wealth_quintile_Poorest'}, 'residence': {'reference': 'Rural', 'reference_column': 'residence_Rural'}, 'country_admin_region': {'reference': 'ethiopia::01', 'reference_column': 'country_admin_region_ethiopia::01'}}"
waz,4,ethiopia,country_admin_region_ethiopia::13,0.2340288898137778,0.10978246836369117,0.018859205687035252,0.4491985739405204,0.03302731944950068,5955,787,14,weight_original,cluster_robust_psu,True,"{'child_sex': {'reference': 'Male', 'reference_column': 'child_sex_Male'}, 'maternal_education': {'reference': 'No education', 'reference_column': 'maternal_education_No education'}, 'literacy': {'reference': 'Cannot read at all', 'reference_column': 'literacy_Cannot read at all'}, 'wealth_quintile': {'reference': 'Poorest', 'reference_column': 'wealth_quintile_Poorest'}, 'residence': {'reference': 'Rural', 'reference_column': 'residence_Rural'}, 'country_admin_region': {'reference': 'ethiopia::01', 'reference_column': 'country_admin_region_ethiopia::01'}}"
waz,4,ethiopia,country_admin_region_ethiopia::14,0.3790628316021303,0.12199263775527697,0.1399616552227462,0.6181640079815144,0.0018883030464998255,5955,787,14,weight_original,cluster_robust_psu,True,"{'child_sex': {'reference': 'Male', 'reference_column': 'child_sex_Male'}, 'maternal_education': {'reference': 'No education', 'reference_column': 'maternal_education_No education'}, 'literacy': {'reference': 'Cannot read at all', 'reference_column': 'literacy_Cannot read at all'}, 'wealth_quintile': {'reference': 'Poorest', 'reference_column': 'wealth_quintile_Poorest'}, 'residence': {'reference': 'Rural', 'reference_column': 'residence_Rural'}, 'country_admin_region': {'reference': 'ethiopia::01', 'reference_column': 'country_admin_region_ethiopia::01'}}"
waz,4,ethiopia,country_admin_region_ethiopia::15,0.1040779137103937,0.1407082867545959,-0.17170526065494857,0.379861088075736,0.45949932726661646,5955,787,14,weight_original,cluster_robust_psu,True,"{'child_sex': {'reference': 'Male', 'reference_column': 'child_sex_Male'}, 'maternal_education': {'reference': 'No education', 'reference_column': 'maternal_education_No education'}, 'literacy': {'reference': 'Cannot read at all', 'reference_column': 'literacy_Cannot read at all'}, 'wealth_quintile': {'reference': 'Poorest', 'reference_column': 'wealth_quintile_Poorest'}, 'residence': {'reference': 'Rural', 'reference_column': 'residence_Rural'}, 'country_admin_region': {'reference': 'ethiopia::01', 'reference_column': 'country_admin_region_ethiopia::01'}}"
waz,4,ghana,const,-1.302127924996333,0.17524354808834697,-1.645598967772506,-0.9586568822201598,1.0827786621807602e-13,4411,616,16,weight_original,cluster_robust_psu,True,"{'child_sex': {'reference': 'Male', 'reference_column': 'child_sex_Male'}, 'maternal_education': {'reference': 'No education', 'reference_column': 'maternal_education_No education'}, 'literacy': {'reference': 'Cannot read at all', 'reference_column': 'literacy_Cannot read at all'}, 'wealth_quintile': {'reference': 'Poorest', 'reference_column': 'wealth_quintile_Poorest'}, 'residence': {'reference': 'Rural', 'reference_column': 'residence_Rural'}, 'country_admin_region': {'reference': 'ghana::01', 'reference_column': 'country_admin_region_ghana::01'}}"
waz,4,ghana,water_rate_loo,0.12019917909472834,0.09807529362277727,-0.07202486417910596,0.3124232223685626,0.220356534759807,4411,616,16,weight_original,cluster_robust_psu,True,"{'child_sex': {'reference': 'Male', 'reference_column': 'child_sex_Male'}, 'maternal_education': {'reference': 'No education', 'reference_column': 'maternal_education_No education'}, 'literacy': {'reference': 'Cannot read at all', 'reference_column': 'literacy_Cannot read at all'}, 'wealth_quintile': {'reference': 'Poorest', 'reference_column': 'wealth_quintile_Poorest'}, 'residence': {'reference': 'Rural', 'reference_column': 'residence_Rural'}, 'country_admin_region': {'reference': 'ghana::01', 'reference_column': 'country_admin_region_ghana::01'}}"
waz,4,ghana,sanitation_rate_loo_core,-0.019664993867510895,0.13321168887062268,-0.2807551063736865,0.2414251186386647,0.8826409855908655,4411,616,16,weight_original,cluster_robust_psu,True,"{'child_sex': {'reference': 'Male', 'reference_column': 'child_sex_Male'}, 'maternal_education': {'reference': 'No education', 'reference_column': 'maternal_education_No education'}, 'literacy': {'reference': 'Cannot read at all', 'reference_column': 'literacy_Cannot read at all'}, 'wealth_quintile': {'reference': 'Poorest', 'reference_column': 'wealth_quintile_Poorest'}, 'residence': {'reference': 'Rural', 'reference_column': 'residence_Rural'}, 'country_admin_region': {'reference': 'ghana::01', 'reference_column': 'country_admin_region_ghana::01'}}"
waz,4,ghana,b19_raw,-0.005183198474297754,0.0013653923673326996,-0.007859318339035729,-0.0025070786095597788,0.0001469761168880474,4411,616,16,weight_original,cluster_robust_psu,True,"{'child_sex': {'reference': 'Male', 'reference_column': 'child_sex_Male'}, 'maternal_education': {'reference': 'No education', 'reference_column': 'maternal_education_No education'}, 'literacy': {'reference': 'Cannot read at all', 'reference_column': 'literacy_Cannot read at all'}, 'wealth_quintile': {'reference': 'Poorest', 'reference_column': 'wealth_quintile_Poorest'}, 'residence': {'reference': 'Rural', 'reference_column': 'residence_Rural'}, 'country_admin_region': {'reference': 'ghana::01', 'reference_column': 'country_admin_region_ghana::01'}}"
waz,4,ghana,birth_order_raw,-0.0012387358120155027,0.020967406081532986,-0.042334096581046254,0.03985662495701525,0.9528890927554233,4411,616,16,weight_original,cluster_robust_psu,True,"{'child_sex': {'reference': 'Male', 'reference_column': 'child_sex_Male'}, 'maternal_education': {'reference': 'No education', 'reference_column': 'maternal_education_No education'}, 'literacy': {'reference': 'Cannot read at all', 'reference_column': 'literacy_Cannot read at all'}, 'wealth_quintile': {'reference': 'Poorest', 'reference_column': 'wealth_quintile_Poorest'}, 'residence': {'reference': 'Rural', 'reference_column': 'residence_Rural'}, 'country_admin_region': {'reference': 'ghana::01', 'reference_column': 'country_admin_region_ghana::01'}}"
waz,4,ghana,maternal_age,0.012344604813033084,0.006216830359277452,0.0001598412108540729,0.024529368415212097,0.047069419288895985,4411,616,16,weight_original,cluster_robust_psu,True,"{'child_sex': {'reference': 'Male', 'reference_column': 'child_sex_Male'}, 'maternal_education': {'reference': 'No education', 'reference_column': 'maternal_education_No education'}, 'literacy': {'reference': 'Cannot read at all', 'reference_column': 'literacy_Cannot read at all'}, 'wealth_quintile': {'reference': 'Poorest', 'reference_column': 'wealth_quintile_Poorest'}, 'residence': {'reference': 'Rural', 'reference_column': 'residence_Rural'}, 'country_admin_region': {'reference': 'ghana::01', 'reference_column': 'country_admin_region_ghana::01'}}"
waz,4,ghana,household_size_raw,0.0027224740003645737,0.008513351641841912,-0.013963388605370513,0.019408336606099662,0.749128483440949,4411,616,16,weight_original,cluster_robust_psu,True,"{'child_sex': {'reference': 'Male', 'reference_column': 'child_sex_Male'}, 'maternal_education': {'reference': 'No education', 'reference_column': 'maternal_education_No education'}, 'literacy': {'reference': 'Cannot read at all', 'reference_column': 'literacy_Cannot read at all'}, 'wealth_quintile': {'reference': 'Poorest', 'reference_column': 'wealth_quintile_Poorest'}, 'residence': {'reference': 'Rural', 'reference_column': 'residence_Rural'}, 'country_admin_region': {'reference': 'ghana::01', 'reference_column': 'country_admin_region_ghana::01'}}"
waz,4,ghana,child_sex_Female,0.10598460872278359,0.043906471714641016,0.019929505473860604,0.19203971197170658,0.01578400029411577,4411,616,16,weight_original,cluster_robust_psu,True,"{'child_sex': {'reference': 'Male', 'reference_column': 'child_sex_Male'}, 'maternal_education': {'reference': 'No education', 'reference_column': 'maternal_education_No education'}, 'literacy': {'reference': 'Cannot read at all', 'reference_column': 'literacy_Cannot read at all'}, 'wealth_quintile': {'reference': 'Poorest', 'reference_column': 'wealth_quintile_Poorest'}, 'residence': {'reference': 'Rural', 'reference_column': 'residence_Rural'}, 'country_admin_region': {'reference': 'ghana::01', 'reference_column': 'country_admin_region_ghana::01'}}"
waz,4,ghana,maternal_education_Higher,0.27975150187923253,0.13681165132535836,0.011605592616078575,0.5478974111423864,0.0408752738338417,4411,616,16,weight_original,cluster_robust_psu,True,"{'child_sex': {'reference': 'Male', 'reference_column': 'child_sex_Male'}, 'maternal_education': {'reference': 'No education', 'reference_column': 'maternal_education_No education'}, 'literacy': {'reference': 'Cannot read at all', 'reference_column': 'literacy_Cannot read at all'}, 'wealth_quintile': {'reference': 'Poorest', 'reference_column': 'wealth_quintile_Poorest'}, 'residence': {'reference': 'Rural', 'reference_column': 'residence_Rural'}, 'country_admin_region': {'reference': 'ghana::01', 'reference_column': 'country_admin_region_ghana::01'}}"
waz,4,ghana,maternal_education_Primary,-0.047237597855873226,0.08332060330275298,-0.21054297949941814,0.11606778378767169,0.5707564550975578,4411,616,16,weight_original,cluster_robust_psu,True,"{'child_sex': {'reference': 'Male', 'reference_column': 'child_sex_Male'}, 'maternal_education': {'reference': 'No education', 'reference_column': 'maternal_education_No education'}, 'literacy': {'reference': 'Cannot read at all', 'reference_column': 'literacy_Cannot read at all'}, 'wealth_quintile': {'reference': 'Poorest', 'reference_column': 'wealth_quintile_Poorest'}, 'residence': {'reference': 'Rural', 'reference_column': 'residence_Rural'}, 'country_admin_region': {'reference': 'ghana::01', 'reference_column': 'country_admin_region_ghana::01'}}"
waz,4,ghana,maternal_education_Secondary,0.07123633660984822,0.08695390589373533,-0.09919018725695818,0.24166286047665464,0.41264806243048757,4411,616,16,weight_original,cluster_robust_psu,True,"{'child_sex': {'reference': 'Male', 'reference_column': 'child_sex_Male'}, 'maternal_education': {'reference': 'No education', 'reference_column': 'maternal_education_No education'}, 'literacy': {'reference': 'Cannot read at all', 'reference_column': 'literacy_Cannot read at all'}, 'wealth_quintile': {'reference': 'Poorest', 'reference_column': 'wealth_quintile_Poorest'}, 'residence': {'reference': 'Rural', 'reference_column': 'residence_Rural'}, 'country_admin_region': {'reference': 'ghana::01', 'reference_column': 'country_admin_region_ghana::01'}}"
waz,4,ghana,literacy_Able to read only parts of sentence,0.049276951721610375,0.0982623883714508,-0.14331379052132062,0.24186769396454136,0.6160309927053953,4411,616,16,weight_original,cluster_robust_psu,True,"{'child_sex': {'reference': 'Male', 'reference_column': 'child_sex_Male'}, 'maternal_education': {'reference': 'No education', 'reference_column': 'maternal_education_No education'}, 'literacy': {'reference': 'Cannot read at all', 'reference_column': 'literacy_Cannot read at all'}, 'wealth_quintile': {'reference': 'Poorest', 'reference_column': 'wealth_quintile_Poorest'}, 'residence': {'reference': 'Rural', 'reference_column': 'residence_Rural'}, 'country_admin_region': {'reference': 'ghana::01', 'reference_column': 'country_admin_region_ghana::01'}}"
waz,4,ghana,literacy_Able to read whole sentence,0.10463725233392789,0.08647299996645649,-0.06484671323546014,0.2741212179033159,0.2262570508097953,4411,616,16,weight_original,cluster_robust_psu,True,"{'child_sex': {'reference': 'Male', 'reference_column': 'child_sex_Male'}, 'maternal_education': {'reference': 'No education', 'reference_column': 'maternal_education_No education'}, 'literacy': {'reference': 'Cannot read at all', 'reference_column': 'literacy_Cannot read at all'}, 'wealth_quintile': {'reference': 'Poorest', 'reference_column': 'wealth_quintile_Poorest'}, 'residence': {'reference': 'Rural', 'reference_column': 'residence_Rural'}, 'country_admin_region': {'reference': 'ghana::01', 'reference_column': 'country_admin_region_ghana::01'}}"
waz,4,ghana,literacy_Blind/visually impaired,-0.4187204980320236,0.12228580497607434,-0.6583962716056182,-0.17904472445842895,0.0006168081233425563,4411,616,16,weight_original,cluster_robust_psu,True,"{'child_sex': {'reference': 'Male', 'reference_column': 'child_sex_Male'}, 'maternal_education': {'reference': 'No education', 'reference_column': 'maternal_education_No education'}, 'literacy': {'reference': 'Cannot read at all', 'reference_column': 'literacy_Cannot read at all'}, 'wealth_quintile': {'reference': 'Poorest', 'reference_column': 'wealth_quintile_Poorest'}, 'residence': {'reference': 'Rural', 'reference_column': 'residence_Rural'}, 'country_admin_region': {'reference': 'ghana::01', 'reference_column': 'country_admin_region_ghana::01'}}"
waz,4,ghana,literacy_No card with required language,0.6345306714565537,0.27200801981758527,0.10140474910802932,1.167656593805078,0.019660505141624825,4411,616,16,weight_original,cluster_robust_psu,True,"{'child_sex': {'reference': 'Male', 'reference_column': 'child_sex_Male'}, 'maternal_education': {'reference': 'No education', 'reference_column': 'maternal_education_No education'}, 'literacy': {'reference': 'Cannot read at all', 'reference_column': 'literacy_Cannot read at all'}, 'wealth_quintile': {'reference': 'Poorest', 'reference_column': 'wealth_quintile_Poorest'}, 'residence': {'reference': 'Rural', 'reference_column': 'residence_Rural'}, 'country_admin_region': {'reference': 'ghana::01', 'reference_column': 'country_admin_region_ghana::01'}}"
waz,4,ghana,wealth_quintile_Middle,-0.0022096490587647237,0.08670787106824863,-0.1721539535286746,0.16773465541114516,0.9796690422929752,4411,616,16,weight_original,cluster_robust_psu,True,"{'child_sex': {'reference': 'Male', 'reference_column': 'child_sex_Male'}, 'maternal_education': {'reference': 'No education', 'reference_column': 'maternal_education_No education'}, 'literacy': {'reference': 'Cannot read at all', 'reference_column': 'literacy_Cannot read at all'}, 'wealth_quintile': {'reference': 'Poorest', 'reference_column': 'wealth_quintile_Poorest'}, 'residence': {'reference': 'Rural', 'reference_column': 'residence_Rural'}, 'country_admin_region': {'reference': 'ghana::01', 'reference_column': 'country_admin_region_ghana::01'}}"
waz,4,ghana,wealth_quintile_Poorer,-0.1269822715255119,0.05620453683104581,-0.23714113948211665,-0.01682340356890713,0.023865436151173307,4411,616,16,weight_original,cluster_robust_psu,True,"{'child_sex': {'reference': 'Male', 'reference_column': 'child_sex_Male'}, 'maternal_education': {'reference': 'No education', 'reference_column': 'maternal_education_No education'}, 'literacy': {'reference': 'Cannot read at all', 'reference_column': 'literacy_Cannot read at all'}, 'wealth_quintile': {'reference': 'Poorest', 'reference_column': 'wealth_quintile_Poorest'}, 'residence': {'reference': 'Rural', 'reference_column': 'residence_Rural'}, 'country_admin_region': {'reference': 'ghana::01', 'reference_column': 'country_admin_region_ghana::01'}}"
waz,4,ghana,wealth_quintile_Richer,-0.015832976495475916,0.09282526071965848,-0.1977671443615471,0.16610119137059529,0.8645638221095759,4411,616,16,weight_original,cluster_robust_psu,True,"{'child_sex': {'reference': 'Male', 'reference_column': 'child_sex_Male'}, 'maternal_education': {'reference': 'No education', 'reference_column': 'maternal_education_No education'}, 'literacy': {'reference': 'Cannot read at all', 'reference_column': 'literacy_Cannot read at all'}, 'wealth_quintile': {'reference': 'Poorest', 'reference_column': 'wealth_quintile_Poorest'}, 'residence': {'reference': 'Rural', 'reference_column': 'residence_Rural'}, 'country_admin_region': {'reference': 'ghana::01', 'reference_column': 'country_admin_region_ghana::01'}}"
waz,4,ghana,wealth_quintile_Richest,0.2756829998843056,0.11128943769066409,0.057559710150889565,0.49380628961772166,0.013242832999901755,4411,616,16,weight_original,cluster_robust_psu,True,"{'child_sex': {'reference': 'Male', 'reference_column': 'child_sex_Male'}, 'maternal_education': {'reference': 'No education', 'reference_column': 'maternal_education_No education'}, 'literacy': {'reference': 'Cannot read at all', 'reference_column': 'literacy_Cannot read at all'}, 'wealth_quintile': {'reference': 'Poorest', 'reference_column': 'wealth_quintile_Poorest'}, 'residence': {'reference': 'Rural', 'reference_column': 'residence_Rural'}, 'country_admin_region': {'reference': 'ghana::01', 'reference_column': 'country_admin_region_ghana::01'}}"
waz,4,ghana,residence_Urban,-0.015911886038991047,0.051772645494149026,-0.11738440659188305,0.08556063451390096,0.7585833991371403,4411,616,16,weight_original,cluster_robust_psu,True,"{'child_sex': {'reference': 'Male', 'reference_column': 'child_sex_Male'}, 'maternal_education': {'reference': 'No education', 'reference_column': 'maternal_education_No education'}, 'literacy': {'reference': 'Cannot read at all', 'reference_column': 'literacy_Cannot read at all'}, 'wealth_quintile': {'reference': 'Poorest', 'reference_column': 'wealth_quintile_Poorest'}, 'residence': {'reference': 'Rural', 'reference_column': 'residence_Rural'}, 'country_admin_region': {'reference': 'ghana::01', 'reference_column': 'country_admin_region_ghana::01'}}"
waz,4,ghana,country_admin_region_ghana::02,-0.05983325839318094,0.12015789363676666,-0.29533840237943815,0.17567188559307625,0.618515557871967,4411,616,16,weight_original,cluster_robust_psu,True,"{'child_sex': {'reference': 'Male', 'reference_column': 'child_sex_Male'}, 'maternal_education': {'reference': 'No education', 'reference_column': 'maternal_education_No education'}, 'literacy': {'reference': 'Cannot read at all', 'reference_column': 'literacy_Cannot read at all'}, 'wealth_quintile': {'reference': 'Poorest', 'reference_column': 'wealth_quintile_Poorest'}, 'residence': {'reference': 'Rural', 'reference_column': 'residence_Rural'}, 'country_admin_region': {'reference': 'ghana::01', 'reference_column': 'country_admin_region_ghana::01'}}"
waz,4,ghana,country_admin_region_ghana::03,0.042964566722426906,0.10641742230299664,-0.165609748319036,0.25153888176388983,0.6864067095507878,4411,616,16,weight_original,cluster_robust_psu,True,"{'child_sex': {'reference': 'Male', 'reference_column': 'child_sex_Male'}, 'maternal_education': {'reference': 'No education', 'reference_column': 'maternal_education_No education'}, 'literacy': {'reference': 'Cannot read at all', 'reference_column': 'literacy_Cannot read at all'}, 'wealth_quintile': {'reference': 'Poorest', 'reference_column': 'wealth_quintile_Poorest'}, 'residence': {'reference': 'Rural', 'reference_column': 'residence_Rural'}, 'country_admin_region': {'reference': 'ghana::01', 'reference_column': 'country_admin_region_ghana::01'}}"
waz,4,ghana,country_admin_region_ghana::04,-0.08797964625256435,0.11837951359240072,-0.31999922940103953,0.14403993689591085,0.4573606455538405,4411,616,16,weight_original,cluster_robust_psu,True,"{'child_sex': {'reference': 'Male', 'reference_column': 'child_sex_Male'}, 'maternal_education': {'reference': 'No education', 'reference_column': 'maternal_education_No education'}, 'literacy': {'reference': 'Cannot read at all', 'reference_column': 'literacy_Cannot read at all'}, 'wealth_quintile': {'reference': 'Poorest', 'reference_column': 'wealth_quintile_Poorest'}, 'residence': {'reference': 'Rural', 'reference_column': 'residence_Rural'}, 'country_admin_region': {'reference': 'ghana::01', 'reference_column': 'country_admin_region_ghana::01'}}"
waz,4,ghana,country_admin_region_ghana::05,0.08492202139708868,0.09792341635645964,-0.10700434790469265,0.27684839069887,0.3858165779391223,4411,616,16,weight_original,cluster_robust_psu,True,"{'child_sex': {'reference': 'Male', 'reference_column': 'child_sex_Male'}, 'maternal_education': {'reference': 'No education', 'reference_column': 'maternal_education_No education'}, 'literacy': {'reference': 'Cannot read at all', 'reference_column': 'literacy_Cannot read at all'}, 'wealth_quintile': {'reference': 'Poorest', 'reference_column': 'wealth_quintile_Poorest'}, 'residence': {'reference': 'Rural', 'reference_column': 'residence_Rural'}, 'country_admin_region': {'reference': 'ghana::01', 'reference_column': 'country_admin_region_ghana::01'}}"
waz,4,ghana,country_admin_region_ghana::06,0.013793951272310333,0.10056608814264374,-0.18331195955335197,0.21089986209797265,0.8909019174569914,4411,616,16,weight_original,cluster_robust_psu,True,"{'child_sex': {'reference': 'Male', 'reference_column': 'child_sex_Male'}, 'maternal_education': {'reference': 'No education', 'reference_column': 'maternal_education_No education'}, 'literacy': {'reference': 'Cannot read at all', 'reference_column': 'literacy_Cannot read at all'}, 'wealth_quintile': {'reference': 'Poorest', 'reference_column': 'wealth_quintile_Poorest'}, 'residence': {'reference': 'Rural', 'reference_column': 'residence_Rural'}, 'country_admin_region': {'reference': 'ghana::01', 'reference_column': 'country_admin_region_ghana::01'}}"
waz,4,ghana,country_admin_region_ghana::07,0.20028906279301456,0.10624688510227744,-0.007951005477014439,0.40852913106304356,0.05941245087869316,4411,616,16,weight_original,cluster_robust_psu,True,"{'child_sex': {'reference': 'Male', 'reference_column': 'child_sex_Male'}, 'maternal_education': {'reference': 'No education', 'reference_column': 'maternal_education_No education'}, 'literacy': {'reference': 'Cannot read at all', 'reference_column': 'literacy_Cannot read at all'}, 'wealth_quintile': {'reference': 'Poorest', 'reference_column': 'wealth_quintile_Poorest'}, 'residence': {'reference': 'Rural', 'reference_column': 'residence_Rural'}, 'country_admin_region': {'reference': 'ghana::01', 'reference_column': 'country_admin_region_ghana::01'}}"
waz,4,ghana,country_admin_region_ghana::08,0.21797787309115332,0.09698224481260735,0.027896166118596438,0.40805958006371024,0.024601326121090006,4411,616,16,weight_original,cluster_robust_psu,True,"{'child_sex': {'reference': 'Male', 'reference_column': 'child_sex_Male'}, 'maternal_education': {'reference': 'No education', 'reference_column': 'maternal_education_No education'}, 'literacy': {'reference': 'Cannot read at all', 'reference_column': 'literacy_Cannot read at all'}, 'wealth_quintile': {'reference': 'Poorest', 'reference_column': 'wealth_quintile_Poorest'}, 'residence': {'reference': 'Rural', 'reference_column': 'residence_Rural'}, 'country_admin_region': {'reference': 'ghana::01', 'reference_column': 'country_admin_region_ghana::01'}}"
waz,4,ghana,country_admin_region_ghana::09,0.061698812233277514,0.12944404437512877,-0.19200685275517948,0.3154044772217345,0.6336151774824197,4411,616,16,weight_original,cluster_robust_psu,True,"{'child_sex': {'reference': 'Male', 'reference_column': 'child_sex_Male'}, 'maternal_education': {'reference': 'No education', 'reference_column': 'maternal_education_No education'}, 'literacy': {'reference': 'Cannot read at all', 'reference_column': 'literacy_Cannot read at all'}, 'wealth_quintile': {'reference': 'Poorest', 'reference_column': 'wealth_quintile_Poorest'}, 'residence': {'reference': 'Rural', 'reference_column': 'residence_Rural'}, 'country_admin_region': {'reference': 'ghana::01', 'reference_column': 'country_admin_region_ghana::01'}}"
waz,4,ghana,country_admin_region_ghana::10,0.13272886104445372,0.10112584284752817,-0.0654741488429589,0.3309318709318664,0.1893475105354353,4411,616,16,weight_original,cluster_robust_psu,True,"{'child_sex': {'reference': 'Male', 'reference_column': 'child_sex_Male'}, 'maternal_education': {'reference': 'No education', 'reference_column': 'maternal_education_No education'}, 'literacy': {'reference': 'Cannot read at all', 'reference_column': 'literacy_Cannot read at all'}, 'wealth_quintile': {'reference': 'Poorest', 'reference_column': 'wealth_quintile_Poorest'}, 'residence': {'reference': 'Rural', 'reference_column': 'residence_Rural'}, 'country_admin_region': {'reference': 'ghana::01', 'reference_column': 'country_admin_region_ghana::01'}}"
waz,4,ghana,country_admin_region_ghana::11,-0.03968607454300889,0.10919649460398594,-0.25370727120484365,0.1743351221188259,0.7162782741498637,4411,616,16,weight_original,cluster_robust_psu,True,"{'child_sex': {'reference': 'Male', 'reference_column': 'child_sex_Male'}, 'maternal_education': {'reference': 'No education', 'reference_column': 'maternal_education_No education'}, 'literacy': {'reference': 'Cannot read at all', 'reference_column': 'literacy_Cannot read at all'}, 'wealth_quintile': {'reference': 'Poorest', 'reference_column': 'wealth_quintile_Poorest'}, 'residence': {'reference': 'Rural', 'reference_column': 'residence_Rural'}, 'country_admin_region': {'reference': 'ghana::01', 'reference_column': 'country_admin_region_ghana::01'}}"
waz,4,ghana,country_admin_region_ghana::12,-0.28726353683470685,0.1036368376073987,-0.4903880060168345,-0.08413906765257917,0.0055742401692945994,4411,616,16,weight_original,cluster_robust_psu,True,"{'child_sex': {'reference': 'Male', 'reference_column': 'child_sex_Male'}, 'maternal_education': {'reference': 'No education', 'reference_column': 'maternal_education_No education'}, 'literacy': {'reference': 'Cannot read at all', 'reference_column': 'literacy_Cannot read at all'}, 'wealth_quintile': {'reference': 'Poorest', 'reference_column': 'wealth_quintile_Poorest'}, 'residence': {'reference': 'Rural', 'reference_column': 'residence_Rural'}, 'country_admin_region': {'reference': 'ghana::01', 'reference_column': 'country_admin_region_ghana::01'}}"
waz,4,ghana,country_admin_region_ghana::13,0.018249251199072607,0.11091554930875051,-0.19914123077155488,0.2356397331697001,0.8693116902418713,4411,616,16,weight_original,cluster_robust_psu,True,"{'child_sex': {'reference': 'Male', 'reference_column': 'child_sex_Male'}, 'maternal_education': {'reference': 'No education', 'reference_column': 'maternal_education_No education'}, 'literacy': {'reference': 'Cannot read at all', 'reference_column': 'literacy_Cannot read at all'}, 'wealth_quintile': {'reference': 'Poorest', 'reference_column': 'wealth_quintile_Poorest'}, 'residence': {'reference': 'Rural', 'reference_column': 'residence_Rural'}, 'country_admin_region': {'reference': 'ghana::01', 'reference_column': 'country_admin_region_ghana::01'}}"
waz,4,ghana,country_admin_region_ghana::14,-0.23273792401996116,0.10517390435172924,-0.43887498866281094,-0.026600859377111374,0.026905464491861673,4411,616,16,weight_original,cluster_robust_psu,True,"{'child_sex': {'reference': 'Male', 'reference_column': 'child_sex_Male'}, 'maternal_education': {'reference': 'No education', 'reference_column': 'maternal_education_No education'}, 'literacy': {'reference': 'Cannot read at all', 'reference_column': 'literacy_Cannot read at all'}, 'wealth_quintile': {'reference': 'Poorest', 'reference_column': 'wealth_quintile_Poorest'}, 'residence': {'reference': 'Rural', 'reference_column': 'residence_Rural'}, 'country_admin_region': {'reference': 'ghana::01', 'reference_column': 'country_admin_region_ghana::01'}}"
waz,4,ghana,country_admin_region_ghana::15,-0.11455267802746996,0.10871507999443433,-0.3276303193929522,0.09852496333801228,0.29202198143478664,4411,616,16,weight_original,cluster_robust_psu,True,"{'child_sex': {'reference': 'Male', 'reference_column': 'child_sex_Male'}, 'maternal_education': {'reference': 'No education', 'reference_column': 'maternal_education_No education'}, 'literacy': {'reference': 'Cannot read at all', 'reference_column': 'literacy_Cannot read at all'}, 'wealth_quintile': {'reference': 'Poorest', 'reference_column': 'wealth_quintile_Poorest'}, 'residence': {'reference': 'Rural', 'reference_column': 'residence_Rural'}, 'country_admin_region': {'reference': 'ghana::01', 'reference_column': 'country_admin_region_ghana::01'}}"
waz,4,ghana,country_admin_region_ghana::16,0.04493668178169401,0.11750469911416328,-0.18536829649628161,0.2752416600596696,0.7021464828377662,4411,616,16,weight_original,cluster_robust_psu,True,"{'child_sex': {'reference': 'Male', 'reference_column': 'child_sex_Male'}, 'maternal_education': {'reference': 'No education', 'reference_column': 'maternal_education_No education'}, 'literacy': {'reference': 'Cannot read at all', 'reference_column': 'literacy_Cannot read at all'}, 'wealth_quintile': {'reference': 'Poorest', 'reference_column': 'wealth_quintile_Poorest'}, 'residence': {'reference': 'Rural', 'reference_column': 'residence_Rural'}, 'country_admin_region': {'reference': 'ghana::01', 'reference_column': 'country_admin_region_ghana::01'}}"
waz,4,kenya,const,-1.2915630310517623,0.10839104713670347,-1.5040055796862846,-1.07912048241724,9.79543673383257e-33,17381,1688,47,weight_original,cluster_robust_psu,True,"{'child_sex': {'reference': 'Male', 'reference_column': 'child_sex_Male'}, 'maternal_education': {'reference': 'No education', 'reference_column': 'maternal_education_No education'}, 'literacy': {'reference': 'Cannot read at all', 'reference_column': 'literacy_Cannot read at all'}, 'wealth_quintile': {'reference': 'Poorest', 'reference_column': 'wealth_quintile_Poorest'}, 'residence': {'reference': 'Rural', 'reference_column': 'residence_Rural'}, 'country_admin_region': {'reference': 'kenya::01', 'reference_column': 'country_admin_region_kenya::01'}}"
waz,4,kenya,water_rate_loo,0.03117821693103108,0.044469619460201684,-0.055980635617165736,0.1183370694792279,0.4832326576869924,17381,1688,47,weight_original,cluster_robust_psu,True,"{'child_sex': {'reference': 'Male', 'reference_column': 'child_sex_Male'}, 'maternal_education': {'reference': 'No education', 'reference_column': 'maternal_education_No education'}, 'literacy': {'reference': 'Cannot read at all', 'reference_column': 'literacy_Cannot read at all'}, 'wealth_quintile': {'reference': 'Poorest', 'reference_column': 'wealth_quintile_Poorest'}, 'residence': {'reference': 'Rural', 'reference_column': 'residence_Rural'}, 'country_admin_region': {'reference': 'kenya::01', 'reference_column': 'country_admin_region_kenya::01'}}"
waz,4,kenya,sanitation_rate_loo_core,0.031760600040712815,0.06586021449528581,-0.0973230483841302,0.16084424846555584,0.6296336289860069,17381,1688,47,weight_original,cluster_robust_psu,True,"{'child_sex': {'reference': 'Male', 'reference_column': 'child_sex_Male'}, 'maternal_education': {'reference': 'No education', 'reference_column': 'maternal_education_No education'}, 'literacy': {'reference': 'Cannot read at all', 'reference_column': 'literacy_Cannot read at all'}, 'wealth_quintile': {'reference': 'Poorest', 'reference_column': 'wealth_quintile_Poorest'}, 'residence': {'reference': 'Rural', 'reference_column': 'residence_Rural'}, 'country_admin_region': {'reference': 'kenya::01', 'reference_column': 'country_admin_region_kenya::01'}}"
waz,4,kenya,b19_raw,-0.012008287518380715,0.0006525015570530969,-0.013287167070061091,-0.010729407966700338,1.2323421365377173e-75,17381,1688,47,weight_original,cluster_robust_psu,True,"{'child_sex': {'reference': 'Male', 'reference_column': 'child_sex_Male'}, 'maternal_education': {'reference': 'No education', 'reference_column': 'maternal_education_No education'}, 'literacy': {'reference': 'Cannot read at all', 'reference_column': 'literacy_Cannot read at all'}, 'wealth_quintile': {'reference': 'Poorest', 'reference_column': 'wealth_quintile_Poorest'}, 'residence': {'reference': 'Rural', 'reference_column': 'residence_Rural'}, 'country_admin_region': {'reference': 'kenya::01', 'reference_column': 'country_admin_region_kenya::01'}}"
waz,4,kenya,birth_order_raw,-0.04878012457776953,0.009881586545806799,-0.06814767831766641,-0.029412570837872645,7.955054469444846e-07,17381,1688,47,weight_original,cluster_robust_psu,True,"{'child_sex': {'reference': 'Male', 'reference_column': 'child_sex_Male'}, 'maternal_education': {'reference': 'No education', 'reference_column': 'maternal_education_No education'}, 'literacy': {'reference': 'Cannot read at all', 'reference_column': 'literacy_Cannot read at all'}, 'wealth_quintile': {'reference': 'Poorest', 'reference_column': 'wealth_quintile_Poorest'}, 'residence': {'reference': 'Rural', 'reference_column': 'residence_Rural'}, 'country_admin_region': {'reference': 'kenya::01', 'reference_column': 'country_admin_region_kenya::01'}}"
waz,4,kenya,maternal_age,0.018788961659833014,0.0029042364675507934,0.013096762780845629,0.0244811605388204,9.832687188691657e-11,17381,1688,47,weight_original,cluster_robust_psu,True,"{'child_sex': {'reference': 'Male', 'reference_column': 'child_sex_Male'}, 'maternal_education': {'reference': 'No education', 'reference_column': 'maternal_education_No education'}, 'literacy': {'reference': 'Cannot read at all', 'reference_column': 'literacy_Cannot read at all'}, 'wealth_quintile': {'reference': 'Poorest', 'reference_column': 'wealth_quintile_Poorest'}, 'residence': {'reference': 'Rural', 'reference_column': 'residence_Rural'}, 'country_admin_region': {'reference': 'kenya::01', 'reference_column': 'country_admin_region_kenya::01'}}"
waz,4,kenya,household_size_raw,-0.011258209743295689,0.005234804540483561,-0.021518238108750216,-0.000998181377841162,0.03150417729047425,17381,1688,47,weight_original,cluster_robust_psu,True,"{'child_sex': {'reference': 'Male', 'reference_column': 'child_sex_Male'}, 'maternal_education': {'reference': 'No education', 'reference_column': 'maternal_education_No education'}, 'literacy': {'reference': 'Cannot read at all', 'reference_column': 'literacy_Cannot read at all'}, 'wealth_quintile': {'reference': 'Poorest', 'reference_column': 'wealth_quintile_Poorest'}, 'residence': {'reference': 'Rural', 'reference_column': 'residence_Rural'}, 'country_admin_region': {'reference': 'kenya::01', 'reference_column': 'country_admin_region_kenya::01'}}"
waz,4,kenya,child_sex_Female,0.12100178527150934,0.023336623941359963,0.07526284282568865,0.16674072771733003,2.1594583229905877e-07,17381,1688,47,weight_original,cluster_robust_psu,True,"{'child_sex': {'reference': 'Male', 'reference_column': 'child_sex_Male'}, 'maternal_education': {'reference': 'No education', 'reference_column': 'maternal_education_No education'}, 'literacy': {'reference': 'Cannot read at all', 'reference_column': 'literacy_Cannot read at all'}, 'wealth_quintile': {'reference': 'Poorest', 'reference_column': 'wealth_quintile_Poorest'}, 'residence': {'reference': 'Rural', 'reference_column': 'residence_Rural'}, 'country_admin_region': {'reference': 'kenya::01', 'reference_column': 'country_admin_region_kenya::01'}}"
waz,4,kenya,maternal_education_Higher,0.1789016228742519,0.07778086032878105,0.02645393794330078,0.331349307805203,0.021444109319886266,17381,1688,47,weight_original,cluster_robust_psu,True,"{'child_sex': {'reference': 'Male', 'reference_column': 'child_sex_Male'}, 'maternal_education': {'reference': 'No education', 'reference_column': 'maternal_education_No education'}, 'literacy': {'reference': 'Cannot read at all', 'reference_column': 'literacy_Cannot read at all'}, 'wealth_quintile': {'reference': 'Poorest', 'reference_column': 'wealth_quintile_Poorest'}, 'residence': {'reference': 'Rural', 'reference_column': 'residence_Rural'}, 'country_admin_region': {'reference': 'kenya::01', 'reference_column': 'country_admin_region_kenya::01'}}"
waz,4,kenya,maternal_education_Primary,0.05133165410427611,0.06160492252971006,-0.06941177532433576,0.172075083532888,0.40470967624842424,17381,1688,47,weight_original,cluster_robust_psu,True,"{'child_sex': {'reference': 'Male', 'reference_column': 'child_sex_Male'}, 'maternal_education': {'reference': 'No education', 'reference_column': 'maternal_education_No education'}, 'literacy': {'reference': 'Cannot read at all', 'reference_column': 'literacy_Cannot read at all'}, 'wealth_quintile': {'reference': 'Poorest', 'reference_column': 'wealth_quintile_Poorest'}, 'residence': {'reference': 'Rural', 'reference_column': 'residence_Rural'}, 'country_admin_region': {'reference': 'kenya::01', 'reference_column': 'country_admin_region_kenya::01'}}"
waz,4,kenya,maternal_education_Secondary,0.12989417868087044,0.07097150835991602,-0.009207421633048302,0.2689957789947892,0.06721556426225163,17381,1688,47,weight_original,cluster_robust_psu,True,"{'child_sex': {'reference': 'Male', 'reference_column': 'child_sex_Male'}, 'maternal_education': {'reference': 'No education', 'reference_column': 'maternal_education_No education'}, 'literacy': {'reference': 'Cannot read at all', 'reference_column': 'literacy_Cannot read at all'}, 'wealth_quintile': {'reference': 'Poorest', 'reference_column': 'wealth_quintile_Poorest'}, 'residence': {'reference': 'Rural', 'reference_column': 'residence_Rural'}, 'country_admin_region': {'reference': 'kenya::01', 'reference_column': 'country_admin_region_kenya::01'}}"
waz,4,kenya,literacy_Able to read only parts of sentence,0.04196097804460051,0.059522507343158663,-0.07470099261751137,0.1586229487067124,0.48083522053684014,17381,1688,47,weight_original,cluster_robust_psu,True,"{'child_sex': {'reference': 'Male', 'reference_column': 'child_sex_Male'}, 'maternal_education': {'reference': 'No education', 'reference_column': 'maternal_education_No education'}, 'literacy': {'reference': 'Cannot read at all', 'reference_column': 'literacy_Cannot read at all'}, 'wealth_quintile': {'reference': 'Poorest', 'reference_column': 'wealth_quintile_Poorest'}, 'residence': {'reference': 'Rural', 'reference_column': 'residence_Rural'}, 'country_admin_region': {'reference': 'kenya::01', 'reference_column': 'country_admin_region_kenya::01'}}"
waz,4,kenya,literacy_Able to read whole sentence,0.07021415913413638,0.056595448955823614,-0.04071088250815291,0.18113920077642567,0.21474150229784095,17381,1688,47,weight_original,cluster_robust_psu,True,"{'child_sex': {'reference': 'Male', 'reference_column': 'child_sex_Male'}, 'maternal_education': {'reference': 'No education', 'reference_column': 'maternal_education_No education'}, 'literacy': {'reference': 'Cannot read at all', 'reference_column': 'literacy_Cannot read at all'}, 'wealth_quintile': {'reference': 'Poorest', 'reference_column': 'wealth_quintile_Poorest'}, 'residence': {'reference': 'Rural', 'reference_column': 'residence_Rural'}, 'country_admin_region': {'reference': 'kenya::01', 'reference_column': 'country_admin_region_kenya::01'}}"
waz,4,kenya,literacy_Blind/visually impaired,0.32884088721546706,0.3903266278779198,-0.43618524563222355,1.0938670200631577,0.3995214661946561,17381,1688,47,weight_original,cluster_robust_psu,True,"{'child_sex': {'reference': 'Male', 'reference_column': 'child_sex_Male'}, 'maternal_education': {'reference': 'No education', 'reference_column': 'maternal_education_No education'}, 'literacy': {'reference': 'Cannot read at all', 'reference_column': 'literacy_Cannot read at all'}, 'wealth_quintile': {'reference': 'Poorest', 'reference_column': 'wealth_quintile_Poorest'}, 'residence': {'reference': 'Rural', 'reference_column': 'residence_Rural'}, 'country_admin_region': {'reference': 'kenya::01', 'reference_column': 'country_admin_region_kenya::01'}}"
waz,4,kenya,literacy_No card with required language,0.8854031800267178,0.4070225206534983,0.08765369864915085,1.6831526614042849,0.029606337909894503,17381,1688,47,weight_original,cluster_robust_psu,True,"{'child_sex': {'reference': 'Male', 'reference_column': 'child_sex_Male'}, 'maternal_education': {'reference': 'No education', 'reference_column': 'maternal_education_No education'}, 'literacy': {'reference': 'Cannot read at all', 'reference_column': 'literacy_Cannot read at all'}, 'wealth_quintile': {'reference': 'Poorest', 'reference_column': 'wealth_quintile_Poorest'}, 'residence': {'reference': 'Rural', 'reference_column': 'residence_Rural'}, 'country_admin_region': {'reference': 'kenya::01', 'reference_column': 'country_admin_region_kenya::01'}}"
waz,4,kenya,wealth_quintile_Middle,0.26645293066077347,0.03929691224156213,0.18943239796368053,0.34347346335786644,1.1975609528025377e-11,17381,1688,47,weight_original,cluster_robust_psu,True,"{'child_sex': {'reference': 'Male', 'reference_column': 'child_sex_Male'}, 'maternal_education': {'reference': 'No education', 'reference_column': 'maternal_education_No education'}, 'literacy': {'reference': 'Cannot read at all', 'reference_column': 'literacy_Cannot read at all'}, 'wealth_quintile': {'reference': 'Poorest', 'reference_column': 'wealth_quintile_Poorest'}, 'residence': {'reference': 'Rural', 'reference_column': 'residence_Rural'}, 'country_admin_region': {'reference': 'kenya::01', 'reference_column': 'country_admin_region_kenya::01'}}"
waz,4,kenya,wealth_quintile_Poorer,0.14105050922939666,0.03451340538245529,0.07340547769595344,0.20869554076283986,4.3730246525320174e-05,17381,1688,47,weight_original,cluster_robust_psu,True,"{'child_sex': {'reference': 'Male', 'reference_column': 'child_sex_Male'}, 'maternal_education': {'reference': 'No education', 'reference_column': 'maternal_education_No education'}, 'literacy': {'reference': 'Cannot read at all', 'reference_column': 'literacy_Cannot read at all'}, 'wealth_quintile': {'reference': 'Poorest', 'reference_column': 'wealth_quintile_Poorest'}, 'residence': {'reference': 'Rural', 'reference_column': 'residence_Rural'}, 'country_admin_region': {'reference': 'kenya::01', 'reference_column': 'country_admin_region_kenya::01'}}"
waz,4,kenya,wealth_quintile_Richer,0.38917410874150743,0.04768894534425687,0.2957054934060649,0.48264272407694997,3.3315027321653533e-16,17381,1688,47,weight_original,cluster_robust_psu,True,"{'child_sex': {'reference': 'Male', 'reference_column': 'child_sex_Male'}, 'maternal_education': {'reference': 'No education', 'reference_column': 'maternal_education_No education'}, 'literacy': {'reference': 'Cannot read at all', 'reference_column': 'literacy_Cannot read at all'}, 'wealth_quintile': {'reference': 'Poorest', 'reference_column': 'wealth_quintile_Poorest'}, 'residence': {'reference': 'Rural', 'reference_column': 'residence_Rural'}, 'country_admin_region': {'reference': 'kenya::01', 'reference_column': 'country_admin_region_kenya::01'}}"
waz,4,kenya,wealth_quintile_Richest,0.5666191883017666,0.07232592401676036,0.4248629820803358,0.7083753945231974,4.716589496650464e-15,17381,1688,47,weight_original,cluster_robust_psu,True,"{'child_sex': {'reference': 'Male', 'reference_column': 'child_sex_Male'}, 'maternal_education': {'reference': 'No education', 'reference_column': 'maternal_education_No education'}, 'literacy': {'reference': 'Cannot read at all', 'reference_column': 'literacy_Cannot read at all'}, 'wealth_quintile': {'reference': 'Poorest', 'reference_column': 'wealth_quintile_Poorest'}, 'residence': {'reference': 'Rural', 'reference_column': 'residence_Rural'}, 'country_admin_region': {'reference': 'kenya::01', 'reference_column': 'country_admin_region_kenya::01'}}"
waz,4,kenya,residence_Urban,-0.02802339602715425,0.040247196873745915,-0.1069064523783893,0.0508596603240808,0.4862522855777367,17381,1688,47,weight_original,cluster_robust_psu,True,"{'child_sex': {'reference': 'Male', 'reference_column': 'child_sex_Male'}, 'maternal_education': {'reference': 'No education', 'reference_column': 'maternal_education_No education'}, 'literacy': {'reference': 'Cannot read at all', 'reference_column': 'literacy_Cannot read at all'}, 'wealth_quintile': {'reference': 'Poorest', 'reference_column': 'wealth_quintile_Poorest'}, 'residence': {'reference': 'Rural', 'reference_column': 'residence_Rural'}, 'country_admin_region': {'reference': 'kenya::01', 'reference_column': 'country_admin_region_kenya::01'}}"
waz,4,kenya,country_admin_region_kenya::02,0.1458631994895229,0.09577799112426316,-0.04185821362562986,0.33358461260467565,0.1277761579841676,17381,1688,47,weight_original,cluster_robust_psu,True,"{'child_sex': {'reference': 'Male', 'reference_column': 'child_sex_Male'}, 'maternal_education': {'reference': 'No education', 'reference_column': 'maternal_education_No education'}, 'literacy': {'reference': 'Cannot read at all', 'reference_column': 'literacy_Cannot read at all'}, 'wealth_quintile': {'reference': 'Poorest', 'reference_column': 'wealth_quintile_Poorest'}, 'residence': {'reference': 'Rural', 'reference_column': 'residence_Rural'}, 'country_admin_region': {'reference': 'kenya::01', 'reference_column': 'country_admin_region_kenya::01'}}"
waz,4,kenya,country_admin_region_kenya::03,-0.06593518709004169,0.09314371679853925,-0.24849351740137704,0.11662314322129368,0.4790156944736018,17381,1688,47,weight_original,cluster_robust_psu,True,"{'child_sex': {'reference': 'Male', 'reference_column': 'child_sex_Male'}, 'maternal_education': {'reference': 'No education', 'reference_column': 'maternal_education_No education'}, 'literacy': {'reference': 'Cannot read at all', 'reference_column': 'literacy_Cannot read at all'}, 'wealth_quintile': {'reference': 'Poorest', 'reference_column': 'wealth_quintile_Poorest'}, 'residence': {'reference': 'Rural', 'reference_column': 'residence_Rural'}, 'country_admin_region': {'reference': 'kenya::01', 'reference_column': 'country_admin_region_kenya::01'}}"
waz,4,kenya,country_admin_region_kenya::04,0.15155154753704927,0.09406583402377817,-0.03281409932527837,0.33591719439937695,0.10715310428672764,17381,1688,47,weight_original,cluster_robust_psu,True,"{'child_sex': {'reference': 'Male', 'reference_column': 'child_sex_Male'}, 'maternal_education': {'reference': 'No education', 'reference_column': 'maternal_education_No education'}, 'literacy': {'reference': 'Cannot read at all', 'reference_column': 'literacy_Cannot read at all'}, 'wealth_quintile': {'reference': 'Poorest', 'reference_column': 'wealth_quintile_Poorest'}, 'residence': {'reference': 'Rural', 'reference_column': 'residence_Rural'}, 'country_admin_region': {'reference': 'kenya::01', 'reference_column': 'country_admin_region_kenya::01'}}"
waz,4,kenya,country_admin_region_kenya::05,0.15300234752107122,0.0946187351037936,-0.03244696554509996,0.3384516605872424,0.10586949151109366,17381,1688,47,weight_original,cluster_robust_psu,True,"{'child_sex': {'reference': 'Male', 'reference_column': 'child_sex_Male'}, 'maternal_education': {'reference': 'No education', 'reference_column': 'maternal_education_No education'}, 'literacy': {'reference': 'Cannot read at all', 'reference_column': 'literacy_Cannot read at all'}, 'wealth_quintile': {'reference': 'Poorest', 'reference_column': 'wealth_quintile_Poorest'}, 'residence': {'reference': 'Rural', 'reference_column': 'residence_Rural'}, 'country_admin_region': {'reference': 'kenya::01', 'reference_column': 'country_admin_region_kenya::01'}}"
waz,4,kenya,country_admin_region_kenya::06,0.0874060709907794,0.09133982584484986,-0.09161669801928712,0.26642884000084593,0.3386011982874251,17381,1688,47,weight_original,cluster_robust_psu,True,"{'child_sex': {'reference': 'Male', 'reference_column': 'child_sex_Male'}, 'maternal_education': {'reference': 'No education', 'reference_column': 'maternal_education_No education'}, 'literacy': {'reference': 'Cannot read at all', 'reference_column': 'literacy_Cannot read at all'}, 'wealth_quintile': {'reference': 'Poorest', 'reference_column': 'wealth_quintile_Poorest'}, 'residence': {'reference': 'Rural', 'reference_column': 'residence_Rural'}, 'country_admin_region': {'reference': 'kenya::01', 'reference_column': 'country_admin_region_kenya::01'}}"
waz,4,kenya,country_admin_region_kenya::07,0.22357858075729728,0.11155233830888321,0.004940015280658433,0.44221714623393615,0.045043472489363884,17381,1688,47,weight_original,cluster_robust_psu,True,"{'child_sex': {'reference': 'Male', 'reference_column': 'child_sex_Male'}, 'maternal_education': {'reference': 'No education', 'reference_column': 'maternal_education_No education'}, 'literacy': {'reference': 'Cannot read at all', 'reference_column': 'literacy_Cannot read at all'}, 'wealth_quintile': {'reference': 'Poorest', 'reference_column': 'wealth_quintile_Poorest'}, 'residence': {'reference': 'Rural', 'reference_column': 'residence_Rural'}, 'country_admin_region': {'reference': 'kenya::01', 'reference_column': 'country_admin_region_kenya::01'}}"
waz,4,kenya,country_admin_region_kenya::08,0.17794386817676044,0.09568424403339248,-0.009593804016630375,0.36548154037015124,0.0629281602438287,17381,1688,47,weight_original,cluster_robust_psu,True,"{'child_sex': {'reference': 'Male', 'reference_column': 'child_sex_Male'}, 'maternal_education': {'reference': 'No education', 'reference_column': 'maternal_education_No education'}, 'literacy': {'reference': 'Cannot read at all', 'reference_column': 'literacy_Cannot read at all'}, 'wealth_quintile': {'reference': 'Poorest', 'reference_column': 'wealth_quintile_Poorest'}, 'residence': {'reference': 'Rural', 'reference_column': 'residence_Rural'}, 'country_admin_region': {'reference': 'kenya::01', 'reference_column': 'country_admin_region_kenya::01'}}"
waz,4,kenya,country_admin_region_kenya::09,-0.0022361868256494904,0.08935030644363903,-0.17735956946279913,0.17288719581150014,0.9800332783269026,17381,1688,47,weight_original,cluster_robust_psu,True,"{'child_sex': {'reference': 'Male', 'reference_column': 'child_sex_Male'}, 'maternal_education': {'reference': 'No education', 'reference_column': 'maternal_education_No education'}, 'literacy': {'reference': 'Cannot read at all', 'reference_column': 'literacy_Cannot read at all'}, 'wealth_quintile': {'reference': 'Poorest', 'reference_column': 'wealth_quintile_Poorest'}, 'residence': {'reference': 'Rural', 'reference_column': 'residence_Rural'}, 'country_admin_region': {'reference': 'kenya::01', 'reference_column': 'country_admin_region_kenya::01'}}"
waz,4,kenya,country_admin_region_kenya::10,-0.16730698995957627,0.11295514806644032,-0.3886950120381884,0.054081032119035866,0.1385584167232785,17381,1688,47,weight_original,cluster_robust_psu,True,"{'child_sex': {'reference': 'Male', 'reference_column': 'child_sex_Male'}, 'maternal_education': {'reference': 'No education', 'reference_column': 'maternal_education_No education'}, 'literacy': {'reference': 'Cannot read at all', 'reference_column': 'literacy_Cannot read at all'}, 'wealth_quintile': {'reference': 'Poorest', 'reference_column': 'wealth_quintile_Poorest'}, 'residence': {'reference': 'Rural', 'reference_column': 'residence_Rural'}, 'country_admin_region': {'reference': 'kenya::01', 'reference_column': 'country_admin_region_kenya::01'}}"
waz,4,kenya,country_admin_region_kenya::11,0.16970348107867617,0.10191250683401357,-0.030041361890182555,0.3694483240475349,0.09587525889991767,17381,1688,47,weight_original,cluster_robust_psu,True,"{'child_sex': {'reference': 'Male', 'reference_column': 'child_sex_Male'}, 'maternal_education': {'reference': 'No education', 'reference_column': 'maternal_education_No education'}, 'literacy': {'reference': 'Cannot read at all', 'reference_column': 'literacy_Cannot read at all'}, 'wealth_quintile': {'reference': 'Poorest', 'reference_column': 'wealth_quintile_Poorest'}, 'residence': {'reference': 'Rural', 'reference_column': 'residence_Rural'}, 'country_admin_region': {'reference': 'kenya::01', 'reference_column': 'country_admin_region_kenya::01'}}"
waz,4,kenya,country_admin_region_kenya::12,0.05924847702622127,0.10534822783343901,-0.14723025536243928,0.2657272094148818,0.5738394216661431,17381,1688,47,weight_original,cluster_robust_psu,True,"{'child_sex': {'reference': 'Male', 'reference_column': 'child_sex_Male'}, 'maternal_education': {'reference': 'No education', 'reference_column': 'maternal_education_No education'}, 'literacy': {'reference': 'Cannot read at all', 'reference_column': 'literacy_Cannot read at all'}, 'wealth_quintile': {'reference': 'Poorest', 'reference_column': 'wealth_quintile_Poorest'}, 'residence': {'reference': 'Rural', 'reference_column': 'residence_Rural'}, 'country_admin_region': {'reference': 'kenya::01', 'reference_column': 'country_admin_region_kenya::01'}}"
waz,4,kenya,country_admin_region_kenya::13,0.13023480987217514,0.10105114489918138,-0.06782179472675876,0.32829141447110904,0.19746730144280134,17381,1688,47,weight_original,cluster_robust_psu,True,"{'child_sex': {'reference': 'Male', 'reference_column': 'child_sex_Male'}, 'maternal_education': {'reference': 'No education', 'reference_column': 'maternal_education_No education'}, 'literacy': {'reference': 'Cannot read at all', 'reference_column': 'literacy_Cannot read at all'}, 'wealth_quintile': {'reference': 'Poorest', 'reference_column': 'wealth_quintile_Poorest'}, 'residence': {'reference': 'Rural', 'reference_column': 'residence_Rural'}, 'country_admin_region': {'reference': 'kenya::01', 'reference_column': 'country_admin_region_kenya::01'}}"
waz,4,kenya,country_admin_region_kenya::14,0.07336232162095566,0.10689126698134277,-0.13614071192433164,0.28286535516624295,0.49250716819479523,17381,1688,47,weight_original,cluster_robust_psu,True,"{'child_sex': {'reference': 'Male', 'reference_column': 'child_sex_Male'}, 'maternal_education': {'reference': 'No education', 'reference_column': 'maternal_education_No education'}, 'literacy': {'reference': 'Cannot read at all', 'reference_column': 'literacy_Cannot read at all'}, 'wealth_quintile': {'reference': 'Poorest', 'reference_column': 'wealth_quintile_Poorest'}, 'residence': {'reference': 'Rural', 'reference_column': 'residence_Rural'}, 'country_admin_region': {'reference': 'kenya::01', 'reference_column': 'country_admin_region_kenya::01'}}"
waz,4,kenya,country_admin_region_kenya::15,0.04980084815345333,0.10695742746172274,-0.15983185755057855,0.25943355385748523,0.6414920040039711,17381,1688,47,weight_original,cluster_robust_psu,True,"{'child_sex': {'reference': 'Male', 'reference_column': 'child_sex_Male'}, 'maternal_education': {'reference': 'No education', 'reference_column': 'maternal_education_No education'}, 'literacy': {'reference': 'Cannot read at all', 'reference_column': 'literacy_Cannot read at all'}, 'wealth_quintile': {'reference': 'Poorest', 'reference_column': 'wealth_quintile_Poorest'}, 'residence': {'reference': 'Rural', 'reference_column': 'residence_Rural'}, 'country_admin_region': {'reference': 'kenya::01', 'reference_column': 'country_admin_region_kenya::01'}}"
waz,4,kenya,country_admin_region_kenya::16,0.06088511312570696,0.08826010099700322,-0.11210150610028707,0.233871732351701,0.49029648523669067,17381,1688,47,weight_original,cluster_robust_psu,True,"{'child_sex': {'reference': 'Male', 'reference_column': 'child_sex_Male'}, 'maternal_education': {'reference': 'No education', 'reference_column': 'maternal_education_No education'}, 'literacy': {'reference': 'Cannot read at all', 'reference_column': 'literacy_Cannot read at all'}, 'wealth_quintile': {'reference': 'Poorest', 'reference_column': 'wealth_quintile_Poorest'}, 'residence': {'reference': 'Rural', 'reference_column': 'residence_Rural'}, 'country_admin_region': {'reference': 'kenya::01', 'reference_column': 'country_admin_region_kenya::01'}}"
waz,4,kenya,country_admin_region_kenya::17,0.08500648527207463,0.11293524376334961,-0.13634252508934236,0.3063554956334916,0.45162953249184057,17381,1688,47,weight_original,cluster_robust_psu,True,"{'child_sex': {'reference': 'Male', 'reference_column': 'child_sex_Male'}, 'maternal_education': {'reference': 'No education', 'reference_column': 'maternal_education_No education'}, 'literacy': {'reference': 'Cannot read at all', 'reference_column': 'literacy_Cannot read at all'}, 'wealth_quintile': {'reference': 'Poorest', 'reference_column': 'wealth_quintile_Poorest'}, 'residence': {'reference': 'Rural', 'reference_column': 'residence_Rural'}, 'country_admin_region': {'reference': 'kenya::01', 'reference_column': 'country_admin_region_kenya::01'}}"
waz,4,kenya,country_admin_region_kenya::18,0.34372654095931066,0.10971613325173434,0.12868687126291392,0.5587662106557074,0.0017310524152489416,17381,1688,47,weight_original,cluster_robust_psu,True,"{'child_sex': {'reference': 'Male', 'reference_column': 'child_sex_Male'}, 'maternal_education': {'reference': 'No education', 'reference_column': 'maternal_education_No education'}, 'literacy': {'reference': 'Cannot read at all', 'reference_column': 'literacy_Cannot read at all'}, 'wealth_quintile': {'reference': 'Poorest', 'reference_column': 'wealth_quintile_Poorest'}, 'residence': {'reference': 'Rural', 'reference_column': 'residence_Rural'}, 'country_admin_region': {'reference': 'kenya::01', 'reference_column': 'country_admin_region_kenya::01'}}"
waz,4,kenya,country_admin_region_kenya::19,0.33655283134901987,0.10167543872774583,0.13727263333032902,0.5358330293677107,0.0009327260303037397,17381,1688,47,weight_original,cluster_robust_psu,True,"{'child_sex': {'reference': 'Male', 'reference_column': 'child_sex_Male'}, 'maternal_education': {'reference': 'No education', 'reference_column': 'maternal_education_No education'}, 'literacy': {'reference': 'Cannot read at all', 'reference_column': 'literacy_Cannot read at all'}, 'wealth_quintile': {'reference': 'Poorest', 'reference_column': 'wealth_quintile_Poorest'}, 'residence': {'reference': 'Rural', 'reference_column': 'residence_Rural'}, 'country_admin_region': {'reference': 'kenya::01', 'reference_column': 'country_admin_region_kenya::01'}}"
waz,4,kenya,country_admin_region_kenya::20,0.20665295161397929,0.09968581120176921,0.011272351888852145,0.40203355133910645,0.03816829801161536,17381,1688,47,weight_original,cluster_robust_psu,True,"{'child_sex': {'reference': 'Male', 'reference_column': 'child_sex_Male'}, 'maternal_education': {'reference': 'No education', 'reference_column': 'maternal_education_No education'}, 'literacy': {'reference': 'Cannot read at all', 'reference_column': 'literacy_Cannot read at all'}, 'wealth_quintile': {'reference': 'Poorest', 'reference_column': 'wealth_quintile_Poorest'}, 'residence': {'reference': 'Rural', 'reference_column': 'residence_Rural'}, 'country_admin_region': {'reference': 'kenya::01', 'reference_column': 'country_admin_region_kenya::01'}}"
waz,4,kenya,country_admin_region_kenya::21,0.23419644660233,0.0931377987695315,0.05164971541470928,0.41674317778995074,0.01191960340230359,17381,1688,47,weight_original,cluster_robust_psu,True,"{'child_sex': {'reference': 'Male', 'reference_column': 'child_sex_Male'}, 'maternal_education': {'reference': 'No education', 'reference_column': 'maternal_education_No education'}, 'literacy': {'reference': 'Cannot read at all', 'reference_column': 'literacy_Cannot read at all'}, 'wealth_quintile': {'reference': 'Poorest', 'reference_column': 'wealth_quintile_Poorest'}, 'residence': {'reference': 'Rural', 'reference_column': 'residence_Rural'}, 'country_admin_region': {'reference': 'kenya::01', 'reference_column': 'country_admin_region_kenya::01'}}"
waz,4,kenya,country_admin_region_kenya::22,0.1722455601371507,0.09700152883499875,-0.017873942824770395,0.3623650630990718,0.0757824702566303,17381,1688,47,weight_original,cluster_robust_psu,True,"{'child_sex': {'reference': 'Male', 'reference_column': 'child_sex_Male'}, 'maternal_education': {'reference': 'No education', 'reference_column': 'maternal_education_No education'}, 'literacy': {'reference': 'Cannot read at all', 'reference_column': 'literacy_Cannot read at all'}, 'wealth_quintile': {'reference': 'Poorest', 'reference_column': 'wealth_quintile_Poorest'}, 'residence': {'reference': 'Rural', 'reference_column': 'residence_Rural'}, 'country_admin_region': {'reference': 'kenya::01', 'reference_column': 'country_admin_region_kenya::01'}}"
waz,4,kenya,country_admin_region_kenya::23,-0.2831299946727089,0.10001686281199842,-0.47915944363090923,-0.08710054571450851,0.004642846565596656,17381,1688,47,weight_original,cluster_robust_psu,True,"{'child_sex': {'reference': 'Male', 'reference_column': 'child_sex_Male'}, 'maternal_education': {'reference': 'No education', 'reference_column': 'maternal_education_No education'}, 'literacy': {'reference': 'Cannot read at all', 'reference_column': 'literacy_Cannot read at all'}, 'wealth_quintile': {'reference': 'Poorest', 'reference_column': 'wealth_quintile_Poorest'}, 'residence': {'reference': 'Rural', 'reference_column': 'residence_Rural'}, 'country_admin_region': {'reference': 'kenya::01', 'reference_column': 'country_admin_region_kenya::01'}}"
waz,4,kenya,country_admin_region_kenya::24,-0.23788321590680223,0.08902880933181587,-0.4123764757836448,-0.06338995602995964,0.007540509722024708,17381,1688,47,weight_original,cluster_robust_psu,True,"{'child_sex': {'reference': 'Male', 'reference_column': 'child_sex_Male'}, 'maternal_education': {'reference': 'No education', 'reference_column': 'maternal_education_No education'}, 'literacy': {'reference': 'Cannot read at all', 'reference_column': 'literacy_Cannot read at all'}, 'wealth_quintile': {'reference': 'Poorest', 'reference_column': 'wealth_quintile_Poorest'}, 'residence': {'reference': 'Rural', 'reference_column': 'residence_Rural'}, 'country_admin_region': {'reference': 'kenya::01', 'reference_column': 'country_admin_region_kenya::01'}}"
waz,4,kenya,country_admin_region_kenya::25,-0.29201926286098534,0.09463566696183077,-0.47750176175910075,-0.10653676396286996,0.0020305927416572967,17381,1688,47,weight_original,cluster_robust_psu,True,"{'child_sex': {'reference': 'Male', 'reference_column': 'child_sex_Male'}, 'maternal_education': {'reference': 'No education', 'reference_column': 'maternal_education_No education'}, 'literacy': {'reference': 'Cannot read at all', 'reference_column': 'literacy_Cannot read at all'}, 'wealth_quintile': {'reference': 'Poorest', 'reference_column': 'wealth_quintile_Poorest'}, 'residence': {'reference': 'Rural', 'reference_column': 'residence_Rural'}, 'country_admin_region': {'reference': 'kenya::01', 'reference_column': 'country_admin_region_kenya::01'}}"
waz,4,kenya,country_admin_region_kenya::26,0.12441902859086884,0.09025087381455131,-0.05246943365892076,0.30130749084065844,0.1680209401459538,17381,1688,47,weight_original,cluster_robust_psu,True,"{'child_sex': {'reference': 'Male', 'reference_column': 'child_sex_Male'}, 'maternal_education': {'reference': 'No education', 'reference_column': 'maternal_education_No education'}, 'literacy': {'reference': 'Cannot read at all', 'reference_column': 'literacy_Cannot read at all'}, 'wealth_quintile': {'reference': 'Poorest', 'reference_column': 'wealth_quintile_Poorest'}, 'residence': {'reference': 'Rural', 'reference_column': 'residence_Rural'}, 'country_admin_region': {'reference': 'kenya::01', 'reference_column': 'country_admin_region_kenya::01'}}"
waz,4,kenya,country_admin_region_kenya::27,0.09597293140884718,0.09166515081177035,-0.08368746281965521,0.27563332563734955,0.2951020008176982,17381,1688,47,weight_original,cluster_robust_psu,True,"{'child_sex': {'reference': 'Male', 'reference_column': 'child_sex_Male'}, 'maternal_education': {'reference': 'No education', 'reference_column': 'maternal_education_No education'}, 'literacy': {'reference': 'Cannot read at all', 'reference_column': 'literacy_Cannot read at all'}, 'wealth_quintile': {'reference': 'Poorest', 'reference_column': 'wealth_quintile_Poorest'}, 'residence': {'reference': 'Rural', 'reference_column': 'residence_Rural'}, 'country_admin_region': {'reference': 'kenya::01', 'reference_column': 'country_admin_region_kenya::01'}}"
waz,4,kenya,country_admin_region_kenya::28,-0.07061066151941545,0.09470132377873794,-0.2562218454140084,0.11500052237517752,0.45590044025161314,17381,1688,47,weight_original,cluster_robust_psu,True,"{'child_sex': {'reference': 'Male', 'reference_column': 'child_sex_Male'}, 'maternal_education': {'reference': 'No education', 'reference_column': 'maternal_education_No education'}, 'literacy': {'reference': 'Cannot read at all', 'reference_column': 'literacy_Cannot read at all'}, 'wealth_quintile': {'reference': 'Poorest', 'reference_column': 'wealth_quintile_Poorest'}, 'residence': {'reference': 'Rural', 'reference_column': 'residence_Rural'}, 'country_admin_region': {'reference': 'kenya::01', 'reference_column': 'country_admin_region_kenya::01'}}"
waz,4,kenya,country_admin_region_kenya::29,0.2687161854899258,0.10305342847039342,0.06673517720458008,0.4706971937752715,0.009119477219655874,17381,1688,47,weight_original,cluster_robust_psu,True,"{'child_sex': {'reference': 'Male', 'reference_column': 'child_sex_Male'}, 'maternal_education': {'reference': 'No education', 'reference_column': 'maternal_education_No education'}, 'literacy': {'reference': 'Cannot read at all', 'reference_column': 'literacy_Cannot read at all'}, 'wealth_quintile': {'reference': 'Poorest', 'reference_column': 'wealth_quintile_Poorest'}, 'residence': {'reference': 'Rural', 'reference_column': 'residence_Rural'}, 'country_admin_region': {'reference': 'kenya::01', 'reference_column': 'country_admin_region_kenya::01'}}"
waz,4,kenya,country_admin_region_kenya::30,-0.14953571328044826,0.10287048442004909,-0.35115815781593324,0.05208673125503671,0.14604866946340697,17381,1688,47,weight_original,cluster_robust_psu,True,"{'child_sex': {'reference': 'Male', 'reference_column': 'child_sex_Male'}, 'maternal_education': {'reference': 'No education', 'reference_column': 'maternal_education_No education'}, 'literacy': {'reference': 'Cannot read at all', 'reference_column': 'literacy_Cannot read at all'}, 'wealth_quintile': {'reference': 'Poorest', 'reference_column': 'wealth_quintile_Poorest'}, 'residence': {'reference': 'Rural', 'reference_column': 'residence_Rural'}, 'country_admin_region': {'reference': 'kenya::01', 'reference_column': 'country_admin_region_kenya::01'}}"
waz,4,kenya,country_admin_region_kenya::31,0.21134275079149276,0.08803713250394961,0.03879314178157098,0.38389235980141456,0.01636780600729989,17381,1688,47,weight_original,cluster_robust_psu,True,"{'child_sex': {'reference': 'Male', 'reference_column': 'child_sex_Male'}, 'maternal_education': {'reference': 'No education', 'reference_column': 'maternal_education_No education'}, 'literacy': {'reference': 'Cannot read at all', 'reference_column': 'literacy_Cannot read at all'}, 'wealth_quintile': {'reference': 'Poorest', 'reference_column': 'wealth_quintile_Poorest'}, 'residence': {'reference': 'Rural', 'reference_column': 'residence_Rural'}, 'country_admin_region': {'reference': 'kenya::01', 'reference_column': 'country_admin_region_kenya::01'}}"
waz,4,kenya,country_admin_region_kenya::32,0.11012339457852172,0.08498995900946683,-0.056453864127568754,0.2767006532846122,0.1950711374992976,17381,1688,47,weight_original,cluster_robust_psu,True,"{'child_sex': {'reference': 'Male', 'reference_column': 'child_sex_Male'}, 'maternal_education': {'reference': 'No education', 'reference_column': 'maternal_education_No education'}, 'literacy': {'reference': 'Cannot read at all', 'reference_column': 'literacy_Cannot read at all'}, 'wealth_quintile': {'reference': 'Poorest', 'reference_column': 'wealth_quintile_Poorest'}, 'residence': {'reference': 'Rural', 'reference_column': 'residence_Rural'}, 'country_admin_region': {'reference': 'kenya::01', 'reference_column': 'country_admin_region_kenya::01'}}"
waz,4,kenya,country_admin_region_kenya::33,0.234939983324075,0.07625625209436089,0.08548047562312058,0.38439949102502946,0.0020635689534978766,17381,1688,47,weight_original,cluster_robust_psu,True,"{'child_sex': {'reference': 'Male', 'reference_column': 'child_sex_Male'}, 'maternal_education': {'reference': 'No education', 'reference_column': 'maternal_education_No education'}, 'literacy': {'reference': 'Cannot read at all', 'reference_column': 'literacy_Cannot read at all'}, 'wealth_quintile': {'reference': 'Poorest', 'reference_column': 'wealth_quintile_Poorest'}, 'residence': {'reference': 'Rural', 'reference_column': 'residence_Rural'}, 'country_admin_region': {'reference': 'kenya::01', 'reference_column': 'country_admin_region_kenya::01'}}"
waz,4,kenya,country_admin_region_kenya::34,0.23561923429771775,0.09210746741669153,0.05509191545380582,0.4161465531416297,0.010524870778387261,17381,1688,47,weight_original,cluster_robust_psu,True,"{'child_sex': {'reference': 'Male', 'reference_column': 'child_sex_Male'}, 'maternal_education': {'reference': 'No education', 'reference_column': 'maternal_education_No education'}, 'literacy': {'reference': 'Cannot read at all', 'reference_column': 'literacy_Cannot read at all'}, 'wealth_quintile': {'reference': 'Poorest', 'reference_column': 'wealth_quintile_Poorest'}, 'residence': {'reference': 'Rural', 'reference_column': 'residence_Rural'}, 'country_admin_region': {'reference': 'kenya::01', 'reference_column': 'country_admin_region_kenya::01'}}"
waz,4,kenya,country_admin_region_kenya::35,0.14578992936689708,0.08932676967584362,-0.02928732205306106,0.3208671807868552,0.1026591089269834,17381,1688,47,weight_original,cluster_robust_psu,True,"{'child_sex': {'reference': 'Male', 'reference_column': 'child_sex_Male'}, 'maternal_education': {'reference': 'No education', 'reference_column': 'maternal_education_No education'}, 'literacy': {'reference': 'Cannot read at all', 'reference_column': 'literacy_Cannot read at all'}, 'wealth_quintile': {'reference': 'Poorest', 'reference_column': 'wealth_quintile_Poorest'}, 'residence': {'reference': 'Rural', 'reference_column': 'residence_Rural'}, 'country_admin_region': {'reference': 'kenya::01', 'reference_column': 'country_admin_region_kenya::01'}}"
waz,4,kenya,country_admin_region_kenya::36,0.20779792181701376,0.09534558503275545,0.020924009067911864,0.39467183456611565,0.029300600906210995,17381,1688,47,weight_original,cluster_robust_psu,True,"{'child_sex': {'reference': 'Male', 'reference_column': 'child_sex_Male'}, 'maternal_education': {'reference': 'No education', 'reference_column': 'maternal_education_No education'}, 'literacy': {'reference': 'Cannot read at all', 'reference_column': 'literacy_Cannot read at all'}, 'wealth_quintile': {'reference': 'Poorest', 'reference_column': 'wealth_quintile_Poorest'}, 'residence': {'reference': 'Rural', 'reference_column': 'residence_Rural'}, 'country_admin_region': {'reference': 'kenya::01', 'reference_column': 'country_admin_region_kenya::01'}}"
waz,4,kenya,country_admin_region_kenya::37,0.5019095957429878,0.09143633924321377,0.3226976639481024,0.6811215275378731,4.038271836142468e-08,17381,1688,47,weight_original,cluster_robust_psu,True,"{'child_sex': {'reference': 'Male', 'reference_column': 'child_sex_Male'}, 'maternal_education': {'reference': 'No education', 'reference_column': 'maternal_education_No education'}, 'literacy': {'reference': 'Cannot read at all', 'reference_column': 'literacy_Cannot read at all'}, 'wealth_quintile': {'reference': 'Poorest', 'reference_column': 'wealth_quintile_Poorest'}, 'residence': {'reference': 'Rural', 'reference_column': 'residence_Rural'}, 'country_admin_region': {'reference': 'kenya::01', 'reference_column': 'country_admin_region_kenya::01'}}"
waz,4,kenya,country_admin_region_kenya::38,0.3817519585668308,0.10069925127491264,0.18438505279785292,0.5791188643358087,0.00015003537258862702,17381,1688,47,weight_original,cluster_robust_psu,True,"{'child_sex': {'reference': 'Male', 'reference_column': 'child_sex_Male'}, 'maternal_education': {'reference': 'No education', 'reference_column': 'maternal_education_No education'}, 'literacy': {'reference': 'Cannot read at all', 'reference_column': 'literacy_Cannot read at all'}, 'wealth_quintile': {'reference': 'Poorest', 'reference_column': 'wealth_quintile_Poorest'}, 'residence': {'reference': 'Rural', 'reference_column': 'residence_Rural'}, 'country_admin_region': {'reference': 'kenya::01', 'reference_column': 'country_admin_region_kenya::01'}}"
waz,4,kenya,country_admin_region_kenya::39,0.2969482463347812,0.08646915119959317,0.12747182420983016,0.4664246684597322,0.0005944098163995858,17381,1688,47,weight_original,cluster_robust_psu,True,"{'child_sex': {'reference': 'Male', 'reference_column': 'child_sex_Male'}, 'maternal_education': {'reference': 'No education', 'reference_column': 'maternal_education_No education'}, 'literacy': {'reference': 'Cannot read at all', 'reference_column': 'literacy_Cannot read at all'}, 'wealth_quintile': {'reference': 'Poorest', 'reference_column': 'wealth_quintile_Poorest'}, 'residence': {'reference': 'Rural', 'reference_column': 'residence_Rural'}, 'country_admin_region': {'reference': 'kenya::01', 'reference_column': 'country_admin_region_kenya::01'}}"
waz,4,kenya,country_admin_region_kenya::40,0.45801276355703135,0.08773982237236881,0.2860458716972468,0.6299796554168159,1.7880325080269715e-07,17381,1688,47,weight_original,cluster_robust_psu,True,"{'child_sex': {'reference': 'Male', 'reference_column': 'child_sex_Male'}, 'maternal_education': {'reference': 'No education', 'reference_column': 'maternal_education_No education'}, 'literacy': {'reference': 'Cannot read at all', 'reference_column': 'literacy_Cannot read at all'}, 'wealth_quintile': {'reference': 'Poorest', 'reference_column': 'wealth_quintile_Poorest'}, 'residence': {'reference': 'Rural', 'reference_column': 'residence_Rural'}, 'country_admin_region': {'reference': 'kenya::01', 'reference_column': 'country_admin_region_kenya::01'}}"
waz,4,kenya,country_admin_region_kenya::41,0.4053281930040143,0.09633038450153819,0.21652410876410402,0.5941322772439246,2.5799685810056254e-05,17381,1688,47,weight_original,cluster_robust_psu,True,"{'child_sex': {'reference': 'Male', 'reference_column': 'child_sex_Male'}, 'maternal_education': {'reference': 'No education', 'reference_column': 'maternal_education_No education'}, 'literacy': {'reference': 'Cannot read at all', 'reference_column': 'literacy_Cannot read at all'}, 'wealth_quintile': {'reference': 'Poorest', 'reference_column': 'wealth_quintile_Poorest'}, 'residence': {'reference': 'Rural', 'reference_column': 'residence_Rural'}, 'country_admin_region': {'reference': 'kenya::01', 'reference_column': 'country_admin_region_kenya::01'}}"
waz,4,kenya,country_admin_region_kenya::42,0.4755681365641907,0.0927623581456908,0.29375725547763104,0.6573790176507504,2.9480818441643227e-07,17381,1688,47,weight_original,cluster_robust_psu,True,"{'child_sex': {'reference': 'Male', 'reference_column': 'child_sex_Male'}, 'maternal_education': {'reference': 'No education', 'reference_column': 'maternal_education_No education'}, 'literacy': {'reference': 'Cannot read at all', 'reference_column': 'literacy_Cannot read at all'}, 'wealth_quintile': {'reference': 'Poorest', 'reference_column': 'wealth_quintile_Poorest'}, 'residence': {'reference': 'Rural', 'reference_column': 'residence_Rural'}, 'country_admin_region': {'reference': 'kenya::01', 'reference_column': 'country_admin_region_kenya::01'}}"
waz,4,kenya,country_admin_region_kenya::43,0.6213554984031985,0.08645512118232296,0.45190657460679956,0.7908044221995973,6.621615258301585e-13,17381,1688,47,weight_original,cluster_robust_psu,True,"{'child_sex': {'reference': 'Male', 'reference_column': 'child_sex_Male'}, 'maternal_education': {'reference': 'No education', 'reference_column': 'maternal_education_No education'}, 'literacy': {'reference': 'Cannot read at all', 'reference_column': 'literacy_Cannot read at all'}, 'wealth_quintile': {'reference': 'Poorest', 'reference_column': 'wealth_quintile_Poorest'}, 'residence': {'reference': 'Rural', 'reference_column': 'residence_Rural'}, 'country_admin_region': {'reference': 'kenya::01', 'reference_column': 'country_admin_region_kenya::01'}}"
waz,4,kenya,country_admin_region_kenya::44,0.555109942672121,0.08598801365612901,0.38657653280396975,0.7236433525402722,1.0774361862165259e-10,17381,1688,47,weight_original,cluster_robust_psu,True,"{'child_sex': {'reference': 'Male', 'reference_column': 'child_sex_Male'}, 'maternal_education': {'reference': 'No education', 'reference_column': 'maternal_education_No education'}, 'literacy': {'reference': 'Cannot read at all', 'reference_column': 'literacy_Cannot read at all'}, 'wealth_quintile': {'reference': 'Poorest', 'reference_column': 'wealth_quintile_Poorest'}, 'residence': {'reference': 'Rural', 'reference_column': 'residence_Rural'}, 'country_admin_region': {'reference': 'kenya::01', 'reference_column': 'country_admin_region_kenya::01'}}"
waz,4,kenya,country_admin_region_kenya::45,0.37963504816597476,0.08737474752473604,0.2083836898592119,0.5508864064727377,1.3933543623256608e-05,17381,1688,47,weight_original,cluster_robust_psu,True,"{'child_sex': {'reference': 'Male', 'reference_column': 'child_sex_Male'}, 'maternal_education': {'reference': 'No education', 'reference_column': 'maternal_education_No education'}, 'literacy': {'reference': 'Cannot read at all', 'reference_column': 'literacy_Cannot read at all'}, 'wealth_quintile': {'reference': 'Poorest', 'reference_column': 'wealth_quintile_Poorest'}, 'residence': {'reference': 'Rural', 'reference_column': 'residence_Rural'}, 'country_admin_region': {'reference': 'kenya::01', 'reference_column': 'country_admin_region_kenya::01'}}"
waz,4,kenya,country_admin_region_kenya::46,0.398678857597755,0.10032728535842286,0.2020409916285735,0.5953167235669365,7.07400269532965e-05,17381,1688,47,weight_original,cluster_robust_psu,True,"{'child_sex': {'reference': 'Male', 'reference_column': 'child_sex_Male'}, 'maternal_education': {'reference': 'No education', 'reference_column': 'maternal_education_No education'}, 'literacy': {'reference': 'Cannot read at all', 'reference_column': 'literacy_Cannot read at all'}, 'wealth_quintile': {'reference': 'Poorest', 'reference_column': 'wealth_quintile_Poorest'}, 'residence': {'reference': 'Rural', 'reference_column': 'residence_Rural'}, 'country_admin_region': {'reference': 'kenya::01', 'reference_column': 'country_admin_region_kenya::01'}}"
waz,4,kenya,country_admin_region_kenya::47,0.2500443613905588,0.09596135384346348,0.061963563949666095,0.43812515883145153,0.009169269232634626,17381,1688,47,weight_original,cluster_robust_psu,True,"{'child_sex': {'reference': 'Male', 'reference_column': 'child_sex_Male'}, 'maternal_education': {'reference': 'No education', 'reference_column': 'maternal_education_No education'}, 'literacy': {'reference': 'Cannot read at all', 'reference_column': 'literacy_Cannot read at all'}, 'wealth_quintile': {'reference': 'Poorest', 'reference_column': 'wealth_quintile_Poorest'}, 'residence': {'reference': 'Rural', 'reference_column': 'residence_Rural'}, 'country_admin_region': {'reference': 'kenya::01', 'reference_column': 'country_admin_region_kenya::01'}}"
waz,4,nigeria,const,-1.6075028839089907,0.14281946130735293,-1.8874238843628142,-1.3275818834551671,2.1761558585230963e-29,9513,1343,37,weight_original,cluster_robust_psu,True,"{'child_sex': {'reference': 'Male', 'reference_column': 'child_sex_Male'}, 'maternal_education': {'reference': 'No education', 'reference_column': 'maternal_education_No education'}, 'literacy': {'reference': 'Cannot read at all', 'reference_column': 'literacy_Cannot read at all'}, 'wealth_quintile': {'reference': 'Poorest', 'reference_column': 'wealth_quintile_Poorest'}, 'residence': {'reference': 'Rural', 'reference_column': 'residence_Rural'}, 'country_admin_region': {'reference': 'nigeria::01', 'reference_column': 'country_admin_region_nigeria::01'}}"
waz,4,nigeria,water_rate_loo,0.1128136208129633,0.0645695768838844,-0.013740424376440144,0.23936766600236675,0.08060894653118253,9513,1343,37,weight_original,cluster_robust_psu,True,"{'child_sex': {'reference': 'Male', 'reference_column': 'child_sex_Male'}, 'maternal_education': {'reference': 'No education', 'reference_column': 'maternal_education_No education'}, 'literacy': {'reference': 'Cannot read at all', 'reference_column': 'literacy_Cannot read at all'}, 'wealth_quintile': {'reference': 'Poorest', 'reference_column': 'wealth_quintile_Poorest'}, 'residence': {'reference': 'Rural', 'reference_column': 'residence_Rural'}, 'country_admin_region': {'reference': 'nigeria::01', 'reference_column': 'country_admin_region_nigeria::01'}}"
waz,4,nigeria,sanitation_rate_loo_core,-0.02339698519772318,0.07385771793509073,-0.16815545233081902,0.12136148193537266,0.7514070752987383,9513,1343,37,weight_original,cluster_robust_psu,True,"{'child_sex': {'reference': 'Male', 'reference_column': 'child_sex_Male'}, 'maternal_education': {'reference': 'No education', 'reference_column': 'maternal_education_No education'}, 'literacy': {'reference': 'Cannot read at all', 'reference_column': 'literacy_Cannot read at all'}, 'wealth_quintile': {'reference': 'Poorest', 'reference_column': 'wealth_quintile_Poorest'}, 'residence': {'reference': 'Rural', 'reference_column': 'residence_Rural'}, 'country_admin_region': {'reference': 'nigeria::01', 'reference_column': 'country_admin_region_nigeria::01'}}"
waz,4,nigeria,b19_raw,-0.00823608011250212,0.000920808527585549,-0.010040831663227154,-0.006431328561777088,3.739746302155575e-19,9513,1343,37,weight_original,cluster_robust_psu,True,"{'child_sex': {'reference': 'Male', 'reference_column': 'child_sex_Male'}, 'maternal_education': {'reference': 'No education', 'reference_column': 'maternal_education_No education'}, 'literacy': {'reference': 'Cannot read at all', 'reference_column': 'literacy_Cannot read at all'}, 'wealth_quintile': {'reference': 'Poorest', 'reference_column': 'wealth_quintile_Poorest'}, 'residence': {'reference': 'Rural', 'reference_column': 'residence_Rural'}, 'country_admin_region': {'reference': 'nigeria::01', 'reference_column': 'country_admin_region_nigeria::01'}}"
waz,4,nigeria,birth_order_raw,-0.04315991202750809,0.009798276593439747,-0.0623641812612118,-0.023955642793804376,1.0585842723304315e-05,9513,1343,37,weight_original,cluster_robust_psu,True,"{'child_sex': {'reference': 'Male', 'reference_column': 'child_sex_Male'}, 'maternal_education': {'reference': 'No education', 'reference_column': 'maternal_education_No education'}, 'literacy': {'reference': 'Cannot read at all', 'reference_column': 'literacy_Cannot read at all'}, 'wealth_quintile': {'reference': 'Poorest', 'reference_column': 'wealth_quintile_Poorest'}, 'residence': {'reference': 'Rural', 'reference_column': 'residence_Rural'}, 'country_admin_region': {'reference': 'nigeria::01', 'reference_column': 'country_admin_region_nigeria::01'}}"
waz,4,nigeria,maternal_age,0.01630506523249895,0.0033107785006135327,0.009816058610506906,0.022794071854490998,8.442799445225852e-07,9513,1343,37,weight_original,cluster_robust_psu,True,"{'child_sex': {'reference': 'Male', 'reference_column': 'child_sex_Male'}, 'maternal_education': {'reference': 'No education', 'reference_column': 'maternal_education_No education'}, 'literacy': {'reference': 'Cannot read at all', 'reference_column': 'literacy_Cannot read at all'}, 'wealth_quintile': {'reference': 'Poorest', 'reference_column': 'wealth_quintile_Poorest'}, 'residence': {'reference': 'Rural', 'reference_column': 'residence_Rural'}, 'country_admin_region': {'reference': 'nigeria::01', 'reference_column': 'country_admin_region_nigeria::01'}}"
waz,4,nigeria,household_size_raw,-0.005789696148086904,0.004966801820998938,-0.015524448835592779,0.00394505653941897,0.24374428896090572,9513,1343,37,weight_original,cluster_robust_psu,True,"{'child_sex': {'reference': 'Male', 'reference_column': 'child_sex_Male'}, 'maternal_education': {'reference': 'No education', 'reference_column': 'maternal_education_No education'}, 'literacy': {'reference': 'Cannot read at all', 'reference_column': 'literacy_Cannot read at all'}, 'wealth_quintile': {'reference': 'Poorest', 'reference_column': 'wealth_quintile_Poorest'}, 'residence': {'reference': 'Rural', 'reference_column': 'residence_Rural'}, 'country_admin_region': {'reference': 'nigeria::01', 'reference_column': 'country_admin_region_nigeria::01'}}"
waz,4,nigeria,child_sex_Female,0.08649962275029333,0.028058803700870886,0.03150537804730721,0.14149386745327944,0.0020506432852331305,9513,1343,37,weight_original,cluster_robust_psu,True,"{'child_sex': {'reference': 'Male', 'reference_column': 'child_sex_Male'}, 'maternal_education': {'reference': 'No education', 'reference_column': 'maternal_education_No education'}, 'literacy': {'reference': 'Cannot read at all', 'reference_column': 'literacy_Cannot read at all'}, 'wealth_quintile': {'reference': 'Poorest', 'reference_column': 'wealth_quintile_Poorest'}, 'residence': {'reference': 'Rural', 'reference_column': 'residence_Rural'}, 'country_admin_region': {'reference': 'nigeria::01', 'reference_column': 'country_admin_region_nigeria::01'}}"
waz,4,nigeria,maternal_education_Higher,0.27277626486568857,0.09029499971310367,0.09580131744395085,0.4497512122874263,0.0025198678692975847,9513,1343,37,weight_original,cluster_robust_psu,True,"{'child_sex': {'reference': 'Male', 'reference_column': 'child_sex_Male'}, 'maternal_education': {'reference': 'No education', 'reference_column': 'maternal_education_No education'}, 'literacy': {'reference': 'Cannot read at all', 'reference_column': 'literacy_Cannot read at all'}, 'wealth_quintile': {'reference': 'Poorest', 'reference_column': 'wealth_quintile_Poorest'}, 'residence': {'reference': 'Rural', 'reference_column': 'residence_Rural'}, 'country_admin_region': {'reference': 'nigeria::01', 'reference_column': 'country_admin_region_nigeria::01'}}"
waz,4,nigeria,maternal_education_Primary,0.06661475394388629,0.06689865093246927,-0.06450419249807039,0.19773370038584298,0.31936856189468366,9513,1343,37,weight_original,cluster_robust_psu,True,"{'child_sex': {'reference': 'Male', 'reference_column': 'child_sex_Male'}, 'maternal_education': {'reference': 'No education', 'reference_column': 'maternal_education_No education'}, 'literacy': {'reference': 'Cannot read at all', 'reference_column': 'literacy_Cannot read at all'}, 'wealth_quintile': {'reference': 'Poorest', 'reference_column': 'wealth_quintile_Poorest'}, 'residence': {'reference': 'Rural', 'reference_column': 'residence_Rural'}, 'country_admin_region': {'reference': 'nigeria::01', 'reference_column': 'country_admin_region_nigeria::01'}}"
waz,4,nigeria,maternal_education_Secondary,-0.05596180657738721,0.07103022712121979,-0.19517849354867817,0.08325488039390373,0.4307791619550011,9513,1343,37,weight_original,cluster_robust_psu,True,"{'child_sex': {'reference': 'Male', 'reference_column': 'child_sex_Male'}, 'maternal_education': {'reference': 'No education', 'reference_column': 'maternal_education_No education'}, 'literacy': {'reference': 'Cannot read at all', 'reference_column': 'literacy_Cannot read at all'}, 'wealth_quintile': {'reference': 'Poorest', 'reference_column': 'wealth_quintile_Poorest'}, 'residence': {'reference': 'Rural', 'reference_column': 'residence_Rural'}, 'country_admin_region': {'reference': 'nigeria::01', 'reference_column': 'country_admin_region_nigeria::01'}}"
waz,4,nigeria,literacy_Able to read only parts of sentence,0.18330363952970005,0.06172573122758701,0.06232342940423018,0.3042838496551699,0.002981420194792709,9513,1343,37,weight_original,cluster_robust_psu,True,"{'child_sex': {'reference': 'Male', 'reference_column': 'child_sex_Male'}, 'maternal_education': {'reference': 'No education', 'reference_column': 'maternal_education_No education'}, 'literacy': {'reference': 'Cannot read at all', 'reference_column': 'literacy_Cannot read at all'}, 'wealth_quintile': {'reference': 'Poorest', 'reference_column': 'wealth_quintile_Poorest'}, 'residence': {'reference': 'Rural', 'reference_column': 'residence_Rural'}, 'country_admin_region': {'reference': 'nigeria::01', 'reference_column': 'country_admin_region_nigeria::01'}}"
waz,4,nigeria,literacy_Able to read whole sentence,0.17213739041766593,0.06147015398768471,0.05165810247767272,0.29261667835765914,0.005104865432015218,9513,1343,37,weight_original,cluster_robust_psu,True,"{'child_sex': {'reference': 'Male', 'reference_column': 'child_sex_Male'}, 'maternal_education': {'reference': 'No education', 'reference_column': 'maternal_education_No education'}, 'literacy': {'reference': 'Cannot read at all', 'reference_column': 'literacy_Cannot read at all'}, 'wealth_quintile': {'reference': 'Poorest', 'reference_column': 'wealth_quintile_Poorest'}, 'residence': {'reference': 'Rural', 'reference_column': 'residence_Rural'}, 'country_admin_region': {'reference': 'nigeria::01', 'reference_column': 'country_admin_region_nigeria::01'}}"
waz,4,nigeria,literacy_Blind/visually impaired,-0.39279936311628105,0.14900470894647438,-0.684843226178244,-0.1007555000543181,0.008385166054006389,9513,1343,37,weight_original,cluster_robust_psu,True,"{'child_sex': {'reference': 'Male', 'reference_column': 'child_sex_Male'}, 'maternal_education': {'reference': 'No education', 'reference_column': 'maternal_education_No education'}, 'literacy': {'reference': 'Cannot read at all', 'reference_column': 'literacy_Cannot read at all'}, 'wealth_quintile': {'reference': 'Poorest', 'reference_column': 'wealth_quintile_Poorest'}, 'residence': {'reference': 'Rural', 'reference_column': 'residence_Rural'}, 'country_admin_region': {'reference': 'nigeria::01', 'reference_column': 'country_admin_region_nigeria::01'}}"
waz,4,nigeria,literacy_No card with required language,0.8865469234538663,0.18472705009620433,0.5244885582949795,1.2486052886127532,1.592797142135408e-06,9513,1343,37,weight_original,cluster_robust_psu,True,"{'child_sex': {'reference': 'Male', 'reference_column': 'child_sex_Male'}, 'maternal_education': {'reference': 'No education', 'reference_column': 'maternal_education_No education'}, 'literacy': {'reference': 'Cannot read at all', 'reference_column': 'literacy_Cannot read at all'}, 'wealth_quintile': {'reference': 'Poorest', 'reference_column': 'wealth_quintile_Poorest'}, 'residence': {'reference': 'Rural', 'reference_column': 'residence_Rural'}, 'country_admin_region': {'reference': 'nigeria::01', 'reference_column': 'country_admin_region_nigeria::01'}}"
waz,4,nigeria,wealth_quintile_Middle,0.22714598265760963,0.06147033949580962,0.10666633112837275,0.3476256341868465,0.00021970273736715521,9513,1343,37,weight_original,cluster_robust_psu,True,"{'child_sex': {'reference': 'Male', 'reference_column': 'child_sex_Male'}, 'maternal_education': {'reference': 'No education', 'reference_column': 'maternal_education_No education'}, 'literacy': {'reference': 'Cannot read at all', 'reference_column': 'literacy_Cannot read at all'}, 'wealth_quintile': {'reference': 'Poorest', 'reference_column': 'wealth_quintile_Poorest'}, 'residence': {'reference': 'Rural', 'reference_column': 'residence_Rural'}, 'country_admin_region': {'reference': 'nigeria::01', 'reference_column': 'country_admin_region_nigeria::01'}}"
waz,4,nigeria,wealth_quintile_Poorer,0.12766246187263913,0.05235176113625825,0.025054895518329262,0.230270028226949,0.014746260271332261,9513,1343,37,weight_original,cluster_robust_psu,True,"{'child_sex': {'reference': 'Male', 'reference_column': 'child_sex_Male'}, 'maternal_education': {'reference': 'No education', 'reference_column': 'maternal_education_No education'}, 'literacy': {'reference': 'Cannot read at all', 'reference_column': 'literacy_Cannot read at all'}, 'wealth_quintile': {'reference': 'Poorest', 'reference_column': 'wealth_quintile_Poorest'}, 'residence': {'reference': 'Rural', 'reference_column': 'residence_Rural'}, 'country_admin_region': {'reference': 'nigeria::01', 'reference_column': 'country_admin_region_nigeria::01'}}"
waz,4,nigeria,wealth_quintile_Richer,0.2546475787212326,0.07219598969417748,0.11314603909241985,0.3961491183500454,0.00042002589251085887,9513,1343,37,weight_original,cluster_robust_psu,True,"{'child_sex': {'reference': 'Male', 'reference_column': 'child_sex_Male'}, 'maternal_education': {'reference': 'No education', 'reference_column': 'maternal_education_No education'}, 'literacy': {'reference': 'Cannot read at all', 'reference_column': 'literacy_Cannot read at all'}, 'wealth_quintile': {'reference': 'Poorest', 'reference_column': 'wealth_quintile_Poorest'}, 'residence': {'reference': 'Rural', 'reference_column': 'residence_Rural'}, 'country_admin_region': {'reference': 'nigeria::01', 'reference_column': 'country_admin_region_nigeria::01'}}"
waz,4,nigeria,wealth_quintile_Richest,0.5127807767164643,0.08903930864538795,0.33826693856315804,0.6872946148697705,8.459457579224317e-09,9513,1343,37,weight_original,cluster_robust_psu,True,"{'child_sex': {'reference': 'Male', 'reference_column': 'child_sex_Male'}, 'maternal_education': {'reference': 'No education', 'reference_column': 'maternal_education_No education'}, 'literacy': {'reference': 'Cannot read at all', 'reference_column': 'literacy_Cannot read at all'}, 'wealth_quintile': {'reference': 'Poorest', 'reference_column': 'wealth_quintile_Poorest'}, 'residence': {'reference': 'Rural', 'reference_column': 'residence_Rural'}, 'country_admin_region': {'reference': 'nigeria::01', 'reference_column': 'country_admin_region_nigeria::01'}}"
waz,4,nigeria,residence_Urban,-0.04205853028951975,0.04780512702291042,-0.13575485753078667,0.05163779695174717,0.3789724302476104,9513,1343,37,weight_original,cluster_robust_psu,True,"{'child_sex': {'reference': 'Male', 'reference_column': 'child_sex_Male'}, 'maternal_education': {'reference': 'No education', 'reference_column': 'maternal_education_No education'}, 'literacy': {'reference': 'Cannot read at all', 'reference_column': 'literacy_Cannot read at all'}, 'wealth_quintile': {'reference': 'Poorest', 'reference_column': 'wealth_quintile_Poorest'}, 'residence': {'reference': 'Rural', 'reference_column': 'residence_Rural'}, 'country_admin_region': {'reference': 'nigeria::01', 'reference_column': 'country_admin_region_nigeria::01'}}"
waz,4,nigeria,country_admin_region_nigeria::02,0.2969249872975468,0.14324916518743072,0.01616178271475366,0.5776881918803399,0.03819211985302008,9513,1343,37,weight_original,cluster_robust_psu,True,"{'child_sex': {'reference': 'Male', 'reference_column': 'child_sex_Male'}, 'maternal_education': {'reference': 'No education', 'reference_column': 'maternal_education_No education'}, 'literacy': {'reference': 'Cannot read at all', 'reference_column': 'literacy_Cannot read at all'}, 'wealth_quintile': {'reference': 'Poorest', 'reference_column': 'wealth_quintile_Poorest'}, 'residence': {'reference': 'Rural', 'reference_column': 'residence_Rural'}, 'country_admin_region': {'reference': 'nigeria::01', 'reference_column': 'country_admin_region_nigeria::01'}}"
waz,4,nigeria,country_admin_region_nigeria::03,-0.056866077873401116,0.14565192518960565,-0.34233860552395046,0.22860644977714825,0.6962226852466236,9513,1343,37,weight_original,cluster_robust_psu,True,"{'child_sex': {'reference': 'Male', 'reference_column': 'child_sex_Male'}, 'maternal_education': {'reference': 'No education', 'reference_column': 'maternal_education_No education'}, 'literacy': {'reference': 'Cannot read at all', 'reference_column': 'literacy_Cannot read at all'}, 'wealth_quintile': {'reference': 'Poorest', 'reference_column': 'wealth_quintile_Poorest'}, 'residence': {'reference': 'Rural', 'reference_column': 'residence_Rural'}, 'country_admin_region': {'reference': 'nigeria::01', 'reference_column': 'country_admin_region_nigeria::01'}}"
waz,4,nigeria,country_admin_region_nigeria::04,-0.2748627405597373,0.14538999131315558,-0.5598218872461136,0.010096406126638924,0.05868839852074067,9513,1343,37,weight_original,cluster_robust_psu,True,"{'child_sex': {'reference': 'Male', 'reference_column': 'child_sex_Male'}, 'maternal_education': {'reference': 'No education', 'reference_column': 'maternal_education_No education'}, 'literacy': {'reference': 'Cannot read at all', 'reference_column': 'literacy_Cannot read at all'}, 'wealth_quintile': {'reference': 'Poorest', 'reference_column': 'wealth_quintile_Poorest'}, 'residence': {'reference': 'Rural', 'reference_column': 'residence_Rural'}, 'country_admin_region': {'reference': 'nigeria::01', 'reference_column': 'country_admin_region_nigeria::01'}}"
waz,4,nigeria,country_admin_region_nigeria::05,-0.08503442255243358,0.1324369762865626,-0.3446061262954815,0.1745372811906143,0.5208247275042888,9513,1343,37,weight_original,cluster_robust_psu,True,"{'child_sex': {'reference': 'Male', 'reference_column': 'child_sex_Male'}, 'maternal_education': {'reference': 'No education', 'reference_column': 'maternal_education_No education'}, 'literacy': {'reference': 'Cannot read at all', 'reference_column': 'literacy_Cannot read at all'}, 'wealth_quintile': {'reference': 'Poorest', 'reference_column': 'wealth_quintile_Poorest'}, 'residence': {'reference': 'Rural', 'reference_column': 'residence_Rural'}, 'country_admin_region': {'reference': 'nigeria::01', 'reference_column': 'country_admin_region_nigeria::01'}}"
waz,4,nigeria,country_admin_region_nigeria::06,0.01916452776262722,0.13657504330020642,-0.2485176382927758,0.28684669381803024,0.8884053251674602,9513,1343,37,weight_original,cluster_robust_psu,True,"{'child_sex': {'reference': 'Male', 'reference_column': 'child_sex_Male'}, 'maternal_education': {'reference': 'No education', 'reference_column': 'maternal_education_No education'}, 'literacy': {'reference': 'Cannot read at all', 'reference_column': 'literacy_Cannot read at all'}, 'wealth_quintile': {'reference': 'Poorest', 'reference_column': 'wealth_quintile_Poorest'}, 'residence': {'reference': 'Rural', 'reference_column': 'residence_Rural'}, 'country_admin_region': {'reference': 'nigeria::01', 'reference_column': 'country_admin_region_nigeria::01'}}"
waz,4,nigeria,country_admin_region_nigeria::07,-0.006869925587922704,0.1346357021204674,-0.2707510527773018,0.2570112016014564,0.9593047773634266,9513,1343,37,weight_original,cluster_robust_psu,True,"{'child_sex': {'reference': 'Male', 'reference_column': 'child_sex_Male'}, 'maternal_education': {'reference': 'No education', 'reference_column': 'maternal_education_No education'}, 'literacy': {'reference': 'Cannot read at all', 'reference_column': 'literacy_Cannot read at all'}, 'wealth_quintile': {'reference': 'Poorest', 'reference_column': 'wealth_quintile_Poorest'}, 'residence': {'reference': 'Rural', 'reference_column': 'residence_Rural'}, 'country_admin_region': {'reference': 'nigeria::01', 'reference_column': 'country_admin_region_nigeria::01'}}"
waz,4,nigeria,country_admin_region_nigeria::08,-0.2583350643917444,0.16059066786036175,-0.5730869896512873,0.05641686086779857,0.10769168680125335,9513,1343,37,weight_original,cluster_robust_psu,True,"{'child_sex': {'reference': 'Male', 'reference_column': 'child_sex_Male'}, 'maternal_education': {'reference': 'No education', 'reference_column': 'maternal_education_No education'}, 'literacy': {'reference': 'Cannot read at all', 'reference_column': 'literacy_Cannot read at all'}, 'wealth_quintile': {'reference': 'Poorest', 'reference_column': 'wealth_quintile_Poorest'}, 'residence': {'reference': 'Rural', 'reference_column': 'residence_Rural'}, 'country_admin_region': {'reference': 'nigeria::01', 'reference_column': 'country_admin_region_nigeria::01'}}"
waz,4,nigeria,country_admin_region_nigeria::09,-0.2513945415950403,0.12439886227977749,-0.4952118313811624,-0.0075772518089181895,0.04329271412050869,9513,1343,37,weight_original,cluster_robust_psu,True,"{'child_sex': {'reference': 'Male', 'reference_column': 'child_sex_Male'}, 'maternal_education': {'reference': 'No education', 'reference_column': 'maternal_education_No education'}, 'literacy': {'reference': 'Cannot read at all', 'reference_column': 'literacy_Cannot read at all'}, 'wealth_quintile': {'reference': 'Poorest', 'reference_column': 'wealth_quintile_Poorest'}, 'residence': {'reference': 'Rural', 'reference_column': 'residence_Rural'}, 'country_admin_region': {'reference': 'nigeria::01', 'reference_column': 'country_admin_region_nigeria::01'}}"
waz,4,nigeria,country_admin_region_nigeria::10,-0.14555349425562658,0.16630875591521227,-0.47151266616310533,0.18040567765185217,0.38146486072155084,9513,1343,37,weight_original,cluster_robust_psu,True,"{'child_sex': {'reference': 'Male', 'reference_column': 'child_sex_Male'}, 'maternal_education': {'reference': 'No education', 'reference_column': 'maternal_education_No education'}, 'literacy': {'reference': 'Cannot read at all', 'reference_column': 'literacy_Cannot read at all'}, 'wealth_quintile': {'reference': 'Poorest', 'reference_column': 'wealth_quintile_Poorest'}, 'residence': {'reference': 'Rural', 'reference_column': 'residence_Rural'}, 'country_admin_region': {'reference': 'nigeria::01', 'reference_column': 'country_admin_region_nigeria::01'}}"
waz,4,nigeria,country_admin_region_nigeria::11,-0.2853911461957539,0.15244854140611594,-0.5841847968474043,0.013402504455896525,0.061199818688553904,9513,1343,37,weight_original,cluster_robust_psu,True,"{'child_sex': {'reference': 'Male', 'reference_column': 'child_sex_Male'}, 'maternal_education': {'reference': 'No education', 'reference_column': 'maternal_education_No education'}, 'literacy': {'reference': 'Cannot read at all', 'reference_column': 'literacy_Cannot read at all'}, 'wealth_quintile': {'reference': 'Poorest', 'reference_column': 'wealth_quintile_Poorest'}, 'residence': {'reference': 'Rural', 'reference_column': 'residence_Rural'}, 'country_admin_region': {'reference': 'nigeria::01', 'reference_column': 'country_admin_region_nigeria::01'}}"
waz,4,nigeria,country_admin_region_nigeria::12,-0.16119257168088927,0.14480398672240427,-0.4450031704746178,0.12261802711283928,0.26563210984098695,9513,1343,37,weight_original,cluster_robust_psu,True,"{'child_sex': {'reference': 'Male', 'reference_column': 'child_sex_Male'}, 'maternal_education': {'reference': 'No education', 'reference_column': 'maternal_education_No education'}, 'literacy': {'reference': 'Cannot read at all', 'reference_column': 'literacy_Cannot read at all'}, 'wealth_quintile': {'reference': 'Poorest', 'reference_column': 'wealth_quintile_Poorest'}, 'residence': {'reference': 'Rural', 'reference_column': 'residence_Rural'}, 'country_admin_region': {'reference': 'nigeria::01', 'reference_column': 'country_admin_region_nigeria::01'}}"
waz,4,nigeria,country_admin_region_nigeria::13,-0.35864373912878367,0.14420977563727078,-0.6412897055964362,-0.07599777266113122,0.012884039792059794,9513,1343,37,weight_original,cluster_robust_psu,True,"{'child_sex': {'reference': 'Male', 'reference_column': 'child_sex_Male'}, 'maternal_education': {'reference': 'No education', 'reference_column': 'maternal_education_No education'}, 'literacy': {'reference': 'Cannot read at all', 'reference_column': 'literacy_Cannot read at all'}, 'wealth_quintile': {'reference': 'Poorest', 'reference_column': 'wealth_quintile_Poorest'}, 'residence': {'reference': 'Rural', 'reference_column': 'residence_Rural'}, 'country_admin_region': {'reference': 'nigeria::01', 'reference_column': 'country_admin_region_nigeria::01'}}"
waz,4,nigeria,country_admin_region_nigeria::14,-0.42711063912552705,0.14211122709480384,-0.7056435260301352,-0.14857775222091885,0.002651731491759297,9513,1343,37,weight_original,cluster_robust_psu,True,"{'child_sex': {'reference': 'Male', 'reference_column': 'child_sex_Male'}, 'maternal_education': {'reference': 'No education', 'reference_column': 'maternal_education_No education'}, 'literacy': {'reference': 'Cannot read at all', 'reference_column': 'literacy_Cannot read at all'}, 'wealth_quintile': {'reference': 'Poorest', 'reference_column': 'wealth_quintile_Poorest'}, 'residence': {'reference': 'Rural', 'reference_column': 'residence_Rural'}, 'country_admin_region': {'reference': 'nigeria::01', 'reference_column': 'country_admin_region_nigeria::01'}}"
waz,4,nigeria,country_admin_region_nigeria::15,-0.06158111786574998,0.12380614464222393,-0.3042367024292655,0.1810744666977655,0.6189073386077426,9513,1343,37,weight_original,cluster_robust_psu,True,"{'child_sex': {'reference': 'Male', 'reference_column': 'child_sex_Male'}, 'maternal_education': {'reference': 'No education', 'reference_column': 'maternal_education_No education'}, 'literacy': {'reference': 'Cannot read at all', 'reference_column': 'literacy_Cannot read at all'}, 'wealth_quintile': {'reference': 'Poorest', 'reference_column': 'wealth_quintile_Poorest'}, 'residence': {'reference': 'Rural', 'reference_column': 'residence_Rural'}, 'country_admin_region': {'reference': 'nigeria::01', 'reference_column': 'country_admin_region_nigeria::01'}}"
waz,4,nigeria,country_admin_region_nigeria::16,-0.4551787983219909,0.13249011702419192,-0.7148546559969041,-0.19550294064707763,0.0005913131787997994,9513,1343,37,weight_original,cluster_robust_psu,True,"{'child_sex': {'reference': 'Male', 'reference_column': 'child_sex_Male'}, 'maternal_education': {'reference': 'No education', 'reference_column': 'maternal_education_No education'}, 'literacy': {'reference': 'Cannot read at all', 'reference_column': 'literacy_Cannot read at all'}, 'wealth_quintile': {'reference': 'Poorest', 'reference_column': 'wealth_quintile_Poorest'}, 'residence': {'reference': 'Rural', 'reference_column': 'residence_Rural'}, 'country_admin_region': {'reference': 'nigeria::01', 'reference_column': 'country_admin_region_nigeria::01'}}"
waz,4,nigeria,country_admin_region_nigeria::17,-0.09196274121606102,0.1355337357287214,-0.35760398193452453,0.1736784995024025,0.4974402194830352,9513,1343,37,weight_original,cluster_robust_psu,True,"{'child_sex': {'reference': 'Male', 'reference_column': 'child_sex_Male'}, 'maternal_education': {'reference': 'No education', 'reference_column': 'maternal_education_No education'}, 'literacy': {'reference': 'Cannot read at all', 'reference_column': 'literacy_Cannot read at all'}, 'wealth_quintile': {'reference': 'Poorest', 'reference_column': 'wealth_quintile_Poorest'}, 'residence': {'reference': 'Rural', 'reference_column': 'residence_Rural'}, 'country_admin_region': {'reference': 'nigeria::01', 'reference_column': 'country_admin_region_nigeria::01'}}"
waz,4,nigeria,country_admin_region_nigeria::18,-0.2545145533742196,0.13636219329265872,-0.52177954108072,0.012750434332280847,0.06197706194572286,9513,1343,37,weight_original,cluster_robust_psu,True,"{'child_sex': {'reference': 'Male', 'reference_column': 'child_sex_Male'}, 'maternal_education': {'reference': 'No education', 'reference_column': 'maternal_education_No education'}, 'literacy': {'reference': 'Cannot read at all', 'reference_column': 'literacy_Cannot read at all'}, 'wealth_quintile': {'reference': 'Poorest', 'reference_column': 'wealth_quintile_Poorest'}, 'residence': {'reference': 'Rural', 'reference_column': 'residence_Rural'}, 'country_admin_region': {'reference': 'nigeria::01', 'reference_column': 'country_admin_region_nigeria::01'}}"
waz,4,nigeria,country_admin_region_nigeria::19,-0.31416110305263634,0.1203014164688399,-0.5499475466207162,-0.07837465948455641,0.009015923863951305,9513,1343,37,weight_original,cluster_robust_psu,True,"{'child_sex': {'reference': 'Male', 'reference_column': 'child_sex_Male'}, 'maternal_education': {'reference': 'No education', 'reference_column': 'maternal_education_No education'}, 'literacy': {'reference': 'Cannot read at all', 'reference_column': 'literacy_Cannot read at all'}, 'wealth_quintile': {'reference': 'Poorest', 'reference_column': 'wealth_quintile_Poorest'}, 'residence': {'reference': 'Rural', 'reference_column': 'residence_Rural'}, 'country_admin_region': {'reference': 'nigeria::01', 'reference_column': 'country_admin_region_nigeria::01'}}"
waz,4,nigeria,country_admin_region_nigeria::20,-0.5378569167905631,0.1636182306634376,-0.858542756105068,-0.2171710774760583,0.001011646328380758,9513,1343,37,weight_original,cluster_robust_psu,True,"{'child_sex': {'reference': 'Male', 'reference_column': 'child_sex_Male'}, 'maternal_education': {'reference': 'No education', 'reference_column': 'maternal_education_No education'}, 'literacy': {'reference': 'Cannot read at all', 'reference_column': 'literacy_Cannot read at all'}, 'wealth_quintile': {'reference': 'Poorest', 'reference_column': 'wealth_quintile_Poorest'}, 'residence': {'reference': 'Rural', 'reference_column': 'residence_Rural'}, 'country_admin_region': {'reference': 'nigeria::01', 'reference_column': 'country_admin_region_nigeria::01'}}"
waz,4,nigeria,country_admin_region_nigeria::21,0.018382306862278465,0.15466914381093397,-0.2847636445267983,0.3215282582513553,0.9053948142936653,9513,1343,37,weight_original,cluster_robust_psu,True,"{'child_sex': {'reference': 'Male', 'reference_column': 'child_sex_Male'}, 'maternal_education': {'reference': 'No education', 'reference_column': 'maternal_education_No education'}, 'literacy': {'reference': 'Cannot read at all', 'reference_column': 'literacy_Cannot read at all'}, 'wealth_quintile': {'reference': 'Poorest', 'reference_column': 'wealth_quintile_Poorest'}, 'residence': {'reference': 'Rural', 'reference_column': 'residence_Rural'}, 'country_admin_region': {'reference': 'nigeria::01', 'reference_column': 'country_admin_region_nigeria::01'}}"
waz,4,nigeria,country_admin_region_nigeria::22,0.03395086018789178,0.13226445620485996,-0.22528271040840903,0.2931844307841926,0.7974186934527828,9513,1343,37,weight_original,cluster_robust_psu,True,"{'child_sex': {'reference': 'Male', 'reference_column': 'child_sex_Male'}, 'maternal_education': {'reference': 'No education', 'reference_column': 'maternal_education_No education'}, 'literacy': {'reference': 'Cannot read at all', 'reference_column': 'literacy_Cannot read at all'}, 'wealth_quintile': {'reference': 'Poorest', 'reference_column': 'wealth_quintile_Poorest'}, 'residence': {'reference': 'Rural', 'reference_column': 'residence_Rural'}, 'country_admin_region': {'reference': 'nigeria::01', 'reference_column': 'country_admin_region_nigeria::01'}}"
waz,4,nigeria,country_admin_region_nigeria::23,-0.020287587204255646,0.12006676130300238,-0.2556141150985078,0.2150389406899965,0.8658208508245575,9513,1343,37,weight_original,cluster_robust_psu,True,"{'child_sex': {'reference': 'Male', 'reference_column': 'child_sex_Male'}, 'maternal_education': {'reference': 'No education', 'reference_column': 'maternal_education_No education'}, 'literacy': {'reference': 'Cannot read at all', 'reference_column': 'literacy_Cannot read at all'}, 'wealth_quintile': {'reference': 'Poorest', 'reference_column': 'wealth_quintile_Poorest'}, 'residence': {'reference': 'Rural', 'reference_column': 'residence_Rural'}, 'country_admin_region': {'reference': 'nigeria::01', 'reference_column': 'country_admin_region_nigeria::01'}}"
waz,4,nigeria,country_admin_region_nigeria::24,0.35110222466307406,0.12191844193221421,0.11214646942469628,0.5900579799014518,0.003979120310005399,9513,1343,37,weight_original,cluster_robust_psu,True,"{'child_sex': {'reference': 'Male', 'reference_column': 'child_sex_Male'}, 'maternal_education': {'reference': 'No education', 'reference_column': 'maternal_education_No education'}, 'literacy': {'reference': 'Cannot read at all', 'reference_column': 'literacy_Cannot read at all'}, 'wealth_quintile': {'reference': 'Poorest', 'reference_column': 'wealth_quintile_Poorest'}, 'residence': {'reference': 'Rural', 'reference_column': 'residence_Rural'}, 'country_admin_region': {'reference': 'nigeria::01', 'reference_column': 'country_admin_region_nigeria::01'}}"
waz,4,nigeria,country_admin_region_nigeria::25,-0.04496905954233621,0.12701413295634045,-0.2939121856643454,0.203974066579673,0.7233031483572789,9513,1343,37,weight_original,cluster_robust_psu,True,"{'child_sex': {'reference': 'Male', 'reference_column': 'child_sex_Male'}, 'maternal_education': {'reference': 'No education', 'reference_column': 'maternal_education_No education'}, 'literacy': {'reference': 'Cannot read at all', 'reference_column': 'literacy_Cannot read at all'}, 'wealth_quintile': {'reference': 'Poorest', 'reference_column': 'wealth_quintile_Poorest'}, 'residence': {'reference': 'Rural', 'reference_column': 'residence_Rural'}, 'country_admin_region': {'reference': 'nigeria::01', 'reference_column': 'country_admin_region_nigeria::01'}}"
waz,4,nigeria,country_admin_region_nigeria::26,-0.272076599818584,0.13543100007567402,-0.5375164823571464,-0.006636717280021576,0.04454048484057982,9513,1343,37,weight_original,cluster_robust_psu,True,"{'child_sex': {'reference': 'Male', 'reference_column': 'child_sex_Male'}, 'maternal_education': {'reference': 'No education', 'reference_column': 'maternal_education_No education'}, 'literacy': {'reference': 'Cannot read at all', 'reference_column': 'literacy_Cannot read at all'}, 'wealth_quintile': {'reference': 'Poorest', 'reference_column': 'wealth_quintile_Poorest'}, 'residence': {'reference': 'Rural', 'reference_column': 'residence_Rural'}, 'country_admin_region': {'reference': 'nigeria::01', 'reference_column': 'country_admin_region_nigeria::01'}}"
waz,4,nigeria,country_admin_region_nigeria::27,-0.15644245648931582,0.14278305720190065,-0.4362921062075635,0.12340719322893184,0.2732252266165893,9513,1343,37,weight_original,cluster_robust_psu,True,"{'child_sex': {'reference': 'Male', 'reference_column': 'child_sex_Male'}, 'maternal_education': {'reference': 'No education', 'reference_column': 'maternal_education_No education'}, 'literacy': {'reference': 'Cannot read at all', 'reference_column': 'literacy_Cannot read at all'}, 'wealth_quintile': {'reference': 'Poorest', 'reference_column': 'wealth_quintile_Poorest'}, 'residence': {'reference': 'Rural', 'reference_column': 'residence_Rural'}, 'country_admin_region': {'reference': 'nigeria::01', 'reference_column': 'country_admin_region_nigeria::01'}}"
waz,4,nigeria,country_admin_region_nigeria::28,-0.037644655733127586,0.1482834461961658,-0.32827486978109544,0.25298555831484026,0.7995963191332935,9513,1343,37,weight_original,cluster_robust_psu,True,"{'child_sex': {'reference': 'Male', 'reference_column': 'child_sex_Male'}, 'maternal_education': {'reference': 'No education', 'reference_column': 'maternal_education_No education'}, 'literacy': {'reference': 'Cannot read at all', 'reference_column': 'literacy_Cannot read at all'}, 'wealth_quintile': {'reference': 'Poorest', 'reference_column': 'wealth_quintile_Poorest'}, 'residence': {'reference': 'Rural', 'reference_column': 'residence_Rural'}, 'country_admin_region': {'reference': 'nigeria::01', 'reference_column': 'country_admin_region_nigeria::01'}}"
waz,4,nigeria,country_admin_region_nigeria::29,-0.16948614949115126,0.13191648103965392,-0.42803770129613383,0.08906540231383131,0.19886256750559017,9513,1343,37,weight_original,cluster_robust_psu,True,"{'child_sex': {'reference': 'Male', 'reference_column': 'child_sex_Male'}, 'maternal_education': {'reference': 'No education', 'reference_column': 'maternal_education_No education'}, 'literacy': {'reference': 'Cannot read at all', 'reference_column': 'literacy_Cannot read at all'}, 'wealth_quintile': {'reference': 'Poorest', 'reference_column': 'wealth_quintile_Poorest'}, 'residence': {'reference': 'Rural', 'reference_column': 'residence_Rural'}, 'country_admin_region': {'reference': 'nigeria::01', 'reference_column': 'country_admin_region_nigeria::01'}}"
waz,4,nigeria,country_admin_region_nigeria::30,-0.023803781010579905,0.13568809258848305,-0.2897475556149429,0.24213999359378313,0.8607416598980641,9513,1343,37,weight_original,cluster_robust_psu,True,"{'child_sex': {'reference': 'Male', 'reference_column': 'child_sex_Male'}, 'maternal_education': {'reference': 'No education', 'reference_column': 'maternal_education_No education'}, 'literacy': {'reference': 'Cannot read at all', 'reference_column': 'literacy_Cannot read at all'}, 'wealth_quintile': {'reference': 'Poorest', 'reference_column': 'wealth_quintile_Poorest'}, 'residence': {'reference': 'Rural', 'reference_column': 'residence_Rural'}, 'country_admin_region': {'reference': 'nigeria::01', 'reference_column': 'country_admin_region_nigeria::01'}}"
waz,4,nigeria,country_admin_region_nigeria::31,-0.04975918090949049,0.1204441010792832,-0.2858252811751874,0.18630691935620644,0.6795107050881082,9513,1343,37,weight_original,cluster_robust_psu,True,"{'child_sex': {'reference': 'Male', 'reference_column': 'child_sex_Male'}, 'maternal_education': {'reference': 'No education', 'reference_column': 'maternal_education_No education'}, 'literacy': {'reference': 'Cannot read at all', 'reference_column': 'literacy_Cannot read at all'}, 'wealth_quintile': {'reference': 'Poorest', 'reference_column': 'wealth_quintile_Poorest'}, 'residence': {'reference': 'Rural', 'reference_column': 'residence_Rural'}, 'country_admin_region': {'reference': 'nigeria::01', 'reference_column': 'country_admin_region_nigeria::01'}}"
waz,4,nigeria,country_admin_region_nigeria::32,0.016572815633607945,0.14798325379921898,-0.27346903212791135,0.3066146633951273,0.910830419096257,9513,1343,37,weight_original,cluster_robust_psu,True,"{'child_sex': {'reference': 'Male', 'reference_column': 'child_sex_Male'}, 'maternal_education': {'reference': 'No education', 'reference_column': 'maternal_education_No education'}, 'literacy': {'reference': 'Cannot read at all', 'reference_column': 'literacy_Cannot read at all'}, 'wealth_quintile': {'reference': 'Poorest', 'reference_column': 'wealth_quintile_Poorest'}, 'residence': {'reference': 'Rural', 'reference_column': 'residence_Rural'}, 'country_admin_region': {'reference': 'nigeria::01', 'reference_column': 'country_admin_region_nigeria::01'}}"
waz,4,nigeria,country_admin_region_nigeria::33,-0.11297619873192073,0.1687783352154202,-0.4437756571247726,0.2178232596609312,0.5032555370485485,9513,1343,37,weight_original,cluster_robust_psu,True,"{'child_sex': {'reference': 'Male', 'reference_column': 'child_sex_Male'}, 'maternal_education': {'reference': 'No education', 'reference_column': 'maternal_education_No education'}, 'literacy': {'reference': 'Cannot read at all', 'reference_column': 'literacy_Cannot read at all'}, 'wealth_quintile': {'reference': 'Poorest', 'reference_column': 'wealth_quintile_Poorest'}, 'residence': {'reference': 'Rural', 'reference_column': 'residence_Rural'}, 'country_admin_region': {'reference': 'nigeria::01', 'reference_column': 'country_admin_region_nigeria::01'}}"
waz,4,nigeria,country_admin_region_nigeria::34,-0.25838318185867576,0.15328317236527536,-0.5588126791306607,0.04204631541330922,0.09186146947230928,9513,1343,37,weight_original,cluster_robust_psu,True,"{'child_sex': {'reference': 'Male', 'reference_column': 'child_sex_Male'}, 'maternal_education': {'reference': 'No education', 'reference_column': 'maternal_education_No education'}, 'literacy': {'reference': 'Cannot read at all', 'reference_column': 'literacy_Cannot read at all'}, 'wealth_quintile': {'reference': 'Poorest', 'reference_column': 'wealth_quintile_Poorest'}, 'residence': {'reference': 'Rural', 'reference_column': 'residence_Rural'}, 'country_admin_region': {'reference': 'nigeria::01', 'reference_column': 'country_admin_region_nigeria::01'}}"
waz,4,nigeria,country_admin_region_nigeria::35,-0.19400615576039495,0.15452843866228982,-0.4968763301256899,0.10886401860489994,0.20930740107823453,9513,1343,37,weight_original,cluster_robust_psu,True,"{'child_sex': {'reference': 'Male', 'reference_column': 'child_sex_Male'}, 'maternal_education': {'reference': 'No education', 'reference_column': 'maternal_education_No education'}, 'literacy': {'reference': 'Cannot read at all', 'reference_column': 'literacy_Cannot read at all'}, 'wealth_quintile': {'reference': 'Poorest', 'reference_column': 'wealth_quintile_Poorest'}, 'residence': {'reference': 'Rural', 'reference_column': 'residence_Rural'}, 'country_admin_region': {'reference': 'nigeria::01', 'reference_column': 'country_admin_region_nigeria::01'}}"
waz,4,nigeria,country_admin_region_nigeria::36,-0.35132161765152,0.14883329508680979,-0.6430295157220893,-0.05961371958095063,0.018250111827529544,9513,1343,37,weight_original,cluster_robust_psu,True,"{'child_sex': {'reference': 'Male', 'reference_column': 'child_sex_Male'}, 'maternal_education': {'reference': 'No education', 'reference_column': 'maternal_education_No education'}, 'literacy': {'reference': 'Cannot read at all', 'reference_column': 'literacy_Cannot read at all'}, 'wealth_quintile': {'reference': 'Poorest', 'reference_column': 'wealth_quintile_Poorest'}, 'residence': {'reference': 'Rural', 'reference_column': 'residence_Rural'}, 'country_admin_region': {'reference': 'nigeria::01', 'reference_column': 'country_admin_region_nigeria::01'}}"
waz,4,nigeria,country_admin_region_nigeria::37,-0.34492927548896374,0.12596048700296553,-0.5918072934899017,-0.09805125748802573,0.006174030774728732,9513,1343,37,weight_original,cluster_robust_psu,True,"{'child_sex': {'reference': 'Male', 'reference_column': 'child_sex_Male'}, 'maternal_education': {'reference': 'No education', 'reference_column': 'maternal_education_No education'}, 'literacy': {'reference': 'Cannot read at all', 'reference_column': 'literacy_Cannot read at all'}, 'wealth_quintile': {'reference': 'Poorest', 'reference_column': 'wealth_quintile_Poorest'}, 'residence': {'reference': 'Rural', 'reference_column': 'residence_Rural'}, 'country_admin_region': {'reference': 'nigeria::01', 'reference_column': 'country_admin_region_nigeria::01'}}"
whz,1,pooled,const,-0.376415994294864,0.04704517132980814,-0.4686228357478043,-0.2842091528419237,1.2325141598251086e-15,37088,4434,0,model_specific_equal_total_country_weight,cluster_robust_country_psu,False,{}
whz,1,pooled,water_rate_loo,0.03252602903677429,0.05370549810797653,-0.07273481302664372,0.1377868711001923,0.5447559225822818,37088,4434,0,model_specific_equal_total_country_weight,cluster_robust_country_psu,False,{}
whz,1,pooled,sanitation_rate_loo_core,0.12148943106916203,0.04360837511160345,0.03601858642610642,0.20696027571221765,0.005337609322907476,37088,4434,0,model_specific_equal_total_country_weight,cluster_robust_country_psu,False,{}
whz,1,ethiopia,const,-0.29071529033314003,0.11836790397259543,-0.5227121190449227,-0.05871846162135741,0.014048087735540763,5884,787,0,weight_original,cluster_robust_psu,False,{}
whz,1,ethiopia,water_rate_loo,0.06596387583909352,0.12030929302359854,-0.16983800549263559,0.30176575717082266,0.5834956826108985,5884,787,0,weight_original,cluster_robust_psu,False,{}
whz,1,ethiopia,sanitation_rate_loo_core,0.35650067135164865,0.11902419039899327,0.12321754488058376,0.5897837978227135,0.0027426935485425777,5884,787,0,weight_original,cluster_robust_psu,False,{}
whz,1,ghana,const,-0.5375511379765577,0.053175338892910505,-0.6417728870723743,-0.43332938888074113,5.038019821513091e-24,4408,616,0,weight_original,cluster_robust_psu,False,{}
whz,1,ghana,water_rate_loo,0.12265243239751533,0.0764762325578737,-0.0272382290892266,0.27254309388425724,0.10875857529209204,4408,616,0,weight_original,cluster_robust_psu,False,{}
whz,1,ghana,sanitation_rate_loo_core,0.04776943525627127,0.07865460568422851,-0.10639075910301603,0.20192962961555855,0.543630806074622,4408,616,0,weight_original,cluster_robust_psu,False,{}
whz,1,kenya,const,-0.5216380302628992,0.04457700470059057,-0.6090073540147294,-0.434268706511069,1.2455292009243023e-31,17332,1688,0,weight_original,cluster_robust_psu,False,{}
whz,1,kenya,water_rate_loo,0.14651721198991613,0.06351842355654622,0.02202338946432497,0.2710110345155073,0.021072196351481963,17332,1688,0,weight_original,cluster_robust_psu,False,{}
whz,1,kenya,sanitation_rate_loo_core,0.40394362909375064,0.0702116812781014,0.2663312624946667,0.5415559956928346,8.755661208359023e-09,17332,1688,0,weight_original,cluster_robust_psu,False,{}
whz,1,nigeria,const,-0.45217701755142514,0.05142811336082896,-0.552974267531493,-0.35137976757135725,1.4638647297328855e-18,9464,1343,0,weight_original,cluster_robust_psu,False,{}
whz,1,nigeria,water_rate_loo,-0.08458721265223879,0.08306940837554862,-0.247400261285364,0.07822583598088642,0.3085489395259997,9464,1343,0,weight_original,cluster_robust_psu,False,{}
whz,1,nigeria,sanitation_rate_loo_core,0.04912090949963707,0.06456971382493328,-0.07743340408929017,0.17567522308856431,0.4468110328127546,9464,1343,0,weight_original,cluster_robust_psu,False,{}
whz,2,pooled,const,-0.19831192158497088,0.0582297623123647,-0.3124401585455335,-0.08418368462440828,0.0006599955309145082,37088,4434,0,model_specific_equal_total_country_weight,cluster_robust_country_psu,False,"{'child_sex': {'reference': 'Male', 'reference_column': 'child_sex_Male'}}"
whz,2,pooled,water_rate_loo,0.014944695084994106,0.054254546309764236,-0.0913922616797043,0.1212816518496925,0.7829665659032973,37088,4434,0,model_specific_equal_total_country_weight,cluster_robust_country_psu,False,"{'child_sex': {'reference': 'Male', 'reference_column': 'child_sex_Male'}}"
whz,2,pooled,sanitation_rate_loo_core,0.11544872540643737,0.0439392359926463,0.02932940535264457,0.20156804546023016,0.008602414715659513,37088,4434,0,model_specific_equal_total_country_weight,cluster_robust_country_psu,False,"{'child_sex': {'reference': 'Male', 'reference_column': 'child_sex_Male'}}"
whz,2,pooled,b19_raw,-0.004239909533213927,0.0005920188303388001,-0.0054002451188475045,-0.00307957394758035,7.963525703768555e-13,37088,4434,0,model_specific_equal_total_country_weight,cluster_robust_country_psu,False,"{'child_sex': {'reference': 'Male', 'reference_column': 'child_sex_Male'}}"
whz,2,pooled,birth_order_raw,-0.01677803260866313,0.005387134137259548,-0.0273366214975781,-0.0062194437197481585,0.0018427975878770914,37088,4434,0,model_specific_equal_total_country_weight,cluster_robust_country_psu,False,"{'child_sex': {'reference': 'Male', 'reference_column': 'child_sex_Male'}}"
whz,2,pooled,child_sex_Female,0.03185883791010387,0.01989093494831744,-0.007126678207427399,0.07084435402763514,0.1092272217752268,37088,4434,0,model_specific_equal_total_country_weight,cluster_robust_country_psu,False,"{'child_sex': {'reference': 'Male', 'reference_column': 'child_sex_Male'}}"
whz,2,ethiopia,const,-0.2212973204044813,0.16595547914064804,-0.5465640825572396,0.10396944174827705,0.18237629474269246,5884,787,0,weight_original,cluster_robust_psu,False,"{'child_sex': {'reference': 'Male', 'reference_column': 'child_sex_Male'}}"
whz,2,ethiopia,water_rate_loo,0.05687941003091009,0.12485393670841623,-0.1878298092456291,0.3015886293074493,0.6487009363122767,5884,787,0,weight_original,cluster_robust_psu,False,"{'child_sex': {'reference': 'Male', 'reference_column': 'child_sex_Male'}}"
whz,2,ethiopia,sanitation_rate_loo_core,0.3519274977183866,0.12066976559047606,0.11541910313816284,0.5884358922986104,0.003540379601775572,5884,787,0,weight_original,cluster_robust_psu,False,"{'child_sex': {'reference': 'Male', 'reference_column': 'child_sex_Male'}}"
whz,2,ethiopia,b19_raw,-0.0017201951614750782,0.0014385780394184805,-0.004539756307685542,0.0010993659847353856,0.23178993512535617,5884,787,0,weight_original,cluster_robust_psu,False,"{'child_sex': {'reference': 'Male', 'reference_column': 'child_sex_Male'}}"
whz,2,ethiopia,birth_order_raw,-0.005222472792988204,0.014009239541026999,-0.03268007774419556,0.02223513215821915,0.7093064258500323,5884,787,0,weight_original,cluster_robust_psu,False,"{'child_sex': {'reference': 'Male', 'reference_column': 'child_sex_Male'}}"
whz,2,ethiopia,child_sex_Female,0.015472979930579202,0.05270694804765481,-0.08783073997784793,0.11877669983900635,0.769089385304695,5884,787,0,weight_original,cluster_robust_psu,False,"{'child_sex': {'reference': 'Male', 'reference_column': 'child_sex_Male'}}"
whz,2,ghana,const,-0.4798260242648734,0.08716356774005246,-0.6506634777993936,-0.3089885707303533,3.693947101062111e-08,4408,616,0,weight_original,cluster_robust_psu,False,"{'child_sex': {'reference': 'Male', 'reference_column': 'child_sex_Male'}}"
whz,2,ghana,water_rate_loo,0.12161797586823848,0.07604179780706104,-0.027421209153278017,0.270657160889755,0.10974131776757294,4408,616,0,weight_original,cluster_robust_psu,False,"{'child_sex': {'reference': 'Male', 'reference_column': 'child_sex_Male'}}"
whz,2,ghana,sanitation_rate_loo_core,0.06091513542186348,0.08003644979678266,-0.09595342363027867,0.2177836944740056,0.44660186643353883,4408,616,0,weight_original,cluster_robust_psu,False,"{'child_sex': {'reference': 'Male', 'reference_column': 'child_sex_Male'}}"
whz,2,ghana,b19_raw,-0.003669874412807724,0.0015106814862483494,-0.00663075571796593,-0.000708993107649518,0.015128675174670361,4408,616,0,weight_original,cluster_robust_psu,False,"{'child_sex': {'reference': 'Male', 'reference_column': 'child_sex_Male'}}"
whz,2,ghana,birth_order_raw,0.005576883800037335,0.012410882435184333,-0.01874799878928472,0.02990176638935939,0.653176068825631,4408,616,0,weight_original,cluster_robust_psu,False,"{'child_sex': {'reference': 'Male', 'reference_column': 'child_sex_Male'}}"
whz,2,ghana,child_sex_Female,0.0423824618293759,0.04334530119829737,-0.04257276741832779,0.1273376910770796,0.3281797983020144,4408,616,0,weight_original,cluster_robust_psu,False,"{'child_sex': {'reference': 'Male', 'reference_column': 'child_sex_Male'}}"
whz,2,kenya,const,0.03252883333565594,0.0566989514290215,-0.07859906942641204,0.14365673609772392,0.5661631301686205,17332,1688,0,weight_original,cluster_robust_psu,False,"{'child_sex': {'reference': 'Male', 'reference_column': 'child_sex_Male'}}"
whz,2,kenya,water_rate_loo,0.11366022718957239,0.06155661550575876,-0.006988522211894638,0.23430897659103941,0.0648292156857429,17332,1688,0,weight_original,cluster_robust_psu,False,"{'child_sex': {'reference': 'Male', 'reference_column': 'child_sex_Male'}}"
whz,2,kenya,sanitation_rate_loo_core,0.3592813587017207,0.06961745120453379,0.22283366164535984,0.4957290557580815,2.459040057498886e-07,17332,1688,0,weight_original,cluster_robust_psu,False,"{'child_sex': {'reference': 'Male', 'reference_column': 'child_sex_Male'}}"
whz,2,kenya,b19_raw,-0.014843481416810439,0.0006732737970857707,-0.016163073810833078,-0.0135238890227878,1.0269451290364846e-107,17332,1688,0,weight_original,cluster_robust_psu,False,"{'child_sex': {'reference': 'Male', 'reference_column': 'child_sex_Male'}}"
whz,2,kenya,birth_order_raw,-0.03817545371634778,0.006113496561038845,-0.05015768679559339,-0.026193220637102166,4.2528054234754295e-10,17332,1688,0,weight_original,cluster_robust_psu,False,"{'child_sex': {'reference': 'Male', 'reference_column': 'child_sex_Male'}}"
whz,2,kenya,child_sex_Female,0.06852723358480292,0.02355680693218845,0.022356740406950078,0.11469772676265577,0.003625631192368154,17332,1688,0,weight_original,cluster_robust_psu,False,"{'child_sex': {'reference': 'Male', 'reference_column': 'child_sex_Male'}}"
whz,2,nigeria,const,-0.5115394521567928,0.06541752410372367,-0.639755443357872,-0.38332346095571346,5.2987714840725414e-15,9464,1343,0,weight_original,cluster_robust_psu,False,"{'child_sex': {'reference': 'Male', 'reference_column': 'child_sex_Male'}}"
whz,2,nigeria,water_rate_loo,-0.08378535876703967,0.08255885199923903,-0.2455977352905208,0.07802701775644146,0.3101744028873378,9464,1343,0,weight_original,cluster_robust_psu,False,"{'child_sex': {'reference': 'Male', 'reference_column': 'child_sex_Male'}}"
whz,2,nigeria,sanitation_rate_loo_core,0.04062279362325501,0.06464532098683122,-0.08607970727996549,0.1673252945264755,0.5297452406754081,9464,1343,0,weight_original,cluster_robust_psu,False,"{'child_sex': {'reference': 'Male', 'reference_column': 'child_sex_Male'}}"
whz,2,nigeria,b19_raw,0.002882992896424913,0.000824279729883815,0.0012674343126662317,0.004498551480183594,0.0004694815145969256,9464,1343,0,weight_original,cluster_robust_psu,False,"{'child_sex': {'reference': 'Male', 'reference_column': 'child_sex_Male'}}"
whz,2,nigeria,birth_order_raw,-0.0060586066168944325,0.0064203112069214615,-0.018642185351999383,0.006524972118210518,0.3453421672671281,9464,1343,0,weight_original,cluster_robust_psu,False,"{'child_sex': {'reference': 'Male', 'reference_column': 'child_sex_Male'}}"
whz,2,nigeria,child_sex_Female,0.006635333858738795,0.027718336509566358,-0.04769160741137294,0.06096227512885053,0.8108076231870172,9464,1343,0,weight_original,cluster_robust_psu,False,"{'child_sex': {'reference': 'Male', 'reference_column': 'child_sex_Male'}}"
whz,3,pooled,const,-0.26723687138407703,0.09239400818500187,-0.4483257998139797,-0.08614794295417438,0.003823577313308375,37088,4434,0,model_specific_equal_total_country_weight,cluster_robust_country_psu,False,"{'child_sex': {'reference': 'Male', 'reference_column': 'child_sex_Male'}, 'maternal_education': {'reference': 'No education', 'reference_column': 'maternal_education_No education'}, 'literacy': {'reference': 'Cannot read at all', 'reference_column': 'literacy_Cannot read at all'}, 'wealth_quintile': {'reference': 'Poorest', 'reference_column': 'wealth_quintile_Poorest'}, 'residence': {'reference': 'Rural', 'reference_column': 'residence_Rural'}}"
whz,3,pooled,water_rate_loo,-0.042827552579479476,0.05364554645423306,-0.1479708915607467,0.06231578640178773,0.4246714053038969,37088,4434,0,model_specific_equal_total_country_weight,cluster_robust_country_psu,False,"{'child_sex': {'reference': 'Male', 'reference_column': 'child_sex_Male'}, 'maternal_education': {'reference': 'No education', 'reference_column': 'maternal_education_No education'}, 'literacy': {'reference': 'Cannot read at all', 'reference_column': 'literacy_Cannot read at all'}, 'wealth_quintile': {'reference': 'Poorest', 'reference_column': 'wealth_quintile_Poorest'}, 'residence': {'reference': 'Rural', 'reference_column': 'residence_Rural'}}"
whz,3,pooled,sanitation_rate_loo_core,0.013174937725308138,0.04969642317764178,-0.08422826186333135,0.11057813731394761,0.7909259799254934,37088,4434,0,model_specific_equal_total_country_weight,cluster_robust_country_psu,False,"{'child_sex': {'reference': 'Male', 'reference_column': 'child_sex_Male'}, 'maternal_education': {'reference': 'No education', 'reference_column': 'maternal_education_No education'}, 'literacy': {'reference': 'Cannot read at all', 'reference_column': 'literacy_Cannot read at all'}, 'wealth_quintile': {'reference': 'Poorest', 'reference_column': 'wealth_quintile_Poorest'}, 'residence': {'reference': 'Rural', 'reference_column': 'residence_Rural'}}"
whz,3,pooled,b19_raw,-0.00398357153830975,0.0006489926395031176,-0.005255573737967447,-0.002711569338652053,8.352253460423861e-10,37088,4434,0,model_specific_equal_total_country_weight,cluster_robust_country_psu,False,"{'child_sex': {'reference': 'Male', 'reference_column': 'child_sex_Male'}, 'maternal_education': {'reference': 'No education', 'reference_column': 'maternal_education_No education'}, 'literacy': {'reference': 'Cannot read at all', 'reference_column': 'literacy_Cannot read at all'}, 'wealth_quintile': {'reference': 'Poorest', 'reference_column': 'wealth_quintile_Poorest'}, 'residence': {'reference': 'Rural', 'reference_column': 'residence_Rural'}}"
whz,3,pooled,birth_order_raw,0.005247723404896078,0.008810670168028122,-0.012020872804100507,0.022516319613892662,0.5514357835640821,37088,4434,0,model_specific_equal_total_country_weight,cluster_robust_country_psu,False,"{'child_sex': {'reference': 'Male', 'reference_column': 'child_sex_Male'}, 'maternal_education': {'reference': 'No education', 'reference_column': 'maternal_education_No education'}, 'literacy': {'reference': 'Cannot read at all', 'reference_column': 'literacy_Cannot read at all'}, 'wealth_quintile': {'reference': 'Poorest', 'reference_column': 'wealth_quintile_Poorest'}, 'residence': {'reference': 'Rural', 'reference_column': 'residence_Rural'}}"
whz,3,pooled,maternal_age,-0.0024757636037371984,0.0026086537289709616,-0.007588630960656394,0.0026371037531819973,0.34259113099895333,37088,4434,0,model_specific_equal_total_country_weight,cluster_robust_country_psu,False,"{'child_sex': {'reference': 'Male', 'reference_column': 'child_sex_Male'}, 'maternal_education': {'reference': 'No education', 'reference_column': 'maternal_education_No education'}, 'literacy': {'reference': 'Cannot read at all', 'reference_column': 'literacy_Cannot read at all'}, 'wealth_quintile': {'reference': 'Poorest', 'reference_column': 'wealth_quintile_Poorest'}, 'residence': {'reference': 'Rural', 'reference_column': 'residence_Rural'}}"
whz,3,pooled,household_size_raw,-0.007159492168245582,0.003857807625719968,-0.014720656173940697,0.00040167183744953174,0.06347568483086653,37088,4434,0,model_specific_equal_total_country_weight,cluster_robust_country_psu,False,"{'child_sex': {'reference': 'Male', 'reference_column': 'child_sex_Male'}, 'maternal_education': {'reference': 'No education', 'reference_column': 'maternal_education_No education'}, 'literacy': {'reference': 'Cannot read at all', 'reference_column': 'literacy_Cannot read at all'}, 'wealth_quintile': {'reference': 'Poorest', 'reference_column': 'wealth_quintile_Poorest'}, 'residence': {'reference': 'Rural', 'reference_column': 'residence_Rural'}}"
whz,3,pooled,child_sex_Female,0.03472801360881335,0.019634167205468723,-0.003754246980342789,0.0732102741979695,0.07693492080630958,37088,4434,0,model_specific_equal_total_country_weight,cluster_robust_country_psu,False,"{'child_sex': {'reference': 'Male', 'reference_column': 'child_sex_Male'}, 'maternal_education': {'reference': 'No education', 'reference_column': 'maternal_education_No education'}, 'literacy': {'reference': 'Cannot read at all', 'reference_column': 'literacy_Cannot read at all'}, 'wealth_quintile': {'reference': 'Poorest', 'reference_column': 'wealth_quintile_Poorest'}, 'residence': {'reference': 'Rural', 'reference_column': 'residence_Rural'}}"
whz,3,pooled,maternal_education_Higher,0.07945243060286071,0.05778552586148245,-0.03380511891335278,0.1927099801190742,0.16914575630126016,37088,4434,0,model_specific_equal_total_country_weight,cluster_robust_country_psu,False,"{'child_sex': {'reference': 'Male', 'reference_column': 'child_sex_Male'}, 'maternal_education': {'reference': 'No education', 'reference_column': 'maternal_education_No education'}, 'literacy': {'reference': 'Cannot read at all', 'reference_column': 'literacy_Cannot read at all'}, 'wealth_quintile': {'reference': 'Poorest', 'reference_column': 'wealth_quintile_Poorest'}, 'residence': {'reference': 'Rural', 'reference_column': 'residence_Rural'}}"
whz,3,pooled,maternal_education_Primary,0.1301161391943146,0.042803652090304685,0.046222522690534826,0.21400975569809438,0.002367059645766069,37088,4434,0,model_specific_equal_total_country_weight,cluster_robust_country_psu,False,"{'child_sex': {'reference': 'Male', 'reference_column': 'child_sex_Male'}, 'maternal_education': {'reference': 'No education', 'reference_column': 'maternal_education_No education'}, 'literacy': {'reference': 'Cannot read at all', 'reference_column': 'literacy_Cannot read at all'}, 'wealth_quintile': {'reference': 'Poorest', 'reference_column': 'wealth_quintile_Poorest'}, 'residence': {'reference': 'Rural', 'reference_column': 'residence_Rural'}}"
whz,3,pooled,maternal_education_Secondary,-0.04068181314087399,0.04760957128660351,-0.13399485818200915,0.05263123190026117,0.3928345881724775,37088,4434,0,model_specific_equal_total_country_weight,cluster_robust_country_psu,False,"{'child_sex': {'reference': 'Male', 'reference_column': 'child_sex_Male'}, 'maternal_education': {'reference': 'No education', 'reference_column': 'maternal_education_No education'}, 'literacy': {'reference': 'Cannot read at all', 'reference_column': 'literacy_Cannot read at all'}, 'wealth_quintile': {'reference': 'Poorest', 'reference_column': 'wealth_quintile_Poorest'}, 'residence': {'reference': 'Rural', 'reference_column': 'residence_Rural'}}"
whz,3,pooled,literacy_Able to read only parts of sentence,0.032758405231947875,0.04678068168085533,-0.05893004603476124,0.124446856498657,0.4837680827479913,37088,4434,0,model_specific_equal_total_country_weight,cluster_robust_country_psu,False,"{'child_sex': {'reference': 'Male', 'reference_column': 'child_sex_Male'}, 'maternal_education': {'reference': 'No education', 'reference_column': 'maternal_education_No education'}, 'literacy': {'reference': 'Cannot read at all', 'reference_column': 'literacy_Cannot read at all'}, 'wealth_quintile': {'reference': 'Poorest', 'reference_column': 'wealth_quintile_Poorest'}, 'residence': {'reference': 'Rural', 'reference_column': 'residence_Rural'}}"
whz,3,pooled,literacy_Able to read whole sentence,0.14231360174362015,0.043681154184035204,0.05670011273977006,0.22792709074747025,0.0011219677299767966,37088,4434,0,model_specific_equal_total_country_weight,cluster_robust_country_psu,False,"{'child_sex': {'reference': 'Male', 'reference_column': 'child_sex_Male'}, 'maternal_education': {'reference': 'No education', 'reference_column': 'maternal_education_No education'}, 'literacy': {'reference': 'Cannot read at all', 'reference_column': 'literacy_Cannot read at all'}, 'wealth_quintile': {'reference': 'Poorest', 'reference_column': 'wealth_quintile_Poorest'}, 'residence': {'reference': 'Rural', 'reference_column': 'residence_Rural'}}"
whz,3,pooled,literacy_Blind/visually impaired,0.2261367037372862,0.22581545917630796,-0.21645346340065227,0.6687268708752246,0.316622543549548,37088,4434,0,model_specific_equal_total_country_weight,cluster_robust_country_psu,False,"{'child_sex': {'reference': 'Male', 'reference_column': 'child_sex_Male'}, 'maternal_education': {'reference': 'No education', 'reference_column': 'maternal_education_No education'}, 'literacy': {'reference': 'Cannot read at all', 'reference_column': 'literacy_Cannot read at all'}, 'wealth_quintile': {'reference': 'Poorest', 'reference_column': 'wealth_quintile_Poorest'}, 'residence': {'reference': 'Rural', 'reference_column': 'residence_Rural'}}"
whz,3,pooled,literacy_No card with required language,0.5839928572881173,0.2707007280270033,0.05342917976641848,1.1145565348098163,0.03097936983428478,37088,4434,0,model_specific_equal_total_country_weight,cluster_robust_country_psu,False,"{'child_sex': {'reference': 'Male', 'reference_column': 'child_sex_Male'}, 'maternal_education': {'reference': 'No education', 'reference_column': 'maternal_education_No education'}, 'literacy': {'reference': 'Cannot read at all', 'reference_column': 'literacy_Cannot read at all'}, 'wealth_quintile': {'reference': 'Poorest', 'reference_column': 'wealth_quintile_Poorest'}, 'residence': {'reference': 'Rural', 'reference_column': 'residence_Rural'}}"
whz,3,pooled,wealth_quintile_Middle,0.1837821357867001,0.03617107257780531,0.11288813625201732,0.2546761353213829,3.7562169223365856e-07,37088,4434,0,model_specific_equal_total_country_weight,cluster_robust_country_psu,False,"{'child_sex': {'reference': 'Male', 'reference_column': 'child_sex_Male'}, 'maternal_education': {'reference': 'No education', 'reference_column': 'maternal_education_No education'}, 'literacy': {'reference': 'Cannot read at all', 'reference_column': 'literacy_Cannot read at all'}, 'wealth_quintile': {'reference': 'Poorest', 'reference_column': 'wealth_quintile_Poorest'}, 'residence': {'reference': 'Rural', 'reference_column': 'residence_Rural'}}"
whz,3,pooled,wealth_quintile_Poorer,0.1492720317620039,0.03423631156103369,0.0821700941388856,0.2163739693851222,1.3003270195587066e-05,37088,4434,0,model_specific_equal_total_country_weight,cluster_robust_country_psu,False,"{'child_sex': {'reference': 'Male', 'reference_column': 'child_sex_Male'}, 'maternal_education': {'reference': 'No education', 'reference_column': 'maternal_education_No education'}, 'literacy': {'reference': 'Cannot read at all', 'reference_column': 'literacy_Cannot read at all'}, 'wealth_quintile': {'reference': 'Poorest', 'reference_column': 'wealth_quintile_Poorest'}, 'residence': {'reference': 'Rural', 'reference_column': 'residence_Rural'}}"
whz,3,pooled,wealth_quintile_Richer,0.16942357242248937,0.0411769295055288,0.08871827359770823,0.2501288712472705,3.87974792493855e-05,37088,4434,0,model_specific_equal_total_country_weight,cluster_robust_country_psu,False,"{'child_sex': {'reference': 'Male', 'reference_column': 'child_sex_Male'}, 'maternal_education': {'reference': 'No education', 'reference_column': 'maternal_education_No education'}, 'literacy': {'reference': 'Cannot read at all', 'reference_column': 'literacy_Cannot read at all'}, 'wealth_quintile': {'reference': 'Poorest', 'reference_column': 'wealth_quintile_Poorest'}, 'residence': {'reference': 'Rural', 'reference_column': 'residence_Rural'}}"
whz,3,pooled,wealth_quintile_Richest,0.29772013211315806,0.05540698996232836,0.1891244272952222,0.40631583693109397,7.72949763683618e-08,37088,4434,0,model_specific_equal_total_country_weight,cluster_robust_country_psu,False,"{'child_sex': {'reference': 'Male', 'reference_column': 'child_sex_Male'}, 'maternal_education': {'reference': 'No education', 'reference_column': 'maternal_education_No education'}, 'literacy': {'reference': 'Cannot read at all', 'reference_column': 'literacy_Cannot read at all'}, 'wealth_quintile': {'reference': 'Poorest', 'reference_column': 'wealth_quintile_Poorest'}, 'residence': {'reference': 'Rural', 'reference_column': 'residence_Rural'}}"
whz,3,pooled,residence_Urban,-0.11583215007246886,0.039381928070821796,-0.19301931073302656,-0.03864498941191116,0.0032688914051992486,37088,4434,0,model_specific_equal_total_country_weight,cluster_robust_country_psu,False,"{'child_sex': {'reference': 'Male', 'reference_column': 'child_sex_Male'}, 'maternal_education': {'reference': 'No education', 'reference_column': 'maternal_education_No education'}, 'literacy': {'reference': 'Cannot read at all', 'reference_column': 'literacy_Cannot read at all'}, 'wealth_quintile': {'reference': 'Poorest', 'reference_column': 'wealth_quintile_Poorest'}, 'residence': {'reference': 'Rural', 'reference_column': 'residence_Rural'}}"
whz,3,ethiopia,const,-0.45115977006351166,0.2522028666541245,-0.9454683055033535,0.04314876537633011,0.07363471443404057,5884,787,0,weight_original,cluster_robust_psu,False,"{'child_sex': {'reference': 'Male', 'reference_column': 'child_sex_Male'}, 'maternal_education': {'reference': 'No education', 'reference_column': 'maternal_education_No education'}, 'literacy': {'reference': 'Cannot read at all', 'reference_column': 'literacy_Cannot read at all'}, 'wealth_quintile': {'reference': 'Poorest', 'reference_column': 'wealth_quintile_Poorest'}, 'residence': {'reference': 'Rural', 'reference_column': 'residence_Rural'}}"
whz,3,ethiopia,water_rate_loo,-0.04370735262960569,0.12652386389416032,-0.2916895690470076,0.20427486378779625,0.7297579716385325,5884,787,0,weight_original,cluster_robust_psu,False,"{'child_sex': {'reference': 'Male', 'reference_column': 'child_sex_Male'}, 'maternal_education': {'reference': 'No education', 'reference_column': 'maternal_education_No education'}, 'literacy': {'reference': 'Cannot read at all', 'reference_column': 'literacy_Cannot read at all'}, 'wealth_quintile': {'reference': 'Poorest', 'reference_column': 'wealth_quintile_Poorest'}, 'residence': {'reference': 'Rural', 'reference_column': 'residence_Rural'}}"
whz,3,ethiopia,sanitation_rate_loo_core,0.2605435747648895,0.132138899868245,0.0015560900663847965,0.5195310594633942,0.04863927728642259,5884,787,0,weight_original,cluster_robust_psu,False,"{'child_sex': {'reference': 'Male', 'reference_column': 'child_sex_Male'}, 'maternal_education': {'reference': 'No education', 'reference_column': 'maternal_education_No education'}, 'literacy': {'reference': 'Cannot read at all', 'reference_column': 'literacy_Cannot read at all'}, 'wealth_quintile': {'reference': 'Poorest', 'reference_column': 'wealth_quintile_Poorest'}, 'residence': {'reference': 'Rural', 'reference_column': 'residence_Rural'}}"
whz,3,ethiopia,b19_raw,-0.0012234152542065237,0.0016318498487780447,-0.004421782185988625,0.001974951677575577,0.45342897588111375,5884,787,0,weight_original,cluster_robust_psu,False,"{'child_sex': {'reference': 'Male', 'reference_column': 'child_sex_Male'}, 'maternal_education': {'reference': 'No education', 'reference_column': 'maternal_education_No education'}, 'literacy': {'reference': 'Cannot read at all', 'reference_column': 'literacy_Cannot read at all'}, 'wealth_quintile': {'reference': 'Poorest', 'reference_column': 'wealth_quintile_Poorest'}, 'residence': {'reference': 'Rural', 'reference_column': 'residence_Rural'}}"
whz,3,ethiopia,birth_order_raw,-0.000793013740266366,0.02379554314003781,-0.04743142128730962,0.04584539380677689,0.9734145039968418,5884,787,0,weight_original,cluster_robust_psu,False,"{'child_sex': {'reference': 'Male', 'reference_column': 'child_sex_Male'}, 'maternal_education': {'reference': 'No education', 'reference_column': 'maternal_education_No education'}, 'literacy': {'reference': 'Cannot read at all', 'reference_column': 'literacy_Cannot read at all'}, 'wealth_quintile': {'reference': 'Poorest', 'reference_column': 'wealth_quintile_Poorest'}, 'residence': {'reference': 'Rural', 'reference_column': 'residence_Rural'}}"
whz,3,ethiopia,maternal_age,-0.0011568296434006074,0.00712445701897729,-0.015120508809999692,0.012806849523198478,0.8710110059721183,5884,787,0,weight_original,cluster_robust_psu,False,"{'child_sex': {'reference': 'Male', 'reference_column': 'child_sex_Male'}, 'maternal_education': {'reference': 'No education', 'reference_column': 'maternal_education_No education'}, 'literacy': {'reference': 'Cannot read at all', 'reference_column': 'literacy_Cannot read at all'}, 'wealth_quintile': {'reference': 'Poorest', 'reference_column': 'wealth_quintile_Poorest'}, 'residence': {'reference': 'Rural', 'reference_column': 'residence_Rural'}}"
whz,3,ethiopia,household_size_raw,0.022055854438086032,0.01690485964110551,-0.011077061622185469,0.055188770498357534,0.19199332753950693,5884,787,0,weight_original,cluster_robust_psu,False,"{'child_sex': {'reference': 'Male', 'reference_column': 'child_sex_Male'}, 'maternal_education': {'reference': 'No education', 'reference_column': 'maternal_education_No education'}, 'literacy': {'reference': 'Cannot read at all', 'reference_column': 'literacy_Cannot read at all'}, 'wealth_quintile': {'reference': 'Poorest', 'reference_column': 'wealth_quintile_Poorest'}, 'residence': {'reference': 'Rural', 'reference_column': 'residence_Rural'}}"
whz,3,ethiopia,child_sex_Female,0.02019682878961248,0.05178588792285519,-0.08130164644661145,0.12169530402583639,0.6965317991407645,5884,787,0,weight_original,cluster_robust_psu,False,"{'child_sex': {'reference': 'Male', 'reference_column': 'child_sex_Male'}, 'maternal_education': {'reference': 'No education', 'reference_column': 'maternal_education_No education'}, 'literacy': {'reference': 'Cannot read at all', 'reference_column': 'literacy_Cannot read at all'}, 'wealth_quintile': {'reference': 'Poorest', 'reference_column': 'wealth_quintile_Poorest'}, 'residence': {'reference': 'Rural', 'reference_column': 'residence_Rural'}}"
whz,3,ethiopia,maternal_education_Higher,0.390561024335791,0.16845056316044668,0.06040398736582586,0.7207180613057561,0.02041945818757771,5884,787,0,weight_original,cluster_robust_psu,False,"{'child_sex': {'reference': 'Male', 'reference_column': 'child_sex_Male'}, 'maternal_education': {'reference': 'No education', 'reference_column': 'maternal_education_No education'}, 'literacy': {'reference': 'Cannot read at all', 'reference_column': 'literacy_Cannot read at all'}, 'wealth_quintile': {'reference': 'Poorest', 'reference_column': 'wealth_quintile_Poorest'}, 'residence': {'reference': 'Rural', 'reference_column': 'residence_Rural'}}"
whz,3,ethiopia,maternal_education_Primary,0.29946885040120064,0.09984708435263119,0.10377216110871074,0.49516553969369054,0.0027062304393021164,5884,787,0,weight_original,cluster_robust_psu,False,"{'child_sex': {'reference': 'Male', 'reference_column': 'child_sex_Male'}, 'maternal_education': {'reference': 'No education', 'reference_column': 'maternal_education_No education'}, 'literacy': {'reference': 'Cannot read at all', 'reference_column': 'literacy_Cannot read at all'}, 'wealth_quintile': {'reference': 'Poorest', 'reference_column': 'wealth_quintile_Poorest'}, 'residence': {'reference': 'Rural', 'reference_column': 'residence_Rural'}}"
whz,3,ethiopia,maternal_education_Secondary,0.35876802731366764,0.14253710120197108,0.07940044249706346,0.6381356121302718,0.011835377727221211,5884,787,0,weight_original,cluster_robust_psu,False,"{'child_sex': {'reference': 'Male', 'reference_column': 'child_sex_Male'}, 'maternal_education': {'reference': 'No education', 'reference_column': 'maternal_education_No education'}, 'literacy': {'reference': 'Cannot read at all', 'reference_column': 'literacy_Cannot read at all'}, 'wealth_quintile': {'reference': 'Poorest', 'reference_column': 'wealth_quintile_Poorest'}, 'residence': {'reference': 'Rural', 'reference_column': 'residence_Rural'}}"
whz,3,ethiopia,literacy_Able to read only parts of sentence,-0.11404315038417553,0.1061808462806765,-0.32215378494228525,0.09406748417393418,0.28280190829552976,5884,787,0,weight_original,cluster_robust_psu,False,"{'child_sex': {'reference': 'Male', 'reference_column': 'child_sex_Male'}, 'maternal_education': {'reference': 'No education', 'reference_column': 'maternal_education_No education'}, 'literacy': {'reference': 'Cannot read at all', 'reference_column': 'literacy_Cannot read at all'}, 'wealth_quintile': {'reference': 'Poorest', 'reference_column': 'wealth_quintile_Poorest'}, 'residence': {'reference': 'Rural', 'reference_column': 'residence_Rural'}}"
whz,3,ethiopia,literacy_Able to read whole sentence,-0.22100007203081112,0.12706210878718804,-0.47003722905341006,0.02803708499178778,0.08198069813195048,5884,787,0,weight_original,cluster_robust_psu,False,"{'child_sex': {'reference': 'Male', 'reference_column': 'child_sex_Male'}, 'maternal_education': {'reference': 'No education', 'reference_column': 'maternal_education_No education'}, 'literacy': {'reference': 'Cannot read at all', 'reference_column': 'literacy_Cannot read at all'}, 'wealth_quintile': {'reference': 'Poorest', 'reference_column': 'wealth_quintile_Poorest'}, 'residence': {'reference': 'Rural', 'reference_column': 'residence_Rural'}}"
whz,3,ethiopia,literacy_Blind/visually impaired,0.1256994436334425,0.26446464794559144,-0.3926417415239815,0.6440406287908664,0.634574785464787,5884,787,0,weight_original,cluster_robust_psu,False,"{'child_sex': {'reference': 'Male', 'reference_column': 'child_sex_Male'}, 'maternal_education': {'reference': 'No education', 'reference_column': 'maternal_education_No education'}, 'literacy': {'reference': 'Cannot read at all', 'reference_column': 'literacy_Cannot read at all'}, 'wealth_quintile': {'reference': 'Poorest', 'reference_column': 'wealth_quintile_Poorest'}, 'residence': {'reference': 'Rural', 'reference_column': 'residence_Rural'}}"
whz,3,ethiopia,literacy_No card with required language,0.28918817191298324,0.44186200702806183,-0.5768454479986023,1.1552217918245686,0.5128050489450107,5884,787,0,weight_original,cluster_robust_psu,False,"{'child_sex': {'reference': 'Male', 'reference_column': 'child_sex_Male'}, 'maternal_education': {'reference': 'No education', 'reference_column': 'maternal_education_No education'}, 'literacy': {'reference': 'Cannot read at all', 'reference_column': 'literacy_Cannot read at all'}, 'wealth_quintile': {'reference': 'Poorest', 'reference_column': 'wealth_quintile_Poorest'}, 'residence': {'reference': 'Rural', 'reference_column': 'residence_Rural'}}"
whz,3,ethiopia,wealth_quintile_Middle,0.108860893233608,0.09174199507060975,-0.07095011297463828,0.2886718994418543,0.23538611606887683,5884,787,0,weight_original,cluster_robust_psu,False,"{'child_sex': {'reference': 'Male', 'reference_column': 'child_sex_Male'}, 'maternal_education': {'reference': 'No education', 'reference_column': 'maternal_education_No education'}, 'literacy': {'reference': 'Cannot read at all', 'reference_column': 'literacy_Cannot read at all'}, 'wealth_quintile': {'reference': 'Poorest', 'reference_column': 'wealth_quintile_Poorest'}, 'residence': {'reference': 'Rural', 'reference_column': 'residence_Rural'}}"
whz,3,ethiopia,wealth_quintile_Poorer,0.16115382493676458,0.09379222318113797,-0.02267555452820863,0.3449832044017378,0.08576008892847263,5884,787,0,weight_original,cluster_robust_psu,False,"{'child_sex': {'reference': 'Male', 'reference_column': 'child_sex_Male'}, 'maternal_education': {'reference': 'No education', 'reference_column': 'maternal_education_No education'}, 'literacy': {'reference': 'Cannot read at all', 'reference_column': 'literacy_Cannot read at all'}, 'wealth_quintile': {'reference': 'Poorest', 'reference_column': 'wealth_quintile_Poorest'}, 'residence': {'reference': 'Rural', 'reference_column': 'residence_Rural'}}"
whz,3,ethiopia,wealth_quintile_Richer,0.12615689586737006,0.11788269555749832,-0.10488894182582648,0.3572027335605666,0.28453374153204314,5884,787,0,weight_original,cluster_robust_psu,False,"{'child_sex': {'reference': 'Male', 'reference_column': 'child_sex_Male'}, 'maternal_education': {'reference': 'No education', 'reference_column': 'maternal_education_No education'}, 'literacy': {'reference': 'Cannot read at all', 'reference_column': 'literacy_Cannot read at all'}, 'wealth_quintile': {'reference': 'Poorest', 'reference_column': 'wealth_quintile_Poorest'}, 'residence': {'reference': 'Rural', 'reference_column': 'residence_Rural'}}"
whz,3,ethiopia,wealth_quintile_Richest,0.08916312140661317,0.2162559194152382,-0.3346906920908499,0.5130169349040763,0.6801168177646574,5884,787,0,weight_original,cluster_robust_psu,False,"{'child_sex': {'reference': 'Male', 'reference_column': 'child_sex_Male'}, 'maternal_education': {'reference': 'No education', 'reference_column': 'maternal_education_No education'}, 'literacy': {'reference': 'Cannot read at all', 'reference_column': 'literacy_Cannot read at all'}, 'wealth_quintile': {'reference': 'Poorest', 'reference_column': 'wealth_quintile_Poorest'}, 'residence': {'reference': 'Rural', 'reference_column': 'residence_Rural'}}"
whz,3,ethiopia,residence_Urban,0.06135711019965458,0.16301247167450264,-0.25814146331322635,0.3808556837125355,0.7066231215873424,5884,787,0,weight_original,cluster_robust_psu,False,"{'child_sex': {'reference': 'Male', 'reference_column': 'child_sex_Male'}, 'maternal_education': {'reference': 'No education', 'reference_column': 'maternal_education_No education'}, 'literacy': {'reference': 'Cannot read at all', 'reference_column': 'literacy_Cannot read at all'}, 'wealth_quintile': {'reference': 'Poorest', 'reference_column': 'wealth_quintile_Poorest'}, 'residence': {'reference': 'Rural', 'reference_column': 'residence_Rural'}}"
whz,3,ghana,const,-0.3615766134036066,0.1726516450006665,-0.6999676194765078,-0.023185607330705404,0.03623724869279733,4408,616,0,weight_original,cluster_robust_psu,False,"{'child_sex': {'reference': 'Male', 'reference_column': 'child_sex_Male'}, 'maternal_education': {'reference': 'No education', 'reference_column': 'maternal_education_No education'}, 'literacy': {'reference': 'Cannot read at all', 'reference_column': 'literacy_Cannot read at all'}, 'wealth_quintile': {'reference': 'Poorest', 'reference_column': 'wealth_quintile_Poorest'}, 'residence': {'reference': 'Rural', 'reference_column': 'residence_Rural'}}"
whz,3,ghana,water_rate_loo,0.1719280378574355,0.0785181077944454,0.018035374446088798,0.32582070126878215,0.028548832026961804,4408,616,0,weight_original,cluster_robust_psu,False,"{'child_sex': {'reference': 'Male', 'reference_column': 'child_sex_Male'}, 'maternal_education': {'reference': 'No education', 'reference_column': 'maternal_education_No education'}, 'literacy': {'reference': 'Cannot read at all', 'reference_column': 'literacy_Cannot read at all'}, 'wealth_quintile': {'reference': 'Poorest', 'reference_column': 'wealth_quintile_Poorest'}, 'residence': {'reference': 'Rural', 'reference_column': 'residence_Rural'}}"
whz,3,ghana,sanitation_rate_loo_core,0.0029049652551098176,0.10994250844899943,-0.21257839167491965,0.21838832218513932,0.9789202803535755,4408,616,0,weight_original,cluster_robust_psu,False,"{'child_sex': {'reference': 'Male', 'reference_column': 'child_sex_Male'}, 'maternal_education': {'reference': 'No education', 'reference_column': 'maternal_education_No education'}, 'literacy': {'reference': 'Cannot read at all', 'reference_column': 'literacy_Cannot read at all'}, 'wealth_quintile': {'reference': 'Poorest', 'reference_column': 'wealth_quintile_Poorest'}, 'residence': {'reference': 'Rural', 'reference_column': 'residence_Rural'}}"
whz,3,ghana,b19_raw,-0.003422419390307277,0.0015749737241253132,-0.006509311166189814,-0.0003355276144247402,0.029780246187588358,4408,616,0,weight_original,cluster_robust_psu,False,"{'child_sex': {'reference': 'Male', 'reference_column': 'child_sex_Male'}, 'maternal_education': {'reference': 'No education', 'reference_column': 'maternal_education_No education'}, 'literacy': {'reference': 'Cannot read at all', 'reference_column': 'literacy_Cannot read at all'}, 'wealth_quintile': {'reference': 'Poorest', 'reference_column': 'wealth_quintile_Poorest'}, 'residence': {'reference': 'Rural', 'reference_column': 'residence_Rural'}}"
whz,3,ghana,birth_order_raw,0.03203072582051032,0.020049556926875364,-0.007265683662150961,0.07132713530317161,0.11013698397013989,4408,616,0,weight_original,cluster_robust_psu,False,"{'child_sex': {'reference': 'Male', 'reference_column': 'child_sex_Male'}, 'maternal_education': {'reference': 'No education', 'reference_column': 'maternal_education_No education'}, 'literacy': {'reference': 'Cannot read at all', 'reference_column': 'literacy_Cannot read at all'}, 'wealth_quintile': {'reference': 'Poorest', 'reference_column': 'wealth_quintile_Poorest'}, 'residence': {'reference': 'Rural', 'reference_column': 'residence_Rural'}}"
whz,3,ghana,maternal_age,-0.00399947733088922,0.005854278240076055,-0.015473651836914818,0.007474697175136378,0.49449834070947285,4408,616,0,weight_original,cluster_robust_psu,False,"{'child_sex': {'reference': 'Male', 'reference_column': 'child_sex_Male'}, 'maternal_education': {'reference': 'No education', 'reference_column': 'maternal_education_No education'}, 'literacy': {'reference': 'Cannot read at all', 'reference_column': 'literacy_Cannot read at all'}, 'wealth_quintile': {'reference': 'Poorest', 'reference_column': 'wealth_quintile_Poorest'}, 'residence': {'reference': 'Rural', 'reference_column': 'residence_Rural'}}"
whz,3,ghana,household_size_raw,-0.013400030933521977,0.010094528340198543,-0.03318494292123001,0.006384881054186059,0.1843582550741214,4408,616,0,weight_original,cluster_robust_psu,False,"{'child_sex': {'reference': 'Male', 'reference_column': 'child_sex_Male'}, 'maternal_education': {'reference': 'No education', 'reference_column': 'maternal_education_No education'}, 'literacy': {'reference': 'Cannot read at all', 'reference_column': 'literacy_Cannot read at all'}, 'wealth_quintile': {'reference': 'Poorest', 'reference_column': 'wealth_quintile_Poorest'}, 'residence': {'reference': 'Rural', 'reference_column': 'residence_Rural'}}"
whz,3,ghana,child_sex_Female,0.03922028969042924,0.04294876882430439,-0.04495775038554404,0.12339832976640253,0.3611438040304086,4408,616,0,weight_original,cluster_robust_psu,False,"{'child_sex': {'reference': 'Male', 'reference_column': 'child_sex_Male'}, 'maternal_education': {'reference': 'No education', 'reference_column': 'maternal_education_No education'}, 'literacy': {'reference': 'Cannot read at all', 'reference_column': 'literacy_Cannot read at all'}, 'wealth_quintile': {'reference': 'Poorest', 'reference_column': 'wealth_quintile_Poorest'}, 'residence': {'reference': 'Rural', 'reference_column': 'residence_Rural'}}"
whz,3,ghana,maternal_education_Higher,0.325884305245343,0.12724940943492835,0.07648004569889208,0.5752885647917939,0.010437473778773373,4408,616,0,weight_original,cluster_robust_psu,False,"{'child_sex': {'reference': 'Male', 'reference_column': 'child_sex_Male'}, 'maternal_education': {'reference': 'No education', 'reference_column': 'maternal_education_No education'}, 'literacy': {'reference': 'Cannot read at all', 'reference_column': 'literacy_Cannot read at all'}, 'wealth_quintile': {'reference': 'Poorest', 'reference_column': 'wealth_quintile_Poorest'}, 'residence': {'reference': 'Rural', 'reference_column': 'residence_Rural'}}"
whz,3,ghana,maternal_education_Primary,-0.032086481137178366,0.0805817960575844,-0.1900238992195955,0.1258509369452388,0.6904936512284392,4408,616,0,weight_original,cluster_robust_psu,False,"{'child_sex': {'reference': 'Male', 'reference_column': 'child_sex_Male'}, 'maternal_education': {'reference': 'No education', 'reference_column': 'maternal_education_No education'}, 'literacy': {'reference': 'Cannot read at all', 'reference_column': 'literacy_Cannot read at all'}, 'wealth_quintile': {'reference': 'Poorest', 'reference_column': 'wealth_quintile_Poorest'}, 'residence': {'reference': 'Rural', 'reference_column': 'residence_Rural'}}"
whz,3,ghana,maternal_education_Secondary,0.12428312013068028,0.08706178252213614,-0.04635483804256531,0.2949210783039259,0.15342780052315458,4408,616,0,weight_original,cluster_robust_psu,False,"{'child_sex': {'reference': 'Male', 'reference_column': 'child_sex_Male'}, 'maternal_education': {'reference': 'No education', 'reference_column': 'maternal_education_No education'}, 'literacy': {'reference': 'Cannot read at all', 'reference_column': 'literacy_Cannot read at all'}, 'wealth_quintile': {'reference': 'Poorest', 'reference_column': 'wealth_quintile_Poorest'}, 'residence': {'reference': 'Rural', 'reference_column': 'residence_Rural'}}"
whz,3,ghana,literacy_Able to read only parts of sentence,-0.08974061683101732,0.0979232564088961,-0.2816666726413347,0.10218543897930006,0.3594370859574604,4408,616,0,weight_original,cluster_robust_psu,False,"{'child_sex': {'reference': 'Male', 'reference_column': 'child_sex_Male'}, 'maternal_education': {'reference': 'No education', 'reference_column': 'maternal_education_No education'}, 'literacy': {'reference': 'Cannot read at all', 'reference_column': 'literacy_Cannot read at all'}, 'wealth_quintile': {'reference': 'Poorest', 'reference_column': 'wealth_quintile_Poorest'}, 'residence': {'reference': 'Rural', 'reference_column': 'residence_Rural'}}"
whz,3,ghana,literacy_Able to read whole sentence,-0.01901584339372239,0.09444841051652428,-0.20413132640316406,0.16609963961571927,0.8404360352880518,4408,616,0,weight_original,cluster_robust_psu,False,"{'child_sex': {'reference': 'Male', 'reference_column': 'child_sex_Male'}, 'maternal_education': {'reference': 'No education', 'reference_column': 'maternal_education_No education'}, 'literacy': {'reference': 'Cannot read at all', 'reference_column': 'literacy_Cannot read at all'}, 'wealth_quintile': {'reference': 'Poorest', 'reference_column': 'wealth_quintile_Poorest'}, 'residence': {'reference': 'Rural', 'reference_column': 'residence_Rural'}}"
whz,3,ghana,literacy_Blind/visually impaired,-0.08604062445367584,0.3102257083098614,-0.6940718398194324,0.5219905909120807,0.7815125477544467,4408,616,0,weight_original,cluster_robust_psu,False,"{'child_sex': {'reference': 'Male', 'reference_column': 'child_sex_Male'}, 'maternal_education': {'reference': 'No education', 'reference_column': 'maternal_education_No education'}, 'literacy': {'reference': 'Cannot read at all', 'reference_column': 'literacy_Cannot read at all'}, 'wealth_quintile': {'reference': 'Poorest', 'reference_column': 'wealth_quintile_Poorest'}, 'residence': {'reference': 'Rural', 'reference_column': 'residence_Rural'}}"
whz,3,ghana,literacy_No card with required language,0.4550903275504022,0.26162817529432847,-0.05769147336741359,0.9678721284682179,0.08195483502732226,4408,616,0,weight_original,cluster_robust_psu,False,"{'child_sex': {'reference': 'Male', 'reference_column': 'child_sex_Male'}, 'maternal_education': {'reference': 'No education', 'reference_column': 'maternal_education_No education'}, 'literacy': {'reference': 'Cannot read at all', 'reference_column': 'literacy_Cannot read at all'}, 'wealth_quintile': {'reference': 'Poorest', 'reference_column': 'wealth_quintile_Poorest'}, 'residence': {'reference': 'Rural', 'reference_column': 'residence_Rural'}}"
whz,3,ghana,wealth_quintile_Middle,-0.06135467742415707,0.08305263709523288,-0.22413485495188878,0.10142550010357465,0.46006216915164855,4408,616,0,weight_original,cluster_robust_psu,False,"{'child_sex': {'reference': 'Male', 'reference_column': 'child_sex_Male'}, 'maternal_education': {'reference': 'No education', 'reference_column': 'maternal_education_No education'}, 'literacy': {'reference': 'Cannot read at all', 'reference_column': 'literacy_Cannot read at all'}, 'wealth_quintile': {'reference': 'Poorest', 'reference_column': 'wealth_quintile_Poorest'}, 'residence': {'reference': 'Rural', 'reference_column': 'residence_Rural'}}"
whz,3,ghana,wealth_quintile_Poorer,-0.16303277902384078,0.05908522378422291,-0.2788376896594071,-0.047227868388274474,0.005792856884956494,4408,616,0,weight_original,cluster_robust_psu,False,"{'child_sex': {'reference': 'Male', 'reference_column': 'child_sex_Male'}, 'maternal_education': {'reference': 'No education', 'reference_column': 'maternal_education_No education'}, 'literacy': {'reference': 'Cannot read at all', 'reference_column': 'literacy_Cannot read at all'}, 'wealth_quintile': {'reference': 'Poorest', 'reference_column': 'wealth_quintile_Poorest'}, 'residence': {'reference': 'Rural', 'reference_column': 'residence_Rural'}}"
whz,3,ghana,wealth_quintile_Richer,-0.18007877745101253,0.09068312485387538,-0.3578144361701573,-0.0023431187318677382,0.047055256349309925,4408,616,0,weight_original,cluster_robust_psu,False,"{'child_sex': {'reference': 'Male', 'reference_column': 'child_sex_Male'}, 'maternal_education': {'reference': 'No education', 'reference_column': 'maternal_education_No education'}, 'literacy': {'reference': 'Cannot read at all', 'reference_column': 'literacy_Cannot read at all'}, 'wealth_quintile': {'reference': 'Poorest', 'reference_column': 'wealth_quintile_Poorest'}, 'residence': {'reference': 'Rural', 'reference_column': 'residence_Rural'}}"
whz,3,ghana,wealth_quintile_Richest,-0.02290509710322721,0.11544714100510564,-0.24917733559135152,0.2033671413848971,0.8427295130233488,4408,616,0,weight_original,cluster_robust_psu,False,"{'child_sex': {'reference': 'Male', 'reference_column': 'child_sex_Male'}, 'maternal_education': {'reference': 'No education', 'reference_column': 'maternal_education_No education'}, 'literacy': {'reference': 'Cannot read at all', 'reference_column': 'literacy_Cannot read at all'}, 'wealth_quintile': {'reference': 'Poorest', 'reference_column': 'wealth_quintile_Poorest'}, 'residence': {'reference': 'Rural', 'reference_column': 'residence_Rural'}}"
whz,3,ghana,residence_Urban,-0.005780909991615523,0.0544074016189434,-0.11241745765715082,0.10085563767391977,0.9153821992160003,4408,616,0,weight_original,cluster_robust_psu,False,"{'child_sex': {'reference': 'Male', 'reference_column': 'child_sex_Male'}, 'maternal_education': {'reference': 'No education', 'reference_column': 'maternal_education_No education'}, 'literacy': {'reference': 'Cannot read at all', 'reference_column': 'literacy_Cannot read at all'}, 'wealth_quintile': {'reference': 'Poorest', 'reference_column': 'wealth_quintile_Poorest'}, 'residence': {'reference': 'Rural', 'reference_column': 'residence_Rural'}}"
whz,3,kenya,const,-0.6474320793230411,0.08225894919239571,-0.8086566571462469,-0.4862075014998354,3.527800334118391e-15,17332,1688,0,weight_original,cluster_robust_psu,False,"{'child_sex': {'reference': 'Male', 'reference_column': 'child_sex_Male'}, 'maternal_education': {'reference': 'No education', 'reference_column': 'maternal_education_No education'}, 'literacy': {'reference': 'Cannot read at all', 'reference_column': 'literacy_Cannot read at all'}, 'wealth_quintile': {'reference': 'Poorest', 'reference_column': 'wealth_quintile_Poorest'}, 'residence': {'reference': 'Rural', 'reference_column': 'residence_Rural'}}"
whz,3,kenya,water_rate_loo,0.02320636439481548,0.05258141073707147,-0.0798513069061523,0.12626403569578326,0.6589657078402062,17332,1688,0,weight_original,cluster_robust_psu,False,"{'child_sex': {'reference': 'Male', 'reference_column': 'child_sex_Male'}, 'maternal_education': {'reference': 'No education', 'reference_column': 'maternal_education_No education'}, 'literacy': {'reference': 'Cannot read at all', 'reference_column': 'literacy_Cannot read at all'}, 'wealth_quintile': {'reference': 'Poorest', 'reference_column': 'wealth_quintile_Poorest'}, 'residence': {'reference': 'Rural', 'reference_column': 'residence_Rural'}}"
whz,3,kenya,sanitation_rate_loo_core,-0.005438847632263263,0.061405517539115086,-0.12579145046097143,0.11491375519644491,0.9294215678205663,17332,1688,0,weight_original,cluster_robust_psu,False,"{'child_sex': {'reference': 'Male', 'reference_column': 'child_sex_Male'}, 'maternal_education': {'reference': 'No education', 'reference_column': 'maternal_education_No education'}, 'literacy': {'reference': 'Cannot read at all', 'reference_column': 'literacy_Cannot read at all'}, 'wealth_quintile': {'reference': 'Poorest', 'reference_column': 'wealth_quintile_Poorest'}, 'residence': {'reference': 'Rural', 'reference_column': 'residence_Rural'}}"
whz,3,kenya,b19_raw,-0.0151677482528115,0.0007043704370194376,-0.016548288941144334,-0.013787207564478663,7.516978760033271e-103,17332,1688,0,weight_original,cluster_robust_psu,False,"{'child_sex': {'reference': 'Male', 'reference_column': 'child_sex_Male'}, 'maternal_education': {'reference': 'No education', 'reference_column': 'maternal_education_No education'}, 'literacy': {'reference': 'Cannot read at all', 'reference_column': 'literacy_Cannot read at all'}, 'wealth_quintile': {'reference': 'Poorest', 'reference_column': 'wealth_quintile_Poorest'}, 'residence': {'reference': 'Rural', 'reference_column': 'residence_Rural'}}"
whz,3,kenya,birth_order_raw,-0.007667689326195569,0.010087626902506143,-0.027439074744584954,0.012103696092193816,0.44718982865103485,17332,1688,0,weight_original,cluster_robust_psu,False,"{'child_sex': {'reference': 'Male', 'reference_column': 'child_sex_Male'}, 'maternal_education': {'reference': 'No education', 'reference_column': 'maternal_education_No education'}, 'literacy': {'reference': 'Cannot read at all', 'reference_column': 'literacy_Cannot read at all'}, 'wealth_quintile': {'reference': 'Poorest', 'reference_column': 'wealth_quintile_Poorest'}, 'residence': {'reference': 'Rural', 'reference_column': 'residence_Rural'}}"
whz,3,kenya,maternal_age,0.006234337425918358,0.0030362258509791054,0.00028344410906983464,0.012185230742766881,0.0400417387764576,17332,1688,0,weight_original,cluster_robust_psu,False,"{'child_sex': {'reference': 'Male', 'reference_column': 'child_sex_Male'}, 'maternal_education': {'reference': 'No education', 'reference_column': 'maternal_education_No education'}, 'literacy': {'reference': 'Cannot read at all', 'reference_column': 'literacy_Cannot read at all'}, 'wealth_quintile': {'reference': 'Poorest', 'reference_column': 'wealth_quintile_Poorest'}, 'residence': {'reference': 'Rural', 'reference_column': 'residence_Rural'}}"
whz,3,kenya,household_size_raw,-0.00842186313842959,0.005649425334134162,-0.019494533326680708,0.002650807049821527,0.1360279653294047,17332,1688,0,weight_original,cluster_robust_psu,False,"{'child_sex': {'reference': 'Male', 'reference_column': 'child_sex_Male'}, 'maternal_education': {'reference': 'No education', 'reference_column': 'maternal_education_No education'}, 'literacy': {'reference': 'Cannot read at all', 'reference_column': 'literacy_Cannot read at all'}, 'wealth_quintile': {'reference': 'Poorest', 'reference_column': 'wealth_quintile_Poorest'}, 'residence': {'reference': 'Rural', 'reference_column': 'residence_Rural'}}"
whz,3,kenya,child_sex_Female,0.07091428505973602,0.022766236059677352,0.02629328231923133,0.1155352878002407,0.0018401450437771636,17332,1688,0,weight_original,cluster_robust_psu,False,"{'child_sex': {'reference': 'Male', 'reference_column': 'child_sex_Male'}, 'maternal_education': {'reference': 'No education', 'reference_column': 'maternal_education_No education'}, 'literacy': {'reference': 'Cannot read at all', 'reference_column': 'literacy_Cannot read at all'}, 'wealth_quintile': {'reference': 'Poorest', 'reference_column': 'wealth_quintile_Poorest'}, 'residence': {'reference': 'Rural', 'reference_column': 'residence_Rural'}}"
whz,3,kenya,maternal_education_Higher,0.4840999281539646,0.07882469851923034,0.32960635796404536,0.6385934983438838,8.175861119084158e-10,17332,1688,0,weight_original,cluster_robust_psu,False,"{'child_sex': {'reference': 'Male', 'reference_column': 'child_sex_Male'}, 'maternal_education': {'reference': 'No education', 'reference_column': 'maternal_education_No education'}, 'literacy': {'reference': 'Cannot read at all', 'reference_column': 'literacy_Cannot read at all'}, 'wealth_quintile': {'reference': 'Poorest', 'reference_column': 'wealth_quintile_Poorest'}, 'residence': {'reference': 'Rural', 'reference_column': 'residence_Rural'}}"
whz,3,kenya,maternal_education_Primary,0.5124669904609515,0.06342999010206847,0.38814649432116516,0.6367874866007378,6.516426313646808e-16,17332,1688,0,weight_original,cluster_robust_psu,False,"{'child_sex': {'reference': 'Male', 'reference_column': 'child_sex_Male'}, 'maternal_education': {'reference': 'No education', 'reference_column': 'maternal_education_No education'}, 'literacy': {'reference': 'Cannot read at all', 'reference_column': 'literacy_Cannot read at all'}, 'wealth_quintile': {'reference': 'Poorest', 'reference_column': 'wealth_quintile_Poorest'}, 'residence': {'reference': 'Rural', 'reference_column': 'residence_Rural'}}"
whz,3,kenya,maternal_education_Secondary,0.5278286185555059,0.07059197801856125,0.3894708840416827,0.666186353069329,7.593689482777297e-14,17332,1688,0,weight_original,cluster_robust_psu,False,"{'child_sex': {'reference': 'Male', 'reference_column': 'child_sex_Male'}, 'maternal_education': {'reference': 'No education', 'reference_column': 'maternal_education_No education'}, 'literacy': {'reference': 'Cannot read at all', 'reference_column': 'literacy_Cannot read at all'}, 'wealth_quintile': {'reference': 'Poorest', 'reference_column': 'wealth_quintile_Poorest'}, 'residence': {'reference': 'Rural', 'reference_column': 'residence_Rural'}}"
whz,3,kenya,literacy_Able to read only parts of sentence,0.08094503418199209,0.0677783250705886,-0.05189804188880978,0.21378811025279396,0.2323757502955084,17332,1688,0,weight_original,cluster_robust_psu,False,"{'child_sex': {'reference': 'Male', 'reference_column': 'child_sex_Male'}, 'maternal_education': {'reference': 'No education', 'reference_column': 'maternal_education_No education'}, 'literacy': {'reference': 'Cannot read at all', 'reference_column': 'literacy_Cannot read at all'}, 'wealth_quintile': {'reference': 'Poorest', 'reference_column': 'wealth_quintile_Poorest'}, 'residence': {'reference': 'Rural', 'reference_column': 'residence_Rural'}}"
whz,3,kenya,literacy_Able to read whole sentence,0.1525812802574867,0.060268280320484105,0.03445762141917376,0.2707049390957997,0.011351065972888107,17332,1688,0,weight_original,cluster_robust_psu,False,"{'child_sex': {'reference': 'Male', 'reference_column': 'child_sex_Male'}, 'maternal_education': {'reference': 'No education', 'reference_column': 'maternal_education_No education'}, 'literacy': {'reference': 'Cannot read at all', 'reference_column': 'literacy_Cannot read at all'}, 'wealth_quintile': {'reference': 'Poorest', 'reference_column': 'wealth_quintile_Poorest'}, 'residence': {'reference': 'Rural', 'reference_column': 'residence_Rural'}}"
whz,3,kenya,literacy_Blind/visually impaired,0.5368540010512256,0.43448217822018304,-0.3147154201848462,1.3884234222872975,0.21660058986137432,17332,1688,0,weight_original,cluster_robust_psu,False,"{'child_sex': {'reference': 'Male', 'reference_column': 'child_sex_Male'}, 'maternal_education': {'reference': 'No education', 'reference_column': 'maternal_education_No education'}, 'literacy': {'reference': 'Cannot read at all', 'reference_column': 'literacy_Cannot read at all'}, 'wealth_quintile': {'reference': 'Poorest', 'reference_column': 'wealth_quintile_Poorest'}, 'residence': {'reference': 'Rural', 'reference_column': 'residence_Rural'}}"
whz,3,kenya,literacy_No card with required language,0.8255398721369693,0.07924239537594834,0.6702276311514272,0.9808521131225114,2.0542493118135064e-25,17332,1688,0,weight_original,cluster_robust_psu,False,"{'child_sex': {'reference': 'Male', 'reference_column': 'child_sex_Male'}, 'maternal_education': {'reference': 'No education', 'reference_column': 'maternal_education_No education'}, 'literacy': {'reference': 'Cannot read at all', 'reference_column': 'literacy_Cannot read at all'}, 'wealth_quintile': {'reference': 'Poorest', 'reference_column': 'wealth_quintile_Poorest'}, 'residence': {'reference': 'Rural', 'reference_column': 'residence_Rural'}}"
whz,3,kenya,wealth_quintile_Middle,0.2029389654822126,0.04003214062248774,0.12447741163809377,0.2814005193263314,3.990700774546851e-07,17332,1688,0,weight_original,cluster_robust_psu,False,"{'child_sex': {'reference': 'Male', 'reference_column': 'child_sex_Male'}, 'maternal_education': {'reference': 'No education', 'reference_column': 'maternal_education_No education'}, 'literacy': {'reference': 'Cannot read at all', 'reference_column': 'literacy_Cannot read at all'}, 'wealth_quintile': {'reference': 'Poorest', 'reference_column': 'wealth_quintile_Poorest'}, 'residence': {'reference': 'Rural', 'reference_column': 'residence_Rural'}}"
whz,3,kenya,wealth_quintile_Poorer,0.21287160623835016,0.03721172314308089,0.13993796907523598,0.28580524340146435,1.0617837411738491e-08,17332,1688,0,weight_original,cluster_robust_psu,False,"{'child_sex': {'reference': 'Male', 'reference_column': 'child_sex_Male'}, 'maternal_education': {'reference': 'No education', 'reference_column': 'maternal_education_No education'}, 'literacy': {'reference': 'Cannot read at all', 'reference_column': 'literacy_Cannot read at all'}, 'wealth_quintile': {'reference': 'Poorest', 'reference_column': 'wealth_quintile_Poorest'}, 'residence': {'reference': 'Rural', 'reference_column': 'residence_Rural'}}"
whz,3,kenya,wealth_quintile_Richer,0.2673119254679099,0.048129929809712514,0.17297899646243262,0.3616448544733871,2.7926208989191008e-08,17332,1688,0,weight_original,cluster_robust_psu,False,"{'child_sex': {'reference': 'Male', 'reference_column': 'child_sex_Male'}, 'maternal_education': {'reference': 'No education', 'reference_column': 'maternal_education_No education'}, 'literacy': {'reference': 'Cannot read at all', 'reference_column': 'literacy_Cannot read at all'}, 'wealth_quintile': {'reference': 'Poorest', 'reference_column': 'wealth_quintile_Poorest'}, 'residence': {'reference': 'Rural', 'reference_column': 'residence_Rural'}}"
whz,3,kenya,wealth_quintile_Richest,0.4010399125810501,0.06961023645471542,0.2646063561744907,0.5374734689876095,8.350792092621473e-09,17332,1688,0,weight_original,cluster_robust_psu,False,"{'child_sex': {'reference': 'Male', 'reference_column': 'child_sex_Male'}, 'maternal_education': {'reference': 'No education', 'reference_column': 'maternal_education_No education'}, 'literacy': {'reference': 'Cannot read at all', 'reference_column': 'literacy_Cannot read at all'}, 'wealth_quintile': {'reference': 'Poorest', 'reference_column': 'wealth_quintile_Poorest'}, 'residence': {'reference': 'Rural', 'reference_column': 'residence_Rural'}}"
whz,3,kenya,residence_Urban,-0.059420831352347575,0.041426331346796005,-0.1406149488036904,0.021773286098995273,0.15146570944085283,17332,1688,0,weight_original,cluster_robust_psu,False,"{'child_sex': {'reference': 'Male', 'reference_column': 'child_sex_Male'}, 'maternal_education': {'reference': 'No education', 'reference_column': 'maternal_education_No education'}, 'literacy': {'reference': 'Cannot read at all', 'reference_column': 'literacy_Cannot read at all'}, 'wealth_quintile': {'reference': 'Poorest', 'reference_column': 'wealth_quintile_Poorest'}, 'residence': {'reference': 'Rural', 'reference_column': 'residence_Rural'}}"
whz,3,nigeria,const,-0.5104603067075133,0.102166120583871,-0.7107022234920768,-0.3102183899229498,5.841784523894456e-07,9464,1343,0,weight_original,cluster_robust_psu,False,"{'child_sex': {'reference': 'Male', 'reference_column': 'child_sex_Male'}, 'maternal_education': {'reference': 'No education', 'reference_column': 'maternal_education_No education'}, 'literacy': {'reference': 'Cannot read at all', 'reference_column': 'literacy_Cannot read at all'}, 'wealth_quintile': {'reference': 'Poorest', 'reference_column': 'wealth_quintile_Poorest'}, 'residence': {'reference': 'Rural', 'reference_column': 'residence_Rural'}}"
whz,3,nigeria,water_rate_loo,-0.04328544064352477,0.07735629604755889,-0.19490099487415832,0.10833011358710878,0.5757800215944682,9464,1343,0,weight_original,cluster_robust_psu,False,"{'child_sex': {'reference': 'Male', 'reference_column': 'child_sex_Male'}, 'maternal_education': {'reference': 'No education', 'reference_column': 'maternal_education_No education'}, 'literacy': {'reference': 'Cannot read at all', 'reference_column': 'literacy_Cannot read at all'}, 'wealth_quintile': {'reference': 'Poorest', 'reference_column': 'wealth_quintile_Poorest'}, 'residence': {'reference': 'Rural', 'reference_column': 'residence_Rural'}}"
whz,3,nigeria,sanitation_rate_loo_core,0.12220340779998268,0.07633139873700782,-0.027403384614118814,0.2718102002140842,0.1093860932378367,9464,1343,0,weight_original,cluster_robust_psu,False,"{'child_sex': {'reference': 'Male', 'reference_column': 'child_sex_Male'}, 'maternal_education': {'reference': 'No education', 'reference_column': 'maternal_education_No education'}, 'literacy': {'reference': 'Cannot read at all', 'reference_column': 'literacy_Cannot read at all'}, 'wealth_quintile': {'reference': 'Poorest', 'reference_column': 'wealth_quintile_Poorest'}, 'residence': {'reference': 'Rural', 'reference_column': 'residence_Rural'}}"
whz,3,nigeria,b19_raw,0.003255411240552337,0.0008483259485425523,0.0015927229342581552,0.004918099546846518,0.00012431684847807176,9464,1343,0,weight_original,cluster_robust_psu,False,"{'child_sex': {'reference': 'Male', 'reference_column': 'child_sex_Male'}, 'maternal_education': {'reference': 'No education', 'reference_column': 'maternal_education_No education'}, 'literacy': {'reference': 'Cannot read at all', 'reference_column': 'literacy_Cannot read at all'}, 'wealth_quintile': {'reference': 'Poorest', 'reference_column': 'wealth_quintile_Poorest'}, 'residence': {'reference': 'Rural', 'reference_column': 'residence_Rural'}}"
whz,3,nigeria,birth_order_raw,-0.00035080210142870907,0.00913782523092951,-0.018260610451071954,0.017559006248214534,0.9693766474992681,9464,1343,0,weight_original,cluster_robust_psu,False,"{'child_sex': {'reference': 'Male', 'reference_column': 'child_sex_Male'}, 'maternal_education': {'reference': 'No education', 'reference_column': 'maternal_education_No education'}, 'literacy': {'reference': 'Cannot read at all', 'reference_column': 'literacy_Cannot read at all'}, 'wealth_quintile': {'reference': 'Poorest', 'reference_column': 'wealth_quintile_Poorest'}, 'residence': {'reference': 'Rural', 'reference_column': 'residence_Rural'}}"
whz,3,nigeria,maternal_age,-0.005200664697867652,0.0032240380279129344,-0.011519663117364545,0.0011183337216292407,0.10672487556498927,9464,1343,0,weight_original,cluster_robust_psu,False,"{'child_sex': {'reference': 'Male', 'reference_column': 'child_sex_Male'}, 'maternal_education': {'reference': 'No education', 'reference_column': 'maternal_education_No education'}, 'literacy': {'reference': 'Cannot read at all', 'reference_column': 'literacy_Cannot read at all'}, 'wealth_quintile': {'reference': 'Poorest', 'reference_column': 'wealth_quintile_Poorest'}, 'residence': {'reference': 'Rural', 'reference_column': 'residence_Rural'}}"
whz,3,nigeria,household_size_raw,0.002863883662059976,0.004565090154686945,-0.0060835286273048204,0.011811295951424772,0.5304335168505677,9464,1343,0,weight_original,cluster_robust_psu,False,"{'child_sex': {'reference': 'Male', 'reference_column': 'child_sex_Male'}, 'maternal_education': {'reference': 'No education', 'reference_column': 'maternal_education_No education'}, 'literacy': {'reference': 'Cannot read at all', 'reference_column': 'literacy_Cannot read at all'}, 'wealth_quintile': {'reference': 'Poorest', 'reference_column': 'wealth_quintile_Poorest'}, 'residence': {'reference': 'Rural', 'reference_column': 'residence_Rural'}}"
whz,3,nigeria,child_sex_Female,0.010231758426624216,0.027472179671705753,-0.043612724306732464,0.0640762411599809,0.70956473948648,9464,1343,0,weight_original,cluster_robust_psu,False,"{'child_sex': {'reference': 'Male', 'reference_column': 'child_sex_Male'}, 'maternal_education': {'reference': 'No education', 'reference_column': 'maternal_education_No education'}, 'literacy': {'reference': 'Cannot read at all', 'reference_column': 'literacy_Cannot read at all'}, 'wealth_quintile': {'reference': 'Poorest', 'reference_column': 'wealth_quintile_Poorest'}, 'residence': {'reference': 'Rural', 'reference_column': 'residence_Rural'}}"
whz,3,nigeria,maternal_education_Higher,0.10097504273464201,0.08424777763967896,-0.06414756721666763,0.26609765268595165,0.23070357568442235,9464,1343,0,weight_original,cluster_robust_psu,False,"{'child_sex': {'reference': 'Male', 'reference_column': 'child_sex_Male'}, 'maternal_education': {'reference': 'No education', 'reference_column': 'maternal_education_No education'}, 'literacy': {'reference': 'Cannot read at all', 'reference_column': 'literacy_Cannot read at all'}, 'wealth_quintile': {'reference': 'Poorest', 'reference_column': 'wealth_quintile_Poorest'}, 'residence': {'reference': 'Rural', 'reference_column': 'residence_Rural'}}"
whz,3,nigeria,maternal_education_Primary,0.06600373715775429,0.05878025637874377,-0.049203448346614276,0.18121092266212285,0.2614843952332332,9464,1343,0,weight_original,cluster_robust_psu,False,"{'child_sex': {'reference': 'Male', 'reference_column': 'child_sex_Male'}, 'maternal_education': {'reference': 'No education', 'reference_column': 'maternal_education_No education'}, 'literacy': {'reference': 'Cannot read at all', 'reference_column': 'literacy_Cannot read at all'}, 'wealth_quintile': {'reference': 'Poorest', 'reference_column': 'wealth_quintile_Poorest'}, 'residence': {'reference': 'Rural', 'reference_column': 'residence_Rural'}}"
whz,3,nigeria,maternal_education_Secondary,-0.10918201418871945,0.06093650819189798,-0.22861537558846945,0.010251347211030548,0.07317558385397946,9464,1343,0,weight_original,cluster_robust_psu,False,"{'child_sex': {'reference': 'Male', 'reference_column': 'child_sex_Male'}, 'maternal_education': {'reference': 'No education', 'reference_column': 'maternal_education_No education'}, 'literacy': {'reference': 'Cannot read at all', 'reference_column': 'literacy_Cannot read at all'}, 'wealth_quintile': {'reference': 'Poorest', 'reference_column': 'wealth_quintile_Poorest'}, 'residence': {'reference': 'Rural', 'reference_column': 'residence_Rural'}}"
whz,3,nigeria,literacy_Able to read only parts of sentence,0.05926539199673843,0.06381382712900688,-0.06580741089178009,0.18433819488525693,0.3530324709651912,9464,1343,0,weight_original,cluster_robust_psu,False,"{'child_sex': {'reference': 'Male', 'reference_column': 'child_sex_Male'}, 'maternal_education': {'reference': 'No education', 'reference_column': 'maternal_education_No education'}, 'literacy': {'reference': 'Cannot read at all', 'reference_column': 'literacy_Cannot read at all'}, 'wealth_quintile': {'reference': 'Poorest', 'reference_column': 'wealth_quintile_Poorest'}, 'residence': {'reference': 'Rural', 'reference_column': 'residence_Rural'}}"
whz,3,nigeria,literacy_Able to read whole sentence,0.0697755769796126,0.06022363758240793,-0.04826058369989979,0.187811737659125,0.24661608307785687,9464,1343,0,weight_original,cluster_robust_psu,False,"{'child_sex': {'reference': 'Male', 'reference_column': 'child_sex_Male'}, 'maternal_education': {'reference': 'No education', 'reference_column': 'maternal_education_No education'}, 'literacy': {'reference': 'Cannot read at all', 'reference_column': 'literacy_Cannot read at all'}, 'wealth_quintile': {'reference': 'Poorest', 'reference_column': 'wealth_quintile_Poorest'}, 'residence': {'reference': 'Rural', 'reference_column': 'residence_Rural'}}"
whz,3,nigeria,literacy_Blind/visually impaired,-0.24130503952558285,0.21984192501823402,-0.6721872948532766,0.1895772158021109,0.27236619201670764,9464,1343,0,weight_original,cluster_robust_psu,False,"{'child_sex': {'reference': 'Male', 'reference_column': 'child_sex_Male'}, 'maternal_education': {'reference': 'No education', 'reference_column': 'maternal_education_No education'}, 'literacy': {'reference': 'Cannot read at all', 'reference_column': 'literacy_Cannot read at all'}, 'wealth_quintile': {'reference': 'Poorest', 'reference_column': 'wealth_quintile_Poorest'}, 'residence': {'reference': 'Rural', 'reference_column': 'residence_Rural'}}"
whz,3,nigeria,literacy_No card with required language,0.9068042823612612,0.47546151856098356,-0.02508317005298899,1.8386917347755114,0.056493584315779936,9464,1343,0,weight_original,cluster_robust_psu,False,"{'child_sex': {'reference': 'Male', 'reference_column': 'child_sex_Male'}, 'maternal_education': {'reference': 'No education', 'reference_column': 'maternal_education_No education'}, 'literacy': {'reference': 'Cannot read at all', 'reference_column': 'literacy_Cannot read at all'}, 'wealth_quintile': {'reference': 'Poorest', 'reference_column': 'wealth_quintile_Poorest'}, 'residence': {'reference': 'Rural', 'reference_column': 'residence_Rural'}}"
whz,3,nigeria,wealth_quintile_Middle,0.1343959586165875,0.059535362790326916,0.017708791741020705,0.25108312549215434,0.023982220706821922,9464,1343,0,weight_original,cluster_robust_psu,False,"{'child_sex': {'reference': 'Male', 'reference_column': 'child_sex_Male'}, 'maternal_education': {'reference': 'No education', 'reference_column': 'maternal_education_No education'}, 'literacy': {'reference': 'Cannot read at all', 'reference_column': 'literacy_Cannot read at all'}, 'wealth_quintile': {'reference': 'Poorest', 'reference_column': 'wealth_quintile_Poorest'}, 'residence': {'reference': 'Rural', 'reference_column': 'residence_Rural'}}"
whz,3,nigeria,wealth_quintile_Poorer,0.15230202417699254,0.05283731816677004,0.04874278353043934,0.25586126482354576,0.003945697658007551,9464,1343,0,weight_original,cluster_robust_psu,False,"{'child_sex': {'reference': 'Male', 'reference_column': 'child_sex_Male'}, 'maternal_education': {'reference': 'No education', 'reference_column': 'maternal_education_No education'}, 'literacy': {'reference': 'Cannot read at all', 'reference_column': 'literacy_Cannot read at all'}, 'wealth_quintile': {'reference': 'Poorest', 'reference_column': 'wealth_quintile_Poorest'}, 'residence': {'reference': 'Rural', 'reference_column': 'residence_Rural'}}"
whz,3,nigeria,wealth_quintile_Richer,0.02425617261930349,0.07112943746410125,-0.11515496305092898,0.16366730828953596,0.7330926334422503,9464,1343,0,weight_original,cluster_robust_psu,False,"{'child_sex': {'reference': 'Male', 'reference_column': 'child_sex_Male'}, 'maternal_education': {'reference': 'No education', 'reference_column': 'maternal_education_No education'}, 'literacy': {'reference': 'Cannot read at all', 'reference_column': 'literacy_Cannot read at all'}, 'wealth_quintile': {'reference': 'Poorest', 'reference_column': 'wealth_quintile_Poorest'}, 'residence': {'reference': 'Rural', 'reference_column': 'residence_Rural'}}"
whz,3,nigeria,wealth_quintile_Richest,0.0490540116812086,0.08103476225640432,-0.10977120383710962,0.2078792271995268,0.5449495944183176,9464,1343,0,weight_original,cluster_robust_psu,False,"{'child_sex': {'reference': 'Male', 'reference_column': 'child_sex_Male'}, 'maternal_education': {'reference': 'No education', 'reference_column': 'maternal_education_No education'}, 'literacy': {'reference': 'Cannot read at all', 'reference_column': 'literacy_Cannot read at all'}, 'wealth_quintile': {'reference': 'Poorest', 'reference_column': 'wealth_quintile_Poorest'}, 'residence': {'reference': 'Rural', 'reference_column': 'residence_Rural'}}"
whz,3,nigeria,residence_Urban,-0.15334147399269776,0.04420849976735449,-0.23998854134725994,-0.0666944066381356,0.00052318342823439,9464,1343,0,weight_original,cluster_robust_psu,False,"{'child_sex': {'reference': 'Male', 'reference_column': 'child_sex_Male'}, 'maternal_education': {'reference': 'No education', 'reference_column': 'maternal_education_No education'}, 'literacy': {'reference': 'Cannot read at all', 'reference_column': 'literacy_Cannot read at all'}, 'wealth_quintile': {'reference': 'Poorest', 'reference_column': 'wealth_quintile_Poorest'}, 'residence': {'reference': 'Rural', 'reference_column': 'residence_Rural'}}"
whz,4,pooled,const,-0.3622890070922631,0.10588370830653387,-0.5698172619226141,-0.15476075226191213,0.000622596419522558,37088,4434,114,model_specific_equal_total_country_weight,cluster_robust_country_psu,True,"{'child_sex': {'reference': 'Male', 'reference_column': 'child_sex_Male'}, 'maternal_education': {'reference': 'No education', 'reference_column': 'maternal_education_No education'}, 'literacy': {'reference': 'Cannot read at all', 'reference_column': 'literacy_Cannot read at all'}, 'wealth_quintile': {'reference': 'Poorest', 'reference_column': 'wealth_quintile_Poorest'}, 'residence': {'reference': 'Rural', 'reference_column': 'residence_Rural'}, 'country_admin_region': {'reference': 'ethiopia::01', 'reference_column': 'country_admin_region_ethiopia::01'}}"
whz,4,pooled,water_rate_loo,0.05652087938430458,0.05026342521142829,-0.04199362376971743,0.15503538253832658,0.26080385767033254,37088,4434,114,model_specific_equal_total_country_weight,cluster_robust_country_psu,True,"{'child_sex': {'reference': 'Male', 'reference_column': 'child_sex_Male'}, 'maternal_education': {'reference': 'No education', 'reference_column': 'maternal_education_No education'}, 'literacy': {'reference': 'Cannot read at all', 'reference_column': 'literacy_Cannot read at all'}, 'wealth_quintile': {'reference': 'Poorest', 'reference_column': 'wealth_quintile_Poorest'}, 'residence': {'reference': 'Rural', 'reference_column': 'residence_Rural'}, 'country_admin_region': {'reference': 'ethiopia::01', 'reference_column': 'country_admin_region_ethiopia::01'}}"
whz,4,pooled,sanitation_rate_loo_core,0.0763404015834859,0.054925090239312406,-0.03131079713317887,0.18399160030015066,0.16455914244773762,37088,4434,114,model_specific_equal_total_country_weight,cluster_robust_country_psu,True,"{'child_sex': {'reference': 'Male', 'reference_column': 'child_sex_Male'}, 'maternal_education': {'reference': 'No education', 'reference_column': 'maternal_education_No education'}, 'literacy': {'reference': 'Cannot read at all', 'reference_column': 'literacy_Cannot read at all'}, 'wealth_quintile': {'reference': 'Poorest', 'reference_column': 'wealth_quintile_Poorest'}, 'residence': {'reference': 'Rural', 'reference_column': 'residence_Rural'}, 'country_admin_region': {'reference': 'ethiopia::01', 'reference_column': 'country_admin_region_ethiopia::01'}}"
whz,4,pooled,b19_raw,-0.004188331372613249,0.0006508746764566999,-0.005464022296917542,-0.002912640448308957,1.2353225724276432e-10,37088,4434,114,model_specific_equal_total_country_weight,cluster_robust_country_psu,True,"{'child_sex': {'reference': 'Male', 'reference_column': 'child_sex_Male'}, 'maternal_education': {'reference': 'No education', 'reference_column': 'maternal_education_No education'}, 'literacy': {'reference': 'Cannot read at all', 'reference_column': 'literacy_Cannot read at all'}, 'wealth_quintile': {'reference': 'Poorest', 'reference_column': 'wealth_quintile_Poorest'}, 'residence': {'reference': 'Rural', 'reference_column': 'residence_Rural'}, 'country_admin_region': {'reference': 'ethiopia::01', 'reference_column': 'country_admin_region_ethiopia::01'}}"
whz,4,pooled,birth_order_raw,-0.0031747215613428486,0.008411323253057813,-0.01966061219966045,0.01331116907697475,0.7058509110866795,37088,4434,114,model_specific_equal_total_country_weight,cluster_robust_country_psu,True,"{'child_sex': {'reference': 'Male', 'reference_column': 'child_sex_Male'}, 'maternal_education': {'reference': 'No education', 'reference_column': 'maternal_education_No education'}, 'literacy': {'reference': 'Cannot read at all', 'reference_column': 'literacy_Cannot read at all'}, 'wealth_quintile': {'reference': 'Poorest', 'reference_column': 'wealth_quintile_Poorest'}, 'residence': {'reference': 'Rural', 'reference_column': 'residence_Rural'}, 'country_admin_region': {'reference': 'ethiopia::01', 'reference_column': 'country_admin_region_ethiopia::01'}}"
whz,4,pooled,maternal_age,0.00044206495102550297,0.0026043147455542884,-0.004662298154667497,0.005546428056718503,0.8652120281877502,37088,4434,114,model_specific_equal_total_country_weight,cluster_robust_country_psu,True,"{'child_sex': {'reference': 'Male', 'reference_column': 'child_sex_Male'}, 'maternal_education': {'reference': 'No education', 'reference_column': 'maternal_education_No education'}, 'literacy': {'reference': 'Cannot read at all', 'reference_column': 'literacy_Cannot read at all'}, 'wealth_quintile': {'reference': 'Poorest', 'reference_column': 'wealth_quintile_Poorest'}, 'residence': {'reference': 'Rural', 'reference_column': 'residence_Rural'}, 'country_admin_region': {'reference': 'ethiopia::01', 'reference_column': 'country_admin_region_ethiopia::01'}}"
whz,4,pooled,household_size_raw,0.000712183576798969,0.004035723194445035,-0.007197688535886238,0.008622055689484176,0.8599248117459748,37088,4434,114,model_specific_equal_total_country_weight,cluster_robust_country_psu,True,"{'child_sex': {'reference': 'Male', 'reference_column': 'child_sex_Male'}, 'maternal_education': {'reference': 'No education', 'reference_column': 'maternal_education_No education'}, 'literacy': {'reference': 'Cannot read at all', 'reference_column': 'literacy_Cannot read at all'}, 'wealth_quintile': {'reference': 'Poorest', 'reference_column': 'wealth_quintile_Poorest'}, 'residence': {'reference': 'Rural', 'reference_column': 'residence_Rural'}, 'country_admin_region': {'reference': 'ethiopia::01', 'reference_column': 'country_admin_region_ethiopia::01'}}"
whz,4,pooled,child_sex_Female,0.03784449089927827,0.019199659592707145,0.00021384958214330785,0.07547513221641323,0.048712189319525735,37088,4434,114,model_specific_equal_total_country_weight,cluster_robust_country_psu,True,"{'child_sex': {'reference': 'Male', 'reference_column': 'child_sex_Male'}, 'maternal_education': {'reference': 'No education', 'reference_column': 'maternal_education_No education'}, 'literacy': {'reference': 'Cannot read at all', 'reference_column': 'literacy_Cannot read at all'}, 'wealth_quintile': {'reference': 'Poorest', 'reference_column': 'wealth_quintile_Poorest'}, 'residence': {'reference': 'Rural', 'reference_column': 'residence_Rural'}, 'country_admin_region': {'reference': 'ethiopia::01', 'reference_column': 'country_admin_region_ethiopia::01'}}"
whz,4,pooled,maternal_education_Higher,0.16123021254732728,0.058965180793186675,0.04566058185078846,0.2767998432438661,0.00625075252850337,37088,4434,114,model_specific_equal_total_country_weight,cluster_robust_country_psu,True,"{'child_sex': {'reference': 'Male', 'reference_column': 'child_sex_Male'}, 'maternal_education': {'reference': 'No education', 'reference_column': 'maternal_education_No education'}, 'literacy': {'reference': 'Cannot read at all', 'reference_column': 'literacy_Cannot read at all'}, 'wealth_quintile': {'reference': 'Poorest', 'reference_column': 'wealth_quintile_Poorest'}, 'residence': {'reference': 'Rural', 'reference_column': 'residence_Rural'}, 'country_admin_region': {'reference': 'ethiopia::01', 'reference_column': 'country_admin_region_ethiopia::01'}}"
whz,4,pooled,maternal_education_Primary,0.06761823325310516,0.04407913998192579,-0.01877529358096891,0.15401176008717923,0.12502500640499842,37088,4434,114,model_specific_equal_total_country_weight,cluster_robust_country_psu,True,"{'child_sex': {'reference': 'Male', 'reference_column': 'child_sex_Male'}, 'maternal_education': {'reference': 'No education', 'reference_column': 'maternal_education_No education'}, 'literacy': {'reference': 'Cannot read at all', 'reference_column': 'literacy_Cannot read at all'}, 'wealth_quintile': {'reference': 'Poorest', 'reference_column': 'wealth_quintile_Poorest'}, 'residence': {'reference': 'Rural', 'reference_column': 'residence_Rural'}, 'country_admin_region': {'reference': 'ethiopia::01', 'reference_column': 'country_admin_region_ethiopia::01'}}"
whz,4,pooled,maternal_education_Secondary,0.06755985076972629,0.04978431940809097,-0.03001562226497044,0.16513532380442303,0.1747650679359951,37088,4434,114,model_specific_equal_total_country_weight,cluster_robust_country_psu,True,"{'child_sex': {'reference': 'Male', 'reference_column': 'child_sex_Male'}, 'maternal_education': {'reference': 'No education', 'reference_column': 'maternal_education_No education'}, 'literacy': {'reference': 'Cannot read at all', 'reference_column': 'literacy_Cannot read at all'}, 'wealth_quintile': {'reference': 'Poorest', 'reference_column': 'wealth_quintile_Poorest'}, 'residence': {'reference': 'Rural', 'reference_column': 'residence_Rural'}, 'country_admin_region': {'reference': 'ethiopia::01', 'reference_column': 'country_admin_region_ethiopia::01'}}"
whz,4,pooled,literacy_Able to read only parts of sentence,-0.004550948799766801,0.04609085856730133,-0.0948873716082068,0.08578547400867319,0.9213457866025189,37088,4434,114,model_specific_equal_total_country_weight,cluster_robust_country_psu,True,"{'child_sex': {'reference': 'Male', 'reference_column': 'child_sex_Male'}, 'maternal_education': {'reference': 'No education', 'reference_column': 'maternal_education_No education'}, 'literacy': {'reference': 'Cannot read at all', 'reference_column': 'literacy_Cannot read at all'}, 'wealth_quintile': {'reference': 'Poorest', 'reference_column': 'wealth_quintile_Poorest'}, 'residence': {'reference': 'Rural', 'reference_column': 'residence_Rural'}, 'country_admin_region': {'reference': 'ethiopia::01', 'reference_column': 'country_admin_region_ethiopia::01'}}"
whz,4,pooled,literacy_Able to read whole sentence,0.009983276800759002,0.04614943600678325,-0.08046795567937214,0.10043450928089014,0.8287344222517915,37088,4434,114,model_specific_equal_total_country_weight,cluster_robust_country_psu,True,"{'child_sex': {'reference': 'Male', 'reference_column': 'child_sex_Male'}, 'maternal_education': {'reference': 'No education', 'reference_column': 'maternal_education_No education'}, 'literacy': {'reference': 'Cannot read at all', 'reference_column': 'literacy_Cannot read at all'}, 'wealth_quintile': {'reference': 'Poorest', 'reference_column': 'wealth_quintile_Poorest'}, 'residence': {'reference': 'Rural', 'reference_column': 'residence_Rural'}, 'country_admin_region': {'reference': 'ethiopia::01', 'reference_column': 'country_admin_region_ethiopia::01'}}"
whz,4,pooled,literacy_Blind/visually impaired,-0.044232206546610114,0.23838097908680278,-0.5114503401561394,0.42298592706291915,0.8527956405151612,37088,4434,114,model_specific_equal_total_country_weight,cluster_robust_country_psu,True,"{'child_sex': {'reference': 'Male', 'reference_column': 'child_sex_Male'}, 'maternal_education': {'reference': 'No education', 'reference_column': 'maternal_education_No education'}, 'literacy': {'reference': 'Cannot read at all', 'reference_column': 'literacy_Cannot read at all'}, 'wealth_quintile': {'reference': 'Poorest', 'reference_column': 'wealth_quintile_Poorest'}, 'residence': {'reference': 'Rural', 'reference_column': 'residence_Rural'}, 'country_admin_region': {'reference': 'ethiopia::01', 'reference_column': 'country_admin_region_ethiopia::01'}}"
whz,4,pooled,literacy_No card with required language,0.5519065031608617,0.2674895441924567,0.02763663030261132,1.076176376019112,0.03908579301535192,37088,4434,114,model_specific_equal_total_country_weight,cluster_robust_country_psu,True,"{'child_sex': {'reference': 'Male', 'reference_column': 'child_sex_Male'}, 'maternal_education': {'reference': 'No education', 'reference_column': 'maternal_education_No education'}, 'literacy': {'reference': 'Cannot read at all', 'reference_column': 'literacy_Cannot read at all'}, 'wealth_quintile': {'reference': 'Poorest', 'reference_column': 'wealth_quintile_Poorest'}, 'residence': {'reference': 'Rural', 'reference_column': 'residence_Rural'}, 'country_admin_region': {'reference': 'ethiopia::01', 'reference_column': 'country_admin_region_ethiopia::01'}}"
whz,4,pooled,wealth_quintile_Middle,0.06793862656790695,0.04070588189044099,-0.011843435896298604,0.1477206890321125,0.0951148983367129,37088,4434,114,model_specific_equal_total_country_weight,cluster_robust_country_psu,True,"{'child_sex': {'reference': 'Male', 'reference_column': 'child_sex_Male'}, 'maternal_education': {'reference': 'No education', 'reference_column': 'maternal_education_No education'}, 'literacy': {'reference': 'Cannot read at all', 'reference_column': 'literacy_Cannot read at all'}, 'wealth_quintile': {'reference': 'Poorest', 'reference_column': 'wealth_quintile_Poorest'}, 'residence': {'reference': 'Rural', 'reference_column': 'residence_Rural'}, 'country_admin_region': {'reference': 'ethiopia::01', 'reference_column': 'country_admin_region_ethiopia::01'}}"
whz,4,pooled,wealth_quintile_Poorer,0.051009895457261305,0.03367381478885463,-0.014989568750966013,0.11700935966548862,0.1298170362514566,37088,4434,114,model_specific_equal_total_country_weight,cluster_robust_country_psu,True,"{'child_sex': {'reference': 'Male', 'reference_column': 'child_sex_Male'}, 'maternal_education': {'reference': 'No education', 'reference_column': 'maternal_education_No education'}, 'literacy': {'reference': 'Cannot read at all', 'reference_column': 'literacy_Cannot read at all'}, 'wealth_quintile': {'reference': 'Poorest', 'reference_column': 'wealth_quintile_Poorest'}, 'residence': {'reference': 'Rural', 'reference_column': 'residence_Rural'}, 'country_admin_region': {'reference': 'ethiopia::01', 'reference_column': 'country_admin_region_ethiopia::01'}}"
whz,4,pooled,wealth_quintile_Richer,0.047670925696325105,0.04693926544021954,-0.04432834402727084,0.13967019541992104,0.30982591608439236,37088,4434,114,model_specific_equal_total_country_weight,cluster_robust_country_psu,True,"{'child_sex': {'reference': 'Male', 'reference_column': 'child_sex_Male'}, 'maternal_education': {'reference': 'No education', 'reference_column': 'maternal_education_No education'}, 'literacy': {'reference': 'Cannot read at all', 'reference_column': 'literacy_Cannot read at all'}, 'wealth_quintile': {'reference': 'Poorest', 'reference_column': 'wealth_quintile_Poorest'}, 'residence': {'reference': 'Rural', 'reference_column': 'residence_Rural'}, 'country_admin_region': {'reference': 'ethiopia::01', 'reference_column': 'country_admin_region_ethiopia::01'}}"
whz,4,pooled,wealth_quintile_Richest,0.1304540146915129,0.06279367606063017,0.007380671155802793,0.25352735822722305,0.03775521106696678,37088,4434,114,model_specific_equal_total_country_weight,cluster_robust_country_psu,True,"{'child_sex': {'reference': 'Male', 'reference_column': 'child_sex_Male'}, 'maternal_education': {'reference': 'No education', 'reference_column': 'maternal_education_No education'}, 'literacy': {'reference': 'Cannot read at all', 'reference_column': 'literacy_Cannot read at all'}, 'wealth_quintile': {'reference': 'Poorest', 'reference_column': 'wealth_quintile_Poorest'}, 'residence': {'reference': 'Rural', 'reference_column': 'residence_Rural'}, 'country_admin_region': {'reference': 'ethiopia::01', 'reference_column': 'country_admin_region_ethiopia::01'}}"
whz,4,pooled,residence_Urban,-0.03931287763526746,0.03723446620592947,-0.11229109038246297,0.033665335111928055,0.29105066121355583,37088,4434,114,model_specific_equal_total_country_weight,cluster_robust_country_psu,True,"{'child_sex': {'reference': 'Male', 'reference_column': 'child_sex_Male'}, 'maternal_education': {'reference': 'No education', 'reference_column': 'maternal_education_No education'}, 'literacy': {'reference': 'Cannot read at all', 'reference_column': 'literacy_Cannot read at all'}, 'wealth_quintile': {'reference': 'Poorest', 'reference_column': 'wealth_quintile_Poorest'}, 'residence': {'reference': 'Rural', 'reference_column': 'residence_Rural'}, 'country_admin_region': {'reference': 'ethiopia::01', 'reference_column': 'country_admin_region_ethiopia::01'}}"
whz,4,pooled,country_admin_region_ethiopia::02,-0.40827968702967155,0.09460655113299485,-0.5937051199518885,-0.2228542541074546,1.5920307432271592e-05,37088,4434,114,model_specific_equal_total_country_weight,cluster_robust_country_psu,True,"{'child_sex': {'reference': 'Male', 'reference_column': 'child_sex_Male'}, 'maternal_education': {'reference': 'No education', 'reference_column': 'maternal_education_No education'}, 'literacy': {'reference': 'Cannot read at all', 'reference_column': 'literacy_Cannot read at all'}, 'wealth_quintile': {'reference': 'Poorest', 'reference_column': 'wealth_quintile_Poorest'}, 'residence': {'reference': 'Rural', 'reference_column': 'residence_Rural'}, 'country_admin_region': {'reference': 'ethiopia::01', 'reference_column': 'country_admin_region_ethiopia::01'}}"
whz,4,pooled,country_admin_region_ethiopia::03,0.05353947696418811,0.08362928314543062,-0.11037090605375847,0.21744985998213467,0.5220425058934566,37088,4434,114,model_specific_equal_total_country_weight,cluster_robust_country_psu,True,"{'child_sex': {'reference': 'Male', 'reference_column': 'child_sex_Male'}, 'maternal_education': {'reference': 'No education', 'reference_column': 'maternal_education_No education'}, 'literacy': {'reference': 'Cannot read at all', 'reference_column': 'literacy_Cannot read at all'}, 'wealth_quintile': {'reference': 'Poorest', 'reference_column': 'wealth_quintile_Poorest'}, 'residence': {'reference': 'Rural', 'reference_column': 'residence_Rural'}, 'country_admin_region': {'reference': 'ethiopia::01', 'reference_column': 'country_admin_region_ethiopia::01'}}"
whz,4,pooled,country_admin_region_ethiopia::04,0.2990669843522999,0.10473065155911095,0.09379867921902879,0.504335289485571,0.004295800129278979,37088,4434,114,model_specific_equal_total_country_weight,cluster_robust_country_psu,True,"{'child_sex': {'reference': 'Male', 'reference_column': 'child_sex_Male'}, 'maternal_education': {'reference': 'No education', 'reference_column': 'maternal_education_No education'}, 'literacy': {'reference': 'Cannot read at all', 'reference_column': 'literacy_Cannot read at all'}, 'wealth_quintile': {'reference': 'Poorest', 'reference_column': 'wealth_quintile_Poorest'}, 'residence': {'reference': 'Rural', 'reference_column': 'residence_Rural'}, 'country_admin_region': {'reference': 'ethiopia::01', 'reference_column': 'country_admin_region_ethiopia::01'}}"
whz,4,pooled,country_admin_region_ethiopia::05,-0.2754885073109314,0.13502345913199734,-0.5401296242776621,-0.010847390344200736,0.04132034892726092,37088,4434,114,model_specific_equal_total_country_weight,cluster_robust_country_psu,True,"{'child_sex': {'reference': 'Male', 'reference_column': 'child_sex_Male'}, 'maternal_education': {'reference': 'No education', 'reference_column': 'maternal_education_No education'}, 'literacy': {'reference': 'Cannot read at all', 'reference_column': 'literacy_Cannot read at all'}, 'wealth_quintile': {'reference': 'Poorest', 'reference_column': 'wealth_quintile_Poorest'}, 'residence': {'reference': 'Rural', 'reference_column': 'residence_Rural'}, 'country_admin_region': {'reference': 'ethiopia::01', 'reference_column': 'country_admin_region_ethiopia::01'}}"
whz,4,pooled,country_admin_region_ethiopia::06,0.06847418853885003,0.09161328353190709,-0.11108454768914432,0.24803292476684435,0.4548062024169248,37088,4434,114,model_specific_equal_total_country_weight,cluster_robust_country_psu,True,"{'child_sex': {'reference': 'Male', 'reference_column': 'child_sex_Male'}, 'maternal_education': {'reference': 'No education', 'reference_column': 'maternal_education_No education'}, 'literacy': {'reference': 'Cannot read at all', 'reference_column': 'literacy_Cannot read at all'}, 'wealth_quintile': {'reference': 'Poorest', 'reference_column': 'wealth_quintile_Poorest'}, 'residence': {'reference': 'Rural', 'reference_column': 'residence_Rural'}, 'country_admin_region': {'reference': 'ethiopia::01', 'reference_column': 'country_admin_region_ethiopia::01'}}"
whz,4,pooled,country_admin_region_ethiopia::07,0.4416779735457531,0.1047508776657711,0.23637002597188064,0.6469859211196256,2.481663593798917e-05,37088,4434,114,model_specific_equal_total_country_weight,cluster_robust_country_psu,True,"{'child_sex': {'reference': 'Male', 'reference_column': 'child_sex_Male'}, 'maternal_education': {'reference': 'No education', 'reference_column': 'maternal_education_No education'}, 'literacy': {'reference': 'Cannot read at all', 'reference_column': 'literacy_Cannot read at all'}, 'wealth_quintile': {'reference': 'Poorest', 'reference_column': 'wealth_quintile_Poorest'}, 'residence': {'reference': 'Rural', 'reference_column': 'residence_Rural'}, 'country_admin_region': {'reference': 'ethiopia::01', 'reference_column': 'country_admin_region_ethiopia::01'}}"
whz,4,pooled,country_admin_region_ethiopia::08,0.3392172278931348,0.09906030155219665,0.14506260455315215,0.5333718512331175,0.0006162700208620005,37088,4434,114,model_specific_equal_total_country_weight,cluster_robust_country_psu,True,"{'child_sex': {'reference': 'Male', 'reference_column': 'child_sex_Male'}, 'maternal_education': {'reference': 'No education', 'reference_column': 'maternal_education_No education'}, 'literacy': {'reference': 'Cannot read at all', 'reference_column': 'literacy_Cannot read at all'}, 'wealth_quintile': {'reference': 'Poorest', 'reference_column': 'wealth_quintile_Poorest'}, 'residence': {'reference': 'Rural', 'reference_column': 'residence_Rural'}, 'country_admin_region': {'reference': 'ethiopia::01', 'reference_column': 'country_admin_region_ethiopia::01'}}"
whz,4,pooled,country_admin_region_ethiopia::09,0.41756552844304323,0.09203176790229103,0.23718657792100345,0.597944478965083,5.7009001611235185e-06,37088,4434,114,model_specific_equal_total_country_weight,cluster_robust_country_psu,True,"{'child_sex': {'reference': 'Male', 'reference_column': 'child_sex_Male'}, 'maternal_education': {'reference': 'No education', 'reference_column': 'maternal_education_No education'}, 'literacy': {'reference': 'Cannot read at all', 'reference_column': 'literacy_Cannot read at all'}, 'wealth_quintile': {'reference': 'Poorest', 'reference_column': 'wealth_quintile_Poorest'}, 'residence': {'reference': 'Rural', 'reference_column': 'residence_Rural'}, 'country_admin_region': {'reference': 'ethiopia::01', 'reference_column': 'country_admin_region_ethiopia::01'}}"
whz,4,pooled,country_admin_region_ethiopia::10,0.4330717305077999,0.11371477138688596,0.21019487407929757,0.6559485869363022,0.00013986692347114506,37088,4434,114,model_specific_equal_total_country_weight,cluster_robust_country_psu,True,"{'child_sex': {'reference': 'Male', 'reference_column': 'child_sex_Male'}, 'maternal_education': {'reference': 'No education', 'reference_column': 'maternal_education_No education'}, 'literacy': {'reference': 'Cannot read at all', 'reference_column': 'literacy_Cannot read at all'}, 'wealth_quintile': {'reference': 'Poorest', 'reference_column': 'wealth_quintile_Poorest'}, 'residence': {'reference': 'Rural', 'reference_column': 'residence_Rural'}, 'country_admin_region': {'reference': 'ethiopia::01', 'reference_column': 'country_admin_region_ethiopia::01'}}"
whz,4,pooled,country_admin_region_ethiopia::12,-0.440612455351975,0.13068633519872455,-0.6967529656130043,-0.18447194509094572,0.000747528196105789,37088,4434,114,model_specific_equal_total_country_weight,cluster_robust_country_psu,True,"{'child_sex': {'reference': 'Male', 'reference_column': 'child_sex_Male'}, 'maternal_education': {'reference': 'No education', 'reference_column': 'maternal_education_No education'}, 'literacy': {'reference': 'Cannot read at all', 'reference_column': 'literacy_Cannot read at all'}, 'wealth_quintile': {'reference': 'Poorest', 'reference_column': 'wealth_quintile_Poorest'}, 'residence': {'reference': 'Rural', 'reference_column': 'residence_Rural'}, 'country_admin_region': {'reference': 'ethiopia::01', 'reference_column': 'country_admin_region_ethiopia::01'}}"
whz,4,pooled,country_admin_region_ethiopia::13,0.20515864815460208,0.09719508902049229,0.014659774200272757,0.3956575221089314,0.034790165917781106,37088,4434,114,model_specific_equal_total_country_weight,cluster_robust_country_psu,True,"{'child_sex': {'reference': 'Male', 'reference_column': 'child_sex_Male'}, 'maternal_education': {'reference': 'No education', 'reference_column': 'maternal_education_No education'}, 'literacy': {'reference': 'Cannot read at all', 'reference_column': 'literacy_Cannot read at all'}, 'wealth_quintile': {'reference': 'Poorest', 'reference_column': 'wealth_quintile_Poorest'}, 'residence': {'reference': 'Rural', 'reference_column': 'residence_Rural'}, 'country_admin_region': {'reference': 'ethiopia::01', 'reference_column': 'country_admin_region_ethiopia::01'}}"
whz,4,pooled,country_admin_region_ethiopia::14,0.2459175649321011,0.10159720868382496,0.04679069498200414,0.445044434882198,0.015498540967350354,37088,4434,114,model_specific_equal_total_country_weight,cluster_robust_country_psu,True,"{'child_sex': {'reference': 'Male', 'reference_column': 'child_sex_Male'}, 'maternal_education': {'reference': 'No education', 'reference_column': 'maternal_education_No education'}, 'literacy': {'reference': 'Cannot read at all', 'reference_column': 'literacy_Cannot read at all'}, 'wealth_quintile': {'reference': 'Poorest', 'reference_column': 'wealth_quintile_Poorest'}, 'residence': {'reference': 'Rural', 'reference_column': 'residence_Rural'}, 'country_admin_region': {'reference': 'ethiopia::01', 'reference_column': 'country_admin_region_ethiopia::01'}}"
whz,4,pooled,country_admin_region_ethiopia::15,-0.10980560602344215,0.10888681844203889,-0.3232198485609901,0.10360863651410583,0.31324423531294154,37088,4434,114,model_specific_equal_total_country_weight,cluster_robust_country_psu,True,"{'child_sex': {'reference': 'Male', 'reference_column': 'child_sex_Male'}, 'maternal_education': {'reference': 'No education', 'reference_column': 'maternal_education_No education'}, 'literacy': {'reference': 'Cannot read at all', 'reference_column': 'literacy_Cannot read at all'}, 'wealth_quintile': {'reference': 'Poorest', 'reference_column': 'wealth_quintile_Poorest'}, 'residence': {'reference': 'Rural', 'reference_column': 'residence_Rural'}, 'country_admin_region': {'reference': 'ethiopia::01', 'reference_column': 'country_admin_region_ethiopia::01'}}"
whz,4,pooled,country_admin_region_ghana::01,-0.17637928054912672,0.10982070328868121,-0.39162390375180134,0.038865342653547935,0.10825944352795669,37088,4434,114,model_specific_equal_total_country_weight,cluster_robust_country_psu,True,"{'child_sex': {'reference': 'Male', 'reference_column': 'child_sex_Male'}, 'maternal_education': {'reference': 'No education', 'reference_column': 'maternal_education_No education'}, 'literacy': {'reference': 'Cannot read at all', 'reference_column': 'literacy_Cannot read at all'}, 'wealth_quintile': {'reference': 'Poorest', 'reference_column': 'wealth_quintile_Poorest'}, 'residence': {'reference': 'Rural', 'reference_column': 'residence_Rural'}, 'country_admin_region': {'reference': 'ethiopia::01', 'reference_column': 'country_admin_region_ethiopia::01'}}"
whz,4,pooled,country_admin_region_ghana::02,-0.2464651626887295,0.11289885027741209,-0.46774284312843706,-0.025187482249021925,0.02903126223807365,37088,4434,114,model_specific_equal_total_country_weight,cluster_robust_country_psu,True,"{'child_sex': {'reference': 'Male', 'reference_column': 'child_sex_Male'}, 'maternal_education': {'reference': 'No education', 'reference_column': 'maternal_education_No education'}, 'literacy': {'reference': 'Cannot read at all', 'reference_column': 'literacy_Cannot read at all'}, 'wealth_quintile': {'reference': 'Poorest', 'reference_column': 'wealth_quintile_Poorest'}, 'residence': {'reference': 'Rural', 'reference_column': 'residence_Rural'}, 'country_admin_region': {'reference': 'ethiopia::01', 'reference_column': 'country_admin_region_ethiopia::01'}}"
whz,4,pooled,country_admin_region_ghana::03,-0.0982412916884509,0.12264401823244726,-0.3386191503433213,0.14213656696641946,0.42311544076109486,37088,4434,114,model_specific_equal_total_country_weight,cluster_robust_country_psu,True,"{'child_sex': {'reference': 'Male', 'reference_column': 'child_sex_Male'}, 'maternal_education': {'reference': 'No education', 'reference_column': 'maternal_education_No education'}, 'literacy': {'reference': 'Cannot read at all', 'reference_column': 'literacy_Cannot read at all'}, 'wealth_quintile': {'reference': 'Poorest', 'reference_column': 'wealth_quintile_Poorest'}, 'residence': {'reference': 'Rural', 'reference_column': 'residence_Rural'}, 'country_admin_region': {'reference': 'ethiopia::01', 'reference_column': 'country_admin_region_ethiopia::01'}}"
whz,4,pooled,country_admin_region_ghana::04,-0.27477776603169374,0.1174936591996398,-0.505061106474811,-0.044494425588576525,0.019353017038289202,37088,4434,114,model_specific_equal_total_country_weight,cluster_robust_country_psu,True,"{'child_sex': {'reference': 'Male', 'reference_column': 'child_sex_Male'}, 'maternal_education': {'reference': 'No education', 'reference_column': 'maternal_education_No education'}, 'literacy': {'reference': 'Cannot read at all', 'reference_column': 'literacy_Cannot read at all'}, 'wealth_quintile': {'reference': 'Poorest', 'reference_column': 'wealth_quintile_Poorest'}, 'residence': {'reference': 'Rural', 'reference_column': 'residence_Rural'}, 'country_admin_region': {'reference': 'ethiopia::01', 'reference_column': 'country_admin_region_ethiopia::01'}}"
whz,4,pooled,country_admin_region_ghana::05,-0.11634397325860937,0.09406125942185468,-0.3007006540659234,0.06801270754870464,0.21612578318512032,37088,4434,114,model_specific_equal_total_country_weight,cluster_robust_country_psu,True,"{'child_sex': {'reference': 'Male', 'reference_column': 'child_sex_Male'}, 'maternal_education': {'reference': 'No education', 'reference_column': 'maternal_education_No education'}, 'literacy': {'reference': 'Cannot read at all', 'reference_column': 'literacy_Cannot read at all'}, 'wealth_quintile': {'reference': 'Poorest', 'reference_column': 'wealth_quintile_Poorest'}, 'residence': {'reference': 'Rural', 'reference_column': 'residence_Rural'}, 'country_admin_region': {'reference': 'ethiopia::01', 'reference_column': 'country_admin_region_ethiopia::01'}}"
whz,4,pooled,country_admin_region_ghana::06,-0.20692201135423502,0.10243963810708097,-0.4077000126334306,-0.006144010075039452,0.0433895216590919,37088,4434,114,model_specific_equal_total_country_weight,cluster_robust_country_psu,True,"{'child_sex': {'reference': 'Male', 'reference_column': 'child_sex_Male'}, 'maternal_education': {'reference': 'No education', 'reference_column': 'maternal_education_No education'}, 'literacy': {'reference': 'Cannot read at all', 'reference_column': 'literacy_Cannot read at all'}, 'wealth_quintile': {'reference': 'Poorest', 'reference_column': 'wealth_quintile_Poorest'}, 'residence': {'reference': 'Rural', 'reference_column': 'residence_Rural'}, 'country_admin_region': {'reference': 'ethiopia::01', 'reference_column': 'country_admin_region_ethiopia::01'}}"
whz,4,pooled,country_admin_region_ghana::07,0.02080720538702154,0.10554546879874444,-0.18605811218991355,0.22767252296395665,0.8437181921746327,37088,4434,114,model_specific_equal_total_country_weight,cluster_robust_country_psu,True,"{'child_sex': {'reference': 'Male', 'reference_column': 'child_sex_Male'}, 'maternal_education': {'reference': 'No education', 'reference_column': 'maternal_education_No education'}, 'literacy': {'reference': 'Cannot read at all', 'reference_column': 'literacy_Cannot read at all'}, 'wealth_quintile': {'reference': 'Poorest', 'reference_column': 'wealth_quintile_Poorest'}, 'residence': {'reference': 'Rural', 'reference_column': 'residence_Rural'}, 'country_admin_region': {'reference': 'ethiopia::01', 'reference_column': 'country_admin_region_ethiopia::01'}}"
whz,4,pooled,country_admin_region_ghana::08,0.13167504647866585,0.11048615410436888,-0.08487383635623943,0.34822392931357116,0.23334802487709716,37088,4434,114,model_specific_equal_total_country_weight,cluster_robust_country_psu,True,"{'child_sex': {'reference': 'Male', 'reference_column': 'child_sex_Male'}, 'maternal_education': {'reference': 'No education', 'reference_column': 'maternal_education_No education'}, 'literacy': {'reference': 'Cannot read at all', 'reference_column': 'literacy_Cannot read at all'}, 'wealth_quintile': {'reference': 'Poorest', 'reference_column': 'wealth_quintile_Poorest'}, 'residence': {'reference': 'Rural', 'reference_column': 'residence_Rural'}, 'country_admin_region': {'reference': 'ethiopia::01', 'reference_column': 'country_admin_region_ethiopia::01'}}"
whz,4,pooled,country_admin_region_ghana::09,-0.02943105022536939,0.12201281227938779,-0.26857176794541593,0.20970966749467712,0.809390202610371,37088,4434,114,model_specific_equal_total_country_weight,cluster_robust_country_psu,True,"{'child_sex': {'reference': 'Male', 'reference_column': 'child_sex_Male'}, 'maternal_education': {'reference': 'No education', 'reference_column': 'maternal_education_No education'}, 'literacy': {'reference': 'Cannot read at all', 'reference_column': 'literacy_Cannot read at all'}, 'wealth_quintile': {'reference': 'Poorest', 'reference_column': 'wealth_quintile_Poorest'}, 'residence': {'reference': 'Rural', 'reference_column': 'residence_Rural'}, 'country_admin_region': {'reference': 'ethiopia::01', 'reference_column': 'country_admin_region_ethiopia::01'}}"
whz,4,pooled,country_admin_region_ghana::10,-0.10262846177838826,0.10318293836584766,-0.30486330479446583,0.09960638123768932,0.3199180627639081,37088,4434,114,model_specific_equal_total_country_weight,cluster_robust_country_psu,True,"{'child_sex': {'reference': 'Male', 'reference_column': 'child_sex_Male'}, 'maternal_education': {'reference': 'No education', 'reference_column': 'maternal_education_No education'}, 'literacy': {'reference': 'Cannot read at all', 'reference_column': 'literacy_Cannot read at all'}, 'wealth_quintile': {'reference': 'Poorest', 'reference_column': 'wealth_quintile_Poorest'}, 'residence': {'reference': 'Rural', 'reference_column': 'residence_Rural'}, 'country_admin_region': {'reference': 'ethiopia::01', 'reference_column': 'country_admin_region_ethiopia::01'}}"
whz,4,pooled,country_admin_region_ghana::11,-0.14584164305762076,0.10543198818871048,-0.35248454272594565,0.06080125661070415,0.16657995123799296,37088,4434,114,model_specific_equal_total_country_weight,cluster_robust_country_psu,True,"{'child_sex': {'reference': 'Male', 'reference_column': 'child_sex_Male'}, 'maternal_education': {'reference': 'No education', 'reference_column': 'maternal_education_No education'}, 'literacy': {'reference': 'Cannot read at all', 'reference_column': 'literacy_Cannot read at all'}, 'wealth_quintile': {'reference': 'Poorest', 'reference_column': 'wealth_quintile_Poorest'}, 'residence': {'reference': 'Rural', 'reference_column': 'residence_Rural'}, 'country_admin_region': {'reference': 'ethiopia::01', 'reference_column': 'country_admin_region_ethiopia::01'}}"
whz,4,pooled,country_admin_region_ghana::12,-0.21014392460856793,0.09046644222307769,-0.3874548931752739,-0.03283295604186198,0.02018486609103985,37088,4434,114,model_specific_equal_total_country_weight,cluster_robust_country_psu,True,"{'child_sex': {'reference': 'Male', 'reference_column': 'child_sex_Male'}, 'maternal_education': {'reference': 'No education', 'reference_column': 'maternal_education_No education'}, 'literacy': {'reference': 'Cannot read at all', 'reference_column': 'literacy_Cannot read at all'}, 'wealth_quintile': {'reference': 'Poorest', 'reference_column': 'wealth_quintile_Poorest'}, 'residence': {'reference': 'Rural', 'reference_column': 'residence_Rural'}, 'country_admin_region': {'reference': 'ethiopia::01', 'reference_column': 'country_admin_region_ethiopia::01'}}"
whz,4,pooled,country_admin_region_ghana::13,0.018008477729771762,0.10503104469410877,-0.18784858712929817,0.2238655425888417,0.8638631669051652,37088,4434,114,model_specific_equal_total_country_weight,cluster_robust_country_psu,True,"{'child_sex': {'reference': 'Male', 'reference_column': 'child_sex_Male'}, 'maternal_education': {'reference': 'No education', 'reference_column': 'maternal_education_No education'}, 'literacy': {'reference': 'Cannot read at all', 'reference_column': 'literacy_Cannot read at all'}, 'wealth_quintile': {'reference': 'Poorest', 'reference_column': 'wealth_quintile_Poorest'}, 'residence': {'reference': 'Rural', 'reference_column': 'residence_Rural'}, 'country_admin_region': {'reference': 'ethiopia::01', 'reference_column': 'country_admin_region_ethiopia::01'}}"
whz,4,pooled,country_admin_region_ghana::14,-0.24875678413456018,0.09001875190310621,-0.4251902957978948,-0.07232327247122555,0.005720463251893742,37088,4434,114,model_specific_equal_total_country_weight,cluster_robust_country_psu,True,"{'child_sex': {'reference': 'Male', 'reference_column': 'child_sex_Male'}, 'maternal_education': {'reference': 'No education', 'reference_column': 'maternal_education_No education'}, 'literacy': {'reference': 'Cannot read at all', 'reference_column': 'literacy_Cannot read at all'}, 'wealth_quintile': {'reference': 'Poorest', 'reference_column': 'wealth_quintile_Poorest'}, 'residence': {'reference': 'Rural', 'reference_column': 'residence_Rural'}, 'country_admin_region': {'reference': 'ethiopia::01', 'reference_column': 'country_admin_region_ethiopia::01'}}"
whz,4,pooled,country_admin_region_ghana::15,-0.04316967056016541,0.08421083225595079,-0.20821986888997282,0.121880527769642,0.6082045838164565,37088,4434,114,model_specific_equal_total_country_weight,cluster_robust_country_psu,True,"{'child_sex': {'reference': 'Male', 'reference_column': 'child_sex_Male'}, 'maternal_education': {'reference': 'No education', 'reference_column': 'maternal_education_No education'}, 'literacy': {'reference': 'Cannot read at all', 'reference_column': 'literacy_Cannot read at all'}, 'wealth_quintile': {'reference': 'Poorest', 'reference_column': 'wealth_quintile_Poorest'}, 'residence': {'reference': 'Rural', 'reference_column': 'residence_Rural'}, 'country_admin_region': {'reference': 'ethiopia::01', 'reference_column': 'country_admin_region_ethiopia::01'}}"
whz,4,pooled,country_admin_region_ghana::16,-0.10261540896262876,0.0968900493728108,-0.2925164161936456,0.08728559826838807,0.289558198852494,37088,4434,114,model_specific_equal_total_country_weight,cluster_robust_country_psu,True,"{'child_sex': {'reference': 'Male', 'reference_column': 'child_sex_Male'}, 'maternal_education': {'reference': 'No education', 'reference_column': 'maternal_education_No education'}, 'literacy': {'reference': 'Cannot read at all', 'reference_column': 'literacy_Cannot read at all'}, 'wealth_quintile': {'reference': 'Poorest', 'reference_column': 'wealth_quintile_Poorest'}, 'residence': {'reference': 'Rural', 'reference_column': 'residence_Rural'}, 'country_admin_region': {'reference': 'ethiopia::01', 'reference_column': 'country_admin_region_ethiopia::01'}}"
whz,4,pooled,country_admin_region_kenya::01,-0.07641765817819524,0.09926744348311166,-0.2709782722424594,0.1181429558860689,0.44140909566197384,37088,4434,114,model_specific_equal_total_country_weight,cluster_robust_country_psu,True,"{'child_sex': {'reference': 'Male', 'reference_column': 'child_sex_Male'}, 'maternal_education': {'reference': 'No education', 'reference_column': 'maternal_education_No education'}, 'literacy': {'reference': 'Cannot read at all', 'reference_column': 'literacy_Cannot read at all'}, 'wealth_quintile': {'reference': 'Poorest', 'reference_column': 'wealth_quintile_Poorest'}, 'residence': {'reference': 'Rural', 'reference_column': 'residence_Rural'}, 'country_admin_region': {'reference': 'ethiopia::01', 'reference_column': 'country_admin_region_ethiopia::01'}}"
whz,4,pooled,country_admin_region_kenya::02,-0.014719412394849767,0.10158395929263223,-0.2138203140153919,0.18438148922569234,0.8847906293775014,37088,4434,114,model_specific_equal_total_country_weight,cluster_robust_country_psu,True,"{'child_sex': {'reference': 'Male', 'reference_column': 'child_sex_Male'}, 'maternal_education': {'reference': 'No education', 'reference_column': 'maternal_education_No education'}, 'literacy': {'reference': 'Cannot read at all', 'reference_column': 'literacy_Cannot read at all'}, 'wealth_quintile': {'reference': 'Poorest', 'reference_column': 'wealth_quintile_Poorest'}, 'residence': {'reference': 'Rural', 'reference_column': 'residence_Rural'}, 'country_admin_region': {'reference': 'ethiopia::01', 'reference_column': 'country_admin_region_ethiopia::01'}}"
whz,4,pooled,country_admin_region_kenya::03,-0.007037227621944388,0.10368461420652575,-0.2102553372176649,0.19618088197377612,0.9458879466355443,37088,4434,114,model_specific_equal_total_country_weight,cluster_robust_country_psu,True,"{'child_sex': {'reference': 'Male', 'reference_column': 'child_sex_Male'}, 'maternal_education': {'reference': 'No education', 'reference_column': 'maternal_education_No education'}, 'literacy': {'reference': 'Cannot read at all', 'reference_column': 'literacy_Cannot read at all'}, 'wealth_quintile': {'reference': 'Poorest', 'reference_column': 'wealth_quintile_Poorest'}, 'residence': {'reference': 'Rural', 'reference_column': 'residence_Rural'}, 'country_admin_region': {'reference': 'ethiopia::01', 'reference_column': 'country_admin_region_ethiopia::01'}}"
whz,4,pooled,country_admin_region_kenya::04,-0.2652694912301806,0.10855138518486881,-0.4780262966644583,-0.05251268579590296,0.014536592190274067,37088,4434,114,model_specific_equal_total_country_weight,cluster_robust_country_psu,True,"{'child_sex': {'reference': 'Male', 'reference_column': 'child_sex_Male'}, 'maternal_education': {'reference': 'No education', 'reference_column': 'maternal_education_No education'}, 'literacy': {'reference': 'Cannot read at all', 'reference_column': 'literacy_Cannot read at all'}, 'wealth_quintile': {'reference': 'Poorest', 'reference_column': 'wealth_quintile_Poorest'}, 'residence': {'reference': 'Rural', 'reference_column': 'residence_Rural'}, 'country_admin_region': {'reference': 'ethiopia::01', 'reference_column': 'country_admin_region_ethiopia::01'}}"
whz,4,pooled,country_admin_region_kenya::05,-0.04324623886420183,0.08892803310234854,-0.2175419809607907,0.131049503232387,0.6267502035132784,37088,4434,114,model_specific_equal_total_country_weight,cluster_robust_country_psu,True,"{'child_sex': {'reference': 'Male', 'reference_column': 'child_sex_Male'}, 'maternal_education': {'reference': 'No education', 'reference_column': 'maternal_education_No education'}, 'literacy': {'reference': 'Cannot read at all', 'reference_column': 'literacy_Cannot read at all'}, 'wealth_quintile': {'reference': 'Poorest', 'reference_column': 'wealth_quintile_Poorest'}, 'residence': {'reference': 'Rural', 'reference_column': 'residence_Rural'}, 'country_admin_region': {'reference': 'ethiopia::01', 'reference_column': 'country_admin_region_ethiopia::01'}}"
whz,4,pooled,country_admin_region_kenya::06,-0.010384581431511462,0.10809370649448372,-0.22224435311614288,0.20147519025311994,0.9234648376466867,37088,4434,114,model_specific_equal_total_country_weight,cluster_robust_country_psu,True,"{'child_sex': {'reference': 'Male', 'reference_column': 'child_sex_Male'}, 'maternal_education': {'reference': 'No education', 'reference_column': 'maternal_education_No education'}, 'literacy': {'reference': 'Cannot read at all', 'reference_column': 'literacy_Cannot read at all'}, 'wealth_quintile': {'reference': 'Poorest', 'reference_column': 'wealth_quintile_Poorest'}, 'residence': {'reference': 'Rural', 'reference_column': 'residence_Rural'}, 'country_admin_region': {'reference': 'ethiopia::01', 'reference_column': 'country_admin_region_ethiopia::01'}}"
whz,4,pooled,country_admin_region_kenya::07,-0.5564804139592292,0.10335746272099232,-0.7590573184258154,-0.35390350949264304,7.283348093383848e-08,37088,4434,114,model_specific_equal_total_country_weight,cluster_robust_country_psu,True,"{'child_sex': {'reference': 'Male', 'reference_column': 'child_sex_Male'}, 'maternal_education': {'reference': 'No education', 'reference_column': 'maternal_education_No education'}, 'literacy': {'reference': 'Cannot read at all', 'reference_column': 'literacy_Cannot read at all'}, 'wealth_quintile': {'reference': 'Poorest', 'reference_column': 'wealth_quintile_Poorest'}, 'residence': {'reference': 'Rural', 'reference_column': 'residence_Rural'}, 'country_admin_region': {'reference': 'ethiopia::01', 'reference_column': 'country_admin_region_ethiopia::01'}}"
whz,4,pooled,country_admin_region_kenya::08,-0.8194850708156322,0.1042658543699016,-1.0238423901979374,-0.6151277514333269,3.854458171937796e-15,37088,4434,114,model_specific_equal_total_country_weight,cluster_robust_country_psu,True,"{'child_sex': {'reference': 'Male', 'reference_column': 'child_sex_Male'}, 'maternal_education': {'reference': 'No education', 'reference_column': 'maternal_education_No education'}, 'literacy': {'reference': 'Cannot read at all', 'reference_column': 'literacy_Cannot read at all'}, 'wealth_quintile': {'reference': 'Poorest', 'reference_column': 'wealth_quintile_Poorest'}, 'residence': {'reference': 'Rural', 'reference_column': 'residence_Rural'}, 'country_admin_region': {'reference': 'ethiopia::01', 'reference_column': 'country_admin_region_ethiopia::01'}}"
whz,4,pooled,country_admin_region_kenya::09,-0.7230996297807154,0.09280281746108995,-0.9049898096682966,-0.5412094498931342,6.6068926221172844e-15,37088,4434,114,model_specific_equal_total_country_weight,cluster_robust_country_psu,True,"{'child_sex': {'reference': 'Male', 'reference_column': 'child_sex_Male'}, 'maternal_education': {'reference': 'No education', 'reference_column': 'maternal_education_No education'}, 'literacy': {'reference': 'Cannot read at all', 'reference_column': 'literacy_Cannot read at all'}, 'wealth_quintile': {'reference': 'Poorest', 'reference_column': 'wealth_quintile_Poorest'}, 'residence': {'reference': 'Rural', 'reference_column': 'residence_Rural'}, 'country_admin_region': {'reference': 'ethiopia::01', 'reference_column': 'country_admin_region_ethiopia::01'}}"
whz,4,pooled,country_admin_region_kenya::10,-0.8013506886600257,0.11486648896897739,-1.0264848700697888,-0.5762165072502626,3.029125942284842e-12,37088,4434,114,model_specific_equal_total_country_weight,cluster_robust_country_psu,True,"{'child_sex': {'reference': 'Male', 'reference_column': 'child_sex_Male'}, 'maternal_education': {'reference': 'No education', 'reference_column': 'maternal_education_No education'}, 'literacy': {'reference': 'Cannot read at all', 'reference_column': 'literacy_Cannot read at all'}, 'wealth_quintile': {'reference': 'Poorest', 'reference_column': 'wealth_quintile_Poorest'}, 'residence': {'reference': 'Rural', 'reference_column': 'residence_Rural'}, 'country_admin_region': {'reference': 'ethiopia::01', 'reference_column': 'country_admin_region_ethiopia::01'}}"
whz,4,pooled,country_admin_region_kenya::11,-0.3642403628746017,0.1021898810615934,-0.5645288493397564,-0.16395187640944692,0.0003647608725861272,37088,4434,114,model_specific_equal_total_country_weight,cluster_robust_country_psu,True,"{'child_sex': {'reference': 'Male', 'reference_column': 'child_sex_Male'}, 'maternal_education': {'reference': 'No education', 'reference_column': 'maternal_education_No education'}, 'literacy': {'reference': 'Cannot read at all', 'reference_column': 'literacy_Cannot read at all'}, 'wealth_quintile': {'reference': 'Poorest', 'reference_column': 'wealth_quintile_Poorest'}, 'residence': {'reference': 'Rural', 'reference_column': 'residence_Rural'}, 'country_admin_region': {'reference': 'ethiopia::01', 'reference_column': 'country_admin_region_ethiopia::01'}}"
whz,4,pooled,country_admin_region_kenya::12,0.11329423312531751,0.1294200337312022,-0.14036437186579775,0.36695283811643276,0.3813565704647992,37088,4434,114,model_specific_equal_total_country_weight,cluster_robust_country_psu,True,"{'child_sex': {'reference': 'Male', 'reference_column': 'child_sex_Male'}, 'maternal_education': {'reference': 'No education', 'reference_column': 'maternal_education_No education'}, 'literacy': {'reference': 'Cannot read at all', 'reference_column': 'literacy_Cannot read at all'}, 'wealth_quintile': {'reference': 'Poorest', 'reference_column': 'wealth_quintile_Poorest'}, 'residence': {'reference': 'Rural', 'reference_column': 'residence_Rural'}, 'country_admin_region': {'reference': 'ethiopia::01', 'reference_column': 'country_admin_region_ethiopia::01'}}"
whz,4,pooled,country_admin_region_kenya::13,0.15544870039961048,0.10162376442688757,-0.0437302178504719,0.35462761864969283,0.12610360749632998,37088,4434,114,model_specific_equal_total_country_weight,cluster_robust_country_psu,True,"{'child_sex': {'reference': 'Male', 'reference_column': 'child_sex_Male'}, 'maternal_education': {'reference': 'No education', 'reference_column': 'maternal_education_No education'}, 'literacy': {'reference': 'Cannot read at all', 'reference_column': 'literacy_Cannot read at all'}, 'wealth_quintile': {'reference': 'Poorest', 'reference_column': 'wealth_quintile_Poorest'}, 'residence': {'reference': 'Rural', 'reference_column': 'residence_Rural'}, 'country_admin_region': {'reference': 'ethiopia::01', 'reference_column': 'country_admin_region_ethiopia::01'}}"
whz,4,pooled,country_admin_region_kenya::14,0.00769687675260266,0.11328002097555298,-0.21432788452742305,0.22972163803262838,0.9458289547950515,37088,4434,114,model_specific_equal_total_country_weight,cluster_robust_country_psu,True,"{'child_sex': {'reference': 'Male', 'reference_column': 'child_sex_Male'}, 'maternal_education': {'reference': 'No education', 'reference_column': 'maternal_education_No education'}, 'literacy': {'reference': 'Cannot read at all', 'reference_column': 'literacy_Cannot read at all'}, 'wealth_quintile': {'reference': 'Poorest', 'reference_column': 'wealth_quintile_Poorest'}, 'residence': {'reference': 'Rural', 'reference_column': 'residence_Rural'}, 'country_admin_region': {'reference': 'ethiopia::01', 'reference_column': 'country_admin_region_ethiopia::01'}}"
whz,4,pooled,country_admin_region_kenya::15,-0.04161188393551106,0.11891555658484516,-0.27468209204334243,0.19145832417232034,0.7263927263071424,37088,4434,114,model_specific_equal_total_country_weight,cluster_robust_country_psu,True,"{'child_sex': {'reference': 'Male', 'reference_column': 'child_sex_Male'}, 'maternal_education': {'reference': 'No education', 'reference_column': 'maternal_education_No education'}, 'literacy': {'reference': 'Cannot read at all', 'reference_column': 'literacy_Cannot read at all'}, 'wealth_quintile': {'reference': 'Poorest', 'reference_column': 'wealth_quintile_Poorest'}, 'residence': {'reference': 'Rural', 'reference_column': 'residence_Rural'}, 'country_admin_region': {'reference': 'ethiopia::01', 'reference_column': 'country_admin_region_ethiopia::01'}}"
whz,4,pooled,country_admin_region_kenya::16,0.09119857680968387,0.09847684211096676,-0.10181248703904834,0.2842096406584161,0.35439837614730385,37088,4434,114,model_specific_equal_total_country_weight,cluster_robust_country_psu,True,"{'child_sex': {'reference': 'Male', 'reference_column': 'child_sex_Male'}, 'maternal_education': {'reference': 'No education', 'reference_column': 'maternal_education_No education'}, 'literacy': {'reference': 'Cannot read at all', 'reference_column': 'literacy_Cannot read at all'}, 'wealth_quintile': {'reference': 'Poorest', 'reference_column': 'wealth_quintile_Poorest'}, 'residence': {'reference': 'Rural', 'reference_column': 'residence_Rural'}, 'country_admin_region': {'reference': 'ethiopia::01', 'reference_column': 'country_admin_region_ethiopia::01'}}"
whz,4,pooled,country_admin_region_kenya::17,0.1174194676565899,0.1193053366618453,-0.11641469536405302,0.3512536306772328,0.32502066627429016,37088,4434,114,model_specific_equal_total_country_weight,cluster_robust_country_psu,True,"{'child_sex': {'reference': 'Male', 'reference_column': 'child_sex_Male'}, 'maternal_education': {'reference': 'No education', 'reference_column': 'maternal_education_No education'}, 'literacy': {'reference': 'Cannot read at all', 'reference_column': 'literacy_Cannot read at all'}, 'wealth_quintile': {'reference': 'Poorest', 'reference_column': 'wealth_quintile_Poorest'}, 'residence': {'reference': 'Rural', 'reference_column': 'residence_Rural'}, 'country_admin_region': {'reference': 'ethiopia::01', 'reference_column': 'country_admin_region_ethiopia::01'}}"
whz,4,pooled,country_admin_region_kenya::18,0.4363052629607083,0.10458037014464464,0.2313315039873369,0.6412790219340797,3.0198886060219914e-05,37088,4434,114,model_specific_equal_total_country_weight,cluster_robust_country_psu,True,"{'child_sex': {'reference': 'Male', 'reference_column': 'child_sex_Male'}, 'maternal_education': {'reference': 'No education', 'reference_column': 'maternal_education_No education'}, 'literacy': {'reference': 'Cannot read at all', 'reference_column': 'literacy_Cannot read at all'}, 'wealth_quintile': {'reference': 'Poorest', 'reference_column': 'wealth_quintile_Poorest'}, 'residence': {'reference': 'Rural', 'reference_column': 'residence_Rural'}, 'country_admin_region': {'reference': 'ethiopia::01', 'reference_column': 'country_admin_region_ethiopia::01'}}"
whz,4,pooled,country_admin_region_kenya::19,0.41746887490002654,0.11823605199654229,0.1857304713125985,0.6492072784874545,0.0004142913441755671,37088,4434,114,model_specific_equal_total_country_weight,cluster_robust_country_psu,True,"{'child_sex': {'reference': 'Male', 'reference_column': 'child_sex_Male'}, 'maternal_education': {'reference': 'No education', 'reference_column': 'maternal_education_No education'}, 'literacy': {'reference': 'Cannot read at all', 'reference_column': 'literacy_Cannot read at all'}, 'wealth_quintile': {'reference': 'Poorest', 'reference_column': 'wealth_quintile_Poorest'}, 'residence': {'reference': 'Rural', 'reference_column': 'residence_Rural'}, 'country_admin_region': {'reference': 'ethiopia::01', 'reference_column': 'country_admin_region_ethiopia::01'}}"
whz,4,pooled,country_admin_region_kenya::20,0.18230746347493199,0.10711389405684704,-0.027631911120327146,0.3922468380701911,0.08875604067244662,37088,4434,114,model_specific_equal_total_country_weight,cluster_robust_country_psu,True,"{'child_sex': {'reference': 'Male', 'reference_column': 'child_sex_Male'}, 'maternal_education': {'reference': 'No education', 'reference_column': 'maternal_education_No education'}, 'literacy': {'reference': 'Cannot read at all', 'reference_column': 'literacy_Cannot read at all'}, 'wealth_quintile': {'reference': 'Poorest', 'reference_column': 'wealth_quintile_Poorest'}, 'residence': {'reference': 'Rural', 'reference_column': 'residence_Rural'}, 'country_admin_region': {'reference': 'ethiopia::01', 'reference_column': 'country_admin_region_ethiopia::01'}}"
whz,4,pooled,country_admin_region_kenya::21,0.15309297406290429,0.10008470500886323,-0.04306944315778319,0.34925539128359173,0.1261073328176131,37088,4434,114,model_specific_equal_total_country_weight,cluster_robust_country_psu,True,"{'child_sex': {'reference': 'Male', 'reference_column': 'child_sex_Male'}, 'maternal_education': {'reference': 'No education', 'reference_column': 'maternal_education_No education'}, 'literacy': {'reference': 'Cannot read at all', 'reference_column': 'literacy_Cannot read at all'}, 'wealth_quintile': {'reference': 'Poorest', 'reference_column': 'wealth_quintile_Poorest'}, 'residence': {'reference': 'Rural', 'reference_column': 'residence_Rural'}, 'country_admin_region': {'reference': 'ethiopia::01', 'reference_column': 'country_admin_region_ethiopia::01'}}"
whz,4,pooled,country_admin_region_kenya::22,0.34192324917321737,0.10567275232539655,0.13480846046821887,0.5490380378782158,0.0012135319279413868,37088,4434,114,model_specific_equal_total_country_weight,cluster_robust_country_psu,True,"{'child_sex': {'reference': 'Male', 'reference_column': 'child_sex_Male'}, 'maternal_education': {'reference': 'No education', 'reference_column': 'maternal_education_No education'}, 'literacy': {'reference': 'Cannot read at all', 'reference_column': 'literacy_Cannot read at all'}, 'wealth_quintile': {'reference': 'Poorest', 'reference_column': 'wealth_quintile_Poorest'}, 'residence': {'reference': 'Rural', 'reference_column': 'residence_Rural'}, 'country_admin_region': {'reference': 'ethiopia::01', 'reference_column': 'country_admin_region_ethiopia::01'}}"
whz,4,pooled,country_admin_region_kenya::23,-0.7831280965319112,0.10379776151882265,-0.9865679707846811,-0.5796882222791413,4.5315811412292295e-14,37088,4434,114,model_specific_equal_total_country_weight,cluster_robust_country_psu,True,"{'child_sex': {'reference': 'Male', 'reference_column': 'child_sex_Male'}, 'maternal_education': {'reference': 'No education', 'reference_column': 'maternal_education_No education'}, 'literacy': {'reference': 'Cannot read at all', 'reference_column': 'literacy_Cannot read at all'}, 'wealth_quintile': {'reference': 'Poorest', 'reference_column': 'wealth_quintile_Poorest'}, 'residence': {'reference': 'Rural', 'reference_column': 'residence_Rural'}, 'country_admin_region': {'reference': 'ethiopia::01', 'reference_column': 'country_admin_region_ethiopia::01'}}"
whz,4,pooled,country_admin_region_kenya::24,-0.4172246089921717,0.08766172010089676,-0.5890384232127602,-0.24541079477158312,1.940879090084886e-06,37088,4434,114,model_specific_equal_total_country_weight,cluster_robust_country_psu,True,"{'child_sex': {'reference': 'Male', 'reference_column': 'child_sex_Male'}, 'maternal_education': {'reference': 'No education', 'reference_column': 'maternal_education_No education'}, 'literacy': {'reference': 'Cannot read at all', 'reference_column': 'literacy_Cannot read at all'}, 'wealth_quintile': {'reference': 'Poorest', 'reference_column': 'wealth_quintile_Poorest'}, 'residence': {'reference': 'Rural', 'reference_column': 'residence_Rural'}, 'country_admin_region': {'reference': 'ethiopia::01', 'reference_column': 'country_admin_region_ethiopia::01'}}"
whz,4,pooled,country_admin_region_kenya::25,-0.5437943996096841,0.09835317652480645,-0.7365630833634151,-0.35102571585595316,3.2206719411306115e-08,37088,4434,114,model_specific_equal_total_country_weight,cluster_robust_country_psu,True,"{'child_sex': {'reference': 'Male', 'reference_column': 'child_sex_Male'}, 'maternal_education': {'reference': 'No education', 'reference_column': 'maternal_education_No education'}, 'literacy': {'reference': 'Cannot read at all', 'reference_column': 'literacy_Cannot read at all'}, 'wealth_quintile': {'reference': 'Poorest', 'reference_column': 'wealth_quintile_Poorest'}, 'residence': {'reference': 'Rural', 'reference_column': 'residence_Rural'}, 'country_admin_region': {'reference': 'ethiopia::01', 'reference_column': 'country_admin_region_ethiopia::01'}}"
whz,4,pooled,country_admin_region_kenya::26,0.059362228518229795,0.09449736464916896,-0.1258492028280898,0.24457365986454943,0.529879972406749,37088,4434,114,model_specific_equal_total_country_weight,cluster_robust_country_psu,True,"{'child_sex': {'reference': 'Male', 'reference_column': 'child_sex_Male'}, 'maternal_education': {'reference': 'No education', 'reference_column': 'maternal_education_No education'}, 'literacy': {'reference': 'Cannot read at all', 'reference_column': 'literacy_Cannot read at all'}, 'wealth_quintile': {'reference': 'Poorest', 'reference_column': 'wealth_quintile_Poorest'}, 'residence': {'reference': 'Rural', 'reference_column': 'residence_Rural'}, 'country_admin_region': {'reference': 'ethiopia::01', 'reference_column': 'country_admin_region_ethiopia::01'}}"
whz,4,pooled,country_admin_region_kenya::27,0.04834870579597451,0.10887096083182096,-0.16503445639666547,0.2617318679886145,0.6569761826569434,37088,4434,114,model_specific_equal_total_country_weight,cluster_robust_country_psu,True,"{'child_sex': {'reference': 'Male', 'reference_column': 'child_sex_Male'}, 'maternal_education': {'reference': 'No education', 'reference_column': 'maternal_education_No education'}, 'literacy': {'reference': 'Cannot read at all', 'reference_column': 'literacy_Cannot read at all'}, 'wealth_quintile': {'reference': 'Poorest', 'reference_column': 'wealth_quintile_Poorest'}, 'residence': {'reference': 'Rural', 'reference_column': 'residence_Rural'}, 'country_admin_region': {'reference': 'ethiopia::01', 'reference_column': 'country_admin_region_ethiopia::01'}}"
whz,4,pooled,country_admin_region_kenya::28,-0.12735689383198923,0.11225506630293933,-0.34737278086790613,0.0926589932039277,0.25657172397403427,37088,4434,114,model_specific_equal_total_country_weight,cluster_robust_country_psu,True,"{'child_sex': {'reference': 'Male', 'reference_column': 'child_sex_Male'}, 'maternal_education': {'reference': 'No education', 'reference_column': 'maternal_education_No education'}, 'literacy': {'reference': 'Cannot read at all', 'reference_column': 'literacy_Cannot read at all'}, 'wealth_quintile': {'reference': 'Poorest', 'reference_column': 'wealth_quintile_Poorest'}, 'residence': {'reference': 'Rural', 'reference_column': 'residence_Rural'}, 'country_admin_region': {'reference': 'ethiopia::01', 'reference_column': 'country_admin_region_ethiopia::01'}}"
whz,4,pooled,country_admin_region_kenya::29,0.06968918166141816,0.10920631748816739,-0.1443512674996366,0.28372963082247293,0.5233809874359343,37088,4434,114,model_specific_equal_total_country_weight,cluster_robust_country_psu,True,"{'child_sex': {'reference': 'Male', 'reference_column': 'child_sex_Male'}, 'maternal_education': {'reference': 'No education', 'reference_column': 'maternal_education_No education'}, 'literacy': {'reference': 'Cannot read at all', 'reference_column': 'literacy_Cannot read at all'}, 'wealth_quintile': {'reference': 'Poorest', 'reference_column': 'wealth_quintile_Poorest'}, 'residence': {'reference': 'Rural', 'reference_column': 'residence_Rural'}, 'country_admin_region': {'reference': 'ethiopia::01', 'reference_column': 'country_admin_region_ethiopia::01'}}"
whz,4,pooled,country_admin_region_kenya::30,-0.47933536423718615,0.13649811858427513,-0.7468667606198428,-0.21180396785452948,0.00044531263625866355,37088,4434,114,model_specific_equal_total_country_weight,cluster_robust_country_psu,True,"{'child_sex': {'reference': 'Male', 'reference_column': 'child_sex_Male'}, 'maternal_education': {'reference': 'No education', 'reference_column': 'maternal_education_No education'}, 'literacy': {'reference': 'Cannot read at all', 'reference_column': 'literacy_Cannot read at all'}, 'wealth_quintile': {'reference': 'Poorest', 'reference_column': 'wealth_quintile_Poorest'}, 'residence': {'reference': 'Rural', 'reference_column': 'residence_Rural'}, 'country_admin_region': {'reference': 'ethiopia::01', 'reference_column': 'country_admin_region_ethiopia::01'}}"
whz,4,pooled,country_admin_region_kenya::31,0.11530465602337728,0.09622733587186168,-0.07329745661371082,0.3039067686604654,0.23081869101175034,37088,4434,114,model_specific_equal_total_country_weight,cluster_robust_country_psu,True,"{'child_sex': {'reference': 'Male', 'reference_column': 'child_sex_Male'}, 'maternal_education': {'reference': 'No education', 'reference_column': 'maternal_education_No education'}, 'literacy': {'reference': 'Cannot read at all', 'reference_column': 'literacy_Cannot read at all'}, 'wealth_quintile': {'reference': 'Poorest', 'reference_column': 'wealth_quintile_Poorest'}, 'residence': {'reference': 'Rural', 'reference_column': 'residence_Rural'}, 'country_admin_region': {'reference': 'ethiopia::01', 'reference_column': 'country_admin_region_ethiopia::01'}}"
whz,4,pooled,country_admin_region_kenya::32,0.1420889991185203,0.0888081447901543,-0.03197176620400055,0.31614976444104115,0.10960865701539309,37088,4434,114,model_specific_equal_total_country_weight,cluster_robust_country_psu,True,"{'child_sex': {'reference': 'Male', 'reference_column': 'child_sex_Male'}, 'maternal_education': {'reference': 'No education', 'reference_column': 'maternal_education_No education'}, 'literacy': {'reference': 'Cannot read at all', 'reference_column': 'literacy_Cannot read at all'}, 'wealth_quintile': {'reference': 'Poorest', 'reference_column': 'wealth_quintile_Poorest'}, 'residence': {'reference': 'Rural', 'reference_column': 'residence_Rural'}, 'country_admin_region': {'reference': 'ethiopia::01', 'reference_column': 'country_admin_region_ethiopia::01'}}"
whz,4,pooled,country_admin_region_kenya::33,0.15279738504927415,0.08518170133362551,-0.01415568170647935,0.31975045180502765,0.07284800391978491,37088,4434,114,model_specific_equal_total_country_weight,cluster_robust_country_psu,True,"{'child_sex': {'reference': 'Male', 'reference_column': 'child_sex_Male'}, 'maternal_education': {'reference': 'No education', 'reference_column': 'maternal_education_No education'}, 'literacy': {'reference': 'Cannot read at all', 'reference_column': 'literacy_Cannot read at all'}, 'wealth_quintile': {'reference': 'Poorest', 'reference_column': 'wealth_quintile_Poorest'}, 'residence': {'reference': 'Rural', 'reference_column': 'residence_Rural'}, 'country_admin_region': {'reference': 'ethiopia::01', 'reference_column': 'country_admin_region_ethiopia::01'}}"
whz,4,pooled,country_admin_region_kenya::34,0.013109307350627897,0.11811180175672467,-0.21838557024168714,0.24460418494294295,0.9116237497197621,37088,4434,114,model_specific_equal_total_country_weight,cluster_robust_country_psu,True,"{'child_sex': {'reference': 'Male', 'reference_column': 'child_sex_Male'}, 'maternal_education': {'reference': 'No education', 'reference_column': 'maternal_education_No education'}, 'literacy': {'reference': 'Cannot read at all', 'reference_column': 'literacy_Cannot read at all'}, 'wealth_quintile': {'reference': 'Poorest', 'reference_column': 'wealth_quintile_Poorest'}, 'residence': {'reference': 'Rural', 'reference_column': 'residence_Rural'}, 'country_admin_region': {'reference': 'ethiopia::01', 'reference_column': 'country_admin_region_ethiopia::01'}}"
whz,4,pooled,country_admin_region_kenya::35,0.1105655425625928,0.08632690307635048,-0.05863207836393414,0.2797631634891197,0.2002718802485538,37088,4434,114,model_specific_equal_total_country_weight,cluster_robust_country_psu,True,"{'child_sex': {'reference': 'Male', 'reference_column': 'child_sex_Male'}, 'maternal_education': {'reference': 'No education', 'reference_column': 'maternal_education_No education'}, 'literacy': {'reference': 'Cannot read at all', 'reference_column': 'literacy_Cannot read at all'}, 'wealth_quintile': {'reference': 'Poorest', 'reference_column': 'wealth_quintile_Poorest'}, 'residence': {'reference': 'Rural', 'reference_column': 'residence_Rural'}, 'country_admin_region': {'reference': 'ethiopia::01', 'reference_column': 'country_admin_region_ethiopia::01'}}"
whz,4,pooled,country_admin_region_kenya::36,0.1605274380825147,0.11109807778975246,-0.05722079313702941,0.3782756693020588,0.14848136039644197,37088,4434,114,model_specific_equal_total_country_weight,cluster_robust_country_psu,True,"{'child_sex': {'reference': 'Male', 'reference_column': 'child_sex_Male'}, 'maternal_education': {'reference': 'No education', 'reference_column': 'maternal_education_No education'}, 'literacy': {'reference': 'Cannot read at all', 'reference_column': 'literacy_Cannot read at all'}, 'wealth_quintile': {'reference': 'Poorest', 'reference_column': 'wealth_quintile_Poorest'}, 'residence': {'reference': 'Rural', 'reference_column': 'residence_Rural'}, 'country_admin_region': {'reference': 'ethiopia::01', 'reference_column': 'country_admin_region_ethiopia::01'}}"
whz,4,pooled,country_admin_region_kenya::37,0.36708113886629334,0.08751722348488364,0.1955505328089784,0.5386117449236083,2.7361003174965263e-05,37088,4434,114,model_specific_equal_total_country_weight,cluster_robust_country_psu,True,"{'child_sex': {'reference': 'Male', 'reference_column': 'child_sex_Male'}, 'maternal_education': {'reference': 'No education', 'reference_column': 'maternal_education_No education'}, 'literacy': {'reference': 'Cannot read at all', 'reference_column': 'literacy_Cannot read at all'}, 'wealth_quintile': {'reference': 'Poorest', 'reference_column': 'wealth_quintile_Poorest'}, 'residence': {'reference': 'Rural', 'reference_column': 'residence_Rural'}, 'country_admin_region': {'reference': 'ethiopia::01', 'reference_column': 'country_admin_region_ethiopia::01'}}"
whz,4,pooled,country_admin_region_kenya::38,0.3283986796792625,0.10578518668507131,0.12106352367867668,0.5357338356798483,0.0019067057068091486,37088,4434,114,model_specific_equal_total_country_weight,cluster_robust_country_psu,True,"{'child_sex': {'reference': 'Male', 'reference_column': 'child_sex_Male'}, 'maternal_education': {'reference': 'No education', 'reference_column': 'maternal_education_No education'}, 'literacy': {'reference': 'Cannot read at all', 'reference_column': 'literacy_Cannot read at all'}, 'wealth_quintile': {'reference': 'Poorest', 'reference_column': 'wealth_quintile_Poorest'}, 'residence': {'reference': 'Rural', 'reference_column': 'residence_Rural'}, 'country_admin_region': {'reference': 'ethiopia::01', 'reference_column': 'country_admin_region_ethiopia::01'}}"
whz,4,pooled,country_admin_region_kenya::39,0.21621253521502795,0.09144919497391395,0.03697540665097529,0.39544966377908064,0.018064602698856732,37088,4434,114,model_specific_equal_total_country_weight,cluster_robust_country_psu,True,"{'child_sex': {'reference': 'Male', 'reference_column': 'child_sex_Male'}, 'maternal_education': {'reference': 'No education', 'reference_column': 'maternal_education_No education'}, 'literacy': {'reference': 'Cannot read at all', 'reference_column': 'literacy_Cannot read at all'}, 'wealth_quintile': {'reference': 'Poorest', 'reference_column': 'wealth_quintile_Poorest'}, 'residence': {'reference': 'Rural', 'reference_column': 'residence_Rural'}, 'country_admin_region': {'reference': 'ethiopia::01', 'reference_column': 'country_admin_region_ethiopia::01'}}"
whz,4,pooled,country_admin_region_kenya::40,0.20713272255604592,0.11026482617584986,-0.008982365510189216,0.42324781062228106,0.06031249142433267,37088,4434,114,model_specific_equal_total_country_weight,cluster_robust_country_psu,True,"{'child_sex': {'reference': 'Male', 'reference_column': 'child_sex_Male'}, 'maternal_education': {'reference': 'No education', 'reference_column': 'maternal_education_No education'}, 'literacy': {'reference': 'Cannot read at all', 'reference_column': 'literacy_Cannot read at all'}, 'wealth_quintile': {'reference': 'Poorest', 'reference_column': 'wealth_quintile_Poorest'}, 'residence': {'reference': 'Rural', 'reference_column': 'residence_Rural'}, 'country_admin_region': {'reference': 'ethiopia::01', 'reference_column': 'country_admin_region_ethiopia::01'}}"
whz,4,pooled,country_admin_region_kenya::41,0.41702987674884484,0.0987692478616965,0.22344570815980996,0.6106140453378797,2.418601811505315e-05,37088,4434,114,model_specific_equal_total_country_weight,cluster_robust_country_psu,True,"{'child_sex': {'reference': 'Male', 'reference_column': 'child_sex_Male'}, 'maternal_education': {'reference': 'No education', 'reference_column': 'maternal_education_No education'}, 'literacy': {'reference': 'Cannot read at all', 'reference_column': 'literacy_Cannot read at all'}, 'wealth_quintile': {'reference': 'Poorest', 'reference_column': 'wealth_quintile_Poorest'}, 'residence': {'reference': 'Rural', 'reference_column': 'residence_Rural'}, 'country_admin_region': {'reference': 'ethiopia::01', 'reference_column': 'country_admin_region_ethiopia::01'}}"
whz,4,pooled,country_admin_region_kenya::42,0.2272123034910316,0.09506585767728647,0.040886646284139544,0.4135379606979237,0.016846006656987652,37088,4434,114,model_specific_equal_total_country_weight,cluster_robust_country_psu,True,"{'child_sex': {'reference': 'Male', 'reference_column': 'child_sex_Male'}, 'maternal_education': {'reference': 'No education', 'reference_column': 'maternal_education_No education'}, 'literacy': {'reference': 'Cannot read at all', 'reference_column': 'literacy_Cannot read at all'}, 'wealth_quintile': {'reference': 'Poorest', 'reference_column': 'wealth_quintile_Poorest'}, 'residence': {'reference': 'Rural', 'reference_column': 'residence_Rural'}, 'country_admin_region': {'reference': 'ethiopia::01', 'reference_column': 'country_admin_region_ethiopia::01'}}"
whz,4,pooled,country_admin_region_kenya::43,0.3773923419970932,0.09231026775906243,0.19646754178608192,0.5583171422081045,4.345403944080206e-05,37088,4434,114,model_specific_equal_total_country_weight,cluster_robust_country_psu,True,"{'child_sex': {'reference': 'Male', 'reference_column': 'child_sex_Male'}, 'maternal_education': {'reference': 'No education', 'reference_column': 'maternal_education_No education'}, 'literacy': {'reference': 'Cannot read at all', 'reference_column': 'literacy_Cannot read at all'}, 'wealth_quintile': {'reference': 'Poorest', 'reference_column': 'wealth_quintile_Poorest'}, 'residence': {'reference': 'Rural', 'reference_column': 'residence_Rural'}, 'country_admin_region': {'reference': 'ethiopia::01', 'reference_column': 'country_admin_region_ethiopia::01'}}"
whz,4,pooled,country_admin_region_kenya::44,0.3418875079764532,0.08856573933794913,0.1683018486099106,0.5154731673429958,0.00011326263616280507,37088,4434,114,model_specific_equal_total_country_weight,cluster_robust_country_psu,True,"{'child_sex': {'reference': 'Male', 'reference_column': 'child_sex_Male'}, 'maternal_education': {'reference': 'No education', 'reference_column': 'maternal_education_No education'}, 'literacy': {'reference': 'Cannot read at all', 'reference_column': 'literacy_Cannot read at all'}, 'wealth_quintile': {'reference': 'Poorest', 'reference_column': 'wealth_quintile_Poorest'}, 'residence': {'reference': 'Rural', 'reference_column': 'residence_Rural'}, 'country_admin_region': {'reference': 'ethiopia::01', 'reference_column': 'country_admin_region_ethiopia::01'}}"
whz,4,pooled,country_admin_region_kenya::45,0.3125429383273533,0.09068638908908262,0.13480088182476524,0.49028499482994137,0.0005680770876477233,37088,4434,114,model_specific_equal_total_country_weight,cluster_robust_country_psu,True,"{'child_sex': {'reference': 'Male', 'reference_column': 'child_sex_Male'}, 'maternal_education': {'reference': 'No education', 'reference_column': 'maternal_education_No education'}, 'literacy': {'reference': 'Cannot read at all', 'reference_column': 'literacy_Cannot read at all'}, 'wealth_quintile': {'reference': 'Poorest', 'reference_column': 'wealth_quintile_Poorest'}, 'residence': {'reference': 'Rural', 'reference_column': 'residence_Rural'}, 'country_admin_region': {'reference': 'ethiopia::01', 'reference_column': 'country_admin_region_ethiopia::01'}}"
whz,4,pooled,country_admin_region_kenya::46,0.42581708448714134,0.09807480855135298,0.23359399193582858,0.618040177038454,1.4134717176341823e-05,37088,4434,114,model_specific_equal_total_country_weight,cluster_robust_country_psu,True,"{'child_sex': {'reference': 'Male', 'reference_column': 'child_sex_Male'}, 'maternal_education': {'reference': 'No education', 'reference_column': 'maternal_education_No education'}, 'literacy': {'reference': 'Cannot read at all', 'reference_column': 'literacy_Cannot read at all'}, 'wealth_quintile': {'reference': 'Poorest', 'reference_column': 'wealth_quintile_Poorest'}, 'residence': {'reference': 'Rural', 'reference_column': 'residence_Rural'}, 'country_admin_region': {'reference': 'ethiopia::01', 'reference_column': 'country_admin_region_ethiopia::01'}}"
whz,4,pooled,country_admin_region_kenya::47,0.28040015291848,0.104227377163967,0.07611824747403217,0.48468205836292777,0.007139347653264057,37088,4434,114,model_specific_equal_total_country_weight,cluster_robust_country_psu,True,"{'child_sex': {'reference': 'Male', 'reference_column': 'child_sex_Male'}, 'maternal_education': {'reference': 'No education', 'reference_column': 'maternal_education_No education'}, 'literacy': {'reference': 'Cannot read at all', 'reference_column': 'literacy_Cannot read at all'}, 'wealth_quintile': {'reference': 'Poorest', 'reference_column': 'wealth_quintile_Poorest'}, 'residence': {'reference': 'Rural', 'reference_column': 'residence_Rural'}, 'country_admin_region': {'reference': 'ethiopia::01', 'reference_column': 'country_admin_region_ethiopia::01'}}"
whz,4,pooled,country_admin_region_nigeria::01,-0.26769035518936196,0.1356151250003547,-0.5334911159489546,-0.0018895944297692702,0.04839339995054664,37088,4434,114,model_specific_equal_total_country_weight,cluster_robust_country_psu,True,"{'child_sex': {'reference': 'Male', 'reference_column': 'child_sex_Male'}, 'maternal_education': {'reference': 'No education', 'reference_column': 'maternal_education_No education'}, 'literacy': {'reference': 'Cannot read at all', 'reference_column': 'literacy_Cannot read at all'}, 'wealth_quintile': {'reference': 'Poorest', 'reference_column': 'wealth_quintile_Poorest'}, 'residence': {'reference': 'Rural', 'reference_column': 'residence_Rural'}, 'country_admin_region': {'reference': 'ethiopia::01', 'reference_column': 'country_admin_region_ethiopia::01'}}"
whz,4,pooled,country_admin_region_nigeria::02,-0.0986934944117273,0.12535106091941708,-0.34437705923767103,0.14699007041421647,0.4310847736564497,37088,4434,114,model_specific_equal_total_country_weight,cluster_robust_country_psu,True,"{'child_sex': {'reference': 'Male', 'reference_column': 'child_sex_Male'}, 'maternal_education': {'reference': 'No education', 'reference_column': 'maternal_education_No education'}, 'literacy': {'reference': 'Cannot read at all', 'reference_column': 'literacy_Cannot read at all'}, 'wealth_quintile': {'reference': 'Poorest', 'reference_column': 'wealth_quintile_Poorest'}, 'residence': {'reference': 'Rural', 'reference_column': 'residence_Rural'}, 'country_admin_region': {'reference': 'ethiopia::01', 'reference_column': 'country_admin_region_ethiopia::01'}}"
whz,4,pooled,country_admin_region_nigeria::03,-0.1417267402053786,0.10276461883215592,-0.3431416920013908,0.05968821159063359,0.1678517616548697,37088,4434,114,model_specific_equal_total_country_weight,cluster_robust_country_psu,True,"{'child_sex': {'reference': 'Male', 'reference_column': 'child_sex_Male'}, 'maternal_education': {'reference': 'No education', 'reference_column': 'maternal_education_No education'}, 'literacy': {'reference': 'Cannot read at all', 'reference_column': 'literacy_Cannot read at all'}, 'wealth_quintile': {'reference': 'Poorest', 'reference_column': 'wealth_quintile_Poorest'}, 'residence': {'reference': 'Rural', 'reference_column': 'residence_Rural'}, 'country_admin_region': {'reference': 'ethiopia::01', 'reference_column': 'country_admin_region_ethiopia::01'}}"
whz,4,pooled,country_admin_region_nigeria::04,-0.2127135139233614,0.13633797207395396,-0.47993102891353884,0.05450400106681602,0.11871434126979297,37088,4434,114,model_specific_equal_total_country_weight,cluster_robust_country_psu,True,"{'child_sex': {'reference': 'Male', 'reference_column': 'child_sex_Male'}, 'maternal_education': {'reference': 'No education', 'reference_column': 'maternal_education_No education'}, 'literacy': {'reference': 'Cannot read at all', 'reference_column': 'literacy_Cannot read at all'}, 'wealth_quintile': {'reference': 'Poorest', 'reference_column': 'wealth_quintile_Poorest'}, 'residence': {'reference': 'Rural', 'reference_column': 'residence_Rural'}, 'country_admin_region': {'reference': 'ethiopia::01', 'reference_column': 'country_admin_region_ethiopia::01'}}"
whz,4,pooled,country_admin_region_nigeria::05,-0.2076069304685584,0.1166359693172465,-0.43620922963228037,0.020995368695163524,0.0750831098100811,37088,4434,114,model_specific_equal_total_country_weight,cluster_robust_country_psu,True,"{'child_sex': {'reference': 'Male', 'reference_column': 'child_sex_Male'}, 'maternal_education': {'reference': 'No education', 'reference_column': 'maternal_education_No education'}, 'literacy': {'reference': 'Cannot read at all', 'reference_column': 'literacy_Cannot read at all'}, 'wealth_quintile': {'reference': 'Poorest', 'reference_column': 'wealth_quintile_Poorest'}, 'residence': {'reference': 'Rural', 'reference_column': 'residence_Rural'}, 'country_admin_region': {'reference': 'ethiopia::01', 'reference_column': 'country_admin_region_ethiopia::01'}}"
whz,4,pooled,country_admin_region_nigeria::06,0.07881864293543027,0.09188036115576603,-0.10126355581640413,0.2589008416872647,0.3909808555196088,37088,4434,114,model_specific_equal_total_country_weight,cluster_robust_country_psu,True,"{'child_sex': {'reference': 'Male', 'reference_column': 'child_sex_Male'}, 'maternal_education': {'reference': 'No education', 'reference_column': 'maternal_education_No education'}, 'literacy': {'reference': 'Cannot read at all', 'reference_column': 'literacy_Cannot read at all'}, 'wealth_quintile': {'reference': 'Poorest', 'reference_column': 'wealth_quintile_Poorest'}, 'residence': {'reference': 'Rural', 'reference_column': 'residence_Rural'}, 'country_admin_region': {'reference': 'ethiopia::01', 'reference_column': 'country_admin_region_ethiopia::01'}}"
whz,4,pooled,country_admin_region_nigeria::07,0.07548928059497985,0.11259789306298879,-0.14519853454357057,0.29617709573353024,0.5025821584345469,37088,4434,114,model_specific_equal_total_country_weight,cluster_robust_country_psu,True,"{'child_sex': {'reference': 'Male', 'reference_column': 'child_sex_Male'}, 'maternal_education': {'reference': 'No education', 'reference_column': 'maternal_education_No education'}, 'literacy': {'reference': 'Cannot read at all', 'reference_column': 'literacy_Cannot read at all'}, 'wealth_quintile': {'reference': 'Poorest', 'reference_column': 'wealth_quintile_Poorest'}, 'residence': {'reference': 'Rural', 'reference_column': 'residence_Rural'}, 'country_admin_region': {'reference': 'ethiopia::01', 'reference_column': 'country_admin_region_ethiopia::01'}}"
whz,4,pooled,country_admin_region_nigeria::08,-0.08418080287186483,0.12689923980508702,-0.332898742555347,0.16453713681161736,0.5070953596637098,37088,4434,114,model_specific_equal_total_country_weight,cluster_robust_country_psu,True,"{'child_sex': {'reference': 'Male', 'reference_column': 'child_sex_Male'}, 'maternal_education': {'reference': 'No education', 'reference_column': 'maternal_education_No education'}, 'literacy': {'reference': 'Cannot read at all', 'reference_column': 'literacy_Cannot read at all'}, 'wealth_quintile': {'reference': 'Poorest', 'reference_column': 'wealth_quintile_Poorest'}, 'residence': {'reference': 'Rural', 'reference_column': 'residence_Rural'}, 'country_admin_region': {'reference': 'ethiopia::01', 'reference_column': 'country_admin_region_ethiopia::01'}}"
whz,4,pooled,country_admin_region_nigeria::09,0.1276215543593727,0.09649246771212056,-0.06150020713577761,0.316743315854523,0.18596630820679516,37088,4434,114,model_specific_equal_total_country_weight,cluster_robust_country_psu,True,"{'child_sex': {'reference': 'Male', 'reference_column': 'child_sex_Male'}, 'maternal_education': {'reference': 'No education', 'reference_column': 'maternal_education_No education'}, 'literacy': {'reference': 'Cannot read at all', 'reference_column': 'literacy_Cannot read at all'}, 'wealth_quintile': {'reference': 'Poorest', 'reference_column': 'wealth_quintile_Poorest'}, 'residence': {'reference': 'Rural', 'reference_column': 'residence_Rural'}, 'country_admin_region': {'reference': 'ethiopia::01', 'reference_column': 'country_admin_region_ethiopia::01'}}"
whz,4,pooled,country_admin_region_nigeria::10,-0.16093705123150304,0.13663544716342535,-0.4287376066833422,0.10686350422033614,0.23885352285343953,37088,4434,114,model_specific_equal_total_country_weight,cluster_robust_country_psu,True,"{'child_sex': {'reference': 'Male', 'reference_column': 'child_sex_Male'}, 'maternal_education': {'reference': 'No education', 'reference_column': 'maternal_education_No education'}, 'literacy': {'reference': 'Cannot read at all', 'reference_column': 'literacy_Cannot read at all'}, 'wealth_quintile': {'reference': 'Poorest', 'reference_column': 'wealth_quintile_Poorest'}, 'residence': {'reference': 'Rural', 'reference_column': 'residence_Rural'}, 'country_admin_region': {'reference': 'ethiopia::01', 'reference_column': 'country_admin_region_ethiopia::01'}}"
whz,4,pooled,country_admin_region_nigeria::11,-0.2992169868513091,0.11773793650553858,-0.5299791020162283,-0.0684548716863898,0.011041543971598617,37088,4434,114,model_specific_equal_total_country_weight,cluster_robust_country_psu,True,"{'child_sex': {'reference': 'Male', 'reference_column': 'child_sex_Male'}, 'maternal_education': {'reference': 'No education', 'reference_column': 'maternal_education_No education'}, 'literacy': {'reference': 'Cannot read at all', 'reference_column': 'literacy_Cannot read at all'}, 'wealth_quintile': {'reference': 'Poorest', 'reference_column': 'wealth_quintile_Poorest'}, 'residence': {'reference': 'Rural', 'reference_column': 'residence_Rural'}, 'country_admin_region': {'reference': 'ethiopia::01', 'reference_column': 'country_admin_region_ethiopia::01'}}"
whz,4,pooled,country_admin_region_nigeria::12,-0.18001816822852418,0.11601543651599723,-0.4074042454505718,0.047367908993523444,0.12074018127502219,37088,4434,114,model_specific_equal_total_country_weight,cluster_robust_country_psu,True,"{'child_sex': {'reference': 'Male', 'reference_column': 'child_sex_Male'}, 'maternal_education': {'reference': 'No education', 'reference_column': 'maternal_education_No education'}, 'literacy': {'reference': 'Cannot read at all', 'reference_column': 'literacy_Cannot read at all'}, 'wealth_quintile': {'reference': 'Poorest', 'reference_column': 'wealth_quintile_Poorest'}, 'residence': {'reference': 'Rural', 'reference_column': 'residence_Rural'}, 'country_admin_region': {'reference': 'ethiopia::01', 'reference_column': 'country_admin_region_ethiopia::01'}}"
whz,4,pooled,country_admin_region_nigeria::13,-0.27607562389283175,0.09868578053382282,-0.46949619952534843,-0.08265504826031506,0.005149628953022884,37088,4434,114,model_specific_equal_total_country_weight,cluster_robust_country_psu,True,"{'child_sex': {'reference': 'Male', 'reference_column': 'child_sex_Male'}, 'maternal_education': {'reference': 'No education', 'reference_column': 'maternal_education_No education'}, 'literacy': {'reference': 'Cannot read at all', 'reference_column': 'literacy_Cannot read at all'}, 'wealth_quintile': {'reference': 'Poorest', 'reference_column': 'wealth_quintile_Poorest'}, 'residence': {'reference': 'Rural', 'reference_column': 'residence_Rural'}, 'country_admin_region': {'reference': 'ethiopia::01', 'reference_column': 'country_admin_region_ethiopia::01'}}"
whz,4,pooled,country_admin_region_nigeria::14,-0.34407342980160277,0.11182492982467912,-0.5632462648316928,-0.12490059477151275,0.002091698302625893,37088,4434,114,model_specific_equal_total_country_weight,cluster_robust_country_psu,True,"{'child_sex': {'reference': 'Male', 'reference_column': 'child_sex_Male'}, 'maternal_education': {'reference': 'No education', 'reference_column': 'maternal_education_No education'}, 'literacy': {'reference': 'Cannot read at all', 'reference_column': 'literacy_Cannot read at all'}, 'wealth_quintile': {'reference': 'Poorest', 'reference_column': 'wealth_quintile_Poorest'}, 'residence': {'reference': 'Rural', 'reference_column': 'residence_Rural'}, 'country_admin_region': {'reference': 'ethiopia::01', 'reference_column': 'country_admin_region_ethiopia::01'}}"
whz,4,pooled,country_admin_region_nigeria::15,0.01136320567339589,0.09968261411968815,-0.18401112788599677,0.20673753923278854,0.9092426629933326,37088,4434,114,model_specific_equal_total_country_weight,cluster_robust_country_psu,True,"{'child_sex': {'reference': 'Male', 'reference_column': 'child_sex_Male'}, 'maternal_education': {'reference': 'No education', 'reference_column': 'maternal_education_No education'}, 'literacy': {'reference': 'Cannot read at all', 'reference_column': 'literacy_Cannot read at all'}, 'wealth_quintile': {'reference': 'Poorest', 'reference_column': 'wealth_quintile_Poorest'}, 'residence': {'reference': 'Rural', 'reference_column': 'residence_Rural'}, 'country_admin_region': {'reference': 'ethiopia::01', 'reference_column': 'country_admin_region_ethiopia::01'}}"
whz,4,pooled,country_admin_region_nigeria::16,-0.2760419138045964,0.10918479501363708,-0.49004017969071356,-0.06204364791847927,0.011464628409939915,37088,4434,114,model_specific_equal_total_country_weight,cluster_robust_country_psu,True,"{'child_sex': {'reference': 'Male', 'reference_column': 'child_sex_Male'}, 'maternal_education': {'reference': 'No education', 'reference_column': 'maternal_education_No education'}, 'literacy': {'reference': 'Cannot read at all', 'reference_column': 'literacy_Cannot read at all'}, 'wealth_quintile': {'reference': 'Poorest', 'reference_column': 'wealth_quintile_Poorest'}, 'residence': {'reference': 'Rural', 'reference_column': 'residence_Rural'}, 'country_admin_region': {'reference': 'ethiopia::01', 'reference_column': 'country_admin_region_ethiopia::01'}}"
whz,4,pooled,country_admin_region_nigeria::17,0.23841191974676562,0.1587272096723162,-0.07268769457751184,0.549511534071043,0.13309116882891814,37088,4434,114,model_specific_equal_total_country_weight,cluster_robust_country_psu,True,"{'child_sex': {'reference': 'Male', 'reference_column': 'child_sex_Male'}, 'maternal_education': {'reference': 'No education', 'reference_column': 'maternal_education_No education'}, 'literacy': {'reference': 'Cannot read at all', 'reference_column': 'literacy_Cannot read at all'}, 'wealth_quintile': {'reference': 'Poorest', 'reference_column': 'wealth_quintile_Poorest'}, 'residence': {'reference': 'Rural', 'reference_column': 'residence_Rural'}, 'country_admin_region': {'reference': 'ethiopia::01', 'reference_column': 'country_admin_region_ethiopia::01'}}"
whz,4,pooled,country_admin_region_nigeria::18,-0.06784030567662329,0.10076872104257832,-0.2653433696882403,0.1296627583349937,0.5008023694278079,37088,4434,114,model_specific_equal_total_country_weight,cluster_robust_country_psu,True,"{'child_sex': {'reference': 'Male', 'reference_column': 'child_sex_Male'}, 'maternal_education': {'reference': 'No education', 'reference_column': 'maternal_education_No education'}, 'literacy': {'reference': 'Cannot read at all', 'reference_column': 'literacy_Cannot read at all'}, 'wealth_quintile': {'reference': 'Poorest', 'reference_column': 'wealth_quintile_Poorest'}, 'residence': {'reference': 'Rural', 'reference_column': 'residence_Rural'}, 'country_admin_region': {'reference': 'ethiopia::01', 'reference_column': 'country_admin_region_ethiopia::01'}}"
whz,4,pooled,country_admin_region_nigeria::19,-0.38106689956091955,0.10512957148709878,-0.5871170733857621,-0.17501672573607696,0.00028925723395282246,37088,4434,114,model_specific_equal_total_country_weight,cluster_robust_country_psu,True,"{'child_sex': {'reference': 'Male', 'reference_column': 'child_sex_Male'}, 'maternal_education': {'reference': 'No education', 'reference_column': 'maternal_education_No education'}, 'literacy': {'reference': 'Cannot read at all', 'reference_column': 'literacy_Cannot read at all'}, 'wealth_quintile': {'reference': 'Poorest', 'reference_column': 'wealth_quintile_Poorest'}, 'residence': {'reference': 'Rural', 'reference_column': 'residence_Rural'}, 'country_admin_region': {'reference': 'ethiopia::01', 'reference_column': 'country_admin_region_ethiopia::01'}}"
whz,4,pooled,country_admin_region_nigeria::20,-0.09200360413522746,0.11136646930728165,-0.31027787306288485,0.12627066479242993,0.4087281977565358,37088,4434,114,model_specific_equal_total_country_weight,cluster_robust_country_psu,True,"{'child_sex': {'reference': 'Male', 'reference_column': 'child_sex_Male'}, 'maternal_education': {'reference': 'No education', 'reference_column': 'maternal_education_No education'}, 'literacy': {'reference': 'Cannot read at all', 'reference_column': 'literacy_Cannot read at all'}, 'wealth_quintile': {'reference': 'Poorest', 'reference_column': 'wealth_quintile_Poorest'}, 'residence': {'reference': 'Rural', 'reference_column': 'residence_Rural'}, 'country_admin_region': {'reference': 'ethiopia::01', 'reference_column': 'country_admin_region_ethiopia::01'}}"
whz,4,pooled,country_admin_region_nigeria::21,-0.27223727943053,0.11055360643836948,-0.4889183664107496,-0.05555619245031038,0.013797557108209511,37088,4434,114,model_specific_equal_total_country_weight,cluster_robust_country_psu,True,"{'child_sex': {'reference': 'Male', 'reference_column': 'child_sex_Male'}, 'maternal_education': {'reference': 'No education', 'reference_column': 'maternal_education_No education'}, 'literacy': {'reference': 'Cannot read at all', 'reference_column': 'literacy_Cannot read at all'}, 'wealth_quintile': {'reference': 'Poorest', 'reference_column': 'wealth_quintile_Poorest'}, 'residence': {'reference': 'Rural', 'reference_column': 'residence_Rural'}, 'country_admin_region': {'reference': 'ethiopia::01', 'reference_column': 'country_admin_region_ethiopia::01'}}"
whz,4,pooled,country_admin_region_nigeria::22,-0.38234442413038255,0.09669869668722447,-0.5718703869893051,-0.19281846127145996,7.686279641229273e-05,37088,4434,114,model_specific_equal_total_country_weight,cluster_robust_country_psu,True,"{'child_sex': {'reference': 'Male', 'reference_column': 'child_sex_Male'}, 'maternal_education': {'reference': 'No education', 'reference_column': 'maternal_education_No education'}, 'literacy': {'reference': 'Cannot read at all', 'reference_column': 'literacy_Cannot read at all'}, 'wealth_quintile': {'reference': 'Poorest', 'reference_column': 'wealth_quintile_Poorest'}, 'residence': {'reference': 'Rural', 'reference_column': 'residence_Rural'}, 'country_admin_region': {'reference': 'ethiopia::01', 'reference_column': 'country_admin_region_ethiopia::01'}}"
whz,4,pooled,country_admin_region_nigeria::23,-0.2325479308134286,0.09651891806854364,-0.4217215340545464,-0.04337432757231077,0.015980929582818895,37088,4434,114,model_specific_equal_total_country_weight,cluster_robust_country_psu,True,"{'child_sex': {'reference': 'Male', 'reference_column': 'child_sex_Male'}, 'maternal_education': {'reference': 'No education', 'reference_column': 'maternal_education_No education'}, 'literacy': {'reference': 'Cannot read at all', 'reference_column': 'literacy_Cannot read at all'}, 'wealth_quintile': {'reference': 'Poorest', 'reference_column': 'wealth_quintile_Poorest'}, 'residence': {'reference': 'Rural', 'reference_column': 'residence_Rural'}, 'country_admin_region': {'reference': 'ethiopia::01', 'reference_column': 'country_admin_region_ethiopia::01'}}"
whz,4,pooled,country_admin_region_nigeria::24,-0.09930418507392175,0.09969392554753563,-0.29470068862450916,0.09609231847666569,0.3192061122721881,37088,4434,114,model_specific_equal_total_country_weight,cluster_robust_country_psu,True,"{'child_sex': {'reference': 'Male', 'reference_column': 'child_sex_Male'}, 'maternal_education': {'reference': 'No education', 'reference_column': 'maternal_education_No education'}, 'literacy': {'reference': 'Cannot read at all', 'reference_column': 'literacy_Cannot read at all'}, 'wealth_quintile': {'reference': 'Poorest', 'reference_column': 'wealth_quintile_Poorest'}, 'residence': {'reference': 'Rural', 'reference_column': 'residence_Rural'}, 'country_admin_region': {'reference': 'ethiopia::01', 'reference_column': 'country_admin_region_ethiopia::01'}}"
whz,4,pooled,country_admin_region_nigeria::25,-0.47971775107362224,0.10278688937735117,-0.6811763523361332,-0.27825914981111133,3.054653540908829e-06,37088,4434,114,model_specific_equal_total_country_weight,cluster_robust_country_psu,True,"{'child_sex': {'reference': 'Male', 'reference_column': 'child_sex_Male'}, 'maternal_education': {'reference': 'No education', 'reference_column': 'maternal_education_No education'}, 'literacy': {'reference': 'Cannot read at all', 'reference_column': 'literacy_Cannot read at all'}, 'wealth_quintile': {'reference': 'Poorest', 'reference_column': 'wealth_quintile_Poorest'}, 'residence': {'reference': 'Rural', 'reference_column': 'residence_Rural'}, 'country_admin_region': {'reference': 'ethiopia::01', 'reference_column': 'country_admin_region_ethiopia::01'}}"
whz,4,pooled,country_admin_region_nigeria::26,-0.5108360300866635,0.10133311140092265,-0.709445278873857,-0.3122267812994699,4.6272787319948317e-07,37088,4434,114,model_specific_equal_total_country_weight,cluster_robust_country_psu,True,"{'child_sex': {'reference': 'Male', 'reference_column': 'child_sex_Male'}, 'maternal_education': {'reference': 'No education', 'reference_column': 'maternal_education_No education'}, 'literacy': {'reference': 'Cannot read at all', 'reference_column': 'literacy_Cannot read at all'}, 'wealth_quintile': {'reference': 'Poorest', 'reference_column': 'wealth_quintile_Poorest'}, 'residence': {'reference': 'Rural', 'reference_column': 'residence_Rural'}, 'country_admin_region': {'reference': 'ethiopia::01', 'reference_column': 'country_admin_region_ethiopia::01'}}"
whz,4,pooled,country_admin_region_nigeria::27,-0.426783890475283,0.10175033128894695,-0.626210875216638,-0.22735690573392797,2.7356752541368373e-05,37088,4434,114,model_specific_equal_total_country_weight,cluster_robust_country_psu,True,"{'child_sex': {'reference': 'Male', 'reference_column': 'child_sex_Male'}, 'maternal_education': {'reference': 'No education', 'reference_column': 'maternal_education_No education'}, 'literacy': {'reference': 'Cannot read at all', 'reference_column': 'literacy_Cannot read at all'}, 'wealth_quintile': {'reference': 'Poorest', 'reference_column': 'wealth_quintile_Poorest'}, 'residence': {'reference': 'Rural', 'reference_column': 'residence_Rural'}, 'country_admin_region': {'reference': 'ethiopia::01', 'reference_column': 'country_admin_region_ethiopia::01'}}"
whz,4,pooled,country_admin_region_nigeria::28,-0.19760923032401037,0.1090520579879079,-0.41134733642028337,0.01612887577226263,0.06997641873067587,37088,4434,114,model_specific_equal_total_country_weight,cluster_robust_country_psu,True,"{'child_sex': {'reference': 'Male', 'reference_column': 'child_sex_Male'}, 'maternal_education': {'reference': 'No education', 'reference_column': 'maternal_education_No education'}, 'literacy': {'reference': 'Cannot read at all', 'reference_column': 'literacy_Cannot read at all'}, 'wealth_quintile': {'reference': 'Poorest', 'reference_column': 'wealth_quintile_Poorest'}, 'residence': {'reference': 'Rural', 'reference_column': 'residence_Rural'}, 'country_admin_region': {'reference': 'ethiopia::01', 'reference_column': 'country_admin_region_ethiopia::01'}}"
whz,4,pooled,country_admin_region_nigeria::29,-0.6216981380419591,0.11877057400704659,-0.8544841855189195,-0.38891209056499865,1.6548057591240477e-07,37088,4434,114,model_specific_equal_total_country_weight,cluster_robust_country_psu,True,"{'child_sex': {'reference': 'Male', 'reference_column': 'child_sex_Male'}, 'maternal_education': {'reference': 'No education', 'reference_column': 'maternal_education_No education'}, 'literacy': {'reference': 'Cannot read at all', 'reference_column': 'literacy_Cannot read at all'}, 'wealth_quintile': {'reference': 'Poorest', 'reference_column': 'wealth_quintile_Poorest'}, 'residence': {'reference': 'Rural', 'reference_column': 'residence_Rural'}, 'country_admin_region': {'reference': 'ethiopia::01', 'reference_column': 'country_admin_region_ethiopia::01'}}"
whz,4,pooled,country_admin_region_nigeria::30,-0.4762910220252013,0.09873732399027549,-0.6698126209760039,-0.2827694230743987,1.4083492669239845e-06,37088,4434,114,model_specific_equal_total_country_weight,cluster_robust_country_psu,True,"{'child_sex': {'reference': 'Male', 'reference_column': 'child_sex_Male'}, 'maternal_education': {'reference': 'No education', 'reference_column': 'maternal_education_No education'}, 'literacy': {'reference': 'Cannot read at all', 'reference_column': 'literacy_Cannot read at all'}, 'wealth_quintile': {'reference': 'Poorest', 'reference_column': 'wealth_quintile_Poorest'}, 'residence': {'reference': 'Rural', 'reference_column': 'residence_Rural'}, 'country_admin_region': {'reference': 'ethiopia::01', 'reference_column': 'country_admin_region_ethiopia::01'}}"
whz,4,pooled,country_admin_region_nigeria::31,-0.6272355002842372,0.1035358372589729,-0.8301620124210244,-0.4243089881474501,1.3769705863154549e-09,37088,4434,114,model_specific_equal_total_country_weight,cluster_robust_country_psu,True,"{'child_sex': {'reference': 'Male', 'reference_column': 'child_sex_Male'}, 'maternal_education': {'reference': 'No education', 'reference_column': 'maternal_education_No education'}, 'literacy': {'reference': 'Cannot read at all', 'reference_column': 'literacy_Cannot read at all'}, 'wealth_quintile': {'reference': 'Poorest', 'reference_column': 'wealth_quintile_Poorest'}, 'residence': {'reference': 'Rural', 'reference_column': 'residence_Rural'}, 'country_admin_region': {'reference': 'ethiopia::01', 'reference_column': 'country_admin_region_ethiopia::01'}}"
whz,4,pooled,country_admin_region_nigeria::32,-0.20452408975374273,0.11034339152967601,-0.4207931630839098,0.011744983576424312,0.06380733447013051,37088,4434,114,model_specific_equal_total_country_weight,cluster_robust_country_psu,True,"{'child_sex': {'reference': 'Male', 'reference_column': 'child_sex_Male'}, 'maternal_education': {'reference': 'No education', 'reference_column': 'maternal_education_No education'}, 'literacy': {'reference': 'Cannot read at all', 'reference_column': 'literacy_Cannot read at all'}, 'wealth_quintile': {'reference': 'Poorest', 'reference_column': 'wealth_quintile_Poorest'}, 'residence': {'reference': 'Rural', 'reference_column': 'residence_Rural'}, 'country_admin_region': {'reference': 'ethiopia::01', 'reference_column': 'country_admin_region_ethiopia::01'}}"
whz,4,pooled,country_admin_region_nigeria::33,-0.3615695573976234,0.12318493704144785,-0.6030075974366953,-0.1201315173585516,0.0033335779151626604,37088,4434,114,model_specific_equal_total_country_weight,cluster_robust_country_psu,True,"{'child_sex': {'reference': 'Male', 'reference_column': 'child_sex_Male'}, 'maternal_education': {'reference': 'No education', 'reference_column': 'maternal_education_No education'}, 'literacy': {'reference': 'Cannot read at all', 'reference_column': 'literacy_Cannot read at all'}, 'wealth_quintile': {'reference': 'Poorest', 'reference_column': 'wealth_quintile_Poorest'}, 'residence': {'reference': 'Rural', 'reference_column': 'residence_Rural'}, 'country_admin_region': {'reference': 'ethiopia::01', 'reference_column': 'country_admin_region_ethiopia::01'}}"
whz,4,pooled,country_admin_region_nigeria::34,-0.6159845285289616,0.12380608635985142,-0.858639998861126,-0.3733290581967972,6.511378482056352e-07,37088,4434,114,model_specific_equal_total_country_weight,cluster_robust_country_psu,True,"{'child_sex': {'reference': 'Male', 'reference_column': 'child_sex_Male'}, 'maternal_education': {'reference': 'No education', 'reference_column': 'maternal_education_No education'}, 'literacy': {'reference': 'Cannot read at all', 'reference_column': 'literacy_Cannot read at all'}, 'wealth_quintile': {'reference': 'Poorest', 'reference_column': 'wealth_quintile_Poorest'}, 'residence': {'reference': 'Rural', 'reference_column': 'residence_Rural'}, 'country_admin_region': {'reference': 'ethiopia::01', 'reference_column': 'country_admin_region_ethiopia::01'}}"
whz,4,pooled,country_admin_region_nigeria::35,-0.4036323876790739,0.14125979250087986,-0.6804964934443996,-0.12676828191374817,0.0042715905301972945,37088,4434,114,model_specific_equal_total_country_weight,cluster_robust_country_psu,True,"{'child_sex': {'reference': 'Male', 'reference_column': 'child_sex_Male'}, 'maternal_education': {'reference': 'No education', 'reference_column': 'maternal_education_No education'}, 'literacy': {'reference': 'Cannot read at all', 'reference_column': 'literacy_Cannot read at all'}, 'wealth_quintile': {'reference': 'Poorest', 'reference_column': 'wealth_quintile_Poorest'}, 'residence': {'reference': 'Rural', 'reference_column': 'residence_Rural'}, 'country_admin_region': {'reference': 'ethiopia::01', 'reference_column': 'country_admin_region_ethiopia::01'}}"
whz,4,pooled,country_admin_region_nigeria::36,-0.4283722861541447,0.13507235891284924,-0.693109244930197,-0.1636353273780924,0.0015169136922340263,37088,4434,114,model_specific_equal_total_country_weight,cluster_robust_country_psu,True,"{'child_sex': {'reference': 'Male', 'reference_column': 'child_sex_Male'}, 'maternal_education': {'reference': 'No education', 'reference_column': 'maternal_education_No education'}, 'literacy': {'reference': 'Cannot read at all', 'reference_column': 'literacy_Cannot read at all'}, 'wealth_quintile': {'reference': 'Poorest', 'reference_column': 'wealth_quintile_Poorest'}, 'residence': {'reference': 'Rural', 'reference_column': 'residence_Rural'}, 'country_admin_region': {'reference': 'ethiopia::01', 'reference_column': 'country_admin_region_ethiopia::01'}}"
whz,4,pooled,country_admin_region_nigeria::37,-0.666655300201306,0.09218182748070157,-0.8473283620925658,-0.48598223831004633,4.760720147908755e-13,37088,4434,114,model_specific_equal_total_country_weight,cluster_robust_country_psu,True,"{'child_sex': {'reference': 'Male', 'reference_column': 'child_sex_Male'}, 'maternal_education': {'reference': 'No education', 'reference_column': 'maternal_education_No education'}, 'literacy': {'reference': 'Cannot read at all', 'reference_column': 'literacy_Cannot read at all'}, 'wealth_quintile': {'reference': 'Poorest', 'reference_column': 'wealth_quintile_Poorest'}, 'residence': {'reference': 'Rural', 'reference_column': 'residence_Rural'}, 'country_admin_region': {'reference': 'ethiopia::01', 'reference_column': 'country_admin_region_ethiopia::01'}}"
whz,4,ethiopia,const,-0.6444195861768107,0.254293891412193,-1.1428264548332483,-0.1460127175203731,0.011271955652020797,5884,787,14,weight_original,cluster_robust_psu,True,"{'child_sex': {'reference': 'Male', 'reference_column': 'child_sex_Male'}, 'maternal_education': {'reference': 'No education', 'reference_column': 'maternal_education_No education'}, 'literacy': {'reference': 'Cannot read at all', 'reference_column': 'literacy_Cannot read at all'}, 'wealth_quintile': {'reference': 'Poorest', 'reference_column': 'wealth_quintile_Poorest'}, 'residence': {'reference': 'Rural', 'reference_column': 'residence_Rural'}, 'country_admin_region': {'reference': 'ethiopia::01', 'reference_column': 'country_admin_region_ethiopia::01'}}"
whz,4,ethiopia,water_rate_loo,0.06945132124980438,0.12119399204711702,-0.16808453830517872,0.3069871808047875,0.5666046718899945,5884,787,14,weight_original,cluster_robust_psu,True,"{'child_sex': {'reference': 'Male', 'reference_column': 'child_sex_Male'}, 'maternal_education': {'reference': 'No education', 'reference_column': 'maternal_education_No education'}, 'literacy': {'reference': 'Cannot read at all', 'reference_column': 'literacy_Cannot read at all'}, 'wealth_quintile': {'reference': 'Poorest', 'reference_column': 'wealth_quintile_Poorest'}, 'residence': {'reference': 'Rural', 'reference_column': 'residence_Rural'}, 'country_admin_region': {'reference': 'ethiopia::01', 'reference_column': 'country_admin_region_ethiopia::01'}}"
whz,4,ethiopia,sanitation_rate_loo_core,0.18719020238481499,0.13750761384402096,-0.08231976834950744,0.4567001731191374,0.17341640438590322,5884,787,14,weight_original,cluster_robust_psu,True,"{'child_sex': {'reference': 'Male', 'reference_column': 'child_sex_Male'}, 'maternal_education': {'reference': 'No education', 'reference_column': 'maternal_education_No education'}, 'literacy': {'reference': 'Cannot read at all', 'reference_column': 'literacy_Cannot read at all'}, 'wealth_quintile': {'reference': 'Poorest', 'reference_column': 'wealth_quintile_Poorest'}, 'residence': {'reference': 'Rural', 'reference_column': 'residence_Rural'}, 'country_admin_region': {'reference': 'ethiopia::01', 'reference_column': 'country_admin_region_ethiopia::01'}}"
whz,4,ethiopia,b19_raw,-0.0011661792003294779,0.0016450076511314495,-0.0043903349508399485,0.002057976550180993,0.47837398114616403,5884,787,14,weight_original,cluster_robust_psu,True,"{'child_sex': {'reference': 'Male', 'reference_column': 'child_sex_Male'}, 'maternal_education': {'reference': 'No education', 'reference_column': 'maternal_education_No education'}, 'literacy': {'reference': 'Cannot read at all', 'reference_column': 'literacy_Cannot read at all'}, 'wealth_quintile': {'reference': 'Poorest', 'reference_column': 'wealth_quintile_Poorest'}, 'residence': {'reference': 'Rural', 'reference_column': 'residence_Rural'}, 'country_admin_region': {'reference': 'ethiopia::01', 'reference_column': 'country_admin_region_ethiopia::01'}}"
whz,4,ethiopia,birth_order_raw,-0.008418030450680947,0.02447082237978788,-0.05637996098714193,0.03954390008578004,0.7308442100628985,5884,787,14,weight_original,cluster_robust_psu,True,"{'child_sex': {'reference': 'Male', 'reference_column': 'child_sex_Male'}, 'maternal_education': {'reference': 'No education', 'reference_column': 'maternal_education_No education'}, 'literacy': {'reference': 'Cannot read at all', 'reference_column': 'literacy_Cannot read at all'}, 'wealth_quintile': {'reference': 'Poorest', 'reference_column': 'wealth_quintile_Poorest'}, 'residence': {'reference': 'Rural', 'reference_column': 'residence_Rural'}, 'country_admin_region': {'reference': 'ethiopia::01', 'reference_column': 'country_admin_region_ethiopia::01'}}"
whz,4,ethiopia,maternal_age,-0.0007382100692598982,0.007472433317494767,-0.015383910248426797,0.013907490109907002,0.9213041178665802,5884,787,14,weight_original,cluster_robust_psu,True,"{'child_sex': {'reference': 'Male', 'reference_column': 'child_sex_Male'}, 'maternal_education': {'reference': 'No education', 'reference_column': 'maternal_education_No education'}, 'literacy': {'reference': 'Cannot read at all', 'reference_column': 'literacy_Cannot read at all'}, 'wealth_quintile': {'reference': 'Poorest', 'reference_column': 'wealth_quintile_Poorest'}, 'residence': {'reference': 'Rural', 'reference_column': 'residence_Rural'}, 'country_admin_region': {'reference': 'ethiopia::01', 'reference_column': 'country_admin_region_ethiopia::01'}}"
whz,4,ethiopia,household_size_raw,0.027016963861766094,0.01709216854296166,-0.006483070900127209,0.0605169986236594,0.1139550395918681,5884,787,14,weight_original,cluster_robust_psu,True,"{'child_sex': {'reference': 'Male', 'reference_column': 'child_sex_Male'}, 'maternal_education': {'reference': 'No education', 'reference_column': 'maternal_education_No education'}, 'literacy': {'reference': 'Cannot read at all', 'reference_column': 'literacy_Cannot read at all'}, 'wealth_quintile': {'reference': 'Poorest', 'reference_column': 'wealth_quintile_Poorest'}, 'residence': {'reference': 'Rural', 'reference_column': 'residence_Rural'}, 'country_admin_region': {'reference': 'ethiopia::01', 'reference_column': 'country_admin_region_ethiopia::01'}}"
whz,4,ethiopia,child_sex_Female,0.026359225660725294,0.051536375582593795,-0.07465021437488799,0.1273686656963386,0.6090231358950431,5884,787,14,weight_original,cluster_robust_psu,True,"{'child_sex': {'reference': 'Male', 'reference_column': 'child_sex_Male'}, 'maternal_education': {'reference': 'No education', 'reference_column': 'maternal_education_No education'}, 'literacy': {'reference': 'Cannot read at all', 'reference_column': 'literacy_Cannot read at all'}, 'wealth_quintile': {'reference': 'Poorest', 'reference_column': 'wealth_quintile_Poorest'}, 'residence': {'reference': 'Rural', 'reference_column': 'residence_Rural'}, 'country_admin_region': {'reference': 'ethiopia::01', 'reference_column': 'country_admin_region_ethiopia::01'}}"
whz,4,ethiopia,maternal_education_Higher,0.32702037525101424,0.1667615566441554,0.0001737302226335058,0.653867020279395,0.04987834949274358,5884,787,14,weight_original,cluster_robust_psu,True,"{'child_sex': {'reference': 'Male', 'reference_column': 'child_sex_Male'}, 'maternal_education': {'reference': 'No education', 'reference_column': 'maternal_education_No education'}, 'literacy': {'reference': 'Cannot read at all', 'reference_column': 'literacy_Cannot read at all'}, 'wealth_quintile': {'reference': 'Poorest', 'reference_column': 'wealth_quintile_Poorest'}, 'residence': {'reference': 'Rural', 'reference_column': 'residence_Rural'}, 'country_admin_region': {'reference': 'ethiopia::01', 'reference_column': 'country_admin_region_ethiopia::01'}}"
whz,4,ethiopia,maternal_education_Primary,0.22077187411130839,0.09716331265336359,0.030335280692110833,0.41120846753050594,0.023076051861936762,5884,787,14,weight_original,cluster_robust_psu,True,"{'child_sex': {'reference': 'Male', 'reference_column': 'child_sex_Male'}, 'maternal_education': {'reference': 'No education', 'reference_column': 'maternal_education_No education'}, 'literacy': {'reference': 'Cannot read at all', 'reference_column': 'literacy_Cannot read at all'}, 'wealth_quintile': {'reference': 'Poorest', 'reference_column': 'wealth_quintile_Poorest'}, 'residence': {'reference': 'Rural', 'reference_column': 'residence_Rural'}, 'country_admin_region': {'reference': 'ethiopia::01', 'reference_column': 'country_admin_region_ethiopia::01'}}"
whz,4,ethiopia,maternal_education_Secondary,0.2908717771414882,0.13885950994636082,0.018712138735739625,0.5630314155472368,0.03619590022044134,5884,787,14,weight_original,cluster_robust_psu,True,"{'child_sex': {'reference': 'Male', 'reference_column': 'child_sex_Male'}, 'maternal_education': {'reference': 'No education', 'reference_column': 'maternal_education_No education'}, 'literacy': {'reference': 'Cannot read at all', 'reference_column': 'literacy_Cannot read at all'}, 'wealth_quintile': {'reference': 'Poorest', 'reference_column': 'wealth_quintile_Poorest'}, 'residence': {'reference': 'Rural', 'reference_column': 'residence_Rural'}, 'country_admin_region': {'reference': 'ethiopia::01', 'reference_column': 'country_admin_region_ethiopia::01'}}"
whz,4,ethiopia,literacy_Able to read only parts of sentence,-0.07286935024406876,0.10172320481386724,-0.27224316807124,0.12650446758310246,0.47377567009859556,5884,787,14,weight_original,cluster_robust_psu,True,"{'child_sex': {'reference': 'Male', 'reference_column': 'child_sex_Male'}, 'maternal_education': {'reference': 'No education', 'reference_column': 'maternal_education_No education'}, 'literacy': {'reference': 'Cannot read at all', 'reference_column': 'literacy_Cannot read at all'}, 'wealth_quintile': {'reference': 'Poorest', 'reference_column': 'wealth_quintile_Poorest'}, 'residence': {'reference': 'Rural', 'reference_column': 'residence_Rural'}, 'country_admin_region': {'reference': 'ethiopia::01', 'reference_column': 'country_admin_region_ethiopia::01'}}"
whz,4,ethiopia,literacy_Able to read whole sentence,-0.1840615360762273,0.12225311210480043,-0.42367323279957386,0.05555016064711926,0.13217566553879523,5884,787,14,weight_original,cluster_robust_psu,True,"{'child_sex': {'reference': 'Male', 'reference_column': 'child_sex_Male'}, 'maternal_education': {'reference': 'No education', 'reference_column': 'maternal_education_No education'}, 'literacy': {'reference': 'Cannot read at all', 'reference_column': 'literacy_Cannot read at all'}, 'wealth_quintile': {'reference': 'Poorest', 'reference_column': 'wealth_quintile_Poorest'}, 'residence': {'reference': 'Rural', 'reference_column': 'residence_Rural'}, 'country_admin_region': {'reference': 'ethiopia::01', 'reference_column': 'country_admin_region_ethiopia::01'}}"
whz,4,ethiopia,literacy_Blind/visually impaired,-0.002853675035781697,0.2764668352047732,-0.5447187149569075,0.5390113648853441,0.9917644269324691,5884,787,14,weight_original,cluster_robust_psu,True,"{'child_sex': {'reference': 'Male', 'reference_column': 'child_sex_Male'}, 'maternal_education': {'reference': 'No education', 'reference_column': 'maternal_education_No education'}, 'literacy': {'reference': 'Cannot read at all', 'reference_column': 'literacy_Cannot read at all'}, 'wealth_quintile': {'reference': 'Poorest', 'reference_column': 'wealth_quintile_Poorest'}, 'residence': {'reference': 'Rural', 'reference_column': 'residence_Rural'}, 'country_admin_region': {'reference': 'ethiopia::01', 'reference_column': 'country_admin_region_ethiopia::01'}}"
whz,4,ethiopia,literacy_No card with required language,0.43986940117065737,0.4517688080593692,-0.44558119196429474,1.3253199943056095,0.3302251825800877,5884,787,14,weight_original,cluster_robust_psu,True,"{'child_sex': {'reference': 'Male', 'reference_column': 'child_sex_Male'}, 'maternal_education': {'reference': 'No education', 'reference_column': 'maternal_education_No education'}, 'literacy': {'reference': 'Cannot read at all', 'reference_column': 'literacy_Cannot read at all'}, 'wealth_quintile': {'reference': 'Poorest', 'reference_column': 'wealth_quintile_Poorest'}, 'residence': {'reference': 'Rural', 'reference_column': 'residence_Rural'}, 'country_admin_region': {'reference': 'ethiopia::01', 'reference_column': 'country_admin_region_ethiopia::01'}}"
whz,4,ethiopia,wealth_quintile_Middle,0.04749233887337184,0.09876916447454533,-0.14609166627984996,0.24107634402659364,0.6306289679294805,5884,787,14,weight_original,cluster_robust_psu,True,"{'child_sex': {'reference': 'Male', 'reference_column': 'child_sex_Male'}, 'maternal_education': {'reference': 'No education', 'reference_column': 'maternal_education_No education'}, 'literacy': {'reference': 'Cannot read at all', 'reference_column': 'literacy_Cannot read at all'}, 'wealth_quintile': {'reference': 'Poorest', 'reference_column': 'wealth_quintile_Poorest'}, 'residence': {'reference': 'Rural', 'reference_column': 'residence_Rural'}, 'country_admin_region': {'reference': 'ethiopia::01', 'reference_column': 'country_admin_region_ethiopia::01'}}"
whz,4,ethiopia,wealth_quintile_Poorer,0.11242811612174866,0.09399444263099736,-0.07179760618192246,0.2966538384254198,0.23165187837667056,5884,787,14,weight_original,cluster_robust_psu,True,"{'child_sex': {'reference': 'Male', 'reference_column': 'child_sex_Male'}, 'maternal_education': {'reference': 'No education', 'reference_column': 'maternal_education_No education'}, 'literacy': {'reference': 'Cannot read at all', 'reference_column': 'literacy_Cannot read at all'}, 'wealth_quintile': {'reference': 'Poorest', 'reference_column': 'wealth_quintile_Poorest'}, 'residence': {'reference': 'Rural', 'reference_column': 'residence_Rural'}, 'country_admin_region': {'reference': 'ethiopia::01', 'reference_column': 'country_admin_region_ethiopia::01'}}"
whz,4,ethiopia,wealth_quintile_Richer,0.08076299852617161,0.12216958146575574,-0.15868498115304175,0.32021097820538497,0.5085655688099171,5884,787,14,weight_original,cluster_robust_psu,True,"{'child_sex': {'reference': 'Male', 'reference_column': 'child_sex_Male'}, 'maternal_education': {'reference': 'No education', 'reference_column': 'maternal_education_No education'}, 'literacy': {'reference': 'Cannot read at all', 'reference_column': 'literacy_Cannot read at all'}, 'wealth_quintile': {'reference': 'Poorest', 'reference_column': 'wealth_quintile_Poorest'}, 'residence': {'reference': 'Rural', 'reference_column': 'residence_Rural'}, 'country_admin_region': {'reference': 'ethiopia::01', 'reference_column': 'country_admin_region_ethiopia::01'}}"
whz,4,ethiopia,wealth_quintile_Richest,0.008125924365860737,0.2140741585014915,-0.41145171631778166,0.42770356504950313,0.9697208060453609,5884,787,14,weight_original,cluster_robust_psu,True,"{'child_sex': {'reference': 'Male', 'reference_column': 'child_sex_Male'}, 'maternal_education': {'reference': 'No education', 'reference_column': 'maternal_education_No education'}, 'literacy': {'reference': 'Cannot read at all', 'reference_column': 'literacy_Cannot read at all'}, 'wealth_quintile': {'reference': 'Poorest', 'reference_column': 'wealth_quintile_Poorest'}, 'residence': {'reference': 'Rural', 'reference_column': 'residence_Rural'}, 'country_admin_region': {'reference': 'ethiopia::01', 'reference_column': 'country_admin_region_ethiopia::01'}}"
whz,4,ethiopia,residence_Urban,0.10033616932348248,0.1546963590362245,-0.20286312292699488,0.40353546157395986,0.5165964922217727,5884,787,14,weight_original,cluster_robust_psu,True,"{'child_sex': {'reference': 'Male', 'reference_column': 'child_sex_Male'}, 'maternal_education': {'reference': 'No education', 'reference_column': 'maternal_education_No education'}, 'literacy': {'reference': 'Cannot read at all', 'reference_column': 'literacy_Cannot read at all'}, 'wealth_quintile': {'reference': 'Poorest', 'reference_column': 'wealth_quintile_Poorest'}, 'residence': {'reference': 'Rural', 'reference_column': 'residence_Rural'}, 'country_admin_region': {'reference': 'ethiopia::01', 'reference_column': 'country_admin_region_ethiopia::01'}}"
whz,4,ethiopia,country_admin_region_ethiopia::02,-0.3923846638709468,0.11740316252242912,-0.6224906340860105,-0.16227869365588307,0.0008311762273659511,5884,787,14,weight_original,cluster_robust_psu,True,"{'child_sex': {'reference': 'Male', 'reference_column': 'child_sex_Male'}, 'maternal_education': {'reference': 'No education', 'reference_column': 'maternal_education_No education'}, 'literacy': {'reference': 'Cannot read at all', 'reference_column': 'literacy_Cannot read at all'}, 'wealth_quintile': {'reference': 'Poorest', 'reference_column': 'wealth_quintile_Poorest'}, 'residence': {'reference': 'Rural', 'reference_column': 'residence_Rural'}, 'country_admin_region': {'reference': 'ethiopia::01', 'reference_column': 'country_admin_region_ethiopia::01'}}"
whz,4,ethiopia,country_admin_region_ethiopia::03,0.05415468871823193,0.09751618989932066,-0.13697353139400517,0.24528290883046902,0.5786617885481278,5884,787,14,weight_original,cluster_robust_psu,True,"{'child_sex': {'reference': 'Male', 'reference_column': 'child_sex_Male'}, 'maternal_education': {'reference': 'No education', 'reference_column': 'maternal_education_No education'}, 'literacy': {'reference': 'Cannot read at all', 'reference_column': 'literacy_Cannot read at all'}, 'wealth_quintile': {'reference': 'Poorest', 'reference_column': 'wealth_quintile_Poorest'}, 'residence': {'reference': 'Rural', 'reference_column': 'residence_Rural'}, 'country_admin_region': {'reference': 'ethiopia::01', 'reference_column': 'country_admin_region_ethiopia::01'}}"
whz,4,ethiopia,country_admin_region_ethiopia::04,0.30460339556993493,0.10367904734435446,0.10139619682357706,0.5078105943162928,0.003303950476287785,5884,787,14,weight_original,cluster_robust_psu,True,"{'child_sex': {'reference': 'Male', 'reference_column': 'child_sex_Male'}, 'maternal_education': {'reference': 'No education', 'reference_column': 'maternal_education_No education'}, 'literacy': {'reference': 'Cannot read at all', 'reference_column': 'literacy_Cannot read at all'}, 'wealth_quintile': {'reference': 'Poorest', 'reference_column': 'wealth_quintile_Poorest'}, 'residence': {'reference': 'Rural', 'reference_column': 'residence_Rural'}, 'country_admin_region': {'reference': 'ethiopia::01', 'reference_column': 'country_admin_region_ethiopia::01'}}"
whz,4,ethiopia,country_admin_region_ethiopia::05,-0.30524397307232864,0.14740736917873923,-0.5941571077184571,-0.016330838426200145,0.03838206139027312,5884,787,14,weight_original,cluster_robust_psu,True,"{'child_sex': {'reference': 'Male', 'reference_column': 'child_sex_Male'}, 'maternal_education': {'reference': 'No education', 'reference_column': 'maternal_education_No education'}, 'literacy': {'reference': 'Cannot read at all', 'reference_column': 'literacy_Cannot read at all'}, 'wealth_quintile': {'reference': 'Poorest', 'reference_column': 'wealth_quintile_Poorest'}, 'residence': {'reference': 'Rural', 'reference_column': 'residence_Rural'}, 'country_admin_region': {'reference': 'ethiopia::01', 'reference_column': 'country_admin_region_ethiopia::01'}}"
whz,4,ethiopia,country_admin_region_ethiopia::06,0.031855201103663175,0.10105102594234741,-0.16620117034416043,0.22991157255148675,0.7525803710401622,5884,787,14,weight_original,cluster_robust_psu,True,"{'child_sex': {'reference': 'Male', 'reference_column': 'child_sex_Male'}, 'maternal_education': {'reference': 'No education', 'reference_column': 'maternal_education_No education'}, 'literacy': {'reference': 'Cannot read at all', 'reference_column': 'literacy_Cannot read at all'}, 'wealth_quintile': {'reference': 'Poorest', 'reference_column': 'wealth_quintile_Poorest'}, 'residence': {'reference': 'Rural', 'reference_column': 'residence_Rural'}, 'country_admin_region': {'reference': 'ethiopia::01', 'reference_column': 'country_admin_region_ethiopia::01'}}"
whz,4,ethiopia,country_admin_region_ethiopia::07,0.38008721105488635,0.11495636772757728,0.15477687051529232,0.6053975515944804,0.0009451634853237015,5884,787,14,weight_original,cluster_robust_psu,True,"{'child_sex': {'reference': 'Male', 'reference_column': 'child_sex_Male'}, 'maternal_education': {'reference': 'No education', 'reference_column': 'maternal_education_No education'}, 'literacy': {'reference': 'Cannot read at all', 'reference_column': 'literacy_Cannot read at all'}, 'wealth_quintile': {'reference': 'Poorest', 'reference_column': 'wealth_quintile_Poorest'}, 'residence': {'reference': 'Rural', 'reference_column': 'residence_Rural'}, 'country_admin_region': {'reference': 'ethiopia::01', 'reference_column': 'country_admin_region_ethiopia::01'}}"
whz,4,ethiopia,country_admin_region_ethiopia::08,0.28613057548544596,0.10713713834363008,0.07614564292524575,0.4961155080456462,0.007569448404150457,5884,787,14,weight_original,cluster_robust_psu,True,"{'child_sex': {'reference': 'Male', 'reference_column': 'child_sex_Male'}, 'maternal_education': {'reference': 'No education', 'reference_column': 'maternal_education_No education'}, 'literacy': {'reference': 'Cannot read at all', 'reference_column': 'literacy_Cannot read at all'}, 'wealth_quintile': {'reference': 'Poorest', 'reference_column': 'wealth_quintile_Poorest'}, 'residence': {'reference': 'Rural', 'reference_column': 'residence_Rural'}, 'country_admin_region': {'reference': 'ethiopia::01', 'reference_column': 'country_admin_region_ethiopia::01'}}"
whz,4,ethiopia,country_admin_region_ethiopia::09,0.39630929777819607,0.10615315888162521,0.1882529295250525,0.6043656660313397,0.00018893275821170235,5884,787,14,weight_original,cluster_robust_psu,True,"{'child_sex': {'reference': 'Male', 'reference_column': 'child_sex_Male'}, 'maternal_education': {'reference': 'No education', 'reference_column': 'maternal_education_No education'}, 'literacy': {'reference': 'Cannot read at all', 'reference_column': 'literacy_Cannot read at all'}, 'wealth_quintile': {'reference': 'Poorest', 'reference_column': 'wealth_quintile_Poorest'}, 'residence': {'reference': 'Rural', 'reference_column': 'residence_Rural'}, 'country_admin_region': {'reference': 'ethiopia::01', 'reference_column': 'country_admin_region_ethiopia::01'}}"
whz,4,ethiopia,country_admin_region_ethiopia::10,0.3837530629750119,0.1168535979496085,0.1547242195298557,0.612781906420168,0.001023267521678767,5884,787,14,weight_original,cluster_robust_psu,True,"{'child_sex': {'reference': 'Male', 'reference_column': 'child_sex_Male'}, 'maternal_education': {'reference': 'No education', 'reference_column': 'maternal_education_No education'}, 'literacy': {'reference': 'Cannot read at all', 'reference_column': 'literacy_Cannot read at all'}, 'wealth_quintile': {'reference': 'Poorest', 'reference_column': 'wealth_quintile_Poorest'}, 'residence': {'reference': 'Rural', 'reference_column': 'residence_Rural'}, 'country_admin_region': {'reference': 'ethiopia::01', 'reference_column': 'country_admin_region_ethiopia::01'}}"
whz,4,ethiopia,country_admin_region_ethiopia::12,-0.5269681098407585,0.1510325414973009,-0.8229864516690194,-0.23094976801249756,0.0004846441704080852,5884,787,14,weight_original,cluster_robust_psu,True,"{'child_sex': {'reference': 'Male', 'reference_column': 'child_sex_Male'}, 'maternal_education': {'reference': 'No education', 'reference_column': 'maternal_education_No education'}, 'literacy': {'reference': 'Cannot read at all', 'reference_column': 'literacy_Cannot read at all'}, 'wealth_quintile': {'reference': 'Poorest', 'reference_column': 'wealth_quintile_Poorest'}, 'residence': {'reference': 'Rural', 'reference_column': 'residence_Rural'}, 'country_admin_region': {'reference': 'ethiopia::01', 'reference_column': 'country_admin_region_ethiopia::01'}}"
whz,4,ethiopia,country_admin_region_ethiopia::13,0.1697126007110462,0.1085513645536741,-0.04304416428683286,0.3824693657089253,0.11795118349569446,5884,787,14,weight_original,cluster_robust_psu,True,"{'child_sex': {'reference': 'Male', 'reference_column': 'child_sex_Male'}, 'maternal_education': {'reference': 'No education', 'reference_column': 'maternal_education_No education'}, 'literacy': {'reference': 'Cannot read at all', 'reference_column': 'literacy_Cannot read at all'}, 'wealth_quintile': {'reference': 'Poorest', 'reference_column': 'wealth_quintile_Poorest'}, 'residence': {'reference': 'Rural', 'reference_column': 'residence_Rural'}, 'country_admin_region': {'reference': 'ethiopia::01', 'reference_column': 'country_admin_region_ethiopia::01'}}"
whz,4,ethiopia,country_admin_region_ethiopia::14,0.2257452799022133,0.13121823082158662,-0.03143772662316016,0.4829282864275868,0.08536330703980355,5884,787,14,weight_original,cluster_robust_psu,True,"{'child_sex': {'reference': 'Male', 'reference_column': 'child_sex_Male'}, 'maternal_education': {'reference': 'No education', 'reference_column': 'maternal_education_No education'}, 'literacy': {'reference': 'Cannot read at all', 'reference_column': 'literacy_Cannot read at all'}, 'wealth_quintile': {'reference': 'Poorest', 'reference_column': 'wealth_quintile_Poorest'}, 'residence': {'reference': 'Rural', 'reference_column': 'residence_Rural'}, 'country_admin_region': {'reference': 'ethiopia::01', 'reference_column': 'country_admin_region_ethiopia::01'}}"
whz,4,ethiopia,country_admin_region_ethiopia::15,-0.15788990362069147,0.1253870372763161,-0.4036439808104523,0.08786417356906931,0.2079507685492794,5884,787,14,weight_original,cluster_robust_psu,True,"{'child_sex': {'reference': 'Male', 'reference_column': 'child_sex_Male'}, 'maternal_education': {'reference': 'No education', 'reference_column': 'maternal_education_No education'}, 'literacy': {'reference': 'Cannot read at all', 'reference_column': 'literacy_Cannot read at all'}, 'wealth_quintile': {'reference': 'Poorest', 'reference_column': 'wealth_quintile_Poorest'}, 'residence': {'reference': 'Rural', 'reference_column': 'residence_Rural'}, 'country_admin_region': {'reference': 'ethiopia::01', 'reference_column': 'country_admin_region_ethiopia::01'}}"
whz,4,ghana,const,-0.33167279948026807,0.19129481345138005,-0.7066037442742812,0.04325814531374511,0.08294814609851162,4408,616,16,weight_original,cluster_robust_psu,True,"{'child_sex': {'reference': 'Male', 'reference_column': 'child_sex_Male'}, 'maternal_education': {'reference': 'No education', 'reference_column': 'maternal_education_No education'}, 'literacy': {'reference': 'Cannot read at all', 'reference_column': 'literacy_Cannot read at all'}, 'wealth_quintile': {'reference': 'Poorest', 'reference_column': 'wealth_quintile_Poorest'}, 'residence': {'reference': 'Rural', 'reference_column': 'residence_Rural'}, 'country_admin_region': {'reference': 'ghana::01', 'reference_column': 'country_admin_region_ghana::01'}}"
whz,4,ghana,water_rate_loo,0.18124614345219425,0.09276212563452342,-0.0005642819208513672,0.36305656882523984,0.05071530651779817,4408,616,16,weight_original,cluster_robust_psu,True,"{'child_sex': {'reference': 'Male', 'reference_column': 'child_sex_Male'}, 'maternal_education': {'reference': 'No education', 'reference_column': 'maternal_education_No education'}, 'literacy': {'reference': 'Cannot read at all', 'reference_column': 'literacy_Cannot read at all'}, 'wealth_quintile': {'reference': 'Poorest', 'reference_column': 'wealth_quintile_Poorest'}, 'residence': {'reference': 'Rural', 'reference_column': 'residence_Rural'}, 'country_admin_region': {'reference': 'ghana::01', 'reference_column': 'country_admin_region_ghana::01'}}"
whz,4,ghana,sanitation_rate_loo_core,-0.03680532265308109,0.12712808392315086,-0.2859717885660422,0.21236114325988006,0.7721882932650722,4408,616,16,weight_original,cluster_robust_psu,True,"{'child_sex': {'reference': 'Male', 'reference_column': 'child_sex_Male'}, 'maternal_education': {'reference': 'No education', 'reference_column': 'maternal_education_No education'}, 'literacy': {'reference': 'Cannot read at all', 'reference_column': 'literacy_Cannot read at all'}, 'wealth_quintile': {'reference': 'Poorest', 'reference_column': 'wealth_quintile_Poorest'}, 'residence': {'reference': 'Rural', 'reference_column': 'residence_Rural'}, 'country_admin_region': {'reference': 'ghana::01', 'reference_column': 'country_admin_region_ghana::01'}}"
whz,4,ghana,b19_raw,-0.0033054758103611276,0.0016074858868954792,-0.006456090254332693,-0.00015486136638956155,0.03975345363092782,4408,616,16,weight_original,cluster_robust_psu,True,"{'child_sex': {'reference': 'Male', 'reference_column': 'child_sex_Male'}, 'maternal_education': {'reference': 'No education', 'reference_column': 'maternal_education_No education'}, 'literacy': {'reference': 'Cannot read at all', 'reference_column': 'literacy_Cannot read at all'}, 'wealth_quintile': {'reference': 'Poorest', 'reference_column': 'wealth_quintile_Poorest'}, 'residence': {'reference': 'Rural', 'reference_column': 'residence_Rural'}, 'country_admin_region': {'reference': 'ghana::01', 'reference_column': 'country_admin_region_ghana::01'}}"
whz,4,ghana,birth_order_raw,0.03296908011500752,0.020178650570499425,-0.006580348259789967,0.07251850848980501,0.10228835348833515,4408,616,16,weight_original,cluster_robust_psu,True,"{'child_sex': {'reference': 'Male', 'reference_column': 'child_sex_Male'}, 'maternal_education': {'reference': 'No education', 'reference_column': 'maternal_education_No education'}, 'literacy': {'reference': 'Cannot read at all', 'reference_column': 'literacy_Cannot read at all'}, 'wealth_quintile': {'reference': 'Poorest', 'reference_column': 'wealth_quintile_Poorest'}, 'residence': {'reference': 'Rural', 'reference_column': 'residence_Rural'}, 'country_admin_region': {'reference': 'ghana::01', 'reference_column': 'country_admin_region_ghana::01'}}"
whz,4,ghana,maternal_age,-0.00478467278378328,0.005952241898253983,-0.01645085253163141,0.006881506964064851,0.42148718679219666,4408,616,16,weight_original,cluster_robust_psu,True,"{'child_sex': {'reference': 'Male', 'reference_column': 'child_sex_Male'}, 'maternal_education': {'reference': 'No education', 'reference_column': 'maternal_education_No education'}, 'literacy': {'reference': 'Cannot read at all', 'reference_column': 'literacy_Cannot read at all'}, 'wealth_quintile': {'reference': 'Poorest', 'reference_column': 'wealth_quintile_Poorest'}, 'residence': {'reference': 'Rural', 'reference_column': 'residence_Rural'}, 'country_admin_region': {'reference': 'ghana::01', 'reference_column': 'country_admin_region_ghana::01'}}"
whz,4,ghana,household_size_raw,-0.01081595348560084,0.00995776213466484,-0.030332808636160617,0.008700901664958936,0.277397968652937,4408,616,16,weight_original,cluster_robust_psu,True,"{'child_sex': {'reference': 'Male', 'reference_column': 'child_sex_Male'}, 'maternal_education': {'reference': 'No education', 'reference_column': 'maternal_education_No education'}, 'literacy': {'reference': 'Cannot read at all', 'reference_column': 'literacy_Cannot read at all'}, 'wealth_quintile': {'reference': 'Poorest', 'reference_column': 'wealth_quintile_Poorest'}, 'residence': {'reference': 'Rural', 'reference_column': 'residence_Rural'}, 'country_admin_region': {'reference': 'ghana::01', 'reference_column': 'country_admin_region_ghana::01'}}"
whz,4,ghana,child_sex_Female,0.03881617367179354,0.04340111860324362,-0.046248455679315285,0.12388080302290236,0.3711299324911963,4408,616,16,weight_original,cluster_robust_psu,True,"{'child_sex': {'reference': 'Male', 'reference_column': 'child_sex_Male'}, 'maternal_education': {'reference': 'No education', 'reference_column': 'maternal_education_No education'}, 'literacy': {'reference': 'Cannot read at all', 'reference_column': 'literacy_Cannot read at all'}, 'wealth_quintile': {'reference': 'Poorest', 'reference_column': 'wealth_quintile_Poorest'}, 'residence': {'reference': 'Rural', 'reference_column': 'residence_Rural'}, 'country_admin_region': {'reference': 'ghana::01', 'reference_column': 'country_admin_region_ghana::01'}}"
whz,4,ghana,maternal_education_Higher,0.2763071721978836,0.13163872797073597,0.01830000640457563,0.5343143379911915,0.035818586824069486,4408,616,16,weight_original,cluster_robust_psu,True,"{'child_sex': {'reference': 'Male', 'reference_column': 'child_sex_Male'}, 'maternal_education': {'reference': 'No education', 'reference_column': 'maternal_education_No education'}, 'literacy': {'reference': 'Cannot read at all', 'reference_column': 'literacy_Cannot read at all'}, 'wealth_quintile': {'reference': 'Poorest', 'reference_column': 'wealth_quintile_Poorest'}, 'residence': {'reference': 'Rural', 'reference_column': 'residence_Rural'}, 'country_admin_region': {'reference': 'ghana::01', 'reference_column': 'country_admin_region_ghana::01'}}"
whz,4,ghana,maternal_education_Primary,-0.06961977506913444,0.08651616849863764,-0.23918834940686298,0.0999487992685941,0.42099139000671304,4408,616,16,weight_original,cluster_robust_psu,True,"{'child_sex': {'reference': 'Male', 'reference_column': 'child_sex_Male'}, 'maternal_education': {'reference': 'No education', 'reference_column': 'maternal_education_No education'}, 'literacy': {'reference': 'Cannot read at all', 'reference_column': 'literacy_Cannot read at all'}, 'wealth_quintile': {'reference': 'Poorest', 'reference_column': 'wealth_quintile_Poorest'}, 'residence': {'reference': 'Rural', 'reference_column': 'residence_Rural'}, 'country_admin_region': {'reference': 'ghana::01', 'reference_column': 'country_admin_region_ghana::01'}}"
whz,4,ghana,maternal_education_Secondary,0.07888784515826691,0.09299963584457202,-0.10338809167243451,0.26116378198896834,0.3962933442193255,4408,616,16,weight_original,cluster_robust_psu,True,"{'child_sex': {'reference': 'Male', 'reference_column': 'child_sex_Male'}, 'maternal_education': {'reference': 'No education', 'reference_column': 'maternal_education_No education'}, 'literacy': {'reference': 'Cannot read at all', 'reference_column': 'literacy_Cannot read at all'}, 'wealth_quintile': {'reference': 'Poorest', 'reference_column': 'wealth_quintile_Poorest'}, 'residence': {'reference': 'Rural', 'reference_column': 'residence_Rural'}, 'country_admin_region': {'reference': 'ghana::01', 'reference_column': 'country_admin_region_ghana::01'}}"
whz,4,ghana,literacy_Able to read only parts of sentence,-0.07849963832252146,0.10107288489075715,-0.2765988525219681,0.11959957587692516,0.43735722283389966,4408,616,16,weight_original,cluster_robust_psu,True,"{'child_sex': {'reference': 'Male', 'reference_column': 'child_sex_Male'}, 'maternal_education': {'reference': 'No education', 'reference_column': 'maternal_education_No education'}, 'literacy': {'reference': 'Cannot read at all', 'reference_column': 'literacy_Cannot read at all'}, 'wealth_quintile': {'reference': 'Poorest', 'reference_column': 'wealth_quintile_Poorest'}, 'residence': {'reference': 'Rural', 'reference_column': 'residence_Rural'}, 'country_admin_region': {'reference': 'ghana::01', 'reference_column': 'country_admin_region_ghana::01'}}"
whz,4,ghana,literacy_Able to read whole sentence,-0.005518350589337761,0.09720253416187395,-0.19603181675263495,0.18499511557395945,0.9547270783424608,4408,616,16,weight_original,cluster_robust_psu,True,"{'child_sex': {'reference': 'Male', 'reference_column': 'child_sex_Male'}, 'maternal_education': {'reference': 'No education', 'reference_column': 'maternal_education_No education'}, 'literacy': {'reference': 'Cannot read at all', 'reference_column': 'literacy_Cannot read at all'}, 'wealth_quintile': {'reference': 'Poorest', 'reference_column': 'wealth_quintile_Poorest'}, 'residence': {'reference': 'Rural', 'reference_column': 'residence_Rural'}, 'country_admin_region': {'reference': 'ghana::01', 'reference_column': 'country_admin_region_ghana::01'}}"
whz,4,ghana,literacy_Blind/visually impaired,-0.0974323422644226,0.30438841798130284,-0.6940226788189003,0.4991579942900552,0.7488984784547041,4408,616,16,weight_original,cluster_robust_psu,True,"{'child_sex': {'reference': 'Male', 'reference_column': 'child_sex_Male'}, 'maternal_education': {'reference': 'No education', 'reference_column': 'maternal_education_No education'}, 'literacy': {'reference': 'Cannot read at all', 'reference_column': 'literacy_Cannot read at all'}, 'wealth_quintile': {'reference': 'Poorest', 'reference_column': 'wealth_quintile_Poorest'}, 'residence': {'reference': 'Rural', 'reference_column': 'residence_Rural'}, 'country_admin_region': {'reference': 'ghana::01', 'reference_column': 'country_admin_region_ghana::01'}}"
whz,4,ghana,literacy_No card with required language,0.49612503381552636,0.260926612066154,-0.015281728442189724,1.0075317960732424,0.057250054060926585,4408,616,16,weight_original,cluster_robust_psu,True,"{'child_sex': {'reference': 'Male', 'reference_column': 'child_sex_Male'}, 'maternal_education': {'reference': 'No education', 'reference_column': 'maternal_education_No education'}, 'literacy': {'reference': 'Cannot read at all', 'reference_column': 'literacy_Cannot read at all'}, 'wealth_quintile': {'reference': 'Poorest', 'reference_column': 'wealth_quintile_Poorest'}, 'residence': {'reference': 'Rural', 'reference_column': 'residence_Rural'}, 'country_admin_region': {'reference': 'ghana::01', 'reference_column': 'country_admin_region_ghana::01'}}"
whz,4,ghana,wealth_quintile_Middle,-0.053928446895126186,0.08337899210577261,-0.21734826848969,0.10949137469943762,0.5177698170085882,4408,616,16,weight_original,cluster_robust_psu,True,"{'child_sex': {'reference': 'Male', 'reference_column': 'child_sex_Male'}, 'maternal_education': {'reference': 'No education', 'reference_column': 'maternal_education_No education'}, 'literacy': {'reference': 'Cannot read at all', 'reference_column': 'literacy_Cannot read at all'}, 'wealth_quintile': {'reference': 'Poorest', 'reference_column': 'wealth_quintile_Poorest'}, 'residence': {'reference': 'Rural', 'reference_column': 'residence_Rural'}, 'country_admin_region': {'reference': 'ghana::01', 'reference_column': 'country_admin_region_ghana::01'}}"
whz,4,ghana,wealth_quintile_Poorer,-0.16015065992706906,0.06019093606303168,-0.2781227268063643,-0.042178593047773855,0.0077975952564787515,4408,616,16,weight_original,cluster_robust_psu,True,"{'child_sex': {'reference': 'Male', 'reference_column': 'child_sex_Male'}, 'maternal_education': {'reference': 'No education', 'reference_column': 'maternal_education_No education'}, 'literacy': {'reference': 'Cannot read at all', 'reference_column': 'literacy_Cannot read at all'}, 'wealth_quintile': {'reference': 'Poorest', 'reference_column': 'wealth_quintile_Poorest'}, 'residence': {'reference': 'Rural', 'reference_column': 'residence_Rural'}, 'country_admin_region': {'reference': 'ghana::01', 'reference_column': 'country_admin_region_ghana::01'}}"
whz,4,ghana,wealth_quintile_Richer,-0.1625114179012359,0.09235320587932308,-0.3435203752815219,0.018497539479050112,0.07846331210072333,4408,616,16,weight_original,cluster_robust_psu,True,"{'child_sex': {'reference': 'Male', 'reference_column': 'child_sex_Male'}, 'maternal_education': {'reference': 'No education', 'reference_column': 'maternal_education_No education'}, 'literacy': {'reference': 'Cannot read at all', 'reference_column': 'literacy_Cannot read at all'}, 'wealth_quintile': {'reference': 'Poorest', 'reference_column': 'wealth_quintile_Poorest'}, 'residence': {'reference': 'Rural', 'reference_column': 'residence_Rural'}, 'country_admin_region': {'reference': 'ghana::01', 'reference_column': 'country_admin_region_ghana::01'}}"
whz,4,ghana,wealth_quintile_Richest,-0.011864652149967502,0.11857842040590899,-0.24427408548919854,0.22054478118926352,0.9202987305983763,4408,616,16,weight_original,cluster_robust_psu,True,"{'child_sex': {'reference': 'Male', 'reference_column': 'child_sex_Male'}, 'maternal_education': {'reference': 'No education', 'reference_column': 'maternal_education_No education'}, 'literacy': {'reference': 'Cannot read at all', 'reference_column': 'literacy_Cannot read at all'}, 'wealth_quintile': {'reference': 'Poorest', 'reference_column': 'wealth_quintile_Poorest'}, 'residence': {'reference': 'Rural', 'reference_column': 'residence_Rural'}, 'country_admin_region': {'reference': 'ghana::01', 'reference_column': 'country_admin_region_ghana::01'}}"
whz,4,ghana,residence_Urban,-0.00904582494952276,0.052779663813722885,-0.11249206514055157,0.09440041524150605,0.8639183333402202,4408,616,16,weight_original,cluster_robust_psu,True,"{'child_sex': {'reference': 'Male', 'reference_column': 'child_sex_Male'}, 'maternal_education': {'reference': 'No education', 'reference_column': 'maternal_education_No education'}, 'literacy': {'reference': 'Cannot read at all', 'reference_column': 'literacy_Cannot read at all'}, 'wealth_quintile': {'reference': 'Poorest', 'reference_column': 'wealth_quintile_Poorest'}, 'residence': {'reference': 'Rural', 'reference_column': 'residence_Rural'}, 'country_admin_region': {'reference': 'ghana::01', 'reference_column': 'country_admin_region_ghana::01'}}"
whz,4,ghana,country_admin_region_ghana::02,-0.04587390922827581,0.12414033989798225,-0.28918450445688176,0.19743668600033012,0.711730738684508,4408,616,16,weight_original,cluster_robust_psu,True,"{'child_sex': {'reference': 'Male', 'reference_column': 'child_sex_Male'}, 'maternal_education': {'reference': 'No education', 'reference_column': 'maternal_education_No education'}, 'literacy': {'reference': 'Cannot read at all', 'reference_column': 'literacy_Cannot read at all'}, 'wealth_quintile': {'reference': 'Poorest', 'reference_column': 'wealth_quintile_Poorest'}, 'residence': {'reference': 'Rural', 'reference_column': 'residence_Rural'}, 'country_admin_region': {'reference': 'ghana::01', 'reference_column': 'country_admin_region_ghana::01'}}"
whz,4,ghana,country_admin_region_ghana::03,0.09074811175081353,0.13271566240932836,-0.16936980675584634,0.3508660302574734,0.49411506789338466,4408,616,16,weight_original,cluster_robust_psu,True,"{'child_sex': {'reference': 'Male', 'reference_column': 'child_sex_Male'}, 'maternal_education': {'reference': 'No education', 'reference_column': 'maternal_education_No education'}, 'literacy': {'reference': 'Cannot read at all', 'reference_column': 'literacy_Cannot read at all'}, 'wealth_quintile': {'reference': 'Poorest', 'reference_column': 'wealth_quintile_Poorest'}, 'residence': {'reference': 'Rural', 'reference_column': 'residence_Rural'}, 'country_admin_region': {'reference': 'ghana::01', 'reference_column': 'country_admin_region_ghana::01'}}"
whz,4,ghana,country_admin_region_ghana::04,-0.08632153952051266,0.12808559433472527,-0.3373646913549818,0.16472161231395646,0.500351772989102,4408,616,16,weight_original,cluster_robust_psu,True,"{'child_sex': {'reference': 'Male', 'reference_column': 'child_sex_Male'}, 'maternal_education': {'reference': 'No education', 'reference_column': 'maternal_education_No education'}, 'literacy': {'reference': 'Cannot read at all', 'reference_column': 'literacy_Cannot read at all'}, 'wealth_quintile': {'reference': 'Poorest', 'reference_column': 'wealth_quintile_Poorest'}, 'residence': {'reference': 'Rural', 'reference_column': 'residence_Rural'}, 'country_admin_region': {'reference': 'ghana::01', 'reference_column': 'country_admin_region_ghana::01'}}"
whz,4,ghana,country_admin_region_ghana::05,0.07061940521523362,0.1091574490766867,-0.14332526361933728,0.28456407404980455,0.5176643424628431,4408,616,16,weight_original,cluster_robust_psu,True,"{'child_sex': {'reference': 'Male', 'reference_column': 'child_sex_Male'}, 'maternal_education': {'reference': 'No education', 'reference_column': 'maternal_education_No education'}, 'literacy': {'reference': 'Cannot read at all', 'reference_column': 'literacy_Cannot read at all'}, 'wealth_quintile': {'reference': 'Poorest', 'reference_column': 'wealth_quintile_Poorest'}, 'residence': {'reference': 'Rural', 'reference_column': 'residence_Rural'}, 'country_admin_region': {'reference': 'ghana::01', 'reference_column': 'country_admin_region_ghana::01'}}"
whz,4,ghana,country_admin_region_ghana::06,-0.01885980103693722,0.11408871500621783,-0.24246957349157855,0.20474997141770412,0.8687013986093661,4408,616,16,weight_original,cluster_robust_psu,True,"{'child_sex': {'reference': 'Male', 'reference_column': 'child_sex_Male'}, 'maternal_education': {'reference': 'No education', 'reference_column': 'maternal_education_No education'}, 'literacy': {'reference': 'Cannot read at all', 'reference_column': 'literacy_Cannot read at all'}, 'wealth_quintile': {'reference': 'Poorest', 'reference_column': 'wealth_quintile_Poorest'}, 'residence': {'reference': 'Rural', 'reference_column': 'residence_Rural'}, 'country_admin_region': {'reference': 'ghana::01', 'reference_column': 'country_admin_region_ghana::01'}}"
whz,4,ghana,country_admin_region_ghana::07,0.1744940660474627,0.11870321979897575,-0.058159969607471634,0.407148101702397,0.14156099433424751,4408,616,16,weight_original,cluster_robust_psu,True,"{'child_sex': {'reference': 'Male', 'reference_column': 'child_sex_Male'}, 'maternal_education': {'reference': 'No education', 'reference_column': 'maternal_education_No education'}, 'literacy': {'reference': 'Cannot read at all', 'reference_column': 'literacy_Cannot read at all'}, 'wealth_quintile': {'reference': 'Poorest', 'reference_column': 'wealth_quintile_Poorest'}, 'residence': {'reference': 'Rural', 'reference_column': 'residence_Rural'}, 'country_admin_region': {'reference': 'ghana::01', 'reference_column': 'country_admin_region_ghana::01'}}"
whz,4,ghana,country_admin_region_ghana::08,0.267187427815776,0.12006937501690684,0.03185577713640522,0.5025190784951468,0.026062755106742625,4408,616,16,weight_original,cluster_robust_psu,True,"{'child_sex': {'reference': 'Male', 'reference_column': 'child_sex_Male'}, 'maternal_education': {'reference': 'No education', 'reference_column': 'maternal_education_No education'}, 'literacy': {'reference': 'Cannot read at all', 'reference_column': 'literacy_Cannot read at all'}, 'wealth_quintile': {'reference': 'Poorest', 'reference_column': 'wealth_quintile_Poorest'}, 'residence': {'reference': 'Rural', 'reference_column': 'residence_Rural'}, 'country_admin_region': {'reference': 'ghana::01', 'reference_column': 'country_admin_region_ghana::01'}}"
whz,4,ghana,country_admin_region_ghana::09,0.14508428003496368,0.13119842420445677,-0.11205990623417969,0.402228466304107,0.2687963900742397,4408,616,16,weight_original,cluster_robust_psu,True,"{'child_sex': {'reference': 'Male', 'reference_column': 'child_sex_Male'}, 'maternal_education': {'reference': 'No education', 'reference_column': 'maternal_education_No education'}, 'literacy': {'reference': 'Cannot read at all', 'reference_column': 'literacy_Cannot read at all'}, 'wealth_quintile': {'reference': 'Poorest', 'reference_column': 'wealth_quintile_Poorest'}, 'residence': {'reference': 'Rural', 'reference_column': 'residence_Rural'}, 'country_admin_region': {'reference': 'ghana::01', 'reference_column': 'country_admin_region_ghana::01'}}"
whz,4,ghana,country_admin_region_ghana::10,0.040584362130642065,0.11446285984806417,-0.18375872073901955,0.2649274450003037,0.7229165595673994,4408,616,16,weight_original,cluster_robust_psu,True,"{'child_sex': {'reference': 'Male', 'reference_column': 'child_sex_Male'}, 'maternal_education': {'reference': 'No education', 'reference_column': 'maternal_education_No education'}, 'literacy': {'reference': 'Cannot read at all', 'reference_column': 'literacy_Cannot read at all'}, 'wealth_quintile': {'reference': 'Poorest', 'reference_column': 'wealth_quintile_Poorest'}, 'residence': {'reference': 'Rural', 'reference_column': 'residence_Rural'}, 'country_admin_region': {'reference': 'ghana::01', 'reference_column': 'country_admin_region_ghana::01'}}"
whz,4,ghana,country_admin_region_ghana::11,0.0282671141008281,0.12082724181725163,-0.20854992821229704,0.2650841564139532,0.8150264886776364,4408,616,16,weight_original,cluster_robust_psu,True,"{'child_sex': {'reference': 'Male', 'reference_column': 'child_sex_Male'}, 'maternal_education': {'reference': 'No education', 'reference_column': 'maternal_education_No education'}, 'literacy': {'reference': 'Cannot read at all', 'reference_column': 'literacy_Cannot read at all'}, 'wealth_quintile': {'reference': 'Poorest', 'reference_column': 'wealth_quintile_Poorest'}, 'residence': {'reference': 'Rural', 'reference_column': 'residence_Rural'}, 'country_admin_region': {'reference': 'ghana::01', 'reference_column': 'country_admin_region_ghana::01'}}"
whz,4,ghana,country_admin_region_ghana::12,-0.11739870018921751,0.11192358414296122,-0.3367648941300598,0.10196749375162477,0.29421570337753145,4408,616,16,weight_original,cluster_robust_psu,True,"{'child_sex': {'reference': 'Male', 'reference_column': 'child_sex_Male'}, 'maternal_education': {'reference': 'No education', 'reference_column': 'maternal_education_No education'}, 'literacy': {'reference': 'Cannot read at all', 'reference_column': 'literacy_Cannot read at all'}, 'wealth_quintile': {'reference': 'Poorest', 'reference_column': 'wealth_quintile_Poorest'}, 'residence': {'reference': 'Rural', 'reference_column': 'residence_Rural'}, 'country_admin_region': {'reference': 'ghana::01', 'reference_column': 'country_admin_region_ghana::01'}}"
whz,4,ghana,country_admin_region_ghana::13,0.1319007259254708,0.12152112922507916,-0.10627631071632215,0.37007776256726377,0.27773836739039237,4408,616,16,weight_original,cluster_robust_psu,True,"{'child_sex': {'reference': 'Male', 'reference_column': 'child_sex_Male'}, 'maternal_education': {'reference': 'No education', 'reference_column': 'maternal_education_No education'}, 'literacy': {'reference': 'Cannot read at all', 'reference_column': 'literacy_Cannot read at all'}, 'wealth_quintile': {'reference': 'Poorest', 'reference_column': 'wealth_quintile_Poorest'}, 'residence': {'reference': 'Rural', 'reference_column': 'residence_Rural'}, 'country_admin_region': {'reference': 'ghana::01', 'reference_column': 'country_admin_region_ghana::01'}}"
whz,4,ghana,country_admin_region_ghana::14,-0.1707004439081214,0.1110465731535931,-0.38834772789575633,0.04694684007951355,0.12424510829610552,4408,616,16,weight_original,cluster_robust_psu,True,"{'child_sex': {'reference': 'Male', 'reference_column': 'child_sex_Male'}, 'maternal_education': {'reference': 'No education', 'reference_column': 'maternal_education_No education'}, 'literacy': {'reference': 'Cannot read at all', 'reference_column': 'literacy_Cannot read at all'}, 'wealth_quintile': {'reference': 'Poorest', 'reference_column': 'wealth_quintile_Poorest'}, 'residence': {'reference': 'Rural', 'reference_column': 'residence_Rural'}, 'country_admin_region': {'reference': 'ghana::01', 'reference_column': 'country_admin_region_ghana::01'}}"
whz,4,ghana,country_admin_region_ghana::15,0.03519615503121263,0.11282085408582336,-0.18592865568204978,0.25632096574447505,0.7550671410537648,4408,616,16,weight_original,cluster_robust_psu,True,"{'child_sex': {'reference': 'Male', 'reference_column': 'child_sex_Male'}, 'maternal_education': {'reference': 'No education', 'reference_column': 'maternal_education_No education'}, 'literacy': {'reference': 'Cannot read at all', 'reference_column': 'literacy_Cannot read at all'}, 'wealth_quintile': {'reference': 'Poorest', 'reference_column': 'wealth_quintile_Poorest'}, 'residence': {'reference': 'Rural', 'reference_column': 'residence_Rural'}, 'country_admin_region': {'reference': 'ghana::01', 'reference_column': 'country_admin_region_ghana::01'}}"
whz,4,ghana,country_admin_region_ghana::16,-0.01346903205993194,0.1219941441334321,-0.25257316088624715,0.2256350967663833,0.9120864420323974,4408,616,16,weight_original,cluster_robust_psu,True,"{'child_sex': {'reference': 'Male', 'reference_column': 'child_sex_Male'}, 'maternal_education': {'reference': 'No education', 'reference_column': 'maternal_education_No education'}, 'literacy': {'reference': 'Cannot read at all', 'reference_column': 'literacy_Cannot read at all'}, 'wealth_quintile': {'reference': 'Poorest', 'reference_column': 'wealth_quintile_Poorest'}, 'residence': {'reference': 'Rural', 'reference_column': 'residence_Rural'}, 'country_admin_region': {'reference': 'ghana::01', 'reference_column': 'country_admin_region_ghana::01'}}"
whz,4,kenya,const,-0.44358057828490277,0.11411774824073397,-0.6672472548335504,-0.21991390173625508,0.00010147284352648188,17332,1688,47,weight_original,cluster_robust_psu,True,"{'child_sex': {'reference': 'Male', 'reference_column': 'child_sex_Male'}, 'maternal_education': {'reference': 'No education', 'reference_column': 'maternal_education_No education'}, 'literacy': {'reference': 'Cannot read at all', 'reference_column': 'literacy_Cannot read at all'}, 'wealth_quintile': {'reference': 'Poorest', 'reference_column': 'wealth_quintile_Poorest'}, 'residence': {'reference': 'Rural', 'reference_column': 'residence_Rural'}, 'country_admin_region': {'reference': 'kenya::01', 'reference_column': 'country_admin_region_kenya::01'}}"
whz,4,kenya,water_rate_loo,-0.04669964084352669,0.04837581768199166,-0.14151450122290626,0.048115219535852884,0.33436906774916975,17332,1688,47,weight_original,cluster_robust_psu,True,"{'child_sex': {'reference': 'Male', 'reference_column': 'child_sex_Male'}, 'maternal_education': {'reference': 'No education', 'reference_column': 'maternal_education_No education'}, 'literacy': {'reference': 'Cannot read at all', 'reference_column': 'literacy_Cannot read at all'}, 'wealth_quintile': {'reference': 'Poorest', 'reference_column': 'wealth_quintile_Poorest'}, 'residence': {'reference': 'Rural', 'reference_column': 'residence_Rural'}, 'country_admin_region': {'reference': 'kenya::01', 'reference_column': 'country_admin_region_kenya::01'}}"
whz,4,kenya,sanitation_rate_loo_core,0.06025778170745366,0.0681927000572034,-0.0733974544132075,0.19391301782811482,0.37689070387717105,17332,1688,47,weight_original,cluster_robust_psu,True,"{'child_sex': {'reference': 'Male', 'reference_column': 'child_sex_Male'}, 'maternal_education': {'reference': 'No education', 'reference_column': 'maternal_education_No education'}, 'literacy': {'reference': 'Cannot read at all', 'reference_column': 'literacy_Cannot read at all'}, 'wealth_quintile': {'reference': 'Poorest', 'reference_column': 'wealth_quintile_Poorest'}, 'residence': {'reference': 'Rural', 'reference_column': 'residence_Rural'}, 'country_admin_region': {'reference': 'kenya::01', 'reference_column': 'country_admin_region_kenya::01'}}"
whz,4,kenya,b19_raw,-0.015333283663514809,0.0007007925886431187,-0.016706811897887915,-0.013959755429141702,4.0357720327292225e-106,17332,1688,47,weight_original,cluster_robust_psu,True,"{'child_sex': {'reference': 'Male', 'reference_column': 'child_sex_Male'}, 'maternal_education': {'reference': 'No education', 'reference_column': 'maternal_education_No education'}, 'literacy': {'reference': 'Cannot read at all', 'reference_column': 'literacy_Cannot read at all'}, 'wealth_quintile': {'reference': 'Poorest', 'reference_column': 'wealth_quintile_Poorest'}, 'residence': {'reference': 'Rural', 'reference_column': 'residence_Rural'}, 'country_admin_region': {'reference': 'kenya::01', 'reference_column': 'country_admin_region_kenya::01'}}"
whz,4,kenya,birth_order_raw,-0.019345001729510453,0.00986173190090408,-0.03867364108047218,-1.636237854872949e-05,0.04980637342384858,17332,1688,47,weight_original,cluster_robust_psu,True,"{'child_sex': {'reference': 'Male', 'reference_column': 'child_sex_Male'}, 'maternal_education': {'reference': 'No education', 'reference_column': 'maternal_education_No education'}, 'literacy': {'reference': 'Cannot read at all', 'reference_column': 'literacy_Cannot read at all'}, 'wealth_quintile': {'reference': 'Poorest', 'reference_column': 'wealth_quintile_Poorest'}, 'residence': {'reference': 'Rural', 'reference_column': 'residence_Rural'}, 'country_admin_region': {'reference': 'kenya::01', 'reference_column': 'country_admin_region_kenya::01'}}"
whz,4,kenya,maternal_age,0.006616824777327797,0.0029757117175467597,0.000784536982562322,0.012449112572093272,0.026174639833529918,17332,1688,47,weight_original,cluster_robust_psu,True,"{'child_sex': {'reference': 'Male', 'reference_column': 'child_sex_Male'}, 'maternal_education': {'reference': 'No education', 'reference_column': 'maternal_education_No education'}, 'literacy': {'reference': 'Cannot read at all', 'reference_column': 'literacy_Cannot read at all'}, 'wealth_quintile': {'reference': 'Poorest', 'reference_column': 'wealth_quintile_Poorest'}, 'residence': {'reference': 'Rural', 'reference_column': 'residence_Rural'}, 'country_admin_region': {'reference': 'kenya::01', 'reference_column': 'country_admin_region_kenya::01'}}"
whz,4,kenya,household_size_raw,-0.00195599919149532,0.00559077587702542,-0.012913718556100478,0.009001720173109838,0.7264423790328449,17332,1688,47,weight_original,cluster_robust_psu,True,"{'child_sex': {'reference': 'Male', 'reference_column': 'child_sex_Male'}, 'maternal_education': {'reference': 'No education', 'reference_column': 'maternal_education_No education'}, 'literacy': {'reference': 'Cannot read at all', 'reference_column': 'literacy_Cannot read at all'}, 'wealth_quintile': {'reference': 'Poorest', 'reference_column': 'wealth_quintile_Poorest'}, 'residence': {'reference': 'Rural', 'reference_column': 'residence_Rural'}, 'country_admin_region': {'reference': 'kenya::01', 'reference_column': 'country_admin_region_kenya::01'}}"
whz,4,kenya,child_sex_Female,0.06891758334725381,0.022828560794857258,0.024174426370450516,0.11366074032405711,0.0025367807336877345,17332,1688,47,weight_original,cluster_robust_psu,True,"{'child_sex': {'reference': 'Male', 'reference_column': 'child_sex_Male'}, 'maternal_education': {'reference': 'No education', 'reference_column': 'maternal_education_No education'}, 'literacy': {'reference': 'Cannot read at all', 'reference_column': 'literacy_Cannot read at all'}, 'wealth_quintile': {'reference': 'Poorest', 'reference_column': 'wealth_quintile_Poorest'}, 'residence': {'reference': 'Rural', 'reference_column': 'residence_Rural'}, 'country_admin_region': {'reference': 'kenya::01', 'reference_column': 'country_admin_region_kenya::01'}}"
whz,4,kenya,maternal_education_Higher,0.15693781685889008,0.07987944837640173,0.00037697493621619005,0.31349865878156397,0.049450905998278595,17332,1688,47,weight_original,cluster_robust_psu,True,"{'child_sex': {'reference': 'Male', 'reference_column': 'child_sex_Male'}, 'maternal_education': {'reference': 'No education', 'reference_column': 'maternal_education_No education'}, 'literacy': {'reference': 'Cannot read at all', 'reference_column': 'literacy_Cannot read at all'}, 'wealth_quintile': {'reference': 'Poorest', 'reference_column': 'wealth_quintile_Poorest'}, 'residence': {'reference': 'Rural', 'reference_column': 'residence_Rural'}, 'country_admin_region': {'reference': 'kenya::01', 'reference_column': 'country_admin_region_kenya::01'}}"
whz,4,kenya,maternal_education_Primary,0.16428883597739852,0.06357436888690679,0.039685362619197445,0.2888923093355996,0.009760539060806001,17332,1688,47,weight_original,cluster_robust_psu,True,"{'child_sex': {'reference': 'Male', 'reference_column': 'child_sex_Male'}, 'maternal_education': {'reference': 'No education', 'reference_column': 'maternal_education_No education'}, 'literacy': {'reference': 'Cannot read at all', 'reference_column': 'literacy_Cannot read at all'}, 'wealth_quintile': {'reference': 'Poorest', 'reference_column': 'wealth_quintile_Poorest'}, 'residence': {'reference': 'Rural', 'reference_column': 'residence_Rural'}, 'country_admin_region': {'reference': 'kenya::01', 'reference_column': 'country_admin_region_kenya::01'}}"
whz,4,kenya,maternal_education_Secondary,0.18162712706989234,0.07191289383529606,0.04068044512865959,0.3225738090111251,0.011548297617205288,17332,1688,47,weight_original,cluster_robust_psu,True,"{'child_sex': {'reference': 'Male', 'reference_column': 'child_sex_Male'}, 'maternal_education': {'reference': 'No education', 'reference_column': 'maternal_education_No education'}, 'literacy': {'reference': 'Cannot read at all', 'reference_column': 'literacy_Cannot read at all'}, 'wealth_quintile': {'reference': 'Poorest', 'reference_column': 'wealth_quintile_Poorest'}, 'residence': {'reference': 'Rural', 'reference_column': 'residence_Rural'}, 'country_admin_region': {'reference': 'kenya::01', 'reference_column': 'country_admin_region_kenya::01'}}"
whz,4,kenya,literacy_Able to read only parts of sentence,0.05911502172108518,0.06862140787847093,-0.07538046628915096,0.19361050973132132,0.38898134332933065,17332,1688,47,weight_original,cluster_robust_psu,True,"{'child_sex': {'reference': 'Male', 'reference_column': 'child_sex_Male'}, 'maternal_education': {'reference': 'No education', 'reference_column': 'maternal_education_No education'}, 'literacy': {'reference': 'Cannot read at all', 'reference_column': 'literacy_Cannot read at all'}, 'wealth_quintile': {'reference': 'Poorest', 'reference_column': 'wealth_quintile_Poorest'}, 'residence': {'reference': 'Rural', 'reference_column': 'residence_Rural'}, 'country_admin_region': {'reference': 'kenya::01', 'reference_column': 'country_admin_region_kenya::01'}}"
whz,4,kenya,literacy_Able to read whole sentence,0.06904892292719177,0.05845849680357992,-0.045527625398174745,0.1836254712525583,0.23753859174693714,17332,1688,47,weight_original,cluster_robust_psu,True,"{'child_sex': {'reference': 'Male', 'reference_column': 'child_sex_Male'}, 'maternal_education': {'reference': 'No education', 'reference_column': 'maternal_education_No education'}, 'literacy': {'reference': 'Cannot read at all', 'reference_column': 'literacy_Cannot read at all'}, 'wealth_quintile': {'reference': 'Poorest', 'reference_column': 'wealth_quintile_Poorest'}, 'residence': {'reference': 'Rural', 'reference_column': 'residence_Rural'}, 'country_admin_region': {'reference': 'kenya::01', 'reference_column': 'country_admin_region_kenya::01'}}"
whz,4,kenya,literacy_Blind/visually impaired,0.2962510803091424,0.42060770965290606,-0.5281248822304335,1.1206270428487182,0.48122069739107565,17332,1688,47,weight_original,cluster_robust_psu,True,"{'child_sex': {'reference': 'Male', 'reference_column': 'child_sex_Male'}, 'maternal_education': {'reference': 'No education', 'reference_column': 'maternal_education_No education'}, 'literacy': {'reference': 'Cannot read at all', 'reference_column': 'literacy_Cannot read at all'}, 'wealth_quintile': {'reference': 'Poorest', 'reference_column': 'wealth_quintile_Poorest'}, 'residence': {'reference': 'Rural', 'reference_column': 'residence_Rural'}, 'country_admin_region': {'reference': 'kenya::01', 'reference_column': 'country_admin_region_kenya::01'}}"
whz,4,kenya,literacy_No card with required language,0.7735834762733709,0.17007314443614863,0.4402462384410409,1.106920714105701,5.402092209355179e-06,17332,1688,47,weight_original,cluster_robust_psu,True,"{'child_sex': {'reference': 'Male', 'reference_column': 'child_sex_Male'}, 'maternal_education': {'reference': 'No education', 'reference_column': 'maternal_education_No education'}, 'literacy': {'reference': 'Cannot read at all', 'reference_column': 'literacy_Cannot read at all'}, 'wealth_quintile': {'reference': 'Poorest', 'reference_column': 'wealth_quintile_Poorest'}, 'residence': {'reference': 'Rural', 'reference_column': 'residence_Rural'}, 'country_admin_region': {'reference': 'kenya::01', 'reference_column': 'country_admin_region_kenya::01'}}"
whz,4,kenya,wealth_quintile_Middle,0.1228992317025117,0.039623590940610326,0.0452384205207679,0.2005600428842555,0.0019243351977903317,17332,1688,47,weight_original,cluster_robust_psu,True,"{'child_sex': {'reference': 'Male', 'reference_column': 'child_sex_Male'}, 'maternal_education': {'reference': 'No education', 'reference_column': 'maternal_education_No education'}, 'literacy': {'reference': 'Cannot read at all', 'reference_column': 'literacy_Cannot read at all'}, 'wealth_quintile': {'reference': 'Poorest', 'reference_column': 'wealth_quintile_Poorest'}, 'residence': {'reference': 'Rural', 'reference_column': 'residence_Rural'}, 'country_admin_region': {'reference': 'kenya::01', 'reference_column': 'country_admin_region_kenya::01'}}"
whz,4,kenya,wealth_quintile_Poorer,0.11354007819786377,0.03648554128860952,0.04202973131573999,0.18505042507998753,0.0018587499069784566,17332,1688,47,weight_original,cluster_robust_psu,True,"{'child_sex': {'reference': 'Male', 'reference_column': 'child_sex_Male'}, 'maternal_education': {'reference': 'No education', 'reference_column': 'maternal_education_No education'}, 'literacy': {'reference': 'Cannot read at all', 'reference_column': 'literacy_Cannot read at all'}, 'wealth_quintile': {'reference': 'Poorest', 'reference_column': 'wealth_quintile_Poorest'}, 'residence': {'reference': 'Rural', 'reference_column': 'residence_Rural'}, 'country_admin_region': {'reference': 'kenya::01', 'reference_column': 'country_admin_region_kenya::01'}}"
whz,4,kenya,wealth_quintile_Richer,0.17037188366480202,0.04688938371318313,0.07847038032968409,0.26227338699992,0.00027961844895085374,17332,1688,47,weight_original,cluster_robust_psu,True,"{'child_sex': {'reference': 'Male', 'reference_column': 'child_sex_Male'}, 'maternal_education': {'reference': 'No education', 'reference_column': 'maternal_education_No education'}, 'literacy': {'reference': 'Cannot read at all', 'reference_column': 'literacy_Cannot read at all'}, 'wealth_quintile': {'reference': 'Poorest', 'reference_column': 'wealth_quintile_Poorest'}, 'residence': {'reference': 'Rural', 'reference_column': 'residence_Rural'}, 'country_admin_region': {'reference': 'kenya::01', 'reference_column': 'country_admin_region_kenya::01'}}"
whz,4,kenya,wealth_quintile_Richest,0.24635324298677033,0.06829782721229916,0.11249196142832435,0.3802145245452163,0.0003097055930278176,17332,1688,47,weight_original,cluster_robust_psu,True,"{'child_sex': {'reference': 'Male', 'reference_column': 'child_sex_Male'}, 'maternal_education': {'reference': 'No education', 'reference_column': 'maternal_education_No education'}, 'literacy': {'reference': 'Cannot read at all', 'reference_column': 'literacy_Cannot read at all'}, 'wealth_quintile': {'reference': 'Poorest', 'reference_column': 'wealth_quintile_Poorest'}, 'residence': {'reference': 'Rural', 'reference_column': 'residence_Rural'}, 'country_admin_region': {'reference': 'kenya::01', 'reference_column': 'country_admin_region_kenya::01'}}"
whz,4,kenya,residence_Urban,0.0010772398481111202,0.03795099723765138,-0.07330534791506466,0.07545982761128689,0.9773550710135119,17332,1688,47,weight_original,cluster_robust_psu,True,"{'child_sex': {'reference': 'Male', 'reference_column': 'child_sex_Male'}, 'maternal_education': {'reference': 'No education', 'reference_column': 'maternal_education_No education'}, 'literacy': {'reference': 'Cannot read at all', 'reference_column': 'literacy_Cannot read at all'}, 'wealth_quintile': {'reference': 'Poorest', 'reference_column': 'wealth_quintile_Poorest'}, 'residence': {'reference': 'Rural', 'reference_column': 'residence_Rural'}, 'country_admin_region': {'reference': 'kenya::01', 'reference_column': 'country_admin_region_kenya::01'}}"
whz,4,kenya,country_admin_region_kenya::02,0.17507680577006723,0.10356279816487243,-0.027902548771273544,0.378056160311408,0.09092514837960727,17332,1688,47,weight_original,cluster_robust_psu,True,"{'child_sex': {'reference': 'Male', 'reference_column': 'child_sex_Male'}, 'maternal_education': {'reference': 'No education', 'reference_column': 'maternal_education_No education'}, 'literacy': {'reference': 'Cannot read at all', 'reference_column': 'literacy_Cannot read at all'}, 'wealth_quintile': {'reference': 'Poorest', 'reference_column': 'wealth_quintile_Poorest'}, 'residence': {'reference': 'Rural', 'reference_column': 'residence_Rural'}, 'country_admin_region': {'reference': 'kenya::01', 'reference_column': 'country_admin_region_kenya::01'}}"
whz,4,kenya,country_admin_region_kenya::03,0.21281879329603756,0.10011626102777368,0.016594527414790117,0.409043059177285,0.033526867801421535,17332,1688,47,weight_original,cluster_robust_psu,True,"{'child_sex': {'reference': 'Male', 'reference_column': 'child_sex_Male'}, 'maternal_education': {'reference': 'No education', 'reference_column': 'maternal_education_No education'}, 'literacy': {'reference': 'Cannot read at all', 'reference_column': 'literacy_Cannot read at all'}, 'wealth_quintile': {'reference': 'Poorest', 'reference_column': 'wealth_quintile_Poorest'}, 'residence': {'reference': 'Rural', 'reference_column': 'residence_Rural'}, 'country_admin_region': {'reference': 'kenya::01', 'reference_column': 'country_admin_region_kenya::01'}}"
whz,4,kenya,country_admin_region_kenya::04,-0.02025093179205394,0.11095053931468746,-0.2377099929141367,0.1972081293300288,0.8551729673784169,17332,1688,47,weight_original,cluster_robust_psu,True,"{'child_sex': {'reference': 'Male', 'reference_column': 'child_sex_Male'}, 'maternal_education': {'reference': 'No education', 'reference_column': 'maternal_education_No education'}, 'literacy': {'reference': 'Cannot read at all', 'reference_column': 'literacy_Cannot read at all'}, 'wealth_quintile': {'reference': 'Poorest', 'reference_column': 'wealth_quintile_Poorest'}, 'residence': {'reference': 'Rural', 'reference_column': 'residence_Rural'}, 'country_admin_region': {'reference': 'kenya::01', 'reference_column': 'country_admin_region_kenya::01'}}"
whz,4,kenya,country_admin_region_kenya::05,0.11680563312083887,0.08670466503856115,-0.05313238764635016,0.2867436538880279,0.17792656631823278,17332,1688,47,weight_original,cluster_robust_psu,True,"{'child_sex': {'reference': 'Male', 'reference_column': 'child_sex_Male'}, 'maternal_education': {'reference': 'No education', 'reference_column': 'maternal_education_No education'}, 'literacy': {'reference': 'Cannot read at all', 'reference_column': 'literacy_Cannot read at all'}, 'wealth_quintile': {'reference': 'Poorest', 'reference_column': 'wealth_quintile_Poorest'}, 'residence': {'reference': 'Rural', 'reference_column': 'residence_Rural'}, 'country_admin_region': {'reference': 'kenya::01', 'reference_column': 'country_admin_region_kenya::01'}}"
whz,4,kenya,country_admin_region_kenya::06,0.1198301787276131,0.10647640017523577,-0.08885973081932332,0.32852008827454954,0.260413055311552,17332,1688,47,weight_original,cluster_robust_psu,True,"{'child_sex': {'reference': 'Male', 'reference_column': 'child_sex_Male'}, 'maternal_education': {'reference': 'No education', 'reference_column': 'maternal_education_No education'}, 'literacy': {'reference': 'Cannot read at all', 'reference_column': 'literacy_Cannot read at all'}, 'wealth_quintile': {'reference': 'Poorest', 'reference_column': 'wealth_quintile_Poorest'}, 'residence': {'reference': 'Rural', 'reference_column': 'residence_Rural'}, 'country_admin_region': {'reference': 'kenya::01', 'reference_column': 'country_admin_region_kenya::01'}}"
whz,4,kenya,country_admin_region_kenya::07,-0.2749766233718727,0.10079987712975484,-0.47254075219225483,-0.07741249455149052,0.006373003646737407,17332,1688,47,weight_original,cluster_robust_psu,True,"{'child_sex': {'reference': 'Male', 'reference_column': 'child_sex_Male'}, 'maternal_education': {'reference': 'No education', 'reference_column': 'maternal_education_No education'}, 'literacy': {'reference': 'Cannot read at all', 'reference_column': 'literacy_Cannot read at all'}, 'wealth_quintile': {'reference': 'Poorest', 'reference_column': 'wealth_quintile_Poorest'}, 'residence': {'reference': 'Rural', 'reference_column': 'residence_Rural'}, 'country_admin_region': {'reference': 'kenya::01', 'reference_column': 'country_admin_region_kenya::01'}}"
whz,4,kenya,country_admin_region_kenya::08,-0.49890924838635087,0.10410799170298718,-0.7029571626270005,-0.29486133414570126,1.6493918253864733e-06,17332,1688,47,weight_original,cluster_robust_psu,True,"{'child_sex': {'reference': 'Male', 'reference_column': 'child_sex_Male'}, 'maternal_education': {'reference': 'No education', 'reference_column': 'maternal_education_No education'}, 'literacy': {'reference': 'Cannot read at all', 'reference_column': 'literacy_Cannot read at all'}, 'wealth_quintile': {'reference': 'Poorest', 'reference_column': 'wealth_quintile_Poorest'}, 'residence': {'reference': 'Rural', 'reference_column': 'residence_Rural'}, 'country_admin_region': {'reference': 'kenya::01', 'reference_column': 'country_admin_region_kenya::01'}}"
whz,4,kenya,country_admin_region_kenya::09,-0.3880095514355667,0.08991736769890882,-0.5642443537100732,-0.21177474916106023,1.5947351177323222e-05,17332,1688,47,weight_original,cluster_robust_psu,True,"{'child_sex': {'reference': 'Male', 'reference_column': 'child_sex_Male'}, 'maternal_education': {'reference': 'No education', 'reference_column': 'maternal_education_No education'}, 'literacy': {'reference': 'Cannot read at all', 'reference_column': 'literacy_Cannot read at all'}, 'wealth_quintile': {'reference': 'Poorest', 'reference_column': 'wealth_quintile_Poorest'}, 'residence': {'reference': 'Rural', 'reference_column': 'residence_Rural'}, 'country_admin_region': {'reference': 'kenya::01', 'reference_column': 'country_admin_region_kenya::01'}}"
whz,4,kenya,country_admin_region_kenya::10,-0.5163813126779603,0.11024312844381949,-0.7324538739708697,-0.30030875138505086,2.8129887803103228e-06,17332,1688,47,weight_original,cluster_robust_psu,True,"{'child_sex': {'reference': 'Male', 'reference_column': 'child_sex_Male'}, 'maternal_education': {'reference': 'No education', 'reference_column': 'maternal_education_No education'}, 'literacy': {'reference': 'Cannot read at all', 'reference_column': 'literacy_Cannot read at all'}, 'wealth_quintile': {'reference': 'Poorest', 'reference_column': 'wealth_quintile_Poorest'}, 'residence': {'reference': 'Rural', 'reference_column': 'residence_Rural'}, 'country_admin_region': {'reference': 'kenya::01', 'reference_column': 'country_admin_region_kenya::01'}}"
whz,4,kenya,country_admin_region_kenya::11,-0.1266027957318577,0.09620742310233318,-0.3151658800578375,0.06196028859412209,0.18819557957565547,17332,1688,47,weight_original,cluster_robust_psu,True,"{'child_sex': {'reference': 'Male', 'reference_column': 'child_sex_Male'}, 'maternal_education': {'reference': 'No education', 'reference_column': 'maternal_education_No education'}, 'literacy': {'reference': 'Cannot read at all', 'reference_column': 'literacy_Cannot read at all'}, 'wealth_quintile': {'reference': 'Poorest', 'reference_column': 'wealth_quintile_Poorest'}, 'residence': {'reference': 'Rural', 'reference_column': 'residence_Rural'}, 'country_admin_region': {'reference': 'kenya::01', 'reference_column': 'country_admin_region_kenya::01'}}"
whz,4,kenya,country_admin_region_kenya::12,0.25578369398976014,0.12463776886928295,0.011498155892538026,0.5000692320869823,0.04014862024390243,17332,1688,47,weight_original,cluster_robust_psu,True,"{'child_sex': {'reference': 'Male', 'reference_column': 'child_sex_Male'}, 'maternal_education': {'reference': 'No education', 'reference_column': 'maternal_education_No education'}, 'literacy': {'reference': 'Cannot read at all', 'reference_column': 'literacy_Cannot read at all'}, 'wealth_quintile': {'reference': 'Poorest', 'reference_column': 'wealth_quintile_Poorest'}, 'residence': {'reference': 'Rural', 'reference_column': 'residence_Rural'}, 'country_admin_region': {'reference': 'kenya::01', 'reference_column': 'country_admin_region_kenya::01'}}"
whz,4,kenya,country_admin_region_kenya::13,0.28059040680896397,0.09933787651407672,0.08589174654068632,0.4752890670772416,0.004733872054394964,17332,1688,47,weight_original,cluster_robust_psu,True,"{'child_sex': {'reference': 'Male', 'reference_column': 'child_sex_Male'}, 'maternal_education': {'reference': 'No education', 'reference_column': 'maternal_education_No education'}, 'literacy': {'reference': 'Cannot read at all', 'reference_column': 'literacy_Cannot read at all'}, 'wealth_quintile': {'reference': 'Poorest', 'reference_column': 'wealth_quintile_Poorest'}, 'residence': {'reference': 'Rural', 'reference_column': 'residence_Rural'}, 'country_admin_region': {'reference': 'kenya::01', 'reference_column': 'country_admin_region_kenya::01'}}"
whz,4,kenya,country_admin_region_kenya::14,0.14023759509051775,0.11151373408271403,-0.07832530749317848,0.35880049767421396,0.20854319244240382,17332,1688,47,weight_original,cluster_robust_psu,True,"{'child_sex': {'reference': 'Male', 'reference_column': 'child_sex_Male'}, 'maternal_education': {'reference': 'No education', 'reference_column': 'maternal_education_No education'}, 'literacy': {'reference': 'Cannot read at all', 'reference_column': 'literacy_Cannot read at all'}, 'wealth_quintile': {'reference': 'Poorest', 'reference_column': 'wealth_quintile_Poorest'}, 'residence': {'reference': 'Rural', 'reference_column': 'residence_Rural'}, 'country_admin_region': {'reference': 'kenya::01', 'reference_column': 'country_admin_region_kenya::01'}}"
whz,4,kenya,country_admin_region_kenya::15,0.09246626172529446,0.11120055960451358,-0.12548283016025177,0.3104153536108407,0.4056760123933063,17332,1688,47,weight_original,cluster_robust_psu,True,"{'child_sex': {'reference': 'Male', 'reference_column': 'child_sex_Male'}, 'maternal_education': {'reference': 'No education', 'reference_column': 'maternal_education_No education'}, 'literacy': {'reference': 'Cannot read at all', 'reference_column': 'literacy_Cannot read at all'}, 'wealth_quintile': {'reference': 'Poorest', 'reference_column': 'wealth_quintile_Poorest'}, 'residence': {'reference': 'Rural', 'reference_column': 'residence_Rural'}, 'country_admin_region': {'reference': 'kenya::01', 'reference_column': 'country_admin_region_kenya::01'}}"
whz,4,kenya,country_admin_region_kenya::16,0.20037119855429752,0.09427283476066167,0.015599837702904962,0.3851425594056901,0.03354996454319856,17332,1688,47,weight_original,cluster_robust_psu,True,"{'child_sex': {'reference': 'Male', 'reference_column': 'child_sex_Male'}, 'maternal_education': {'reference': 'No education', 'reference_column': 'maternal_education_No education'}, 'literacy': {'reference': 'Cannot read at all', 'reference_column': 'literacy_Cannot read at all'}, 'wealth_quintile': {'reference': 'Poorest', 'reference_column': 'wealth_quintile_Poorest'}, 'residence': {'reference': 'Rural', 'reference_column': 'residence_Rural'}, 'country_admin_region': {'reference': 'kenya::01', 'reference_column': 'country_admin_region_kenya::01'}}"
whz,4,kenya,country_admin_region_kenya::17,0.2353195076384692,0.11144111002566753,0.016898945590995307,0.4537400696859431,0.034720418450859845,17332,1688,47,weight_original,cluster_robust_psu,True,"{'child_sex': {'reference': 'Male', 'reference_column': 'child_sex_Male'}, 'maternal_education': {'reference': 'No education', 'reference_column': 'maternal_education_No education'}, 'literacy': {'reference': 'Cannot read at all', 'reference_column': 'literacy_Cannot read at all'}, 'wealth_quintile': {'reference': 'Poorest', 'reference_column': 'wealth_quintile_Poorest'}, 'residence': {'reference': 'Rural', 'reference_column': 'residence_Rural'}, 'country_admin_region': {'reference': 'kenya::01', 'reference_column': 'country_admin_region_kenya::01'}}"
whz,4,kenya,country_admin_region_kenya::18,0.5702629269087689,0.1039140822909005,0.3665950681320725,0.7739307856854654,4.068989657048734e-08,17332,1688,47,weight_original,cluster_robust_psu,True,"{'child_sex': {'reference': 'Male', 'reference_column': 'child_sex_Male'}, 'maternal_education': {'reference': 'No education', 'reference_column': 'maternal_education_No education'}, 'literacy': {'reference': 'Cannot read at all', 'reference_column': 'literacy_Cannot read at all'}, 'wealth_quintile': {'reference': 'Poorest', 'reference_column': 'wealth_quintile_Poorest'}, 'residence': {'reference': 'Rural', 'reference_column': 'residence_Rural'}, 'country_admin_region': {'reference': 'kenya::01', 'reference_column': 'country_admin_region_kenya::01'}}"
whz,4,kenya,country_admin_region_kenya::19,0.5468760124933737,0.11507375883771168,0.3213355896058111,0.7724164353809363,2.0102068134005385e-06,17332,1688,47,weight_original,cluster_robust_psu,True,"{'child_sex': {'reference': 'Male', 'reference_column': 'child_sex_Male'}, 'maternal_education': {'reference': 'No education', 'reference_column': 'maternal_education_No education'}, 'literacy': {'reference': 'Cannot read at all', 'reference_column': 'literacy_Cannot read at all'}, 'wealth_quintile': {'reference': 'Poorest', 'reference_column': 'wealth_quintile_Poorest'}, 'residence': {'reference': 'Rural', 'reference_column': 'residence_Rural'}, 'country_admin_region': {'reference': 'kenya::01', 'reference_column': 'country_admin_region_kenya::01'}}"
whz,4,kenya,country_admin_region_kenya::20,0.29512200125537014,0.10256141816391089,0.09410531545075268,0.4961386870599876,0.0040082107597673305,17332,1688,47,weight_original,cluster_robust_psu,True,"{'child_sex': {'reference': 'Male', 'reference_column': 'child_sex_Male'}, 'maternal_education': {'reference': 'No education', 'reference_column': 'maternal_education_No education'}, 'literacy': {'reference': 'Cannot read at all', 'reference_column': 'literacy_Cannot read at all'}, 'wealth_quintile': {'reference': 'Poorest', 'reference_column': 'wealth_quintile_Poorest'}, 'residence': {'reference': 'Rural', 'reference_column': 'residence_Rural'}, 'country_admin_region': {'reference': 'kenya::01', 'reference_column': 'country_admin_region_kenya::01'}}"
whz,4,kenya,country_admin_region_kenya::21,0.2590012829458725,0.09959429359366624,0.06380005443657844,0.45420251145516655,0.009307079735710449,17332,1688,47,weight_original,cluster_robust_psu,True,"{'child_sex': {'reference': 'Male', 'reference_column': 'child_sex_Male'}, 'maternal_education': {'reference': 'No education', 'reference_column': 'maternal_education_No education'}, 'literacy': {'reference': 'Cannot read at all', 'reference_column': 'literacy_Cannot read at all'}, 'wealth_quintile': {'reference': 'Poorest', 'reference_column': 'wealth_quintile_Poorest'}, 'residence': {'reference': 'Rural', 'reference_column': 'residence_Rural'}, 'country_admin_region': {'reference': 'kenya::01', 'reference_column': 'country_admin_region_kenya::01'}}"
whz,4,kenya,country_admin_region_kenya::22,0.41875655526855243,0.10023464319461181,0.22230026460389046,0.6152128459332145,2.9439053541358596e-05,17332,1688,47,weight_original,cluster_robust_psu,True,"{'child_sex': {'reference': 'Male', 'reference_column': 'child_sex_Male'}, 'maternal_education': {'reference': 'No education', 'reference_column': 'maternal_education_No education'}, 'literacy': {'reference': 'Cannot read at all', 'reference_column': 'literacy_Cannot read at all'}, 'wealth_quintile': {'reference': 'Poorest', 'reference_column': 'wealth_quintile_Poorest'}, 'residence': {'reference': 'Rural', 'reference_column': 'residence_Rural'}, 'country_admin_region': {'reference': 'kenya::01', 'reference_column': 'country_admin_region_kenya::01'}}"
whz,4,kenya,country_admin_region_kenya::23,-0.5007687531136323,0.101949502344195,-0.7005861059500363,-0.30095140027722833,9.018454935805584e-07,17332,1688,47,weight_original,cluster_robust_psu,True,"{'child_sex': {'reference': 'Male', 'reference_column': 'child_sex_Male'}, 'maternal_education': {'reference': 'No education', 'reference_column': 'maternal_education_No education'}, 'literacy': {'reference': 'Cannot read at all', 'reference_column': 'literacy_Cannot read at all'}, 'wealth_quintile': {'reference': 'Poorest', 'reference_column': 'wealth_quintile_Poorest'}, 'residence': {'reference': 'Rural', 'reference_column': 'residence_Rural'}, 'country_admin_region': {'reference': 'kenya::01', 'reference_column': 'country_admin_region_kenya::01'}}"
whz,4,kenya,country_admin_region_kenya::24,-0.20334602161936882,0.09500950889918226,-0.3895612372506038,-0.017130805988133824,0.03233293595935335,17332,1688,47,weight_original,cluster_robust_psu,True,"{'child_sex': {'reference': 'Male', 'reference_column': 'child_sex_Male'}, 'maternal_education': {'reference': 'No education', 'reference_column': 'maternal_education_No education'}, 'literacy': {'reference': 'Cannot read at all', 'reference_column': 'literacy_Cannot read at all'}, 'wealth_quintile': {'reference': 'Poorest', 'reference_column': 'wealth_quintile_Poorest'}, 'residence': {'reference': 'Rural', 'reference_column': 'residence_Rural'}, 'country_admin_region': {'reference': 'kenya::01', 'reference_column': 'country_admin_region_kenya::01'}}"
whz,4,kenya,country_admin_region_kenya::25,-0.29969742782913494,0.10004663510082316,-0.49578522940116915,-0.10360962625710074,0.002739258734217982,17332,1688,47,weight_original,cluster_robust_psu,True,"{'child_sex': {'reference': 'Male', 'reference_column': 'child_sex_Male'}, 'maternal_education': {'reference': 'No education', 'reference_column': 'maternal_education_No education'}, 'literacy': {'reference': 'Cannot read at all', 'reference_column': 'literacy_Cannot read at all'}, 'wealth_quintile': {'reference': 'Poorest', 'reference_column': 'wealth_quintile_Poorest'}, 'residence': {'reference': 'Rural', 'reference_column': 'residence_Rural'}, 'country_admin_region': {'reference': 'kenya::01', 'reference_column': 'country_admin_region_kenya::01'}}"
whz,4,kenya,country_admin_region_kenya::26,0.20892427756977286,0.08723979564929939,0.037937420078511974,0.37991113506103374,0.016628177934483613,17332,1688,47,weight_original,cluster_robust_psu,True,"{'child_sex': {'reference': 'Male', 'reference_column': 'child_sex_Male'}, 'maternal_education': {'reference': 'No education', 'reference_column': 'maternal_education_No education'}, 'literacy': {'reference': 'Cannot read at all', 'reference_column': 'literacy_Cannot read at all'}, 'wealth_quintile': {'reference': 'Poorest', 'reference_column': 'wealth_quintile_Poorest'}, 'residence': {'reference': 'Rural', 'reference_column': 'residence_Rural'}, 'country_admin_region': {'reference': 'kenya::01', 'reference_column': 'country_admin_region_kenya::01'}}"
whz,4,kenya,country_admin_region_kenya::27,0.153021707046029,0.10615573470968834,-0.055039709737348674,0.36108312382940666,0.14944822316669484,17332,1688,47,weight_original,cluster_robust_psu,True,"{'child_sex': {'reference': 'Male', 'reference_column': 'child_sex_Male'}, 'maternal_education': {'reference': 'No education', 'reference_column': 'maternal_education_No education'}, 'literacy': {'reference': 'Cannot read at all', 'reference_column': 'literacy_Cannot read at all'}, 'wealth_quintile': {'reference': 'Poorest', 'reference_column': 'wealth_quintile_Poorest'}, 'residence': {'reference': 'Rural', 'reference_column': 'residence_Rural'}, 'country_admin_region': {'reference': 'kenya::01', 'reference_column': 'country_admin_region_kenya::01'}}"
whz,4,kenya,country_admin_region_kenya::28,0.019913302688444944,0.11411183342374183,-0.20374178103192303,0.2435683864088129,0.8614671059052948,17332,1688,47,weight_original,cluster_robust_psu,True,"{'child_sex': {'reference': 'Male', 'reference_column': 'child_sex_Male'}, 'maternal_education': {'reference': 'No education', 'reference_column': 'maternal_education_No education'}, 'literacy': {'reference': 'Cannot read at all', 'reference_column': 'literacy_Cannot read at all'}, 'wealth_quintile': {'reference': 'Poorest', 'reference_column': 'wealth_quintile_Poorest'}, 'residence': {'reference': 'Rural', 'reference_column': 'residence_Rural'}, 'country_admin_region': {'reference': 'kenya::01', 'reference_column': 'country_admin_region_kenya::01'}}"
whz,4,kenya,country_admin_region_kenya::29,0.20387000125662333,0.10331373058501866,0.0013788102015125092,0.4063611923117342,0.04846027242354156,17332,1688,47,weight_original,cluster_robust_psu,True,"{'child_sex': {'reference': 'Male', 'reference_column': 'child_sex_Male'}, 'maternal_education': {'reference': 'No education', 'reference_column': 'maternal_education_No education'}, 'literacy': {'reference': 'Cannot read at all', 'reference_column': 'literacy_Cannot read at all'}, 'wealth_quintile': {'reference': 'Poorest', 'reference_column': 'wealth_quintile_Poorest'}, 'residence': {'reference': 'Rural', 'reference_column': 'residence_Rural'}, 'country_admin_region': {'reference': 'kenya::01', 'reference_column': 'country_admin_region_kenya::01'}}"
whz,4,kenya,country_admin_region_kenya::30,-0.30290465271090244,0.12697562731114367,-0.5517723091551245,-0.054036996266680376,0.017054354403448803,17332,1688,47,weight_original,cluster_robust_psu,True,"{'child_sex': {'reference': 'Male', 'reference_column': 'child_sex_Male'}, 'maternal_education': {'reference': 'No education', 'reference_column': 'maternal_education_No education'}, 'literacy': {'reference': 'Cannot read at all', 'reference_column': 'literacy_Cannot read at all'}, 'wealth_quintile': {'reference': 'Poorest', 'reference_column': 'wealth_quintile_Poorest'}, 'residence': {'reference': 'Rural', 'reference_column': 'residence_Rural'}, 'country_admin_region': {'reference': 'kenya::01', 'reference_column': 'country_admin_region_kenya::01'}}"
whz,4,kenya,country_admin_region_kenya::31,0.2435426697376021,0.0940023824081342,0.05930138575669752,0.4277839537185067,0.00957492820072914,17332,1688,47,weight_original,cluster_robust_psu,True,"{'child_sex': {'reference': 'Male', 'reference_column': 'child_sex_Male'}, 'maternal_education': {'reference': 'No education', 'reference_column': 'maternal_education_No education'}, 'literacy': {'reference': 'Cannot read at all', 'reference_column': 'literacy_Cannot read at all'}, 'wealth_quintile': {'reference': 'Poorest', 'reference_column': 'wealth_quintile_Poorest'}, 'residence': {'reference': 'Rural', 'reference_column': 'residence_Rural'}, 'country_admin_region': {'reference': 'kenya::01', 'reference_column': 'country_admin_region_kenya::01'}}"
whz,4,kenya,country_admin_region_kenya::32,0.25296187235511824,0.08132858289269096,0.0935607789717636,0.41236296573847286,0.0018685399630311984,17332,1688,47,weight_original,cluster_robust_psu,True,"{'child_sex': {'reference': 'Male', 'reference_column': 'child_sex_Male'}, 'maternal_education': {'reference': 'No education', 'reference_column': 'maternal_education_No education'}, 'literacy': {'reference': 'Cannot read at all', 'reference_column': 'literacy_Cannot read at all'}, 'wealth_quintile': {'reference': 'Poorest', 'reference_column': 'wealth_quintile_Poorest'}, 'residence': {'reference': 'Rural', 'reference_column': 'residence_Rural'}, 'country_admin_region': {'reference': 'kenya::01', 'reference_column': 'country_admin_region_kenya::01'}}"
whz,4,kenya,country_admin_region_kenya::33,0.32468271676195304,0.08701917312090912,0.15412827148051522,0.49523716204339086,0.00019059786831773028,17332,1688,47,weight_original,cluster_robust_psu,True,"{'child_sex': {'reference': 'Male', 'reference_column': 'child_sex_Male'}, 'maternal_education': {'reference': 'No education', 'reference_column': 'maternal_education_No education'}, 'literacy': {'reference': 'Cannot read at all', 'reference_column': 'literacy_Cannot read at all'}, 'wealth_quintile': {'reference': 'Poorest', 'reference_column': 'wealth_quintile_Poorest'}, 'residence': {'reference': 'Rural', 'reference_column': 'residence_Rural'}, 'country_admin_region': {'reference': 'kenya::01', 'reference_column': 'country_admin_region_kenya::01'}}"
whz,4,kenya,country_admin_region_kenya::34,0.160881984238043,0.1104233277497709,-0.055543761204570274,0.3773077296806563,0.1451283904598514,17332,1688,47,weight_original,cluster_robust_psu,True,"{'child_sex': {'reference': 'Male', 'reference_column': 'child_sex_Male'}, 'maternal_education': {'reference': 'No education', 'reference_column': 'maternal_education_No education'}, 'literacy': {'reference': 'Cannot read at all', 'reference_column': 'literacy_Cannot read at all'}, 'wealth_quintile': {'reference': 'Poorest', 'reference_column': 'wealth_quintile_Poorest'}, 'residence': {'reference': 'Rural', 'reference_column': 'residence_Rural'}, 'country_admin_region': {'reference': 'kenya::01', 'reference_column': 'country_admin_region_kenya::01'}}"
whz,4,kenya,country_admin_region_kenya::35,0.24422755452288855,0.0896614450266137,0.06849435146890775,0.41996075757686935,0.006451877316829765,17332,1688,47,weight_original,cluster_robust_psu,True,"{'child_sex': {'reference': 'Male', 'reference_column': 'child_sex_Male'}, 'maternal_education': {'reference': 'No education', 'reference_column': 'maternal_education_No education'}, 'literacy': {'reference': 'Cannot read at all', 'reference_column': 'literacy_Cannot read at all'}, 'wealth_quintile': {'reference': 'Poorest', 'reference_column': 'wealth_quintile_Poorest'}, 'residence': {'reference': 'Rural', 'reference_column': 'residence_Rural'}, 'country_admin_region': {'reference': 'kenya::01', 'reference_column': 'country_admin_region_kenya::01'}}"
whz,4,kenya,country_admin_region_kenya::36,0.3370432247282297,0.10451129149977534,0.13220485741090293,0.5418815920455564,0.0012599662884213699,17332,1688,47,weight_original,cluster_robust_psu,True,"{'child_sex': {'reference': 'Male', 'reference_column': 'child_sex_Male'}, 'maternal_education': {'reference': 'No education', 'reference_column': 'maternal_education_No education'}, 'literacy': {'reference': 'Cannot read at all', 'reference_column': 'literacy_Cannot read at all'}, 'wealth_quintile': {'reference': 'Poorest', 'reference_column': 'wealth_quintile_Poorest'}, 'residence': {'reference': 'Rural', 'reference_column': 'residence_Rural'}, 'country_admin_region': {'reference': 'kenya::01', 'reference_column': 'country_admin_region_kenya::01'}}"
whz,4,kenya,country_admin_region_kenya::37,0.4993522485624758,0.0856442079074469,0.33149268557941935,0.6672118115455322,5.524725442577104e-09,17332,1688,47,weight_original,cluster_robust_psu,True,"{'child_sex': {'reference': 'Male', 'reference_column': 'child_sex_Male'}, 'maternal_education': {'reference': 'No education', 'reference_column': 'maternal_education_No education'}, 'literacy': {'reference': 'Cannot read at all', 'reference_column': 'literacy_Cannot read at all'}, 'wealth_quintile': {'reference': 'Poorest', 'reference_column': 'wealth_quintile_Poorest'}, 'residence': {'reference': 'Rural', 'reference_column': 'residence_Rural'}, 'country_admin_region': {'reference': 'kenya::01', 'reference_column': 'country_admin_region_kenya::01'}}"
whz,4,kenya,country_admin_region_kenya::38,0.4763835901677494,0.0979250573588189,0.28445400456044534,0.6683131757750534,1.145857880353558e-06,17332,1688,47,weight_original,cluster_robust_psu,True,"{'child_sex': {'reference': 'Male', 'reference_column': 'child_sex_Male'}, 'maternal_education': {'reference': 'No education', 'reference_column': 'maternal_education_No education'}, 'literacy': {'reference': 'Cannot read at all', 'reference_column': 'literacy_Cannot read at all'}, 'wealth_quintile': {'reference': 'Poorest', 'reference_column': 'wealth_quintile_Poorest'}, 'residence': {'reference': 'Rural', 'reference_column': 'residence_Rural'}, 'country_admin_region': {'reference': 'kenya::01', 'reference_column': 'country_admin_region_kenya::01'}}"
whz,4,kenya,country_admin_region_kenya::39,0.3868337217283719,0.0899147180872559,0.21060411259727813,0.5630633308594657,1.690882990438484e-05,17332,1688,47,weight_original,cluster_robust_psu,True,"{'child_sex': {'reference': 'Male', 'reference_column': 'child_sex_Male'}, 'maternal_education': {'reference': 'No education', 'reference_column': 'maternal_education_No education'}, 'literacy': {'reference': 'Cannot read at all', 'reference_column': 'literacy_Cannot read at all'}, 'wealth_quintile': {'reference': 'Poorest', 'reference_column': 'wealth_quintile_Poorest'}, 'residence': {'reference': 'Rural', 'reference_column': 'residence_Rural'}, 'country_admin_region': {'reference': 'kenya::01', 'reference_column': 'country_admin_region_kenya::01'}}"
whz,4,kenya,country_admin_region_kenya::40,0.3391587665946744,0.10537171081686225,0.13263400840425477,0.5456835247850941,0.0012877807245489643,17332,1688,47,weight_original,cluster_robust_psu,True,"{'child_sex': {'reference': 'Male', 'reference_column': 'child_sex_Male'}, 'maternal_education': {'reference': 'No education', 'reference_column': 'maternal_education_No education'}, 'literacy': {'reference': 'Cannot read at all', 'reference_column': 'literacy_Cannot read at all'}, 'wealth_quintile': {'reference': 'Poorest', 'reference_column': 'wealth_quintile_Poorest'}, 'residence': {'reference': 'Rural', 'reference_column': 'residence_Rural'}, 'country_admin_region': {'reference': 'kenya::01', 'reference_column': 'country_admin_region_kenya::01'}}"
whz,4,kenya,country_admin_region_kenya::41,0.5528596977165454,0.09836765596763528,0.36006263477635375,0.745656760656737,1.9058172691194955e-08,17332,1688,47,weight_original,cluster_robust_psu,True,"{'child_sex': {'reference': 'Male', 'reference_column': 'child_sex_Male'}, 'maternal_education': {'reference': 'No education', 'reference_column': 'maternal_education_No education'}, 'literacy': {'reference': 'Cannot read at all', 'reference_column': 'literacy_Cannot read at all'}, 'wealth_quintile': {'reference': 'Poorest', 'reference_column': 'wealth_quintile_Poorest'}, 'residence': {'reference': 'Rural', 'reference_column': 'residence_Rural'}, 'country_admin_region': {'reference': 'kenya::01', 'reference_column': 'country_admin_region_kenya::01'}}"
whz,4,kenya,country_admin_region_kenya::42,0.35116915705640833,0.09295172069712179,0.16898713218902328,0.5333511819237934,0.0001581095651273447,17332,1688,47,weight_original,cluster_robust_psu,True,"{'child_sex': {'reference': 'Male', 'reference_column': 'child_sex_Male'}, 'maternal_education': {'reference': 'No education', 'reference_column': 'maternal_education_No education'}, 'literacy': {'reference': 'Cannot read at all', 'reference_column': 'literacy_Cannot read at all'}, 'wealth_quintile': {'reference': 'Poorest', 'reference_column': 'wealth_quintile_Poorest'}, 'residence': {'reference': 'Rural', 'reference_column': 'residence_Rural'}, 'country_admin_region': {'reference': 'kenya::01', 'reference_column': 'country_admin_region_kenya::01'}}"
whz,4,kenya,country_admin_region_kenya::43,0.527356606259633,0.09089135283350488,0.3492128281998408,0.7055003843194252,6.550715991047721e-09,17332,1688,47,weight_original,cluster_robust_psu,True,"{'child_sex': {'reference': 'Male', 'reference_column': 'child_sex_Male'}, 'maternal_education': {'reference': 'No education', 'reference_column': 'maternal_education_No education'}, 'literacy': {'reference': 'Cannot read at all', 'reference_column': 'literacy_Cannot read at all'}, 'wealth_quintile': {'reference': 'Poorest', 'reference_column': 'wealth_quintile_Poorest'}, 'residence': {'reference': 'Rural', 'reference_column': 'residence_Rural'}, 'country_admin_region': {'reference': 'kenya::01', 'reference_column': 'country_admin_region_kenya::01'}}"
whz,4,kenya,country_admin_region_kenya::44,0.48806335581083626,0.09225329905237895,0.3072502122131704,0.6688764994085021,1.220021096548399e-07,17332,1688,47,weight_original,cluster_robust_psu,True,"{'child_sex': {'reference': 'Male', 'reference_column': 'child_sex_Male'}, 'maternal_education': {'reference': 'No education', 'reference_column': 'maternal_education_No education'}, 'literacy': {'reference': 'Cannot read at all', 'reference_column': 'literacy_Cannot read at all'}, 'wealth_quintile': {'reference': 'Poorest', 'reference_column': 'wealth_quintile_Poorest'}, 'residence': {'reference': 'Rural', 'reference_column': 'residence_Rural'}, 'country_admin_region': {'reference': 'kenya::01', 'reference_column': 'country_admin_region_kenya::01'}}"
whz,4,kenya,country_admin_region_kenya::45,0.4323671882968201,0.09131374658542793,0.253395533695964,0.6113388428976761,2.190953391432641e-06,17332,1688,47,weight_original,cluster_robust_psu,True,"{'child_sex': {'reference': 'Male', 'reference_column': 'child_sex_Male'}, 'maternal_education': {'reference': 'No education', 'reference_column': 'maternal_education_No education'}, 'literacy': {'reference': 'Cannot read at all', 'reference_column': 'literacy_Cannot read at all'}, 'wealth_quintile': {'reference': 'Poorest', 'reference_column': 'wealth_quintile_Poorest'}, 'residence': {'reference': 'Rural', 'reference_column': 'residence_Rural'}, 'country_admin_region': {'reference': 'kenya::01', 'reference_column': 'country_admin_region_kenya::01'}}"
whz,4,kenya,country_admin_region_kenya::46,0.567293972353037,0.0972455461197348,0.37669620430142803,0.757891740404646,5.423619752964135e-09,17332,1688,47,weight_original,cluster_robust_psu,True,"{'child_sex': {'reference': 'Male', 'reference_column': 'child_sex_Male'}, 'maternal_education': {'reference': 'No education', 'reference_column': 'maternal_education_No education'}, 'literacy': {'reference': 'Cannot read at all', 'reference_column': 'literacy_Cannot read at all'}, 'wealth_quintile': {'reference': 'Poorest', 'reference_column': 'wealth_quintile_Poorest'}, 'residence': {'reference': 'Rural', 'reference_column': 'residence_Rural'}, 'country_admin_region': {'reference': 'kenya::01', 'reference_column': 'country_admin_region_kenya::01'}}"
whz,4,kenya,country_admin_region_kenya::47,0.3855193857110883,0.09599440950680303,0.19737380036056498,0.5736649710616116,5.917899257480349e-05,17332,1688,47,weight_original,cluster_robust_psu,True,"{'child_sex': {'reference': 'Male', 'reference_column': 'child_sex_Male'}, 'maternal_education': {'reference': 'No education', 'reference_column': 'maternal_education_No education'}, 'literacy': {'reference': 'Cannot read at all', 'reference_column': 'literacy_Cannot read at all'}, 'wealth_quintile': {'reference': 'Poorest', 'reference_column': 'wealth_quintile_Poorest'}, 'residence': {'reference': 'Rural', 'reference_column': 'residence_Rural'}, 'country_admin_region': {'reference': 'kenya::01', 'reference_column': 'country_admin_region_kenya::01'}}"
whz,4,nigeria,const,-0.7311083674350594,0.1617618656295893,-1.048155798141062,-0.4140609367290567,6.193950392356771e-06,9464,1343,37,weight_original,cluster_robust_psu,True,"{'child_sex': {'reference': 'Male', 'reference_column': 'child_sex_Male'}, 'maternal_education': {'reference': 'No education', 'reference_column': 'maternal_education_No education'}, 'literacy': {'reference': 'Cannot read at all', 'reference_column': 'literacy_Cannot read at all'}, 'wealth_quintile': {'reference': 'Poorest', 'reference_column': 'wealth_quintile_Poorest'}, 'residence': {'reference': 'Rural', 'reference_column': 'residence_Rural'}, 'country_admin_region': {'reference': 'nigeria::01', 'reference_column': 'country_admin_region_nigeria::01'}}"
whz,4,nigeria,water_rate_loo,0.06865999510429933,0.07636689509131027,-0.08101636888581744,0.21833635909441612,0.36860972198036346,9464,1343,37,weight_original,cluster_robust_psu,True,"{'child_sex': {'reference': 'Male', 'reference_column': 'child_sex_Male'}, 'maternal_education': {'reference': 'No education', 'reference_column': 'maternal_education_No education'}, 'literacy': {'reference': 'Cannot read at all', 'reference_column': 'literacy_Cannot read at all'}, 'wealth_quintile': {'reference': 'Poorest', 'reference_column': 'wealth_quintile_Poorest'}, 'residence': {'reference': 'Rural', 'reference_column': 'residence_Rural'}, 'country_admin_region': {'reference': 'nigeria::01', 'reference_column': 'country_admin_region_nigeria::01'}}"
whz,4,nigeria,sanitation_rate_loo_core,0.09651251290363444,0.07983060805088008,-0.059952603740023785,0.25297762954729264,0.22667580199483206,9464,1343,37,weight_original,cluster_robust_psu,True,"{'child_sex': {'reference': 'Male', 'reference_column': 'child_sex_Male'}, 'maternal_education': {'reference': 'No education', 'reference_column': 'maternal_education_No education'}, 'literacy': {'reference': 'Cannot read at all', 'reference_column': 'literacy_Cannot read at all'}, 'wealth_quintile': {'reference': 'Poorest', 'reference_column': 'wealth_quintile_Poorest'}, 'residence': {'reference': 'Rural', 'reference_column': 'residence_Rural'}, 'country_admin_region': {'reference': 'nigeria::01', 'reference_column': 'country_admin_region_nigeria::01'}}"
whz,4,nigeria,b19_raw,0.002957868612569123,0.00083734509637959,0.001316702381033906,0.0045990348441043395,0.0004117486696186248,9464,1343,37,weight_original,cluster_robust_psu,True,"{'child_sex': {'reference': 'Male', 'reference_column': 'child_sex_Male'}, 'maternal_education': {'reference': 'No education', 'reference_column': 'maternal_education_No education'}, 'literacy': {'reference': 'Cannot read at all', 'reference_column': 'literacy_Cannot read at all'}, 'wealth_quintile': {'reference': 'Poorest', 'reference_column': 'wealth_quintile_Poorest'}, 'residence': {'reference': 'Rural', 'reference_column': 'residence_Rural'}, 'country_admin_region': {'reference': 'nigeria::01', 'reference_column': 'country_admin_region_nigeria::01'}}"
whz,4,nigeria,birth_order_raw,-0.011632184053509966,0.008986598670552922,-0.029245593791309227,0.005981225684289293,0.19552995163004727,9464,1343,37,weight_original,cluster_robust_psu,True,"{'child_sex': {'reference': 'Male', 'reference_column': 'child_sex_Male'}, 'maternal_education': {'reference': 'No education', 'reference_column': 'maternal_education_No education'}, 'literacy': {'reference': 'Cannot read at all', 'reference_column': 'literacy_Cannot read at all'}, 'wealth_quintile': {'reference': 'Poorest', 'reference_column': 'wealth_quintile_Poorest'}, 'residence': {'reference': 'Rural', 'reference_column': 'residence_Rural'}, 'country_admin_region': {'reference': 'nigeria::01', 'reference_column': 'country_admin_region_nigeria::01'}}"
whz,4,nigeria,maternal_age,0.0007295434000342746,0.003069442433232342,-0.005286453221720105,0.006745540021788655,0.8121297208027493,9464,1343,37,weight_original,cluster_robust_psu,True,"{'child_sex': {'reference': 'Male', 'reference_column': 'child_sex_Male'}, 'maternal_education': {'reference': 'No education', 'reference_column': 'maternal_education_No education'}, 'literacy': {'reference': 'Cannot read at all', 'reference_column': 'literacy_Cannot read at all'}, 'wealth_quintile': {'reference': 'Poorest', 'reference_column': 'wealth_quintile_Poorest'}, 'residence': {'reference': 'Rural', 'reference_column': 'residence_Rural'}, 'country_admin_region': {'reference': 'nigeria::01', 'reference_column': 'country_admin_region_nigeria::01'}}"
whz,4,nigeria,household_size_raw,-0.0019085568296171975,0.004786246037626433,-0.011289426684512546,0.0074723130252781515,0.6900710753999284,9464,1343,37,weight_original,cluster_robust_psu,True,"{'child_sex': {'reference': 'Male', 'reference_column': 'child_sex_Male'}, 'maternal_education': {'reference': 'No education', 'reference_column': 'maternal_education_No education'}, 'literacy': {'reference': 'Cannot read at all', 'reference_column': 'literacy_Cannot read at all'}, 'wealth_quintile': {'reference': 'Poorest', 'reference_column': 'wealth_quintile_Poorest'}, 'residence': {'reference': 'Rural', 'reference_column': 'residence_Rural'}, 'country_admin_region': {'reference': 'nigeria::01', 'reference_column': 'country_admin_region_nigeria::01'}}"
whz,4,nigeria,child_sex_Female,0.010237018949562506,0.026985050216187415,-0.04265270759516963,0.06312674549429464,0.704421367060869,9464,1343,37,weight_original,cluster_robust_psu,True,"{'child_sex': {'reference': 'Male', 'reference_column': 'child_sex_Male'}, 'maternal_education': {'reference': 'No education', 'reference_column': 'maternal_education_No education'}, 'literacy': {'reference': 'Cannot read at all', 'reference_column': 'literacy_Cannot read at all'}, 'wealth_quintile': {'reference': 'Poorest', 'reference_column': 'wealth_quintile_Poorest'}, 'residence': {'reference': 'Rural', 'reference_column': 'residence_Rural'}, 'country_admin_region': {'reference': 'nigeria::01', 'reference_column': 'country_admin_region_nigeria::01'}}"
whz,4,nigeria,maternal_education_Higher,0.10566527175125615,0.08547221076737566,-0.061857183031816754,0.27318772653432905,0.21636455827946233,9464,1343,37,weight_original,cluster_robust_psu,True,"{'child_sex': {'reference': 'Male', 'reference_column': 'child_sex_Male'}, 'maternal_education': {'reference': 'No education', 'reference_column': 'maternal_education_No education'}, 'literacy': {'reference': 'Cannot read at all', 'reference_column': 'literacy_Cannot read at all'}, 'wealth_quintile': {'reference': 'Poorest', 'reference_column': 'wealth_quintile_Poorest'}, 'residence': {'reference': 'Rural', 'reference_column': 'residence_Rural'}, 'country_admin_region': {'reference': 'nigeria::01', 'reference_column': 'country_admin_region_nigeria::01'}}"
whz,4,nigeria,maternal_education_Primary,0.07069390950773702,0.061835949354201954,-0.05050232417634162,0.19189014319181566,0.2529350738156019,9464,1343,37,weight_original,cluster_robust_psu,True,"{'child_sex': {'reference': 'Male', 'reference_column': 'child_sex_Male'}, 'maternal_education': {'reference': 'No education', 'reference_column': 'maternal_education_No education'}, 'literacy': {'reference': 'Cannot read at all', 'reference_column': 'literacy_Cannot read at all'}, 'wealth_quintile': {'reference': 'Poorest', 'reference_column': 'wealth_quintile_Poorest'}, 'residence': {'reference': 'Rural', 'reference_column': 'residence_Rural'}, 'country_admin_region': {'reference': 'nigeria::01', 'reference_column': 'country_admin_region_nigeria::01'}}"
whz,4,nigeria,maternal_education_Secondary,-0.06424672137487558,0.06491265300515749,-0.19147318340592998,0.06297974065617881,0.32230067464562195,9464,1343,37,weight_original,cluster_robust_psu,True,"{'child_sex': {'reference': 'Male', 'reference_column': 'child_sex_Male'}, 'maternal_education': {'reference': 'No education', 'reference_column': 'maternal_education_No education'}, 'literacy': {'reference': 'Cannot read at all', 'reference_column': 'literacy_Cannot read at all'}, 'wealth_quintile': {'reference': 'Poorest', 'reference_column': 'wealth_quintile_Poorest'}, 'residence': {'reference': 'Rural', 'reference_column': 'residence_Rural'}, 'country_admin_region': {'reference': 'nigeria::01', 'reference_column': 'country_admin_region_nigeria::01'}}"
whz,4,nigeria,literacy_Able to read only parts of sentence,0.04305809832516288,0.0647134301182977,-0.08377789402275021,0.16989409067307598,0.5058166020625703,9464,1343,37,weight_original,cluster_robust_psu,True,"{'child_sex': {'reference': 'Male', 'reference_column': 'child_sex_Male'}, 'maternal_education': {'reference': 'No education', 'reference_column': 'maternal_education_No education'}, 'literacy': {'reference': 'Cannot read at all', 'reference_column': 'literacy_Cannot read at all'}, 'wealth_quintile': {'reference': 'Poorest', 'reference_column': 'wealth_quintile_Poorest'}, 'residence': {'reference': 'Rural', 'reference_column': 'residence_Rural'}, 'country_admin_region': {'reference': 'nigeria::01', 'reference_column': 'country_admin_region_nigeria::01'}}"
whz,4,nigeria,literacy_Able to read whole sentence,0.06947446093811908,0.061104693404917546,-0.05028853742188147,0.18923745929811964,0.2555490641774856,9464,1343,37,weight_original,cluster_robust_psu,True,"{'child_sex': {'reference': 'Male', 'reference_column': 'child_sex_Male'}, 'maternal_education': {'reference': 'No education', 'reference_column': 'maternal_education_No education'}, 'literacy': {'reference': 'Cannot read at all', 'reference_column': 'literacy_Cannot read at all'}, 'wealth_quintile': {'reference': 'Poorest', 'reference_column': 'wealth_quintile_Poorest'}, 'residence': {'reference': 'Rural', 'reference_column': 'residence_Rural'}, 'country_admin_region': {'reference': 'nigeria::01', 'reference_column': 'country_admin_region_nigeria::01'}}"
whz,4,nigeria,literacy_Blind/visually impaired,-0.16527969766342648,0.17682552075270674,-0.5118513498862716,0.18129195455941866,0.34994035149992986,9464,1343,37,weight_original,cluster_robust_psu,True,"{'child_sex': {'reference': 'Male', 'reference_column': 'child_sex_Male'}, 'maternal_education': {'reference': 'No education', 'reference_column': 'maternal_education_No education'}, 'literacy': {'reference': 'Cannot read at all', 'reference_column': 'literacy_Cannot read at all'}, 'wealth_quintile': {'reference': 'Poorest', 'reference_column': 'wealth_quintile_Poorest'}, 'residence': {'reference': 'Rural', 'reference_column': 'residence_Rural'}, 'country_admin_region': {'reference': 'nigeria::01', 'reference_column': 'country_admin_region_nigeria::01'}}"
whz,4,nigeria,literacy_No card with required language,0.8073546021918969,0.45791208083462137,-0.09013658432975491,1.7048457887135489,0.07788001179869121,9464,1343,37,weight_original,cluster_robust_psu,True,"{'child_sex': {'reference': 'Male', 'reference_column': 'child_sex_Male'}, 'maternal_education': {'reference': 'No education', 'reference_column': 'maternal_education_No education'}, 'literacy': {'reference': 'Cannot read at all', 'reference_column': 'literacy_Cannot read at all'}, 'wealth_quintile': {'reference': 'Poorest', 'reference_column': 'wealth_quintile_Poorest'}, 'residence': {'reference': 'Rural', 'reference_column': 'residence_Rural'}, 'country_admin_region': {'reference': 'nigeria::01', 'reference_column': 'country_admin_region_nigeria::01'}}"
whz,4,nigeria,wealth_quintile_Middle,0.095359888397859,0.06067493974097026,-0.023560808258580743,0.21428058505429876,0.11603128742823862,9464,1343,37,weight_original,cluster_robust_psu,True,"{'child_sex': {'reference': 'Male', 'reference_column': 'child_sex_Male'}, 'maternal_education': {'reference': 'No education', 'reference_column': 'maternal_education_No education'}, 'literacy': {'reference': 'Cannot read at all', 'reference_column': 'literacy_Cannot read at all'}, 'wealth_quintile': {'reference': 'Poorest', 'reference_column': 'wealth_quintile_Poorest'}, 'residence': {'reference': 'Rural', 'reference_column': 'residence_Rural'}, 'country_admin_region': {'reference': 'nigeria::01', 'reference_column': 'country_admin_region_nigeria::01'}}"
whz,4,nigeria,wealth_quintile_Poorer,0.09898362640354383,0.05401343909523532,-0.0068807689042651304,0.2048480217113528,0.0668659413882663,9464,1343,37,weight_original,cluster_robust_psu,True,"{'child_sex': {'reference': 'Male', 'reference_column': 'child_sex_Male'}, 'maternal_education': {'reference': 'No education', 'reference_column': 'maternal_education_No education'}, 'literacy': {'reference': 'Cannot read at all', 'reference_column': 'literacy_Cannot read at all'}, 'wealth_quintile': {'reference': 'Poorest', 'reference_column': 'wealth_quintile_Poorest'}, 'residence': {'reference': 'Rural', 'reference_column': 'residence_Rural'}, 'country_admin_region': {'reference': 'nigeria::01', 'reference_column': 'country_admin_region_nigeria::01'}}"
whz,4,nigeria,wealth_quintile_Richer,0.028242266323711785,0.07349622456296288,-0.11580768681936356,0.17229221946678713,0.7007796303595459,9464,1343,37,weight_original,cluster_robust_psu,True,"{'child_sex': {'reference': 'Male', 'reference_column': 'child_sex_Male'}, 'maternal_education': {'reference': 'No education', 'reference_column': 'maternal_education_No education'}, 'literacy': {'reference': 'Cannot read at all', 'reference_column': 'literacy_Cannot read at all'}, 'wealth_quintile': {'reference': 'Poorest', 'reference_column': 'wealth_quintile_Poorest'}, 'residence': {'reference': 'Rural', 'reference_column': 'residence_Rural'}, 'country_admin_region': {'reference': 'nigeria::01', 'reference_column': 'country_admin_region_nigeria::01'}}"
whz,4,nigeria,wealth_quintile_Richest,0.10398088745298179,0.08450321349277619,-0.061642367570758694,0.26960414247672226,0.21851132980194676,9464,1343,37,weight_original,cluster_robust_psu,True,"{'child_sex': {'reference': 'Male', 'reference_column': 'child_sex_Male'}, 'maternal_education': {'reference': 'No education', 'reference_column': 'maternal_education_No education'}, 'literacy': {'reference': 'Cannot read at all', 'reference_column': 'literacy_Cannot read at all'}, 'wealth_quintile': {'reference': 'Poorest', 'reference_column': 'wealth_quintile_Poorest'}, 'residence': {'reference': 'Rural', 'reference_column': 'residence_Rural'}, 'country_admin_region': {'reference': 'nigeria::01', 'reference_column': 'country_admin_region_nigeria::01'}}"
whz,4,nigeria,residence_Urban,-0.1370702302618755,0.04231413115192014,-0.22000440335674332,-0.05413605716700769,0.0011980296406311631,9464,1343,37,weight_original,cluster_robust_psu,True,"{'child_sex': {'reference': 'Male', 'reference_column': 'child_sex_Male'}, 'maternal_education': {'reference': 'No education', 'reference_column': 'maternal_education_No education'}, 'literacy': {'reference': 'Cannot read at all', 'reference_column': 'literacy_Cannot read at all'}, 'wealth_quintile': {'reference': 'Poorest', 'reference_column': 'wealth_quintile_Poorest'}, 'residence': {'reference': 'Rural', 'reference_column': 'residence_Rural'}, 'country_admin_region': {'reference': 'nigeria::01', 'reference_column': 'country_admin_region_nigeria::01'}}"
whz,4,nigeria,country_admin_region_nigeria::02,0.16610548757775476,0.1639434898628901,-0.15521784805331726,0.48742882320882674,0.3109706305125073,9464,1343,37,weight_original,cluster_robust_psu,True,"{'child_sex': {'reference': 'Male', 'reference_column': 'child_sex_Male'}, 'maternal_education': {'reference': 'No education', 'reference_column': 'maternal_education_No education'}, 'literacy': {'reference': 'Cannot read at all', 'reference_column': 'literacy_Cannot read at all'}, 'wealth_quintile': {'reference': 'Poorest', 'reference_column': 'wealth_quintile_Poorest'}, 'residence': {'reference': 'Rural', 'reference_column': 'residence_Rural'}, 'country_admin_region': {'reference': 'nigeria::01', 'reference_column': 'country_admin_region_nigeria::01'}}"
whz,4,nigeria,country_admin_region_nigeria::03,0.10735448499083809,0.1381354862755205,-0.16338609309610902,0.37809506307778523,0.43705963605949283,9464,1343,37,weight_original,cluster_robust_psu,True,"{'child_sex': {'reference': 'Male', 'reference_column': 'child_sex_Male'}, 'maternal_education': {'reference': 'No education', 'reference_column': 'maternal_education_No education'}, 'literacy': {'reference': 'Cannot read at all', 'reference_column': 'literacy_Cannot read at all'}, 'wealth_quintile': {'reference': 'Poorest', 'reference_column': 'wealth_quintile_Poorest'}, 'residence': {'reference': 'Rural', 'reference_column': 'residence_Rural'}, 'country_admin_region': {'reference': 'nigeria::01', 'reference_column': 'country_admin_region_nigeria::01'}}"
whz,4,nigeria,country_admin_region_nigeria::04,0.031989202588284735,0.1610613400221123,-0.283685223156815,0.3476636283333845,0.8425638970226441,9464,1343,37,weight_original,cluster_robust_psu,True,"{'child_sex': {'reference': 'Male', 'reference_column': 'child_sex_Male'}, 'maternal_education': {'reference': 'No education', 'reference_column': 'maternal_education_No education'}, 'literacy': {'reference': 'Cannot read at all', 'reference_column': 'literacy_Cannot read at all'}, 'wealth_quintile': {'reference': 'Poorest', 'reference_column': 'wealth_quintile_Poorest'}, 'residence': {'reference': 'Rural', 'reference_column': 'residence_Rural'}, 'country_admin_region': {'reference': 'nigeria::01', 'reference_column': 'country_admin_region_nigeria::01'}}"
whz,4,nigeria,country_admin_region_nigeria::05,0.04005658440024956,0.14560336100208188,-0.24532075919181473,0.32543392799231385,0.783233608699051,9464,1343,37,weight_original,cluster_robust_psu,True,"{'child_sex': {'reference': 'Male', 'reference_column': 'child_sex_Male'}, 'maternal_education': {'reference': 'No education', 'reference_column': 'maternal_education_No education'}, 'literacy': {'reference': 'Cannot read at all', 'reference_column': 'literacy_Cannot read at all'}, 'wealth_quintile': {'reference': 'Poorest', 'reference_column': 'wealth_quintile_Poorest'}, 'residence': {'reference': 'Rural', 'reference_column': 'residence_Rural'}, 'country_admin_region': {'reference': 'nigeria::01', 'reference_column': 'country_admin_region_nigeria::01'}}"
whz,4,nigeria,country_admin_region_nigeria::06,0.30716971920022346,0.13441247144199275,0.043726116100899104,0.5706133222995478,0.0222965951756421,9464,1343,37,weight_original,cluster_robust_psu,True,"{'child_sex': {'reference': 'Male', 'reference_column': 'child_sex_Male'}, 'maternal_education': {'reference': 'No education', 'reference_column': 'maternal_education_No education'}, 'literacy': {'reference': 'Cannot read at all', 'reference_column': 'literacy_Cannot read at all'}, 'wealth_quintile': {'reference': 'Poorest', 'reference_column': 'wealth_quintile_Poorest'}, 'residence': {'reference': 'Rural', 'reference_column': 'residence_Rural'}, 'country_admin_region': {'reference': 'nigeria::01', 'reference_column': 'country_admin_region_nigeria::01'}}"
whz,4,nigeria,country_admin_region_nigeria::07,0.3107819847559725,0.14855803132262682,0.01961359374945071,0.6019503757624943,0.03643936881963022,9464,1343,37,weight_original,cluster_robust_psu,True,"{'child_sex': {'reference': 'Male', 'reference_column': 'child_sex_Male'}, 'maternal_education': {'reference': 'No education', 'reference_column': 'maternal_education_No education'}, 'literacy': {'reference': 'Cannot read at all', 'reference_column': 'literacy_Cannot read at all'}, 'wealth_quintile': {'reference': 'Poorest', 'reference_column': 'wealth_quintile_Poorest'}, 'residence': {'reference': 'Rural', 'reference_column': 'residence_Rural'}, 'country_admin_region': {'reference': 'nigeria::01', 'reference_column': 'country_admin_region_nigeria::01'}}"
whz,4,nigeria,country_admin_region_nigeria::08,0.14964662205754156,0.15954931855065807,-0.16306429605965658,0.46235754017473973,0.3482786784658076,9464,1343,37,weight_original,cluster_robust_psu,True,"{'child_sex': {'reference': 'Male', 'reference_column': 'child_sex_Male'}, 'maternal_education': {'reference': 'No education', 'reference_column': 'maternal_education_No education'}, 'literacy': {'reference': 'Cannot read at all', 'reference_column': 'literacy_Cannot read at all'}, 'wealth_quintile': {'reference': 'Poorest', 'reference_column': 'wealth_quintile_Poorest'}, 'residence': {'reference': 'Rural', 'reference_column': 'residence_Rural'}, 'country_admin_region': {'reference': 'nigeria::01', 'reference_column': 'country_admin_region_nigeria::01'}}"
whz,4,nigeria,country_admin_region_nigeria::09,0.3560938153592311,0.13602393192240925,0.08949180775578086,0.6226958229626813,0.008847889629294954,9464,1343,37,weight_original,cluster_robust_psu,True,"{'child_sex': {'reference': 'Male', 'reference_column': 'child_sex_Male'}, 'maternal_education': {'reference': 'No education', 'reference_column': 'maternal_education_No education'}, 'literacy': {'reference': 'Cannot read at all', 'reference_column': 'literacy_Cannot read at all'}, 'wealth_quintile': {'reference': 'Poorest', 'reference_column': 'wealth_quintile_Poorest'}, 'residence': {'reference': 'Rural', 'reference_column': 'residence_Rural'}, 'country_admin_region': {'reference': 'nigeria::01', 'reference_column': 'country_admin_region_nigeria::01'}}"
whz,4,nigeria,country_admin_region_nigeria::10,0.11524400700478607,0.1609965983734502,-0.2003035274406362,0.43079154145020837,0.4741047185485324,9464,1343,37,weight_original,cluster_robust_psu,True,"{'child_sex': {'reference': 'Male', 'reference_column': 'child_sex_Male'}, 'maternal_education': {'reference': 'No education', 'reference_column': 'maternal_education_No education'}, 'literacy': {'reference': 'Cannot read at all', 'reference_column': 'literacy_Cannot read at all'}, 'wealth_quintile': {'reference': 'Poorest', 'reference_column': 'wealth_quintile_Poorest'}, 'residence': {'reference': 'Rural', 'reference_column': 'residence_Rural'}, 'country_admin_region': {'reference': 'nigeria::01', 'reference_column': 'country_admin_region_nigeria::01'}}"
whz,4,nigeria,country_admin_region_nigeria::11,-0.05768328775455512,0.15019781163482865,-0.35206558911555036,0.23669901360644013,0.7009422862572375,9464,1343,37,weight_original,cluster_robust_psu,True,"{'child_sex': {'reference': 'Male', 'reference_column': 'child_sex_Male'}, 'maternal_education': {'reference': 'No education', 'reference_column': 'maternal_education_No education'}, 'literacy': {'reference': 'Cannot read at all', 'reference_column': 'literacy_Cannot read at all'}, 'wealth_quintile': {'reference': 'Poorest', 'reference_column': 'wealth_quintile_Poorest'}, 'residence': {'reference': 'Rural', 'reference_column': 'residence_Rural'}, 'country_admin_region': {'reference': 'nigeria::01', 'reference_column': 'country_admin_region_nigeria::01'}}"
whz,4,nigeria,country_admin_region_nigeria::12,0.06753034006232897,0.1523000391139083,-0.23097225144497283,0.3660329315696308,0.6574740487898163,9464,1343,37,weight_original,cluster_robust_psu,True,"{'child_sex': {'reference': 'Male', 'reference_column': 'child_sex_Male'}, 'maternal_education': {'reference': 'No education', 'reference_column': 'maternal_education_No education'}, 'literacy': {'reference': 'Cannot read at all', 'reference_column': 'literacy_Cannot read at all'}, 'wealth_quintile': {'reference': 'Poorest', 'reference_column': 'wealth_quintile_Poorest'}, 'residence': {'reference': 'Rural', 'reference_column': 'residence_Rural'}, 'country_admin_region': {'reference': 'nigeria::01', 'reference_column': 'country_admin_region_nigeria::01'}}"
whz,4,nigeria,country_admin_region_nigeria::13,-0.014611107803396854,0.14289559218879486,-0.2946813220429578,0.2654591064361641,0.9185580553414465,9464,1343,37,weight_original,cluster_robust_psu,True,"{'child_sex': {'reference': 'Male', 'reference_column': 'child_sex_Male'}, 'maternal_education': {'reference': 'No education', 'reference_column': 'maternal_education_No education'}, 'literacy': {'reference': 'Cannot read at all', 'reference_column': 'literacy_Cannot read at all'}, 'wealth_quintile': {'reference': 'Poorest', 'reference_column': 'wealth_quintile_Poorest'}, 'residence': {'reference': 'Rural', 'reference_column': 'residence_Rural'}, 'country_admin_region': {'reference': 'nigeria::01', 'reference_column': 'country_admin_region_nigeria::01'}}"
whz,4,nigeria,country_admin_region_nigeria::14,-0.12978503884527545,0.1522104263152816,-0.4281119924947151,0.16854191480416417,0.39384315320197016,9464,1343,37,weight_original,cluster_robust_psu,True,"{'child_sex': {'reference': 'Male', 'reference_column': 'child_sex_Male'}, 'maternal_education': {'reference': 'No education', 'reference_column': 'maternal_education_No education'}, 'literacy': {'reference': 'Cannot read at all', 'reference_column': 'literacy_Cannot read at all'}, 'wealth_quintile': {'reference': 'Poorest', 'reference_column': 'wealth_quintile_Poorest'}, 'residence': {'reference': 'Rural', 'reference_column': 'residence_Rural'}, 'country_admin_region': {'reference': 'nigeria::01', 'reference_column': 'country_admin_region_nigeria::01'}}"
whz,4,nigeria,country_admin_region_nigeria::15,0.25348820556025786,0.1377027178915171,-0.016404162080395024,0.5233805732009107,0.06564550482938736,9464,1343,37,weight_original,cluster_robust_psu,True,"{'child_sex': {'reference': 'Male', 'reference_column': 'child_sex_Male'}, 'maternal_education': {'reference': 'No education', 'reference_column': 'maternal_education_No education'}, 'literacy': {'reference': 'Cannot read at all', 'reference_column': 'literacy_Cannot read at all'}, 'wealth_quintile': {'reference': 'Poorest', 'reference_column': 'wealth_quintile_Poorest'}, 'residence': {'reference': 'Rural', 'reference_column': 'residence_Rural'}, 'country_admin_region': {'reference': 'nigeria::01', 'reference_column': 'country_admin_region_nigeria::01'}}"
whz,4,nigeria,country_admin_region_nigeria::16,-0.05548563597042642,0.13733356095364396,-0.32465446930820485,0.213683197367352,0.6861973124062812,9464,1343,37,weight_original,cluster_robust_psu,True,"{'child_sex': {'reference': 'Male', 'reference_column': 'child_sex_Male'}, 'maternal_education': {'reference': 'No education', 'reference_column': 'maternal_education_No education'}, 'literacy': {'reference': 'Cannot read at all', 'reference_column': 'literacy_Cannot read at all'}, 'wealth_quintile': {'reference': 'Poorest', 'reference_column': 'wealth_quintile_Poorest'}, 'residence': {'reference': 'Rural', 'reference_column': 'residence_Rural'}, 'country_admin_region': {'reference': 'nigeria::01', 'reference_column': 'country_admin_region_nigeria::01'}}"
whz,4,nigeria,country_admin_region_nigeria::17,0.45675323867736556,0.17317003077621368,0.117346215154294,0.7961602622004371,0.008349505287215953,9464,1343,37,weight_original,cluster_robust_psu,True,"{'child_sex': {'reference': 'Male', 'reference_column': 'child_sex_Male'}, 'maternal_education': {'reference': 'No education', 'reference_column': 'maternal_education_No education'}, 'literacy': {'reference': 'Cannot read at all', 'reference_column': 'literacy_Cannot read at all'}, 'wealth_quintile': {'reference': 'Poorest', 'reference_column': 'wealth_quintile_Poorest'}, 'residence': {'reference': 'Rural', 'reference_column': 'residence_Rural'}, 'country_admin_region': {'reference': 'nigeria::01', 'reference_column': 'country_admin_region_nigeria::01'}}"
whz,4,nigeria,country_admin_region_nigeria::18,0.16203645353240942,0.14258828949086255,-0.11743145848685227,0.4415043655516711,0.2557917735832229,9464,1343,37,weight_original,cluster_robust_psu,True,"{'child_sex': {'reference': 'Male', 'reference_column': 'child_sex_Male'}, 'maternal_education': {'reference': 'No education', 'reference_column': 'maternal_education_No education'}, 'literacy': {'reference': 'Cannot read at all', 'reference_column': 'literacy_Cannot read at all'}, 'wealth_quintile': {'reference': 'Poorest', 'reference_column': 'wealth_quintile_Poorest'}, 'residence': {'reference': 'Rural', 'reference_column': 'residence_Rural'}, 'country_admin_region': {'reference': 'nigeria::01', 'reference_column': 'country_admin_region_nigeria::01'}}"
whz,4,nigeria,country_admin_region_nigeria::19,-0.17363975054145475,0.14280245586512855,-0.4535274209409773,0.10624791985806781,0.22400635890034493,9464,1343,37,weight_original,cluster_robust_psu,True,"{'child_sex': {'reference': 'Male', 'reference_column': 'child_sex_Male'}, 'maternal_education': {'reference': 'No education', 'reference_column': 'maternal_education_No education'}, 'literacy': {'reference': 'Cannot read at all', 'reference_column': 'literacy_Cannot read at all'}, 'wealth_quintile': {'reference': 'Poorest', 'reference_column': 'wealth_quintile_Poorest'}, 'residence': {'reference': 'Rural', 'reference_column': 'residence_Rural'}, 'country_admin_region': {'reference': 'nigeria::01', 'reference_column': 'country_admin_region_nigeria::01'}}"
whz,4,nigeria,country_admin_region_nigeria::20,0.10570401716590005,0.14708722722947698,-0.18258165078973398,0.3939896851215341,0.4723575140906582,9464,1343,37,weight_original,cluster_robust_psu,True,"{'child_sex': {'reference': 'Male', 'reference_column': 'child_sex_Male'}, 'maternal_education': {'reference': 'No education', 'reference_column': 'maternal_education_No education'}, 'literacy': {'reference': 'Cannot read at all', 'reference_column': 'literacy_Cannot read at all'}, 'wealth_quintile': {'reference': 'Poorest', 'reference_column': 'wealth_quintile_Poorest'}, 'residence': {'reference': 'Rural', 'reference_column': 'residence_Rural'}, 'country_admin_region': {'reference': 'nigeria::01', 'reference_column': 'country_admin_region_nigeria::01'}}"
whz,4,nigeria,country_admin_region_nigeria::21,0.014420910392043934,0.1414828002905443,-0.26288028260929597,0.2917221033933839,0.9188146578999851,9464,1343,37,weight_original,cluster_robust_psu,True,"{'child_sex': {'reference': 'Male', 'reference_column': 'child_sex_Male'}, 'maternal_education': {'reference': 'No education', 'reference_column': 'maternal_education_No education'}, 'literacy': {'reference': 'Cannot read at all', 'reference_column': 'literacy_Cannot read at all'}, 'wealth_quintile': {'reference': 'Poorest', 'reference_column': 'wealth_quintile_Poorest'}, 'residence': {'reference': 'Rural', 'reference_column': 'residence_Rural'}, 'country_admin_region': {'reference': 'nigeria::01', 'reference_column': 'country_admin_region_nigeria::01'}}"
whz,4,nigeria,country_admin_region_nigeria::22,-0.0685325627035908,0.1302885446508419,-0.3238934178173796,0.186828292410198,0.5988840035843441,9464,1343,37,weight_original,cluster_robust_psu,True,"{'child_sex': {'reference': 'Male', 'reference_column': 'child_sex_Male'}, 'maternal_education': {'reference': 'No education', 'reference_column': 'maternal_education_No education'}, 'literacy': {'reference': 'Cannot read at all', 'reference_column': 'literacy_Cannot read at all'}, 'wealth_quintile': {'reference': 'Poorest', 'reference_column': 'wealth_quintile_Poorest'}, 'residence': {'reference': 'Rural', 'reference_column': 'residence_Rural'}, 'country_admin_region': {'reference': 'nigeria::01', 'reference_column': 'country_admin_region_nigeria::01'}}"
whz,4,nigeria,country_admin_region_nigeria::23,0.022327197517374303,0.13811706999439483,-0.2483772853218373,0.2930316803565859,0.8715782127171503,9464,1343,37,weight_original,cluster_robust_psu,True,"{'child_sex': {'reference': 'Male', 'reference_column': 'child_sex_Male'}, 'maternal_education': {'reference': 'No education', 'reference_column': 'maternal_education_No education'}, 'literacy': {'reference': 'Cannot read at all', 'reference_column': 'literacy_Cannot read at all'}, 'wealth_quintile': {'reference': 'Poorest', 'reference_column': 'wealth_quintile_Poorest'}, 'residence': {'reference': 'Rural', 'reference_column': 'residence_Rural'}, 'country_admin_region': {'reference': 'nigeria::01', 'reference_column': 'country_admin_region_nigeria::01'}}"
whz,4,nigeria,country_admin_region_nigeria::24,0.20051156380617086,0.13530742942147128,-0.06468612470060814,0.46570925231294985,0.13836791964271403,9464,1343,37,weight_original,cluster_robust_psu,True,"{'child_sex': {'reference': 'Male', 'reference_column': 'child_sex_Male'}, 'maternal_education': {'reference': 'No education', 'reference_column': 'maternal_education_No education'}, 'literacy': {'reference': 'Cannot read at all', 'reference_column': 'literacy_Cannot read at all'}, 'wealth_quintile': {'reference': 'Poorest', 'reference_column': 'wealth_quintile_Poorest'}, 'residence': {'reference': 'Rural', 'reference_column': 'residence_Rural'}, 'country_admin_region': {'reference': 'nigeria::01', 'reference_column': 'country_admin_region_nigeria::01'}}"
whz,4,nigeria,country_admin_region_nigeria::25,-0.20579548495600974,0.136417178529076,-0.4731682417455695,0.061577271833549996,0.13140753968444735,9464,1343,37,weight_original,cluster_robust_psu,True,"{'child_sex': {'reference': 'Male', 'reference_column': 'child_sex_Male'}, 'maternal_education': {'reference': 'No education', 'reference_column': 'maternal_education_No education'}, 'literacy': {'reference': 'Cannot read at all', 'reference_column': 'literacy_Cannot read at all'}, 'wealth_quintile': {'reference': 'Poorest', 'reference_column': 'wealth_quintile_Poorest'}, 'residence': {'reference': 'Rural', 'reference_column': 'residence_Rural'}, 'country_admin_region': {'reference': 'nigeria::01', 'reference_column': 'country_admin_region_nigeria::01'}}"
whz,4,nigeria,country_admin_region_nigeria::26,-0.22407341844541626,0.13411140355334944,-0.4869269393260982,0.03878010243526567,0.09476106275102378,9464,1343,37,weight_original,cluster_robust_psu,True,"{'child_sex': {'reference': 'Male', 'reference_column': 'child_sex_Male'}, 'maternal_education': {'reference': 'No education', 'reference_column': 'maternal_education_No education'}, 'literacy': {'reference': 'Cannot read at all', 'reference_column': 'literacy_Cannot read at all'}, 'wealth_quintile': {'reference': 'Poorest', 'reference_column': 'wealth_quintile_Poorest'}, 'residence': {'reference': 'Rural', 'reference_column': 'residence_Rural'}, 'country_admin_region': {'reference': 'nigeria::01', 'reference_column': 'country_admin_region_nigeria::01'}}"
whz,4,nigeria,country_admin_region_nigeria::27,-0.11816895773518221,0.13728623218687291,-0.3872450283946567,0.15090711292429226,0.38937641705921366,9464,1343,37,weight_original,cluster_robust_psu,True,"{'child_sex': {'reference': 'Male', 'reference_column': 'child_sex_Male'}, 'maternal_education': {'reference': 'No education', 'reference_column': 'maternal_education_No education'}, 'literacy': {'reference': 'Cannot read at all', 'reference_column': 'literacy_Cannot read at all'}, 'wealth_quintile': {'reference': 'Poorest', 'reference_column': 'wealth_quintile_Poorest'}, 'residence': {'reference': 'Rural', 'reference_column': 'residence_Rural'}, 'country_admin_region': {'reference': 'nigeria::01', 'reference_column': 'country_admin_region_nigeria::01'}}"
whz,4,nigeria,country_admin_region_nigeria::28,0.09096718967557044,0.13952496909683934,-0.1824967246982987,0.36443110404943957,0.5144154601614532,9464,1343,37,weight_original,cluster_robust_psu,True,"{'child_sex': {'reference': 'Male', 'reference_column': 'child_sex_Male'}, 'maternal_education': {'reference': 'No education', 'reference_column': 'maternal_education_No education'}, 'literacy': {'reference': 'Cannot read at all', 'reference_column': 'literacy_Cannot read at all'}, 'wealth_quintile': {'reference': 'Poorest', 'reference_column': 'wealth_quintile_Poorest'}, 'residence': {'reference': 'Rural', 'reference_column': 'residence_Rural'}, 'country_admin_region': {'reference': 'nigeria::01', 'reference_column': 'country_admin_region_nigeria::01'}}"
whz,4,nigeria,country_admin_region_nigeria::29,-0.29801085834767416,0.1486724823117492,-0.5894035691708708,-0.00661814752447748,0.04501878167529704,9464,1343,37,weight_original,cluster_robust_psu,True,"{'child_sex': {'reference': 'Male', 'reference_column': 'child_sex_Male'}, 'maternal_education': {'reference': 'No education', 'reference_column': 'maternal_education_No education'}, 'literacy': {'reference': 'Cannot read at all', 'reference_column': 'literacy_Cannot read at all'}, 'wealth_quintile': {'reference': 'Poorest', 'reference_column': 'wealth_quintile_Poorest'}, 'residence': {'reference': 'Rural', 'reference_column': 'residence_Rural'}, 'country_admin_region': {'reference': 'nigeria::01', 'reference_column': 'country_admin_region_nigeria::01'}}"
whz,4,nigeria,country_admin_region_nigeria::30,-0.14617608184341485,0.1314977171463494,-0.4039068714994948,0.11155470781266508,0.2662996412819578,9464,1343,37,weight_original,cluster_robust_psu,True,"{'child_sex': {'reference': 'Male', 'reference_column': 'child_sex_Male'}, 'maternal_education': {'reference': 'No education', 'reference_column': 'maternal_education_No education'}, 'literacy': {'reference': 'Cannot read at all', 'reference_column': 'literacy_Cannot read at all'}, 'wealth_quintile': {'reference': 'Poorest', 'reference_column': 'wealth_quintile_Poorest'}, 'residence': {'reference': 'Rural', 'reference_column': 'residence_Rural'}, 'country_admin_region': {'reference': 'nigeria::01', 'reference_column': 'country_admin_region_nigeria::01'}}"
whz,4,nigeria,country_admin_region_nigeria::31,-0.31088256868017783,0.1365838307250438,-0.5785819577717789,-0.04318317958857676,0.02283822384109313,9464,1343,37,weight_original,cluster_robust_psu,True,"{'child_sex': {'reference': 'Male', 'reference_column': 'child_sex_Male'}, 'maternal_education': {'reference': 'No education', 'reference_column': 'maternal_education_No education'}, 'literacy': {'reference': 'Cannot read at all', 'reference_column': 'literacy_Cannot read at all'}, 'wealth_quintile': {'reference': 'Poorest', 'reference_column': 'wealth_quintile_Poorest'}, 'residence': {'reference': 'Rural', 'reference_column': 'residence_Rural'}, 'country_admin_region': {'reference': 'nigeria::01', 'reference_column': 'country_admin_region_nigeria::01'}}"
whz,4,nigeria,country_admin_region_nigeria::32,0.09526189663571075,0.1433518376423089,-0.18570254226084795,0.3762263355322695,0.5063498157788008,9464,1343,37,weight_original,cluster_robust_psu,True,"{'child_sex': {'reference': 'Male', 'reference_column': 'child_sex_Male'}, 'maternal_education': {'reference': 'No education', 'reference_column': 'maternal_education_No education'}, 'literacy': {'reference': 'Cannot read at all', 'reference_column': 'literacy_Cannot read at all'}, 'wealth_quintile': {'reference': 'Poorest', 'reference_column': 'wealth_quintile_Poorest'}, 'residence': {'reference': 'Rural', 'reference_column': 'residence_Rural'}, 'country_admin_region': {'reference': 'nigeria::01', 'reference_column': 'country_admin_region_nigeria::01'}}"
whz,4,nigeria,country_admin_region_nigeria::33,-0.024093817086276115,0.14994794097477154,-0.3179863809527662,0.269798746780214,0.8723444867761939,9464,1343,37,weight_original,cluster_robust_psu,True,"{'child_sex': {'reference': 'Male', 'reference_column': 'child_sex_Male'}, 'maternal_education': {'reference': 'No education', 'reference_column': 'maternal_education_No education'}, 'literacy': {'reference': 'Cannot read at all', 'reference_column': 'literacy_Cannot read at all'}, 'wealth_quintile': {'reference': 'Poorest', 'reference_column': 'wealth_quintile_Poorest'}, 'residence': {'reference': 'Rural', 'reference_column': 'residence_Rural'}, 'country_admin_region': {'reference': 'nigeria::01', 'reference_column': 'country_admin_region_nigeria::01'}}"
whz,4,nigeria,country_admin_region_nigeria::34,-0.3106001613911223,0.15586593741156168,-0.6160917851343575,-0.005108537647887157,0.0462900139598294,9464,1343,37,weight_original,cluster_robust_psu,True,"{'child_sex': {'reference': 'Male', 'reference_column': 'child_sex_Male'}, 'maternal_education': {'reference': 'No education', 'reference_column': 'maternal_education_No education'}, 'literacy': {'reference': 'Cannot read at all', 'reference_column': 'literacy_Cannot read at all'}, 'wealth_quintile': {'reference': 'Poorest', 'reference_column': 'wealth_quintile_Poorest'}, 'residence': {'reference': 'Rural', 'reference_column': 'residence_Rural'}, 'country_admin_region': {'reference': 'nigeria::01', 'reference_column': 'country_admin_region_nigeria::01'}}"
whz,4,nigeria,country_admin_region_nigeria::35,-0.08339170388106133,0.16905187426906926,-0.41472728896743055,0.24794388120530791,0.6218072551140155,9464,1343,37,weight_original,cluster_robust_psu,True,"{'child_sex': {'reference': 'Male', 'reference_column': 'child_sex_Male'}, 'maternal_education': {'reference': 'No education', 'reference_column': 'maternal_education_No education'}, 'literacy': {'reference': 'Cannot read at all', 'reference_column': 'literacy_Cannot read at all'}, 'wealth_quintile': {'reference': 'Poorest', 'reference_column': 'wealth_quintile_Poorest'}, 'residence': {'reference': 'Rural', 'reference_column': 'residence_Rural'}, 'country_admin_region': {'reference': 'nigeria::01', 'reference_column': 'country_admin_region_nigeria::01'}}"
whz,4,nigeria,country_admin_region_nigeria::36,-0.08865929500547062,0.1636128656207237,-0.40933461902948065,0.23201602901853943,0.5878979946633103,9464,1343,37,weight_original,cluster_robust_psu,True,"{'child_sex': {'reference': 'Male', 'reference_column': 'child_sex_Male'}, 'maternal_education': {'reference': 'No education', 'reference_column': 'maternal_education_No education'}, 'literacy': {'reference': 'Cannot read at all', 'reference_column': 'literacy_Cannot read at all'}, 'wealth_quintile': {'reference': 'Poorest', 'reference_column': 'wealth_quintile_Poorest'}, 'residence': {'reference': 'Rural', 'reference_column': 'residence_Rural'}, 'country_admin_region': {'reference': 'nigeria::01', 'reference_column': 'country_admin_region_nigeria::01'}}"
whz,4,nigeria,country_admin_region_nigeria::37,-0.36998350186827084,0.13061806764375367,-0.6259902101802446,-0.11397679355629708,0.004617691222645869,9464,1343,37,weight_original,cluster_robust_psu,True,"{'child_sex': {'reference': 'Male', 'reference_column': 'child_sex_Male'}, 'maternal_education': {'reference': 'No education', 'reference_column': 'maternal_education_No education'}, 'literacy': {'reference': 'Cannot read at all', 'reference_column': 'literacy_Cannot read at all'}, 'wealth_quintile': {'reference': 'Poorest', 'reference_column': 'wealth_quintile_Poorest'}, 'residence': {'reference': 'Rural', 'reference_column': 'residence_Rural'}, 'country_admin_region': {'reference': 'nigeria::01', 'reference_column': 'country_admin_region_nigeria::01'}}"
