robustness_family,model_label,outcome,country_scope,term,coefficient,standard_error,ci_lower,ci_upper,p_value,estimation_n,psu_count,fe_region_count,weight_method,clustering_method,fe_included,reference_category_metadata
binary_lpm,model4_preferred_lpm,stunted,pooled,const,0.5779099557708294,0.03380640119908617,0.5116506269737088,0.64416928456795,1.6255753827077828e-65,36985,4434,114,model_specific_equal_total_country_weight,cluster_robust_country_psu,True,"{'child_sex': {'reference': 'Male', 'reference_column': 'child_sex_Male'}, 'maternal_education': {'reference': 'No education', 'reference_column': 'maternal_education_No education'}, 'literacy': {'reference': 'Cannot read at all', 'reference_column': 'literacy_Cannot read at all'}, 'wealth_quintile': {'reference': 'Poorest', 'reference_column': 'wealth_quintile_Poorest'}, 'residence': {'reference': 'Rural', 'reference_column': 'residence_Rural'}, 'country_admin_region': {'reference': 'ethiopia::01', 'reference_column': 'country_admin_region_ethiopia::01'}}"
binary_lpm,model4_preferred_lpm,stunted,pooled,water_rate_loo,-0.01746093247303165,0.017134782459532667,-0.05104448897664432,0.016122624030581022,0.308186643521584,36985,4434,114,model_specific_equal_total_country_weight,cluster_robust_country_psu,True,"{'child_sex': {'reference': 'Male', 'reference_column': 'child_sex_Male'}, 'maternal_education': {'reference': 'No education', 'reference_column': 'maternal_education_No education'}, 'literacy': {'reference': 'Cannot read at all', 'reference_column': 'literacy_Cannot read at all'}, 'wealth_quintile': {'reference': 'Poorest', 'reference_column': 'wealth_quintile_Poorest'}, 'residence': {'reference': 'Rural', 'reference_column': 'residence_Rural'}, 'country_admin_region': {'reference': 'ethiopia::01', 'reference_column': 'country_admin_region_ethiopia::01'}}"
binary_lpm,model4_preferred_lpm,stunted,pooled,sanitation_rate_loo_core,0.010692009188621428,0.019390873380678717,-0.0273134042662853,0.04869742264352815,0.5813636852504435,36985,4434,114,model_specific_equal_total_country_weight,cluster_robust_country_psu,True,"{'child_sex': {'reference': 'Male', 'reference_column': 'child_sex_Male'}, 'maternal_education': {'reference': 'No education', 'reference_column': 'maternal_education_No education'}, 'literacy': {'reference': 'Cannot read at all', 'reference_column': 'literacy_Cannot read at all'}, 'wealth_quintile': {'reference': 'Poorest', 'reference_column': 'wealth_quintile_Poorest'}, 'residence': {'reference': 'Rural', 'reference_column': 'residence_Rural'}, 'country_admin_region': {'reference': 'ethiopia::01', 'reference_column': 'country_admin_region_ethiopia::01'}}"
binary_lpm,model4_preferred_lpm,stunted,pooled,b19_raw,0.0028869892955934286,0.0002229940464092349,0.0024499289958644747,0.0033240495953223825,2.4595747202028796e-38,36985,4434,114,model_specific_equal_total_country_weight,cluster_robust_country_psu,True,"{'child_sex': {'reference': 'Male', 'reference_column': 'child_sex_Male'}, 'maternal_education': {'reference': 'No education', 'reference_column': 'maternal_education_No education'}, 'literacy': {'reference': 'Cannot read at all', 'reference_column': 'literacy_Cannot read at all'}, 'wealth_quintile': {'reference': 'Poorest', 'reference_column': 'wealth_quintile_Poorest'}, 'residence': {'reference': 'Rural', 'reference_column': 'residence_Rural'}, 'country_admin_region': {'reference': 'ethiopia::01', 'reference_column': 'country_admin_region_ethiopia::01'}}"
binary_lpm,model4_preferred_lpm,stunted,pooled,birth_order_raw,0.01299740943345493,0.0029974161910353053,0.007122581652348501,0.01887223721456136,1.4496411606570737e-05,36985,4434,114,model_specific_equal_total_country_weight,cluster_robust_country_psu,True,"{'child_sex': {'reference': 'Male', 'reference_column': 'child_sex_Male'}, 'maternal_education': {'reference': 'No education', 'reference_column': 'maternal_education_No education'}, 'literacy': {'reference': 'Cannot read at all', 'reference_column': 'literacy_Cannot read at all'}, 'wealth_quintile': {'reference': 'Poorest', 'reference_column': 'wealth_quintile_Poorest'}, 'residence': {'reference': 'Rural', 'reference_column': 'residence_Rural'}, 'country_admin_region': {'reference': 'ethiopia::01', 'reference_column': 'country_admin_region_ethiopia::01'}}"
binary_lpm,model4_preferred_lpm,stunted,pooled,maternal_age,-0.006099384953215976,0.0008806813949846493,-0.007825488769240382,-0.004373281137191569,4.3365162069487485e-12,36985,4434,114,model_specific_equal_total_country_weight,cluster_robust_country_psu,True,"{'child_sex': {'reference': 'Male', 'reference_column': 'child_sex_Male'}, 'maternal_education': {'reference': 'No education', 'reference_column': 'maternal_education_No education'}, 'literacy': {'reference': 'Cannot read at all', 'reference_column': 'literacy_Cannot read at all'}, 'wealth_quintile': {'reference': 'Poorest', 'reference_column': 'wealth_quintile_Poorest'}, 'residence': {'reference': 'Rural', 'reference_column': 'residence_Rural'}, 'country_admin_region': {'reference': 'ethiopia::01', 'reference_column': 'country_admin_region_ethiopia::01'}}"
binary_lpm,model4_preferred_lpm,stunted,pooled,household_size_raw,0.0033341045657558793,0.0014679731857159398,0.0004569299914821091,0.0062112791400296494,0.02313306535544927,36985,4434,114,model_specific_equal_total_country_weight,cluster_robust_country_psu,True,"{'child_sex': {'reference': 'Male', 'reference_column': 'child_sex_Male'}, 'maternal_education': {'reference': 'No education', 'reference_column': 'maternal_education_No education'}, 'literacy': {'reference': 'Cannot read at all', 'reference_column': 'literacy_Cannot read at all'}, 'wealth_quintile': {'reference': 'Poorest', 'reference_column': 'wealth_quintile_Poorest'}, 'residence': {'reference': 'Rural', 'reference_column': 'residence_Rural'}, 'country_admin_region': {'reference': 'ethiopia::01', 'reference_column': 'country_admin_region_ethiopia::01'}}"
binary_lpm,model4_preferred_lpm,stunted,pooled,child_sex_Female,-0.0429684210568538,0.007284725463572138,-0.057246220602717036,-0.028690621510990562,3.669833548125587e-09,36985,4434,114,model_specific_equal_total_country_weight,cluster_robust_country_psu,True,"{'child_sex': {'reference': 'Male', 'reference_column': 'child_sex_Male'}, 'maternal_education': {'reference': 'No education', 'reference_column': 'maternal_education_No education'}, 'literacy': {'reference': 'Cannot read at all', 'reference_column': 'literacy_Cannot read at all'}, 'wealth_quintile': {'reference': 'Poorest', 'reference_column': 'wealth_quintile_Poorest'}, 'residence': {'reference': 'Rural', 'reference_column': 'residence_Rural'}, 'country_admin_region': {'reference': 'ethiopia::01', 'reference_column': 'country_admin_region_ethiopia::01'}}"
binary_lpm,model4_preferred_lpm,stunted,pooled,maternal_education_Higher,-0.0559570494652597,0.019399848072353763,-0.09398005299262187,-0.017934045937897533,0.003921520885209499,36985,4434,114,model_specific_equal_total_country_weight,cluster_robust_country_psu,True,"{'child_sex': {'reference': 'Male', 'reference_column': 'child_sex_Male'}, 'maternal_education': {'reference': 'No education', 'reference_column': 'maternal_education_No education'}, 'literacy': {'reference': 'Cannot read at all', 'reference_column': 'literacy_Cannot read at all'}, 'wealth_quintile': {'reference': 'Poorest', 'reference_column': 'wealth_quintile_Poorest'}, 'residence': {'reference': 'Rural', 'reference_column': 'residence_Rural'}, 'country_admin_region': {'reference': 'ethiopia::01', 'reference_column': 'country_admin_region_ethiopia::01'}}"
binary_lpm,model4_preferred_lpm,stunted,pooled,maternal_education_Primary,-0.009410562182453576,0.014573659982090127,-0.037974410870282874,0.019153286505375726,0.518458107492952,36985,4434,114,model_specific_equal_total_country_weight,cluster_robust_country_psu,True,"{'child_sex': {'reference': 'Male', 'reference_column': 'child_sex_Male'}, 'maternal_education': {'reference': 'No education', 'reference_column': 'maternal_education_No education'}, 'literacy': {'reference': 'Cannot read at all', 'reference_column': 'literacy_Cannot read at all'}, 'wealth_quintile': {'reference': 'Poorest', 'reference_column': 'wealth_quintile_Poorest'}, 'residence': {'reference': 'Rural', 'reference_column': 'residence_Rural'}, 'country_admin_region': {'reference': 'ethiopia::01', 'reference_column': 'country_admin_region_ethiopia::01'}}"
binary_lpm,model4_preferred_lpm,stunted,pooled,maternal_education_Secondary,-0.018400583457511496,0.01632326618351917,-0.05039359728726965,0.013592430372246663,0.2596320921156833,36985,4434,114,model_specific_equal_total_country_weight,cluster_robust_country_psu,True,"{'child_sex': {'reference': 'Male', 'reference_column': 'child_sex_Male'}, 'maternal_education': {'reference': 'No education', 'reference_column': 'maternal_education_No education'}, 'literacy': {'reference': 'Cannot read at all', 'reference_column': 'literacy_Cannot read at all'}, 'wealth_quintile': {'reference': 'Poorest', 'reference_column': 'wealth_quintile_Poorest'}, 'residence': {'reference': 'Rural', 'reference_column': 'residence_Rural'}, 'country_admin_region': {'reference': 'ethiopia::01', 'reference_column': 'country_admin_region_ethiopia::01'}}"
binary_lpm,model4_preferred_lpm,stunted,pooled,literacy_Able to read only parts of sentence,-0.03766074605627993,0.015161326578168955,-0.06737640010734097,-0.007945092005218878,0.012991554726844297,36985,4434,114,model_specific_equal_total_country_weight,cluster_robust_country_psu,True,"{'child_sex': {'reference': 'Male', 'reference_column': 'child_sex_Male'}, 'maternal_education': {'reference': 'No education', 'reference_column': 'maternal_education_No education'}, 'literacy': {'reference': 'Cannot read at all', 'reference_column': 'literacy_Cannot read at all'}, 'wealth_quintile': {'reference': 'Poorest', 'reference_column': 'wealth_quintile_Poorest'}, 'residence': {'reference': 'Rural', 'reference_column': 'residence_Rural'}, 'country_admin_region': {'reference': 'ethiopia::01', 'reference_column': 'country_admin_region_ethiopia::01'}}"
binary_lpm,model4_preferred_lpm,stunted,pooled,literacy_Able to read whole sentence,-0.04880969370587291,0.014005500954422,-0.07625997116198138,-0.021359416249764437,0.0004920683800793027,36985,4434,114,model_specific_equal_total_country_weight,cluster_robust_country_psu,True,"{'child_sex': {'reference': 'Male', 'reference_column': 'child_sex_Male'}, 'maternal_education': {'reference': 'No education', 'reference_column': 'maternal_education_No education'}, 'literacy': {'reference': 'Cannot read at all', 'reference_column': 'literacy_Cannot read at all'}, 'wealth_quintile': {'reference': 'Poorest', 'reference_column': 'wealth_quintile_Poorest'}, 'residence': {'reference': 'Rural', 'reference_column': 'residence_Rural'}, 'country_admin_region': {'reference': 'ethiopia::01', 'reference_column': 'country_admin_region_ethiopia::01'}}"
binary_lpm,model4_preferred_lpm,stunted,pooled,literacy_Blind/visually impaired,-0.0738220051937485,0.13486173720950934,-0.33814615301689205,0.19050214262939508,0.5841106260394882,36985,4434,114,model_specific_equal_total_country_weight,cluster_robust_country_psu,True,"{'child_sex': {'reference': 'Male', 'reference_column': 'child_sex_Male'}, 'maternal_education': {'reference': 'No education', 'reference_column': 'maternal_education_No education'}, 'literacy': {'reference': 'Cannot read at all', 'reference_column': 'literacy_Cannot read at all'}, 'wealth_quintile': {'reference': 'Poorest', 'reference_column': 'wealth_quintile_Poorest'}, 'residence': {'reference': 'Rural', 'reference_column': 'residence_Rural'}, 'country_admin_region': {'reference': 'ethiopia::01', 'reference_column': 'country_admin_region_ethiopia::01'}}"
binary_lpm,model4_preferred_lpm,stunted,pooled,literacy_No card with required language,-0.16120450487645965,0.042074149226940485,-0.24366832204142674,-0.07874068771149255,0.00012739634789917838,36985,4434,114,model_specific_equal_total_country_weight,cluster_robust_country_psu,True,"{'child_sex': {'reference': 'Male', 'reference_column': 'child_sex_Male'}, 'maternal_education': {'reference': 'No education', 'reference_column': 'maternal_education_No education'}, 'literacy': {'reference': 'Cannot read at all', 'reference_column': 'literacy_Cannot read at all'}, 'wealth_quintile': {'reference': 'Poorest', 'reference_column': 'wealth_quintile_Poorest'}, 'residence': {'reference': 'Rural', 'reference_column': 'residence_Rural'}, 'country_admin_region': {'reference': 'ethiopia::01', 'reference_column': 'country_admin_region_ethiopia::01'}}"
binary_lpm,model4_preferred_lpm,stunted,pooled,wealth_quintile_Middle,-0.043538994269932865,0.014850809183721572,-0.07264604541130383,-0.014431943128561903,0.0033704813254728776,36985,4434,114,model_specific_equal_total_country_weight,cluster_robust_country_psu,True,"{'child_sex': {'reference': 'Male', 'reference_column': 'child_sex_Male'}, 'maternal_education': {'reference': 'No education', 'reference_column': 'maternal_education_No education'}, 'literacy': {'reference': 'Cannot read at all', 'reference_column': 'literacy_Cannot read at all'}, 'wealth_quintile': {'reference': 'Poorest', 'reference_column': 'wealth_quintile_Poorest'}, 'residence': {'reference': 'Rural', 'reference_column': 'residence_Rural'}, 'country_admin_region': {'reference': 'ethiopia::01', 'reference_column': 'country_admin_region_ethiopia::01'}}"
binary_lpm,model4_preferred_lpm,stunted,pooled,wealth_quintile_Poorer,-0.014962745239920947,0.011862320540883056,-0.03821246627312143,0.008286975793279538,0.20717648310278225,36985,4434,114,model_specific_equal_total_country_weight,cluster_robust_country_psu,True,"{'child_sex': {'reference': 'Male', 'reference_column': 'child_sex_Male'}, 'maternal_education': {'reference': 'No education', 'reference_column': 'maternal_education_No education'}, 'literacy': {'reference': 'Cannot read at all', 'reference_column': 'literacy_Cannot read at all'}, 'wealth_quintile': {'reference': 'Poorest', 'reference_column': 'wealth_quintile_Poorest'}, 'residence': {'reference': 'Rural', 'reference_column': 'residence_Rural'}, 'country_admin_region': {'reference': 'ethiopia::01', 'reference_column': 'country_admin_region_ethiopia::01'}}"
binary_lpm,model4_preferred_lpm,stunted,pooled,wealth_quintile_Richer,-0.08108952431122751,0.01666252354644328,-0.11374747035380696,-0.048431578268648065,1.1354526802002245e-06,36985,4434,114,model_specific_equal_total_country_weight,cluster_robust_country_psu,True,"{'child_sex': {'reference': 'Male', 'reference_column': 'child_sex_Male'}, 'maternal_education': {'reference': 'No education', 'reference_column': 'maternal_education_No education'}, 'literacy': {'reference': 'Cannot read at all', 'reference_column': 'literacy_Cannot read at all'}, 'wealth_quintile': {'reference': 'Poorest', 'reference_column': 'wealth_quintile_Poorest'}, 'residence': {'reference': 'Rural', 'reference_column': 'residence_Rural'}, 'country_admin_region': {'reference': 'ethiopia::01', 'reference_column': 'country_admin_region_ethiopia::01'}}"
binary_lpm,model4_preferred_lpm,stunted,pooled,wealth_quintile_Richest,-0.12703115298545334,0.020215540301295423,-0.16665288390401037,-0.08740942206689631,3.3031779063265584e-10,36985,4434,114,model_specific_equal_total_country_weight,cluster_robust_country_psu,True,"{'child_sex': {'reference': 'Male', 'reference_column': 'child_sex_Male'}, 'maternal_education': {'reference': 'No education', 'reference_column': 'maternal_education_No education'}, 'literacy': {'reference': 'Cannot read at all', 'reference_column': 'literacy_Cannot read at all'}, 'wealth_quintile': {'reference': 'Poorest', 'reference_column': 'wealth_quintile_Poorest'}, 'residence': {'reference': 'Rural', 'reference_column': 'residence_Rural'}, 'country_admin_region': {'reference': 'ethiopia::01', 'reference_column': 'country_admin_region_ethiopia::01'}}"
binary_lpm,model4_preferred_lpm,stunted,pooled,residence_Urban,0.006622944437969222,0.01168889708962394,-0.016286872876688757,0.0295327617526272,0.5709850827436724,36985,4434,114,model_specific_equal_total_country_weight,cluster_robust_country_psu,True,"{'child_sex': {'reference': 'Male', 'reference_column': 'child_sex_Male'}, 'maternal_education': {'reference': 'No education', 'reference_column': 'maternal_education_No education'}, 'literacy': {'reference': 'Cannot read at all', 'reference_column': 'literacy_Cannot read at all'}, 'wealth_quintile': {'reference': 'Poorest', 'reference_column': 'wealth_quintile_Poorest'}, 'residence': {'reference': 'Rural', 'reference_column': 'residence_Rural'}, 'country_admin_region': {'reference': 'ethiopia::01', 'reference_column': 'country_admin_region_ethiopia::01'}}"
binary_lpm,model4_preferred_lpm,stunted,pooled,country_admin_region_ethiopia::02,-0.04065030912991634,0.036920050631814694,-0.1130122786756684,0.03171166041583573,0.2708809391215279,36985,4434,114,model_specific_equal_total_country_weight,cluster_robust_country_psu,True,"{'child_sex': {'reference': 'Male', 'reference_column': 'child_sex_Male'}, 'maternal_education': {'reference': 'No education', 'reference_column': 'maternal_education_No education'}, 'literacy': {'reference': 'Cannot read at all', 'reference_column': 'literacy_Cannot read at all'}, 'wealth_quintile': {'reference': 'Poorest', 'reference_column': 'wealth_quintile_Poorest'}, 'residence': {'reference': 'Rural', 'reference_column': 'residence_Rural'}, 'country_admin_region': {'reference': 'ethiopia::01', 'reference_column': 'country_admin_region_ethiopia::01'}}"
binary_lpm,model4_preferred_lpm,stunted,pooled,country_admin_region_ethiopia::03,0.016088722767853832,0.03257670362099296,-0.04776044306432793,0.0799378886000356,0.6213965586131451,36985,4434,114,model_specific_equal_total_country_weight,cluster_robust_country_psu,True,"{'child_sex': {'reference': 'Male', 'reference_column': 'child_sex_Male'}, 'maternal_education': {'reference': 'No education', 'reference_column': 'maternal_education_No education'}, 'literacy': {'reference': 'Cannot read at all', 'reference_column': 'literacy_Cannot read at all'}, 'wealth_quintile': {'reference': 'Poorest', 'reference_column': 'wealth_quintile_Poorest'}, 'residence': {'reference': 'Rural', 'reference_column': 'residence_Rural'}, 'country_admin_region': {'reference': 'ethiopia::01', 'reference_column': 'country_admin_region_ethiopia::01'}}"
binary_lpm,model4_preferred_lpm,stunted,pooled,country_admin_region_ethiopia::04,-0.03213102628998807,0.03186975863133278,-0.09459460540338485,0.030332552823408715,0.31335942723441423,36985,4434,114,model_specific_equal_total_country_weight,cluster_robust_country_psu,True,"{'child_sex': {'reference': 'Male', 'reference_column': 'child_sex_Male'}, 'maternal_education': {'reference': 'No education', 'reference_column': 'maternal_education_No education'}, 'literacy': {'reference': 'Cannot read at all', 'reference_column': 'literacy_Cannot read at all'}, 'wealth_quintile': {'reference': 'Poorest', 'reference_column': 'wealth_quintile_Poorest'}, 'residence': {'reference': 'Rural', 'reference_column': 'residence_Rural'}, 'country_admin_region': {'reference': 'ethiopia::01', 'reference_column': 'country_admin_region_ethiopia::01'}}"
binary_lpm,model4_preferred_lpm,stunted,pooled,country_admin_region_ethiopia::05,-0.17198598748978886,0.04444653454946389,-0.25909959444435327,-0.08487238053522445,0.00010905755310964951,36985,4434,114,model_specific_equal_total_country_weight,cluster_robust_country_psu,True,"{'child_sex': {'reference': 'Male', 'reference_column': 'child_sex_Male'}, 'maternal_education': {'reference': 'No education', 'reference_column': 'maternal_education_No education'}, 'literacy': {'reference': 'Cannot read at all', 'reference_column': 'literacy_Cannot read at all'}, 'wealth_quintile': {'reference': 'Poorest', 'reference_column': 'wealth_quintile_Poorest'}, 'residence': {'reference': 'Rural', 'reference_column': 'residence_Rural'}, 'country_admin_region': {'reference': 'ethiopia::01', 'reference_column': 'country_admin_region_ethiopia::01'}}"
binary_lpm,model4_preferred_lpm,stunted,pooled,country_admin_region_ethiopia::06,0.07949711320840079,0.04704659987717826,-0.01271252814593514,0.1717067545627367,0.09107530062787406,36985,4434,114,model_specific_equal_total_country_weight,cluster_robust_country_psu,True,"{'child_sex': {'reference': 'Male', 'reference_column': 'child_sex_Male'}, 'maternal_education': {'reference': 'No education', 'reference_column': 'maternal_education_No education'}, 'literacy': {'reference': 'Cannot read at all', 'reference_column': 'literacy_Cannot read at all'}, 'wealth_quintile': {'reference': 'Poorest', 'reference_column': 'wealth_quintile_Poorest'}, 'residence': {'reference': 'Rural', 'reference_column': 'residence_Rural'}, 'country_admin_region': {'reference': 'ethiopia::01', 'reference_column': 'country_admin_region_ethiopia::01'}}"
binary_lpm,model4_preferred_lpm,stunted,pooled,country_admin_region_ethiopia::07,-0.0885709716258219,0.036390888350502984,-0.15989580215822596,-0.01724614109341785,0.014938041410136455,36985,4434,114,model_specific_equal_total_country_weight,cluster_robust_country_psu,True,"{'child_sex': {'reference': 'Male', 'reference_column': 'child_sex_Male'}, 'maternal_education': {'reference': 'No education', 'reference_column': 'maternal_education_No education'}, 'literacy': {'reference': 'Cannot read at all', 'reference_column': 'literacy_Cannot read at all'}, 'wealth_quintile': {'reference': 'Poorest', 'reference_column': 'wealth_quintile_Poorest'}, 'residence': {'reference': 'Rural', 'reference_column': 'residence_Rural'}, 'country_admin_region': {'reference': 'ethiopia::01', 'reference_column': 'country_admin_region_ethiopia::01'}}"
binary_lpm,model4_preferred_lpm,stunted,pooled,country_admin_region_ethiopia::08,-0.11856738855995357,0.03237973803890231,-0.1820305089450437,-0.05510426817486344,0.00025047158578041695,36985,4434,114,model_specific_equal_total_country_weight,cluster_robust_country_psu,True,"{'child_sex': {'reference': 'Male', 'reference_column': 'child_sex_Male'}, 'maternal_education': {'reference': 'No education', 'reference_column': 'maternal_education_No education'}, 'literacy': {'reference': 'Cannot read at all', 'reference_column': 'literacy_Cannot read at all'}, 'wealth_quintile': {'reference': 'Poorest', 'reference_column': 'wealth_quintile_Poorest'}, 'residence': {'reference': 'Rural', 'reference_column': 'residence_Rural'}, 'country_admin_region': {'reference': 'ethiopia::01', 'reference_column': 'country_admin_region_ethiopia::01'}}"
binary_lpm,model4_preferred_lpm,stunted,pooled,country_admin_region_ethiopia::09,-0.05470567546971137,0.03775965151548407,-0.12871323250884342,0.019301881569420677,0.1473971994084226,36985,4434,114,model_specific_equal_total_country_weight,cluster_robust_country_psu,True,"{'child_sex': {'reference': 'Male', 'reference_column': 'child_sex_Male'}, 'maternal_education': {'reference': 'No education', 'reference_column': 'maternal_education_No education'}, 'literacy': {'reference': 'Cannot read at all', 'reference_column': 'literacy_Cannot read at all'}, 'wealth_quintile': {'reference': 'Poorest', 'reference_column': 'wealth_quintile_Poorest'}, 'residence': {'reference': 'Rural', 'reference_column': 'residence_Rural'}, 'country_admin_region': {'reference': 'ethiopia::01', 'reference_column': 'country_admin_region_ethiopia::01'}}"
binary_lpm,model4_preferred_lpm,stunted,pooled,country_admin_region_ethiopia::10,-0.04777961231144681,0.0378678985502072,-0.12199932964006946,0.026440105017175836,0.2070407426106463,36985,4434,114,model_specific_equal_total_country_weight,cluster_robust_country_psu,True,"{'child_sex': {'reference': 'Male', 'reference_column': 'child_sex_Male'}, 'maternal_education': {'reference': 'No education', 'reference_column': 'maternal_education_No education'}, 'literacy': {'reference': 'Cannot read at all', 'reference_column': 'literacy_Cannot read at all'}, 'wealth_quintile': {'reference': 'Poorest', 'reference_column': 'wealth_quintile_Poorest'}, 'residence': {'reference': 'Rural', 'reference_column': 'residence_Rural'}, 'country_admin_region': {'reference': 'ethiopia::01', 'reference_column': 'country_admin_region_ethiopia::01'}}"
binary_lpm,model4_preferred_lpm,stunted,pooled,country_admin_region_ethiopia::12,-0.25126845878667853,0.0328513096972447,-0.3156558426382496,-0.18688107493510747,2.03086320857044e-14,36985,4434,114,model_specific_equal_total_country_weight,cluster_robust_country_psu,True,"{'child_sex': {'reference': 'Male', 'reference_column': 'child_sex_Male'}, 'maternal_education': {'reference': 'No education', 'reference_column': 'maternal_education_No education'}, 'literacy': {'reference': 'Cannot read at all', 'reference_column': 'literacy_Cannot read at all'}, 'wealth_quintile': {'reference': 'Poorest', 'reference_column': 'wealth_quintile_Poorest'}, 'residence': {'reference': 'Rural', 'reference_column': 'residence_Rural'}, 'country_admin_region': {'reference': 'ethiopia::01', 'reference_column': 'country_admin_region_ethiopia::01'}}"
binary_lpm,model4_preferred_lpm,stunted,pooled,country_admin_region_ethiopia::13,-0.06249701469448711,0.04280500447447572,-0.1463932818225354,0.021399252433561167,0.14427910685718573,36985,4434,114,model_specific_equal_total_country_weight,cluster_robust_country_psu,True,"{'child_sex': {'reference': 'Male', 'reference_column': 'child_sex_Male'}, 'maternal_education': {'reference': 'No education', 'reference_column': 'maternal_education_No education'}, 'literacy': {'reference': 'Cannot read at all', 'reference_column': 'literacy_Cannot read at all'}, 'wealth_quintile': {'reference': 'Poorest', 'reference_column': 'wealth_quintile_Poorest'}, 'residence': {'reference': 'Rural', 'reference_column': 'residence_Rural'}, 'country_admin_region': {'reference': 'ethiopia::01', 'reference_column': 'country_admin_region_ethiopia::01'}}"
binary_lpm,model4_preferred_lpm,stunted,pooled,country_admin_region_ethiopia::14,-0.15126344843006181,0.03191510953516185,-0.2138159136816299,-0.08871098317849373,2.1418705042334507e-06,36985,4434,114,model_specific_equal_total_country_weight,cluster_robust_country_psu,True,"{'child_sex': {'reference': 'Male', 'reference_column': 'child_sex_Male'}, 'maternal_education': {'reference': 'No education', 'reference_column': 'maternal_education_No education'}, 'literacy': {'reference': 'Cannot read at all', 'reference_column': 'literacy_Cannot read at all'}, 'wealth_quintile': {'reference': 'Poorest', 'reference_column': 'wealth_quintile_Poorest'}, 'residence': {'reference': 'Rural', 'reference_column': 'residence_Rural'}, 'country_admin_region': {'reference': 'ethiopia::01', 'reference_column': 'country_admin_region_ethiopia::01'}}"
binary_lpm,model4_preferred_lpm,stunted,pooled,country_admin_region_ethiopia::15,-0.07538437435936801,0.04209127015593819,-0.15788174792855247,0.007112999209816465,0.07329745258132156,36985,4434,114,model_specific_equal_total_country_weight,cluster_robust_country_psu,True,"{'child_sex': {'reference': 'Male', 'reference_column': 'child_sex_Male'}, 'maternal_education': {'reference': 'No education', 'reference_column': 'maternal_education_No education'}, 'literacy': {'reference': 'Cannot read at all', 'reference_column': 'literacy_Cannot read at all'}, 'wealth_quintile': {'reference': 'Poorest', 'reference_column': 'wealth_quintile_Poorest'}, 'residence': {'reference': 'Rural', 'reference_column': 'residence_Rural'}, 'country_admin_region': {'reference': 'ethiopia::01', 'reference_column': 'country_admin_region_ethiopia::01'}}"
binary_lpm,model4_preferred_lpm,stunted,pooled,country_admin_region_ghana::01,-0.27852497577645086,0.03744374213012781,-0.35191336179790644,-0.20513658975499527,1.018411521978869e-13,36985,4434,114,model_specific_equal_total_country_weight,cluster_robust_country_psu,True,"{'child_sex': {'reference': 'Male', 'reference_column': 'child_sex_Male'}, 'maternal_education': {'reference': 'No education', 'reference_column': 'maternal_education_No education'}, 'literacy': {'reference': 'Cannot read at all', 'reference_column': 'literacy_Cannot read at all'}, 'wealth_quintile': {'reference': 'Poorest', 'reference_column': 'wealth_quintile_Poorest'}, 'residence': {'reference': 'Rural', 'reference_column': 'residence_Rural'}, 'country_admin_region': {'reference': 'ethiopia::01', 'reference_column': 'country_admin_region_ethiopia::01'}}"
binary_lpm,model4_preferred_lpm,stunted,pooled,country_admin_region_ghana::02,-0.24430832763643648,0.03752104272784938,-0.3178482200454098,-0.17076843522746318,7.453541610006816e-11,36985,4434,114,model_specific_equal_total_country_weight,cluster_robust_country_psu,True,"{'child_sex': {'reference': 'Male', 'reference_column': 'child_sex_Male'}, 'maternal_education': {'reference': 'No education', 'reference_column': 'maternal_education_No education'}, 'literacy': {'reference': 'Cannot read at all', 'reference_column': 'literacy_Cannot read at all'}, 'wealth_quintile': {'reference': 'Poorest', 'reference_column': 'wealth_quintile_Poorest'}, 'residence': {'reference': 'Rural', 'reference_column': 'residence_Rural'}, 'country_admin_region': {'reference': 'ethiopia::01', 'reference_column': 'country_admin_region_ethiopia::01'}}"
binary_lpm,model4_preferred_lpm,stunted,pooled,country_admin_region_ghana::03,-0.22280473011294036,0.035535561251167476,-0.29245315033564573,-0.153156309890235,3.6125951035319774e-10,36985,4434,114,model_specific_equal_total_country_weight,cluster_robust_country_psu,True,"{'child_sex': {'reference': 'Male', 'reference_column': 'child_sex_Male'}, 'maternal_education': {'reference': 'No education', 'reference_column': 'maternal_education_No education'}, 'literacy': {'reference': 'Cannot read at all', 'reference_column': 'literacy_Cannot read at all'}, 'wealth_quintile': {'reference': 'Poorest', 'reference_column': 'wealth_quintile_Poorest'}, 'residence': {'reference': 'Rural', 'reference_column': 'residence_Rural'}, 'country_admin_region': {'reference': 'ethiopia::01', 'reference_column': 'country_admin_region_ethiopia::01'}}"
binary_lpm,model4_preferred_lpm,stunted,pooled,country_admin_region_ghana::04,-0.23952078667200788,0.03442398932717905,-0.30699056595747004,-0.17205100738654572,3.4523193132783442e-12,36985,4434,114,model_specific_equal_total_country_weight,cluster_robust_country_psu,True,"{'child_sex': {'reference': 'Male', 'reference_column': 'child_sex_Male'}, 'maternal_education': {'reference': 'No education', 'reference_column': 'maternal_education_No education'}, 'literacy': {'reference': 'Cannot read at all', 'reference_column': 'literacy_Cannot read at all'}, 'wealth_quintile': {'reference': 'Poorest', 'reference_column': 'wealth_quintile_Poorest'}, 'residence': {'reference': 'Rural', 'reference_column': 'residence_Rural'}, 'country_admin_region': {'reference': 'ethiopia::01', 'reference_column': 'country_admin_region_ethiopia::01'}}"
binary_lpm,model4_preferred_lpm,stunted,pooled,country_admin_region_ghana::05,-0.26949413332172084,0.030668798316097073,-0.32960387347039377,-0.2093843931730479,1.5327722747768182e-18,36985,4434,114,model_specific_equal_total_country_weight,cluster_robust_country_psu,True,"{'child_sex': {'reference': 'Male', 'reference_column': 'child_sex_Male'}, 'maternal_education': {'reference': 'No education', 'reference_column': 'maternal_education_No education'}, 'literacy': {'reference': 'Cannot read at all', 'reference_column': 'literacy_Cannot read at all'}, 'wealth_quintile': {'reference': 'Poorest', 'reference_column': 'wealth_quintile_Poorest'}, 'residence': {'reference': 'Rural', 'reference_column': 'residence_Rural'}, 'country_admin_region': {'reference': 'ethiopia::01', 'reference_column': 'country_admin_region_ethiopia::01'}}"
binary_lpm,model4_preferred_lpm,stunted,pooled,country_admin_region_ghana::06,-0.23202586757124458,0.03591814597939731,-0.30242414008231544,-0.1616275950601737,1.0480619315703547e-10,36985,4434,114,model_specific_equal_total_country_weight,cluster_robust_country_psu,True,"{'child_sex': {'reference': 'Male', 'reference_column': 'child_sex_Male'}, 'maternal_education': {'reference': 'No education', 'reference_column': 'maternal_education_No education'}, 'literacy': {'reference': 'Cannot read at all', 'reference_column': 'literacy_Cannot read at all'}, 'wealth_quintile': {'reference': 'Poorest', 'reference_column': 'wealth_quintile_Poorest'}, 'residence': {'reference': 'Rural', 'reference_column': 'residence_Rural'}, 'country_admin_region': {'reference': 'ethiopia::01', 'reference_column': 'country_admin_region_ethiopia::01'}}"
binary_lpm,model4_preferred_lpm,stunted,pooled,country_admin_region_ghana::07,-0.3172579843585944,0.03511645988134917,-0.3860849809905845,-0.24843098772660435,1.6482562643569655e-19,36985,4434,114,model_specific_equal_total_country_weight,cluster_robust_country_psu,True,"{'child_sex': {'reference': 'Male', 'reference_column': 'child_sex_Male'}, 'maternal_education': {'reference': 'No education', 'reference_column': 'maternal_education_No education'}, 'literacy': {'reference': 'Cannot read at all', 'reference_column': 'literacy_Cannot read at all'}, 'wealth_quintile': {'reference': 'Poorest', 'reference_column': 'wealth_quintile_Poorest'}, 'residence': {'reference': 'Rural', 'reference_column': 'residence_Rural'}, 'country_admin_region': {'reference': 'ethiopia::01', 'reference_column': 'country_admin_region_ethiopia::01'}}"
binary_lpm,model4_preferred_lpm,stunted,pooled,country_admin_region_ghana::08,-0.2727313112906744,0.03199186351735649,-0.335434211583014,-0.2100284109983348,1.5278197462689917e-17,36985,4434,114,model_specific_equal_total_country_weight,cluster_robust_country_psu,True,"{'child_sex': {'reference': 'Male', 'reference_column': 'child_sex_Male'}, 'maternal_education': {'reference': 'No education', 'reference_column': 'maternal_education_No education'}, 'literacy': {'reference': 'Cannot read at all', 'reference_column': 'literacy_Cannot read at all'}, 'wealth_quintile': {'reference': 'Poorest', 'reference_column': 'wealth_quintile_Poorest'}, 'residence': {'reference': 'Rural', 'reference_column': 'residence_Rural'}, 'country_admin_region': {'reference': 'ethiopia::01', 'reference_column': 'country_admin_region_ethiopia::01'}}"
binary_lpm,model4_preferred_lpm,stunted,pooled,country_admin_region_ghana::09,-0.23791571857824698,0.041723260696995064,-0.3196918068619329,-0.1561396302945611,1.1824863137319115e-08,36985,4434,114,model_specific_equal_total_country_weight,cluster_robust_country_psu,True,"{'child_sex': {'reference': 'Male', 'reference_column': 'child_sex_Male'}, 'maternal_education': {'reference': 'No education', 'reference_column': 'maternal_education_No education'}, 'literacy': {'reference': 'Cannot read at all', 'reference_column': 'literacy_Cannot read at all'}, 'wealth_quintile': {'reference': 'Poorest', 'reference_column': 'wealth_quintile_Poorest'}, 'residence': {'reference': 'Rural', 'reference_column': 'residence_Rural'}, 'country_admin_region': {'reference': 'ethiopia::01', 'reference_column': 'country_admin_region_ethiopia::01'}}"
binary_lpm,model4_preferred_lpm,stunted,pooled,country_admin_region_ghana::10,-0.30712596434821615,0.03137249892326337,-0.368614932342834,-0.2456369963535983,1.2471979290423912e-22,36985,4434,114,model_specific_equal_total_country_weight,cluster_robust_country_psu,True,"{'child_sex': {'reference': 'Male', 'reference_column': 'child_sex_Male'}, 'maternal_education': {'reference': 'No education', 'reference_column': 'maternal_education_No education'}, 'literacy': {'reference': 'Cannot read at all', 'reference_column': 'literacy_Cannot read at all'}, 'wealth_quintile': {'reference': 'Poorest', 'reference_column': 'wealth_quintile_Poorest'}, 'residence': {'reference': 'Rural', 'reference_column': 'residence_Rural'}, 'country_admin_region': {'reference': 'ethiopia::01', 'reference_column': 'country_admin_region_ethiopia::01'}}"
binary_lpm,model4_preferred_lpm,stunted,pooled,country_admin_region_ghana::11,-0.2681770951907448,0.03791673251423646,-0.3424925253300871,-0.19386166505140245,1.5184895130372191e-12,36985,4434,114,model_specific_equal_total_country_weight,cluster_robust_country_psu,True,"{'child_sex': {'reference': 'Male', 'reference_column': 'child_sex_Male'}, 'maternal_education': {'reference': 'No education', 'reference_column': 'maternal_education_No education'}, 'literacy': {'reference': 'Cannot read at all', 'reference_column': 'literacy_Cannot read at all'}, 'wealth_quintile': {'reference': 'Poorest', 'reference_column': 'wealth_quintile_Poorest'}, 'residence': {'reference': 'Rural', 'reference_column': 'residence_Rural'}, 'country_admin_region': {'reference': 'ethiopia::01', 'reference_column': 'country_admin_region_ethiopia::01'}}"
binary_lpm,model4_preferred_lpm,stunted,pooled,country_admin_region_ghana::12,-0.1822089621326485,0.03395576124026821,-0.24876103123121532,-0.11565689303408169,8.047111004031888e-08,36985,4434,114,model_specific_equal_total_country_weight,cluster_robust_country_psu,True,"{'child_sex': {'reference': 'Male', 'reference_column': 'child_sex_Male'}, 'maternal_education': {'reference': 'No education', 'reference_column': 'maternal_education_No education'}, 'literacy': {'reference': 'Cannot read at all', 'reference_column': 'literacy_Cannot read at all'}, 'wealth_quintile': {'reference': 'Poorest', 'reference_column': 'wealth_quintile_Poorest'}, 'residence': {'reference': 'Rural', 'reference_column': 'residence_Rural'}, 'country_admin_region': {'reference': 'ethiopia::01', 'reference_column': 'country_admin_region_ethiopia::01'}}"
binary_lpm,model4_preferred_lpm,stunted,pooled,country_admin_region_ghana::13,-0.273460460923584,0.03248015998403853,-0.3371204047043986,-0.20980051714276943,3.7871554496928995e-17,36985,4434,114,model_specific_equal_total_country_weight,cluster_robust_country_psu,True,"{'child_sex': {'reference': 'Male', 'reference_column': 'child_sex_Male'}, 'maternal_education': {'reference': 'No education', 'reference_column': 'maternal_education_No education'}, 'literacy': {'reference': 'Cannot read at all', 'reference_column': 'literacy_Cannot read at all'}, 'wealth_quintile': {'reference': 'Poorest', 'reference_column': 'wealth_quintile_Poorest'}, 'residence': {'reference': 'Rural', 'reference_column': 'residence_Rural'}, 'country_admin_region': {'reference': 'ethiopia::01', 'reference_column': 'country_admin_region_ethiopia::01'}}"
binary_lpm,model4_preferred_lpm,stunted,pooled,country_admin_region_ghana::14,-0.2152814700603854,0.03757456920263893,-0.2889262724321656,-0.1416366676886052,1.0075908088857507e-08,36985,4434,114,model_specific_equal_total_country_weight,cluster_robust_country_psu,True,"{'child_sex': {'reference': 'Male', 'reference_column': 'child_sex_Male'}, 'maternal_education': {'reference': 'No education', 'reference_column': 'maternal_education_No education'}, 'literacy': {'reference': 'Cannot read at all', 'reference_column': 'literacy_Cannot read at all'}, 'wealth_quintile': {'reference': 'Poorest', 'reference_column': 'wealth_quintile_Poorest'}, 'residence': {'reference': 'Rural', 'reference_column': 'residence_Rural'}, 'country_admin_region': {'reference': 'ethiopia::01', 'reference_column': 'country_admin_region_ethiopia::01'}}"
binary_lpm,model4_preferred_lpm,stunted,pooled,country_admin_region_ghana::15,-0.2179678795387952,0.03515682931205771,-0.2868739988010504,-0.14906176027654,5.650871300261459e-10,36985,4434,114,model_specific_equal_total_country_weight,cluster_robust_country_psu,True,"{'child_sex': {'reference': 'Male', 'reference_column': 'child_sex_Male'}, 'maternal_education': {'reference': 'No education', 'reference_column': 'maternal_education_No education'}, 'literacy': {'reference': 'Cannot read at all', 'reference_column': 'literacy_Cannot read at all'}, 'wealth_quintile': {'reference': 'Poorest', 'reference_column': 'wealth_quintile_Poorest'}, 'residence': {'reference': 'Rural', 'reference_column': 'residence_Rural'}, 'country_admin_region': {'reference': 'ethiopia::01', 'reference_column': 'country_admin_region_ethiopia::01'}}"
binary_lpm,model4_preferred_lpm,stunted,pooled,country_admin_region_ghana::16,-0.2814708945726071,0.034434915792146935,-0.34896208933588463,-0.21397969980932957,2.983375131775385e-16,36985,4434,114,model_specific_equal_total_country_weight,cluster_robust_country_psu,True,"{'child_sex': {'reference': 'Male', 'reference_column': 'child_sex_Male'}, 'maternal_education': {'reference': 'No education', 'reference_column': 'maternal_education_No education'}, 'literacy': {'reference': 'Cannot read at all', 'reference_column': 'literacy_Cannot read at all'}, 'wealth_quintile': {'reference': 'Poorest', 'reference_column': 'wealth_quintile_Poorest'}, 'residence': {'reference': 'Rural', 'reference_column': 'residence_Rural'}, 'country_admin_region': {'reference': 'ethiopia::01', 'reference_column': 'country_admin_region_ethiopia::01'}}"
binary_lpm,model4_preferred_lpm,stunted,pooled,country_admin_region_kenya::01,-0.21847633586766807,0.03234543656863697,-0.28187222660642136,-0.15508044512891478,1.4335664694898237e-11,36985,4434,114,model_specific_equal_total_country_weight,cluster_robust_country_psu,True,"{'child_sex': {'reference': 'Male', 'reference_column': 'child_sex_Male'}, 'maternal_education': {'reference': 'No education', 'reference_column': 'maternal_education_No education'}, 'literacy': {'reference': 'Cannot read at all', 'reference_column': 'literacy_Cannot read at all'}, 'wealth_quintile': {'reference': 'Poorest', 'reference_column': 'wealth_quintile_Poorest'}, 'residence': {'reference': 'Rural', 'reference_column': 'residence_Rural'}, 'country_admin_region': {'reference': 'ethiopia::01', 'reference_column': 'country_admin_region_ethiopia::01'}}"
binary_lpm,model4_preferred_lpm,stunted,pooled,country_admin_region_kenya::02,-0.23647011496416956,0.038650673022218515,-0.3122240420659517,-0.1607161878623874,9.467562281969658e-10,36985,4434,114,model_specific_equal_total_country_weight,cluster_robust_country_psu,True,"{'child_sex': {'reference': 'Male', 'reference_column': 'child_sex_Male'}, 'maternal_education': {'reference': 'No education', 'reference_column': 'maternal_education_No education'}, 'literacy': {'reference': 'Cannot read at all', 'reference_column': 'literacy_Cannot read at all'}, 'wealth_quintile': {'reference': 'Poorest', 'reference_column': 'wealth_quintile_Poorest'}, 'residence': {'reference': 'Rural', 'reference_column': 'residence_Rural'}, 'country_admin_region': {'reference': 'ethiopia::01', 'reference_column': 'country_admin_region_ethiopia::01'}}"
binary_lpm,model4_preferred_lpm,stunted,pooled,country_admin_region_kenya::03,-0.08401552189450028,0.03788138126750057,-0.15826166486343166,-0.009769378925568895,0.026564520674765113,36985,4434,114,model_specific_equal_total_country_weight,cluster_robust_country_psu,True,"{'child_sex': {'reference': 'Male', 'reference_column': 'child_sex_Male'}, 'maternal_education': {'reference': 'No education', 'reference_column': 'maternal_education_No education'}, 'literacy': {'reference': 'Cannot read at all', 'reference_column': 'literacy_Cannot read at all'}, 'wealth_quintile': {'reference': 'Poorest', 'reference_column': 'wealth_quintile_Poorest'}, 'residence': {'reference': 'Rural', 'reference_column': 'residence_Rural'}, 'country_admin_region': {'reference': 'ethiopia::01', 'reference_column': 'country_admin_region_ethiopia::01'}}"
binary_lpm,model4_preferred_lpm,stunted,pooled,country_admin_region_kenya::04,-0.2904118135759706,0.032594737521222085,-0.3542963252031023,-0.22652730194883897,5.11357227770351e-19,36985,4434,114,model_specific_equal_total_country_weight,cluster_robust_country_psu,True,"{'child_sex': {'reference': 'Male', 'reference_column': 'child_sex_Male'}, 'maternal_education': {'reference': 'No education', 'reference_column': 'maternal_education_No education'}, 'literacy': {'reference': 'Cannot read at all', 'reference_column': 'literacy_Cannot read at all'}, 'wealth_quintile': {'reference': 'Poorest', 'reference_column': 'wealth_quintile_Poorest'}, 'residence': {'reference': 'Rural', 'reference_column': 'residence_Rural'}, 'country_admin_region': {'reference': 'ethiopia::01', 'reference_column': 'country_admin_region_ethiopia::01'}}"
binary_lpm,model4_preferred_lpm,stunted,pooled,country_admin_region_kenya::05,-0.27268598544035416,0.03351483530282943,-0.3383738555816914,-0.20699811529901693,4.0761842365412845e-16,36985,4434,114,model_specific_equal_total_country_weight,cluster_robust_country_psu,True,"{'child_sex': {'reference': 'Male', 'reference_column': 'child_sex_Male'}, 'maternal_education': {'reference': 'No education', 'reference_column': 'maternal_education_No education'}, 'literacy': {'reference': 'Cannot read at all', 'reference_column': 'literacy_Cannot read at all'}, 'wealth_quintile': {'reference': 'Poorest', 'reference_column': 'wealth_quintile_Poorest'}, 'residence': {'reference': 'Rural', 'reference_column': 'residence_Rural'}, 'country_admin_region': {'reference': 'ethiopia::01', 'reference_column': 'country_admin_region_ethiopia::01'}}"
binary_lpm,model4_preferred_lpm,stunted,pooled,country_admin_region_kenya::06,-0.22896264869790514,0.034986524053197736,-0.297534975786417,-0.16039032160939326,5.977082007349895e-11,36985,4434,114,model_specific_equal_total_country_weight,cluster_robust_country_psu,True,"{'child_sex': {'reference': 'Male', 'reference_column': 'child_sex_Male'}, 'maternal_education': {'reference': 'No education', 'reference_column': 'maternal_education_No education'}, 'literacy': {'reference': 'Cannot read at all', 'reference_column': 'literacy_Cannot read at all'}, 'wealth_quintile': {'reference': 'Poorest', 'reference_column': 'wealth_quintile_Poorest'}, 'residence': {'reference': 'Rural', 'reference_column': 'residence_Rural'}, 'country_admin_region': {'reference': 'ethiopia::01', 'reference_column': 'country_admin_region_ethiopia::01'}}"
binary_lpm,model4_preferred_lpm,stunted,pooled,country_admin_region_kenya::07,-0.37982787046484956,0.03022423277217413,-0.43906627815866606,-0.32058946277103306,3.206707563055068e-36,36985,4434,114,model_specific_equal_total_country_weight,cluster_robust_country_psu,True,"{'child_sex': {'reference': 'Male', 'reference_column': 'child_sex_Male'}, 'maternal_education': {'reference': 'No education', 'reference_column': 'maternal_education_No education'}, 'literacy': {'reference': 'Cannot read at all', 'reference_column': 'literacy_Cannot read at all'}, 'wealth_quintile': {'reference': 'Poorest', 'reference_column': 'wealth_quintile_Poorest'}, 'residence': {'reference': 'Rural', 'reference_column': 'residence_Rural'}, 'country_admin_region': {'reference': 'ethiopia::01', 'reference_column': 'country_admin_region_ethiopia::01'}}"
binary_lpm,model4_preferred_lpm,stunted,pooled,country_admin_region_kenya::08,-0.3907910617391304,0.027869819306662786,-0.44541490383582855,-0.3361672196424323,1.1431984439490915e-44,36985,4434,114,model_specific_equal_total_country_weight,cluster_robust_country_psu,True,"{'child_sex': {'reference': 'Male', 'reference_column': 'child_sex_Male'}, 'maternal_education': {'reference': 'No education', 'reference_column': 'maternal_education_No education'}, 'literacy': {'reference': 'Cannot read at all', 'reference_column': 'literacy_Cannot read at all'}, 'wealth_quintile': {'reference': 'Poorest', 'reference_column': 'wealth_quintile_Poorest'}, 'residence': {'reference': 'Rural', 'reference_column': 'residence_Rural'}, 'country_admin_region': {'reference': 'ethiopia::01', 'reference_column': 'country_admin_region_ethiopia::01'}}"
binary_lpm,model4_preferred_lpm,stunted,pooled,country_admin_region_kenya::09,-0.3255322674173734,0.031234568365684414,-0.38675089648676897,-0.26431363834797783,1.964007885179619e-25,36985,4434,114,model_specific_equal_total_country_weight,cluster_robust_country_psu,True,"{'child_sex': {'reference': 'Male', 'reference_column': 'child_sex_Male'}, 'maternal_education': {'reference': 'No education', 'reference_column': 'maternal_education_No education'}, 'literacy': {'reference': 'Cannot read at all', 'reference_column': 'literacy_Cannot read at all'}, 'wealth_quintile': {'reference': 'Poorest', 'reference_column': 'wealth_quintile_Poorest'}, 'residence': {'reference': 'Rural', 'reference_column': 'residence_Rural'}, 'country_admin_region': {'reference': 'ethiopia::01', 'reference_column': 'country_admin_region_ethiopia::01'}}"
binary_lpm,model4_preferred_lpm,stunted,pooled,country_admin_region_kenya::10,-0.2861445394550755,0.036284916727248366,-0.35726166942251725,-0.21502740948763374,3.1191050176062083e-15,36985,4434,114,model_specific_equal_total_country_weight,cluster_robust_country_psu,True,"{'child_sex': {'reference': 'Male', 'reference_column': 'child_sex_Male'}, 'maternal_education': {'reference': 'No education', 'reference_column': 'maternal_education_No education'}, 'literacy': {'reference': 'Cannot read at all', 'reference_column': 'literacy_Cannot read at all'}, 'wealth_quintile': {'reference': 'Poorest', 'reference_column': 'wealth_quintile_Poorest'}, 'residence': {'reference': 'Rural', 'reference_column': 'residence_Rural'}, 'country_admin_region': {'reference': 'ethiopia::01', 'reference_column': 'country_admin_region_ethiopia::01'}}"
binary_lpm,model4_preferred_lpm,stunted,pooled,country_admin_region_kenya::11,-0.3139195117911252,0.03508770982684855,-0.3826901593517405,-0.2451488642305099,3.662397922276286e-19,36985,4434,114,model_specific_equal_total_country_weight,cluster_robust_country_psu,True,"{'child_sex': {'reference': 'Male', 'reference_column': 'child_sex_Male'}, 'maternal_education': {'reference': 'No education', 'reference_column': 'maternal_education_No education'}, 'literacy': {'reference': 'Cannot read at all', 'reference_column': 'literacy_Cannot read at all'}, 'wealth_quintile': {'reference': 'Poorest', 'reference_column': 'wealth_quintile_Poorest'}, 'residence': {'reference': 'Rural', 'reference_column': 'residence_Rural'}, 'country_admin_region': {'reference': 'ethiopia::01', 'reference_column': 'country_admin_region_ethiopia::01'}}"
binary_lpm,model4_preferred_lpm,stunted,pooled,country_admin_region_kenya::12,-0.14651150425953247,0.04230811899417398,-0.22943389374174844,-0.06358911477731649,0.0005342593421519544,36985,4434,114,model_specific_equal_total_country_weight,cluster_robust_country_psu,True,"{'child_sex': {'reference': 'Male', 'reference_column': 'child_sex_Male'}, 'maternal_education': {'reference': 'No education', 'reference_column': 'maternal_education_No education'}, 'literacy': {'reference': 'Cannot read at all', 'reference_column': 'literacy_Cannot read at all'}, 'wealth_quintile': {'reference': 'Poorest', 'reference_column': 'wealth_quintile_Poorest'}, 'residence': {'reference': 'Rural', 'reference_column': 'residence_Rural'}, 'country_admin_region': {'reference': 'ethiopia::01', 'reference_column': 'country_admin_region_ethiopia::01'}}"
binary_lpm,model4_preferred_lpm,stunted,pooled,country_admin_region_kenya::13,-0.19873627535918784,0.03743335359137615,-0.2721043002188382,-0.12536825049953748,1.1018632215436251e-07,36985,4434,114,model_specific_equal_total_country_weight,cluster_robust_country_psu,True,"{'child_sex': {'reference': 'Male', 'reference_column': 'child_sex_Male'}, 'maternal_education': {'reference': 'No education', 'reference_column': 'maternal_education_No education'}, 'literacy': {'reference': 'Cannot read at all', 'reference_column': 'literacy_Cannot read at all'}, 'wealth_quintile': {'reference': 'Poorest', 'reference_column': 'wealth_quintile_Poorest'}, 'residence': {'reference': 'Rural', 'reference_column': 'residence_Rural'}, 'country_admin_region': {'reference': 'ethiopia::01', 'reference_column': 'country_admin_region_ethiopia::01'}}"
binary_lpm,model4_preferred_lpm,stunted,pooled,country_admin_region_kenya::14,-0.18142456322077813,0.0416697296019407,-0.26309573248610446,-0.0997533939554518,1.3375537149872524e-05,36985,4434,114,model_specific_equal_total_country_weight,cluster_robust_country_psu,True,"{'child_sex': {'reference': 'Male', 'reference_column': 'child_sex_Male'}, 'maternal_education': {'reference': 'No education', 'reference_column': 'maternal_education_No education'}, 'literacy': {'reference': 'Cannot read at all', 'reference_column': 'literacy_Cannot read at all'}, 'wealth_quintile': {'reference': 'Poorest', 'reference_column': 'wealth_quintile_Poorest'}, 'residence': {'reference': 'Rural', 'reference_column': 'residence_Rural'}, 'country_admin_region': {'reference': 'ethiopia::01', 'reference_column': 'country_admin_region_ethiopia::01'}}"
binary_lpm,model4_preferred_lpm,stunted,pooled,country_admin_region_kenya::15,-0.20189992433218062,0.03736719167673798,-0.27513827422199194,-0.1286615744423693,6.548669089791446e-08,36985,4434,114,model_specific_equal_total_country_weight,cluster_robust_country_psu,True,"{'child_sex': {'reference': 'Male', 'reference_column': 'child_sex_Male'}, 'maternal_education': {'reference': 'No education', 'reference_column': 'maternal_education_No education'}, 'literacy': {'reference': 'Cannot read at all', 'reference_column': 'literacy_Cannot read at all'}, 'wealth_quintile': {'reference': 'Poorest', 'reference_column': 'wealth_quintile_Poorest'}, 'residence': {'reference': 'Rural', 'reference_column': 'residence_Rural'}, 'country_admin_region': {'reference': 'ethiopia::01', 'reference_column': 'country_admin_region_ethiopia::01'}}"
binary_lpm,model4_preferred_lpm,stunted,pooled,country_admin_region_kenya::16,-0.22088351827505429,0.03515208695594688,-0.2897803426901304,-0.15198669385997818,3.3070832461648414e-10,36985,4434,114,model_specific_equal_total_country_weight,cluster_robust_country_psu,True,"{'child_sex': {'reference': 'Male', 'reference_column': 'child_sex_Male'}, 'maternal_education': {'reference': 'No education', 'reference_column': 'maternal_education_No education'}, 'literacy': {'reference': 'Cannot read at all', 'reference_column': 'literacy_Cannot read at all'}, 'wealth_quintile': {'reference': 'Poorest', 'reference_column': 'wealth_quintile_Poorest'}, 'residence': {'reference': 'Rural', 'reference_column': 'residence_Rural'}, 'country_admin_region': {'reference': 'ethiopia::01', 'reference_column': 'country_admin_region_ethiopia::01'}}"
binary_lpm,model4_preferred_lpm,stunted,pooled,country_admin_region_kenya::17,-0.19458857743634633,0.03575672836741194,-0.2646704772414554,-0.12450667763123724,5.268185621396344e-08,36985,4434,114,model_specific_equal_total_country_weight,cluster_robust_country_psu,True,"{'child_sex': {'reference': 'Male', 'reference_column': 'child_sex_Male'}, 'maternal_education': {'reference': 'No education', 'reference_column': 'maternal_education_No education'}, 'literacy': {'reference': 'Cannot read at all', 'reference_column': 'literacy_Cannot read at all'}, 'wealth_quintile': {'reference': 'Poorest', 'reference_column': 'wealth_quintile_Poorest'}, 'residence': {'reference': 'Rural', 'reference_column': 'residence_Rural'}, 'country_admin_region': {'reference': 'ethiopia::01', 'reference_column': 'country_admin_region_ethiopia::01'}}"
binary_lpm,model4_preferred_lpm,stunted,pooled,country_admin_region_kenya::18,-0.18705059097558163,0.03884474538708688,-0.2631848929229003,-0.11091628902826293,1.4695070455660377e-06,36985,4434,114,model_specific_equal_total_country_weight,cluster_robust_country_psu,True,"{'child_sex': {'reference': 'Male', 'reference_column': 'child_sex_Male'}, 'maternal_education': {'reference': 'No education', 'reference_column': 'maternal_education_No education'}, 'literacy': {'reference': 'Cannot read at all', 'reference_column': 'literacy_Cannot read at all'}, 'wealth_quintile': {'reference': 'Poorest', 'reference_column': 'wealth_quintile_Poorest'}, 'residence': {'reference': 'Rural', 'reference_column': 'residence_Rural'}, 'country_admin_region': {'reference': 'ethiopia::01', 'reference_column': 'country_admin_region_ethiopia::01'}}"
binary_lpm,model4_preferred_lpm,stunted,pooled,country_admin_region_kenya::19,-0.22930798389089668,0.03935202356370172,-0.3064365327945236,-0.15217943498726977,5.640047411133967e-09,36985,4434,114,model_specific_equal_total_country_weight,cluster_robust_country_psu,True,"{'child_sex': {'reference': 'Male', 'reference_column': 'child_sex_Male'}, 'maternal_education': {'reference': 'No education', 'reference_column': 'maternal_education_No education'}, 'literacy': {'reference': 'Cannot read at all', 'reference_column': 'literacy_Cannot read at all'}, 'wealth_quintile': {'reference': 'Poorest', 'reference_column': 'wealth_quintile_Poorest'}, 'residence': {'reference': 'Rural', 'reference_column': 'residence_Rural'}, 'country_admin_region': {'reference': 'ethiopia::01', 'reference_column': 'country_admin_region_ethiopia::01'}}"
binary_lpm,model4_preferred_lpm,stunted,pooled,country_admin_region_kenya::20,-0.24318033830033806,0.03515330856540982,-0.3120795570259647,-0.17428111957471143,4.590078357067983e-12,36985,4434,114,model_specific_equal_total_country_weight,cluster_robust_country_psu,True,"{'child_sex': {'reference': 'Male', 'reference_column': 'child_sex_Male'}, 'maternal_education': {'reference': 'No education', 'reference_column': 'maternal_education_No education'}, 'literacy': {'reference': 'Cannot read at all', 'reference_column': 'literacy_Cannot read at all'}, 'wealth_quintile': {'reference': 'Poorest', 'reference_column': 'wealth_quintile_Poorest'}, 'residence': {'reference': 'Rural', 'reference_column': 'residence_Rural'}, 'country_admin_region': {'reference': 'ethiopia::01', 'reference_column': 'country_admin_region_ethiopia::01'}}"
binary_lpm,model4_preferred_lpm,stunted,pooled,country_admin_region_kenya::21,-0.29133478007385855,0.0316656080766104,-0.3533982314525756,-0.2292713286951415,3.5677494577372063e-20,36985,4434,114,model_specific_equal_total_country_weight,cluster_robust_country_psu,True,"{'child_sex': {'reference': 'Male', 'reference_column': 'child_sex_Male'}, 'maternal_education': {'reference': 'No education', 'reference_column': 'maternal_education_No education'}, 'literacy': {'reference': 'Cannot read at all', 'reference_column': 'literacy_Cannot read at all'}, 'wealth_quintile': {'reference': 'Poorest', 'reference_column': 'wealth_quintile_Poorest'}, 'residence': {'reference': 'Rural', 'reference_column': 'residence_Rural'}, 'country_admin_region': {'reference': 'ethiopia::01', 'reference_column': 'country_admin_region_ethiopia::01'}}"
binary_lpm,model4_preferred_lpm,stunted,pooled,country_admin_region_kenya::22,-0.18068570389342917,0.0367648771895665,-0.25274353908101765,-0.10862786870584067,8.895108295554418e-07,36985,4434,114,model_specific_equal_total_country_weight,cluster_robust_country_psu,True,"{'child_sex': {'reference': 'Male', 'reference_column': 'child_sex_Male'}, 'maternal_education': {'reference': 'No education', 'reference_column': 'maternal_education_No education'}, 'literacy': {'reference': 'Cannot read at all', 'reference_column': 'literacy_Cannot read at all'}, 'wealth_quintile': {'reference': 'Poorest', 'reference_column': 'wealth_quintile_Poorest'}, 'residence': {'reference': 'Rural', 'reference_column': 'residence_Rural'}, 'country_admin_region': {'reference': 'ethiopia::01', 'reference_column': 'country_admin_region_ethiopia::01'}}"
binary_lpm,model4_preferred_lpm,stunted,pooled,country_admin_region_kenya::23,-0.2700667792096585,0.03520047725674194,-0.339058446871494,-0.201075111547823,1.6900822624278194e-14,36985,4434,114,model_specific_equal_total_country_weight,cluster_robust_country_psu,True,"{'child_sex': {'reference': 'Male', 'reference_column': 'child_sex_Male'}, 'maternal_education': {'reference': 'No education', 'reference_column': 'maternal_education_No education'}, 'literacy': {'reference': 'Cannot read at all', 'reference_column': 'literacy_Cannot read at all'}, 'wealth_quintile': {'reference': 'Poorest', 'reference_column': 'wealth_quintile_Poorest'}, 'residence': {'reference': 'Rural', 'reference_column': 'residence_Rural'}, 'country_admin_region': {'reference': 'ethiopia::01', 'reference_column': 'country_admin_region_ethiopia::01'}}"
binary_lpm,model4_preferred_lpm,stunted,pooled,country_admin_region_kenya::24,-0.1433057403670843,0.03197076384530855,-0.20596728606212433,-0.08064419467204424,7.380835630291487e-06,36985,4434,114,model_specific_equal_total_country_weight,cluster_robust_country_psu,True,"{'child_sex': {'reference': 'Male', 'reference_column': 'child_sex_Male'}, 'maternal_education': {'reference': 'No education', 'reference_column': 'maternal_education_No education'}, 'literacy': {'reference': 'Cannot read at all', 'reference_column': 'literacy_Cannot read at all'}, 'wealth_quintile': {'reference': 'Poorest', 'reference_column': 'wealth_quintile_Poorest'}, 'residence': {'reference': 'Rural', 'reference_column': 'residence_Rural'}, 'country_admin_region': {'reference': 'ethiopia::01', 'reference_column': 'country_admin_region_ethiopia::01'}}"
binary_lpm,model4_preferred_lpm,stunted,pooled,country_admin_region_kenya::25,-0.18388613056333064,0.03292865754334365,-0.24842511340753737,-0.11934714771912391,2.3453563850198375e-08,36985,4434,114,model_specific_equal_total_country_weight,cluster_robust_country_psu,True,"{'child_sex': {'reference': 'Male', 'reference_column': 'child_sex_Male'}, 'maternal_education': {'reference': 'No education', 'reference_column': 'maternal_education_No education'}, 'literacy': {'reference': 'Cannot read at all', 'reference_column': 'literacy_Cannot read at all'}, 'wealth_quintile': {'reference': 'Poorest', 'reference_column': 'wealth_quintile_Poorest'}, 'residence': {'reference': 'Rural', 'reference_column': 'residence_Rural'}, 'country_admin_region': {'reference': 'ethiopia::01', 'reference_column': 'country_admin_region_ethiopia::01'}}"
binary_lpm,model4_preferred_lpm,stunted,pooled,country_admin_region_kenya::26,-0.19919771148020518,0.03918838271762778,-0.2760055302191275,-0.12238989274128285,3.713618446694393e-07,36985,4434,114,model_specific_equal_total_country_weight,cluster_robust_country_psu,True,"{'child_sex': {'reference': 'Male', 'reference_column': 'child_sex_Male'}, 'maternal_education': {'reference': 'No education', 'reference_column': 'maternal_education_No education'}, 'literacy': {'reference': 'Cannot read at all', 'reference_column': 'literacy_Cannot read at all'}, 'wealth_quintile': {'reference': 'Poorest', 'reference_column': 'wealth_quintile_Poorest'}, 'residence': {'reference': 'Rural', 'reference_column': 'residence_Rural'}, 'country_admin_region': {'reference': 'ethiopia::01', 'reference_column': 'country_admin_region_ethiopia::01'}}"
binary_lpm,model4_preferred_lpm,stunted,pooled,country_admin_region_kenya::27,-0.2205648379656286,0.034519307215163546,-0.2882214368786228,-0.1529082390526344,1.6631165422529156e-10,36985,4434,114,model_specific_equal_total_country_weight,cluster_robust_country_psu,True,"{'child_sex': {'reference': 'Male', 'reference_column': 'child_sex_Male'}, 'maternal_education': {'reference': 'No education', 'reference_column': 'maternal_education_No education'}, 'literacy': {'reference': 'Cannot read at all', 'reference_column': 'literacy_Cannot read at all'}, 'wealth_quintile': {'reference': 'Poorest', 'reference_column': 'wealth_quintile_Poorest'}, 'residence': {'reference': 'Rural', 'reference_column': 'residence_Rural'}, 'country_admin_region': {'reference': 'ethiopia::01', 'reference_column': 'country_admin_region_ethiopia::01'}}"
binary_lpm,model4_preferred_lpm,stunted,pooled,country_admin_region_kenya::28,-0.20590882034943706,0.033306913830135225,-0.2711891718926811,-0.14062846880619298,6.322858612331163e-10,36985,4434,114,model_specific_equal_total_country_weight,cluster_robust_country_psu,True,"{'child_sex': {'reference': 'Male', 'reference_column': 'child_sex_Male'}, 'maternal_education': {'reference': 'No education', 'reference_column': 'maternal_education_No education'}, 'literacy': {'reference': 'Cannot read at all', 'reference_column': 'literacy_Cannot read at all'}, 'wealth_quintile': {'reference': 'Poorest', 'reference_column': 'wealth_quintile_Poorest'}, 'residence': {'reference': 'Rural', 'reference_column': 'residence_Rural'}, 'country_admin_region': {'reference': 'ethiopia::01', 'reference_column': 'country_admin_region_ethiopia::01'}}"
binary_lpm,model4_preferred_lpm,stunted,pooled,country_admin_region_kenya::29,-0.2593922721707109,0.03437348558271394,-0.32676306593593707,-0.1920214784054848,4.4783409118948774e-14,36985,4434,114,model_specific_equal_total_country_weight,cluster_robust_country_psu,True,"{'child_sex': {'reference': 'Male', 'reference_column': 'child_sex_Male'}, 'maternal_education': {'reference': 'No education', 'reference_column': 'maternal_education_No education'}, 'literacy': {'reference': 'Cannot read at all', 'reference_column': 'literacy_Cannot read at all'}, 'wealth_quintile': {'reference': 'Poorest', 'reference_column': 'wealth_quintile_Poorest'}, 'residence': {'reference': 'Rural', 'reference_column': 'residence_Rural'}, 'country_admin_region': {'reference': 'ethiopia::01', 'reference_column': 'country_admin_region_ethiopia::01'}}"
binary_lpm,model4_preferred_lpm,stunted,pooled,country_admin_region_kenya::30,-0.25076403623593535,0.02868300262271405,-0.3069816883449228,-0.1945463841269479,2.27804857983641e-18,36985,4434,114,model_specific_equal_total_country_weight,cluster_robust_country_psu,True,"{'child_sex': {'reference': 'Male', 'reference_column': 'child_sex_Male'}, 'maternal_education': {'reference': 'No education', 'reference_column': 'maternal_education_No education'}, 'literacy': {'reference': 'Cannot read at all', 'reference_column': 'literacy_Cannot read at all'}, 'wealth_quintile': {'reference': 'Poorest', 'reference_column': 'wealth_quintile_Poorest'}, 'residence': {'reference': 'Rural', 'reference_column': 'residence_Rural'}, 'country_admin_region': {'reference': 'ethiopia::01', 'reference_column': 'country_admin_region_ethiopia::01'}}"
binary_lpm,model4_preferred_lpm,stunted,pooled,country_admin_region_kenya::31,-0.26439566377858187,0.030465933750764115,-0.3241077966854628,-0.20468353087170094,4.013631515840447e-18,36985,4434,114,model_specific_equal_total_country_weight,cluster_robust_country_psu,True,"{'child_sex': {'reference': 'Male', 'reference_column': 'child_sex_Male'}, 'maternal_education': {'reference': 'No education', 'reference_column': 'maternal_education_No education'}, 'literacy': {'reference': 'Cannot read at all', 'reference_column': 'literacy_Cannot read at all'}, 'wealth_quintile': {'reference': 'Poorest', 'reference_column': 'wealth_quintile_Poorest'}, 'residence': {'reference': 'Rural', 'reference_column': 'residence_Rural'}, 'country_admin_region': {'reference': 'ethiopia::01', 'reference_column': 'country_admin_region_ethiopia::01'}}"
binary_lpm,model4_preferred_lpm,stunted,pooled,country_admin_region_kenya::32,-0.18236291813958042,0.03186371370651828,-0.24481464941805153,-0.1199111868611093,1.0452619250508456e-08,36985,4434,114,model_specific_equal_total_country_weight,cluster_robust_country_psu,True,"{'child_sex': {'reference': 'Male', 'reference_column': 'child_sex_Male'}, 'maternal_education': {'reference': 'No education', 'reference_column': 'maternal_education_No education'}, 'literacy': {'reference': 'Cannot read at all', 'reference_column': 'literacy_Cannot read at all'}, 'wealth_quintile': {'reference': 'Poorest', 'reference_column': 'wealth_quintile_Poorest'}, 'residence': {'reference': 'Rural', 'reference_column': 'residence_Rural'}, 'country_admin_region': {'reference': 'ethiopia::01', 'reference_column': 'country_admin_region_ethiopia::01'}}"
binary_lpm,model4_preferred_lpm,stunted,pooled,country_admin_region_kenya::33,-0.24384464399467937,0.03468819030122425,-0.3118322476739505,-0.17585704031540822,2.0710329298040178e-12,36985,4434,114,model_specific_equal_total_country_weight,cluster_robust_country_psu,True,"{'child_sex': {'reference': 'Male', 'reference_column': 'child_sex_Male'}, 'maternal_education': {'reference': 'No education', 'reference_column': 'maternal_education_No education'}, 'literacy': {'reference': 'Cannot read at all', 'reference_column': 'literacy_Cannot read at all'}, 'wealth_quintile': {'reference': 'Poorest', 'reference_column': 'wealth_quintile_Poorest'}, 'residence': {'reference': 'Rural', 'reference_column': 'residence_Rural'}, 'country_admin_region': {'reference': 'ethiopia::01', 'reference_column': 'country_admin_region_ethiopia::01'}}"
binary_lpm,model4_preferred_lpm,stunted,pooled,country_admin_region_kenya::34,-0.22752386371742087,0.033252281490995274,-0.29269713784355944,-0.1623505895912823,7.790257391382597e-12,36985,4434,114,model_specific_equal_total_country_weight,cluster_robust_country_psu,True,"{'child_sex': {'reference': 'Male', 'reference_column': 'child_sex_Male'}, 'maternal_education': {'reference': 'No education', 'reference_column': 'maternal_education_No education'}, 'literacy': {'reference': 'Cannot read at all', 'reference_column': 'literacy_Cannot read at all'}, 'wealth_quintile': {'reference': 'Poorest', 'reference_column': 'wealth_quintile_Poorest'}, 'residence': {'reference': 'Rural', 'reference_column': 'residence_Rural'}, 'country_admin_region': {'reference': 'ethiopia::01', 'reference_column': 'country_admin_region_ethiopia::01'}}"
binary_lpm,model4_preferred_lpm,stunted,pooled,country_admin_region_kenya::35,-0.2118467949002199,0.03444606534568498,-0.2793598423868757,-0.14433374741356408,7.743342300310159e-10,36985,4434,114,model_specific_equal_total_country_weight,cluster_robust_country_psu,True,"{'child_sex': {'reference': 'Male', 'reference_column': 'child_sex_Male'}, 'maternal_education': {'reference': 'No education', 'reference_column': 'maternal_education_No education'}, 'literacy': {'reference': 'Cannot read at all', 'reference_column': 'literacy_Cannot read at all'}, 'wealth_quintile': {'reference': 'Poorest', 'reference_column': 'wealth_quintile_Poorest'}, 'residence': {'reference': 'Rural', 'reference_column': 'residence_Rural'}, 'country_admin_region': {'reference': 'ethiopia::01', 'reference_column': 'country_admin_region_ethiopia::01'}}"
binary_lpm,model4_preferred_lpm,stunted,pooled,country_admin_region_kenya::36,-0.19718895440064269,0.03650374576381388,-0.2687349813985245,-0.12564292740276092,6.594505257876627e-08,36985,4434,114,model_specific_equal_total_country_weight,cluster_robust_country_psu,True,"{'child_sex': {'reference': 'Male', 'reference_column': 'child_sex_Male'}, 'maternal_education': {'reference': 'No education', 'reference_column': 'maternal_education_No education'}, 'literacy': {'reference': 'Cannot read at all', 'reference_column': 'literacy_Cannot read at all'}, 'wealth_quintile': {'reference': 'Poorest', 'reference_column': 'wealth_quintile_Poorest'}, 'residence': {'reference': 'Rural', 'reference_column': 'residence_Rural'}, 'country_admin_region': {'reference': 'ethiopia::01', 'reference_column': 'country_admin_region_ethiopia::01'}}"
binary_lpm,model4_preferred_lpm,stunted,pooled,country_admin_region_kenya::37,-0.2827378838792356,0.029525134787845787,-0.34060608470210396,-0.2248696830563672,1.0070473260502383e-21,36985,4434,114,model_specific_equal_total_country_weight,cluster_robust_country_psu,True,"{'child_sex': {'reference': 'Male', 'reference_column': 'child_sex_Male'}, 'maternal_education': {'reference': 'No education', 'reference_column': 'maternal_education_No education'}, 'literacy': {'reference': 'Cannot read at all', 'reference_column': 'literacy_Cannot read at all'}, 'wealth_quintile': {'reference': 'Poorest', 'reference_column': 'wealth_quintile_Poorest'}, 'residence': {'reference': 'Rural', 'reference_column': 'residence_Rural'}, 'country_admin_region': {'reference': 'ethiopia::01', 'reference_column': 'country_admin_region_ethiopia::01'}}"
binary_lpm,model4_preferred_lpm,stunted,pooled,country_admin_region_kenya::38,-0.2548730095019245,0.03545386419443677,-0.32436130643579475,-0.18538471256805425,6.533258858841981e-13,36985,4434,114,model_specific_equal_total_country_weight,cluster_robust_country_psu,True,"{'child_sex': {'reference': 'Male', 'reference_column': 'child_sex_Male'}, 'maternal_education': {'reference': 'No education', 'reference_column': 'maternal_education_No education'}, 'literacy': {'reference': 'Cannot read at all', 'reference_column': 'literacy_Cannot read at all'}, 'wealth_quintile': {'reference': 'Poorest', 'reference_column': 'wealth_quintile_Poorest'}, 'residence': {'reference': 'Rural', 'reference_column': 'residence_Rural'}, 'country_admin_region': {'reference': 'ethiopia::01', 'reference_column': 'country_admin_region_ethiopia::01'}}"
binary_lpm,model4_preferred_lpm,stunted,pooled,country_admin_region_kenya::39,-0.22377634846530572,0.03261151897441591,-0.2876937511363055,-0.15985894579430593,6.795987099886198e-12,36985,4434,114,model_specific_equal_total_country_weight,cluster_robust_country_psu,True,"{'child_sex': {'reference': 'Male', 'reference_column': 'child_sex_Male'}, 'maternal_education': {'reference': 'No education', 'reference_column': 'maternal_education_No education'}, 'literacy': {'reference': 'Cannot read at all', 'reference_column': 'literacy_Cannot read at all'}, 'wealth_quintile': {'reference': 'Poorest', 'reference_column': 'wealth_quintile_Poorest'}, 'residence': {'reference': 'Rural', 'reference_column': 'residence_Rural'}, 'country_admin_region': {'reference': 'ethiopia::01', 'reference_column': 'country_admin_region_ethiopia::01'}}"
binary_lpm,model4_preferred_lpm,stunted,pooled,country_admin_region_kenya::40,-0.26315221522693133,0.031164753969585613,-0.3242340105943708,-0.20207041985949184,3.06909211625442e-17,36985,4434,114,model_specific_equal_total_country_weight,cluster_robust_country_psu,True,"{'child_sex': {'reference': 'Male', 'reference_column': 'child_sex_Male'}, 'maternal_education': {'reference': 'No education', 'reference_column': 'maternal_education_No education'}, 'literacy': {'reference': 'Cannot read at all', 'reference_column': 'literacy_Cannot read at all'}, 'wealth_quintile': {'reference': 'Poorest', 'reference_column': 'wealth_quintile_Poorest'}, 'residence': {'reference': 'Rural', 'reference_column': 'residence_Rural'}, 'country_admin_region': {'reference': 'ethiopia::01', 'reference_column': 'country_admin_region_ethiopia::01'}}"
binary_lpm,model4_preferred_lpm,stunted,pooled,country_admin_region_kenya::41,-0.2279739158088631,0.035651045772087414,-0.2978486815333434,-0.1580991500843828,1.6097590245985756e-10,36985,4434,114,model_specific_equal_total_country_weight,cluster_robust_country_psu,True,"{'child_sex': {'reference': 'Male', 'reference_column': 'child_sex_Male'}, 'maternal_education': {'reference': 'No education', 'reference_column': 'maternal_education_No education'}, 'literacy': {'reference': 'Cannot read at all', 'reference_column': 'literacy_Cannot read at all'}, 'wealth_quintile': {'reference': 'Poorest', 'reference_column': 'wealth_quintile_Poorest'}, 'residence': {'reference': 'Rural', 'reference_column': 'residence_Rural'}, 'country_admin_region': {'reference': 'ethiopia::01', 'reference_column': 'country_admin_region_ethiopia::01'}}"
binary_lpm,model4_preferred_lpm,stunted,pooled,country_admin_region_kenya::42,-0.31433472149127506,0.031939503139431766,-0.3769349973286653,-0.2517344456538848,7.454155208215656e-23,36985,4434,114,model_specific_equal_total_country_weight,cluster_robust_country_psu,True,"{'child_sex': {'reference': 'Male', 'reference_column': 'child_sex_Male'}, 'maternal_education': {'reference': 'No education', 'reference_column': 'maternal_education_No education'}, 'literacy': {'reference': 'Cannot read at all', 'reference_column': 'literacy_Cannot read at all'}, 'wealth_quintile': {'reference': 'Poorest', 'reference_column': 'wealth_quintile_Poorest'}, 'residence': {'reference': 'Rural', 'reference_column': 'residence_Rural'}, 'country_admin_region': {'reference': 'ethiopia::01', 'reference_column': 'country_admin_region_ethiopia::01'}}"
binary_lpm,model4_preferred_lpm,stunted,pooled,country_admin_region_kenya::43,-0.31685466544871294,0.03013055935259584,-0.37590947661384727,-0.2577998542835786,7.285955101809385e-26,36985,4434,114,model_specific_equal_total_country_weight,cluster_robust_country_psu,True,"{'child_sex': {'reference': 'Male', 'reference_column': 'child_sex_Male'}, 'maternal_education': {'reference': 'No education', 'reference_column': 'maternal_education_No education'}, 'literacy': {'reference': 'Cannot read at all', 'reference_column': 'literacy_Cannot read at all'}, 'wealth_quintile': {'reference': 'Poorest', 'reference_column': 'wealth_quintile_Poorest'}, 'residence': {'reference': 'Rural', 'reference_column': 'residence_Rural'}, 'country_admin_region': {'reference': 'ethiopia::01', 'reference_column': 'country_admin_region_ethiopia::01'}}"
binary_lpm,model4_preferred_lpm,stunted,pooled,country_admin_region_kenya::44,-0.30638426956963855,0.03070983359305836,-0.36657443738325124,-0.24619410175602588,1.926784771040133e-23,36985,4434,114,model_specific_equal_total_country_weight,cluster_robust_country_psu,True,"{'child_sex': {'reference': 'Male', 'reference_column': 'child_sex_Male'}, 'maternal_education': {'reference': 'No education', 'reference_column': 'maternal_education_No education'}, 'literacy': {'reference': 'Cannot read at all', 'reference_column': 'literacy_Cannot read at all'}, 'wealth_quintile': {'reference': 'Poorest', 'reference_column': 'wealth_quintile_Poorest'}, 'residence': {'reference': 'Rural', 'reference_column': 'residence_Rural'}, 'country_admin_region': {'reference': 'ethiopia::01', 'reference_column': 'country_admin_region_ethiopia::01'}}"
binary_lpm,model4_preferred_lpm,stunted,pooled,country_admin_region_kenya::45,-0.23379486152417758,0.030684410520210627,-0.29393520103063236,-0.1736545220177228,2.5498215353761367e-14,36985,4434,114,model_specific_equal_total_country_weight,cluster_robust_country_psu,True,"{'child_sex': {'reference': 'Male', 'reference_column': 'child_sex_Male'}, 'maternal_education': {'reference': 'No education', 'reference_column': 'maternal_education_No education'}, 'literacy': {'reference': 'Cannot read at all', 'reference_column': 'literacy_Cannot read at all'}, 'wealth_quintile': {'reference': 'Poorest', 'reference_column': 'wealth_quintile_Poorest'}, 'residence': {'reference': 'Rural', 'reference_column': 'residence_Rural'}, 'country_admin_region': {'reference': 'ethiopia::01', 'reference_column': 'country_admin_region_ethiopia::01'}}"
binary_lpm,model4_preferred_lpm,stunted,pooled,country_admin_region_kenya::46,-0.25809457734878877,0.03648284343026908,-0.3295996365257299,-0.18658951817184766,1.5008638084240256e-12,36985,4434,114,model_specific_equal_total_country_weight,cluster_robust_country_psu,True,"{'child_sex': {'reference': 'Male', 'reference_column': 'child_sex_Male'}, 'maternal_education': {'reference': 'No education', 'reference_column': 'maternal_education_No education'}, 'literacy': {'reference': 'Cannot read at all', 'reference_column': 'literacy_Cannot read at all'}, 'wealth_quintile': {'reference': 'Poorest', 'reference_column': 'wealth_quintile_Poorest'}, 'residence': {'reference': 'Rural', 'reference_column': 'residence_Rural'}, 'country_admin_region': {'reference': 'ethiopia::01', 'reference_column': 'country_admin_region_ethiopia::01'}}"
binary_lpm,model4_preferred_lpm,stunted,pooled,country_admin_region_kenya::47,-0.20301291721734907,0.029975738259177043,-0.26176428461533546,-0.14426154981936268,1.2651071731475005e-11,36985,4434,114,model_specific_equal_total_country_weight,cluster_robust_country_psu,True,"{'child_sex': {'reference': 'Male', 'reference_column': 'child_sex_Male'}, 'maternal_education': {'reference': 'No education', 'reference_column': 'maternal_education_No education'}, 'literacy': {'reference': 'Cannot read at all', 'reference_column': 'literacy_Cannot read at all'}, 'wealth_quintile': {'reference': 'Poorest', 'reference_column': 'wealth_quintile_Poorest'}, 'residence': {'reference': 'Rural', 'reference_column': 'residence_Rural'}, 'country_admin_region': {'reference': 'ethiopia::01', 'reference_column': 'country_admin_region_ethiopia::01'}}"
binary_lpm,model4_preferred_lpm,stunted,pooled,country_admin_region_nigeria::01,-0.1643948785373779,0.0358317098603702,-0.2346237393681922,-0.09416601770656356,4.475728304517512e-06,36985,4434,114,model_specific_equal_total_country_weight,cluster_robust_country_psu,True,"{'child_sex': {'reference': 'Male', 'reference_column': 'child_sex_Male'}, 'maternal_education': {'reference': 'No education', 'reference_column': 'maternal_education_No education'}, 'literacy': {'reference': 'Cannot read at all', 'reference_column': 'literacy_Cannot read at all'}, 'wealth_quintile': {'reference': 'Poorest', 'reference_column': 'wealth_quintile_Poorest'}, 'residence': {'reference': 'Rural', 'reference_column': 'residence_Rural'}, 'country_admin_region': {'reference': 'ethiopia::01', 'reference_column': 'country_admin_region_ethiopia::01'}}"
binary_lpm,model4_preferred_lpm,stunted,pooled,country_admin_region_nigeria::02,-0.1635936089402044,0.04816130645578708,-0.25798803504194345,-0.06919918283846531,0.0006818248599187248,36985,4434,114,model_specific_equal_total_country_weight,cluster_robust_country_psu,True,"{'child_sex': {'reference': 'Male', 'reference_column': 'child_sex_Male'}, 'maternal_education': {'reference': 'No education', 'reference_column': 'maternal_education_No education'}, 'literacy': {'reference': 'Cannot read at all', 'reference_column': 'literacy_Cannot read at all'}, 'wealth_quintile': {'reference': 'Poorest', 'reference_column': 'wealth_quintile_Poorest'}, 'residence': {'reference': 'Rural', 'reference_column': 'residence_Rural'}, 'country_admin_region': {'reference': 'ethiopia::01', 'reference_column': 'country_admin_region_ethiopia::01'}}"
binary_lpm,model4_preferred_lpm,stunted,pooled,country_admin_region_nigeria::03,-0.08381984696790434,0.0644117066613741,-0.21006447220695626,0.04242477827114757,0.19315104314963838,36985,4434,114,model_specific_equal_total_country_weight,cluster_robust_country_psu,True,"{'child_sex': {'reference': 'Male', 'reference_column': 'child_sex_Male'}, 'maternal_education': {'reference': 'No education', 'reference_column': 'maternal_education_No education'}, 'literacy': {'reference': 'Cannot read at all', 'reference_column': 'literacy_Cannot read at all'}, 'wealth_quintile': {'reference': 'Poorest', 'reference_column': 'wealth_quintile_Poorest'}, 'residence': {'reference': 'Rural', 'reference_column': 'residence_Rural'}, 'country_admin_region': {'reference': 'ethiopia::01', 'reference_column': 'country_admin_region_ethiopia::01'}}"
binary_lpm,model4_preferred_lpm,stunted,pooled,country_admin_region_nigeria::04,-0.013194877651079533,0.04149703482158994,-0.09452757136660031,0.06813781606444125,0.7505064962489638,36985,4434,114,model_specific_equal_total_country_weight,cluster_robust_country_psu,True,"{'child_sex': {'reference': 'Male', 'reference_column': 'child_sex_Male'}, 'maternal_education': {'reference': 'No education', 'reference_column': 'maternal_education_No education'}, 'literacy': {'reference': 'Cannot read at all', 'reference_column': 'literacy_Cannot read at all'}, 'wealth_quintile': {'reference': 'Poorest', 'reference_column': 'wealth_quintile_Poorest'}, 'residence': {'reference': 'Rural', 'reference_column': 'residence_Rural'}, 'country_admin_region': {'reference': 'ethiopia::01', 'reference_column': 'country_admin_region_ethiopia::01'}}"
binary_lpm,model4_preferred_lpm,stunted,pooled,country_admin_region_nigeria::05,-0.06845479099339599,0.04226379623646386,-0.15129030946680466,0.014380727480012664,0.1052961248362166,36985,4434,114,model_specific_equal_total_country_weight,cluster_robust_country_psu,True,"{'child_sex': {'reference': 'Male', 'reference_column': 'child_sex_Male'}, 'maternal_education': {'reference': 'No education', 'reference_column': 'maternal_education_No education'}, 'literacy': {'reference': 'Cannot read at all', 'reference_column': 'literacy_Cannot read at all'}, 'wealth_quintile': {'reference': 'Poorest', 'reference_column': 'wealth_quintile_Poorest'}, 'residence': {'reference': 'Rural', 'reference_column': 'residence_Rural'}, 'country_admin_region': {'reference': 'ethiopia::01', 'reference_column': 'country_admin_region_ethiopia::01'}}"
binary_lpm,model4_preferred_lpm,stunted,pooled,country_admin_region_nigeria::06,-0.03486186705313954,0.04508285267930225,-0.12322263462489703,0.053498900518617956,0.43935408121764885,36985,4434,114,model_specific_equal_total_country_weight,cluster_robust_country_psu,True,"{'child_sex': {'reference': 'Male', 'reference_column': 'child_sex_Male'}, 'maternal_education': {'reference': 'No education', 'reference_column': 'maternal_education_No education'}, 'literacy': {'reference': 'Cannot read at all', 'reference_column': 'literacy_Cannot read at all'}, 'wealth_quintile': {'reference': 'Poorest', 'reference_column': 'wealth_quintile_Poorest'}, 'residence': {'reference': 'Rural', 'reference_column': 'residence_Rural'}, 'country_admin_region': {'reference': 'ethiopia::01', 'reference_column': 'country_admin_region_ethiopia::01'}}"
binary_lpm,model4_preferred_lpm,stunted,pooled,country_admin_region_nigeria::07,-0.009352291855137215,0.03965437747233335,-0.08707344353026704,0.06836885981999262,0.8135528462098232,36985,4434,114,model_specific_equal_total_country_weight,cluster_robust_country_psu,True,"{'child_sex': {'reference': 'Male', 'reference_column': 'child_sex_Male'}, 'maternal_education': {'reference': 'No education', 'reference_column': 'maternal_education_No education'}, 'literacy': {'reference': 'Cannot read at all', 'reference_column': 'literacy_Cannot read at all'}, 'wealth_quintile': {'reference': 'Poorest', 'reference_column': 'wealth_quintile_Poorest'}, 'residence': {'reference': 'Rural', 'reference_column': 'residence_Rural'}, 'country_admin_region': {'reference': 'ethiopia::01', 'reference_column': 'country_admin_region_ethiopia::01'}}"
binary_lpm,model4_preferred_lpm,stunted,pooled,country_admin_region_nigeria::08,0.000753942779079632,0.045959655897641845,-0.08932532752215228,0.09083321308031153,0.9869117313441612,36985,4434,114,model_specific_equal_total_country_weight,cluster_robust_country_psu,True,"{'child_sex': {'reference': 'Male', 'reference_column': 'child_sex_Male'}, 'maternal_education': {'reference': 'No education', 'reference_column': 'maternal_education_No education'}, 'literacy': {'reference': 'Cannot read at all', 'reference_column': 'literacy_Cannot read at all'}, 'wealth_quintile': {'reference': 'Poorest', 'reference_column': 'wealth_quintile_Poorest'}, 'residence': {'reference': 'Rural', 'reference_column': 'residence_Rural'}, 'country_admin_region': {'reference': 'ethiopia::01', 'reference_column': 'country_admin_region_ethiopia::01'}}"
binary_lpm,model4_preferred_lpm,stunted,pooled,country_admin_region_nigeria::09,0.12524143524488007,0.036153495494435875,0.05438188616055464,0.1961009843292055,0.0005318932018903088,36985,4434,114,model_specific_equal_total_country_weight,cluster_robust_country_psu,True,"{'child_sex': {'reference': 'Male', 'reference_column': 'child_sex_Male'}, 'maternal_education': {'reference': 'No education', 'reference_column': 'maternal_education_No education'}, 'literacy': {'reference': 'Cannot read at all', 'reference_column': 'literacy_Cannot read at all'}, 'wealth_quintile': {'reference': 'Poorest', 'reference_column': 'wealth_quintile_Poorest'}, 'residence': {'reference': 'Rural', 'reference_column': 'residence_Rural'}, 'country_admin_region': {'reference': 'ethiopia::01', 'reference_column': 'country_admin_region_ethiopia::01'}}"
binary_lpm,model4_preferred_lpm,stunted,pooled,country_admin_region_nigeria::10,-0.08315539806377206,0.043170064396848666,-0.16776716949187032,0.0014563733643261773,0.05407587852502674,36985,4434,114,model_specific_equal_total_country_weight,cluster_robust_country_psu,True,"{'child_sex': {'reference': 'Male', 'reference_column': 'child_sex_Male'}, 'maternal_education': {'reference': 'No education', 'reference_column': 'maternal_education_No education'}, 'literacy': {'reference': 'Cannot read at all', 'reference_column': 'literacy_Cannot read at all'}, 'wealth_quintile': {'reference': 'Poorest', 'reference_column': 'wealth_quintile_Poorest'}, 'residence': {'reference': 'Rural', 'reference_column': 'residence_Rural'}, 'country_admin_region': {'reference': 'ethiopia::01', 'reference_column': 'country_admin_region_ethiopia::01'}}"
binary_lpm,model4_preferred_lpm,stunted,pooled,country_admin_region_nigeria::11,0.03646709214474743,0.03966201611918125,-0.04126903100309491,0.11420321529258977,0.3578622054526509,36985,4434,114,model_specific_equal_total_country_weight,cluster_robust_country_psu,True,"{'child_sex': {'reference': 'Male', 'reference_column': 'child_sex_Male'}, 'maternal_education': {'reference': 'No education', 'reference_column': 'maternal_education_No education'}, 'literacy': {'reference': 'Cannot read at all', 'reference_column': 'literacy_Cannot read at all'}, 'wealth_quintile': {'reference': 'Poorest', 'reference_column': 'wealth_quintile_Poorest'}, 'residence': {'reference': 'Rural', 'reference_column': 'residence_Rural'}, 'country_admin_region': {'reference': 'ethiopia::01', 'reference_column': 'country_admin_region_ethiopia::01'}}"
binary_lpm,model4_preferred_lpm,stunted,pooled,country_admin_region_nigeria::12,-0.01259238628307645,0.04988551197827565,-0.11036619311083819,0.08518142054468529,0.8007120219215591,36985,4434,114,model_specific_equal_total_country_weight,cluster_robust_country_psu,True,"{'child_sex': {'reference': 'Male', 'reference_column': 'child_sex_Male'}, 'maternal_education': {'reference': 'No education', 'reference_column': 'maternal_education_No education'}, 'literacy': {'reference': 'Cannot read at all', 'reference_column': 'literacy_Cannot read at all'}, 'wealth_quintile': {'reference': 'Poorest', 'reference_column': 'wealth_quintile_Poorest'}, 'residence': {'reference': 'Rural', 'reference_column': 'residence_Rural'}, 'country_admin_region': {'reference': 'ethiopia::01', 'reference_column': 'country_admin_region_ethiopia::01'}}"
binary_lpm,model4_preferred_lpm,stunted,pooled,country_admin_region_nigeria::13,0.054385865955292385,0.060400862933203396,-0.0639976500289266,0.17276938193951136,0.3678992389882433,36985,4434,114,model_specific_equal_total_country_weight,cluster_robust_country_psu,True,"{'child_sex': {'reference': 'Male', 'reference_column': 'child_sex_Male'}, 'maternal_education': {'reference': 'No education', 'reference_column': 'maternal_education_No education'}, 'literacy': {'reference': 'Cannot read at all', 'reference_column': 'literacy_Cannot read at all'}, 'wealth_quintile': {'reference': 'Poorest', 'reference_column': 'wealth_quintile_Poorest'}, 'residence': {'reference': 'Rural', 'reference_column': 'residence_Rural'}, 'country_admin_region': {'reference': 'ethiopia::01', 'reference_column': 'country_admin_region_ethiopia::01'}}"
binary_lpm,model4_preferred_lpm,stunted,pooled,country_admin_region_nigeria::14,0.032348522669693965,0.03499160346227891,-0.03623375987767976,0.10093080521706768,0.3552441177139404,36985,4434,114,model_specific_equal_total_country_weight,cluster_robust_country_psu,True,"{'child_sex': {'reference': 'Male', 'reference_column': 'child_sex_Male'}, 'maternal_education': {'reference': 'No education', 'reference_column': 'maternal_education_No education'}, 'literacy': {'reference': 'Cannot read at all', 'reference_column': 'literacy_Cannot read at all'}, 'wealth_quintile': {'reference': 'Poorest', 'reference_column': 'wealth_quintile_Poorest'}, 'residence': {'reference': 'Rural', 'reference_column': 'residence_Rural'}, 'country_admin_region': {'reference': 'ethiopia::01', 'reference_column': 'country_admin_region_ethiopia::01'}}"
binary_lpm,model4_preferred_lpm,stunted,pooled,country_admin_region_nigeria::15,-0.041528615987370315,0.03996237630169844,-0.11985343427533622,0.03679620230059559,0.29871505202222215,36985,4434,114,model_specific_equal_total_country_weight,cluster_robust_country_psu,True,"{'child_sex': {'reference': 'Male', 'reference_column': 'child_sex_Male'}, 'maternal_education': {'reference': 'No education', 'reference_column': 'maternal_education_No education'}, 'literacy': {'reference': 'Cannot read at all', 'reference_column': 'literacy_Cannot read at all'}, 'wealth_quintile': {'reference': 'Poorest', 'reference_column': 'wealth_quintile_Poorest'}, 'residence': {'reference': 'Rural', 'reference_column': 'residence_Rural'}, 'country_admin_region': {'reference': 'ethiopia::01', 'reference_column': 'country_admin_region_ethiopia::01'}}"
binary_lpm,model4_preferred_lpm,stunted,pooled,country_admin_region_nigeria::16,0.059971599829948576,0.04420136725299992,-0.026661488053359404,0.14660468771325655,0.17485062968005027,36985,4434,114,model_specific_equal_total_country_weight,cluster_robust_country_psu,True,"{'child_sex': {'reference': 'Male', 'reference_column': 'child_sex_Male'}, 'maternal_education': {'reference': 'No education', 'reference_column': 'maternal_education_No education'}, 'literacy': {'reference': 'Cannot read at all', 'reference_column': 'literacy_Cannot read at all'}, 'wealth_quintile': {'reference': 'Poorest', 'reference_column': 'wealth_quintile_Poorest'}, 'residence': {'reference': 'Rural', 'reference_column': 'residence_Rural'}, 'country_admin_region': {'reference': 'ethiopia::01', 'reference_column': 'country_admin_region_ethiopia::01'}}"
binary_lpm,model4_preferred_lpm,stunted,pooled,country_admin_region_nigeria::17,0.13398087198976272,0.05455129466435314,0.02706229913759854,0.24089944484192688,0.01404724306962811,36985,4434,114,model_specific_equal_total_country_weight,cluster_robust_country_psu,True,"{'child_sex': {'reference': 'Male', 'reference_column': 'child_sex_Male'}, 'maternal_education': {'reference': 'No education', 'reference_column': 'maternal_education_No education'}, 'literacy': {'reference': 'Cannot read at all', 'reference_column': 'literacy_Cannot read at all'}, 'wealth_quintile': {'reference': 'Poorest', 'reference_column': 'wealth_quintile_Poorest'}, 'residence': {'reference': 'Rural', 'reference_column': 'residence_Rural'}, 'country_admin_region': {'reference': 'ethiopia::01', 'reference_column': 'country_admin_region_ethiopia::01'}}"
binary_lpm,model4_preferred_lpm,stunted,pooled,country_admin_region_nigeria::18,0.07895694459467419,0.039664431347032535,0.0012160876872288756,0.15669780150211948,0.046522307351349095,36985,4434,114,model_specific_equal_total_country_weight,cluster_robust_country_psu,True,"{'child_sex': {'reference': 'Male', 'reference_column': 'child_sex_Male'}, 'maternal_education': {'reference': 'No education', 'reference_column': 'maternal_education_No education'}, 'literacy': {'reference': 'Cannot read at all', 'reference_column': 'literacy_Cannot read at all'}, 'wealth_quintile': {'reference': 'Poorest', 'reference_column': 'wealth_quintile_Poorest'}, 'residence': {'reference': 'Rural', 'reference_column': 'residence_Rural'}, 'country_admin_region': {'reference': 'ethiopia::01', 'reference_column': 'country_admin_region_ethiopia::01'}}"
binary_lpm,model4_preferred_lpm,stunted,pooled,country_admin_region_nigeria::19,-0.08072530130651047,0.05410228358383174,-0.1867638286121933,0.02531322599917235,0.1356764009509175,36985,4434,114,model_specific_equal_total_country_weight,cluster_robust_country_psu,True,"{'child_sex': {'reference': 'Male', 'reference_column': 'child_sex_Male'}, 'maternal_education': {'reference': 'No education', 'reference_column': 'maternal_education_No education'}, 'literacy': {'reference': 'Cannot read at all', 'reference_column': 'literacy_Cannot read at all'}, 'wealth_quintile': {'reference': 'Poorest', 'reference_column': 'wealth_quintile_Poorest'}, 'residence': {'reference': 'Rural', 'reference_column': 'residence_Rural'}, 'country_admin_region': {'reference': 'ethiopia::01', 'reference_column': 'country_admin_region_ethiopia::01'}}"
binary_lpm,model4_preferred_lpm,stunted,pooled,country_admin_region_nigeria::20,0.141168005536976,0.05273851916634292,0.03780240737296851,0.24453360370098348,0.0074339348321425655,36985,4434,114,model_specific_equal_total_country_weight,cluster_robust_country_psu,True,"{'child_sex': {'reference': 'Male', 'reference_column': 'child_sex_Male'}, 'maternal_education': {'reference': 'No education', 'reference_column': 'maternal_education_No education'}, 'literacy': {'reference': 'Cannot read at all', 'reference_column': 'literacy_Cannot read at all'}, 'wealth_quintile': {'reference': 'Poorest', 'reference_column': 'wealth_quintile_Poorest'}, 'residence': {'reference': 'Rural', 'reference_column': 'residence_Rural'}, 'country_admin_region': {'reference': 'ethiopia::01', 'reference_column': 'country_admin_region_ethiopia::01'}}"
binary_lpm,model4_preferred_lpm,stunted,pooled,country_admin_region_nigeria::21,-0.1478918831577829,0.04456620445170962,-0.23524003881078237,-0.060543727504783415,0.0009051007633527347,36985,4434,114,model_specific_equal_total_country_weight,cluster_robust_country_psu,True,"{'child_sex': {'reference': 'Male', 'reference_column': 'child_sex_Male'}, 'maternal_education': {'reference': 'No education', 'reference_column': 'maternal_education_No education'}, 'literacy': {'reference': 'Cannot read at all', 'reference_column': 'literacy_Cannot read at all'}, 'wealth_quintile': {'reference': 'Poorest', 'reference_column': 'wealth_quintile_Poorest'}, 'residence': {'reference': 'Rural', 'reference_column': 'residence_Rural'}, 'country_admin_region': {'reference': 'ethiopia::01', 'reference_column': 'country_admin_region_ethiopia::01'}}"
binary_lpm,model4_preferred_lpm,stunted,pooled,country_admin_region_nigeria::22,-0.21965321942240223,0.036964359906687,-0.2921020335510851,-0.14720440529371936,2.8105493040236623e-09,36985,4434,114,model_specific_equal_total_country_weight,cluster_robust_country_psu,True,"{'child_sex': {'reference': 'Male', 'reference_column': 'child_sex_Male'}, 'maternal_education': {'reference': 'No education', 'reference_column': 'maternal_education_No education'}, 'literacy': {'reference': 'Cannot read at all', 'reference_column': 'literacy_Cannot read at all'}, 'wealth_quintile': {'reference': 'Poorest', 'reference_column': 'wealth_quintile_Poorest'}, 'residence': {'reference': 'Rural', 'reference_column': 'residence_Rural'}, 'country_admin_region': {'reference': 'ethiopia::01', 'reference_column': 'country_admin_region_ethiopia::01'}}"
binary_lpm,model4_preferred_lpm,stunted,pooled,country_admin_region_nigeria::23,-0.13984176951574087,0.03208182521722018,-0.20272099149980133,-0.07696254753168041,1.3071220875143078e-05,36985,4434,114,model_specific_equal_total_country_weight,cluster_robust_country_psu,True,"{'child_sex': {'reference': 'Male', 'reference_column': 'child_sex_Male'}, 'maternal_education': {'reference': 'No education', 'reference_column': 'maternal_education_No education'}, 'literacy': {'reference': 'Cannot read at all', 'reference_column': 'literacy_Cannot read at all'}, 'wealth_quintile': {'reference': 'Poorest', 'reference_column': 'wealth_quintile_Poorest'}, 'residence': {'reference': 'Rural', 'reference_column': 'residence_Rural'}, 'country_admin_region': {'reference': 'ethiopia::01', 'reference_column': 'country_admin_region_ethiopia::01'}}"
binary_lpm,model4_preferred_lpm,stunted,pooled,country_admin_region_nigeria::24,-0.2333217649916106,0.03668317544924821,-0.305219467710701,-0.16142406227252015,2.011541880785214e-10,36985,4434,114,model_specific_equal_total_country_weight,cluster_robust_country_psu,True,"{'child_sex': {'reference': 'Male', 'reference_column': 'child_sex_Male'}, 'maternal_education': {'reference': 'No education', 'reference_column': 'maternal_education_No education'}, 'literacy': {'reference': 'Cannot read at all', 'reference_column': 'literacy_Cannot read at all'}, 'wealth_quintile': {'reference': 'Poorest', 'reference_column': 'wealth_quintile_Poorest'}, 'residence': {'reference': 'Rural', 'reference_column': 'residence_Rural'}, 'country_admin_region': {'reference': 'ethiopia::01', 'reference_column': 'country_admin_region_ethiopia::01'}}"
binary_lpm,model4_preferred_lpm,stunted,pooled,country_admin_region_nigeria::25,-0.20523419644376859,0.0318443870925825,-0.26764804825498245,-0.14282034463255472,1.1566933141630055e-10,36985,4434,114,model_specific_equal_total_country_weight,cluster_robust_country_psu,True,"{'child_sex': {'reference': 'Male', 'reference_column': 'child_sex_Male'}, 'maternal_education': {'reference': 'No education', 'reference_column': 'maternal_education_No education'}, 'literacy': {'reference': 'Cannot read at all', 'reference_column': 'literacy_Cannot read at all'}, 'wealth_quintile': {'reference': 'Poorest', 'reference_column': 'wealth_quintile_Poorest'}, 'residence': {'reference': 'Rural', 'reference_column': 'residence_Rural'}, 'country_admin_region': {'reference': 'ethiopia::01', 'reference_column': 'country_admin_region_ethiopia::01'}}"
binary_lpm,model4_preferred_lpm,stunted,pooled,country_admin_region_nigeria::26,-0.12538640893160682,0.039613285357738524,-0.2030270215420822,-0.04774579632113145,0.0015494360371077133,36985,4434,114,model_specific_equal_total_country_weight,cluster_robust_country_psu,True,"{'child_sex': {'reference': 'Male', 'reference_column': 'child_sex_Male'}, 'maternal_education': {'reference': 'No education', 'reference_column': 'maternal_education_No education'}, 'literacy': {'reference': 'Cannot read at all', 'reference_column': 'literacy_Cannot read at all'}, 'wealth_quintile': {'reference': 'Poorest', 'reference_column': 'wealth_quintile_Poorest'}, 'residence': {'reference': 'Rural', 'reference_column': 'residence_Rural'}, 'country_admin_region': {'reference': 'ethiopia::01', 'reference_column': 'country_admin_region_ethiopia::01'}}"
binary_lpm,model4_preferred_lpm,stunted,pooled,country_admin_region_nigeria::27,-0.1311952049995866,0.04319469048196822,-0.21585524266759937,-0.0465351673315738,0.002387082736813035,36985,4434,114,model_specific_equal_total_country_weight,cluster_robust_country_psu,True,"{'child_sex': {'reference': 'Male', 'reference_column': 'child_sex_Male'}, 'maternal_education': {'reference': 'No education', 'reference_column': 'maternal_education_No education'}, 'literacy': {'reference': 'Cannot read at all', 'reference_column': 'literacy_Cannot read at all'}, 'wealth_quintile': {'reference': 'Poorest', 'reference_column': 'wealth_quintile_Poorest'}, 'residence': {'reference': 'Rural', 'reference_column': 'residence_Rural'}, 'country_admin_region': {'reference': 'ethiopia::01', 'reference_column': 'country_admin_region_ethiopia::01'}}"
binary_lpm,model4_preferred_lpm,stunted,pooled,country_admin_region_nigeria::28,-0.17275853908817132,0.055002192624058706,-0.280560855702061,-0.06495622247428165,0.0016840702940933393,36985,4434,114,model_specific_equal_total_country_weight,cluster_robust_country_psu,True,"{'child_sex': {'reference': 'Male', 'reference_column': 'child_sex_Male'}, 'maternal_education': {'reference': 'No education', 'reference_column': 'maternal_education_No education'}, 'literacy': {'reference': 'Cannot read at all', 'reference_column': 'literacy_Cannot read at all'}, 'wealth_quintile': {'reference': 'Poorest', 'reference_column': 'wealth_quintile_Poorest'}, 'residence': {'reference': 'Rural', 'reference_column': 'residence_Rural'}, 'country_admin_region': {'reference': 'ethiopia::01', 'reference_column': 'country_admin_region_ethiopia::01'}}"
binary_lpm,model4_preferred_lpm,stunted,pooled,country_admin_region_nigeria::29,-0.12844168283962254,0.039401562474344974,-0.20566732622394357,-0.051216039455301496,0.0011148611856453396,36985,4434,114,model_specific_equal_total_country_weight,cluster_robust_country_psu,True,"{'child_sex': {'reference': 'Male', 'reference_column': 'child_sex_Male'}, 'maternal_education': {'reference': 'No education', 'reference_column': 'maternal_education_No education'}, 'literacy': {'reference': 'Cannot read at all', 'reference_column': 'literacy_Cannot read at all'}, 'wealth_quintile': {'reference': 'Poorest', 'reference_column': 'wealth_quintile_Poorest'}, 'residence': {'reference': 'Rural', 'reference_column': 'residence_Rural'}, 'country_admin_region': {'reference': 'ethiopia::01', 'reference_column': 'country_admin_region_ethiopia::01'}}"
binary_lpm,model4_preferred_lpm,stunted,pooled,country_admin_region_nigeria::30,-0.20308858585273462,0.03615680877274956,-0.27395462884322563,-0.1322225428622436,1.9443231951148836e-08,36985,4434,114,model_specific_equal_total_country_weight,cluster_robust_country_psu,True,"{'child_sex': {'reference': 'Male', 'reference_column': 'child_sex_Male'}, 'maternal_education': {'reference': 'No education', 'reference_column': 'maternal_education_No education'}, 'literacy': {'reference': 'Cannot read at all', 'reference_column': 'literacy_Cannot read at all'}, 'wealth_quintile': {'reference': 'Poorest', 'reference_column': 'wealth_quintile_Poorest'}, 'residence': {'reference': 'Rural', 'reference_column': 'residence_Rural'}, 'country_admin_region': {'reference': 'ethiopia::01', 'reference_column': 'country_admin_region_ethiopia::01'}}"
binary_lpm,model4_preferred_lpm,stunted,pooled,country_admin_region_nigeria::31,-0.2148819298953562,0.03162461575999792,-0.27686503780986993,-0.15289882198084248,1.0848690270349761e-11,36985,4434,114,model_specific_equal_total_country_weight,cluster_robust_country_psu,True,"{'child_sex': {'reference': 'Male', 'reference_column': 'child_sex_Male'}, 'maternal_education': {'reference': 'No education', 'reference_column': 'maternal_education_No education'}, 'literacy': {'reference': 'Cannot read at all', 'reference_column': 'literacy_Cannot read at all'}, 'wealth_quintile': {'reference': 'Poorest', 'reference_column': 'wealth_quintile_Poorest'}, 'residence': {'reference': 'Rural', 'reference_column': 'residence_Rural'}, 'country_admin_region': {'reference': 'ethiopia::01', 'reference_column': 'country_admin_region_ethiopia::01'}}"
binary_lpm,model4_preferred_lpm,stunted,pooled,country_admin_region_nigeria::32,-0.18837870322979416,0.05382141987222596,-0.2938667477761654,-0.08289065868342292,0.00046513709401192706,36985,4434,114,model_specific_equal_total_country_weight,cluster_robust_country_psu,True,"{'child_sex': {'reference': 'Male', 'reference_column': 'child_sex_Male'}, 'maternal_education': {'reference': 'No education', 'reference_column': 'maternal_education_No education'}, 'literacy': {'reference': 'Cannot read at all', 'reference_column': 'literacy_Cannot read at all'}, 'wealth_quintile': {'reference': 'Poorest', 'reference_column': 'wealth_quintile_Poorest'}, 'residence': {'reference': 'Rural', 'reference_column': 'residence_Rural'}, 'country_admin_region': {'reference': 'ethiopia::01', 'reference_column': 'country_admin_region_ethiopia::01'}}"
binary_lpm,model4_preferred_lpm,stunted,pooled,country_admin_region_nigeria::33,-0.116967634847465,0.046630250294508305,-0.20836124601478953,-0.025574023680140473,0.01212769718175406,36985,4434,114,model_specific_equal_total_country_weight,cluster_robust_country_psu,True,"{'child_sex': {'reference': 'Male', 'reference_column': 'child_sex_Male'}, 'maternal_education': {'reference': 'No education', 'reference_column': 'maternal_education_No education'}, 'literacy': {'reference': 'Cannot read at all', 'reference_column': 'literacy_Cannot read at all'}, 'wealth_quintile': {'reference': 'Poorest', 'reference_column': 'wealth_quintile_Poorest'}, 'residence': {'reference': 'Rural', 'reference_column': 'residence_Rural'}, 'country_admin_region': {'reference': 'ethiopia::01', 'reference_column': 'country_admin_region_ethiopia::01'}}"
binary_lpm,model4_preferred_lpm,stunted,pooled,country_admin_region_nigeria::34,-0.1841194401515636,0.038884146611404165,-0.26033096707949094,-0.10790791322363624,2.1897161965061656e-06,36985,4434,114,model_specific_equal_total_country_weight,cluster_robust_country_psu,True,"{'child_sex': {'reference': 'Male', 'reference_column': 'child_sex_Male'}, 'maternal_education': {'reference': 'No education', 'reference_column': 'maternal_education_No education'}, 'literacy': {'reference': 'Cannot read at all', 'reference_column': 'literacy_Cannot read at all'}, 'wealth_quintile': {'reference': 'Poorest', 'reference_column': 'wealth_quintile_Poorest'}, 'residence': {'reference': 'Rural', 'reference_column': 'residence_Rural'}, 'country_admin_region': {'reference': 'ethiopia::01', 'reference_column': 'country_admin_region_ethiopia::01'}}"
binary_lpm,model4_preferred_lpm,stunted,pooled,country_admin_region_nigeria::35,-0.1392564841889406,0.04808319442988226,-0.23349781353314675,-0.04501515484473444,0.0037776325265096817,36985,4434,114,model_specific_equal_total_country_weight,cluster_robust_country_psu,True,"{'child_sex': {'reference': 'Male', 'reference_column': 'child_sex_Male'}, 'maternal_education': {'reference': 'No education', 'reference_column': 'maternal_education_No education'}, 'literacy': {'reference': 'Cannot read at all', 'reference_column': 'literacy_Cannot read at all'}, 'wealth_quintile': {'reference': 'Poorest', 'reference_column': 'wealth_quintile_Poorest'}, 'residence': {'reference': 'Rural', 'reference_column': 'residence_Rural'}, 'country_admin_region': {'reference': 'ethiopia::01', 'reference_column': 'country_admin_region_ethiopia::01'}}"
binary_lpm,model4_preferred_lpm,stunted,pooled,country_admin_region_nigeria::36,-0.012349453392783035,0.053272529885924326,-0.11676169333452839,0.09206278654896231,0.8166805122632661,36985,4434,114,model_specific_equal_total_country_weight,cluster_robust_country_psu,True,"{'child_sex': {'reference': 'Male', 'reference_column': 'child_sex_Male'}, 'maternal_education': {'reference': 'No education', 'reference_column': 'maternal_education_No education'}, 'literacy': {'reference': 'Cannot read at all', 'reference_column': 'literacy_Cannot read at all'}, 'wealth_quintile': {'reference': 'Poorest', 'reference_column': 'wealth_quintile_Poorest'}, 'residence': {'reference': 'Rural', 'reference_column': 'residence_Rural'}, 'country_admin_region': {'reference': 'ethiopia::01', 'reference_column': 'country_admin_region_ethiopia::01'}}"
binary_lpm,model4_preferred_lpm,stunted,pooled,country_admin_region_nigeria::37,-0.13032432710362024,0.035327207457925856,-0.19956438139552973,-0.06108427281171076,0.000225080652709389,36985,4434,114,model_specific_equal_total_country_weight,cluster_robust_country_psu,True,"{'child_sex': {'reference': 'Male', 'reference_column': 'child_sex_Male'}, 'maternal_education': {'reference': 'No education', 'reference_column': 'maternal_education_No education'}, 'literacy': {'reference': 'Cannot read at all', 'reference_column': 'literacy_Cannot read at all'}, 'wealth_quintile': {'reference': 'Poorest', 'reference_column': 'wealth_quintile_Poorest'}, 'residence': {'reference': 'Rural', 'reference_column': 'residence_Rural'}, 'country_admin_region': {'reference': 'ethiopia::01', 'reference_column': 'country_admin_region_ethiopia::01'}}"
binary_lpm,model4_preferred_lpm,stunted,ethiopia,const,0.4818969173974394,0.07491544208519345,0.335065349024564,0.6287284857703148,1.254852491379047e-10,5843,787,14,weight_original,cluster_robust_psu,True,"{'child_sex': {'reference': 'Male', 'reference_column': 'child_sex_Male'}, 'maternal_education': {'reference': 'No education', 'reference_column': 'maternal_education_No education'}, 'literacy': {'reference': 'Cannot read at all', 'reference_column': 'literacy_Cannot read at all'}, 'wealth_quintile': {'reference': 'Poorest', 'reference_column': 'wealth_quintile_Poorest'}, 'residence': {'reference': 'Rural', 'reference_column': 'residence_Rural'}, 'country_admin_region': {'reference': 'ethiopia::01', 'reference_column': 'country_admin_region_ethiopia::01'}}"
binary_lpm,model4_preferred_lpm,stunted,ethiopia,water_rate_loo,0.02958408946849536,0.041158692507837914,-0.05108546549762551,0.11025364443461623,0.472275816665665,5843,787,14,weight_original,cluster_robust_psu,True,"{'child_sex': {'reference': 'Male', 'reference_column': 'child_sex_Male'}, 'maternal_education': {'reference': 'No education', 'reference_column': 'maternal_education_No education'}, 'literacy': {'reference': 'Cannot read at all', 'reference_column': 'literacy_Cannot read at all'}, 'wealth_quintile': {'reference': 'Poorest', 'reference_column': 'wealth_quintile_Poorest'}, 'residence': {'reference': 'Rural', 'reference_column': 'residence_Rural'}, 'country_admin_region': {'reference': 'ethiopia::01', 'reference_column': 'country_admin_region_ethiopia::01'}}"
binary_lpm,model4_preferred_lpm,stunted,ethiopia,sanitation_rate_loo_core,-0.03607513421356387,0.04525697391124934,-0.1247771731288814,0.05262690470175366,0.4253826870712256,5843,787,14,weight_original,cluster_robust_psu,True,"{'child_sex': {'reference': 'Male', 'reference_column': 'child_sex_Male'}, 'maternal_education': {'reference': 'No education', 'reference_column': 'maternal_education_No education'}, 'literacy': {'reference': 'Cannot read at all', 'reference_column': 'literacy_Cannot read at all'}, 'wealth_quintile': {'reference': 'Poorest', 'reference_column': 'wealth_quintile_Poorest'}, 'residence': {'reference': 'Rural', 'reference_column': 'residence_Rural'}, 'country_admin_region': {'reference': 'ethiopia::01', 'reference_column': 'country_admin_region_ethiopia::01'}}"
binary_lpm,model4_preferred_lpm,stunted,ethiopia,b19_raw,0.006524618234494262,0.0004866108573443187,0.005570878479613239,0.0074783579893752845,5.407310307135702e-41,5843,787,14,weight_original,cluster_robust_psu,True,"{'child_sex': {'reference': 'Male', 'reference_column': 'child_sex_Male'}, 'maternal_education': {'reference': 'No education', 'reference_column': 'maternal_education_No education'}, 'literacy': {'reference': 'Cannot read at all', 'reference_column': 'literacy_Cannot read at all'}, 'wealth_quintile': {'reference': 'Poorest', 'reference_column': 'wealth_quintile_Poorest'}, 'residence': {'reference': 'Rural', 'reference_column': 'residence_Rural'}, 'country_admin_region': {'reference': 'ethiopia::01', 'reference_column': 'country_admin_region_ethiopia::01'}}"
binary_lpm,model4_preferred_lpm,stunted,ethiopia,birth_order_raw,0.023718061447116932,0.00881927263285084,0.006432604716889546,0.04100351817734432,0.007159251517308092,5843,787,14,weight_original,cluster_robust_psu,True,"{'child_sex': {'reference': 'Male', 'reference_column': 'child_sex_Male'}, 'maternal_education': {'reference': 'No education', 'reference_column': 'maternal_education_No education'}, 'literacy': {'reference': 'Cannot read at all', 'reference_column': 'literacy_Cannot read at all'}, 'wealth_quintile': {'reference': 'Poorest', 'reference_column': 'wealth_quintile_Poorest'}, 'residence': {'reference': 'Rural', 'reference_column': 'residence_Rural'}, 'country_admin_region': {'reference': 'ethiopia::01', 'reference_column': 'country_admin_region_ethiopia::01'}}"
binary_lpm,model4_preferred_lpm,stunted,ethiopia,maternal_age,-0.008032414001030183,0.002539063615426735,-0.013008887241722642,-0.0030559407603377234,0.0015586616026612374,5843,787,14,weight_original,cluster_robust_psu,True,"{'child_sex': {'reference': 'Male', 'reference_column': 'child_sex_Male'}, 'maternal_education': {'reference': 'No education', 'reference_column': 'maternal_education_No education'}, 'literacy': {'reference': 'Cannot read at all', 'reference_column': 'literacy_Cannot read at all'}, 'wealth_quintile': {'reference': 'Poorest', 'reference_column': 'wealth_quintile_Poorest'}, 'residence': {'reference': 'Rural', 'reference_column': 'residence_Rural'}, 'country_admin_region': {'reference': 'ethiopia::01', 'reference_column': 'country_admin_region_ethiopia::01'}}"
binary_lpm,model4_preferred_lpm,stunted,ethiopia,household_size_raw,6.685917137408534e-05,0.0062563535854971075,-0.012195368530748278,0.01232908687349645,0.991473486193764,5843,787,14,weight_original,cluster_robust_psu,True,"{'child_sex': {'reference': 'Male', 'reference_column': 'child_sex_Male'}, 'maternal_education': {'reference': 'No education', 'reference_column': 'maternal_education_No education'}, 'literacy': {'reference': 'Cannot read at all', 'reference_column': 'literacy_Cannot read at all'}, 'wealth_quintile': {'reference': 'Poorest', 'reference_column': 'wealth_quintile_Poorest'}, 'residence': {'reference': 'Rural', 'reference_column': 'residence_Rural'}, 'country_admin_region': {'reference': 'ethiopia::01', 'reference_column': 'country_admin_region_ethiopia::01'}}"
binary_lpm,model4_preferred_lpm,stunted,ethiopia,child_sex_Female,-0.021650649828612357,0.02119662804497235,-0.06319527739044982,0.01989397773322511,0.3070557168854213,5843,787,14,weight_original,cluster_robust_psu,True,"{'child_sex': {'reference': 'Male', 'reference_column': 'child_sex_Male'}, 'maternal_education': {'reference': 'No education', 'reference_column': 'maternal_education_No education'}, 'literacy': {'reference': 'Cannot read at all', 'reference_column': 'literacy_Cannot read at all'}, 'wealth_quintile': {'reference': 'Poorest', 'reference_column': 'wealth_quintile_Poorest'}, 'residence': {'reference': 'Rural', 'reference_column': 'residence_Rural'}, 'country_admin_region': {'reference': 'ethiopia::01', 'reference_column': 'country_admin_region_ethiopia::01'}}"
binary_lpm,model4_preferred_lpm,stunted,ethiopia,maternal_education_Higher,-0.03666451544664577,0.05882145658168392,-0.15195245186493278,0.07862342097164123,0.5330750937757828,5843,787,14,weight_original,cluster_robust_psu,True,"{'child_sex': {'reference': 'Male', 'reference_column': 'child_sex_Male'}, 'maternal_education': {'reference': 'No education', 'reference_column': 'maternal_education_No education'}, 'literacy': {'reference': 'Cannot read at all', 'reference_column': 'literacy_Cannot read at all'}, 'wealth_quintile': {'reference': 'Poorest', 'reference_column': 'wealth_quintile_Poorest'}, 'residence': {'reference': 'Rural', 'reference_column': 'residence_Rural'}, 'country_admin_region': {'reference': 'ethiopia::01', 'reference_column': 'country_admin_region_ethiopia::01'}}"
binary_lpm,model4_preferred_lpm,stunted,ethiopia,maternal_education_Primary,0.006440855787282377,0.03662289182789282,-0.06533869320509382,0.07822040477965857,0.860396336175641,5843,787,14,weight_original,cluster_robust_psu,True,"{'child_sex': {'reference': 'Male', 'reference_column': 'child_sex_Male'}, 'maternal_education': {'reference': 'No education', 'reference_column': 'maternal_education_No education'}, 'literacy': {'reference': 'Cannot read at all', 'reference_column': 'literacy_Cannot read at all'}, 'wealth_quintile': {'reference': 'Poorest', 'reference_column': 'wealth_quintile_Poorest'}, 'residence': {'reference': 'Rural', 'reference_column': 'residence_Rural'}, 'country_admin_region': {'reference': 'ethiopia::01', 'reference_column': 'country_admin_region_ethiopia::01'}}"
binary_lpm,model4_preferred_lpm,stunted,ethiopia,maternal_education_Secondary,-0.006933499132093915,0.05022592363447571,-0.1053745005459254,0.09150750228173757,0.8902038853343849,5843,787,14,weight_original,cluster_robust_psu,True,"{'child_sex': {'reference': 'Male', 'reference_column': 'child_sex_Male'}, 'maternal_education': {'reference': 'No education', 'reference_column': 'maternal_education_No education'}, 'literacy': {'reference': 'Cannot read at all', 'reference_column': 'literacy_Cannot read at all'}, 'wealth_quintile': {'reference': 'Poorest', 'reference_column': 'wealth_quintile_Poorest'}, 'residence': {'reference': 'Rural', 'reference_column': 'residence_Rural'}, 'country_admin_region': {'reference': 'ethiopia::01', 'reference_column': 'country_admin_region_ethiopia::01'}}"
binary_lpm,model4_preferred_lpm,stunted,ethiopia,literacy_Able to read only parts of sentence,-0.02903824178008208,0.04018370851476644,-0.10779686323427981,0.049720379674115654,0.46990281997336203,5843,787,14,weight_original,cluster_robust_psu,True,"{'child_sex': {'reference': 'Male', 'reference_column': 'child_sex_Male'}, 'maternal_education': {'reference': 'No education', 'reference_column': 'maternal_education_No education'}, 'literacy': {'reference': 'Cannot read at all', 'reference_column': 'literacy_Cannot read at all'}, 'wealth_quintile': {'reference': 'Poorest', 'reference_column': 'wealth_quintile_Poorest'}, 'residence': {'reference': 'Rural', 'reference_column': 'residence_Rural'}, 'country_admin_region': {'reference': 'ethiopia::01', 'reference_column': 'country_admin_region_ethiopia::01'}}"
binary_lpm,model4_preferred_lpm,stunted,ethiopia,literacy_Able to read whole sentence,-0.05166516332020368,0.04091951366835122,-0.13186593637506655,0.02853560973465917,0.2067313391183374,5843,787,14,weight_original,cluster_robust_psu,True,"{'child_sex': {'reference': 'Male', 'reference_column': 'child_sex_Male'}, 'maternal_education': {'reference': 'No education', 'reference_column': 'maternal_education_No education'}, 'literacy': {'reference': 'Cannot read at all', 'reference_column': 'literacy_Cannot read at all'}, 'wealth_quintile': {'reference': 'Poorest', 'reference_column': 'wealth_quintile_Poorest'}, 'residence': {'reference': 'Rural', 'reference_column': 'residence_Rural'}, 'country_admin_region': {'reference': 'ethiopia::01', 'reference_column': 'country_admin_region_ethiopia::01'}}"
binary_lpm,model4_preferred_lpm,stunted,ethiopia,literacy_Blind/visually impaired,-0.11903126847832289,0.14300449984307326,-0.3993149377979103,0.16125240084126446,0.40520560328586497,5843,787,14,weight_original,cluster_robust_psu,True,"{'child_sex': {'reference': 'Male', 'reference_column': 'child_sex_Male'}, 'maternal_education': {'reference': 'No education', 'reference_column': 'maternal_education_No education'}, 'literacy': {'reference': 'Cannot read at all', 'reference_column': 'literacy_Cannot read at all'}, 'wealth_quintile': {'reference': 'Poorest', 'reference_column': 'wealth_quintile_Poorest'}, 'residence': {'reference': 'Rural', 'reference_column': 'residence_Rural'}, 'country_admin_region': {'reference': 'ethiopia::01', 'reference_column': 'country_admin_region_ethiopia::01'}}"
binary_lpm,model4_preferred_lpm,stunted,ethiopia,literacy_No card with required language,-0.13072170907432198,0.07318527948861032,-0.27416222107049615,0.012718802921852207,0.07407094422086004,5843,787,14,weight_original,cluster_robust_psu,True,"{'child_sex': {'reference': 'Male', 'reference_column': 'child_sex_Male'}, 'maternal_education': {'reference': 'No education', 'reference_column': 'maternal_education_No education'}, 'literacy': {'reference': 'Cannot read at all', 'reference_column': 'literacy_Cannot read at all'}, 'wealth_quintile': {'reference': 'Poorest', 'reference_column': 'wealth_quintile_Poorest'}, 'residence': {'reference': 'Rural', 'reference_column': 'residence_Rural'}, 'country_admin_region': {'reference': 'ethiopia::01', 'reference_column': 'country_admin_region_ethiopia::01'}}"
binary_lpm,model4_preferred_lpm,stunted,ethiopia,wealth_quintile_Middle,-0.0334885363112917,0.039637455422679914,-0.1111765213785562,0.0441994487559728,0.3981828717011444,5843,787,14,weight_original,cluster_robust_psu,True,"{'child_sex': {'reference': 'Male', 'reference_column': 'child_sex_Male'}, 'maternal_education': {'reference': 'No education', 'reference_column': 'maternal_education_No education'}, 'literacy': {'reference': 'Cannot read at all', 'reference_column': 'literacy_Cannot read at all'}, 'wealth_quintile': {'reference': 'Poorest', 'reference_column': 'wealth_quintile_Poorest'}, 'residence': {'reference': 'Rural', 'reference_column': 'residence_Rural'}, 'country_admin_region': {'reference': 'ethiopia::01', 'reference_column': 'country_admin_region_ethiopia::01'}}"
binary_lpm,model4_preferred_lpm,stunted,ethiopia,wealth_quintile_Poorer,-0.046494593147367355,0.03348521476921483,-0.11212440810961712,0.019135221814882405,0.1649814602617916,5843,787,14,weight_original,cluster_robust_psu,True,"{'child_sex': {'reference': 'Male', 'reference_column': 'child_sex_Male'}, 'maternal_education': {'reference': 'No education', 'reference_column': 'maternal_education_No education'}, 'literacy': {'reference': 'Cannot read at all', 'reference_column': 'literacy_Cannot read at all'}, 'wealth_quintile': {'reference': 'Poorest', 'reference_column': 'wealth_quintile_Poorest'}, 'residence': {'reference': 'Rural', 'reference_column': 'residence_Rural'}, 'country_admin_region': {'reference': 'ethiopia::01', 'reference_column': 'country_admin_region_ethiopia::01'}}"
binary_lpm,model4_preferred_lpm,stunted,ethiopia,wealth_quintile_Richer,-0.1163006883945348,0.04049413339751151,-0.19566773143881794,-0.03693364535025166,0.004078339709985679,5843,787,14,weight_original,cluster_robust_psu,True,"{'child_sex': {'reference': 'Male', 'reference_column': 'child_sex_Male'}, 'maternal_education': {'reference': 'No education', 'reference_column': 'maternal_education_No education'}, 'literacy': {'reference': 'Cannot read at all', 'reference_column': 'literacy_Cannot read at all'}, 'wealth_quintile': {'reference': 'Poorest', 'reference_column': 'wealth_quintile_Poorest'}, 'residence': {'reference': 'Rural', 'reference_column': 'residence_Rural'}, 'country_admin_region': {'reference': 'ethiopia::01', 'reference_column': 'country_admin_region_ethiopia::01'}}"
binary_lpm,model4_preferred_lpm,stunted,ethiopia,wealth_quintile_Richest,-0.16783176679190326,0.06166030046303658,-0.28868373497537336,-0.04697979860843314,0.0064912255873104,5843,787,14,weight_original,cluster_robust_psu,True,"{'child_sex': {'reference': 'Male', 'reference_column': 'child_sex_Male'}, 'maternal_education': {'reference': 'No education', 'reference_column': 'maternal_education_No education'}, 'literacy': {'reference': 'Cannot read at all', 'reference_column': 'literacy_Cannot read at all'}, 'wealth_quintile': {'reference': 'Poorest', 'reference_column': 'wealth_quintile_Poorest'}, 'residence': {'reference': 'Rural', 'reference_column': 'residence_Rural'}, 'country_admin_region': {'reference': 'ethiopia::01', 'reference_column': 'country_admin_region_ethiopia::01'}}"
binary_lpm,model4_preferred_lpm,stunted,ethiopia,residence_Urban,0.05075100979415958,0.03129566566014605,-0.010587367771933615,0.11208938736025277,0.10487561605908889,5843,787,14,weight_original,cluster_robust_psu,True,"{'child_sex': {'reference': 'Male', 'reference_column': 'child_sex_Male'}, 'maternal_education': {'reference': 'No education', 'reference_column': 'maternal_education_No education'}, 'literacy': {'reference': 'Cannot read at all', 'reference_column': 'literacy_Cannot read at all'}, 'wealth_quintile': {'reference': 'Poorest', 'reference_column': 'wealth_quintile_Poorest'}, 'residence': {'reference': 'Rural', 'reference_column': 'residence_Rural'}, 'country_admin_region': {'reference': 'ethiopia::01', 'reference_column': 'country_admin_region_ethiopia::01'}}"
binary_lpm,model4_preferred_lpm,stunted,ethiopia,country_admin_region_ethiopia::02,-0.0438506334061525,0.04003403712210635,-0.1223159043212205,0.0346146375089155,0.27337043141720196,5843,787,14,weight_original,cluster_robust_psu,True,"{'child_sex': {'reference': 'Male', 'reference_column': 'child_sex_Male'}, 'maternal_education': {'reference': 'No education', 'reference_column': 'maternal_education_No education'}, 'literacy': {'reference': 'Cannot read at all', 'reference_column': 'literacy_Cannot read at all'}, 'wealth_quintile': {'reference': 'Poorest', 'reference_column': 'wealth_quintile_Poorest'}, 'residence': {'reference': 'Rural', 'reference_column': 'residence_Rural'}, 'country_admin_region': {'reference': 'ethiopia::01', 'reference_column': 'country_admin_region_ethiopia::01'}}"
binary_lpm,model4_preferred_lpm,stunted,ethiopia,country_admin_region_ethiopia::03,0.018168545526927413,0.03366426616886286,-0.04781220373001398,0.0841492947838688,0.5894051472919457,5843,787,14,weight_original,cluster_robust_psu,True,"{'child_sex': {'reference': 'Male', 'reference_column': 'child_sex_Male'}, 'maternal_education': {'reference': 'No education', 'reference_column': 'maternal_education_No education'}, 'literacy': {'reference': 'Cannot read at all', 'reference_column': 'literacy_Cannot read at all'}, 'wealth_quintile': {'reference': 'Poorest', 'reference_column': 'wealth_quintile_Poorest'}, 'residence': {'reference': 'Rural', 'reference_column': 'residence_Rural'}, 'country_admin_region': {'reference': 'ethiopia::01', 'reference_column': 'country_admin_region_ethiopia::01'}}"
binary_lpm,model4_preferred_lpm,stunted,ethiopia,country_admin_region_ethiopia::04,-0.029647930861579,0.033052167485357706,-0.0944289887438659,0.035133127020707915,0.369716711266716,5843,787,14,weight_original,cluster_robust_psu,True,"{'child_sex': {'reference': 'Male', 'reference_column': 'child_sex_Male'}, 'maternal_education': {'reference': 'No education', 'reference_column': 'maternal_education_No education'}, 'literacy': {'reference': 'Cannot read at all', 'reference_column': 'literacy_Cannot read at all'}, 'wealth_quintile': {'reference': 'Poorest', 'reference_column': 'wealth_quintile_Poorest'}, 'residence': {'reference': 'Rural', 'reference_column': 'residence_Rural'}, 'country_admin_region': {'reference': 'ethiopia::01', 'reference_column': 'country_admin_region_ethiopia::01'}}"
binary_lpm,model4_preferred_lpm,stunted,ethiopia,country_admin_region_ethiopia::05,-0.18052947331190472,0.04657598005266843,-0.2718167167597908,-0.08924222986401863,0.00010617855684793915,5843,787,14,weight_original,cluster_robust_psu,True,"{'child_sex': {'reference': 'Male', 'reference_column': 'child_sex_Male'}, 'maternal_education': {'reference': 'No education', 'reference_column': 'maternal_education_No education'}, 'literacy': {'reference': 'Cannot read at all', 'reference_column': 'literacy_Cannot read at all'}, 'wealth_quintile': {'reference': 'Poorest', 'reference_column': 'wealth_quintile_Poorest'}, 'residence': {'reference': 'Rural', 'reference_column': 'residence_Rural'}, 'country_admin_region': {'reference': 'ethiopia::01', 'reference_column': 'country_admin_region_ethiopia::01'}}"
binary_lpm,model4_preferred_lpm,stunted,ethiopia,country_admin_region_ethiopia::06,0.07101205827907099,0.04729035105750661,-0.021675326609897627,0.1636994431680396,0.13319570506230796,5843,787,14,weight_original,cluster_robust_psu,True,"{'child_sex': {'reference': 'Male', 'reference_column': 'child_sex_Male'}, 'maternal_education': {'reference': 'No education', 'reference_column': 'maternal_education_No education'}, 'literacy': {'reference': 'Cannot read at all', 'reference_column': 'literacy_Cannot read at all'}, 'wealth_quintile': {'reference': 'Poorest', 'reference_column': 'wealth_quintile_Poorest'}, 'residence': {'reference': 'Rural', 'reference_column': 'residence_Rural'}, 'country_admin_region': {'reference': 'ethiopia::01', 'reference_column': 'country_admin_region_ethiopia::01'}}"
binary_lpm,model4_preferred_lpm,stunted,ethiopia,country_admin_region_ethiopia::07,-0.0804396502864765,0.03848796313252346,-0.15587467186452786,-0.005004628708425121,0.036618249368457104,5843,787,14,weight_original,cluster_robust_psu,True,"{'child_sex': {'reference': 'Male', 'reference_column': 'child_sex_Male'}, 'maternal_education': {'reference': 'No education', 'reference_column': 'maternal_education_No education'}, 'literacy': {'reference': 'Cannot read at all', 'reference_column': 'literacy_Cannot read at all'}, 'wealth_quintile': {'reference': 'Poorest', 'reference_column': 'wealth_quintile_Poorest'}, 'residence': {'reference': 'Rural', 'reference_column': 'residence_Rural'}, 'country_admin_region': {'reference': 'ethiopia::01', 'reference_column': 'country_admin_region_ethiopia::01'}}"
binary_lpm,model4_preferred_lpm,stunted,ethiopia,country_admin_region_ethiopia::08,-0.10812481666009593,0.03526625513365884,-0.17724540659166804,-0.03900422672852383,0.0021697462195725834,5843,787,14,weight_original,cluster_robust_psu,True,"{'child_sex': {'reference': 'Male', 'reference_column': 'child_sex_Male'}, 'maternal_education': {'reference': 'No education', 'reference_column': 'maternal_education_No education'}, 'literacy': {'reference': 'Cannot read at all', 'reference_column': 'literacy_Cannot read at all'}, 'wealth_quintile': {'reference': 'Poorest', 'reference_column': 'wealth_quintile_Poorest'}, 'residence': {'reference': 'Rural', 'reference_column': 'residence_Rural'}, 'country_admin_region': {'reference': 'ethiopia::01', 'reference_column': 'country_admin_region_ethiopia::01'}}"
binary_lpm,model4_preferred_lpm,stunted,ethiopia,country_admin_region_ethiopia::09,-0.035612904163625156,0.042199206673764915,-0.11832182942036668,0.047096021093116364,0.3987121292758623,5843,787,14,weight_original,cluster_robust_psu,True,"{'child_sex': {'reference': 'Male', 'reference_column': 'child_sex_Male'}, 'maternal_education': {'reference': 'No education', 'reference_column': 'maternal_education_No education'}, 'literacy': {'reference': 'Cannot read at all', 'reference_column': 'literacy_Cannot read at all'}, 'wealth_quintile': {'reference': 'Poorest', 'reference_column': 'wealth_quintile_Poorest'}, 'residence': {'reference': 'Rural', 'reference_column': 'residence_Rural'}, 'country_admin_region': {'reference': 'ethiopia::01', 'reference_column': 'country_admin_region_ethiopia::01'}}"
binary_lpm,model4_preferred_lpm,stunted,ethiopia,country_admin_region_ethiopia::10,-0.03897623592575922,0.04058028855325892,-0.11851213997238971,0.04055966812087128,0.336817654284325,5843,787,14,weight_original,cluster_robust_psu,True,"{'child_sex': {'reference': 'Male', 'reference_column': 'child_sex_Male'}, 'maternal_education': {'reference': 'No education', 'reference_column': 'maternal_education_No education'}, 'literacy': {'reference': 'Cannot read at all', 'reference_column': 'literacy_Cannot read at all'}, 'wealth_quintile': {'reference': 'Poorest', 'reference_column': 'wealth_quintile_Poorest'}, 'residence': {'reference': 'Rural', 'reference_column': 'residence_Rural'}, 'country_admin_region': {'reference': 'ethiopia::01', 'reference_column': 'country_admin_region_ethiopia::01'}}"
binary_lpm,model4_preferred_lpm,stunted,ethiopia,country_admin_region_ethiopia::12,-0.2565354162926634,0.03741261968608213,-0.3298628034446786,-0.1832080291406482,7.036000465913373e-12,5843,787,14,weight_original,cluster_robust_psu,True,"{'child_sex': {'reference': 'Male', 'reference_column': 'child_sex_Male'}, 'maternal_education': {'reference': 'No education', 'reference_column': 'maternal_education_No education'}, 'literacy': {'reference': 'Cannot read at all', 'reference_column': 'literacy_Cannot read at all'}, 'wealth_quintile': {'reference': 'Poorest', 'reference_column': 'wealth_quintile_Poorest'}, 'residence': {'reference': 'Rural', 'reference_column': 'residence_Rural'}, 'country_admin_region': {'reference': 'ethiopia::01', 'reference_column': 'country_admin_region_ethiopia::01'}}"
binary_lpm,model4_preferred_lpm,stunted,ethiopia,country_admin_region_ethiopia::13,-0.04403050295749151,0.04507729896796813,-0.1323803854550536,0.04431937954007057,0.3286791904031172,5843,787,14,weight_original,cluster_robust_psu,True,"{'child_sex': {'reference': 'Male', 'reference_column': 'child_sex_Male'}, 'maternal_education': {'reference': 'No education', 'reference_column': 'maternal_education_No education'}, 'literacy': {'reference': 'Cannot read at all', 'reference_column': 'literacy_Cannot read at all'}, 'wealth_quintile': {'reference': 'Poorest', 'reference_column': 'wealth_quintile_Poorest'}, 'residence': {'reference': 'Rural', 'reference_column': 'residence_Rural'}, 'country_admin_region': {'reference': 'ethiopia::01', 'reference_column': 'country_admin_region_ethiopia::01'}}"
binary_lpm,model4_preferred_lpm,stunted,ethiopia,country_admin_region_ethiopia::14,-0.14472500529296062,0.040952621204328785,-0.22499066792595637,-0.06445934265996486,0.00040938000108325614,5843,787,14,weight_original,cluster_robust_psu,True,"{'child_sex': {'reference': 'Male', 'reference_column': 'child_sex_Male'}, 'maternal_education': {'reference': 'No education', 'reference_column': 'maternal_education_No education'}, 'literacy': {'reference': 'Cannot read at all', 'reference_column': 'literacy_Cannot read at all'}, 'wealth_quintile': {'reference': 'Poorest', 'reference_column': 'wealth_quintile_Poorest'}, 'residence': {'reference': 'Rural', 'reference_column': 'residence_Rural'}, 'country_admin_region': {'reference': 'ethiopia::01', 'reference_column': 'country_admin_region_ethiopia::01'}}"
binary_lpm,model4_preferred_lpm,stunted,ethiopia,country_admin_region_ethiopia::15,-0.0634180902205303,0.04545678780954492,-0.15251175718011772,0.025675576739057127,0.16297689408418503,5843,787,14,weight_original,cluster_robust_psu,True,"{'child_sex': {'reference': 'Male', 'reference_column': 'child_sex_Male'}, 'maternal_education': {'reference': 'No education', 'reference_column': 'maternal_education_No education'}, 'literacy': {'reference': 'Cannot read at all', 'reference_column': 'literacy_Cannot read at all'}, 'wealth_quintile': {'reference': 'Poorest', 'reference_column': 'wealth_quintile_Poorest'}, 'residence': {'reference': 'Rural', 'reference_column': 'residence_Rural'}, 'country_admin_region': {'reference': 'ethiopia::01', 'reference_column': 'country_admin_region_ethiopia::01'}}"
binary_lpm,model4_preferred_lpm,stunted,ghana,const,0.29093738998233465,0.06141117052347198,0.17057370750788178,0.4113010724567875,2.163366266404112e-06,4405,616,16,weight_original,cluster_robust_psu,True,"{'child_sex': {'reference': 'Male', 'reference_column': 'child_sex_Male'}, 'maternal_education': {'reference': 'No education', 'reference_column': 'maternal_education_No education'}, 'literacy': {'reference': 'Cannot read at all', 'reference_column': 'literacy_Cannot read at all'}, 'wealth_quintile': {'reference': 'Poorest', 'reference_column': 'wealth_quintile_Poorest'}, 'residence': {'reference': 'Rural', 'reference_column': 'residence_Rural'}, 'country_admin_region': {'reference': 'ghana::01', 'reference_column': 'country_admin_region_ghana::01'}}"
binary_lpm,model4_preferred_lpm,stunted,ghana,water_rate_loo,-0.021028616399121337,0.0356338991391437,-0.09086977534057582,0.04881254254233315,0.5551038078269919,4405,616,16,weight_original,cluster_robust_psu,True,"{'child_sex': {'reference': 'Male', 'reference_column': 'child_sex_Male'}, 'maternal_education': {'reference': 'No education', 'reference_column': 'maternal_education_No education'}, 'literacy': {'reference': 'Cannot read at all', 'reference_column': 'literacy_Cannot read at all'}, 'wealth_quintile': {'reference': 'Poorest', 'reference_column': 'wealth_quintile_Poorest'}, 'residence': {'reference': 'Rural', 'reference_column': 'residence_Rural'}, 'country_admin_region': {'reference': 'ghana::01', 'reference_column': 'country_admin_region_ghana::01'}}"
binary_lpm,model4_preferred_lpm,stunted,ghana,sanitation_rate_loo_core,0.018116480839556963,0.04058316394672791,-0.06142505887471413,0.09765802055382805,0.655305548571421,4405,616,16,weight_original,cluster_robust_psu,True,"{'child_sex': {'reference': 'Male', 'reference_column': 'child_sex_Male'}, 'maternal_education': {'reference': 'No education', 'reference_column': 'maternal_education_No education'}, 'literacy': {'reference': 'Cannot read at all', 'reference_column': 'literacy_Cannot read at all'}, 'wealth_quintile': {'reference': 'Poorest', 'reference_column': 'wealth_quintile_Poorest'}, 'residence': {'reference': 'Rural', 'reference_column': 'residence_Rural'}, 'country_admin_region': {'reference': 'ghana::01', 'reference_column': 'country_admin_region_ghana::01'}}"
binary_lpm,model4_preferred_lpm,stunted,ghana,b19_raw,0.0005382529900969576,0.00048692997584531795,-0.0004161122255528241,0.0014926182057467393,0.26898577471161345,4405,616,16,weight_original,cluster_robust_psu,True,"{'child_sex': {'reference': 'Male', 'reference_column': 'child_sex_Male'}, 'maternal_education': {'reference': 'No education', 'reference_column': 'maternal_education_No education'}, 'literacy': {'reference': 'Cannot read at all', 'reference_column': 'literacy_Cannot read at all'}, 'wealth_quintile': {'reference': 'Poorest', 'reference_column': 'wealth_quintile_Poorest'}, 'residence': {'reference': 'Rural', 'reference_column': 'residence_Rural'}, 'country_admin_region': {'reference': 'ghana::01', 'reference_column': 'country_admin_region_ghana::01'}}"
binary_lpm,model4_preferred_lpm,stunted,ghana,birth_order_raw,-0.00030212460137947657,0.006805820747969487,-0.013641288152635125,0.013037038949876172,0.9645918673784037,4405,616,16,weight_original,cluster_robust_psu,True,"{'child_sex': {'reference': 'Male', 'reference_column': 'child_sex_Male'}, 'maternal_education': {'reference': 'No education', 'reference_column': 'maternal_education_No education'}, 'literacy': {'reference': 'Cannot read at all', 'reference_column': 'literacy_Cannot read at all'}, 'wealth_quintile': {'reference': 'Poorest', 'reference_column': 'wealth_quintile_Poorest'}, 'residence': {'reference': 'Rural', 'reference_column': 'residence_Rural'}, 'country_admin_region': {'reference': 'ghana::01', 'reference_column': 'country_admin_region_ghana::01'}}"
binary_lpm,model4_preferred_lpm,stunted,ghana,maternal_age,-0.0028976774679496413,0.0018280337317320473,-0.006480557744668809,0.0006852028087695264,0.11293601053791179,4405,616,16,weight_original,cluster_robust_psu,True,"{'child_sex': {'reference': 'Male', 'reference_column': 'child_sex_Male'}, 'maternal_education': {'reference': 'No education', 'reference_column': 'maternal_education_No education'}, 'literacy': {'reference': 'Cannot read at all', 'reference_column': 'literacy_Cannot read at all'}, 'wealth_quintile': {'reference': 'Poorest', 'reference_column': 'wealth_quintile_Poorest'}, 'residence': {'reference': 'Rural', 'reference_column': 'residence_Rural'}, 'country_admin_region': {'reference': 'ghana::01', 'reference_column': 'country_admin_region_ghana::01'}}"
binary_lpm,model4_preferred_lpm,stunted,ghana,household_size_raw,0.0008948699832031919,0.003229745897437331,-0.0054353156549899724,0.0072250556213963564,0.7817253376110972,4405,616,16,weight_original,cluster_robust_psu,True,"{'child_sex': {'reference': 'Male', 'reference_column': 'child_sex_Male'}, 'maternal_education': {'reference': 'No education', 'reference_column': 'maternal_education_No education'}, 'literacy': {'reference': 'Cannot read at all', 'reference_column': 'literacy_Cannot read at all'}, 'wealth_quintile': {'reference': 'Poorest', 'reference_column': 'wealth_quintile_Poorest'}, 'residence': {'reference': 'Rural', 'reference_column': 'residence_Rural'}, 'country_admin_region': {'reference': 'ghana::01', 'reference_column': 'country_admin_region_ghana::01'}}"
binary_lpm,model4_preferred_lpm,stunted,ghana,child_sex_Female,-0.04945491702634132,0.014583110935620867,-0.07803728924271043,-0.020872544809972207,0.0006957561379268758,4405,616,16,weight_original,cluster_robust_psu,True,"{'child_sex': {'reference': 'Male', 'reference_column': 'child_sex_Male'}, 'maternal_education': {'reference': 'No education', 'reference_column': 'maternal_education_No education'}, 'literacy': {'reference': 'Cannot read at all', 'reference_column': 'literacy_Cannot read at all'}, 'wealth_quintile': {'reference': 'Poorest', 'reference_column': 'wealth_quintile_Poorest'}, 'residence': {'reference': 'Rural', 'reference_column': 'residence_Rural'}, 'country_admin_region': {'reference': 'ghana::01', 'reference_column': 'country_admin_region_ghana::01'}}"
binary_lpm,model4_preferred_lpm,stunted,ghana,maternal_education_Higher,-0.05927808022204335,0.03604618145529224,-0.12992729765461175,0.011371137210525031,0.10007219236505126,4405,616,16,weight_original,cluster_robust_psu,True,"{'child_sex': {'reference': 'Male', 'reference_column': 'child_sex_Male'}, 'maternal_education': {'reference': 'No education', 'reference_column': 'maternal_education_No education'}, 'literacy': {'reference': 'Cannot read at all', 'reference_column': 'literacy_Cannot read at all'}, 'wealth_quintile': {'reference': 'Poorest', 'reference_column': 'wealth_quintile_Poorest'}, 'residence': {'reference': 'Rural', 'reference_column': 'residence_Rural'}, 'country_admin_region': {'reference': 'ghana::01', 'reference_column': 'country_admin_region_ghana::01'}}"
binary_lpm,model4_preferred_lpm,stunted,ghana,maternal_education_Primary,-0.0257714814181256,0.026216655067314156,-0.07715518114517085,0.025612218308919656,0.3255978741025717,4405,616,16,weight_original,cluster_robust_psu,True,"{'child_sex': {'reference': 'Male', 'reference_column': 'child_sex_Male'}, 'maternal_education': {'reference': 'No education', 'reference_column': 'maternal_education_No education'}, 'literacy': {'reference': 'Cannot read at all', 'reference_column': 'literacy_Cannot read at all'}, 'wealth_quintile': {'reference': 'Poorest', 'reference_column': 'wealth_quintile_Poorest'}, 'residence': {'reference': 'Rural', 'reference_column': 'residence_Rural'}, 'country_admin_region': {'reference': 'ghana::01', 'reference_column': 'country_admin_region_ghana::01'}}"
binary_lpm,model4_preferred_lpm,stunted,ghana,maternal_education_Secondary,-0.01579218579802908,0.029274994902886948,-0.07317012145528115,0.041585749859223,0.5895813417970804,4405,616,16,weight_original,cluster_robust_psu,True,"{'child_sex': {'reference': 'Male', 'reference_column': 'child_sex_Male'}, 'maternal_education': {'reference': 'No education', 'reference_column': 'maternal_education_No education'}, 'literacy': {'reference': 'Cannot read at all', 'reference_column': 'literacy_Cannot read at all'}, 'wealth_quintile': {'reference': 'Poorest', 'reference_column': 'wealth_quintile_Poorest'}, 'residence': {'reference': 'Rural', 'reference_column': 'residence_Rural'}, 'country_admin_region': {'reference': 'ghana::01', 'reference_column': 'country_admin_region_ghana::01'}}"
binary_lpm,model4_preferred_lpm,stunted,ghana,literacy_Able to read only parts of sentence,-0.04181963247426894,0.03130003572754213,-0.10316657521506846,0.01952731026653058,0.1815201949931159,4405,616,16,weight_original,cluster_robust_psu,True,"{'child_sex': {'reference': 'Male', 'reference_column': 'child_sex_Male'}, 'maternal_education': {'reference': 'No education', 'reference_column': 'maternal_education_No education'}, 'literacy': {'reference': 'Cannot read at all', 'reference_column': 'literacy_Cannot read at all'}, 'wealth_quintile': {'reference': 'Poorest', 'reference_column': 'wealth_quintile_Poorest'}, 'residence': {'reference': 'Rural', 'reference_column': 'residence_Rural'}, 'country_admin_region': {'reference': 'ghana::01', 'reference_column': 'country_admin_region_ghana::01'}}"
binary_lpm,model4_preferred_lpm,stunted,ghana,literacy_Able to read whole sentence,-0.05046527217400116,0.02703614822345394,-0.10345514897265745,0.002524604624655126,0.061959546111665424,4405,616,16,weight_original,cluster_robust_psu,True,"{'child_sex': {'reference': 'Male', 'reference_column': 'child_sex_Male'}, 'maternal_education': {'reference': 'No education', 'reference_column': 'maternal_education_No education'}, 'literacy': {'reference': 'Cannot read at all', 'reference_column': 'literacy_Cannot read at all'}, 'wealth_quintile': {'reference': 'Poorest', 'reference_column': 'wealth_quintile_Poorest'}, 'residence': {'reference': 'Rural', 'reference_column': 'residence_Rural'}, 'country_admin_region': {'reference': 'ghana::01', 'reference_column': 'country_admin_region_ghana::01'}}"
binary_lpm,model4_preferred_lpm,stunted,ghana,literacy_Blind/visually impaired,0.11079441929465043,0.2956003081444161,-0.4685715384873472,0.690160377076648,0.7078005995895486,4405,616,16,weight_original,cluster_robust_psu,True,"{'child_sex': {'reference': 'Male', 'reference_column': 'child_sex_Male'}, 'maternal_education': {'reference': 'No education', 'reference_column': 'maternal_education_No education'}, 'literacy': {'reference': 'Cannot read at all', 'reference_column': 'literacy_Cannot read at all'}, 'wealth_quintile': {'reference': 'Poorest', 'reference_column': 'wealth_quintile_Poorest'}, 'residence': {'reference': 'Rural', 'reference_column': 'residence_Rural'}, 'country_admin_region': {'reference': 'ghana::01', 'reference_column': 'country_admin_region_ghana::01'}}"
binary_lpm,model4_preferred_lpm,stunted,ghana,literacy_No card with required language,-0.15606615474997984,0.0338848209168767,-0.22247918336964767,-0.08965312613031201,4.10915408009288e-06,4405,616,16,weight_original,cluster_robust_psu,True,"{'child_sex': {'reference': 'Male', 'reference_column': 'child_sex_Male'}, 'maternal_education': {'reference': 'No education', 'reference_column': 'maternal_education_No education'}, 'literacy': {'reference': 'Cannot read at all', 'reference_column': 'literacy_Cannot read at all'}, 'wealth_quintile': {'reference': 'Poorest', 'reference_column': 'wealth_quintile_Poorest'}, 'residence': {'reference': 'Rural', 'reference_column': 'residence_Rural'}, 'country_admin_region': {'reference': 'ghana::01', 'reference_column': 'country_admin_region_ghana::01'}}"
binary_lpm,model4_preferred_lpm,stunted,ghana,wealth_quintile_Middle,-0.018144331548899873,0.030939851602914088,-0.07878532637762535,0.0424966632798256,0.5575806312649183,4405,616,16,weight_original,cluster_robust_psu,True,"{'child_sex': {'reference': 'Male', 'reference_column': 'child_sex_Male'}, 'maternal_education': {'reference': 'No education', 'reference_column': 'maternal_education_No education'}, 'literacy': {'reference': 'Cannot read at all', 'reference_column': 'literacy_Cannot read at all'}, 'wealth_quintile': {'reference': 'Poorest', 'reference_column': 'wealth_quintile_Poorest'}, 'residence': {'reference': 'Rural', 'reference_column': 'residence_Rural'}, 'country_admin_region': {'reference': 'ghana::01', 'reference_column': 'country_admin_region_ghana::01'}}"
binary_lpm,model4_preferred_lpm,stunted,ghana,wealth_quintile_Poorer,0.017464528925821184,0.02227222742478887,-0.026188234682250275,0.06111729253389264,0.4329583747369634,4405,616,16,weight_original,cluster_robust_psu,True,"{'child_sex': {'reference': 'Male', 'reference_column': 'child_sex_Male'}, 'maternal_education': {'reference': 'No education', 'reference_column': 'maternal_education_No education'}, 'literacy': {'reference': 'Cannot read at all', 'reference_column': 'literacy_Cannot read at all'}, 'wealth_quintile': {'reference': 'Poorest', 'reference_column': 'wealth_quintile_Poorest'}, 'residence': {'reference': 'Rural', 'reference_column': 'residence_Rural'}, 'country_admin_region': {'reference': 'ghana::01', 'reference_column': 'country_admin_region_ghana::01'}}"
binary_lpm,model4_preferred_lpm,stunted,ghana,wealth_quintile_Richer,-0.02299329584705911,0.03720269439005048,-0.09590923697940837,0.04992264528529014,0.5365393576050724,4405,616,16,weight_original,cluster_robust_psu,True,"{'child_sex': {'reference': 'Male', 'reference_column': 'child_sex_Male'}, 'maternal_education': {'reference': 'No education', 'reference_column': 'maternal_education_No education'}, 'literacy': {'reference': 'Cannot read at all', 'reference_column': 'literacy_Cannot read at all'}, 'wealth_quintile': {'reference': 'Poorest', 'reference_column': 'wealth_quintile_Poorest'}, 'residence': {'reference': 'Rural', 'reference_column': 'residence_Rural'}, 'country_admin_region': {'reference': 'ghana::01', 'reference_column': 'country_admin_region_ghana::01'}}"
binary_lpm,model4_preferred_lpm,stunted,ghana,wealth_quintile_Richest,-0.08284741016393228,0.03680142227812948,-0.15497687240891606,-0.01071794791894852,0.024372789765341095,4405,616,16,weight_original,cluster_robust_psu,True,"{'child_sex': {'reference': 'Male', 'reference_column': 'child_sex_Male'}, 'maternal_education': {'reference': 'No education', 'reference_column': 'maternal_education_No education'}, 'literacy': {'reference': 'Cannot read at all', 'reference_column': 'literacy_Cannot read at all'}, 'wealth_quintile': {'reference': 'Poorest', 'reference_column': 'wealth_quintile_Poorest'}, 'residence': {'reference': 'Rural', 'reference_column': 'residence_Rural'}, 'country_admin_region': {'reference': 'ghana::01', 'reference_column': 'country_admin_region_ghana::01'}}"
binary_lpm,model4_preferred_lpm,stunted,ghana,residence_Urban,0.01101495483339525,0.020905765402641906,-0.02995959242502639,0.05198950209181689,0.5982727656984619,4405,616,16,weight_original,cluster_robust_psu,True,"{'child_sex': {'reference': 'Male', 'reference_column': 'child_sex_Male'}, 'maternal_education': {'reference': 'No education', 'reference_column': 'maternal_education_No education'}, 'literacy': {'reference': 'Cannot read at all', 'reference_column': 'literacy_Cannot read at all'}, 'wealth_quintile': {'reference': 'Poorest', 'reference_column': 'wealth_quintile_Poorest'}, 'residence': {'reference': 'Rural', 'reference_column': 'residence_Rural'}, 'country_admin_region': {'reference': 'ghana::01', 'reference_column': 'country_admin_region_ghana::01'}}"
binary_lpm,model4_preferred_lpm,stunted,ghana,country_admin_region_ghana::02,0.03170009366741246,0.03768053429020865,-0.04215239645962303,0.10555258379444794,0.40018791462635905,4405,616,16,weight_original,cluster_robust_psu,True,"{'child_sex': {'reference': 'Male', 'reference_column': 'child_sex_Male'}, 'maternal_education': {'reference': 'No education', 'reference_column': 'maternal_education_No education'}, 'literacy': {'reference': 'Cannot read at all', 'reference_column': 'literacy_Cannot read at all'}, 'wealth_quintile': {'reference': 'Poorest', 'reference_column': 'wealth_quintile_Poorest'}, 'residence': {'reference': 'Rural', 'reference_column': 'residence_Rural'}, 'country_admin_region': {'reference': 'ghana::01', 'reference_column': 'country_admin_region_ghana::01'}}"
binary_lpm,model4_preferred_lpm,stunted,ghana,country_admin_region_ghana::03,0.028140334773565253,0.03595589073350155,-0.04233191609615525,0.09861258564328576,0.4338415438372788,4405,616,16,weight_original,cluster_robust_psu,True,"{'child_sex': {'reference': 'Male', 'reference_column': 'child_sex_Male'}, 'maternal_education': {'reference': 'No education', 'reference_column': 'maternal_education_No education'}, 'literacy': {'reference': 'Cannot read at all', 'reference_column': 'literacy_Cannot read at all'}, 'wealth_quintile': {'reference': 'Poorest', 'reference_column': 'wealth_quintile_Poorest'}, 'residence': {'reference': 'Rural', 'reference_column': 'residence_Rural'}, 'country_admin_region': {'reference': 'ghana::01', 'reference_column': 'country_admin_region_ghana::01'}}"
binary_lpm,model4_preferred_lpm,stunted,ghana,country_admin_region_ghana::04,0.03350487314908908,0.03502782454690016,-0.035148401419623276,0.10215814771780143,0.33880874277481965,4405,616,16,weight_original,cluster_robust_psu,True,"{'child_sex': {'reference': 'Male', 'reference_column': 'child_sex_Male'}, 'maternal_education': {'reference': 'No education', 'reference_column': 'maternal_education_No education'}, 'literacy': {'reference': 'Cannot read at all', 'reference_column': 'literacy_Cannot read at all'}, 'wealth_quintile': {'reference': 'Poorest', 'reference_column': 'wealth_quintile_Poorest'}, 'residence': {'reference': 'Rural', 'reference_column': 'residence_Rural'}, 'country_admin_region': {'reference': 'ghana::01', 'reference_column': 'country_admin_region_ghana::01'}}"
binary_lpm,model4_preferred_lpm,stunted,ghana,country_admin_region_ghana::05,0.000226827364114832,0.03094440535879862,-0.06042309266213871,0.06087674739036838,0.9941514329010782,4405,616,16,weight_original,cluster_robust_psu,True,"{'child_sex': {'reference': 'Male', 'reference_column': 'child_sex_Male'}, 'maternal_education': {'reference': 'No education', 'reference_column': 'maternal_education_No education'}, 'literacy': {'reference': 'Cannot read at all', 'reference_column': 'literacy_Cannot read at all'}, 'wealth_quintile': {'reference': 'Poorest', 'reference_column': 'wealth_quintile_Poorest'}, 'residence': {'reference': 'Rural', 'reference_column': 'residence_Rural'}, 'country_admin_region': {'reference': 'ghana::01', 'reference_column': 'country_admin_region_ghana::01'}}"
binary_lpm,model4_preferred_lpm,stunted,ghana,country_admin_region_ghana::06,0.041808961319527584,0.03622131810426288,-0.029183517637396288,0.11280144027645145,0.24839197586098594,4405,616,16,weight_original,cluster_robust_psu,True,"{'child_sex': {'reference': 'Male', 'reference_column': 'child_sex_Male'}, 'maternal_education': {'reference': 'No education', 'reference_column': 'maternal_education_No education'}, 'literacy': {'reference': 'Cannot read at all', 'reference_column': 'literacy_Cannot read at all'}, 'wealth_quintile': {'reference': 'Poorest', 'reference_column': 'wealth_quintile_Poorest'}, 'residence': {'reference': 'Rural', 'reference_column': 'residence_Rural'}, 'country_admin_region': {'reference': 'ghana::01', 'reference_column': 'country_admin_region_ghana::01'}}"
binary_lpm,model4_preferred_lpm,stunted,ghana,country_admin_region_ghana::07,-0.036369383488503534,0.03609367034166123,-0.10711167742802105,0.03437291045101398,0.3136278842011403,4405,616,16,weight_original,cluster_robust_psu,True,"{'child_sex': {'reference': 'Male', 'reference_column': 'child_sex_Male'}, 'maternal_education': {'reference': 'No education', 'reference_column': 'maternal_education_No education'}, 'literacy': {'reference': 'Cannot read at all', 'reference_column': 'literacy_Cannot read at all'}, 'wealth_quintile': {'reference': 'Poorest', 'reference_column': 'wealth_quintile_Poorest'}, 'residence': {'reference': 'Rural', 'reference_column': 'residence_Rural'}, 'country_admin_region': {'reference': 'ghana::01', 'reference_column': 'country_admin_region_ghana::01'}}"
binary_lpm,model4_preferred_lpm,stunted,ghana,country_admin_region_ghana::08,0.014048396880246204,0.03384869780117944,-0.052293831733645615,0.08039062549413802,0.6781162255153587,4405,616,16,weight_original,cluster_robust_psu,True,"{'child_sex': {'reference': 'Male', 'reference_column': 'child_sex_Male'}, 'maternal_education': {'reference': 'No education', 'reference_column': 'maternal_education_No education'}, 'literacy': {'reference': 'Cannot read at all', 'reference_column': 'literacy_Cannot read at all'}, 'wealth_quintile': {'reference': 'Poorest', 'reference_column': 'wealth_quintile_Poorest'}, 'residence': {'reference': 'Rural', 'reference_column': 'residence_Rural'}, 'country_admin_region': {'reference': 'ghana::01', 'reference_column': 'country_admin_region_ghana::01'}}"
binary_lpm,model4_preferred_lpm,stunted,ghana,country_admin_region_ghana::09,0.03515549751442145,0.04166710598692185,-0.04651052955995865,0.11682152458880155,0.3988241871489413,4405,616,16,weight_original,cluster_robust_psu,True,"{'child_sex': {'reference': 'Male', 'reference_column': 'child_sex_Male'}, 'maternal_education': {'reference': 'No education', 'reference_column': 'maternal_education_No education'}, 'literacy': {'reference': 'Cannot read at all', 'reference_column': 'literacy_Cannot read at all'}, 'wealth_quintile': {'reference': 'Poorest', 'reference_column': 'wealth_quintile_Poorest'}, 'residence': {'reference': 'Rural', 'reference_column': 'residence_Rural'}, 'country_admin_region': {'reference': 'ghana::01', 'reference_column': 'country_admin_region_ghana::01'}}"
binary_lpm,model4_preferred_lpm,stunted,ghana,country_admin_region_ghana::10,-0.016491166690216098,0.03417652938020883,-0.0834759333920004,0.05049360001156822,0.6294301994517353,4405,616,16,weight_original,cluster_robust_psu,True,"{'child_sex': {'reference': 'Male', 'reference_column': 'child_sex_Male'}, 'maternal_education': {'reference': 'No education', 'reference_column': 'maternal_education_No education'}, 'literacy': {'reference': 'Cannot read at all', 'reference_column': 'literacy_Cannot read at all'}, 'wealth_quintile': {'reference': 'Poorest', 'reference_column': 'wealth_quintile_Poorest'}, 'residence': {'reference': 'Rural', 'reference_column': 'residence_Rural'}, 'country_admin_region': {'reference': 'ghana::01', 'reference_column': 'country_admin_region_ghana::01'}}"
binary_lpm,model4_preferred_lpm,stunted,ghana,country_admin_region_ghana::11,0.029268679686052106,0.040779026765003966,-0.05065674409795057,0.10919410347005479,0.47291850682149483,4405,616,16,weight_original,cluster_robust_psu,True,"{'child_sex': {'reference': 'Male', 'reference_column': 'child_sex_Male'}, 'maternal_education': {'reference': 'No education', 'reference_column': 'maternal_education_No education'}, 'literacy': {'reference': 'Cannot read at all', 'reference_column': 'literacy_Cannot read at all'}, 'wealth_quintile': {'reference': 'Poorest', 'reference_column': 'wealth_quintile_Poorest'}, 'residence': {'reference': 'Rural', 'reference_column': 'residence_Rural'}, 'country_admin_region': {'reference': 'ghana::01', 'reference_column': 'country_admin_region_ghana::01'}}"
binary_lpm,model4_preferred_lpm,stunted,ghana,country_admin_region_ghana::12,0.11673803047884883,0.03881780141777206,0.04065653774098775,0.19281952321670992,0.0026355143932668026,4405,616,16,weight_original,cluster_robust_psu,True,"{'child_sex': {'reference': 'Male', 'reference_column': 'child_sex_Male'}, 'maternal_education': {'reference': 'No education', 'reference_column': 'maternal_education_No education'}, 'literacy': {'reference': 'Cannot read at all', 'reference_column': 'literacy_Cannot read at all'}, 'wealth_quintile': {'reference': 'Poorest', 'reference_column': 'wealth_quintile_Poorest'}, 'residence': {'reference': 'Rural', 'reference_column': 'residence_Rural'}, 'country_admin_region': {'reference': 'ghana::01', 'reference_column': 'country_admin_region_ghana::01'}}"
binary_lpm,model4_preferred_lpm,stunted,ghana,country_admin_region_ghana::13,0.03727867623479822,0.038106687823098576,-0.037409059468586026,0.11196641193818246,0.32794019692524423,4405,616,16,weight_original,cluster_robust_psu,True,"{'child_sex': {'reference': 'Male', 'reference_column': 'child_sex_Male'}, 'maternal_education': {'reference': 'No education', 'reference_column': 'maternal_education_No education'}, 'literacy': {'reference': 'Cannot read at all', 'reference_column': 'literacy_Cannot read at all'}, 'wealth_quintile': {'reference': 'Poorest', 'reference_column': 'wealth_quintile_Poorest'}, 'residence': {'reference': 'Rural', 'reference_column': 'residence_Rural'}, 'country_admin_region': {'reference': 'ghana::01', 'reference_column': 'country_admin_region_ghana::01'}}"
binary_lpm,model4_preferred_lpm,stunted,ghana,country_admin_region_ghana::14,0.09485388166212896,0.04249480198870733,0.011565600234101539,0.1781421630901564,0.025606435467126192,4405,616,16,weight_original,cluster_robust_psu,True,"{'child_sex': {'reference': 'Male', 'reference_column': 'child_sex_Male'}, 'maternal_education': {'reference': 'No education', 'reference_column': 'maternal_education_No education'}, 'literacy': {'reference': 'Cannot read at all', 'reference_column': 'literacy_Cannot read at all'}, 'wealth_quintile': {'reference': 'Poorest', 'reference_column': 'wealth_quintile_Poorest'}, 'residence': {'reference': 'Rural', 'reference_column': 'residence_Rural'}, 'country_admin_region': {'reference': 'ghana::01', 'reference_column': 'country_admin_region_ghana::01'}}"
binary_lpm,model4_preferred_lpm,stunted,ghana,country_admin_region_ghana::15,0.07529100170719369,0.04005408318575124,-0.0032135587706500907,0.15379556218503748,0.060144408458114904,4405,616,16,weight_original,cluster_robust_psu,True,"{'child_sex': {'reference': 'Male', 'reference_column': 'child_sex_Male'}, 'maternal_education': {'reference': 'No education', 'reference_column': 'maternal_education_No education'}, 'literacy': {'reference': 'Cannot read at all', 'reference_column': 'literacy_Cannot read at all'}, 'wealth_quintile': {'reference': 'Poorest', 'reference_column': 'wealth_quintile_Poorest'}, 'residence': {'reference': 'Rural', 'reference_column': 'residence_Rural'}, 'country_admin_region': {'reference': 'ghana::01', 'reference_column': 'country_admin_region_ghana::01'}}"
binary_lpm,model4_preferred_lpm,stunted,ghana,country_admin_region_ghana::16,0.017458988637654993,0.03863877199546429,-0.05827161288030985,0.09318959015561984,0.6513759370356279,4405,616,16,weight_original,cluster_robust_psu,True,"{'child_sex': {'reference': 'Male', 'reference_column': 'child_sex_Male'}, 'maternal_education': {'reference': 'No education', 'reference_column': 'maternal_education_No education'}, 'literacy': {'reference': 'Cannot read at all', 'reference_column': 'literacy_Cannot read at all'}, 'wealth_quintile': {'reference': 'Poorest', 'reference_column': 'wealth_quintile_Poorest'}, 'residence': {'reference': 'Rural', 'reference_column': 'residence_Rural'}, 'country_admin_region': {'reference': 'ghana::01', 'reference_column': 'country_admin_region_ghana::01'}}"
binary_lpm,model4_preferred_lpm,stunted,kenya,const,0.372691717778024,0.03577586436114709,0.3025723121143856,0.4428111234416624,2.0650790677046051e-25,17327,1688,47,weight_original,cluster_robust_psu,True,"{'child_sex': {'reference': 'Male', 'reference_column': 'child_sex_Male'}, 'maternal_education': {'reference': 'No education', 'reference_column': 'maternal_education_No education'}, 'literacy': {'reference': 'Cannot read at all', 'reference_column': 'literacy_Cannot read at all'}, 'wealth_quintile': {'reference': 'Poorest', 'reference_column': 'wealth_quintile_Poorest'}, 'residence': {'reference': 'Rural', 'reference_column': 'residence_Rural'}, 'country_admin_region': {'reference': 'kenya::01', 'reference_column': 'country_admin_region_kenya::01'}}"
binary_lpm,model4_preferred_lpm,stunted,kenya,water_rate_loo,-0.029637653455964315,0.017609057520908362,-0.06415077199863888,0.004875465086710246,0.09235739708392175,17327,1688,47,weight_original,cluster_robust_psu,True,"{'child_sex': {'reference': 'Male', 'reference_column': 'child_sex_Male'}, 'maternal_education': {'reference': 'No education', 'reference_column': 'maternal_education_No education'}, 'literacy': {'reference': 'Cannot read at all', 'reference_column': 'literacy_Cannot read at all'}, 'wealth_quintile': {'reference': 'Poorest', 'reference_column': 'wealth_quintile_Poorest'}, 'residence': {'reference': 'Rural', 'reference_column': 'residence_Rural'}, 'country_admin_region': {'reference': 'kenya::01', 'reference_column': 'country_admin_region_kenya::01'}}"
binary_lpm,model4_preferred_lpm,stunted,kenya,sanitation_rate_loo_core,0.005390679189786328,0.021466973323234988,-0.036683815380836364,0.04746517376040902,0.8017251924633679,17327,1688,47,weight_original,cluster_robust_psu,True,"{'child_sex': {'reference': 'Male', 'reference_column': 'child_sex_Male'}, 'maternal_education': {'reference': 'No education', 'reference_column': 'maternal_education_No education'}, 'literacy': {'reference': 'Cannot read at all', 'reference_column': 'literacy_Cannot read at all'}, 'wealth_quintile': {'reference': 'Poorest', 'reference_column': 'wealth_quintile_Poorest'}, 'residence': {'reference': 'Rural', 'reference_column': 'residence_Rural'}, 'country_admin_region': {'reference': 'kenya::01', 'reference_column': 'country_admin_region_kenya::01'}}"
binary_lpm,model4_preferred_lpm,stunted,kenya,b19_raw,-3.7610132586905174e-05,0.00021464256177324635,-0.00045830182321188173,0.00038308155803807144,0.8609050751507312,17327,1688,47,weight_original,cluster_robust_psu,True,"{'child_sex': {'reference': 'Male', 'reference_column': 'child_sex_Male'}, 'maternal_education': {'reference': 'No education', 'reference_column': 'maternal_education_No education'}, 'literacy': {'reference': 'Cannot read at all', 'reference_column': 'literacy_Cannot read at all'}, 'wealth_quintile': {'reference': 'Poorest', 'reference_column': 'wealth_quintile_Poorest'}, 'residence': {'reference': 'Rural', 'reference_column': 'residence_Rural'}, 'country_admin_region': {'reference': 'kenya::01', 'reference_column': 'country_admin_region_kenya::01'}}"
binary_lpm,model4_preferred_lpm,stunted,kenya,birth_order_raw,0.01636052647898453,0.0032220986945687455,0.010045329082996265,0.022675723874972794,3.8223349692944695e-07,17327,1688,47,weight_original,cluster_robust_psu,True,"{'child_sex': {'reference': 'Male', 'reference_column': 'child_sex_Male'}, 'maternal_education': {'reference': 'No education', 'reference_column': 'maternal_education_No education'}, 'literacy': {'reference': 'Cannot read at all', 'reference_column': 'literacy_Cannot read at all'}, 'wealth_quintile': {'reference': 'Poorest', 'reference_column': 'wealth_quintile_Poorest'}, 'residence': {'reference': 'Rural', 'reference_column': 'residence_Rural'}, 'country_admin_region': {'reference': 'kenya::01', 'reference_column': 'country_admin_region_kenya::01'}}"
binary_lpm,model4_preferred_lpm,stunted,kenya,maternal_age,-0.0058170055891638055,0.0008762532336946305,-0.007534430368542041,-0.0040995808097855704,3.168950336445279e-11,17327,1688,47,weight_original,cluster_robust_psu,True,"{'child_sex': {'reference': 'Male', 'reference_column': 'child_sex_Male'}, 'maternal_education': {'reference': 'No education', 'reference_column': 'maternal_education_No education'}, 'literacy': {'reference': 'Cannot read at all', 'reference_column': 'literacy_Cannot read at all'}, 'wealth_quintile': {'reference': 'Poorest', 'reference_column': 'wealth_quintile_Poorest'}, 'residence': {'reference': 'Rural', 'reference_column': 'residence_Rural'}, 'country_admin_region': {'reference': 'kenya::01', 'reference_column': 'country_admin_region_kenya::01'}}"
binary_lpm,model4_preferred_lpm,stunted,kenya,household_size_raw,0.004894340407744724,0.0018868666530379838,0.0011961497241606417,0.008592531091328806,0.009489452239005573,17327,1688,47,weight_original,cluster_robust_psu,True,"{'child_sex': {'reference': 'Male', 'reference_column': 'child_sex_Male'}, 'maternal_education': {'reference': 'No education', 'reference_column': 'maternal_education_No education'}, 'literacy': {'reference': 'Cannot read at all', 'reference_column': 'literacy_Cannot read at all'}, 'wealth_quintile': {'reference': 'Poorest', 'reference_column': 'wealth_quintile_Poorest'}, 'residence': {'reference': 'Rural', 'reference_column': 'residence_Rural'}, 'country_admin_region': {'reference': 'kenya::01', 'reference_column': 'country_admin_region_kenya::01'}}"
binary_lpm,model4_preferred_lpm,stunted,kenya,child_sex_Female,-0.046240581940717826,0.007458980962061859,-0.06085991598772899,-0.03162124789370666,5.670897873415505e-10,17327,1688,47,weight_original,cluster_robust_psu,True,"{'child_sex': {'reference': 'Male', 'reference_column': 'child_sex_Male'}, 'maternal_education': {'reference': 'No education', 'reference_column': 'maternal_education_No education'}, 'literacy': {'reference': 'Cannot read at all', 'reference_column': 'literacy_Cannot read at all'}, 'wealth_quintile': {'reference': 'Poorest', 'reference_column': 'wealth_quintile_Poorest'}, 'residence': {'reference': 'Rural', 'reference_column': 'residence_Rural'}, 'country_admin_region': {'reference': 'kenya::01', 'reference_column': 'country_admin_region_kenya::01'}}"
binary_lpm,model4_preferred_lpm,stunted,kenya,maternal_education_Higher,0.040212967114768045,0.027486909463639096,-0.013660385480277759,0.09408631970981385,0.14347117610783156,17327,1688,47,weight_original,cluster_robust_psu,True,"{'child_sex': {'reference': 'Male', 'reference_column': 'child_sex_Male'}, 'maternal_education': {'reference': 'No education', 'reference_column': 'maternal_education_No education'}, 'literacy': {'reference': 'Cannot read at all', 'reference_column': 'literacy_Cannot read at all'}, 'wealth_quintile': {'reference': 'Poorest', 'reference_column': 'wealth_quintile_Poorest'}, 'residence': {'reference': 'Rural', 'reference_column': 'residence_Rural'}, 'country_admin_region': {'reference': 'kenya::01', 'reference_column': 'country_admin_region_kenya::01'}}"
binary_lpm,model4_preferred_lpm,stunted,kenya,maternal_education_Primary,0.07917022862544855,0.02260370216161426,0.03486778647141443,0.12347267077948267,0.00046085547615304346,17327,1688,47,weight_original,cluster_robust_psu,True,"{'child_sex': {'reference': 'Male', 'reference_column': 'child_sex_Male'}, 'maternal_education': {'reference': 'No education', 'reference_column': 'maternal_education_No education'}, 'literacy': {'reference': 'Cannot read at all', 'reference_column': 'literacy_Cannot read at all'}, 'wealth_quintile': {'reference': 'Poorest', 'reference_column': 'wealth_quintile_Poorest'}, 'residence': {'reference': 'Rural', 'reference_column': 'residence_Rural'}, 'country_admin_region': {'reference': 'kenya::01', 'reference_column': 'country_admin_region_kenya::01'}}"
binary_lpm,model4_preferred_lpm,stunted,kenya,maternal_education_Secondary,0.058612041354061284,0.0252960315833974,0.009032730498814666,0.1081913522093079,0.020501285195725232,17327,1688,47,weight_original,cluster_robust_psu,True,"{'child_sex': {'reference': 'Male', 'reference_column': 'child_sex_Male'}, 'maternal_education': {'reference': 'No education', 'reference_column': 'maternal_education_No education'}, 'literacy': {'reference': 'Cannot read at all', 'reference_column': 'literacy_Cannot read at all'}, 'wealth_quintile': {'reference': 'Poorest', 'reference_column': 'wealth_quintile_Poorest'}, 'residence': {'reference': 'Rural', 'reference_column': 'residence_Rural'}, 'country_admin_region': {'reference': 'kenya::01', 'reference_column': 'country_admin_region_kenya::01'}}"
binary_lpm,model4_preferred_lpm,stunted,kenya,literacy_Able to read only parts of sentence,-0.051997159066230744,0.02251043887432985,-0.0961168085361076,-0.007877509596353888,0.020892962161052128,17327,1688,47,weight_original,cluster_robust_psu,True,"{'child_sex': {'reference': 'Male', 'reference_column': 'child_sex_Male'}, 'maternal_education': {'reference': 'No education', 'reference_column': 'maternal_education_No education'}, 'literacy': {'reference': 'Cannot read at all', 'reference_column': 'literacy_Cannot read at all'}, 'wealth_quintile': {'reference': 'Poorest', 'reference_column': 'wealth_quintile_Poorest'}, 'residence': {'reference': 'Rural', 'reference_column': 'residence_Rural'}, 'country_admin_region': {'reference': 'kenya::01', 'reference_column': 'country_admin_region_kenya::01'}}"
binary_lpm,model4_preferred_lpm,stunted,kenya,literacy_Able to read whole sentence,-0.05489380426187556,0.02090471215970456,-0.09586628720207303,-0.013921321321678087,0.008641873768787322,17327,1688,47,weight_original,cluster_robust_psu,True,"{'child_sex': {'reference': 'Male', 'reference_column': 'child_sex_Male'}, 'maternal_education': {'reference': 'No education', 'reference_column': 'maternal_education_No education'}, 'literacy': {'reference': 'Cannot read at all', 'reference_column': 'literacy_Cannot read at all'}, 'wealth_quintile': {'reference': 'Poorest', 'reference_column': 'wealth_quintile_Poorest'}, 'residence': {'reference': 'Rural', 'reference_column': 'residence_Rural'}, 'country_admin_region': {'reference': 'kenya::01', 'reference_column': 'country_admin_region_kenya::01'}}"
binary_lpm,model4_preferred_lpm,stunted,kenya,literacy_Blind/visually impaired,-0.1778742946147853,0.05808776471823903,-0.29172422140497023,-0.06402436782460036,0.002197426094773804,17327,1688,47,weight_original,cluster_robust_psu,True,"{'child_sex': {'reference': 'Male', 'reference_column': 'child_sex_Male'}, 'maternal_education': {'reference': 'No education', 'reference_column': 'maternal_education_No education'}, 'literacy': {'reference': 'Cannot read at all', 'reference_column': 'literacy_Cannot read at all'}, 'wealth_quintile': {'reference': 'Poorest', 'reference_column': 'wealth_quintile_Poorest'}, 'residence': {'reference': 'Rural', 'reference_column': 'residence_Rural'}, 'country_admin_region': {'reference': 'kenya::01', 'reference_column': 'country_admin_region_kenya::01'}}"
binary_lpm,model4_preferred_lpm,stunted,kenya,literacy_No card with required language,-0.2092708316072997,0.028169528950509816,-0.26448209381175736,-0.15405956940284207,1.0943933522700226e-13,17327,1688,47,weight_original,cluster_robust_psu,True,"{'child_sex': {'reference': 'Male', 'reference_column': 'child_sex_Male'}, 'maternal_education': {'reference': 'No education', 'reference_column': 'maternal_education_No education'}, 'literacy': {'reference': 'Cannot read at all', 'reference_column': 'literacy_Cannot read at all'}, 'wealth_quintile': {'reference': 'Poorest', 'reference_column': 'wealth_quintile_Poorest'}, 'residence': {'reference': 'Rural', 'reference_column': 'residence_Rural'}, 'country_admin_region': {'reference': 'kenya::01', 'reference_column': 'country_admin_region_kenya::01'}}"
binary_lpm,model4_preferred_lpm,stunted,kenya,wealth_quintile_Middle,-0.0823722922923127,0.014430919085412205,-0.11065637396353231,-0.054088210621093084,1.1428322074339565e-08,17327,1688,47,weight_original,cluster_robust_psu,True,"{'child_sex': {'reference': 'Male', 'reference_column': 'child_sex_Male'}, 'maternal_education': {'reference': 'No education', 'reference_column': 'maternal_education_No education'}, 'literacy': {'reference': 'Cannot read at all', 'reference_column': 'literacy_Cannot read at all'}, 'wealth_quintile': {'reference': 'Poorest', 'reference_column': 'wealth_quintile_Poorest'}, 'residence': {'reference': 'Rural', 'reference_column': 'residence_Rural'}, 'country_admin_region': {'reference': 'kenya::01', 'reference_column': 'country_admin_region_kenya::01'}}"
binary_lpm,model4_preferred_lpm,stunted,kenya,wealth_quintile_Poorer,-0.03832547808707821,0.013672539970513101,-0.06512316400646823,-0.011527792167688199,0.005061418782906268,17327,1688,47,weight_original,cluster_robust_psu,True,"{'child_sex': {'reference': 'Male', 'reference_column': 'child_sex_Male'}, 'maternal_education': {'reference': 'No education', 'reference_column': 'maternal_education_No education'}, 'literacy': {'reference': 'Cannot read at all', 'reference_column': 'literacy_Cannot read at all'}, 'wealth_quintile': {'reference': 'Poorest', 'reference_column': 'wealth_quintile_Poorest'}, 'residence': {'reference': 'Rural', 'reference_column': 'residence_Rural'}, 'country_admin_region': {'reference': 'kenya::01', 'reference_column': 'country_admin_region_kenya::01'}}"
binary_lpm,model4_preferred_lpm,stunted,kenya,wealth_quintile_Richer,-0.1275937331411614,0.016122667069751562,-0.15919357993260438,-0.09599388634971842,2.4937928993689244e-15,17327,1688,47,weight_original,cluster_robust_psu,True,"{'child_sex': {'reference': 'Male', 'reference_column': 'child_sex_Male'}, 'maternal_education': {'reference': 'No education', 'reference_column': 'maternal_education_No education'}, 'literacy': {'reference': 'Cannot read at all', 'reference_column': 'literacy_Cannot read at all'}, 'wealth_quintile': {'reference': 'Poorest', 'reference_column': 'wealth_quintile_Poorest'}, 'residence': {'reference': 'Rural', 'reference_column': 'residence_Rural'}, 'country_admin_region': {'reference': 'kenya::01', 'reference_column': 'country_admin_region_kenya::01'}}"
binary_lpm,model4_preferred_lpm,stunted,kenya,wealth_quintile_Richest,-0.14826133316321174,0.02178013427695793,-0.1909496119244956,-0.10557305440192788,9.952914320564328e-12,17327,1688,47,weight_original,cluster_robust_psu,True,"{'child_sex': {'reference': 'Male', 'reference_column': 'child_sex_Male'}, 'maternal_education': {'reference': 'No education', 'reference_column': 'maternal_education_No education'}, 'literacy': {'reference': 'Cannot read at all', 'reference_column': 'literacy_Cannot read at all'}, 'wealth_quintile': {'reference': 'Poorest', 'reference_column': 'wealth_quintile_Poorest'}, 'residence': {'reference': 'Rural', 'reference_column': 'residence_Rural'}, 'country_admin_region': {'reference': 'kenya::01', 'reference_column': 'country_admin_region_kenya::01'}}"
binary_lpm,model4_preferred_lpm,stunted,kenya,residence_Urban,0.024196696936844935,0.01266821434502918,-0.0006325469278459263,0.0490259408015358,0.05612907137381108,17327,1688,47,weight_original,cluster_robust_psu,True,"{'child_sex': {'reference': 'Male', 'reference_column': 'child_sex_Male'}, 'maternal_education': {'reference': 'No education', 'reference_column': 'maternal_education_No education'}, 'literacy': {'reference': 'Cannot read at all', 'reference_column': 'literacy_Cannot read at all'}, 'wealth_quintile': {'reference': 'Poorest', 'reference_column': 'wealth_quintile_Poorest'}, 'residence': {'reference': 'Rural', 'reference_column': 'residence_Rural'}, 'country_admin_region': {'reference': 'kenya::01', 'reference_column': 'country_admin_region_kenya::01'}}"
binary_lpm,model4_preferred_lpm,stunted,kenya,country_admin_region_kenya::02,-0.010581082829241157,0.034765474748631654,-0.07872016124199588,0.05755799558351357,0.7608566417957485,17327,1688,47,weight_original,cluster_robust_psu,True,"{'child_sex': {'reference': 'Male', 'reference_column': 'child_sex_Male'}, 'maternal_education': {'reference': 'No education', 'reference_column': 'maternal_education_No education'}, 'literacy': {'reference': 'Cannot read at all', 'reference_column': 'literacy_Cannot read at all'}, 'wealth_quintile': {'reference': 'Poorest', 'reference_column': 'wealth_quintile_Poorest'}, 'residence': {'reference': 'Rural', 'reference_column': 'residence_Rural'}, 'country_admin_region': {'reference': 'kenya::01', 'reference_column': 'country_admin_region_kenya::01'}}"
binary_lpm,model4_preferred_lpm,stunted,kenya,country_admin_region_kenya::03,0.1374398188356941,0.033344792065187125,0.07208522731595035,0.20279441035543783,3.759599809515029e-05,17327,1688,47,weight_original,cluster_robust_psu,True,"{'child_sex': {'reference': 'Male', 'reference_column': 'child_sex_Male'}, 'maternal_education': {'reference': 'No education', 'reference_column': 'maternal_education_No education'}, 'literacy': {'reference': 'Cannot read at all', 'reference_column': 'literacy_Cannot read at all'}, 'wealth_quintile': {'reference': 'Poorest', 'reference_column': 'wealth_quintile_Poorest'}, 'residence': {'reference': 'Rural', 'reference_column': 'residence_Rural'}, 'country_admin_region': {'reference': 'kenya::01', 'reference_column': 'country_admin_region_kenya::01'}}"
binary_lpm,model4_preferred_lpm,stunted,kenya,country_admin_region_kenya::04,-0.055178814595957984,0.02991016695654612,-0.11380166460236837,0.0034440354104524062,0.06506401707975701,17327,1688,47,weight_original,cluster_robust_psu,True,"{'child_sex': {'reference': 'Male', 'reference_column': 'child_sex_Male'}, 'maternal_education': {'reference': 'No education', 'reference_column': 'maternal_education_No education'}, 'literacy': {'reference': 'Cannot read at all', 'reference_column': 'literacy_Cannot read at all'}, 'wealth_quintile': {'reference': 'Poorest', 'reference_column': 'wealth_quintile_Poorest'}, 'residence': {'reference': 'Rural', 'reference_column': 'residence_Rural'}, 'country_admin_region': {'reference': 'kenya::01', 'reference_column': 'country_admin_region_kenya::01'}}"
binary_lpm,model4_preferred_lpm,stunted,kenya,country_admin_region_kenya::05,-0.049604795445795775,0.02879075417360537,-0.10603363671380855,0.006824045822216997,0.0848990400957722,17327,1688,47,weight_original,cluster_robust_psu,True,"{'child_sex': {'reference': 'Male', 'reference_column': 'child_sex_Male'}, 'maternal_education': {'reference': 'No education', 'reference_column': 'maternal_education_No education'}, 'literacy': {'reference': 'Cannot read at all', 'reference_column': 'literacy_Cannot read at all'}, 'wealth_quintile': {'reference': 'Poorest', 'reference_column': 'wealth_quintile_Poorest'}, 'residence': {'reference': 'Rural', 'reference_column': 'residence_Rural'}, 'country_admin_region': {'reference': 'kenya::01', 'reference_column': 'country_admin_region_kenya::01'}}"
binary_lpm,model4_preferred_lpm,stunted,kenya,country_admin_region_kenya::06,-0.0006813567086657842,0.030329610573139976,-0.06012630109714537,0.058763587679813795,0.9820769781148937,17327,1688,47,weight_original,cluster_robust_psu,True,"{'child_sex': {'reference': 'Male', 'reference_column': 'child_sex_Male'}, 'maternal_education': {'reference': 'No education', 'reference_column': 'maternal_education_No education'}, 'literacy': {'reference': 'Cannot read at all', 'reference_column': 'literacy_Cannot read at all'}, 'wealth_quintile': {'reference': 'Poorest', 'reference_column': 'wealth_quintile_Poorest'}, 'residence': {'reference': 'Rural', 'reference_column': 'residence_Rural'}, 'country_admin_region': {'reference': 'kenya::01', 'reference_column': 'country_admin_region_kenya::01'}}"
binary_lpm,model4_preferred_lpm,stunted,kenya,country_admin_region_kenya::07,-0.11058692762629121,0.026688525558571187,-0.16289547652156747,-0.05827837873101496,3.41876146720711e-05,17327,1688,47,weight_original,cluster_robust_psu,True,"{'child_sex': {'reference': 'Male', 'reference_column': 'child_sex_Male'}, 'maternal_education': {'reference': 'No education', 'reference_column': 'maternal_education_No education'}, 'literacy': {'reference': 'Cannot read at all', 'reference_column': 'literacy_Cannot read at all'}, 'wealth_quintile': {'reference': 'Poorest', 'reference_column': 'wealth_quintile_Poorest'}, 'residence': {'reference': 'Rural', 'reference_column': 'residence_Rural'}, 'country_admin_region': {'reference': 'kenya::01', 'reference_column': 'country_admin_region_kenya::01'}}"
binary_lpm,model4_preferred_lpm,stunted,kenya,country_admin_region_kenya::08,-0.13648613091334505,0.02613034526527176,-0.18770066653687442,-0.08527159528981568,1.7578051255220996e-07,17327,1688,47,weight_original,cluster_robust_psu,True,"{'child_sex': {'reference': 'Male', 'reference_column': 'child_sex_Male'}, 'maternal_education': {'reference': 'No education', 'reference_column': 'maternal_education_No education'}, 'literacy': {'reference': 'Cannot read at all', 'reference_column': 'literacy_Cannot read at all'}, 'wealth_quintile': {'reference': 'Poorest', 'reference_column': 'wealth_quintile_Poorest'}, 'residence': {'reference': 'Rural', 'reference_column': 'residence_Rural'}, 'country_admin_region': {'reference': 'kenya::01', 'reference_column': 'country_admin_region_kenya::01'}}"
binary_lpm,model4_preferred_lpm,stunted,kenya,country_admin_region_kenya::09,-0.06601875125474939,0.027654960839349117,-0.12022147849373924,-0.011816024015759534,0.016975868654074994,17327,1688,47,weight_original,cluster_robust_psu,True,"{'child_sex': {'reference': 'Male', 'reference_column': 'child_sex_Male'}, 'maternal_education': {'reference': 'No education', 'reference_column': 'maternal_education_No education'}, 'literacy': {'reference': 'Cannot read at all', 'reference_column': 'literacy_Cannot read at all'}, 'wealth_quintile': {'reference': 'Poorest', 'reference_column': 'wealth_quintile_Poorest'}, 'residence': {'reference': 'Rural', 'reference_column': 'residence_Rural'}, 'country_admin_region': {'reference': 'kenya::01', 'reference_column': 'country_admin_region_kenya::01'}}"
binary_lpm,model4_preferred_lpm,stunted,kenya,country_admin_region_kenya::10,-0.025260413204177417,0.0344412850172884,-0.09276409141934167,0.042243265010986825,0.4632937017194638,17327,1688,47,weight_original,cluster_robust_psu,True,"{'child_sex': {'reference': 'Male', 'reference_column': 'child_sex_Male'}, 'maternal_education': {'reference': 'No education', 'reference_column': 'maternal_education_No education'}, 'literacy': {'reference': 'Cannot read at all', 'reference_column': 'literacy_Cannot read at all'}, 'wealth_quintile': {'reference': 'Poorest', 'reference_column': 'wealth_quintile_Poorest'}, 'residence': {'reference': 'Rural', 'reference_column': 'residence_Rural'}, 'country_admin_region': {'reference': 'kenya::01', 'reference_column': 'country_admin_region_kenya::01'}}"
binary_lpm,model4_preferred_lpm,stunted,kenya,country_admin_region_kenya::11,-0.06945266197318686,0.031053307339074448,-0.13031602595862612,-0.008589297987747609,0.025314949670136984,17327,1688,47,weight_original,cluster_robust_psu,True,"{'child_sex': {'reference': 'Male', 'reference_column': 'child_sex_Male'}, 'maternal_education': {'reference': 'No education', 'reference_column': 'maternal_education_No education'}, 'literacy': {'reference': 'Cannot read at all', 'reference_column': 'literacy_Cannot read at all'}, 'wealth_quintile': {'reference': 'Poorest', 'reference_column': 'wealth_quintile_Poorest'}, 'residence': {'reference': 'Rural', 'reference_column': 'residence_Rural'}, 'country_admin_region': {'reference': 'kenya::01', 'reference_column': 'country_admin_region_kenya::01'}}"
binary_lpm,model4_preferred_lpm,stunted,kenya,country_admin_region_kenya::12,0.07352753010121323,0.039178170027647466,-0.00326027213316242,0.15031533233558886,0.060552717979266986,17327,1688,47,weight_original,cluster_robust_psu,True,"{'child_sex': {'reference': 'Male', 'reference_column': 'child_sex_Male'}, 'maternal_education': {'reference': 'No education', 'reference_column': 'maternal_education_No education'}, 'literacy': {'reference': 'Cannot read at all', 'reference_column': 'literacy_Cannot read at all'}, 'wealth_quintile': {'reference': 'Poorest', 'reference_column': 'wealth_quintile_Poorest'}, 'residence': {'reference': 'Rural', 'reference_column': 'residence_Rural'}, 'country_admin_region': {'reference': 'kenya::01', 'reference_column': 'country_admin_region_kenya::01'}}"
binary_lpm,model4_preferred_lpm,stunted,kenya,country_admin_region_kenya::13,0.022106604575268113,0.03425896317096712,-0.045039729387511565,0.08925293853804779,0.5187461138126186,17327,1688,47,weight_original,cluster_robust_psu,True,"{'child_sex': {'reference': 'Male', 'reference_column': 'child_sex_Male'}, 'maternal_education': {'reference': 'No education', 'reference_column': 'maternal_education_No education'}, 'literacy': {'reference': 'Cannot read at all', 'reference_column': 'literacy_Cannot read at all'}, 'wealth_quintile': {'reference': 'Poorest', 'reference_column': 'wealth_quintile_Poorest'}, 'residence': {'reference': 'Rural', 'reference_column': 'residence_Rural'}, 'country_admin_region': {'reference': 'kenya::01', 'reference_column': 'country_admin_region_kenya::01'}}"
binary_lpm,model4_preferred_lpm,stunted,kenya,country_admin_region_kenya::14,0.049436371718910944,0.0386490507430956,-0.026314375774217448,0.12518711921203934,0.2008584645592122,17327,1688,47,weight_original,cluster_robust_psu,True,"{'child_sex': {'reference': 'Male', 'reference_column': 'child_sex_Male'}, 'maternal_education': {'reference': 'No education', 'reference_column': 'maternal_education_No education'}, 'literacy': {'reference': 'Cannot read at all', 'reference_column': 'literacy_Cannot read at all'}, 'wealth_quintile': {'reference': 'Poorest', 'reference_column': 'wealth_quintile_Poorest'}, 'residence': {'reference': 'Rural', 'reference_column': 'residence_Rural'}, 'country_admin_region': {'reference': 'kenya::01', 'reference_column': 'country_admin_region_kenya::01'}}"
binary_lpm,model4_preferred_lpm,stunted,kenya,country_admin_region_kenya::15,0.011452692326709382,0.03256981088026428,-0.05238296398188941,0.07528834863530817,0.7251118548899715,17327,1688,47,weight_original,cluster_robust_psu,True,"{'child_sex': {'reference': 'Male', 'reference_column': 'child_sex_Male'}, 'maternal_education': {'reference': 'No education', 'reference_column': 'maternal_education_No education'}, 'literacy': {'reference': 'Cannot read at all', 'reference_column': 'literacy_Cannot read at all'}, 'wealth_quintile': {'reference': 'Poorest', 'reference_column': 'wealth_quintile_Poorest'}, 'residence': {'reference': 'Rural', 'reference_column': 'residence_Rural'}, 'country_admin_region': {'reference': 'kenya::01', 'reference_column': 'country_admin_region_kenya::01'}}"
binary_lpm,model4_preferred_lpm,stunted,kenya,country_admin_region_kenya::16,0.000868699610285361,0.0298548171328051,-0.057645666735042,0.05938306595561271,0.9767868545433657,17327,1688,47,weight_original,cluster_robust_psu,True,"{'child_sex': {'reference': 'Male', 'reference_column': 'child_sex_Male'}, 'maternal_education': {'reference': 'No education', 'reference_column': 'maternal_education_No education'}, 'literacy': {'reference': 'Cannot read at all', 'reference_column': 'literacy_Cannot read at all'}, 'wealth_quintile': {'reference': 'Poorest', 'reference_column': 'wealth_quintile_Poorest'}, 'residence': {'reference': 'Rural', 'reference_column': 'residence_Rural'}, 'country_admin_region': {'reference': 'kenya::01', 'reference_column': 'country_admin_region_kenya::01'}}"
binary_lpm,model4_preferred_lpm,stunted,kenya,country_admin_region_kenya::17,0.02578417504528306,0.03185672205893512,-0.036653852855732444,0.08822220294629857,0.4182969393701198,17327,1688,47,weight_original,cluster_robust_psu,True,"{'child_sex': {'reference': 'Male', 'reference_column': 'child_sex_Male'}, 'maternal_education': {'reference': 'No education', 'reference_column': 'maternal_education_No education'}, 'literacy': {'reference': 'Cannot read at all', 'reference_column': 'literacy_Cannot read at all'}, 'wealth_quintile': {'reference': 'Poorest', 'reference_column': 'wealth_quintile_Poorest'}, 'residence': {'reference': 'Rural', 'reference_column': 'residence_Rural'}, 'country_admin_region': {'reference': 'kenya::01', 'reference_column': 'country_admin_region_kenya::01'}}"
binary_lpm,model4_preferred_lpm,stunted,kenya,country_admin_region_kenya::18,0.04855466911359996,0.03520103142217104,-0.020438084692518038,0.11754742291971795,0.16778576060211425,17327,1688,47,weight_original,cluster_robust_psu,True,"{'child_sex': {'reference': 'Male', 'reference_column': 'child_sex_Male'}, 'maternal_education': {'reference': 'No education', 'reference_column': 'maternal_education_No education'}, 'literacy': {'reference': 'Cannot read at all', 'reference_column': 'literacy_Cannot read at all'}, 'wealth_quintile': {'reference': 'Poorest', 'reference_column': 'wealth_quintile_Poorest'}, 'residence': {'reference': 'Rural', 'reference_column': 'residence_Rural'}, 'country_admin_region': {'reference': 'kenya::01', 'reference_column': 'country_admin_region_kenya::01'}}"
binary_lpm,model4_preferred_lpm,stunted,kenya,country_admin_region_kenya::19,0.005365759374965185,0.033497145954299,-0.06028744028034244,0.0710189590302728,0.8727348970978448,17327,1688,47,weight_original,cluster_robust_psu,True,"{'child_sex': {'reference': 'Male', 'reference_column': 'child_sex_Male'}, 'maternal_education': {'reference': 'No education', 'reference_column': 'maternal_education_No education'}, 'literacy': {'reference': 'Cannot read at all', 'reference_column': 'literacy_Cannot read at all'}, 'wealth_quintile': {'reference': 'Poorest', 'reference_column': 'wealth_quintile_Poorest'}, 'residence': {'reference': 'Rural', 'reference_column': 'residence_Rural'}, 'country_admin_region': {'reference': 'kenya::01', 'reference_column': 'country_admin_region_kenya::01'}}"
binary_lpm,model4_preferred_lpm,stunted,kenya,country_admin_region_kenya::20,-0.00923181072355592,0.030554435756228678,-0.06911740437370698,0.05065378292659514,0.7625430081077103,17327,1688,47,weight_original,cluster_robust_psu,True,"{'child_sex': {'reference': 'Male', 'reference_column': 'child_sex_Male'}, 'maternal_education': {'reference': 'No education', 'reference_column': 'maternal_education_No education'}, 'literacy': {'reference': 'Cannot read at all', 'reference_column': 'literacy_Cannot read at all'}, 'wealth_quintile': {'reference': 'Poorest', 'reference_column': 'wealth_quintile_Poorest'}, 'residence': {'reference': 'Rural', 'reference_column': 'residence_Rural'}, 'country_admin_region': {'reference': 'kenya::01', 'reference_column': 'country_admin_region_kenya::01'}}"
binary_lpm,model4_preferred_lpm,stunted,kenya,country_admin_region_kenya::21,-0.06145735066947489,0.02645234910927772,-0.1133030022301394,-0.009611699108810386,0.020161807995848,17327,1688,47,weight_original,cluster_robust_psu,True,"{'child_sex': {'reference': 'Male', 'reference_column': 'child_sex_Male'}, 'maternal_education': {'reference': 'No education', 'reference_column': 'maternal_education_No education'}, 'literacy': {'reference': 'Cannot read at all', 'reference_column': 'literacy_Cannot read at all'}, 'wealth_quintile': {'reference': 'Poorest', 'reference_column': 'wealth_quintile_Poorest'}, 'residence': {'reference': 'Rural', 'reference_column': 'residence_Rural'}, 'country_admin_region': {'reference': 'kenya::01', 'reference_column': 'country_admin_region_kenya::01'}}"
binary_lpm,model4_preferred_lpm,stunted,kenya,country_admin_region_kenya::22,0.04185796733531742,0.033018641756846,-0.022857381326531062,0.10657331599716591,0.20490256026085263,17327,1688,47,weight_original,cluster_robust_psu,True,"{'child_sex': {'reference': 'Male', 'reference_column': 'child_sex_Male'}, 'maternal_education': {'reference': 'No education', 'reference_column': 'maternal_education_No education'}, 'literacy': {'reference': 'Cannot read at all', 'reference_column': 'literacy_Cannot read at all'}, 'wealth_quintile': {'reference': 'Poorest', 'reference_column': 'wealth_quintile_Poorest'}, 'residence': {'reference': 'Rural', 'reference_column': 'residence_Rural'}, 'country_admin_region': {'reference': 'kenya::01', 'reference_column': 'country_admin_region_kenya::01'}}"
binary_lpm,model4_preferred_lpm,stunted,kenya,country_admin_region_kenya::23,-0.02014822582370924,0.03470456036118658,-0.08816791423093132,0.04787146258351283,0.561534196477159,17327,1688,47,weight_original,cluster_robust_psu,True,"{'child_sex': {'reference': 'Male', 'reference_column': 'child_sex_Male'}, 'maternal_education': {'reference': 'No education', 'reference_column': 'maternal_education_No education'}, 'literacy': {'reference': 'Cannot read at all', 'reference_column': 'literacy_Cannot read at all'}, 'wealth_quintile': {'reference': 'Poorest', 'reference_column': 'wealth_quintile_Poorest'}, 'residence': {'reference': 'Rural', 'reference_column': 'residence_Rural'}, 'country_admin_region': {'reference': 'kenya::01', 'reference_column': 'country_admin_region_kenya::01'}}"
binary_lpm,model4_preferred_lpm,stunted,kenya,country_admin_region_kenya::24,0.07963947696588466,0.028138264672561603,0.024489491620208186,0.13478946231156114,0.004650568583742198,17327,1688,47,weight_original,cluster_robust_psu,True,"{'child_sex': {'reference': 'Male', 'reference_column': 'child_sex_Male'}, 'maternal_education': {'reference': 'No education', 'reference_column': 'maternal_education_No education'}, 'literacy': {'reference': 'Cannot read at all', 'reference_column': 'literacy_Cannot read at all'}, 'wealth_quintile': {'reference': 'Poorest', 'reference_column': 'wealth_quintile_Poorest'}, 'residence': {'reference': 'Rural', 'reference_column': 'residence_Rural'}, 'country_admin_region': {'reference': 'kenya::01', 'reference_column': 'country_admin_region_kenya::01'}}"
binary_lpm,model4_preferred_lpm,stunted,kenya,country_admin_region_kenya::25,0.058951763320875,0.030493918261040934,-0.0008152182182735099,0.11871874486002351,0.053207847536729774,17327,1688,47,weight_original,cluster_robust_psu,True,"{'child_sex': {'reference': 'Male', 'reference_column': 'child_sex_Male'}, 'maternal_education': {'reference': 'No education', 'reference_column': 'maternal_education_No education'}, 'literacy': {'reference': 'Cannot read at all', 'reference_column': 'literacy_Cannot read at all'}, 'wealth_quintile': {'reference': 'Poorest', 'reference_column': 'wealth_quintile_Poorest'}, 'residence': {'reference': 'Rural', 'reference_column': 'residence_Rural'}, 'country_admin_region': {'reference': 'kenya::01', 'reference_column': 'country_admin_region_kenya::01'}}"
binary_lpm,model4_preferred_lpm,stunted,kenya,country_admin_region_kenya::26,0.02611604967640413,0.03421872660673105,-0.04095142206961122,0.09318352142241948,0.44533859558928757,17327,1688,47,weight_original,cluster_robust_psu,True,"{'child_sex': {'reference': 'Male', 'reference_column': 'child_sex_Male'}, 'maternal_education': {'reference': 'No education', 'reference_column': 'maternal_education_No education'}, 'literacy': {'reference': 'Cannot read at all', 'reference_column': 'literacy_Cannot read at all'}, 'wealth_quintile': {'reference': 'Poorest', 'reference_column': 'wealth_quintile_Poorest'}, 'residence': {'reference': 'Rural', 'reference_column': 'residence_Rural'}, 'country_admin_region': {'reference': 'kenya::01', 'reference_column': 'country_admin_region_kenya::01'}}"
binary_lpm,model4_preferred_lpm,stunted,kenya,country_admin_region_kenya::27,0.0009248120758272274,0.030182976444587263,-0.05823273470178462,0.06008235885343908,0.9755564917111867,17327,1688,47,weight_original,cluster_robust_psu,True,"{'child_sex': {'reference': 'Male', 'reference_column': 'child_sex_Male'}, 'maternal_education': {'reference': 'No education', 'reference_column': 'maternal_education_No education'}, 'literacy': {'reference': 'Cannot read at all', 'reference_column': 'literacy_Cannot read at all'}, 'wealth_quintile': {'reference': 'Poorest', 'reference_column': 'wealth_quintile_Poorest'}, 'residence': {'reference': 'Rural', 'reference_column': 'residence_Rural'}, 'country_admin_region': {'reference': 'kenya::01', 'reference_column': 'country_admin_region_kenya::01'}}"
binary_lpm,model4_preferred_lpm,stunted,kenya,country_admin_region_kenya::28,0.013947257539572766,0.029990345804759143,-0.044832740121657055,0.07272725520080259,0.6418897477265669,17327,1688,47,weight_original,cluster_robust_psu,True,"{'child_sex': {'reference': 'Male', 'reference_column': 'child_sex_Male'}, 'maternal_education': {'reference': 'No education', 'reference_column': 'maternal_education_No education'}, 'literacy': {'reference': 'Cannot read at all', 'reference_column': 'literacy_Cannot read at all'}, 'wealth_quintile': {'reference': 'Poorest', 'reference_column': 'wealth_quintile_Poorest'}, 'residence': {'reference': 'Rural', 'reference_column': 'residence_Rural'}, 'country_admin_region': {'reference': 'kenya::01', 'reference_column': 'country_admin_region_kenya::01'}}"
binary_lpm,model4_preferred_lpm,stunted,kenya,country_admin_region_kenya::29,-0.03707457542084721,0.029954217643110622,-0.09578376318641829,0.021634612344723872,0.21582434417705565,17327,1688,47,weight_original,cluster_robust_psu,True,"{'child_sex': {'reference': 'Male', 'reference_column': 'child_sex_Male'}, 'maternal_education': {'reference': 'No education', 'reference_column': 'maternal_education_No education'}, 'literacy': {'reference': 'Cannot read at all', 'reference_column': 'literacy_Cannot read at all'}, 'wealth_quintile': {'reference': 'Poorest', 'reference_column': 'wealth_quintile_Poorest'}, 'residence': {'reference': 'Rural', 'reference_column': 'residence_Rural'}, 'country_admin_region': {'reference': 'kenya::01', 'reference_column': 'country_admin_region_kenya::01'}}"
binary_lpm,model4_preferred_lpm,stunted,kenya,country_admin_region_kenya::30,-0.03454497784245007,0.02532747556820872,-0.08418591777545731,0.015095962090557163,0.17258867706950076,17327,1688,47,weight_original,cluster_robust_psu,True,"{'child_sex': {'reference': 'Male', 'reference_column': 'child_sex_Male'}, 'maternal_education': {'reference': 'No education', 'reference_column': 'maternal_education_No education'}, 'literacy': {'reference': 'Cannot read at all', 'reference_column': 'literacy_Cannot read at all'}, 'wealth_quintile': {'reference': 'Poorest', 'reference_column': 'wealth_quintile_Poorest'}, 'residence': {'reference': 'Rural', 'reference_column': 'residence_Rural'}, 'country_admin_region': {'reference': 'kenya::01', 'reference_column': 'country_admin_region_kenya::01'}}"
binary_lpm,model4_preferred_lpm,stunted,kenya,country_admin_region_kenya::31,-0.03851059100601983,0.027152751046142152,-0.09172900513764072,0.014707823125601066,0.15610487124180292,17327,1688,47,weight_original,cluster_robust_psu,True,"{'child_sex': {'reference': 'Male', 'reference_column': 'child_sex_Male'}, 'maternal_education': {'reference': 'No education', 'reference_column': 'maternal_education_No education'}, 'literacy': {'reference': 'Cannot read at all', 'reference_column': 'literacy_Cannot read at all'}, 'wealth_quintile': {'reference': 'Poorest', 'reference_column': 'wealth_quintile_Poorest'}, 'residence': {'reference': 'Rural', 'reference_column': 'residence_Rural'}, 'country_admin_region': {'reference': 'kenya::01', 'reference_column': 'country_admin_region_kenya::01'}}"
binary_lpm,model4_preferred_lpm,stunted,kenya,country_admin_region_kenya::32,0.038081473274693155,0.02749984422141835,-0.015817230979748735,0.09198017752913504,0.16611709003401032,17327,1688,47,weight_original,cluster_robust_psu,True,"{'child_sex': {'reference': 'Male', 'reference_column': 'child_sex_Male'}, 'maternal_education': {'reference': 'No education', 'reference_column': 'maternal_education_No education'}, 'literacy': {'reference': 'Cannot read at all', 'reference_column': 'literacy_Cannot read at all'}, 'wealth_quintile': {'reference': 'Poorest', 'reference_column': 'wealth_quintile_Poorest'}, 'residence': {'reference': 'Rural', 'reference_column': 'residence_Rural'}, 'country_admin_region': {'reference': 'kenya::01', 'reference_column': 'country_admin_region_kenya::01'}}"
binary_lpm,model4_preferred_lpm,stunted,kenya,country_admin_region_kenya::33,-0.01922632330393534,0.03293262620536147,-0.08377308458276381,0.04532043797489313,0.5593496451882591,17327,1688,47,weight_original,cluster_robust_psu,True,"{'child_sex': {'reference': 'Male', 'reference_column': 'child_sex_Male'}, 'maternal_education': {'reference': 'No education', 'reference_column': 'maternal_education_No education'}, 'literacy': {'reference': 'Cannot read at all', 'reference_column': 'literacy_Cannot read at all'}, 'wealth_quintile': {'reference': 'Poorest', 'reference_column': 'wealth_quintile_Poorest'}, 'residence': {'reference': 'Rural', 'reference_column': 'residence_Rural'}, 'country_admin_region': {'reference': 'kenya::01', 'reference_column': 'country_admin_region_kenya::01'}}"
binary_lpm,model4_preferred_lpm,stunted,kenya,country_admin_region_kenya::34,-0.002777965870414757,0.02934024190210835,-0.06028378329624009,0.05472785155541058,0.9245681442723396,17327,1688,47,weight_original,cluster_robust_psu,True,"{'child_sex': {'reference': 'Male', 'reference_column': 'child_sex_Male'}, 'maternal_education': {'reference': 'No education', 'reference_column': 'maternal_education_No education'}, 'literacy': {'reference': 'Cannot read at all', 'reference_column': 'literacy_Cannot read at all'}, 'wealth_quintile': {'reference': 'Poorest', 'reference_column': 'wealth_quintile_Poorest'}, 'residence': {'reference': 'Rural', 'reference_column': 'residence_Rural'}, 'country_admin_region': {'reference': 'kenya::01', 'reference_column': 'country_admin_region_kenya::01'}}"
binary_lpm,model4_preferred_lpm,stunted,kenya,country_admin_region_kenya::35,0.008977152986462194,0.03189053553260144,-0.0535271481051315,0.07148145407805588,0.7783277160231187,17327,1688,47,weight_original,cluster_robust_psu,True,"{'child_sex': {'reference': 'Male', 'reference_column': 'child_sex_Male'}, 'maternal_education': {'reference': 'No education', 'reference_column': 'maternal_education_No education'}, 'literacy': {'reference': 'Cannot read at all', 'reference_column': 'literacy_Cannot read at all'}, 'wealth_quintile': {'reference': 'Poorest', 'reference_column': 'wealth_quintile_Poorest'}, 'residence': {'reference': 'Rural', 'reference_column': 'residence_Rural'}, 'country_admin_region': {'reference': 'kenya::01', 'reference_column': 'country_admin_region_kenya::01'}}"
binary_lpm,model4_preferred_lpm,stunted,kenya,country_admin_region_kenya::36,0.02303686628909822,0.0320094110772901,-0.03970042658872783,0.08577415916692427,0.4717156300859454,17327,1688,47,weight_original,cluster_robust_psu,True,"{'child_sex': {'reference': 'Male', 'reference_column': 'child_sex_Male'}, 'maternal_education': {'reference': 'No education', 'reference_column': 'maternal_education_No education'}, 'literacy': {'reference': 'Cannot read at all', 'reference_column': 'literacy_Cannot read at all'}, 'wealth_quintile': {'reference': 'Poorest', 'reference_column': 'wealth_quintile_Poorest'}, 'residence': {'reference': 'Rural', 'reference_column': 'residence_Rural'}, 'country_admin_region': {'reference': 'kenya::01', 'reference_column': 'country_admin_region_kenya::01'}}"
binary_lpm,model4_preferred_lpm,stunted,kenya,country_admin_region_kenya::37,-0.06596439025137595,0.025658512410030414,-0.11625415047190958,-0.01567463003084231,0.010144693254714112,17327,1688,47,weight_original,cluster_robust_psu,True,"{'child_sex': {'reference': 'Male', 'reference_column': 'child_sex_Male'}, 'maternal_education': {'reference': 'No education', 'reference_column': 'maternal_education_No education'}, 'literacy': {'reference': 'Cannot read at all', 'reference_column': 'literacy_Cannot read at all'}, 'wealth_quintile': {'reference': 'Poorest', 'reference_column': 'wealth_quintile_Poorest'}, 'residence': {'reference': 'Rural', 'reference_column': 'residence_Rural'}, 'country_admin_region': {'reference': 'kenya::01', 'reference_column': 'country_admin_region_kenya::01'}}"
binary_lpm,model4_preferred_lpm,stunted,kenya,country_admin_region_kenya::38,-0.0315189517551291,0.031172420053349217,-0.09261577237064772,0.029577868860389517,0.3119606203987574,17327,1688,47,weight_original,cluster_robust_psu,True,"{'child_sex': {'reference': 'Male', 'reference_column': 'child_sex_Male'}, 'maternal_education': {'reference': 'No education', 'reference_column': 'maternal_education_No education'}, 'literacy': {'reference': 'Cannot read at all', 'reference_column': 'literacy_Cannot read at all'}, 'wealth_quintile': {'reference': 'Poorest', 'reference_column': 'wealth_quintile_Poorest'}, 'residence': {'reference': 'Rural', 'reference_column': 'residence_Rural'}, 'country_admin_region': {'reference': 'kenya::01', 'reference_column': 'country_admin_region_kenya::01'}}"
binary_lpm,model4_preferred_lpm,stunted,kenya,country_admin_region_kenya::39,-0.001428173684777777,0.028085058188734042,-0.05647387623840822,0.053617528868852675,0.9594436727446938,17327,1688,47,weight_original,cluster_robust_psu,True,"{'child_sex': {'reference': 'Male', 'reference_column': 'child_sex_Male'}, 'maternal_education': {'reference': 'No education', 'reference_column': 'maternal_education_No education'}, 'literacy': {'reference': 'Cannot read at all', 'reference_column': 'literacy_Cannot read at all'}, 'wealth_quintile': {'reference': 'Poorest', 'reference_column': 'wealth_quintile_Poorest'}, 'residence': {'reference': 'Rural', 'reference_column': 'residence_Rural'}, 'country_admin_region': {'reference': 'kenya::01', 'reference_column': 'country_admin_region_kenya::01'}}"
binary_lpm,model4_preferred_lpm,stunted,kenya,country_admin_region_kenya::40,-0.048823447741485775,0.027680760649496716,-0.10307674167917288,0.005429846196201342,0.0777649145644188,17327,1688,47,weight_original,cluster_robust_psu,True,"{'child_sex': {'reference': 'Male', 'reference_column': 'child_sex_Male'}, 'maternal_education': {'reference': 'No education', 'reference_column': 'maternal_education_No education'}, 'literacy': {'reference': 'Cannot read at all', 'reference_column': 'literacy_Cannot read at all'}, 'wealth_quintile': {'reference': 'Poorest', 'reference_column': 'wealth_quintile_Poorest'}, 'residence': {'reference': 'Rural', 'reference_column': 'residence_Rural'}, 'country_admin_region': {'reference': 'kenya::01', 'reference_column': 'country_admin_region_kenya::01'}}"
binary_lpm,model4_preferred_lpm,stunted,kenya,country_admin_region_kenya::41,-0.009007745035707324,0.031226745126844545,-0.07021104083873428,0.052195550767319625,0.7729927300039334,17327,1688,47,weight_original,cluster_robust_psu,True,"{'child_sex': {'reference': 'Male', 'reference_column': 'child_sex_Male'}, 'maternal_education': {'reference': 'No education', 'reference_column': 'maternal_education_No education'}, 'literacy': {'reference': 'Cannot read at all', 'reference_column': 'literacy_Cannot read at all'}, 'wealth_quintile': {'reference': 'Poorest', 'reference_column': 'wealth_quintile_Poorest'}, 'residence': {'reference': 'Rural', 'reference_column': 'residence_Rural'}, 'country_admin_region': {'reference': 'kenya::01', 'reference_column': 'country_admin_region_kenya::01'}}"
binary_lpm,model4_preferred_lpm,stunted,kenya,country_admin_region_kenya::42,-0.0930198817591791,0.02749117251796385,-0.14690158978716555,-0.03913817373119263,0.0007153503734337306,17327,1688,47,weight_original,cluster_robust_psu,True,"{'child_sex': {'reference': 'Male', 'reference_column': 'child_sex_Male'}, 'maternal_education': {'reference': 'No education', 'reference_column': 'maternal_education_No education'}, 'literacy': {'reference': 'Cannot read at all', 'reference_column': 'literacy_Cannot read at all'}, 'wealth_quintile': {'reference': 'Poorest', 'reference_column': 'wealth_quintile_Poorest'}, 'residence': {'reference': 'Rural', 'reference_column': 'residence_Rural'}, 'country_admin_region': {'reference': 'kenya::01', 'reference_column': 'country_admin_region_kenya::01'}}"
binary_lpm,model4_preferred_lpm,stunted,kenya,country_admin_region_kenya::43,-0.10562249968220735,0.02577212883753524,-0.15613494400870256,-0.05511005535571215,4.161548950325115e-05,17327,1688,47,weight_original,cluster_robust_psu,True,"{'child_sex': {'reference': 'Male', 'reference_column': 'child_sex_Male'}, 'maternal_education': {'reference': 'No education', 'reference_column': 'maternal_education_No education'}, 'literacy': {'reference': 'Cannot read at all', 'reference_column': 'literacy_Cannot read at all'}, 'wealth_quintile': {'reference': 'Poorest', 'reference_column': 'wealth_quintile_Poorest'}, 'residence': {'reference': 'Rural', 'reference_column': 'residence_Rural'}, 'country_admin_region': {'reference': 'kenya::01', 'reference_column': 'country_admin_region_kenya::01'}}"
binary_lpm,model4_preferred_lpm,stunted,kenya,country_admin_region_kenya::44,-0.1011873019193309,0.02748359274779555,-0.1550541538707764,-0.0473204499678854,0.0002316522405047542,17327,1688,47,weight_original,cluster_robust_psu,True,"{'child_sex': {'reference': 'Male', 'reference_column': 'child_sex_Male'}, 'maternal_education': {'reference': 'No education', 'reference_column': 'maternal_education_No education'}, 'literacy': {'reference': 'Cannot read at all', 'reference_column': 'literacy_Cannot read at all'}, 'wealth_quintile': {'reference': 'Poorest', 'reference_column': 'wealth_quintile_Poorest'}, 'residence': {'reference': 'Rural', 'reference_column': 'residence_Rural'}, 'country_admin_region': {'reference': 'kenya::01', 'reference_column': 'country_admin_region_kenya::01'}}"
binary_lpm,model4_preferred_lpm,stunted,kenya,country_admin_region_kenya::45,-0.014618187134879418,0.028030825609623097,-0.06955759578666369,0.04032122151690486,0.6020157333294152,17327,1688,47,weight_original,cluster_robust_psu,True,"{'child_sex': {'reference': 'Male', 'reference_column': 'child_sex_Male'}, 'maternal_education': {'reference': 'No education', 'reference_column': 'maternal_education_No education'}, 'literacy': {'reference': 'Cannot read at all', 'reference_column': 'literacy_Cannot read at all'}, 'wealth_quintile': {'reference': 'Poorest', 'reference_column': 'wealth_quintile_Poorest'}, 'residence': {'reference': 'Rural', 'reference_column': 'residence_Rural'}, 'country_admin_region': {'reference': 'kenya::01', 'reference_column': 'country_admin_region_kenya::01'}}"
binary_lpm,model4_preferred_lpm,stunted,kenya,country_admin_region_kenya::46,-0.03286397798420776,0.03265661504892451,-0.09686976733708853,0.031141811368673014,0.31424733320787945,17327,1688,47,weight_original,cluster_robust_psu,True,"{'child_sex': {'reference': 'Male', 'reference_column': 'child_sex_Male'}, 'maternal_education': {'reference': 'No education', 'reference_column': 'maternal_education_No education'}, 'literacy': {'reference': 'Cannot read at all', 'reference_column': 'literacy_Cannot read at all'}, 'wealth_quintile': {'reference': 'Poorest', 'reference_column': 'wealth_quintile_Poorest'}, 'residence': {'reference': 'Rural', 'reference_column': 'residence_Rural'}, 'country_admin_region': {'reference': 'kenya::01', 'reference_column': 'country_admin_region_kenya::01'}}"
binary_lpm,model4_preferred_lpm,stunted,kenya,country_admin_region_kenya::47,0.014746291898858802,0.02466686584044855,-0.03359987675990169,0.0630924605576193,0.5499615006939851,17327,1688,47,weight_original,cluster_robust_psu,True,"{'child_sex': {'reference': 'Male', 'reference_column': 'child_sex_Male'}, 'maternal_education': {'reference': 'No education', 'reference_column': 'maternal_education_No education'}, 'literacy': {'reference': 'Cannot read at all', 'reference_column': 'literacy_Cannot read at all'}, 'wealth_quintile': {'reference': 'Poorest', 'reference_column': 'wealth_quintile_Poorest'}, 'residence': {'reference': 'Rural', 'reference_column': 'residence_Rural'}, 'country_admin_region': {'reference': 'kenya::01', 'reference_column': 'country_admin_region_kenya::01'}}"
binary_lpm,model4_preferred_lpm,stunted,nigeria,const,0.4593159573888603,0.049474653997459886,0.3623474174062583,0.5562844973714622,1.6344135872117575e-20,9410,1343,37,weight_original,cluster_robust_psu,True,"{'child_sex': {'reference': 'Male', 'reference_column': 'child_sex_Male'}, 'maternal_education': {'reference': 'No education', 'reference_column': 'maternal_education_No education'}, 'literacy': {'reference': 'Cannot read at all', 'reference_column': 'literacy_Cannot read at all'}, 'wealth_quintile': {'reference': 'Poorest', 'reference_column': 'wealth_quintile_Poorest'}, 'residence': {'reference': 'Rural', 'reference_column': 'residence_Rural'}, 'country_admin_region': {'reference': 'nigeria::01', 'reference_column': 'country_admin_region_nigeria::01'}}"
binary_lpm,model4_preferred_lpm,stunted,nigeria,water_rate_loo,-0.05852561051328242,0.02681049885275618,-0.11107322267223697,-0.005977998354327871,0.029040503149276378,9410,1343,37,weight_original,cluster_robust_psu,True,"{'child_sex': {'reference': 'Male', 'reference_column': 'child_sex_Male'}, 'maternal_education': {'reference': 'No education', 'reference_column': 'maternal_education_No education'}, 'literacy': {'reference': 'Cannot read at all', 'reference_column': 'literacy_Cannot read at all'}, 'wealth_quintile': {'reference': 'Poorest', 'reference_column': 'wealth_quintile_Poorest'}, 'residence': {'reference': 'Rural', 'reference_column': 'residence_Rural'}, 'country_admin_region': {'reference': 'nigeria::01', 'reference_column': 'country_admin_region_nigeria::01'}}"
binary_lpm,model4_preferred_lpm,stunted,nigeria,sanitation_rate_loo_core,0.07662463789301423,0.027046542111019003,0.023614389449071058,0.1296348863369574,0.004610387106441419,9410,1343,37,weight_original,cluster_robust_psu,True,"{'child_sex': {'reference': 'Male', 'reference_column': 'child_sex_Male'}, 'maternal_education': {'reference': 'No education', 'reference_column': 'maternal_education_No education'}, 'literacy': {'reference': 'Cannot read at all', 'reference_column': 'literacy_Cannot read at all'}, 'wealth_quintile': {'reference': 'Poorest', 'reference_column': 'wealth_quintile_Poorest'}, 'residence': {'reference': 'Rural', 'reference_column': 'residence_Rural'}, 'country_admin_region': {'reference': 'nigeria::01', 'reference_column': 'country_admin_region_nigeria::01'}}"
binary_lpm,model4_preferred_lpm,stunted,nigeria,b19_raw,0.004395510692899122,0.0003709600347072238,0.0036684423851692347,0.005122579000629009,2.177372906726336e-32,9410,1343,37,weight_original,cluster_robust_psu,True,"{'child_sex': {'reference': 'Male', 'reference_column': 'child_sex_Male'}, 'maternal_education': {'reference': 'No education', 'reference_column': 'maternal_education_No education'}, 'literacy': {'reference': 'Cannot read at all', 'reference_column': 'literacy_Cannot read at all'}, 'wealth_quintile': {'reference': 'Poorest', 'reference_column': 'wealth_quintile_Poorest'}, 'residence': {'reference': 'Rural', 'reference_column': 'residence_Rural'}, 'country_admin_region': {'reference': 'nigeria::01', 'reference_column': 'country_admin_region_nigeria::01'}}"
binary_lpm,model4_preferred_lpm,stunted,nigeria,birth_order_raw,0.01443774124835806,0.0037565870146365203,0.0070749659948796395,0.02180051650183648,0.00012138429449812397,9410,1343,37,weight_original,cluster_robust_psu,True,"{'child_sex': {'reference': 'Male', 'reference_column': 'child_sex_Male'}, 'maternal_education': {'reference': 'No education', 'reference_column': 'maternal_education_No education'}, 'literacy': {'reference': 'Cannot read at all', 'reference_column': 'literacy_Cannot read at all'}, 'wealth_quintile': {'reference': 'Poorest', 'reference_column': 'wealth_quintile_Poorest'}, 'residence': {'reference': 'Rural', 'reference_column': 'residence_Rural'}, 'country_admin_region': {'reference': 'nigeria::01', 'reference_column': 'country_admin_region_nigeria::01'}}"
binary_lpm,model4_preferred_lpm,stunted,nigeria,maternal_age,-0.007202522088377354,0.0013836055654128298,-0.00991433916539568,-0.004490705011359029,1.9335199457425493e-07,9410,1343,37,weight_original,cluster_robust_psu,True,"{'child_sex': {'reference': 'Male', 'reference_column': 'child_sex_Male'}, 'maternal_education': {'reference': 'No education', 'reference_column': 'maternal_education_No education'}, 'literacy': {'reference': 'Cannot read at all', 'reference_column': 'literacy_Cannot read at all'}, 'wealth_quintile': {'reference': 'Poorest', 'reference_column': 'wealth_quintile_Poorest'}, 'residence': {'reference': 'Rural', 'reference_column': 'residence_Rural'}, 'country_admin_region': {'reference': 'nigeria::01', 'reference_column': 'country_admin_region_nigeria::01'}}"
binary_lpm,model4_preferred_lpm,stunted,nigeria,household_size_raw,0.0033262109222676767,0.001920497922347013,-0.00043789583791646993,0.007090317682451823,0.08328204375468627,9410,1343,37,weight_original,cluster_robust_psu,True,"{'child_sex': {'reference': 'Male', 'reference_column': 'child_sex_Male'}, 'maternal_education': {'reference': 'No education', 'reference_column': 'maternal_education_No education'}, 'literacy': {'reference': 'Cannot read at all', 'reference_column': 'literacy_Cannot read at all'}, 'wealth_quintile': {'reference': 'Poorest', 'reference_column': 'wealth_quintile_Poorest'}, 'residence': {'reference': 'Rural', 'reference_column': 'residence_Rural'}, 'country_admin_region': {'reference': 'nigeria::01', 'reference_column': 'country_admin_region_nigeria::01'}}"
binary_lpm,model4_preferred_lpm,stunted,nigeria,child_sex_Female,-0.05662074059298049,0.010504028505408401,-0.07720825815616304,-0.03603322302979793,7.030753270162532e-08,9410,1343,37,weight_original,cluster_robust_psu,True,"{'child_sex': {'reference': 'Male', 'reference_column': 'child_sex_Male'}, 'maternal_education': {'reference': 'No education', 'reference_column': 'maternal_education_No education'}, 'literacy': {'reference': 'Cannot read at all', 'reference_column': 'literacy_Cannot read at all'}, 'wealth_quintile': {'reference': 'Poorest', 'reference_column': 'wealth_quintile_Poorest'}, 'residence': {'reference': 'Rural', 'reference_column': 'residence_Rural'}, 'country_admin_region': {'reference': 'nigeria::01', 'reference_column': 'country_admin_region_nigeria::01'}}"
binary_lpm,model4_preferred_lpm,stunted,nigeria,maternal_education_Higher,-0.06756983675573532,0.03067115409891146,-0.12768419415387983,-0.007455479357590798,0.027591797519042147,9410,1343,37,weight_original,cluster_robust_psu,True,"{'child_sex': {'reference': 'Male', 'reference_column': 'child_sex_Male'}, 'maternal_education': {'reference': 'No education', 'reference_column': 'maternal_education_No education'}, 'literacy': {'reference': 'Cannot read at all', 'reference_column': 'literacy_Cannot read at all'}, 'wealth_quintile': {'reference': 'Poorest', 'reference_column': 'wealth_quintile_Poorest'}, 'residence': {'reference': 'Rural', 'reference_column': 'residence_Rural'}, 'country_admin_region': {'reference': 'nigeria::01', 'reference_column': 'country_admin_region_nigeria::01'}}"
binary_lpm,model4_preferred_lpm,stunted,nigeria,maternal_education_Primary,-0.03527923387265622,0.024418713280520775,-0.08313903245128684,0.012580564705974413,0.14852469252276687,9410,1343,37,weight_original,cluster_robust_psu,True,"{'child_sex': {'reference': 'Male', 'reference_column': 'child_sex_Male'}, 'maternal_education': {'reference': 'No education', 'reference_column': 'maternal_education_No education'}, 'literacy': {'reference': 'Cannot read at all', 'reference_column': 'literacy_Cannot read at all'}, 'wealth_quintile': {'reference': 'Poorest', 'reference_column': 'wealth_quintile_Poorest'}, 'residence': {'reference': 'Rural', 'reference_column': 'residence_Rural'}, 'country_admin_region': {'reference': 'nigeria::01', 'reference_column': 'country_admin_region_nigeria::01'}}"
binary_lpm,model4_preferred_lpm,stunted,nigeria,maternal_education_Secondary,-0.01209222922382782,0.024946546261545945,-0.0609865614351202,0.03680210298746456,0.6278710153925131,9410,1343,37,weight_original,cluster_robust_psu,True,"{'child_sex': {'reference': 'Male', 'reference_column': 'child_sex_Male'}, 'maternal_education': {'reference': 'No education', 'reference_column': 'maternal_education_No education'}, 'literacy': {'reference': 'Cannot read at all', 'reference_column': 'literacy_Cannot read at all'}, 'wealth_quintile': {'reference': 'Poorest', 'reference_column': 'wealth_quintile_Poorest'}, 'residence': {'reference': 'Rural', 'reference_column': 'residence_Rural'}, 'country_admin_region': {'reference': 'nigeria::01', 'reference_column': 'country_admin_region_nigeria::01'}}"
binary_lpm,model4_preferred_lpm,stunted,nigeria,literacy_Able to read only parts of sentence,-0.06184902927352377,0.02151898308208836,-0.10402546109834368,-0.01967259744870386,0.00405101960841263,9410,1343,37,weight_original,cluster_robust_psu,True,"{'child_sex': {'reference': 'Male', 'reference_column': 'child_sex_Male'}, 'maternal_education': {'reference': 'No education', 'reference_column': 'maternal_education_No education'}, 'literacy': {'reference': 'Cannot read at all', 'reference_column': 'literacy_Cannot read at all'}, 'wealth_quintile': {'reference': 'Poorest', 'reference_column': 'wealth_quintile_Poorest'}, 'residence': {'reference': 'Rural', 'reference_column': 'residence_Rural'}, 'country_admin_region': {'reference': 'nigeria::01', 'reference_column': 'country_admin_region_nigeria::01'}}"
binary_lpm,model4_preferred_lpm,stunted,nigeria,literacy_Able to read whole sentence,-0.06700824944470862,0.022008628636845644,-0.11014436892204295,-0.023872129967374298,0.0023296255428623073,9410,1343,37,weight_original,cluster_robust_psu,True,"{'child_sex': {'reference': 'Male', 'reference_column': 'child_sex_Male'}, 'maternal_education': {'reference': 'No education', 'reference_column': 'maternal_education_No education'}, 'literacy': {'reference': 'Cannot read at all', 'reference_column': 'literacy_Cannot read at all'}, 'wealth_quintile': {'reference': 'Poorest', 'reference_column': 'wealth_quintile_Poorest'}, 'residence': {'reference': 'Rural', 'reference_column': 'residence_Rural'}, 'country_admin_region': {'reference': 'nigeria::01', 'reference_column': 'country_admin_region_nigeria::01'}}"
binary_lpm,model4_preferred_lpm,stunted,nigeria,literacy_Blind/visually impaired,0.46401611773013646,0.04064226560286205,0.38435874089841576,0.5436734945618571,3.435729665252135e-30,9410,1343,37,weight_original,cluster_robust_psu,True,"{'child_sex': {'reference': 'Male', 'reference_column': 'child_sex_Male'}, 'maternal_education': {'reference': 'No education', 'reference_column': 'maternal_education_No education'}, 'literacy': {'reference': 'Cannot read at all', 'reference_column': 'literacy_Cannot read at all'}, 'wealth_quintile': {'reference': 'Poorest', 'reference_column': 'wealth_quintile_Poorest'}, 'residence': {'reference': 'Rural', 'reference_column': 'residence_Rural'}, 'country_admin_region': {'reference': 'nigeria::01', 'reference_column': 'country_admin_region_nigeria::01'}}"
binary_lpm,model4_preferred_lpm,stunted,nigeria,literacy_No card with required language,-0.13820134875438161,0.22621263991168042,-0.5815699758290032,0.30516727832024,0.5412422335320927,9410,1343,37,weight_original,cluster_robust_psu,True,"{'child_sex': {'reference': 'Male', 'reference_column': 'child_sex_Male'}, 'maternal_education': {'reference': 'No education', 'reference_column': 'maternal_education_No education'}, 'literacy': {'reference': 'Cannot read at all', 'reference_column': 'literacy_Cannot read at all'}, 'wealth_quintile': {'reference': 'Poorest', 'reference_column': 'wealth_quintile_Poorest'}, 'residence': {'reference': 'Rural', 'reference_column': 'residence_Rural'}, 'country_admin_region': {'reference': 'nigeria::01', 'reference_column': 'country_admin_region_nigeria::01'}}"
binary_lpm,model4_preferred_lpm,stunted,nigeria,wealth_quintile_Middle,-0.05735832387912969,0.02292378643762728,-0.10228811968616691,-0.012428528072092472,0.012344812788979675,9410,1343,37,weight_original,cluster_robust_psu,True,"{'child_sex': {'reference': 'Male', 'reference_column': 'child_sex_Male'}, 'maternal_education': {'reference': 'No education', 'reference_column': 'maternal_education_No education'}, 'literacy': {'reference': 'Cannot read at all', 'reference_column': 'literacy_Cannot read at all'}, 'wealth_quintile': {'reference': 'Poorest', 'reference_column': 'wealth_quintile_Poorest'}, 'residence': {'reference': 'Rural', 'reference_column': 'residence_Rural'}, 'country_admin_region': {'reference': 'nigeria::01', 'reference_column': 'country_admin_region_nigeria::01'}}"
binary_lpm,model4_preferred_lpm,stunted,nigeria,wealth_quintile_Poorer,-0.009037641721738071,0.01968273876369187,-0.04761510081568456,0.02953981737220842,0.6461150629786073,9410,1343,37,weight_original,cluster_robust_psu,True,"{'child_sex': {'reference': 'Male', 'reference_column': 'child_sex_Male'}, 'maternal_education': {'reference': 'No education', 'reference_column': 'maternal_education_No education'}, 'literacy': {'reference': 'Cannot read at all', 'reference_column': 'literacy_Cannot read at all'}, 'wealth_quintile': {'reference': 'Poorest', 'reference_column': 'wealth_quintile_Poorest'}, 'residence': {'reference': 'Rural', 'reference_column': 'residence_Rural'}, 'country_admin_region': {'reference': 'nigeria::01', 'reference_column': 'country_admin_region_nigeria::01'}}"
binary_lpm,model4_preferred_lpm,stunted,nigeria,wealth_quintile_Richer,-0.0872649574390653,0.02764256930334799,-0.1414433977137798,-0.033086517164350786,0.0015945344035485946,9410,1343,37,weight_original,cluster_robust_psu,True,"{'child_sex': {'reference': 'Male', 'reference_column': 'child_sex_Male'}, 'maternal_education': {'reference': 'No education', 'reference_column': 'maternal_education_No education'}, 'literacy': {'reference': 'Cannot read at all', 'reference_column': 'literacy_Cannot read at all'}, 'wealth_quintile': {'reference': 'Poorest', 'reference_column': 'wealth_quintile_Poorest'}, 'residence': {'reference': 'Rural', 'reference_column': 'residence_Rural'}, 'country_admin_region': {'reference': 'nigeria::01', 'reference_column': 'country_admin_region_nigeria::01'}}"
binary_lpm,model4_preferred_lpm,stunted,nigeria,wealth_quintile_Richest,-0.1620747781093181,0.03338848211189315,-0.22751500054708854,-0.09663455567154769,1.2086624373493735e-06,9410,1343,37,weight_original,cluster_robust_psu,True,"{'child_sex': {'reference': 'Male', 'reference_column': 'child_sex_Male'}, 'maternal_education': {'reference': 'No education', 'reference_column': 'maternal_education_No education'}, 'literacy': {'reference': 'Cannot read at all', 'reference_column': 'literacy_Cannot read at all'}, 'wealth_quintile': {'reference': 'Poorest', 'reference_column': 'wealth_quintile_Poorest'}, 'residence': {'reference': 'Rural', 'reference_column': 'residence_Rural'}, 'country_admin_region': {'reference': 'nigeria::01', 'reference_column': 'country_admin_region_nigeria::01'}}"
binary_lpm,model4_preferred_lpm,stunted,nigeria,residence_Urban,-0.04641014477742735,0.019768528427263253,-0.08515574852221956,-0.0076645410326351415,0.01889083038580987,9410,1343,37,weight_original,cluster_robust_psu,True,"{'child_sex': {'reference': 'Male', 'reference_column': 'child_sex_Male'}, 'maternal_education': {'reference': 'No education', 'reference_column': 'maternal_education_No education'}, 'literacy': {'reference': 'Cannot read at all', 'reference_column': 'literacy_Cannot read at all'}, 'wealth_quintile': {'reference': 'Poorest', 'reference_column': 'wealth_quintile_Poorest'}, 'residence': {'reference': 'Rural', 'reference_column': 'residence_Rural'}, 'country_admin_region': {'reference': 'nigeria::01', 'reference_column': 'country_admin_region_nigeria::01'}}"
binary_lpm,model4_preferred_lpm,stunted,nigeria,country_admin_region_nigeria::02,-0.018004771362378796,0.04946531438272304,-0.11495500603646708,0.07894546331170949,0.7158671135212469,9410,1343,37,weight_original,cluster_robust_psu,True,"{'child_sex': {'reference': 'Male', 'reference_column': 'child_sex_Male'}, 'maternal_education': {'reference': 'No education', 'reference_column': 'maternal_education_No education'}, 'literacy': {'reference': 'Cannot read at all', 'reference_column': 'literacy_Cannot read at all'}, 'wealth_quintile': {'reference': 'Poorest', 'reference_column': 'wealth_quintile_Poorest'}, 'residence': {'reference': 'Rural', 'reference_column': 'residence_Rural'}, 'country_admin_region': {'reference': 'nigeria::01', 'reference_column': 'country_admin_region_nigeria::01'}}"
binary_lpm,model4_preferred_lpm,stunted,nigeria,country_admin_region_nigeria::03,0.06820578550507872,0.06367592321069085,-0.056596730670213424,0.19300830168037086,0.2841067877708151,9410,1343,37,weight_original,cluster_robust_psu,True,"{'child_sex': {'reference': 'Male', 'reference_column': 'child_sex_Male'}, 'maternal_education': {'reference': 'No education', 'reference_column': 'maternal_education_No education'}, 'literacy': {'reference': 'Cannot read at all', 'reference_column': 'literacy_Cannot read at all'}, 'wealth_quintile': {'reference': 'Poorest', 'reference_column': 'wealth_quintile_Poorest'}, 'residence': {'reference': 'Rural', 'reference_column': 'residence_Rural'}, 'country_admin_region': {'reference': 'nigeria::01', 'reference_column': 'country_admin_region_nigeria::01'}}"
binary_lpm,model4_preferred_lpm,stunted,nigeria,country_admin_region_nigeria::04,0.12922409469000717,0.04517274397917926,0.04068714340796725,0.2177610459720471,0.004227532946896527,9410,1343,37,weight_original,cluster_robust_psu,True,"{'child_sex': {'reference': 'Male', 'reference_column': 'child_sex_Male'}, 'maternal_education': {'reference': 'No education', 'reference_column': 'maternal_education_No education'}, 'literacy': {'reference': 'Cannot read at all', 'reference_column': 'literacy_Cannot read at all'}, 'wealth_quintile': {'reference': 'Poorest', 'reference_column': 'wealth_quintile_Poorest'}, 'residence': {'reference': 'Rural', 'reference_column': 'residence_Rural'}, 'country_admin_region': {'reference': 'nigeria::01', 'reference_column': 'country_admin_region_nigeria::01'}}"
binary_lpm,model4_preferred_lpm,stunted,nigeria,country_admin_region_nigeria::05,0.06787079468607894,0.04483577438635036,-0.02000570833013121,0.1557472977022891,0.13008562979188623,9410,1343,37,weight_original,cluster_robust_psu,True,"{'child_sex': {'reference': 'Male', 'reference_column': 'child_sex_Male'}, 'maternal_education': {'reference': 'No education', 'reference_column': 'maternal_education_No education'}, 'literacy': {'reference': 'Cannot read at all', 'reference_column': 'literacy_Cannot read at all'}, 'wealth_quintile': {'reference': 'Poorest', 'reference_column': 'wealth_quintile_Poorest'}, 'residence': {'reference': 'Rural', 'reference_column': 'residence_Rural'}, 'country_admin_region': {'reference': 'nigeria::01', 'reference_column': 'country_admin_region_nigeria::01'}}"
binary_lpm,model4_preferred_lpm,stunted,nigeria,country_admin_region_nigeria::06,0.09042499080759966,0.048282167818982154,-0.004206319213124171,0.1850563008283235,0.061089865673658865,9410,1343,37,weight_original,cluster_robust_psu,True,"{'child_sex': {'reference': 'Male', 'reference_column': 'child_sex_Male'}, 'maternal_education': {'reference': 'No education', 'reference_column': 'maternal_education_No education'}, 'literacy': {'reference': 'Cannot read at all', 'reference_column': 'literacy_Cannot read at all'}, 'wealth_quintile': {'reference': 'Poorest', 'reference_column': 'wealth_quintile_Poorest'}, 'residence': {'reference': 'Rural', 'reference_column': 'residence_Rural'}, 'country_admin_region': {'reference': 'nigeria::01', 'reference_column': 'country_admin_region_nigeria::01'}}"
binary_lpm,model4_preferred_lpm,stunted,nigeria,country_admin_region_nigeria::07,0.1291672529047272,0.04328280585551673,0.04433451227807504,0.21399999353137933,0.0028426281819967972,9410,1343,37,weight_original,cluster_robust_psu,True,"{'child_sex': {'reference': 'Male', 'reference_column': 'child_sex_Male'}, 'maternal_education': {'reference': 'No education', 'reference_column': 'maternal_education_No education'}, 'literacy': {'reference': 'Cannot read at all', 'reference_column': 'literacy_Cannot read at all'}, 'wealth_quintile': {'reference': 'Poorest', 'reference_column': 'wealth_quintile_Poorest'}, 'residence': {'reference': 'Rural', 'reference_column': 'residence_Rural'}, 'country_admin_region': {'reference': 'nigeria::01', 'reference_column': 'country_admin_region_nigeria::01'}}"
binary_lpm,model4_preferred_lpm,stunted,nigeria,country_admin_region_nigeria::08,0.13498747082610402,0.0482668134793062,0.040386254758151455,0.2295886868940566,0.005162852708565853,9410,1343,37,weight_original,cluster_robust_psu,True,"{'child_sex': {'reference': 'Male', 'reference_column': 'child_sex_Male'}, 'maternal_education': {'reference': 'No education', 'reference_column': 'maternal_education_No education'}, 'literacy': {'reference': 'Cannot read at all', 'reference_column': 'literacy_Cannot read at all'}, 'wealth_quintile': {'reference': 'Poorest', 'reference_column': 'wealth_quintile_Poorest'}, 'residence': {'reference': 'Rural', 'reference_column': 'residence_Rural'}, 'country_admin_region': {'reference': 'nigeria::01', 'reference_column': 'country_admin_region_nigeria::01'}}"
binary_lpm,model4_preferred_lpm,stunted,nigeria,country_admin_region_nigeria::09,0.24912157437139315,0.04092944514766256,0.16890133597476686,0.32934181276801944,1.1532635803656393e-09,9410,1343,37,weight_original,cluster_robust_psu,True,"{'child_sex': {'reference': 'Male', 'reference_column': 'child_sex_Male'}, 'maternal_education': {'reference': 'No education', 'reference_column': 'maternal_education_No education'}, 'literacy': {'reference': 'Cannot read at all', 'reference_column': 'literacy_Cannot read at all'}, 'wealth_quintile': {'reference': 'Poorest', 'reference_column': 'wealth_quintile_Poorest'}, 'residence': {'reference': 'Rural', 'reference_column': 'residence_Rural'}, 'country_admin_region': {'reference': 'nigeria::01', 'reference_column': 'country_admin_region_nigeria::01'}}"
binary_lpm,model4_preferred_lpm,stunted,nigeria,country_admin_region_nigeria::10,0.0764912881747983,0.04638170582696124,-0.014415184787577279,0.1673977611371739,0.09911294293027667,9410,1343,37,weight_original,cluster_robust_psu,True,"{'child_sex': {'reference': 'Male', 'reference_column': 'child_sex_Male'}, 'maternal_education': {'reference': 'No education', 'reference_column': 'maternal_education_No education'}, 'literacy': {'reference': 'Cannot read at all', 'reference_column': 'literacy_Cannot read at all'}, 'wealth_quintile': {'reference': 'Poorest', 'reference_column': 'wealth_quintile_Poorest'}, 'residence': {'reference': 'Rural', 'reference_column': 'residence_Rural'}, 'country_admin_region': {'reference': 'nigeria::01', 'reference_column': 'country_admin_region_nigeria::01'}}"
binary_lpm,model4_preferred_lpm,stunted,nigeria,country_admin_region_nigeria::11,0.159747637600013,0.043614850049818916,0.07426410231125295,0.24523117288877305,0.00024958134494457244,9410,1343,37,weight_original,cluster_robust_psu,True,"{'child_sex': {'reference': 'Male', 'reference_column': 'child_sex_Male'}, 'maternal_education': {'reference': 'No education', 'reference_column': 'maternal_education_No education'}, 'literacy': {'reference': 'Cannot read at all', 'reference_column': 'literacy_Cannot read at all'}, 'wealth_quintile': {'reference': 'Poorest', 'reference_column': 'wealth_quintile_Poorest'}, 'residence': {'reference': 'Rural', 'reference_column': 'residence_Rural'}, 'country_admin_region': {'reference': 'nigeria::01', 'reference_column': 'country_admin_region_nigeria::01'}}"
binary_lpm,model4_preferred_lpm,stunted,nigeria,country_admin_region_nigeria::12,0.1237898775422494,0.05346701659339844,0.018996450658383013,0.2285833044261158,0.020598878547751037,9410,1343,37,weight_original,cluster_robust_psu,True,"{'child_sex': {'reference': 'Male', 'reference_column': 'child_sex_Male'}, 'maternal_education': {'reference': 'No education', 'reference_column': 'maternal_education_No education'}, 'literacy': {'reference': 'Cannot read at all', 'reference_column': 'literacy_Cannot read at all'}, 'wealth_quintile': {'reference': 'Poorest', 'reference_column': 'wealth_quintile_Poorest'}, 'residence': {'reference': 'Rural', 'reference_column': 'residence_Rural'}, 'country_admin_region': {'reference': 'nigeria::01', 'reference_column': 'country_admin_region_nigeria::01'}}"
binary_lpm,model4_preferred_lpm,stunted,nigeria,country_admin_region_nigeria::13,0.21045591557158344,0.061249634122278566,0.09040883862566189,0.330502992517505,0.0005902936769035291,9410,1343,37,weight_original,cluster_robust_psu,True,"{'child_sex': {'reference': 'Male', 'reference_column': 'child_sex_Male'}, 'maternal_education': {'reference': 'No education', 'reference_column': 'maternal_education_No education'}, 'literacy': {'reference': 'Cannot read at all', 'reference_column': 'literacy_Cannot read at all'}, 'wealth_quintile': {'reference': 'Poorest', 'reference_column': 'wealth_quintile_Poorest'}, 'residence': {'reference': 'Rural', 'reference_column': 'residence_Rural'}, 'country_admin_region': {'reference': 'nigeria::01', 'reference_column': 'country_admin_region_nigeria::01'}}"
binary_lpm,model4_preferred_lpm,stunted,nigeria,country_admin_region_nigeria::14,0.1533220105562122,0.040445145428075424,0.07405098216769954,0.23259303894472486,0.00015012467086009966,9410,1343,37,weight_original,cluster_robust_psu,True,"{'child_sex': {'reference': 'Male', 'reference_column': 'child_sex_Male'}, 'maternal_education': {'reference': 'No education', 'reference_column': 'maternal_education_No education'}, 'literacy': {'reference': 'Cannot read at all', 'reference_column': 'literacy_Cannot read at all'}, 'wealth_quintile': {'reference': 'Poorest', 'reference_column': 'wealth_quintile_Poorest'}, 'residence': {'reference': 'Rural', 'reference_column': 'residence_Rural'}, 'country_admin_region': {'reference': 'nigeria::01', 'reference_column': 'country_admin_region_nigeria::01'}}"
binary_lpm,model4_preferred_lpm,stunted,nigeria,country_admin_region_nigeria::15,0.09966916517130671,0.039830549065745104,0.021602723517990807,0.1777356068246226,0.012337897370772738,9410,1343,37,weight_original,cluster_robust_psu,True,"{'child_sex': {'reference': 'Male', 'reference_column': 'child_sex_Male'}, 'maternal_education': {'reference': 'No education', 'reference_column': 'maternal_education_No education'}, 'literacy': {'reference': 'Cannot read at all', 'reference_column': 'literacy_Cannot read at all'}, 'wealth_quintile': {'reference': 'Poorest', 'reference_column': 'wealth_quintile_Poorest'}, 'residence': {'reference': 'Rural', 'reference_column': 'residence_Rural'}, 'country_admin_region': {'reference': 'nigeria::01', 'reference_column': 'country_admin_region_nigeria::01'}}"
binary_lpm,model4_preferred_lpm,stunted,nigeria,country_admin_region_nigeria::16,0.1877894727930869,0.045561016454977864,0.0984915214422935,0.27708742414388027,3.760641376028546e-05,9410,1343,37,weight_original,cluster_robust_psu,True,"{'child_sex': {'reference': 'Male', 'reference_column': 'child_sex_Male'}, 'maternal_education': {'reference': 'No education', 'reference_column': 'maternal_education_No education'}, 'literacy': {'reference': 'Cannot read at all', 'reference_column': 'literacy_Cannot read at all'}, 'wealth_quintile': {'reference': 'Poorest', 'reference_column': 'wealth_quintile_Poorest'}, 'residence': {'reference': 'Rural', 'reference_column': 'residence_Rural'}, 'country_admin_region': {'reference': 'nigeria::01', 'reference_column': 'country_admin_region_nigeria::01'}}"
binary_lpm,model4_preferred_lpm,stunted,nigeria,country_admin_region_nigeria::17,0.25305677449471314,0.05220002981549319,0.15074659606442947,0.3553669529249968,1.2482044754539292e-06,9410,1343,37,weight_original,cluster_robust_psu,True,"{'child_sex': {'reference': 'Male', 'reference_column': 'child_sex_Male'}, 'maternal_education': {'reference': 'No education', 'reference_column': 'maternal_education_No education'}, 'literacy': {'reference': 'Cannot read at all', 'reference_column': 'literacy_Cannot read at all'}, 'wealth_quintile': {'reference': 'Poorest', 'reference_column': 'wealth_quintile_Poorest'}, 'residence': {'reference': 'Rural', 'reference_column': 'residence_Rural'}, 'country_admin_region': {'reference': 'nigeria::01', 'reference_column': 'country_admin_region_nigeria::01'}}"
binary_lpm,model4_preferred_lpm,stunted,nigeria,country_admin_region_nigeria::18,0.18133070557658396,0.04482357091333792,0.0934781209279645,0.26918329022520343,5.22267370785076e-05,9410,1343,37,weight_original,cluster_robust_psu,True,"{'child_sex': {'reference': 'Male', 'reference_column': 'child_sex_Male'}, 'maternal_education': {'reference': 'No education', 'reference_column': 'maternal_education_No education'}, 'literacy': {'reference': 'Cannot read at all', 'reference_column': 'literacy_Cannot read at all'}, 'wealth_quintile': {'reference': 'Poorest', 'reference_column': 'wealth_quintile_Poorest'}, 'residence': {'reference': 'Rural', 'reference_column': 'residence_Rural'}, 'country_admin_region': {'reference': 'nigeria::01', 'reference_column': 'country_admin_region_nigeria::01'}}"
binary_lpm,model4_preferred_lpm,stunted,nigeria,country_admin_region_nigeria::19,0.023988299329666937,0.05782964774678758,-0.0893557274926746,0.13733232615200847,0.6782812118140191,9410,1343,37,weight_original,cluster_robust_psu,True,"{'child_sex': {'reference': 'Male', 'reference_column': 'child_sex_Male'}, 'maternal_education': {'reference': 'No education', 'reference_column': 'maternal_education_No education'}, 'literacy': {'reference': 'Cannot read at all', 'reference_column': 'literacy_Cannot read at all'}, 'wealth_quintile': {'reference': 'Poorest', 'reference_column': 'wealth_quintile_Poorest'}, 'residence': {'reference': 'Rural', 'reference_column': 'residence_Rural'}, 'country_admin_region': {'reference': 'nigeria::01', 'reference_column': 'country_admin_region_nigeria::01'}}"
binary_lpm,model4_preferred_lpm,stunted,nigeria,country_admin_region_nigeria::20,0.24469367801190195,0.05173682141912907,0.14329137135582853,0.34609598466797536,2.249796014494572e-06,9410,1343,37,weight_original,cluster_robust_psu,True,"{'child_sex': {'reference': 'Male', 'reference_column': 'child_sex_Male'}, 'maternal_education': {'reference': 'No education', 'reference_column': 'maternal_education_No education'}, 'literacy': {'reference': 'Cannot read at all', 'reference_column': 'literacy_Cannot read at all'}, 'wealth_quintile': {'reference': 'Poorest', 'reference_column': 'wealth_quintile_Poorest'}, 'residence': {'reference': 'Rural', 'reference_column': 'residence_Rural'}, 'country_admin_region': {'reference': 'nigeria::01', 'reference_column': 'country_admin_region_nigeria::01'}}"
binary_lpm,model4_preferred_lpm,stunted,nigeria,country_admin_region_nigeria::21,-0.004423099625998524,0.04450277501698341,-0.0916469358713749,0.08280073661937784,0.920829178615119,9410,1343,37,weight_original,cluster_robust_psu,True,"{'child_sex': {'reference': 'Male', 'reference_column': 'child_sex_Male'}, 'maternal_education': {'reference': 'No education', 'reference_column': 'maternal_education_No education'}, 'literacy': {'reference': 'Cannot read at all', 'reference_column': 'literacy_Cannot read at all'}, 'wealth_quintile': {'reference': 'Poorest', 'reference_column': 'wealth_quintile_Poorest'}, 'residence': {'reference': 'Rural', 'reference_column': 'residence_Rural'}, 'country_admin_region': {'reference': 'nigeria::01', 'reference_column': 'country_admin_region_nigeria::01'}}"
binary_lpm,model4_preferred_lpm,stunted,nigeria,country_admin_region_nigeria::22,-0.0584379613632154,0.03948016251067137,-0.13581765798791973,0.01894173526148893,0.13882376736355,9410,1343,37,weight_original,cluster_robust_psu,True,"{'child_sex': {'reference': 'Male', 'reference_column': 'child_sex_Male'}, 'maternal_education': {'reference': 'No education', 'reference_column': 'maternal_education_No education'}, 'literacy': {'reference': 'Cannot read at all', 'reference_column': 'literacy_Cannot read at all'}, 'wealth_quintile': {'reference': 'Poorest', 'reference_column': 'wealth_quintile_Poorest'}, 'residence': {'reference': 'Rural', 'reference_column': 'residence_Rural'}, 'country_admin_region': {'reference': 'nigeria::01', 'reference_column': 'country_admin_region_nigeria::01'}}"
binary_lpm,model4_preferred_lpm,stunted,nigeria,country_admin_region_nigeria::23,0.02358456847915561,0.03660623264153579,-0.04816232910794906,0.09533146606626028,0.5193955664712344,9410,1343,37,weight_original,cluster_robust_psu,True,"{'child_sex': {'reference': 'Male', 'reference_column': 'child_sex_Male'}, 'maternal_education': {'reference': 'No education', 'reference_column': 'maternal_education_No education'}, 'literacy': {'reference': 'Cannot read at all', 'reference_column': 'literacy_Cannot read at all'}, 'wealth_quintile': {'reference': 'Poorest', 'reference_column': 'wealth_quintile_Poorest'}, 'residence': {'reference': 'Rural', 'reference_column': 'residence_Rural'}, 'country_admin_region': {'reference': 'nigeria::01', 'reference_column': 'country_admin_region_nigeria::01'}}"
binary_lpm,model4_preferred_lpm,stunted,nigeria,country_admin_region_nigeria::24,-0.06280181859674587,0.03952020049989495,-0.1402599882383418,0.014656351044850066,0.11203628715345863,9410,1343,37,weight_original,cluster_robust_psu,True,"{'child_sex': {'reference': 'Male', 'reference_column': 'child_sex_Male'}, 'maternal_education': {'reference': 'No education', 'reference_column': 'maternal_education_No education'}, 'literacy': {'reference': 'Cannot read at all', 'reference_column': 'literacy_Cannot read at all'}, 'wealth_quintile': {'reference': 'Poorest', 'reference_column': 'wealth_quintile_Poorest'}, 'residence': {'reference': 'Rural', 'reference_column': 'residence_Rural'}, 'country_admin_region': {'reference': 'nigeria::01', 'reference_column': 'country_admin_region_nigeria::01'}}"
binary_lpm,model4_preferred_lpm,stunted,nigeria,country_admin_region_nigeria::25,-0.0589265246532074,0.03273815985774111,-0.12309213889449491,0.005239089588080115,0.07187107170846374,9410,1343,37,weight_original,cluster_robust_psu,True,"{'child_sex': {'reference': 'Male', 'reference_column': 'child_sex_Male'}, 'maternal_education': {'reference': 'No education', 'reference_column': 'maternal_education_No education'}, 'literacy': {'reference': 'Cannot read at all', 'reference_column': 'literacy_Cannot read at all'}, 'wealth_quintile': {'reference': 'Poorest', 'reference_column': 'wealth_quintile_Poorest'}, 'residence': {'reference': 'Rural', 'reference_column': 'residence_Rural'}, 'country_admin_region': {'reference': 'nigeria::01', 'reference_column': 'country_admin_region_nigeria::01'}}"
binary_lpm,model4_preferred_lpm,stunted,nigeria,country_admin_region_nigeria::26,0.02536154979748624,0.03881322552890673,-0.05071097436300154,0.10143407395797402,0.513482028735243,9410,1343,37,weight_original,cluster_robust_psu,True,"{'child_sex': {'reference': 'Male', 'reference_column': 'child_sex_Male'}, 'maternal_education': {'reference': 'No education', 'reference_column': 'maternal_education_No education'}, 'literacy': {'reference': 'Cannot read at all', 'reference_column': 'literacy_Cannot read at all'}, 'wealth_quintile': {'reference': 'Poorest', 'reference_column': 'wealth_quintile_Poorest'}, 'residence': {'reference': 'Rural', 'reference_column': 'residence_Rural'}, 'country_admin_region': {'reference': 'nigeria::01', 'reference_column': 'country_admin_region_nigeria::01'}}"
binary_lpm,model4_preferred_lpm,stunted,nigeria,country_admin_region_nigeria::27,0.04399103709471691,0.046192940673194016,-0.04654546296473876,0.1345275371541726,0.34092839766320504,9410,1343,37,weight_original,cluster_robust_psu,True,"{'child_sex': {'reference': 'Male', 'reference_column': 'child_sex_Male'}, 'maternal_education': {'reference': 'No education', 'reference_column': 'maternal_education_No education'}, 'literacy': {'reference': 'Cannot read at all', 'reference_column': 'literacy_Cannot read at all'}, 'wealth_quintile': {'reference': 'Poorest', 'reference_column': 'wealth_quintile_Poorest'}, 'residence': {'reference': 'Rural', 'reference_column': 'residence_Rural'}, 'country_admin_region': {'reference': 'nigeria::01', 'reference_column': 'country_admin_region_nigeria::01'}}"
binary_lpm,model4_preferred_lpm,stunted,nigeria,country_admin_region_nigeria::28,-0.018344491670427877,0.05910944199761115,-0.13419686913200504,0.0975078857911493,0.7562964030025114,9410,1343,37,weight_original,cluster_robust_psu,True,"{'child_sex': {'reference': 'Male', 'reference_column': 'child_sex_Male'}, 'maternal_education': {'reference': 'No education', 'reference_column': 'maternal_education_No education'}, 'literacy': {'reference': 'Cannot read at all', 'reference_column': 'literacy_Cannot read at all'}, 'wealth_quintile': {'reference': 'Poorest', 'reference_column': 'wealth_quintile_Poorest'}, 'residence': {'reference': 'Rural', 'reference_column': 'residence_Rural'}, 'country_admin_region': {'reference': 'nigeria::01', 'reference_column': 'country_admin_region_nigeria::01'}}"
binary_lpm,model4_preferred_lpm,stunted,nigeria,country_admin_region_nigeria::29,0.05530848929448054,0.04081309252293008,-0.0246837021481634,0.13530068073712448,0.17536487787410548,9410,1343,37,weight_original,cluster_robust_psu,True,"{'child_sex': {'reference': 'Male', 'reference_column': 'child_sex_Male'}, 'maternal_education': {'reference': 'No education', 'reference_column': 'maternal_education_No education'}, 'literacy': {'reference': 'Cannot read at all', 'reference_column': 'literacy_Cannot read at all'}, 'wealth_quintile': {'reference': 'Poorest', 'reference_column': 'wealth_quintile_Poorest'}, 'residence': {'reference': 'Rural', 'reference_column': 'residence_Rural'}, 'country_admin_region': {'reference': 'nigeria::01', 'reference_column': 'country_admin_region_nigeria::01'}}"
binary_lpm,model4_preferred_lpm,stunted,nigeria,country_admin_region_nigeria::30,-0.023942937117659723,0.03802301204875583,-0.09846667131695368,0.050580797081634224,0.528893525552431,9410,1343,37,weight_original,cluster_robust_psu,True,"{'child_sex': {'reference': 'Male', 'reference_column': 'child_sex_Male'}, 'maternal_education': {'reference': 'No education', 'reference_column': 'maternal_education_No education'}, 'literacy': {'reference': 'Cannot read at all', 'reference_column': 'literacy_Cannot read at all'}, 'wealth_quintile': {'reference': 'Poorest', 'reference_column': 'wealth_quintile_Poorest'}, 'residence': {'reference': 'Rural', 'reference_column': 'residence_Rural'}, 'country_admin_region': {'reference': 'nigeria::01', 'reference_column': 'country_admin_region_nigeria::01'}}"
binary_lpm,model4_preferred_lpm,stunted,nigeria,country_admin_region_nigeria::31,-0.030781555122914334,0.034346193081246666,-0.09809885656821658,0.036535746322387916,0.3701382305674048,9410,1343,37,weight_original,cluster_robust_psu,True,"{'child_sex': {'reference': 'Male', 'reference_column': 'child_sex_Male'}, 'maternal_education': {'reference': 'No education', 'reference_column': 'maternal_education_No education'}, 'literacy': {'reference': 'Cannot read at all', 'reference_column': 'literacy_Cannot read at all'}, 'wealth_quintile': {'reference': 'Poorest', 'reference_column': 'wealth_quintile_Poorest'}, 'residence': {'reference': 'Rural', 'reference_column': 'residence_Rural'}, 'country_admin_region': {'reference': 'nigeria::01', 'reference_column': 'country_admin_region_nigeria::01'}}"
binary_lpm,model4_preferred_lpm,stunted,nigeria,country_admin_region_nigeria::32,-0.015375677879810892,0.05912641430414337,-0.13126132045092578,0.100509964691304,0.7948271122979552,9410,1343,37,weight_original,cluster_robust_psu,True,"{'child_sex': {'reference': 'Male', 'reference_column': 'child_sex_Male'}, 'maternal_education': {'reference': 'No education', 'reference_column': 'maternal_education_No education'}, 'literacy': {'reference': 'Cannot read at all', 'reference_column': 'literacy_Cannot read at all'}, 'wealth_quintile': {'reference': 'Poorest', 'reference_column': 'wealth_quintile_Poorest'}, 'residence': {'reference': 'Rural', 'reference_column': 'residence_Rural'}, 'country_admin_region': {'reference': 'nigeria::01', 'reference_column': 'country_admin_region_nigeria::01'}}"
binary_lpm,model4_preferred_lpm,stunted,nigeria,country_admin_region_nigeria::33,0.07776551089400231,0.04797283007750807,-0.01625950829437335,0.171790530082378,0.10501069462302118,9410,1343,37,weight_original,cluster_robust_psu,True,"{'child_sex': {'reference': 'Male', 'reference_column': 'child_sex_Male'}, 'maternal_education': {'reference': 'No education', 'reference_column': 'maternal_education_No education'}, 'literacy': {'reference': 'Cannot read at all', 'reference_column': 'literacy_Cannot read at all'}, 'wealth_quintile': {'reference': 'Poorest', 'reference_column': 'wealth_quintile_Poorest'}, 'residence': {'reference': 'Rural', 'reference_column': 'residence_Rural'}, 'country_admin_region': {'reference': 'nigeria::01', 'reference_column': 'country_admin_region_nigeria::01'}}"
binary_lpm,model4_preferred_lpm,stunted,nigeria,country_admin_region_nigeria::34,-0.006737565197005163,0.04022893868155003,-0.08558483614911347,0.07210970575510314,0.8669919420000112,9410,1343,37,weight_original,cluster_robust_psu,True,"{'child_sex': {'reference': 'Male', 'reference_column': 'child_sex_Male'}, 'maternal_education': {'reference': 'No education', 'reference_column': 'maternal_education_No education'}, 'literacy': {'reference': 'Cannot read at all', 'reference_column': 'literacy_Cannot read at all'}, 'wealth_quintile': {'reference': 'Poorest', 'reference_column': 'wealth_quintile_Poorest'}, 'residence': {'reference': 'Rural', 'reference_column': 'residence_Rural'}, 'country_admin_region': {'reference': 'nigeria::01', 'reference_column': 'country_admin_region_nigeria::01'}}"
binary_lpm,model4_preferred_lpm,stunted,nigeria,country_admin_region_nigeria::35,0.03170671599541264,0.04925273626196002,-0.06482687321807894,0.12824030520890423,0.5197340451194934,9410,1343,37,weight_original,cluster_robust_psu,True,"{'child_sex': {'reference': 'Male', 'reference_column': 'child_sex_Male'}, 'maternal_education': {'reference': 'No education', 'reference_column': 'maternal_education_No education'}, 'literacy': {'reference': 'Cannot read at all', 'reference_column': 'literacy_Cannot read at all'}, 'wealth_quintile': {'reference': 'Poorest', 'reference_column': 'wealth_quintile_Poorest'}, 'residence': {'reference': 'Rural', 'reference_column': 'residence_Rural'}, 'country_admin_region': {'reference': 'nigeria::01', 'reference_column': 'country_admin_region_nigeria::01'}}"
binary_lpm,model4_preferred_lpm,stunted,nigeria,country_admin_region_nigeria::36,0.1778306637571982,0.05509496239418001,0.0698465217350167,0.2858148057793797,0.0012478459709424545,9410,1343,37,weight_original,cluster_robust_psu,True,"{'child_sex': {'reference': 'Male', 'reference_column': 'child_sex_Male'}, 'maternal_education': {'reference': 'No education', 'reference_column': 'maternal_education_No education'}, 'literacy': {'reference': 'Cannot read at all', 'reference_column': 'literacy_Cannot read at all'}, 'wealth_quintile': {'reference': 'Poorest', 'reference_column': 'wealth_quintile_Poorest'}, 'residence': {'reference': 'Rural', 'reference_column': 'residence_Rural'}, 'country_admin_region': {'reference': 'nigeria::01', 'reference_column': 'country_admin_region_nigeria::01'}}"
binary_lpm,model4_preferred_lpm,stunted,nigeria,country_admin_region_nigeria::37,0.04633375544253837,0.03874333277598552,-0.029601781439443475,0.12226929232452022,0.23172950303905138,9410,1343,37,weight_original,cluster_robust_psu,True,"{'child_sex': {'reference': 'Male', 'reference_column': 'child_sex_Male'}, 'maternal_education': {'reference': 'No education', 'reference_column': 'maternal_education_No education'}, 'literacy': {'reference': 'Cannot read at all', 'reference_column': 'literacy_Cannot read at all'}, 'wealth_quintile': {'reference': 'Poorest', 'reference_column': 'wealth_quintile_Poorest'}, 'residence': {'reference': 'Rural', 'reference_column': 'residence_Rural'}, 'country_admin_region': {'reference': 'nigeria::01', 'reference_column': 'country_admin_region_nigeria::01'}}"
binary_lpm,model4_preferred_lpm,wasted,pooled,const,0.11679793448795214,0.019503640022538675,0.07857150247634237,0.15502436649956192,2.117593604199273e-09,37088,4434,114,model_specific_equal_total_country_weight,cluster_robust_country_psu,True,"{'child_sex': {'reference': 'Male', 'reference_column': 'child_sex_Male'}, 'maternal_education': {'reference': 'No education', 'reference_column': 'maternal_education_No education'}, 'literacy': {'reference': 'Cannot read at all', 'reference_column': 'literacy_Cannot read at all'}, 'wealth_quintile': {'reference': 'Poorest', 'reference_column': 'wealth_quintile_Poorest'}, 'residence': {'reference': 'Rural', 'reference_column': 'residence_Rural'}, 'country_admin_region': {'reference': 'ethiopia::01', 'reference_column': 'country_admin_region_ethiopia::01'}}"
binary_lpm,model4_preferred_lpm,wasted,pooled,water_rate_loo,-0.0043629895892810105,0.007838443380274618,-0.01972605630947566,0.01100007713091364,0.5777909888696058,37088,4434,114,model_specific_equal_total_country_weight,cluster_robust_country_psu,True,"{'child_sex': {'reference': 'Male', 'reference_column': 'child_sex_Male'}, 'maternal_education': {'reference': 'No education', 'reference_column': 'maternal_education_No education'}, 'literacy': {'reference': 'Cannot read at all', 'reference_column': 'literacy_Cannot read at all'}, 'wealth_quintile': {'reference': 'Poorest', 'reference_column': 'wealth_quintile_Poorest'}, 'residence': {'reference': 'Rural', 'reference_column': 'residence_Rural'}, 'country_admin_region': {'reference': 'ethiopia::01', 'reference_column': 'country_admin_region_ethiopia::01'}}"
binary_lpm,model4_preferred_lpm,wasted,pooled,sanitation_rate_loo_core,-0.00248235299107073,0.010706149789960186,-0.02346602099248376,0.0185013150103423,0.8166449322805733,37088,4434,114,model_specific_equal_total_country_weight,cluster_robust_country_psu,True,"{'child_sex': {'reference': 'Male', 'reference_column': 'child_sex_Male'}, 'maternal_education': {'reference': 'No education', 'reference_column': 'maternal_education_No education'}, 'literacy': {'reference': 'Cannot read at all', 'reference_column': 'literacy_Cannot read at all'}, 'wealth_quintile': {'reference': 'Poorest', 'reference_column': 'wealth_quintile_Poorest'}, 'residence': {'reference': 'Rural', 'reference_column': 'residence_Rural'}, 'country_admin_region': {'reference': 'ethiopia::01', 'reference_column': 'country_admin_region_ethiopia::01'}}"
binary_lpm,model4_preferred_lpm,wasted,pooled,b19_raw,-0.0008970540345866228,0.00011789217568755821,-0.0011281184529933056,-0.0006659896161799402,2.7599881276939207e-14,37088,4434,114,model_specific_equal_total_country_weight,cluster_robust_country_psu,True,"{'child_sex': {'reference': 'Male', 'reference_column': 'child_sex_Male'}, 'maternal_education': {'reference': 'No education', 'reference_column': 'maternal_education_No education'}, 'literacy': {'reference': 'Cannot read at all', 'reference_column': 'literacy_Cannot read at all'}, 'wealth_quintile': {'reference': 'Poorest', 'reference_column': 'wealth_quintile_Poorest'}, 'residence': {'reference': 'Rural', 'reference_column': 'residence_Rural'}, 'country_admin_region': {'reference': 'ethiopia::01', 'reference_column': 'country_admin_region_ethiopia::01'}}"
binary_lpm,model4_preferred_lpm,wasted,pooled,birth_order_raw,-0.0014104659428302096,0.0015267841375899876,-0.0044029078646736315,0.0015819759790132125,0.35558269361384764,37088,4434,114,model_specific_equal_total_country_weight,cluster_robust_country_psu,True,"{'child_sex': {'reference': 'Male', 'reference_column': 'child_sex_Male'}, 'maternal_education': {'reference': 'No education', 'reference_column': 'maternal_education_No education'}, 'literacy': {'reference': 'Cannot read at all', 'reference_column': 'literacy_Cannot read at all'}, 'wealth_quintile': {'reference': 'Poorest', 'reference_column': 'wealth_quintile_Poorest'}, 'residence': {'reference': 'Rural', 'reference_column': 'residence_Rural'}, 'country_admin_region': {'reference': 'ethiopia::01', 'reference_column': 'country_admin_region_ethiopia::01'}}"
binary_lpm,model4_preferred_lpm,wasted,pooled,maternal_age,-7.75467149469411e-05,0.0005045449580668223,-0.0010664366613391844,0.0009113432314453023,0.8778491683637524,37088,4434,114,model_specific_equal_total_country_weight,cluster_robust_country_psu,True,"{'child_sex': {'reference': 'Male', 'reference_column': 'child_sex_Male'}, 'maternal_education': {'reference': 'No education', 'reference_column': 'maternal_education_No education'}, 'literacy': {'reference': 'Cannot read at all', 'reference_column': 'literacy_Cannot read at all'}, 'wealth_quintile': {'reference': 'Poorest', 'reference_column': 'wealth_quintile_Poorest'}, 'residence': {'reference': 'Rural', 'reference_column': 'residence_Rural'}, 'country_admin_region': {'reference': 'ethiopia::01', 'reference_column': 'country_admin_region_ethiopia::01'}}"
binary_lpm,model4_preferred_lpm,wasted,pooled,household_size_raw,0.00022976853678551435,0.0009007833835588793,-0.0015357344528620183,0.001995271526433047,0.7986641307947087,37088,4434,114,model_specific_equal_total_country_weight,cluster_robust_country_psu,True,"{'child_sex': {'reference': 'Male', 'reference_column': 'child_sex_Male'}, 'maternal_education': {'reference': 'No education', 'reference_column': 'maternal_education_No education'}, 'literacy': {'reference': 'Cannot read at all', 'reference_column': 'literacy_Cannot read at all'}, 'wealth_quintile': {'reference': 'Poorest', 'reference_column': 'wealth_quintile_Poorest'}, 'residence': {'reference': 'Rural', 'reference_column': 'residence_Rural'}, 'country_admin_region': {'reference': 'ethiopia::01', 'reference_column': 'country_admin_region_ethiopia::01'}}"
binary_lpm,model4_preferred_lpm,wasted,pooled,child_sex_Female,-0.013619603115821353,0.0038165432915199587,-0.021099890512638424,-0.006139315719004282,0.0003589345217787723,37088,4434,114,model_specific_equal_total_country_weight,cluster_robust_country_psu,True,"{'child_sex': {'reference': 'Male', 'reference_column': 'child_sex_Male'}, 'maternal_education': {'reference': 'No education', 'reference_column': 'maternal_education_No education'}, 'literacy': {'reference': 'Cannot read at all', 'reference_column': 'literacy_Cannot read at all'}, 'wealth_quintile': {'reference': 'Poorest', 'reference_column': 'wealth_quintile_Poorest'}, 'residence': {'reference': 'Rural', 'reference_column': 'residence_Rural'}, 'country_admin_region': {'reference': 'ethiopia::01', 'reference_column': 'country_admin_region_ethiopia::01'}}"
binary_lpm,model4_preferred_lpm,wasted,pooled,maternal_education_Higher,-0.02843304145808656,0.011291698349948026,-0.05056436354827505,-0.006301719367898074,0.011800714856010723,37088,4434,114,model_specific_equal_total_country_weight,cluster_robust_country_psu,True,"{'child_sex': {'reference': 'Male', 'reference_column': 'child_sex_Male'}, 'maternal_education': {'reference': 'No education', 'reference_column': 'maternal_education_No education'}, 'literacy': {'reference': 'Cannot read at all', 'reference_column': 'literacy_Cannot read at all'}, 'wealth_quintile': {'reference': 'Poorest', 'reference_column': 'wealth_quintile_Poorest'}, 'residence': {'reference': 'Rural', 'reference_column': 'residence_Rural'}, 'country_admin_region': {'reference': 'ethiopia::01', 'reference_column': 'country_admin_region_ethiopia::01'}}"
binary_lpm,model4_preferred_lpm,wasted,pooled,maternal_education_Primary,-0.013083416126818383,0.008343986032029216,-0.029437328237100917,0.003270495983464152,0.11687984496198527,37088,4434,114,model_specific_equal_total_country_weight,cluster_robust_country_psu,True,"{'child_sex': {'reference': 'Male', 'reference_column': 'child_sex_Male'}, 'maternal_education': {'reference': 'No education', 'reference_column': 'maternal_education_No education'}, 'literacy': {'reference': 'Cannot read at all', 'reference_column': 'literacy_Cannot read at all'}, 'wealth_quintile': {'reference': 'Poorest', 'reference_column': 'wealth_quintile_Poorest'}, 'residence': {'reference': 'Rural', 'reference_column': 'residence_Rural'}, 'country_admin_region': {'reference': 'ethiopia::01', 'reference_column': 'country_admin_region_ethiopia::01'}}"
binary_lpm,model4_preferred_lpm,wasted,pooled,maternal_education_Secondary,-0.019616030649220823,0.009935578315556996,-0.03908940631328967,-0.0001426549851519729,0.04834514319932589,37088,4434,114,model_specific_equal_total_country_weight,cluster_robust_country_psu,True,"{'child_sex': {'reference': 'Male', 'reference_column': 'child_sex_Male'}, 'maternal_education': {'reference': 'No education', 'reference_column': 'maternal_education_No education'}, 'literacy': {'reference': 'Cannot read at all', 'reference_column': 'literacy_Cannot read at all'}, 'wealth_quintile': {'reference': 'Poorest', 'reference_column': 'wealth_quintile_Poorest'}, 'residence': {'reference': 'Rural', 'reference_column': 'residence_Rural'}, 'country_admin_region': {'reference': 'ethiopia::01', 'reference_column': 'country_admin_region_ethiopia::01'}}"
binary_lpm,model4_preferred_lpm,wasted,pooled,literacy_Able to read only parts of sentence,-0.009254612636011536,0.007738884584051189,-0.024422547701264105,0.005913322429241032,0.23175169533943574,37088,4434,114,model_specific_equal_total_country_weight,cluster_robust_country_psu,True,"{'child_sex': {'reference': 'Male', 'reference_column': 'child_sex_Male'}, 'maternal_education': {'reference': 'No education', 'reference_column': 'maternal_education_No education'}, 'literacy': {'reference': 'Cannot read at all', 'reference_column': 'literacy_Cannot read at all'}, 'wealth_quintile': {'reference': 'Poorest', 'reference_column': 'wealth_quintile_Poorest'}, 'residence': {'reference': 'Rural', 'reference_column': 'residence_Rural'}, 'country_admin_region': {'reference': 'ethiopia::01', 'reference_column': 'country_admin_region_ethiopia::01'}}"
binary_lpm,model4_preferred_lpm,wasted,pooled,literacy_Able to read whole sentence,-0.010281576163161096,0.008016744966673277,-0.025994107571083475,0.005430955244761282,0.19966289950425864,37088,4434,114,model_specific_equal_total_country_weight,cluster_robust_country_psu,True,"{'child_sex': {'reference': 'Male', 'reference_column': 'child_sex_Male'}, 'maternal_education': {'reference': 'No education', 'reference_column': 'maternal_education_No education'}, 'literacy': {'reference': 'Cannot read at all', 'reference_column': 'literacy_Cannot read at all'}, 'wealth_quintile': {'reference': 'Poorest', 'reference_column': 'wealth_quintile_Poorest'}, 'residence': {'reference': 'Rural', 'reference_column': 'residence_Rural'}, 'country_admin_region': {'reference': 'ethiopia::01', 'reference_column': 'country_admin_region_ethiopia::01'}}"
binary_lpm,model4_preferred_lpm,wasted,pooled,literacy_Blind/visually impaired,-0.05043316359246128,0.01652131215153591,-0.08281434038681561,-0.018051986798106948,0.002268586956112754,37088,4434,114,model_specific_equal_total_country_weight,cluster_robust_country_psu,True,"{'child_sex': {'reference': 'Male', 'reference_column': 'child_sex_Male'}, 'maternal_education': {'reference': 'No education', 'reference_column': 'maternal_education_No education'}, 'literacy': {'reference': 'Cannot read at all', 'reference_column': 'literacy_Cannot read at all'}, 'wealth_quintile': {'reference': 'Poorest', 'reference_column': 'wealth_quintile_Poorest'}, 'residence': {'reference': 'Rural', 'reference_column': 'residence_Rural'}, 'country_admin_region': {'reference': 'ethiopia::01', 'reference_column': 'country_admin_region_ethiopia::01'}}"
binary_lpm,model4_preferred_lpm,wasted,pooled,literacy_No card with required language,-0.058599370084044845,0.009285856682027992,-0.07679931474642032,-0.040399425421669376,2.7794744391524863e-10,37088,4434,114,model_specific_equal_total_country_weight,cluster_robust_country_psu,True,"{'child_sex': {'reference': 'Male', 'reference_column': 'child_sex_Male'}, 'maternal_education': {'reference': 'No education', 'reference_column': 'maternal_education_No education'}, 'literacy': {'reference': 'Cannot read at all', 'reference_column': 'literacy_Cannot read at all'}, 'wealth_quintile': {'reference': 'Poorest', 'reference_column': 'wealth_quintile_Poorest'}, 'residence': {'reference': 'Rural', 'reference_column': 'residence_Rural'}, 'country_admin_region': {'reference': 'ethiopia::01', 'reference_column': 'country_admin_region_ethiopia::01'}}"
binary_lpm,model4_preferred_lpm,wasted,pooled,wealth_quintile_Middle,-0.01983892652060928,0.0072556742014627555,-0.034059786639032696,-0.005618066402185864,0.006251995388231316,37088,4434,114,model_specific_equal_total_country_weight,cluster_robust_country_psu,True,"{'child_sex': {'reference': 'Male', 'reference_column': 'child_sex_Male'}, 'maternal_education': {'reference': 'No education', 'reference_column': 'maternal_education_No education'}, 'literacy': {'reference': 'Cannot read at all', 'reference_column': 'literacy_Cannot read at all'}, 'wealth_quintile': {'reference': 'Poorest', 'reference_column': 'wealth_quintile_Poorest'}, 'residence': {'reference': 'Rural', 'reference_column': 'residence_Rural'}, 'country_admin_region': {'reference': 'ethiopia::01', 'reference_column': 'country_admin_region_ethiopia::01'}}"
binary_lpm,model4_preferred_lpm,wasted,pooled,wealth_quintile_Poorer,-0.01004263094791833,0.006565939680547538,-0.022911636246453933,0.0028263743506172744,0.12613955036619476,37088,4434,114,model_specific_equal_total_country_weight,cluster_robust_country_psu,True,"{'child_sex': {'reference': 'Male', 'reference_column': 'child_sex_Male'}, 'maternal_education': {'reference': 'No education', 'reference_column': 'maternal_education_No education'}, 'literacy': {'reference': 'Cannot read at all', 'reference_column': 'literacy_Cannot read at all'}, 'wealth_quintile': {'reference': 'Poorest', 'reference_column': 'wealth_quintile_Poorest'}, 'residence': {'reference': 'Rural', 'reference_column': 'residence_Rural'}, 'country_admin_region': {'reference': 'ethiopia::01', 'reference_column': 'country_admin_region_ethiopia::01'}}"
binary_lpm,model4_preferred_lpm,wasted,pooled,wealth_quintile_Richer,-0.013506243887147065,0.00868373755028916,-0.030526056736911895,0.003513568962617765,0.11986293570532919,37088,4434,114,model_specific_equal_total_country_weight,cluster_robust_country_psu,True,"{'child_sex': {'reference': 'Male', 'reference_column': 'child_sex_Male'}, 'maternal_education': {'reference': 'No education', 'reference_column': 'maternal_education_No education'}, 'literacy': {'reference': 'Cannot read at all', 'reference_column': 'literacy_Cannot read at all'}, 'wealth_quintile': {'reference': 'Poorest', 'reference_column': 'wealth_quintile_Poorest'}, 'residence': {'reference': 'Rural', 'reference_column': 'residence_Rural'}, 'country_admin_region': {'reference': 'ethiopia::01', 'reference_column': 'country_admin_region_ethiopia::01'}}"
binary_lpm,model4_preferred_lpm,wasted,pooled,wealth_quintile_Richest,-0.013340590536174502,0.010972342687336207,-0.0348459870293849,0.008164805957035894,0.2240466626456573,37088,4434,114,model_specific_equal_total_country_weight,cluster_robust_country_psu,True,"{'child_sex': {'reference': 'Male', 'reference_column': 'child_sex_Male'}, 'maternal_education': {'reference': 'No education', 'reference_column': 'maternal_education_No education'}, 'literacy': {'reference': 'Cannot read at all', 'reference_column': 'literacy_Cannot read at all'}, 'wealth_quintile': {'reference': 'Poorest', 'reference_column': 'wealth_quintile_Poorest'}, 'residence': {'reference': 'Rural', 'reference_column': 'residence_Rural'}, 'country_admin_region': {'reference': 'ethiopia::01', 'reference_column': 'country_admin_region_ethiopia::01'}}"
binary_lpm,model4_preferred_lpm,wasted,pooled,residence_Urban,0.012589053262480207,0.0058717603659691605,0.0010806144193309247,0.02409749210562949,0.03203289991433759,37088,4434,114,model_specific_equal_total_country_weight,cluster_robust_country_psu,True,"{'child_sex': {'reference': 'Male', 'reference_column': 'child_sex_Male'}, 'maternal_education': {'reference': 'No education', 'reference_column': 'maternal_education_No education'}, 'literacy': {'reference': 'Cannot read at all', 'reference_column': 'literacy_Cannot read at all'}, 'wealth_quintile': {'reference': 'Poorest', 'reference_column': 'wealth_quintile_Poorest'}, 'residence': {'reference': 'Rural', 'reference_column': 'residence_Rural'}, 'country_admin_region': {'reference': 'ethiopia::01', 'reference_column': 'country_admin_region_ethiopia::01'}}"
binary_lpm,model4_preferred_lpm,wasted,pooled,country_admin_region_ethiopia::02,0.03880470828457679,0.018644444306616454,0.002262268931845682,0.0753471476373079,0.037406325894960984,37088,4434,114,model_specific_equal_total_country_weight,cluster_robust_country_psu,True,"{'child_sex': {'reference': 'Male', 'reference_column': 'child_sex_Male'}, 'maternal_education': {'reference': 'No education', 'reference_column': 'maternal_education_No education'}, 'literacy': {'reference': 'Cannot read at all', 'reference_column': 'literacy_Cannot read at all'}, 'wealth_quintile': {'reference': 'Poorest', 'reference_column': 'wealth_quintile_Poorest'}, 'residence': {'reference': 'Rural', 'reference_column': 'residence_Rural'}, 'country_admin_region': {'reference': 'ethiopia::01', 'reference_column': 'country_admin_region_ethiopia::01'}}"
binary_lpm,model4_preferred_lpm,wasted,pooled,country_admin_region_ethiopia::03,0.002024467346568344,0.015533104969627077,-0.028419858961980855,0.032468793655117546,0.8963034219058656,37088,4434,114,model_specific_equal_total_country_weight,cluster_robust_country_psu,True,"{'child_sex': {'reference': 'Male', 'reference_column': 'child_sex_Male'}, 'maternal_education': {'reference': 'No education', 'reference_column': 'maternal_education_No education'}, 'literacy': {'reference': 'Cannot read at all', 'reference_column': 'literacy_Cannot read at all'}, 'wealth_quintile': {'reference': 'Poorest', 'reference_column': 'wealth_quintile_Poorest'}, 'residence': {'reference': 'Rural', 'reference_column': 'residence_Rural'}, 'country_admin_region': {'reference': 'ethiopia::01', 'reference_column': 'country_admin_region_ethiopia::01'}}"
binary_lpm,model4_preferred_lpm,wasted,pooled,country_admin_region_ethiopia::04,-0.01140714813059712,0.015619622325221441,-0.04202104534014892,0.019206749078954678,0.4652014310694197,37088,4434,114,model_specific_equal_total_country_weight,cluster_robust_country_psu,True,"{'child_sex': {'reference': 'Male', 'reference_column': 'child_sex_Male'}, 'maternal_education': {'reference': 'No education', 'reference_column': 'maternal_education_No education'}, 'literacy': {'reference': 'Cannot read at all', 'reference_column': 'literacy_Cannot read at all'}, 'wealth_quintile': {'reference': 'Poorest', 'reference_column': 'wealth_quintile_Poorest'}, 'residence': {'reference': 'Rural', 'reference_column': 'residence_Rural'}, 'country_admin_region': {'reference': 'ethiopia::01', 'reference_column': 'country_admin_region_ethiopia::01'}}"
binary_lpm,model4_preferred_lpm,wasted,pooled,country_admin_region_ethiopia::05,0.06685321050584975,0.01981314616540997,0.02802015760121833,0.10568626341048117,0.0007403473107764557,37088,4434,114,model_specific_equal_total_country_weight,cluster_robust_country_psu,True,"{'child_sex': {'reference': 'Male', 'reference_column': 'child_sex_Male'}, 'maternal_education': {'reference': 'No education', 'reference_column': 'maternal_education_No education'}, 'literacy': {'reference': 'Cannot read at all', 'reference_column': 'literacy_Cannot read at all'}, 'wealth_quintile': {'reference': 'Poorest', 'reference_column': 'wealth_quintile_Poorest'}, 'residence': {'reference': 'Rural', 'reference_column': 'residence_Rural'}, 'country_admin_region': {'reference': 'ethiopia::01', 'reference_column': 'country_admin_region_ethiopia::01'}}"
binary_lpm,model4_preferred_lpm,wasted,pooled,country_admin_region_ethiopia::06,-0.010252222401609131,0.0156689043735191,-0.0409627106509087,0.020458265847690442,0.5129161504597273,37088,4434,114,model_specific_equal_total_country_weight,cluster_robust_country_psu,True,"{'child_sex': {'reference': 'Male', 'reference_column': 'child_sex_Male'}, 'maternal_education': {'reference': 'No education', 'reference_column': 'maternal_education_No education'}, 'literacy': {'reference': 'Cannot read at all', 'reference_column': 'literacy_Cannot read at all'}, 'wealth_quintile': {'reference': 'Poorest', 'reference_column': 'wealth_quintile_Poorest'}, 'residence': {'reference': 'Rural', 'reference_column': 'residence_Rural'}, 'country_admin_region': {'reference': 'ethiopia::01', 'reference_column': 'country_admin_region_ethiopia::01'}}"
binary_lpm,model4_preferred_lpm,wasted,pooled,country_admin_region_ethiopia::07,-0.010382223684622547,0.016577234672765184,-0.04287300660651094,0.02210855923726584,0.5311220786560122,37088,4434,114,model_specific_equal_total_country_weight,cluster_robust_country_psu,True,"{'child_sex': {'reference': 'Male', 'reference_column': 'child_sex_Male'}, 'maternal_education': {'reference': 'No education', 'reference_column': 'maternal_education_No education'}, 'literacy': {'reference': 'Cannot read at all', 'reference_column': 'literacy_Cannot read at all'}, 'wealth_quintile': {'reference': 'Poorest', 'reference_column': 'wealth_quintile_Poorest'}, 'residence': {'reference': 'Rural', 'reference_column': 'residence_Rural'}, 'country_admin_region': {'reference': 'ethiopia::01', 'reference_column': 'country_admin_region_ethiopia::01'}}"
binary_lpm,model4_preferred_lpm,wasted,pooled,country_admin_region_ethiopia::08,-0.006939849069137952,0.017069936829583587,-0.040396310473495615,0.026516612335219715,0.684335675653815,37088,4434,114,model_specific_equal_total_country_weight,cluster_robust_country_psu,True,"{'child_sex': {'reference': 'Male', 'reference_column': 'child_sex_Male'}, 'maternal_education': {'reference': 'No education', 'reference_column': 'maternal_education_No education'}, 'literacy': {'reference': 'Cannot read at all', 'reference_column': 'literacy_Cannot read at all'}, 'wealth_quintile': {'reference': 'Poorest', 'reference_column': 'wealth_quintile_Poorest'}, 'residence': {'reference': 'Rural', 'reference_column': 'residence_Rural'}, 'country_admin_region': {'reference': 'ethiopia::01', 'reference_column': 'country_admin_region_ethiopia::01'}}"
binary_lpm,model4_preferred_lpm,wasted,pooled,country_admin_region_ethiopia::09,-0.023501249153636695,0.016670380796076082,-0.05617459512251397,0.009172096815240581,0.1586103288658558,37088,4434,114,model_specific_equal_total_country_weight,cluster_robust_country_psu,True,"{'child_sex': {'reference': 'Male', 'reference_column': 'child_sex_Male'}, 'maternal_education': {'reference': 'No education', 'reference_column': 'maternal_education_No education'}, 'literacy': {'reference': 'Cannot read at all', 'reference_column': 'literacy_Cannot read at all'}, 'wealth_quintile': {'reference': 'Poorest', 'reference_column': 'wealth_quintile_Poorest'}, 'residence': {'reference': 'Rural', 'reference_column': 'residence_Rural'}, 'country_admin_region': {'reference': 'ethiopia::01', 'reference_column': 'country_admin_region_ethiopia::01'}}"
binary_lpm,model4_preferred_lpm,wasted,pooled,country_admin_region_ethiopia::10,-0.0015002933760118894,0.018651598230402393,-0.03805675416171159,0.03505616740968781,0.9358890707244332,37088,4434,114,model_specific_equal_total_country_weight,cluster_robust_country_psu,True,"{'child_sex': {'reference': 'Male', 'reference_column': 'child_sex_Male'}, 'maternal_education': {'reference': 'No education', 'reference_column': 'maternal_education_No education'}, 'literacy': {'reference': 'Cannot read at all', 'reference_column': 'literacy_Cannot read at all'}, 'wealth_quintile': {'reference': 'Poorest', 'reference_column': 'wealth_quintile_Poorest'}, 'residence': {'reference': 'Rural', 'reference_column': 'residence_Rural'}, 'country_admin_region': {'reference': 'ethiopia::01', 'reference_column': 'country_admin_region_ethiopia::01'}}"
binary_lpm,model4_preferred_lpm,wasted,pooled,country_admin_region_ethiopia::12,0.08430935657837203,0.02382162503458933,0.03761982945735923,0.13099888369938484,0.0004013505140282871,37088,4434,114,model_specific_equal_total_country_weight,cluster_robust_country_psu,True,"{'child_sex': {'reference': 'Male', 'reference_column': 'child_sex_Male'}, 'maternal_education': {'reference': 'No education', 'reference_column': 'maternal_education_No education'}, 'literacy': {'reference': 'Cannot read at all', 'reference_column': 'literacy_Cannot read at all'}, 'wealth_quintile': {'reference': 'Poorest', 'reference_column': 'wealth_quintile_Poorest'}, 'residence': {'reference': 'Rural', 'reference_column': 'residence_Rural'}, 'country_admin_region': {'reference': 'ethiopia::01', 'reference_column': 'country_admin_region_ethiopia::01'}}"
binary_lpm,model4_preferred_lpm,wasted,pooled,country_admin_region_ethiopia::13,-0.02090009886937242,0.017333889835751022,-0.054873898659429335,0.013073700920684495,0.22791921326374787,37088,4434,114,model_specific_equal_total_country_weight,cluster_robust_country_psu,True,"{'child_sex': {'reference': 'Male', 'reference_column': 'child_sex_Male'}, 'maternal_education': {'reference': 'No education', 'reference_column': 'maternal_education_No education'}, 'literacy': {'reference': 'Cannot read at all', 'reference_column': 'literacy_Cannot read at all'}, 'wealth_quintile': {'reference': 'Poorest', 'reference_column': 'wealth_quintile_Poorest'}, 'residence': {'reference': 'Rural', 'reference_column': 'residence_Rural'}, 'country_admin_region': {'reference': 'ethiopia::01', 'reference_column': 'country_admin_region_ethiopia::01'}}"
binary_lpm,model4_preferred_lpm,wasted,pooled,country_admin_region_ethiopia::14,-0.018094511813686615,0.0175494191366132,-0.0524907412710465,0.016301717643673264,0.30251247778666246,37088,4434,114,model_specific_equal_total_country_weight,cluster_robust_country_psu,True,"{'child_sex': {'reference': 'Male', 'reference_column': 'child_sex_Male'}, 'maternal_education': {'reference': 'No education', 'reference_column': 'maternal_education_No education'}, 'literacy': {'reference': 'Cannot read at all', 'reference_column': 'literacy_Cannot read at all'}, 'wealth_quintile': {'reference': 'Poorest', 'reference_column': 'wealth_quintile_Poorest'}, 'residence': {'reference': 'Rural', 'reference_column': 'residence_Rural'}, 'country_admin_region': {'reference': 'ethiopia::01', 'reference_column': 'country_admin_region_ethiopia::01'}}"
binary_lpm,model4_preferred_lpm,wasted,pooled,country_admin_region_ethiopia::15,0.016245760487256674,0.02223705952444525,-0.027338075302729397,0.05982959627724274,0.46504096505749626,37088,4434,114,model_specific_equal_total_country_weight,cluster_robust_country_psu,True,"{'child_sex': {'reference': 'Male', 'reference_column': 'child_sex_Male'}, 'maternal_education': {'reference': 'No education', 'reference_column': 'maternal_education_No education'}, 'literacy': {'reference': 'Cannot read at all', 'reference_column': 'literacy_Cannot read at all'}, 'wealth_quintile': {'reference': 'Poorest', 'reference_column': 'wealth_quintile_Poorest'}, 'residence': {'reference': 'Rural', 'reference_column': 'residence_Rural'}, 'country_admin_region': {'reference': 'ethiopia::01', 'reference_column': 'country_admin_region_ethiopia::01'}}"
binary_lpm,model4_preferred_lpm,wasted,pooled,country_admin_region_ghana::01,0.010535388451232093,0.01799236845885418,-0.024729005724696537,0.04579978262716072,0.5581795597107798,37088,4434,114,model_specific_equal_total_country_weight,cluster_robust_country_psu,True,"{'child_sex': {'reference': 'Male', 'reference_column': 'child_sex_Male'}, 'maternal_education': {'reference': 'No education', 'reference_column': 'maternal_education_No education'}, 'literacy': {'reference': 'Cannot read at all', 'reference_column': 'literacy_Cannot read at all'}, 'wealth_quintile': {'reference': 'Poorest', 'reference_column': 'wealth_quintile_Poorest'}, 'residence': {'reference': 'Rural', 'reference_column': 'residence_Rural'}, 'country_admin_region': {'reference': 'ethiopia::01', 'reference_column': 'country_admin_region_ethiopia::01'}}"
binary_lpm,model4_preferred_lpm,wasted,pooled,country_admin_region_ghana::02,0.03577960433240974,0.021707363846515282,-0.006766047006067068,0.07832525567088655,0.0992972050285635,37088,4434,114,model_specific_equal_total_country_weight,cluster_robust_country_psu,True,"{'child_sex': {'reference': 'Male', 'reference_column': 'child_sex_Male'}, 'maternal_education': {'reference': 'No education', 'reference_column': 'maternal_education_No education'}, 'literacy': {'reference': 'Cannot read at all', 'reference_column': 'literacy_Cannot read at all'}, 'wealth_quintile': {'reference': 'Poorest', 'reference_column': 'wealth_quintile_Poorest'}, 'residence': {'reference': 'Rural', 'reference_column': 'residence_Rural'}, 'country_admin_region': {'reference': 'ethiopia::01', 'reference_column': 'country_admin_region_ethiopia::01'}}"
binary_lpm,model4_preferred_lpm,wasted,pooled,country_admin_region_ghana::03,0.0057783308154704454,0.02598248227059151,-0.0451463986638394,0.05670306029478029,0.8240077018665593,37088,4434,114,model_specific_equal_total_country_weight,cluster_robust_country_psu,True,"{'child_sex': {'reference': 'Male', 'reference_column': 'child_sex_Male'}, 'maternal_education': {'reference': 'No education', 'reference_column': 'maternal_education_No education'}, 'literacy': {'reference': 'Cannot read at all', 'reference_column': 'literacy_Cannot read at all'}, 'wealth_quintile': {'reference': 'Poorest', 'reference_column': 'wealth_quintile_Poorest'}, 'residence': {'reference': 'Rural', 'reference_column': 'residence_Rural'}, 'country_admin_region': {'reference': 'ethiopia::01', 'reference_column': 'country_admin_region_ethiopia::01'}}"
binary_lpm,model4_preferred_lpm,wasted,pooled,country_admin_region_ghana::04,0.04124082537063975,0.02464723612900158,-0.007066869760657762,0.08954852050193726,0.09427938823936023,37088,4434,114,model_specific_equal_total_country_weight,cluster_robust_country_psu,True,"{'child_sex': {'reference': 'Male', 'reference_column': 'child_sex_Male'}, 'maternal_education': {'reference': 'No education', 'reference_column': 'maternal_education_No education'}, 'literacy': {'reference': 'Cannot read at all', 'reference_column': 'literacy_Cannot read at all'}, 'wealth_quintile': {'reference': 'Poorest', 'reference_column': 'wealth_quintile_Poorest'}, 'residence': {'reference': 'Rural', 'reference_column': 'residence_Rural'}, 'country_admin_region': {'reference': 'ethiopia::01', 'reference_column': 'country_admin_region_ethiopia::01'}}"
binary_lpm,model4_preferred_lpm,wasted,pooled,country_admin_region_ghana::05,-0.002193520991772193,0.020180347777250203,-0.04174627583067553,0.037359233847131135,0.9134436967514938,37088,4434,114,model_specific_equal_total_country_weight,cluster_robust_country_psu,True,"{'child_sex': {'reference': 'Male', 'reference_column': 'child_sex_Male'}, 'maternal_education': {'reference': 'No education', 'reference_column': 'maternal_education_No education'}, 'literacy': {'reference': 'Cannot read at all', 'reference_column': 'literacy_Cannot read at all'}, 'wealth_quintile': {'reference': 'Poorest', 'reference_column': 'wealth_quintile_Poorest'}, 'residence': {'reference': 'Rural', 'reference_column': 'residence_Rural'}, 'country_admin_region': {'reference': 'ethiopia::01', 'reference_column': 'country_admin_region_ethiopia::01'}}"
binary_lpm,model4_preferred_lpm,wasted,pooled,country_admin_region_ghana::06,0.03685501195284512,0.018897752869373913,-0.0001839030598662153,0.07389392696555647,0.05114841296641734,37088,4434,114,model_specific_equal_total_country_weight,cluster_robust_country_psu,True,"{'child_sex': {'reference': 'Male', 'reference_column': 'child_sex_Male'}, 'maternal_education': {'reference': 'No education', 'reference_column': 'maternal_education_No education'}, 'literacy': {'reference': 'Cannot read at all', 'reference_column': 'literacy_Cannot read at all'}, 'wealth_quintile': {'reference': 'Poorest', 'reference_column': 'wealth_quintile_Poorest'}, 'residence': {'reference': 'Rural', 'reference_column': 'residence_Rural'}, 'country_admin_region': {'reference': 'ethiopia::01', 'reference_column': 'country_admin_region_ethiopia::01'}}"
binary_lpm,model4_preferred_lpm,wasted,pooled,country_admin_region_ghana::07,-0.030479018021089356,0.01601944675613111,-0.06187655671536333,0.0009185206731846182,0.05708934679032009,37088,4434,114,model_specific_equal_total_country_weight,cluster_robust_country_psu,True,"{'child_sex': {'reference': 'Male', 'reference_column': 'child_sex_Male'}, 'maternal_education': {'reference': 'No education', 'reference_column': 'maternal_education_No education'}, 'literacy': {'reference': 'Cannot read at all', 'reference_column': 'literacy_Cannot read at all'}, 'wealth_quintile': {'reference': 'Poorest', 'reference_column': 'wealth_quintile_Poorest'}, 'residence': {'reference': 'Rural', 'reference_column': 'residence_Rural'}, 'country_admin_region': {'reference': 'ethiopia::01', 'reference_column': 'country_admin_region_ethiopia::01'}}"
binary_lpm,model4_preferred_lpm,wasted,pooled,country_admin_region_ghana::08,-0.00966704964919286,0.020010454937903772,-0.04888682064174593,0.029552721343360216,0.6290247742103456,37088,4434,114,model_specific_equal_total_country_weight,cluster_robust_country_psu,True,"{'child_sex': {'reference': 'Male', 'reference_column': 'child_sex_Male'}, 'maternal_education': {'reference': 'No education', 'reference_column': 'maternal_education_No education'}, 'literacy': {'reference': 'Cannot read at all', 'reference_column': 'literacy_Cannot read at all'}, 'wealth_quintile': {'reference': 'Poorest', 'reference_column': 'wealth_quintile_Poorest'}, 'residence': {'reference': 'Rural', 'reference_column': 'residence_Rural'}, 'country_admin_region': {'reference': 'ethiopia::01', 'reference_column': 'country_admin_region_ethiopia::01'}}"
binary_lpm,model4_preferred_lpm,wasted,pooled,country_admin_region_ghana::09,-0.008321714720515653,0.02297926829389079,-0.053360252967624776,0.036716823526593466,0.717247332371674,37088,4434,114,model_specific_equal_total_country_weight,cluster_robust_country_psu,True,"{'child_sex': {'reference': 'Male', 'reference_column': 'child_sex_Male'}, 'maternal_education': {'reference': 'No education', 'reference_column': 'maternal_education_No education'}, 'literacy': {'reference': 'Cannot read at all', 'reference_column': 'literacy_Cannot read at all'}, 'wealth_quintile': {'reference': 'Poorest', 'reference_column': 'wealth_quintile_Poorest'}, 'residence': {'reference': 'Rural', 'reference_column': 'residence_Rural'}, 'country_admin_region': {'reference': 'ethiopia::01', 'reference_column': 'country_admin_region_ethiopia::01'}}"
binary_lpm,model4_preferred_lpm,wasted,pooled,country_admin_region_ghana::10,-0.0013957543927275175,0.019923838671020187,-0.040445760621713456,0.03765425183625842,0.9441502879499478,37088,4434,114,model_specific_equal_total_country_weight,cluster_robust_country_psu,True,"{'child_sex': {'reference': 'Male', 'reference_column': 'child_sex_Male'}, 'maternal_education': {'reference': 'No education', 'reference_column': 'maternal_education_No education'}, 'literacy': {'reference': 'Cannot read at all', 'reference_column': 'literacy_Cannot read at all'}, 'wealth_quintile': {'reference': 'Poorest', 'reference_column': 'wealth_quintile_Poorest'}, 'residence': {'reference': 'Rural', 'reference_column': 'residence_Rural'}, 'country_admin_region': {'reference': 'ethiopia::01', 'reference_column': 'country_admin_region_ethiopia::01'}}"
binary_lpm,model4_preferred_lpm,wasted,pooled,country_admin_region_ghana::11,0.014080239367229951,0.020255330221611596,-0.025619478362094487,0.053779957096554386,0.4869691434216339,37088,4434,114,model_specific_equal_total_country_weight,cluster_robust_country_psu,True,"{'child_sex': {'reference': 'Male', 'reference_column': 'child_sex_Male'}, 'maternal_education': {'reference': 'No education', 'reference_column': 'maternal_education_No education'}, 'literacy': {'reference': 'Cannot read at all', 'reference_column': 'literacy_Cannot read at all'}, 'wealth_quintile': {'reference': 'Poorest', 'reference_column': 'wealth_quintile_Poorest'}, 'residence': {'reference': 'Rural', 'reference_column': 'residence_Rural'}, 'country_admin_region': {'reference': 'ethiopia::01', 'reference_column': 'country_admin_region_ethiopia::01'}}"
binary_lpm,model4_preferred_lpm,wasted,pooled,country_admin_region_ghana::12,0.012307885067384564,0.018236786651121058,-0.023435559962553535,0.04805133009732267,0.4997435595473527,37088,4434,114,model_specific_equal_total_country_weight,cluster_robust_country_psu,True,"{'child_sex': {'reference': 'Male', 'reference_column': 'child_sex_Male'}, 'maternal_education': {'reference': 'No education', 'reference_column': 'maternal_education_No education'}, 'literacy': {'reference': 'Cannot read at all', 'reference_column': 'literacy_Cannot read at all'}, 'wealth_quintile': {'reference': 'Poorest', 'reference_column': 'wealth_quintile_Poorest'}, 'residence': {'reference': 'Rural', 'reference_column': 'residence_Rural'}, 'country_admin_region': {'reference': 'ethiopia::01', 'reference_column': 'country_admin_region_ethiopia::01'}}"
binary_lpm,model4_preferred_lpm,wasted,pooled,country_admin_region_ghana::13,-0.01577332537066335,0.01700979735613745,-0.049111915573017376,0.017565264831690682,0.3537665135875655,37088,4434,114,model_specific_equal_total_country_weight,cluster_robust_country_psu,True,"{'child_sex': {'reference': 'Male', 'reference_column': 'child_sex_Male'}, 'maternal_education': {'reference': 'No education', 'reference_column': 'maternal_education_No education'}, 'literacy': {'reference': 'Cannot read at all', 'reference_column': 'literacy_Cannot read at all'}, 'wealth_quintile': {'reference': 'Poorest', 'reference_column': 'wealth_quintile_Poorest'}, 'residence': {'reference': 'Rural', 'reference_column': 'residence_Rural'}, 'country_admin_region': {'reference': 'ethiopia::01', 'reference_column': 'country_admin_region_ethiopia::01'}}"
binary_lpm,model4_preferred_lpm,wasted,pooled,country_admin_region_ghana::14,0.01506973149643186,0.017562980915996305,-0.019353078560085186,0.04949254155294891,0.3908706483414738,37088,4434,114,model_specific_equal_total_country_weight,cluster_robust_country_psu,True,"{'child_sex': {'reference': 'Male', 'reference_column': 'child_sex_Male'}, 'maternal_education': {'reference': 'No education', 'reference_column': 'maternal_education_No education'}, 'literacy': {'reference': 'Cannot read at all', 'reference_column': 'literacy_Cannot read at all'}, 'wealth_quintile': {'reference': 'Poorest', 'reference_column': 'wealth_quintile_Poorest'}, 'residence': {'reference': 'Rural', 'reference_column': 'residence_Rural'}, 'country_admin_region': {'reference': 'ethiopia::01', 'reference_column': 'country_admin_region_ethiopia::01'}}"
binary_lpm,model4_preferred_lpm,wasted,pooled,country_admin_region_ghana::15,-0.02876536063044944,0.016360433900179522,-0.06083122184624947,0.0033005005853505923,0.07870885117286225,37088,4434,114,model_specific_equal_total_country_weight,cluster_robust_country_psu,True,"{'child_sex': {'reference': 'Male', 'reference_column': 'child_sex_Male'}, 'maternal_education': {'reference': 'No education', 'reference_column': 'maternal_education_No education'}, 'literacy': {'reference': 'Cannot read at all', 'reference_column': 'literacy_Cannot read at all'}, 'wealth_quintile': {'reference': 'Poorest', 'reference_column': 'wealth_quintile_Poorest'}, 'residence': {'reference': 'Rural', 'reference_column': 'residence_Rural'}, 'country_admin_region': {'reference': 'ethiopia::01', 'reference_column': 'country_admin_region_ethiopia::01'}}"
binary_lpm,model4_preferred_lpm,wasted,pooled,country_admin_region_ghana::16,0.01117250551365811,0.019330748304916098,-0.026715064958186145,0.04906007598550236,0.5632874151826325,37088,4434,114,model_specific_equal_total_country_weight,cluster_robust_country_psu,True,"{'child_sex': {'reference': 'Male', 'reference_column': 'child_sex_Male'}, 'maternal_education': {'reference': 'No education', 'reference_column': 'maternal_education_No education'}, 'literacy': {'reference': 'Cannot read at all', 'reference_column': 'literacy_Cannot read at all'}, 'wealth_quintile': {'reference': 'Poorest', 'reference_column': 'wealth_quintile_Poorest'}, 'residence': {'reference': 'Rural', 'reference_column': 'residence_Rural'}, 'country_admin_region': {'reference': 'ethiopia::01', 'reference_column': 'country_admin_region_ethiopia::01'}}"
binary_lpm,model4_preferred_lpm,wasted,pooled,country_admin_region_kenya::01,0.0028492248629366887,0.018778481284719418,-0.033955922139472815,0.0396543718653462,0.8794013269389859,37088,4434,114,model_specific_equal_total_country_weight,cluster_robust_country_psu,True,"{'child_sex': {'reference': 'Male', 'reference_column': 'child_sex_Male'}, 'maternal_education': {'reference': 'No education', 'reference_column': 'maternal_education_No education'}, 'literacy': {'reference': 'Cannot read at all', 'reference_column': 'literacy_Cannot read at all'}, 'wealth_quintile': {'reference': 'Poorest', 'reference_column': 'wealth_quintile_Poorest'}, 'residence': {'reference': 'Rural', 'reference_column': 'residence_Rural'}, 'country_admin_region': {'reference': 'ethiopia::01', 'reference_column': 'country_admin_region_ethiopia::01'}}"
binary_lpm,model4_preferred_lpm,wasted,pooled,country_admin_region_kenya::02,0.006818885300690019,0.01714622154213712,-0.026787091392843562,0.0404248619942236,0.6908585180331102,37088,4434,114,model_specific_equal_total_country_weight,cluster_robust_country_psu,True,"{'child_sex': {'reference': 'Male', 'reference_column': 'child_sex_Male'}, 'maternal_education': {'reference': 'No education', 'reference_column': 'maternal_education_No education'}, 'literacy': {'reference': 'Cannot read at all', 'reference_column': 'literacy_Cannot read at all'}, 'wealth_quintile': {'reference': 'Poorest', 'reference_column': 'wealth_quintile_Poorest'}, 'residence': {'reference': 'Rural', 'reference_column': 'residence_Rural'}, 'country_admin_region': {'reference': 'ethiopia::01', 'reference_column': 'country_admin_region_ethiopia::01'}}"
binary_lpm,model4_preferred_lpm,wasted,pooled,country_admin_region_kenya::03,0.02638957237333127,0.020321343008417914,-0.013439528040652675,0.06621867278731522,0.19407656878057888,37088,4434,114,model_specific_equal_total_country_weight,cluster_robust_country_psu,True,"{'child_sex': {'reference': 'Male', 'reference_column': 'child_sex_Male'}, 'maternal_education': {'reference': 'No education', 'reference_column': 'maternal_education_No education'}, 'literacy': {'reference': 'Cannot read at all', 'reference_column': 'literacy_Cannot read at all'}, 'wealth_quintile': {'reference': 'Poorest', 'reference_column': 'wealth_quintile_Poorest'}, 'residence': {'reference': 'Rural', 'reference_column': 'residence_Rural'}, 'country_admin_region': {'reference': 'ethiopia::01', 'reference_column': 'country_admin_region_ethiopia::01'}}"
binary_lpm,model4_preferred_lpm,wasted,pooled,country_admin_region_kenya::04,0.04848714419417386,0.018311781896168743,0.012596711184930547,0.08437757720341718,0.008100163169259465,37088,4434,114,model_specific_equal_total_country_weight,cluster_robust_country_psu,True,"{'child_sex': {'reference': 'Male', 'reference_column': 'child_sex_Male'}, 'maternal_education': {'reference': 'No education', 'reference_column': 'maternal_education_No education'}, 'literacy': {'reference': 'Cannot read at all', 'reference_column': 'literacy_Cannot read at all'}, 'wealth_quintile': {'reference': 'Poorest', 'reference_column': 'wealth_quintile_Poorest'}, 'residence': {'reference': 'Rural', 'reference_column': 'residence_Rural'}, 'country_admin_region': {'reference': 'ethiopia::01', 'reference_column': 'country_admin_region_ethiopia::01'}}"
binary_lpm,model4_preferred_lpm,wasted,pooled,country_admin_region_kenya::05,-0.012439933323418403,0.01563031365143182,-0.04307478514728952,0.01819491850045271,0.42609883803439264,37088,4434,114,model_specific_equal_total_country_weight,cluster_robust_country_psu,True,"{'child_sex': {'reference': 'Male', 'reference_column': 'child_sex_Male'}, 'maternal_education': {'reference': 'No education', 'reference_column': 'maternal_education_No education'}, 'literacy': {'reference': 'Cannot read at all', 'reference_column': 'literacy_Cannot read at all'}, 'wealth_quintile': {'reference': 'Poorest', 'reference_column': 'wealth_quintile_Poorest'}, 'residence': {'reference': 'Rural', 'reference_column': 'residence_Rural'}, 'country_admin_region': {'reference': 'ethiopia::01', 'reference_column': 'country_admin_region_ethiopia::01'}}"
binary_lpm,model4_preferred_lpm,wasted,pooled,country_admin_region_kenya::06,0.005077881255194526,0.02132763380410479,-0.036723512876309844,0.04687927538669889,0.8118118388897357,37088,4434,114,model_specific_equal_total_country_weight,cluster_robust_country_psu,True,"{'child_sex': {'reference': 'Male', 'reference_column': 'child_sex_Male'}, 'maternal_education': {'reference': 'No education', 'reference_column': 'maternal_education_No education'}, 'literacy': {'reference': 'Cannot read at all', 'reference_column': 'literacy_Cannot read at all'}, 'wealth_quintile': {'reference': 'Poorest', 'reference_column': 'wealth_quintile_Poorest'}, 'residence': {'reference': 'Rural', 'reference_column': 'residence_Rural'}, 'country_admin_region': {'reference': 'ethiopia::01', 'reference_column': 'country_admin_region_ethiopia::01'}}"
binary_lpm,model4_preferred_lpm,wasted,pooled,country_admin_region_kenya::07,0.09118261674156096,0.029550328854247153,0.03326503645592178,0.14910019702720015,0.0020309285172003394,37088,4434,114,model_specific_equal_total_country_weight,cluster_robust_country_psu,True,"{'child_sex': {'reference': 'Male', 'reference_column': 'child_sex_Male'}, 'maternal_education': {'reference': 'No education', 'reference_column': 'maternal_education_No education'}, 'literacy': {'reference': 'Cannot read at all', 'reference_column': 'literacy_Cannot read at all'}, 'wealth_quintile': {'reference': 'Poorest', 'reference_column': 'wealth_quintile_Poorest'}, 'residence': {'reference': 'Rural', 'reference_column': 'residence_Rural'}, 'country_admin_region': {'reference': 'ethiopia::01', 'reference_column': 'country_admin_region_ethiopia::01'}}"
binary_lpm,model4_preferred_lpm,wasted,pooled,country_admin_region_kenya::08,0.16014035816111963,0.022217542280359426,0.11659477546661925,0.20368594085562,5.684884317516443e-13,37088,4434,114,model_specific_equal_total_country_weight,cluster_robust_country_psu,True,"{'child_sex': {'reference': 'Male', 'reference_column': 'child_sex_Male'}, 'maternal_education': {'reference': 'No education', 'reference_column': 'maternal_education_No education'}, 'literacy': {'reference': 'Cannot read at all', 'reference_column': 'literacy_Cannot read at all'}, 'wealth_quintile': {'reference': 'Poorest', 'reference_column': 'wealth_quintile_Poorest'}, 'residence': {'reference': 'Rural', 'reference_column': 'residence_Rural'}, 'country_admin_region': {'reference': 'ethiopia::01', 'reference_column': 'country_admin_region_ethiopia::01'}}"
binary_lpm,model4_preferred_lpm,wasted,pooled,country_admin_region_kenya::09,0.09923028946093213,0.022317353419094136,0.05548908052925578,0.14297149839260848,8.735025207374962e-06,37088,4434,114,model_specific_equal_total_country_weight,cluster_robust_country_psu,True,"{'child_sex': {'reference': 'Male', 'reference_column': 'child_sex_Male'}, 'maternal_education': {'reference': 'No education', 'reference_column': 'maternal_education_No education'}, 'literacy': {'reference': 'Cannot read at all', 'reference_column': 'literacy_Cannot read at all'}, 'wealth_quintile': {'reference': 'Poorest', 'reference_column': 'wealth_quintile_Poorest'}, 'residence': {'reference': 'Rural', 'reference_column': 'residence_Rural'}, 'country_admin_region': {'reference': 'ethiopia::01', 'reference_column': 'country_admin_region_ethiopia::01'}}"
binary_lpm,model4_preferred_lpm,wasted,pooled,country_admin_region_kenya::10,0.13992042797678794,0.03410569632925383,0.07307449150379051,0.20676636444978536,4.086161520098753e-05,37088,4434,114,model_specific_equal_total_country_weight,cluster_robust_country_psu,True,"{'child_sex': {'reference': 'Male', 'reference_column': 'child_sex_Male'}, 'maternal_education': {'reference': 'No education', 'reference_column': 'maternal_education_No education'}, 'literacy': {'reference': 'Cannot read at all', 'reference_column': 'literacy_Cannot read at all'}, 'wealth_quintile': {'reference': 'Poorest', 'reference_column': 'wealth_quintile_Poorest'}, 'residence': {'reference': 'Rural', 'reference_column': 'residence_Rural'}, 'country_admin_region': {'reference': 'ethiopia::01', 'reference_column': 'country_admin_region_ethiopia::01'}}"
binary_lpm,model4_preferred_lpm,wasted,pooled,country_admin_region_kenya::11,0.012568300443751913,0.022127658476655945,-0.030801113232696173,0.0559377141202,0.5700413989600701,37088,4434,114,model_specific_equal_total_country_weight,cluster_robust_country_psu,True,"{'child_sex': {'reference': 'Male', 'reference_column': 'child_sex_Male'}, 'maternal_education': {'reference': 'No education', 'reference_column': 'maternal_education_No education'}, 'literacy': {'reference': 'Cannot read at all', 'reference_column': 'literacy_Cannot read at all'}, 'wealth_quintile': {'reference': 'Poorest', 'reference_column': 'wealth_quintile_Poorest'}, 'residence': {'reference': 'Rural', 'reference_column': 'residence_Rural'}, 'country_admin_region': {'reference': 'ethiopia::01', 'reference_column': 'country_admin_region_ethiopia::01'}}"
binary_lpm,model4_preferred_lpm,wasted,pooled,country_admin_region_kenya::12,0.03188817173568746,0.024873953751155482,-0.01686388176969226,0.08064022524106718,0.19984598825869104,37088,4434,114,model_specific_equal_total_country_weight,cluster_robust_country_psu,True,"{'child_sex': {'reference': 'Male', 'reference_column': 'child_sex_Male'}, 'maternal_education': {'reference': 'No education', 'reference_column': 'maternal_education_No education'}, 'literacy': {'reference': 'Cannot read at all', 'reference_column': 'literacy_Cannot read at all'}, 'wealth_quintile': {'reference': 'Poorest', 'reference_column': 'wealth_quintile_Poorest'}, 'residence': {'reference': 'Rural', 'reference_column': 'residence_Rural'}, 'country_admin_region': {'reference': 'ethiopia::01', 'reference_column': 'country_admin_region_ethiopia::01'}}"
binary_lpm,model4_preferred_lpm,wasted,pooled,country_admin_region_kenya::13,-0.0010768157827034392,0.017314856806975962,-0.035013311521844524,0.03285967995643765,0.95041130341702,37088,4434,114,model_specific_equal_total_country_weight,cluster_robust_country_psu,True,"{'child_sex': {'reference': 'Male', 'reference_column': 'child_sex_Male'}, 'maternal_education': {'reference': 'No education', 'reference_column': 'maternal_education_No education'}, 'literacy': {'reference': 'Cannot read at all', 'reference_column': 'literacy_Cannot read at all'}, 'wealth_quintile': {'reference': 'Poorest', 'reference_column': 'wealth_quintile_Poorest'}, 'residence': {'reference': 'Rural', 'reference_column': 'residence_Rural'}, 'country_admin_region': {'reference': 'ethiopia::01', 'reference_column': 'country_admin_region_ethiopia::01'}}"
binary_lpm,model4_preferred_lpm,wasted,pooled,country_admin_region_kenya::14,0.0185574832222389,0.01991876502048247,-0.020482578834422976,0.05759754527890078,0.35151313132670403,37088,4434,114,model_specific_equal_total_country_weight,cluster_robust_country_psu,True,"{'child_sex': {'reference': 'Male', 'reference_column': 'child_sex_Male'}, 'maternal_education': {'reference': 'No education', 'reference_column': 'maternal_education_No education'}, 'literacy': {'reference': 'Cannot read at all', 'reference_column': 'literacy_Cannot read at all'}, 'wealth_quintile': {'reference': 'Poorest', 'reference_column': 'wealth_quintile_Poorest'}, 'residence': {'reference': 'Rural', 'reference_column': 'residence_Rural'}, 'country_admin_region': {'reference': 'ethiopia::01', 'reference_column': 'country_admin_region_ethiopia::01'}}"
binary_lpm,model4_preferred_lpm,wasted,pooled,country_admin_region_kenya::15,-0.0026460539407369373,0.017088292747970607,-0.036138492284036317,0.030846384402562443,0.8769427183111679,37088,4434,114,model_specific_equal_total_country_weight,cluster_robust_country_psu,True,"{'child_sex': {'reference': 'Male', 'reference_column': 'child_sex_Male'}, 'maternal_education': {'reference': 'No education', 'reference_column': 'maternal_education_No education'}, 'literacy': {'reference': 'Cannot read at all', 'reference_column': 'literacy_Cannot read at all'}, 'wealth_quintile': {'reference': 'Poorest', 'reference_column': 'wealth_quintile_Poorest'}, 'residence': {'reference': 'Rural', 'reference_column': 'residence_Rural'}, 'country_admin_region': {'reference': 'ethiopia::01', 'reference_column': 'country_admin_region_ethiopia::01'}}"
binary_lpm,model4_preferred_lpm,wasted,pooled,country_admin_region_kenya::16,-0.003799601759892541,0.017501914684753997,-0.038102724202503074,0.03050352068271799,0.8281332600273742,37088,4434,114,model_specific_equal_total_country_weight,cluster_robust_country_psu,True,"{'child_sex': {'reference': 'Male', 'reference_column': 'child_sex_Male'}, 'maternal_education': {'reference': 'No education', 'reference_column': 'maternal_education_No education'}, 'literacy': {'reference': 'Cannot read at all', 'reference_column': 'literacy_Cannot read at all'}, 'wealth_quintile': {'reference': 'Poorest', 'reference_column': 'wealth_quintile_Poorest'}, 'residence': {'reference': 'Rural', 'reference_column': 'residence_Rural'}, 'country_admin_region': {'reference': 'ethiopia::01', 'reference_column': 'country_admin_region_ethiopia::01'}}"
binary_lpm,model4_preferred_lpm,wasted,pooled,country_admin_region_kenya::17,-0.0015937442461262169,0.017537154337933753,-0.03596593513979675,0.03277844664754431,0.92758940741598,37088,4434,114,model_specific_equal_total_country_weight,cluster_robust_country_psu,True,"{'child_sex': {'reference': 'Male', 'reference_column': 'child_sex_Male'}, 'maternal_education': {'reference': 'No education', 'reference_column': 'maternal_education_No education'}, 'literacy': {'reference': 'Cannot read at all', 'reference_column': 'literacy_Cannot read at all'}, 'wealth_quintile': {'reference': 'Poorest', 'reference_column': 'wealth_quintile_Poorest'}, 'residence': {'reference': 'Rural', 'reference_column': 'residence_Rural'}, 'country_admin_region': {'reference': 'ethiopia::01', 'reference_column': 'country_admin_region_ethiopia::01'}}"
binary_lpm,model4_preferred_lpm,wasted,pooled,country_admin_region_kenya::18,-0.01195571137440321,0.015626354231295204,-0.04258280287740689,0.018671380128600472,0.44421246657249336,37088,4434,114,model_specific_equal_total_country_weight,cluster_robust_country_psu,True,"{'child_sex': {'reference': 'Male', 'reference_column': 'child_sex_Male'}, 'maternal_education': {'reference': 'No education', 'reference_column': 'maternal_education_No education'}, 'literacy': {'reference': 'Cannot read at all', 'reference_column': 'literacy_Cannot read at all'}, 'wealth_quintile': {'reference': 'Poorest', 'reference_column': 'wealth_quintile_Poorest'}, 'residence': {'reference': 'Rural', 'reference_column': 'residence_Rural'}, 'country_admin_region': {'reference': 'ethiopia::01', 'reference_column': 'country_admin_region_ethiopia::01'}}"
binary_lpm,model4_preferred_lpm,wasted,pooled,country_admin_region_kenya::19,-0.00014770923062146105,0.021060532881570674,-0.04142559517372155,0.04113017671247862,0.9944040376823561,37088,4434,114,model_specific_equal_total_country_weight,cluster_robust_country_psu,True,"{'child_sex': {'reference': 'Male', 'reference_column': 'child_sex_Male'}, 'maternal_education': {'reference': 'No education', 'reference_column': 'maternal_education_No education'}, 'literacy': {'reference': 'Cannot read at all', 'reference_column': 'literacy_Cannot read at all'}, 'wealth_quintile': {'reference': 'Poorest', 'reference_column': 'wealth_quintile_Poorest'}, 'residence': {'reference': 'Rural', 'reference_column': 'residence_Rural'}, 'country_admin_region': {'reference': 'ethiopia::01', 'reference_column': 'country_admin_region_ethiopia::01'}}"
binary_lpm,model4_preferred_lpm,wasted,pooled,country_admin_region_kenya::20,-0.010383714123789006,0.0171861958875123,-0.0440680390945635,0.02330061084698549,0.5457178534924243,37088,4434,114,model_specific_equal_total_country_weight,cluster_robust_country_psu,True,"{'child_sex': {'reference': 'Male', 'reference_column': 'child_sex_Male'}, 'maternal_education': {'reference': 'No education', 'reference_column': 'maternal_education_No education'}, 'literacy': {'reference': 'Cannot read at all', 'reference_column': 'literacy_Cannot read at all'}, 'wealth_quintile': {'reference': 'Poorest', 'reference_column': 'wealth_quintile_Poorest'}, 'residence': {'reference': 'Rural', 'reference_column': 'residence_Rural'}, 'country_admin_region': {'reference': 'ethiopia::01', 'reference_column': 'country_admin_region_ethiopia::01'}}"
binary_lpm,model4_preferred_lpm,wasted,pooled,country_admin_region_kenya::21,-0.019970720650492664,0.016025727214355173,-0.05138056881669221,0.01143912751570688,0.21270336070514295,37088,4434,114,model_specific_equal_total_country_weight,cluster_robust_country_psu,True,"{'child_sex': {'reference': 'Male', 'reference_column': 'child_sex_Male'}, 'maternal_education': {'reference': 'No education', 'reference_column': 'maternal_education_No education'}, 'literacy': {'reference': 'Cannot read at all', 'reference_column': 'literacy_Cannot read at all'}, 'wealth_quintile': {'reference': 'Poorest', 'reference_column': 'wealth_quintile_Poorest'}, 'residence': {'reference': 'Rural', 'reference_column': 'residence_Rural'}, 'country_admin_region': {'reference': 'ethiopia::01', 'reference_column': 'country_admin_region_ethiopia::01'}}"
binary_lpm,model4_preferred_lpm,wasted,pooled,country_admin_region_kenya::22,-0.008217216432707048,0.01680217694581886,-0.04114887810838122,0.02471444524296712,0.6248015881914492,37088,4434,114,model_specific_equal_total_country_weight,cluster_robust_country_psu,True,"{'child_sex': {'reference': 'Male', 'reference_column': 'child_sex_Male'}, 'maternal_education': {'reference': 'No education', 'reference_column': 'maternal_education_No education'}, 'literacy': {'reference': 'Cannot read at all', 'reference_column': 'literacy_Cannot read at all'}, 'wealth_quintile': {'reference': 'Poorest', 'reference_column': 'wealth_quintile_Poorest'}, 'residence': {'reference': 'Rural', 'reference_column': 'residence_Rural'}, 'country_admin_region': {'reference': 'ethiopia::01', 'reference_column': 'country_admin_region_ethiopia::01'}}"
binary_lpm,model4_preferred_lpm,wasted,pooled,country_admin_region_kenya::23,0.15306511556503372,0.03211015958866723,0.09013035923341246,0.21599987189665498,1.871053523607608e-06,37088,4434,114,model_specific_equal_total_country_weight,cluster_robust_country_psu,True,"{'child_sex': {'reference': 'Male', 'reference_column': 'child_sex_Male'}, 'maternal_education': {'reference': 'No education', 'reference_column': 'maternal_education_No education'}, 'literacy': {'reference': 'Cannot read at all', 'reference_column': 'literacy_Cannot read at all'}, 'wealth_quintile': {'reference': 'Poorest', 'reference_column': 'wealth_quintile_Poorest'}, 'residence': {'reference': 'Rural', 'reference_column': 'residence_Rural'}, 'country_admin_region': {'reference': 'ethiopia::01', 'reference_column': 'country_admin_region_ethiopia::01'}}"
binary_lpm,model4_preferred_lpm,wasted,pooled,country_admin_region_kenya::24,0.04802675794090902,0.020776141193215848,0.007306269464486932,0.08874724641733112,0.020798064216941928,37088,4434,114,model_specific_equal_total_country_weight,cluster_robust_country_psu,True,"{'child_sex': {'reference': 'Male', 'reference_column': 'child_sex_Male'}, 'maternal_education': {'reference': 'No education', 'reference_column': 'maternal_education_No education'}, 'literacy': {'reference': 'Cannot read at all', 'reference_column': 'literacy_Cannot read at all'}, 'wealth_quintile': {'reference': 'Poorest', 'reference_column': 'wealth_quintile_Poorest'}, 'residence': {'reference': 'Rural', 'reference_column': 'residence_Rural'}, 'country_admin_region': {'reference': 'ethiopia::01', 'reference_column': 'country_admin_region_ethiopia::01'}}"
binary_lpm,model4_preferred_lpm,wasted,pooled,country_admin_region_kenya::25,0.08985947786105342,0.02079234256249927,0.04910723528433559,0.13061172043777125,1.5479074143733056e-05,37088,4434,114,model_specific_equal_total_country_weight,cluster_robust_country_psu,True,"{'child_sex': {'reference': 'Male', 'reference_column': 'child_sex_Male'}, 'maternal_education': {'reference': 'No education', 'reference_column': 'maternal_education_No education'}, 'literacy': {'reference': 'Cannot read at all', 'reference_column': 'literacy_Cannot read at all'}, 'wealth_quintile': {'reference': 'Poorest', 'reference_column': 'wealth_quintile_Poorest'}, 'residence': {'reference': 'Rural', 'reference_column': 'residence_Rural'}, 'country_admin_region': {'reference': 'ethiopia::01', 'reference_column': 'country_admin_region_ethiopia::01'}}"
binary_lpm,model4_preferred_lpm,wasted,pooled,country_admin_region_kenya::26,-0.0005326947583189259,0.01639560983200908,-0.032667499533627534,0.031602110016989676,0.974081222819873,37088,4434,114,model_specific_equal_total_country_weight,cluster_robust_country_psu,True,"{'child_sex': {'reference': 'Male', 'reference_column': 'child_sex_Male'}, 'maternal_education': {'reference': 'No education', 'reference_column': 'maternal_education_No education'}, 'literacy': {'reference': 'Cannot read at all', 'reference_column': 'literacy_Cannot read at all'}, 'wealth_quintile': {'reference': 'Poorest', 'reference_column': 'wealth_quintile_Poorest'}, 'residence': {'reference': 'Rural', 'reference_column': 'residence_Rural'}, 'country_admin_region': {'reference': 'ethiopia::01', 'reference_column': 'country_admin_region_ethiopia::01'}}"
binary_lpm,model4_preferred_lpm,wasted,pooled,country_admin_region_kenya::27,-0.0018473003425853321,0.01647833853695241,-0.034144250400070505,0.030449649714899843,0.910740335793641,37088,4434,114,model_specific_equal_total_country_weight,cluster_robust_country_psu,True,"{'child_sex': {'reference': 'Male', 'reference_column': 'child_sex_Male'}, 'maternal_education': {'reference': 'No education', 'reference_column': 'maternal_education_No education'}, 'literacy': {'reference': 'Cannot read at all', 'reference_column': 'literacy_Cannot read at all'}, 'wealth_quintile': {'reference': 'Poorest', 'reference_column': 'wealth_quintile_Poorest'}, 'residence': {'reference': 'Rural', 'reference_column': 'residence_Rural'}, 'country_admin_region': {'reference': 'ethiopia::01', 'reference_column': 'country_admin_region_ethiopia::01'}}"
binary_lpm,model4_preferred_lpm,wasted,pooled,country_admin_region_kenya::28,0.015203865845232301,0.022189997919271398,-0.028287730893558374,0.05869546258402297,0.493238217042539,37088,4434,114,model_specific_equal_total_country_weight,cluster_robust_country_psu,True,"{'child_sex': {'reference': 'Male', 'reference_column': 'child_sex_Male'}, 'maternal_education': {'reference': 'No education', 'reference_column': 'maternal_education_No education'}, 'literacy': {'reference': 'Cannot read at all', 'reference_column': 'literacy_Cannot read at all'}, 'wealth_quintile': {'reference': 'Poorest', 'reference_column': 'wealth_quintile_Poorest'}, 'residence': {'reference': 'Rural', 'reference_column': 'residence_Rural'}, 'country_admin_region': {'reference': 'ethiopia::01', 'reference_column': 'country_admin_region_ethiopia::01'}}"
binary_lpm,model4_preferred_lpm,wasted,pooled,country_admin_region_kenya::29,-0.0030075166956089407,0.017635860029092395,-0.03757316718901954,0.03155813379780166,0.8645900666689478,37088,4434,114,model_specific_equal_total_country_weight,cluster_robust_country_psu,True,"{'child_sex': {'reference': 'Male', 'reference_column': 'child_sex_Male'}, 'maternal_education': {'reference': 'No education', 'reference_column': 'maternal_education_No education'}, 'literacy': {'reference': 'Cannot read at all', 'reference_column': 'literacy_Cannot read at all'}, 'wealth_quintile': {'reference': 'Poorest', 'reference_column': 'wealth_quintile_Poorest'}, 'residence': {'reference': 'Rural', 'reference_column': 'residence_Rural'}, 'country_admin_region': {'reference': 'ethiopia::01', 'reference_column': 'country_admin_region_ethiopia::01'}}"
binary_lpm,model4_preferred_lpm,wasted,pooled,country_admin_region_kenya::30,0.08465920389465859,0.03239418310583031,0.021167771698635304,0.14815063609068185,0.008964432345258773,37088,4434,114,model_specific_equal_total_country_weight,cluster_robust_country_psu,True,"{'child_sex': {'reference': 'Male', 'reference_column': 'child_sex_Male'}, 'maternal_education': {'reference': 'No education', 'reference_column': 'maternal_education_No education'}, 'literacy': {'reference': 'Cannot read at all', 'reference_column': 'literacy_Cannot read at all'}, 'wealth_quintile': {'reference': 'Poorest', 'reference_column': 'wealth_quintile_Poorest'}, 'residence': {'reference': 'Rural', 'reference_column': 'residence_Rural'}, 'country_admin_region': {'reference': 'ethiopia::01', 'reference_column': 'country_admin_region_ethiopia::01'}}"
binary_lpm,model4_preferred_lpm,wasted,pooled,country_admin_region_kenya::31,-0.01181616350093649,0.015474439302993574,-0.04214550721575499,0.018513180213882013,0.4451102084175972,37088,4434,114,model_specific_equal_total_country_weight,cluster_robust_country_psu,True,"{'child_sex': {'reference': 'Male', 'reference_column': 'child_sex_Male'}, 'maternal_education': {'reference': 'No education', 'reference_column': 'maternal_education_No education'}, 'literacy': {'reference': 'Cannot read at all', 'reference_column': 'literacy_Cannot read at all'}, 'wealth_quintile': {'reference': 'Poorest', 'reference_column': 'wealth_quintile_Poorest'}, 'residence': {'reference': 'Rural', 'reference_column': 'residence_Rural'}, 'country_admin_region': {'reference': 'ethiopia::01', 'reference_column': 'country_admin_region_ethiopia::01'}}"
binary_lpm,model4_preferred_lpm,wasted,pooled,country_admin_region_kenya::32,-0.006596582044282523,0.015291814440949531,-0.0365679876068131,0.02337482351824806,0.6661921310812239,37088,4434,114,model_specific_equal_total_country_weight,cluster_robust_country_psu,True,"{'child_sex': {'reference': 'Male', 'reference_column': 'child_sex_Male'}, 'maternal_education': {'reference': 'No education', 'reference_column': 'maternal_education_No education'}, 'literacy': {'reference': 'Cannot read at all', 'reference_column': 'literacy_Cannot read at all'}, 'wealth_quintile': {'reference': 'Poorest', 'reference_column': 'wealth_quintile_Poorest'}, 'residence': {'reference': 'Rural', 'reference_column': 'residence_Rural'}, 'country_admin_region': {'reference': 'ethiopia::01', 'reference_column': 'country_admin_region_ethiopia::01'}}"
binary_lpm,model4_preferred_lpm,wasted,pooled,country_admin_region_kenya::33,-0.023773350449562487,0.015459798008028764,-0.05407399775356293,0.00652729685443796,0.12410902437293973,37088,4434,114,model_specific_equal_total_country_weight,cluster_robust_country_psu,True,"{'child_sex': {'reference': 'Male', 'reference_column': 'child_sex_Male'}, 'maternal_education': {'reference': 'No education', 'reference_column': 'maternal_education_No education'}, 'literacy': {'reference': 'Cannot read at all', 'reference_column': 'literacy_Cannot read at all'}, 'wealth_quintile': {'reference': 'Poorest', 'reference_column': 'wealth_quintile_Poorest'}, 'residence': {'reference': 'Rural', 'reference_column': 'residence_Rural'}, 'country_admin_region': {'reference': 'ethiopia::01', 'reference_column': 'country_admin_region_ethiopia::01'}}"
binary_lpm,model4_preferred_lpm,wasted,pooled,country_admin_region_kenya::34,0.02606487031430078,0.01913137033534706,-0.011431926517877434,0.063561667146479,0.17306688001402826,37088,4434,114,model_specific_equal_total_country_weight,cluster_robust_country_psu,True,"{'child_sex': {'reference': 'Male', 'reference_column': 'child_sex_Male'}, 'maternal_education': {'reference': 'No education', 'reference_column': 'maternal_education_No education'}, 'literacy': {'reference': 'Cannot read at all', 'reference_column': 'literacy_Cannot read at all'}, 'wealth_quintile': {'reference': 'Poorest', 'reference_column': 'wealth_quintile_Poorest'}, 'residence': {'reference': 'Rural', 'reference_column': 'residence_Rural'}, 'country_admin_region': {'reference': 'ethiopia::01', 'reference_column': 'country_admin_region_ethiopia::01'}}"
binary_lpm,model4_preferred_lpm,wasted,pooled,country_admin_region_kenya::35,-0.013466533334928626,0.016366527186795637,-0.04554433717304372,0.018611270503186474,0.41061635835296073,37088,4434,114,model_specific_equal_total_country_weight,cluster_robust_country_psu,True,"{'child_sex': {'reference': 'Male', 'reference_column': 'child_sex_Male'}, 'maternal_education': {'reference': 'No education', 'reference_column': 'maternal_education_No education'}, 'literacy': {'reference': 'Cannot read at all', 'reference_column': 'literacy_Cannot read at all'}, 'wealth_quintile': {'reference': 'Poorest', 'reference_column': 'wealth_quintile_Poorest'}, 'residence': {'reference': 'Rural', 'reference_column': 'residence_Rural'}, 'country_admin_region': {'reference': 'ethiopia::01', 'reference_column': 'country_admin_region_ethiopia::01'}}"
binary_lpm,model4_preferred_lpm,wasted,pooled,country_admin_region_kenya::36,-0.0011479152618080685,0.017720367704662718,-0.0358791977557537,0.03358336723213756,0.9483496221093045,37088,4434,114,model_specific_equal_total_country_weight,cluster_robust_country_psu,True,"{'child_sex': {'reference': 'Male', 'reference_column': 'child_sex_Male'}, 'maternal_education': {'reference': 'No education', 'reference_column': 'maternal_education_No education'}, 'literacy': {'reference': 'Cannot read at all', 'reference_column': 'literacy_Cannot read at all'}, 'wealth_quintile': {'reference': 'Poorest', 'reference_column': 'wealth_quintile_Poorest'}, 'residence': {'reference': 'Rural', 'reference_column': 'residence_Rural'}, 'country_admin_region': {'reference': 'ethiopia::01', 'reference_column': 'country_admin_region_ethiopia::01'}}"
binary_lpm,model4_preferred_lpm,wasted,pooled,country_admin_region_kenya::37,-0.02149166830624905,0.0149060955663056,-0.050707078766320204,0.00772374215382211,0.14935767236247569,37088,4434,114,model_specific_equal_total_country_weight,cluster_robust_country_psu,True,"{'child_sex': {'reference': 'Male', 'reference_column': 'child_sex_Male'}, 'maternal_education': {'reference': 'No education', 'reference_column': 'maternal_education_No education'}, 'literacy': {'reference': 'Cannot read at all', 'reference_column': 'literacy_Cannot read at all'}, 'wealth_quintile': {'reference': 'Poorest', 'reference_column': 'wealth_quintile_Poorest'}, 'residence': {'reference': 'Rural', 'reference_column': 'residence_Rural'}, 'country_admin_region': {'reference': 'ethiopia::01', 'reference_column': 'country_admin_region_ethiopia::01'}}"
binary_lpm,model4_preferred_lpm,wasted,pooled,country_admin_region_kenya::38,-0.011229836084946085,0.018274782079380977,-0.0470477507858508,0.02458807861595863,0.5388856057747202,37088,4434,114,model_specific_equal_total_country_weight,cluster_robust_country_psu,True,"{'child_sex': {'reference': 'Male', 'reference_column': 'child_sex_Male'}, 'maternal_education': {'reference': 'No education', 'reference_column': 'maternal_education_No education'}, 'literacy': {'reference': 'Cannot read at all', 'reference_column': 'literacy_Cannot read at all'}, 'wealth_quintile': {'reference': 'Poorest', 'reference_column': 'wealth_quintile_Poorest'}, 'residence': {'reference': 'Rural', 'reference_column': 'residence_Rural'}, 'country_admin_region': {'reference': 'ethiopia::01', 'reference_column': 'country_admin_region_ethiopia::01'}}"
binary_lpm,model4_preferred_lpm,wasted,pooled,country_admin_region_kenya::39,-0.01842000516610661,0.015527905634473385,-0.04885414096501102,0.012014130632797802,0.23552289666812587,37088,4434,114,model_specific_equal_total_country_weight,cluster_robust_country_psu,True,"{'child_sex': {'reference': 'Male', 'reference_column': 'child_sex_Male'}, 'maternal_education': {'reference': 'No education', 'reference_column': 'maternal_education_No education'}, 'literacy': {'reference': 'Cannot read at all', 'reference_column': 'literacy_Cannot read at all'}, 'wealth_quintile': {'reference': 'Poorest', 'reference_column': 'wealth_quintile_Poorest'}, 'residence': {'reference': 'Rural', 'reference_column': 'residence_Rural'}, 'country_admin_region': {'reference': 'ethiopia::01', 'reference_column': 'country_admin_region_ethiopia::01'}}"
binary_lpm,model4_preferred_lpm,wasted,pooled,country_admin_region_kenya::40,-0.01326870674318984,0.01575294181028047,-0.04414390534189476,0.017606491855515084,0.3996199140667299,37088,4434,114,model_specific_equal_total_country_weight,cluster_robust_country_psu,True,"{'child_sex': {'reference': 'Male', 'reference_column': 'child_sex_Male'}, 'maternal_education': {'reference': 'No education', 'reference_column': 'maternal_education_No education'}, 'literacy': {'reference': 'Cannot read at all', 'reference_column': 'literacy_Cannot read at all'}, 'wealth_quintile': {'reference': 'Poorest', 'reference_column': 'wealth_quintile_Poorest'}, 'residence': {'reference': 'Rural', 'reference_column': 'residence_Rural'}, 'country_admin_region': {'reference': 'ethiopia::01', 'reference_column': 'country_admin_region_ethiopia::01'}}"
binary_lpm,model4_preferred_lpm,wasted,pooled,country_admin_region_kenya::41,-0.024785588175771377,0.014671137500829316,-0.053540489289631815,0.0039693129380890604,0.09114060177559935,37088,4434,114,model_specific_equal_total_country_weight,cluster_robust_country_psu,True,"{'child_sex': {'reference': 'Male', 'reference_column': 'child_sex_Male'}, 'maternal_education': {'reference': 'No education', 'reference_column': 'maternal_education_No education'}, 'literacy': {'reference': 'Cannot read at all', 'reference_column': 'literacy_Cannot read at all'}, 'wealth_quintile': {'reference': 'Poorest', 'reference_column': 'wealth_quintile_Poorest'}, 'residence': {'reference': 'Rural', 'reference_column': 'residence_Rural'}, 'country_admin_region': {'reference': 'ethiopia::01', 'reference_column': 'country_admin_region_ethiopia::01'}}"
binary_lpm,model4_preferred_lpm,wasted,pooled,country_admin_region_kenya::42,-0.008967079514447545,0.016199519260041033,-0.04071755383099091,0.022783394802095826,0.5798937987485044,37088,4434,114,model_specific_equal_total_country_weight,cluster_robust_country_psu,True,"{'child_sex': {'reference': 'Male', 'reference_column': 'child_sex_Male'}, 'maternal_education': {'reference': 'No education', 'reference_column': 'maternal_education_No education'}, 'literacy': {'reference': 'Cannot read at all', 'reference_column': 'literacy_Cannot read at all'}, 'wealth_quintile': {'reference': 'Poorest', 'reference_column': 'wealth_quintile_Poorest'}, 'residence': {'reference': 'Rural', 'reference_column': 'residence_Rural'}, 'country_admin_region': {'reference': 'ethiopia::01', 'reference_column': 'country_admin_region_ethiopia::01'}}"
binary_lpm,model4_preferred_lpm,wasted,pooled,country_admin_region_kenya::43,-0.02663695960697908,0.014629725525641745,-0.05531069474094321,0.0020367755269850504,0.06864604406806728,37088,4434,114,model_specific_equal_total_country_weight,cluster_robust_country_psu,True,"{'child_sex': {'reference': 'Male', 'reference_column': 'child_sex_Male'}, 'maternal_education': {'reference': 'No education', 'reference_column': 'maternal_education_No education'}, 'literacy': {'reference': 'Cannot read at all', 'reference_column': 'literacy_Cannot read at all'}, 'wealth_quintile': {'reference': 'Poorest', 'reference_column': 'wealth_quintile_Poorest'}, 'residence': {'reference': 'Rural', 'reference_column': 'residence_Rural'}, 'country_admin_region': {'reference': 'ethiopia::01', 'reference_column': 'country_admin_region_ethiopia::01'}}"
binary_lpm,model4_preferred_lpm,wasted,pooled,country_admin_region_kenya::44,-0.020021267523648155,0.015372962407214896,-0.05015172017747752,0.010109185130181213,0.192790322397834,37088,4434,114,model_specific_equal_total_country_weight,cluster_robust_country_psu,True,"{'child_sex': {'reference': 'Male', 'reference_column': 'child_sex_Male'}, 'maternal_education': {'reference': 'No education', 'reference_column': 'maternal_education_No education'}, 'literacy': {'reference': 'Cannot read at all', 'reference_column': 'literacy_Cannot read at all'}, 'wealth_quintile': {'reference': 'Poorest', 'reference_column': 'wealth_quintile_Poorest'}, 'residence': {'reference': 'Rural', 'reference_column': 'residence_Rural'}, 'country_admin_region': {'reference': 'ethiopia::01', 'reference_column': 'country_admin_region_ethiopia::01'}}"
binary_lpm,model4_preferred_lpm,wasted,pooled,country_admin_region_kenya::45,-0.0019167618220599179,0.016842419837457843,-0.03492729811598024,0.03109377447186041,0.9093918933028079,37088,4434,114,model_specific_equal_total_country_weight,cluster_robust_country_psu,True,"{'child_sex': {'reference': 'Male', 'reference_column': 'child_sex_Male'}, 'maternal_education': {'reference': 'No education', 'reference_column': 'maternal_education_No education'}, 'literacy': {'reference': 'Cannot read at all', 'reference_column': 'literacy_Cannot read at all'}, 'wealth_quintile': {'reference': 'Poorest', 'reference_column': 'wealth_quintile_Poorest'}, 'residence': {'reference': 'Rural', 'reference_column': 'residence_Rural'}, 'country_admin_region': {'reference': 'ethiopia::01', 'reference_column': 'country_admin_region_ethiopia::01'}}"
binary_lpm,model4_preferred_lpm,wasted,pooled,country_admin_region_kenya::46,-0.02461997927807023,0.014438948251215306,-0.05291979782508983,0.003679839268949367,0.08817411464891374,37088,4434,114,model_specific_equal_total_country_weight,cluster_robust_country_psu,True,"{'child_sex': {'reference': 'Male', 'reference_column': 'child_sex_Male'}, 'maternal_education': {'reference': 'No education', 'reference_column': 'maternal_education_No education'}, 'literacy': {'reference': 'Cannot read at all', 'reference_column': 'literacy_Cannot read at all'}, 'wealth_quintile': {'reference': 'Poorest', 'reference_column': 'wealth_quintile_Poorest'}, 'residence': {'reference': 'Rural', 'reference_column': 'residence_Rural'}, 'country_admin_region': {'reference': 'ethiopia::01', 'reference_column': 'country_admin_region_ethiopia::01'}}"
binary_lpm,model4_preferred_lpm,wasted,pooled,country_admin_region_kenya::47,-0.014066938988358584,0.016249701757684348,-0.04591576919293712,0.017781891216219953,0.38666914198296043,37088,4434,114,model_specific_equal_total_country_weight,cluster_robust_country_psu,True,"{'child_sex': {'reference': 'Male', 'reference_column': 'child_sex_Male'}, 'maternal_education': {'reference': 'No education', 'reference_column': 'maternal_education_No education'}, 'literacy': {'reference': 'Cannot read at all', 'reference_column': 'literacy_Cannot read at all'}, 'wealth_quintile': {'reference': 'Poorest', 'reference_column': 'wealth_quintile_Poorest'}, 'residence': {'reference': 'Rural', 'reference_column': 'residence_Rural'}, 'country_admin_region': {'reference': 'ethiopia::01', 'reference_column': 'country_admin_region_ethiopia::01'}}"
binary_lpm,model4_preferred_lpm,wasted,pooled,country_admin_region_nigeria::01,0.03810425409523007,0.0314509463325584,-0.023538467996286484,0.09974697618674663,0.22568638812151254,37088,4434,114,model_specific_equal_total_country_weight,cluster_robust_country_psu,True,"{'child_sex': {'reference': 'Male', 'reference_column': 'child_sex_Male'}, 'maternal_education': {'reference': 'No education', 'reference_column': 'maternal_education_No education'}, 'literacy': {'reference': 'Cannot read at all', 'reference_column': 'literacy_Cannot read at all'}, 'wealth_quintile': {'reference': 'Poorest', 'reference_column': 'wealth_quintile_Poorest'}, 'residence': {'reference': 'Rural', 'reference_column': 'residence_Rural'}, 'country_admin_region': {'reference': 'ethiopia::01', 'reference_column': 'country_admin_region_ethiopia::01'}}"
binary_lpm,model4_preferred_lpm,wasted,pooled,country_admin_region_nigeria::02,0.018480238517095664,0.022159778861483216,-0.024952129956783444,0.06191260699097477,0.40430684742666556,37088,4434,114,model_specific_equal_total_country_weight,cluster_robust_country_psu,True,"{'child_sex': {'reference': 'Male', 'reference_column': 'child_sex_Male'}, 'maternal_education': {'reference': 'No education', 'reference_column': 'maternal_education_No education'}, 'literacy': {'reference': 'Cannot read at all', 'reference_column': 'literacy_Cannot read at all'}, 'wealth_quintile': {'reference': 'Poorest', 'reference_column': 'wealth_quintile_Poorest'}, 'residence': {'reference': 'Rural', 'reference_column': 'residence_Rural'}, 'country_admin_region': {'reference': 'ethiopia::01', 'reference_column': 'country_admin_region_ethiopia::01'}}"
binary_lpm,model4_preferred_lpm,wasted,pooled,country_admin_region_nigeria::03,0.0037227449543222367,0.02125500303054501,-0.037936295476835684,0.04538178538548016,0.8609643154567509,37088,4434,114,model_specific_equal_total_country_weight,cluster_robust_country_psu,True,"{'child_sex': {'reference': 'Male', 'reference_column': 'child_sex_Male'}, 'maternal_education': {'reference': 'No education', 'reference_column': 'maternal_education_No education'}, 'literacy': {'reference': 'Cannot read at all', 'reference_column': 'literacy_Cannot read at all'}, 'wealth_quintile': {'reference': 'Poorest', 'reference_column': 'wealth_quintile_Poorest'}, 'residence': {'reference': 'Rural', 'reference_column': 'residence_Rural'}, 'country_admin_region': {'reference': 'ethiopia::01', 'reference_column': 'country_admin_region_ethiopia::01'}}"
binary_lpm,model4_preferred_lpm,wasted,pooled,country_admin_region_nigeria::04,0.008654755173746823,0.022414077254352325,-0.035276028991482154,0.0525855393389758,0.699400144135645,37088,4434,114,model_specific_equal_total_country_weight,cluster_robust_country_psu,True,"{'child_sex': {'reference': 'Male', 'reference_column': 'child_sex_Male'}, 'maternal_education': {'reference': 'No education', 'reference_column': 'maternal_education_No education'}, 'literacy': {'reference': 'Cannot read at all', 'reference_column': 'literacy_Cannot read at all'}, 'wealth_quintile': {'reference': 'Poorest', 'reference_column': 'wealth_quintile_Poorest'}, 'residence': {'reference': 'Rural', 'reference_column': 'residence_Rural'}, 'country_admin_region': {'reference': 'ethiopia::01', 'reference_column': 'country_admin_region_ethiopia::01'}}"
binary_lpm,model4_preferred_lpm,wasted,pooled,country_admin_region_nigeria::05,0.050636622426937936,0.021297423661284197,0.008894439087329738,0.09237880576654614,0.017426010335339786,37088,4434,114,model_specific_equal_total_country_weight,cluster_robust_country_psu,True,"{'child_sex': {'reference': 'Male', 'reference_column': 'child_sex_Male'}, 'maternal_education': {'reference': 'No education', 'reference_column': 'maternal_education_No education'}, 'literacy': {'reference': 'Cannot read at all', 'reference_column': 'literacy_Cannot read at all'}, 'wealth_quintile': {'reference': 'Poorest', 'reference_column': 'wealth_quintile_Poorest'}, 'residence': {'reference': 'Rural', 'reference_column': 'residence_Rural'}, 'country_admin_region': {'reference': 'ethiopia::01', 'reference_column': 'country_admin_region_ethiopia::01'}}"
binary_lpm,model4_preferred_lpm,wasted,pooled,country_admin_region_nigeria::06,-0.007536900454258144,0.019228359757934185,-0.045223793061588455,0.030149992153072167,0.695081906571641,37088,4434,114,model_specific_equal_total_country_weight,cluster_robust_country_psu,True,"{'child_sex': {'reference': 'Male', 'reference_column': 'child_sex_Male'}, 'maternal_education': {'reference': 'No education', 'reference_column': 'maternal_education_No education'}, 'literacy': {'reference': 'Cannot read at all', 'reference_column': 'literacy_Cannot read at all'}, 'wealth_quintile': {'reference': 'Poorest', 'reference_column': 'wealth_quintile_Poorest'}, 'residence': {'reference': 'Rural', 'reference_column': 'residence_Rural'}, 'country_admin_region': {'reference': 'ethiopia::01', 'reference_column': 'country_admin_region_ethiopia::01'}}"
binary_lpm,model4_preferred_lpm,wasted,pooled,country_admin_region_nigeria::07,0.0036983769325711355,0.020548249543726013,-0.03657545211847345,0.04397220598361572,0.8571643350486282,37088,4434,114,model_specific_equal_total_country_weight,cluster_robust_country_psu,True,"{'child_sex': {'reference': 'Male', 'reference_column': 'child_sex_Male'}, 'maternal_education': {'reference': 'No education', 'reference_column': 'maternal_education_No education'}, 'literacy': {'reference': 'Cannot read at all', 'reference_column': 'literacy_Cannot read at all'}, 'wealth_quintile': {'reference': 'Poorest', 'reference_column': 'wealth_quintile_Poorest'}, 'residence': {'reference': 'Rural', 'reference_column': 'residence_Rural'}, 'country_admin_region': {'reference': 'ethiopia::01', 'reference_column': 'country_admin_region_ethiopia::01'}}"
binary_lpm,model4_preferred_lpm,wasted,pooled,country_admin_region_nigeria::08,0.016583502005376467,0.022101590059432217,-0.02673481851217915,0.05990182252293208,0.4530555444901341,37088,4434,114,model_specific_equal_total_country_weight,cluster_robust_country_psu,True,"{'child_sex': {'reference': 'Male', 'reference_column': 'child_sex_Male'}, 'maternal_education': {'reference': 'No education', 'reference_column': 'maternal_education_No education'}, 'literacy': {'reference': 'Cannot read at all', 'reference_column': 'literacy_Cannot read at all'}, 'wealth_quintile': {'reference': 'Poorest', 'reference_column': 'wealth_quintile_Poorest'}, 'residence': {'reference': 'Rural', 'reference_column': 'residence_Rural'}, 'country_admin_region': {'reference': 'ethiopia::01', 'reference_column': 'country_admin_region_ethiopia::01'}}"
binary_lpm,model4_preferred_lpm,wasted,pooled,country_admin_region_nigeria::09,-0.008079157409376257,0.01757485624534964,-0.04252524268373039,0.026366927864977872,0.64573173318875,37088,4434,114,model_specific_equal_total_country_weight,cluster_robust_country_psu,True,"{'child_sex': {'reference': 'Male', 'reference_column': 'child_sex_Male'}, 'maternal_education': {'reference': 'No education', 'reference_column': 'maternal_education_No education'}, 'literacy': {'reference': 'Cannot read at all', 'reference_column': 'literacy_Cannot read at all'}, 'wealth_quintile': {'reference': 'Poorest', 'reference_column': 'wealth_quintile_Poorest'}, 'residence': {'reference': 'Rural', 'reference_column': 'residence_Rural'}, 'country_admin_region': {'reference': 'ethiopia::01', 'reference_column': 'country_admin_region_ethiopia::01'}}"
binary_lpm,model4_preferred_lpm,wasted,pooled,country_admin_region_nigeria::10,0.0425129369882243,0.027432678858900147,-0.011254125574673333,0.09627999955112193,0.12120903405036829,37088,4434,114,model_specific_equal_total_country_weight,cluster_robust_country_psu,True,"{'child_sex': {'reference': 'Male', 'reference_column': 'child_sex_Male'}, 'maternal_education': {'reference': 'No education', 'reference_column': 'maternal_education_No education'}, 'literacy': {'reference': 'Cannot read at all', 'reference_column': 'literacy_Cannot read at all'}, 'wealth_quintile': {'reference': 'Poorest', 'reference_column': 'wealth_quintile_Poorest'}, 'residence': {'reference': 'Rural', 'reference_column': 'residence_Rural'}, 'country_admin_region': {'reference': 'ethiopia::01', 'reference_column': 'country_admin_region_ethiopia::01'}}"
binary_lpm,model4_preferred_lpm,wasted,pooled,country_admin_region_nigeria::11,0.025330267914567793,0.018366725689496065,-0.010667852950771085,0.06132838877990667,0.1678518977123411,37088,4434,114,model_specific_equal_total_country_weight,cluster_robust_country_psu,True,"{'child_sex': {'reference': 'Male', 'reference_column': 'child_sex_Male'}, 'maternal_education': {'reference': 'No education', 'reference_column': 'maternal_education_No education'}, 'literacy': {'reference': 'Cannot read at all', 'reference_column': 'literacy_Cannot read at all'}, 'wealth_quintile': {'reference': 'Poorest', 'reference_column': 'wealth_quintile_Poorest'}, 'residence': {'reference': 'Rural', 'reference_column': 'residence_Rural'}, 'country_admin_region': {'reference': 'ethiopia::01', 'reference_column': 'country_admin_region_ethiopia::01'}}"
binary_lpm,model4_preferred_lpm,wasted,pooled,country_admin_region_nigeria::12,0.04016152743622771,0.031769441940753124,-0.02210543457658469,0.10242848944904011,0.20617407629029127,37088,4434,114,model_specific_equal_total_country_weight,cluster_robust_country_psu,True,"{'child_sex': {'reference': 'Male', 'reference_column': 'child_sex_Male'}, 'maternal_education': {'reference': 'No education', 'reference_column': 'maternal_education_No education'}, 'literacy': {'reference': 'Cannot read at all', 'reference_column': 'literacy_Cannot read at all'}, 'wealth_quintile': {'reference': 'Poorest', 'reference_column': 'wealth_quintile_Poorest'}, 'residence': {'reference': 'Rural', 'reference_column': 'residence_Rural'}, 'country_admin_region': {'reference': 'ethiopia::01', 'reference_column': 'country_admin_region_ethiopia::01'}}"
binary_lpm,model4_preferred_lpm,wasted,pooled,country_admin_region_nigeria::13,0.041663112080466407,0.02633016141740196,-0.00994305600476754,0.09326928016570035,0.11357332171955282,37088,4434,114,model_specific_equal_total_country_weight,cluster_robust_country_psu,True,"{'child_sex': {'reference': 'Male', 'reference_column': 'child_sex_Male'}, 'maternal_education': {'reference': 'No education', 'reference_column': 'maternal_education_No education'}, 'literacy': {'reference': 'Cannot read at all', 'reference_column': 'literacy_Cannot read at all'}, 'wealth_quintile': {'reference': 'Poorest', 'reference_column': 'wealth_quintile_Poorest'}, 'residence': {'reference': 'Rural', 'reference_column': 'residence_Rural'}, 'country_admin_region': {'reference': 'ethiopia::01', 'reference_column': 'country_admin_region_ethiopia::01'}}"
binary_lpm,model4_preferred_lpm,wasted,pooled,country_admin_region_nigeria::14,0.061368670840257614,0.022171049341584353,0.017914212631291802,0.10482312904922342,0.005640765162326836,37088,4434,114,model_specific_equal_total_country_weight,cluster_robust_country_psu,True,"{'child_sex': {'reference': 'Male', 'reference_column': 'child_sex_Male'}, 'maternal_education': {'reference': 'No education', 'reference_column': 'maternal_education_No education'}, 'literacy': {'reference': 'Cannot read at all', 'reference_column': 'literacy_Cannot read at all'}, 'wealth_quintile': {'reference': 'Poorest', 'reference_column': 'wealth_quintile_Poorest'}, 'residence': {'reference': 'Rural', 'reference_column': 'residence_Rural'}, 'country_admin_region': {'reference': 'ethiopia::01', 'reference_column': 'country_admin_region_ethiopia::01'}}"
binary_lpm,model4_preferred_lpm,wasted,pooled,country_admin_region_nigeria::15,0.013698929652451293,0.018762975910834846,-0.023075827375577625,0.05047368668048021,0.46532642470918184,37088,4434,114,model_specific_equal_total_country_weight,cluster_robust_country_psu,True,"{'child_sex': {'reference': 'Male', 'reference_column': 'child_sex_Male'}, 'maternal_education': {'reference': 'No education', 'reference_column': 'maternal_education_No education'}, 'literacy': {'reference': 'Cannot read at all', 'reference_column': 'literacy_Cannot read at all'}, 'wealth_quintile': {'reference': 'Poorest', 'reference_column': 'wealth_quintile_Poorest'}, 'residence': {'reference': 'Rural', 'reference_column': 'residence_Rural'}, 'country_admin_region': {'reference': 'ethiopia::01', 'reference_column': 'country_admin_region_ethiopia::01'}}"
binary_lpm,model4_preferred_lpm,wasted,pooled,country_admin_region_nigeria::16,0.05557000615243455,0.024205284516740214,0.008128520264078724,0.10301149204079038,0.02168846812033712,37088,4434,114,model_specific_equal_total_country_weight,cluster_robust_country_psu,True,"{'child_sex': {'reference': 'Male', 'reference_column': 'child_sex_Male'}, 'maternal_education': {'reference': 'No education', 'reference_column': 'maternal_education_No education'}, 'literacy': {'reference': 'Cannot read at all', 'reference_column': 'literacy_Cannot read at all'}, 'wealth_quintile': {'reference': 'Poorest', 'reference_column': 'wealth_quintile_Poorest'}, 'residence': {'reference': 'Rural', 'reference_column': 'residence_Rural'}, 'country_admin_region': {'reference': 'ethiopia::01', 'reference_column': 'country_admin_region_ethiopia::01'}}"
binary_lpm,model4_preferred_lpm,wasted,pooled,country_admin_region_nigeria::17,0.019308750180592967,0.022993319784920564,-0.025757328482863603,0.06437482884404953,0.40104589291097115,37088,4434,114,model_specific_equal_total_country_weight,cluster_robust_country_psu,True,"{'child_sex': {'reference': 'Male', 'reference_column': 'child_sex_Male'}, 'maternal_education': {'reference': 'No education', 'reference_column': 'maternal_education_No education'}, 'literacy': {'reference': 'Cannot read at all', 'reference_column': 'literacy_Cannot read at all'}, 'wealth_quintile': {'reference': 'Poorest', 'reference_column': 'wealth_quintile_Poorest'}, 'residence': {'reference': 'Rural', 'reference_column': 'residence_Rural'}, 'country_admin_region': {'reference': 'ethiopia::01', 'reference_column': 'country_admin_region_ethiopia::01'}}"
binary_lpm,model4_preferred_lpm,wasted,pooled,country_admin_region_nigeria::18,0.01817111683240157,0.02190062476248904,-0.024753318941003025,0.06109555260580617,0.4067040712309715,37088,4434,114,model_specific_equal_total_country_weight,cluster_robust_country_psu,True,"{'child_sex': {'reference': 'Male', 'reference_column': 'child_sex_Male'}, 'maternal_education': {'reference': 'No education', 'reference_column': 'maternal_education_No education'}, 'literacy': {'reference': 'Cannot read at all', 'reference_column': 'literacy_Cannot read at all'}, 'wealth_quintile': {'reference': 'Poorest', 'reference_column': 'wealth_quintile_Poorest'}, 'residence': {'reference': 'Rural', 'reference_column': 'residence_Rural'}, 'country_admin_region': {'reference': 'ethiopia::01', 'reference_column': 'country_admin_region_ethiopia::01'}}"
binary_lpm,model4_preferred_lpm,wasted,pooled,country_admin_region_nigeria::19,-0.00716542880296852,0.020139384594263527,-0.04663789727852584,0.0323070396725888,0.7219964567109514,37088,4434,114,model_specific_equal_total_country_weight,cluster_robust_country_psu,True,"{'child_sex': {'reference': 'Male', 'reference_column': 'child_sex_Male'}, 'maternal_education': {'reference': 'No education', 'reference_column': 'maternal_education_No education'}, 'literacy': {'reference': 'Cannot read at all', 'reference_column': 'literacy_Cannot read at all'}, 'wealth_quintile': {'reference': 'Poorest', 'reference_column': 'wealth_quintile_Poorest'}, 'residence': {'reference': 'Rural', 'reference_column': 'residence_Rural'}, 'country_admin_region': {'reference': 'ethiopia::01', 'reference_column': 'country_admin_region_ethiopia::01'}}"
binary_lpm,model4_preferred_lpm,wasted,pooled,country_admin_region_nigeria::20,-0.003490395067557257,0.02041656551839489,-0.04350612817161358,0.036525338036499065,0.8642560256183781,37088,4434,114,model_specific_equal_total_country_weight,cluster_robust_country_psu,True,"{'child_sex': {'reference': 'Male', 'reference_column': 'child_sex_Male'}, 'maternal_education': {'reference': 'No education', 'reference_column': 'maternal_education_No education'}, 'literacy': {'reference': 'Cannot read at all', 'reference_column': 'literacy_Cannot read at all'}, 'wealth_quintile': {'reference': 'Poorest', 'reference_column': 'wealth_quintile_Poorest'}, 'residence': {'reference': 'Rural', 'reference_column': 'residence_Rural'}, 'country_admin_region': {'reference': 'ethiopia::01', 'reference_column': 'country_admin_region_ethiopia::01'}}"
binary_lpm,model4_preferred_lpm,wasted,pooled,country_admin_region_nigeria::21,0.050481276676671974,0.02327311999988248,0.004866799669023487,0.09609575368432047,0.030076553582369048,37088,4434,114,model_specific_equal_total_country_weight,cluster_robust_country_psu,True,"{'child_sex': {'reference': 'Male', 'reference_column': 'child_sex_Male'}, 'maternal_education': {'reference': 'No education', 'reference_column': 'maternal_education_No education'}, 'literacy': {'reference': 'Cannot read at all', 'reference_column': 'literacy_Cannot read at all'}, 'wealth_quintile': {'reference': 'Poorest', 'reference_column': 'wealth_quintile_Poorest'}, 'residence': {'reference': 'Rural', 'reference_column': 'residence_Rural'}, 'country_admin_region': {'reference': 'ethiopia::01', 'reference_column': 'country_admin_region_ethiopia::01'}}"
binary_lpm,model4_preferred_lpm,wasted,pooled,country_admin_region_nigeria::22,0.054753646655486765,0.020986423642400564,0.013621012152081759,0.09588628115889178,0.009080639045588774,37088,4434,114,model_specific_equal_total_country_weight,cluster_robust_country_psu,True,"{'child_sex': {'reference': 'Male', 'reference_column': 'child_sex_Male'}, 'maternal_education': {'reference': 'No education', 'reference_column': 'maternal_education_No education'}, 'literacy': {'reference': 'Cannot read at all', 'reference_column': 'literacy_Cannot read at all'}, 'wealth_quintile': {'reference': 'Poorest', 'reference_column': 'wealth_quintile_Poorest'}, 'residence': {'reference': 'Rural', 'reference_column': 'residence_Rural'}, 'country_admin_region': {'reference': 'ethiopia::01', 'reference_column': 'country_admin_region_ethiopia::01'}}"
binary_lpm,model4_preferred_lpm,wasted,pooled,country_admin_region_nigeria::23,0.023987291046610175,0.016619487123543938,-0.008586305157063122,0.05656088725028347,0.14892945224356693,37088,4434,114,model_specific_equal_total_country_weight,cluster_robust_country_psu,True,"{'child_sex': {'reference': 'Male', 'reference_column': 'child_sex_Male'}, 'maternal_education': {'reference': 'No education', 'reference_column': 'maternal_education_No education'}, 'literacy': {'reference': 'Cannot read at all', 'reference_column': 'literacy_Cannot read at all'}, 'wealth_quintile': {'reference': 'Poorest', 'reference_column': 'wealth_quintile_Poorest'}, 'residence': {'reference': 'Rural', 'reference_column': 'residence_Rural'}, 'country_admin_region': {'reference': 'ethiopia::01', 'reference_column': 'country_admin_region_ethiopia::01'}}"
binary_lpm,model4_preferred_lpm,wasted,pooled,country_admin_region_nigeria::24,0.0030412346666651253,0.017062150708505072,-0.030399966220799383,0.03648243555412963,0.8585309566354071,37088,4434,114,model_specific_equal_total_country_weight,cluster_robust_country_psu,True,"{'child_sex': {'reference': 'Male', 'reference_column': 'child_sex_Male'}, 'maternal_education': {'reference': 'No education', 'reference_column': 'maternal_education_No education'}, 'literacy': {'reference': 'Cannot read at all', 'reference_column': 'literacy_Cannot read at all'}, 'wealth_quintile': {'reference': 'Poorest', 'reference_column': 'wealth_quintile_Poorest'}, 'residence': {'reference': 'Rural', 'reference_column': 'residence_Rural'}, 'country_admin_region': {'reference': 'ethiopia::01', 'reference_column': 'country_admin_region_ethiopia::01'}}"
binary_lpm,model4_preferred_lpm,wasted,pooled,country_admin_region_nigeria::25,0.046779472876089766,0.024810924251384994,-0.0018490450797762278,0.09540799083195575,0.05937065441338644,37088,4434,114,model_specific_equal_total_country_weight,cluster_robust_country_psu,True,"{'child_sex': {'reference': 'Male', 'reference_column': 'child_sex_Male'}, 'maternal_education': {'reference': 'No education', 'reference_column': 'maternal_education_No education'}, 'literacy': {'reference': 'Cannot read at all', 'reference_column': 'literacy_Cannot read at all'}, 'wealth_quintile': {'reference': 'Poorest', 'reference_column': 'wealth_quintile_Poorest'}, 'residence': {'reference': 'Rural', 'reference_column': 'residence_Rural'}, 'country_admin_region': {'reference': 'ethiopia::01', 'reference_column': 'country_admin_region_ethiopia::01'}}"
binary_lpm,model4_preferred_lpm,wasted,pooled,country_admin_region_nigeria::26,0.09375567181861608,0.03694015954587614,0.021354289525535364,0.1661570541116968,0.011147464504571854,37088,4434,114,model_specific_equal_total_country_weight,cluster_robust_country_psu,True,"{'child_sex': {'reference': 'Male', 'reference_column': 'child_sex_Male'}, 'maternal_education': {'reference': 'No education', 'reference_column': 'maternal_education_No education'}, 'literacy': {'reference': 'Cannot read at all', 'reference_column': 'literacy_Cannot read at all'}, 'wealth_quintile': {'reference': 'Poorest', 'reference_column': 'wealth_quintile_Poorest'}, 'residence': {'reference': 'Rural', 'reference_column': 'residence_Rural'}, 'country_admin_region': {'reference': 'ethiopia::01', 'reference_column': 'country_admin_region_ethiopia::01'}}"
binary_lpm,model4_preferred_lpm,wasted,pooled,country_admin_region_nigeria::27,0.05408641869398957,0.023481540779009918,0.00806344446562153,0.10010939292235761,0.021258651600642726,37088,4434,114,model_specific_equal_total_country_weight,cluster_robust_country_psu,True,"{'child_sex': {'reference': 'Male', 'reference_column': 'child_sex_Male'}, 'maternal_education': {'reference': 'No education', 'reference_column': 'maternal_education_No education'}, 'literacy': {'reference': 'Cannot read at all', 'reference_column': 'literacy_Cannot read at all'}, 'wealth_quintile': {'reference': 'Poorest', 'reference_column': 'wealth_quintile_Poorest'}, 'residence': {'reference': 'Rural', 'reference_column': 'residence_Rural'}, 'country_admin_region': {'reference': 'ethiopia::01', 'reference_column': 'country_admin_region_ethiopia::01'}}"
binary_lpm,model4_preferred_lpm,wasted,pooled,country_admin_region_nigeria::28,0.015114506592174623,0.022560827870878958,-0.029103903496155603,0.059332916680504846,0.5028930563822025,37088,4434,114,model_specific_equal_total_country_weight,cluster_robust_country_psu,True,"{'child_sex': {'reference': 'Male', 'reference_column': 'child_sex_Male'}, 'maternal_education': {'reference': 'No education', 'reference_column': 'maternal_education_No education'}, 'literacy': {'reference': 'Cannot read at all', 'reference_column': 'literacy_Cannot read at all'}, 'wealth_quintile': {'reference': 'Poorest', 'reference_column': 'wealth_quintile_Poorest'}, 'residence': {'reference': 'Rural', 'reference_column': 'residence_Rural'}, 'country_admin_region': {'reference': 'ethiopia::01', 'reference_column': 'country_admin_region_ethiopia::01'}}"
binary_lpm,model4_preferred_lpm,wasted,pooled,country_admin_region_nigeria::29,0.11974398460010319,0.028018693460697925,0.06482835452326732,0.17465961467693905,1.92240453517826e-05,37088,4434,114,model_specific_equal_total_country_weight,cluster_robust_country_psu,True,"{'child_sex': {'reference': 'Male', 'reference_column': 'child_sex_Male'}, 'maternal_education': {'reference': 'No education', 'reference_column': 'maternal_education_No education'}, 'literacy': {'reference': 'Cannot read at all', 'reference_column': 'literacy_Cannot read at all'}, 'wealth_quintile': {'reference': 'Poorest', 'reference_column': 'wealth_quintile_Poorest'}, 'residence': {'reference': 'Rural', 'reference_column': 'residence_Rural'}, 'country_admin_region': {'reference': 'ethiopia::01', 'reference_column': 'country_admin_region_ethiopia::01'}}"
binary_lpm,model4_preferred_lpm,wasted,pooled,country_admin_region_nigeria::30,0.04120111887986791,0.020915773463928165,0.00020695618177013486,0.08219528157796568,0.04885456382482196,37088,4434,114,model_specific_equal_total_country_weight,cluster_robust_country_psu,True,"{'child_sex': {'reference': 'Male', 'reference_column': 'child_sex_Male'}, 'maternal_education': {'reference': 'No education', 'reference_column': 'maternal_education_No education'}, 'literacy': {'reference': 'Cannot read at all', 'reference_column': 'literacy_Cannot read at all'}, 'wealth_quintile': {'reference': 'Poorest', 'reference_column': 'wealth_quintile_Poorest'}, 'residence': {'reference': 'Rural', 'reference_column': 'residence_Rural'}, 'country_admin_region': {'reference': 'ethiopia::01', 'reference_column': 'country_admin_region_ethiopia::01'}}"
binary_lpm,model4_preferred_lpm,wasted,pooled,country_admin_region_nigeria::31,0.08842154167059628,0.027929161743359382,0.03368139053521798,0.14316169280597457,0.0015459235434168723,37088,4434,114,model_specific_equal_total_country_weight,cluster_robust_country_psu,True,"{'child_sex': {'reference': 'Male', 'reference_column': 'child_sex_Male'}, 'maternal_education': {'reference': 'No education', 'reference_column': 'maternal_education_No education'}, 'literacy': {'reference': 'Cannot read at all', 'reference_column': 'literacy_Cannot read at all'}, 'wealth_quintile': {'reference': 'Poorest', 'reference_column': 'wealth_quintile_Poorest'}, 'residence': {'reference': 'Rural', 'reference_column': 'residence_Rural'}, 'country_admin_region': {'reference': 'ethiopia::01', 'reference_column': 'country_admin_region_ethiopia::01'}}"
binary_lpm,model4_preferred_lpm,wasted,pooled,country_admin_region_nigeria::32,0.013436845368929374,0.023896026733953777,-0.03339850640322632,0.060272197141085074,0.5739085157460732,37088,4434,114,model_specific_equal_total_country_weight,cluster_robust_country_psu,True,"{'child_sex': {'reference': 'Male', 'reference_column': 'child_sex_Male'}, 'maternal_education': {'reference': 'No education', 'reference_column': 'maternal_education_No education'}, 'literacy': {'reference': 'Cannot read at all', 'reference_column': 'literacy_Cannot read at all'}, 'wealth_quintile': {'reference': 'Poorest', 'reference_column': 'wealth_quintile_Poorest'}, 'residence': {'reference': 'Rural', 'reference_column': 'residence_Rural'}, 'country_admin_region': {'reference': 'ethiopia::01', 'reference_column': 'country_admin_region_ethiopia::01'}}"
binary_lpm,model4_preferred_lpm,wasted,pooled,country_admin_region_nigeria::33,0.001566946375298913,0.024587753147318824,-0.046624164254207345,0.049758057004805165,0.9491862249732964,37088,4434,114,model_specific_equal_total_country_weight,cluster_robust_country_psu,True,"{'child_sex': {'reference': 'Male', 'reference_column': 'child_sex_Male'}, 'maternal_education': {'reference': 'No education', 'reference_column': 'maternal_education_No education'}, 'literacy': {'reference': 'Cannot read at all', 'reference_column': 'literacy_Cannot read at all'}, 'wealth_quintile': {'reference': 'Poorest', 'reference_column': 'wealth_quintile_Poorest'}, 'residence': {'reference': 'Rural', 'reference_column': 'residence_Rural'}, 'country_admin_region': {'reference': 'ethiopia::01', 'reference_column': 'country_admin_region_ethiopia::01'}}"
binary_lpm,model4_preferred_lpm,wasted,pooled,country_admin_region_nigeria::34,0.08702402495810399,0.034122101364187356,0.020145935207471724,0.15390211470873627,0.0107608274181799,37088,4434,114,model_specific_equal_total_country_weight,cluster_robust_country_psu,True,"{'child_sex': {'reference': 'Male', 'reference_column': 'child_sex_Male'}, 'maternal_education': {'reference': 'No education', 'reference_column': 'maternal_education_No education'}, 'literacy': {'reference': 'Cannot read at all', 'reference_column': 'literacy_Cannot read at all'}, 'wealth_quintile': {'reference': 'Poorest', 'reference_column': 'wealth_quintile_Poorest'}, 'residence': {'reference': 'Rural', 'reference_column': 'residence_Rural'}, 'country_admin_region': {'reference': 'ethiopia::01', 'reference_column': 'country_admin_region_ethiopia::01'}}"
binary_lpm,model4_preferred_lpm,wasted,pooled,country_admin_region_nigeria::35,0.05381487229820673,0.03149594051676133,-0.00791603677386133,0.1155457813702748,0.08751972305045207,37088,4434,114,model_specific_equal_total_country_weight,cluster_robust_country_psu,True,"{'child_sex': {'reference': 'Male', 'reference_column': 'child_sex_Male'}, 'maternal_education': {'reference': 'No education', 'reference_column': 'maternal_education_No education'}, 'literacy': {'reference': 'Cannot read at all', 'reference_column': 'literacy_Cannot read at all'}, 'wealth_quintile': {'reference': 'Poorest', 'reference_column': 'wealth_quintile_Poorest'}, 'residence': {'reference': 'Rural', 'reference_column': 'residence_Rural'}, 'country_admin_region': {'reference': 'ethiopia::01', 'reference_column': 'country_admin_region_ethiopia::01'}}"
binary_lpm,model4_preferred_lpm,wasted,pooled,country_admin_region_nigeria::36,0.06872447642660075,0.03497704520772478,0.00017072753383089168,0.13727822531937062,0.049432166711774986,37088,4434,114,model_specific_equal_total_country_weight,cluster_robust_country_psu,True,"{'child_sex': {'reference': 'Male', 'reference_column': 'child_sex_Male'}, 'maternal_education': {'reference': 'No education', 'reference_column': 'maternal_education_No education'}, 'literacy': {'reference': 'Cannot read at all', 'reference_column': 'literacy_Cannot read at all'}, 'wealth_quintile': {'reference': 'Poorest', 'reference_column': 'wealth_quintile_Poorest'}, 'residence': {'reference': 'Rural', 'reference_column': 'residence_Rural'}, 'country_admin_region': {'reference': 'ethiopia::01', 'reference_column': 'country_admin_region_ethiopia::01'}}"
binary_lpm,model4_preferred_lpm,wasted,pooled,country_admin_region_nigeria::37,0.09776755360504985,0.027808712582142722,0.04326347848762427,0.15227162872247543,0.0004385687869971545,37088,4434,114,model_specific_equal_total_country_weight,cluster_robust_country_psu,True,"{'child_sex': {'reference': 'Male', 'reference_column': 'child_sex_Male'}, 'maternal_education': {'reference': 'No education', 'reference_column': 'maternal_education_No education'}, 'literacy': {'reference': 'Cannot read at all', 'reference_column': 'literacy_Cannot read at all'}, 'wealth_quintile': {'reference': 'Poorest', 'reference_column': 'wealth_quintile_Poorest'}, 'residence': {'reference': 'Rural', 'reference_column': 'residence_Rural'}, 'country_admin_region': {'reference': 'ethiopia::01', 'reference_column': 'country_admin_region_ethiopia::01'}}"
binary_lpm,model4_preferred_lpm,wasted,ethiopia,const,0.1585337280164897,0.04612916444918603,0.06812222705915966,0.24894522897381977,0.0005887706871647898,5884,787,14,weight_original,cluster_robust_psu,True,"{'child_sex': {'reference': 'Male', 'reference_column': 'child_sex_Male'}, 'maternal_education': {'reference': 'No education', 'reference_column': 'maternal_education_No education'}, 'literacy': {'reference': 'Cannot read at all', 'reference_column': 'literacy_Cannot read at all'}, 'wealth_quintile': {'reference': 'Poorest', 'reference_column': 'wealth_quintile_Poorest'}, 'residence': {'reference': 'Rural', 'reference_column': 'residence_Rural'}, 'country_admin_region': {'reference': 'ethiopia::01', 'reference_column': 'country_admin_region_ethiopia::01'}}"
binary_lpm,model4_preferred_lpm,wasted,ethiopia,water_rate_loo,-0.015114709809353772,0.01806203619527982,-0.05051565023956109,0.02028623062085354,0.402692611941069,5884,787,14,weight_original,cluster_robust_psu,True,"{'child_sex': {'reference': 'Male', 'reference_column': 'child_sex_Male'}, 'maternal_education': {'reference': 'No education', 'reference_column': 'maternal_education_No education'}, 'literacy': {'reference': 'Cannot read at all', 'reference_column': 'literacy_Cannot read at all'}, 'wealth_quintile': {'reference': 'Poorest', 'reference_column': 'wealth_quintile_Poorest'}, 'residence': {'reference': 'Rural', 'reference_column': 'residence_Rural'}, 'country_admin_region': {'reference': 'ethiopia::01', 'reference_column': 'country_admin_region_ethiopia::01'}}"
binary_lpm,model4_preferred_lpm,wasted,ethiopia,sanitation_rate_loo_core,0.028929205286802394,0.02475640607102695,-0.01959245899905917,0.07745086957266395,0.24258324132655573,5884,787,14,weight_original,cluster_robust_psu,True,"{'child_sex': {'reference': 'Male', 'reference_column': 'child_sex_Male'}, 'maternal_education': {'reference': 'No education', 'reference_column': 'maternal_education_No education'}, 'literacy': {'reference': 'Cannot read at all', 'reference_column': 'literacy_Cannot read at all'}, 'wealth_quintile': {'reference': 'Poorest', 'reference_column': 'wealth_quintile_Poorest'}, 'residence': {'reference': 'Rural', 'reference_column': 'residence_Rural'}, 'country_admin_region': {'reference': 'ethiopia::01', 'reference_column': 'country_admin_region_ethiopia::01'}}"
binary_lpm,model4_preferred_lpm,wasted,ethiopia,b19_raw,-0.0009352380626236987,0.00027171137457546076,-0.0014677825709814738,-0.0004026935542659235,0.0005773712423463987,5884,787,14,weight_original,cluster_robust_psu,True,"{'child_sex': {'reference': 'Male', 'reference_column': 'child_sex_Male'}, 'maternal_education': {'reference': 'No education', 'reference_column': 'maternal_education_No education'}, 'literacy': {'reference': 'Cannot read at all', 'reference_column': 'literacy_Cannot read at all'}, 'wealth_quintile': {'reference': 'Poorest', 'reference_column': 'wealth_quintile_Poorest'}, 'residence': {'reference': 'Rural', 'reference_column': 'residence_Rural'}, 'country_admin_region': {'reference': 'ethiopia::01', 'reference_column': 'country_admin_region_ethiopia::01'}}"
binary_lpm,model4_preferred_lpm,wasted,ethiopia,birth_order_raw,-0.00020051696759838008,0.004758596203867666,-0.009527194144148026,0.009126160208951267,0.9663888146312887,5884,787,14,weight_original,cluster_robust_psu,True,"{'child_sex': {'reference': 'Male', 'reference_column': 'child_sex_Male'}, 'maternal_education': {'reference': 'No education', 'reference_column': 'maternal_education_No education'}, 'literacy': {'reference': 'Cannot read at all', 'reference_column': 'literacy_Cannot read at all'}, 'wealth_quintile': {'reference': 'Poorest', 'reference_column': 'wealth_quintile_Poorest'}, 'residence': {'reference': 'Rural', 'reference_column': 'residence_Rural'}, 'country_admin_region': {'reference': 'ethiopia::01', 'reference_column': 'country_admin_region_ethiopia::01'}}"
binary_lpm,model4_preferred_lpm,wasted,ethiopia,maternal_age,-0.0008074652550469537,0.0013656905693146348,-0.00348416958492964,0.0018692390748357328,0.5543525793804663,5884,787,14,weight_original,cluster_robust_psu,True,"{'child_sex': {'reference': 'Male', 'reference_column': 'child_sex_Male'}, 'maternal_education': {'reference': 'No education', 'reference_column': 'maternal_education_No education'}, 'literacy': {'reference': 'Cannot read at all', 'reference_column': 'literacy_Cannot read at all'}, 'wealth_quintile': {'reference': 'Poorest', 'reference_column': 'wealth_quintile_Poorest'}, 'residence': {'reference': 'Rural', 'reference_column': 'residence_Rural'}, 'country_admin_region': {'reference': 'ethiopia::01', 'reference_column': 'country_admin_region_ethiopia::01'}}"
binary_lpm,model4_preferred_lpm,wasted,ethiopia,household_size_raw,-0.000646122873379569,0.0040201033834225686,-0.00852538071901542,0.007233134972256281,0.8723116132736024,5884,787,14,weight_original,cluster_robust_psu,True,"{'child_sex': {'reference': 'Male', 'reference_column': 'child_sex_Male'}, 'maternal_education': {'reference': 'No education', 'reference_column': 'maternal_education_No education'}, 'literacy': {'reference': 'Cannot read at all', 'reference_column': 'literacy_Cannot read at all'}, 'wealth_quintile': {'reference': 'Poorest', 'reference_column': 'wealth_quintile_Poorest'}, 'residence': {'reference': 'Rural', 'reference_column': 'residence_Rural'}, 'country_admin_region': {'reference': 'ethiopia::01', 'reference_column': 'country_admin_region_ethiopia::01'}}"
binary_lpm,model4_preferred_lpm,wasted,ethiopia,child_sex_Female,-0.018044820066911486,0.009739494230772671,-0.03713387798686156,0.0010442378530385876,0.06391861013293805,5884,787,14,weight_original,cluster_robust_psu,True,"{'child_sex': {'reference': 'Male', 'reference_column': 'child_sex_Male'}, 'maternal_education': {'reference': 'No education', 'reference_column': 'maternal_education_No education'}, 'literacy': {'reference': 'Cannot read at all', 'reference_column': 'literacy_Cannot read at all'}, 'wealth_quintile': {'reference': 'Poorest', 'reference_column': 'wealth_quintile_Poorest'}, 'residence': {'reference': 'Rural', 'reference_column': 'residence_Rural'}, 'country_admin_region': {'reference': 'ethiopia::01', 'reference_column': 'country_admin_region_ethiopia::01'}}"
binary_lpm,model4_preferred_lpm,wasted,ethiopia,maternal_education_Higher,-0.06075216612633928,0.02724176586611409,-0.11414504609919549,-0.007359286153483073,0.025740063997035913,5884,787,14,weight_original,cluster_robust_psu,True,"{'child_sex': {'reference': 'Male', 'reference_column': 'child_sex_Male'}, 'maternal_education': {'reference': 'No education', 'reference_column': 'maternal_education_No education'}, 'literacy': {'reference': 'Cannot read at all', 'reference_column': 'literacy_Cannot read at all'}, 'wealth_quintile': {'reference': 'Poorest', 'reference_column': 'wealth_quintile_Poorest'}, 'residence': {'reference': 'Rural', 'reference_column': 'residence_Rural'}, 'country_admin_region': {'reference': 'ethiopia::01', 'reference_column': 'country_admin_region_ethiopia::01'}}"
binary_lpm,model4_preferred_lpm,wasted,ethiopia,maternal_education_Primary,-0.03154789976809079,0.016085497040964316,-0.06307489464180646,-2.0904894375117777e-05,0.04984828160161604,5884,787,14,weight_original,cluster_robust_psu,True,"{'child_sex': {'reference': 'Male', 'reference_column': 'child_sex_Male'}, 'maternal_education': {'reference': 'No education', 'reference_column': 'maternal_education_No education'}, 'literacy': {'reference': 'Cannot read at all', 'reference_column': 'literacy_Cannot read at all'}, 'wealth_quintile': {'reference': 'Poorest', 'reference_column': 'wealth_quintile_Poorest'}, 'residence': {'reference': 'Rural', 'reference_column': 'residence_Rural'}, 'country_admin_region': {'reference': 'ethiopia::01', 'reference_column': 'country_admin_region_ethiopia::01'}}"
binary_lpm,model4_preferred_lpm,wasted,ethiopia,maternal_education_Secondary,-0.039236844692881696,0.02779412837455263,-0.09371233528868764,0.015238645902924251,0.1580396522865095,5884,787,14,weight_original,cluster_robust_psu,True,"{'child_sex': {'reference': 'Male', 'reference_column': 'child_sex_Male'}, 'maternal_education': {'reference': 'No education', 'reference_column': 'maternal_education_No education'}, 'literacy': {'reference': 'Cannot read at all', 'reference_column': 'literacy_Cannot read at all'}, 'wealth_quintile': {'reference': 'Poorest', 'reference_column': 'wealth_quintile_Poorest'}, 'residence': {'reference': 'Rural', 'reference_column': 'residence_Rural'}, 'country_admin_region': {'reference': 'ethiopia::01', 'reference_column': 'country_admin_region_ethiopia::01'}}"
binary_lpm,model4_preferred_lpm,wasted,ethiopia,literacy_Able to read only parts of sentence,-0.00772905935772345,0.012349134406623741,-0.031932918034950394,0.01647479931950349,0.5313945505489253,5884,787,14,weight_original,cluster_robust_psu,True,"{'child_sex': {'reference': 'Male', 'reference_column': 'child_sex_Male'}, 'maternal_education': {'reference': 'No education', 'reference_column': 'maternal_education_No education'}, 'literacy': {'reference': 'Cannot read at all', 'reference_column': 'literacy_Cannot read at all'}, 'wealth_quintile': {'reference': 'Poorest', 'reference_column': 'wealth_quintile_Poorest'}, 'residence': {'reference': 'Rural', 'reference_column': 'residence_Rural'}, 'country_admin_region': {'reference': 'ethiopia::01', 'reference_column': 'country_admin_region_ethiopia::01'}}"
binary_lpm,model4_preferred_lpm,wasted,ethiopia,literacy_Able to read whole sentence,0.010639220476738678,0.019350442705602173,-0.02728695031114738,0.04856539126462474,0.5824442550169888,5884,787,14,weight_original,cluster_robust_psu,True,"{'child_sex': {'reference': 'Male', 'reference_column': 'child_sex_Male'}, 'maternal_education': {'reference': 'No education', 'reference_column': 'maternal_education_No education'}, 'literacy': {'reference': 'Cannot read at all', 'reference_column': 'literacy_Cannot read at all'}, 'wealth_quintile': {'reference': 'Poorest', 'reference_column': 'wealth_quintile_Poorest'}, 'residence': {'reference': 'Rural', 'reference_column': 'residence_Rural'}, 'country_admin_region': {'reference': 'ethiopia::01', 'reference_column': 'country_admin_region_ethiopia::01'}}"
binary_lpm,model4_preferred_lpm,wasted,ethiopia,literacy_Blind/visually impaired,-0.06913438850049995,0.01863717531622956,-0.10566258089386878,-0.03260619610713113,0.0002076783459576859,5884,787,14,weight_original,cluster_robust_psu,True,"{'child_sex': {'reference': 'Male', 'reference_column': 'child_sex_Male'}, 'maternal_education': {'reference': 'No education', 'reference_column': 'maternal_education_No education'}, 'literacy': {'reference': 'Cannot read at all', 'reference_column': 'literacy_Cannot read at all'}, 'wealth_quintile': {'reference': 'Poorest', 'reference_column': 'wealth_quintile_Poorest'}, 'residence': {'reference': 'Rural', 'reference_column': 'residence_Rural'}, 'country_admin_region': {'reference': 'ethiopia::01', 'reference_column': 'country_admin_region_ethiopia::01'}}"
binary_lpm,model4_preferred_lpm,wasted,ethiopia,literacy_No card with required language,-0.03541319175874853,0.02219124549638546,-0.0789072337037507,0.008080850186253638,0.11052940562241353,5884,787,14,weight_original,cluster_robust_psu,True,"{'child_sex': {'reference': 'Male', 'reference_column': 'child_sex_Male'}, 'maternal_education': {'reference': 'No education', 'reference_column': 'maternal_education_No education'}, 'literacy': {'reference': 'Cannot read at all', 'reference_column': 'literacy_Cannot read at all'}, 'wealth_quintile': {'reference': 'Poorest', 'reference_column': 'wealth_quintile_Poorest'}, 'residence': {'reference': 'Rural', 'reference_column': 'residence_Rural'}, 'country_admin_region': {'reference': 'ethiopia::01', 'reference_column': 'country_admin_region_ethiopia::01'}}"
binary_lpm,model4_preferred_lpm,wasted,ethiopia,wealth_quintile_Middle,-0.03313554104838494,0.016637985623501488,-0.06574539364574306,-0.0005256884510268303,0.04641939281996523,5884,787,14,weight_original,cluster_robust_psu,True,"{'child_sex': {'reference': 'Male', 'reference_column': 'child_sex_Male'}, 'maternal_education': {'reference': 'No education', 'reference_column': 'maternal_education_No education'}, 'literacy': {'reference': 'Cannot read at all', 'reference_column': 'literacy_Cannot read at all'}, 'wealth_quintile': {'reference': 'Poorest', 'reference_column': 'wealth_quintile_Poorest'}, 'residence': {'reference': 'Rural', 'reference_column': 'residence_Rural'}, 'country_admin_region': {'reference': 'ethiopia::01', 'reference_column': 'country_admin_region_ethiopia::01'}}"
binary_lpm,model4_preferred_lpm,wasted,ethiopia,wealth_quintile_Poorer,-0.023984377727883355,0.015975447541056124,-0.05529567954526232,0.007326924089495614,0.13327089158525868,5884,787,14,weight_original,cluster_robust_psu,True,"{'child_sex': {'reference': 'Male', 'reference_column': 'child_sex_Male'}, 'maternal_education': {'reference': 'No education', 'reference_column': 'maternal_education_No education'}, 'literacy': {'reference': 'Cannot read at all', 'reference_column': 'literacy_Cannot read at all'}, 'wealth_quintile': {'reference': 'Poorest', 'reference_column': 'wealth_quintile_Poorest'}, 'residence': {'reference': 'Rural', 'reference_column': 'residence_Rural'}, 'country_admin_region': {'reference': 'ethiopia::01', 'reference_column': 'country_admin_region_ethiopia::01'}}"
binary_lpm,model4_preferred_lpm,wasted,ethiopia,wealth_quintile_Richer,-0.03549963855130253,0.020168352275065506,-0.07502888263794738,0.004029605535342318,0.07837974392983578,5884,787,14,weight_original,cluster_robust_psu,True,"{'child_sex': {'reference': 'Male', 'reference_column': 'child_sex_Male'}, 'maternal_education': {'reference': 'No education', 'reference_column': 'maternal_education_No education'}, 'literacy': {'reference': 'Cannot read at all', 'reference_column': 'literacy_Cannot read at all'}, 'wealth_quintile': {'reference': 'Poorest', 'reference_column': 'wealth_quintile_Poorest'}, 'residence': {'reference': 'Rural', 'reference_column': 'residence_Rural'}, 'country_admin_region': {'reference': 'ethiopia::01', 'reference_column': 'country_admin_region_ethiopia::01'}}"
binary_lpm,model4_preferred_lpm,wasted,ethiopia,wealth_quintile_Richest,-0.012185315068148656,0.032627337979592025,-0.07613372241956488,0.05176309228326757,0.7087990535223493,5884,787,14,weight_original,cluster_robust_psu,True,"{'child_sex': {'reference': 'Male', 'reference_column': 'child_sex_Male'}, 'maternal_education': {'reference': 'No education', 'reference_column': 'maternal_education_No education'}, 'literacy': {'reference': 'Cannot read at all', 'reference_column': 'literacy_Cannot read at all'}, 'wealth_quintile': {'reference': 'Poorest', 'reference_column': 'wealth_quintile_Poorest'}, 'residence': {'reference': 'Rural', 'reference_column': 'residence_Rural'}, 'country_admin_region': {'reference': 'ethiopia::01', 'reference_column': 'country_admin_region_ethiopia::01'}}"
binary_lpm,model4_preferred_lpm,wasted,ethiopia,residence_Urban,0.006838232547708739,0.01600656764313587,-0.02453406354894174,0.03821052864435922,0.6692233396369711,5884,787,14,weight_original,cluster_robust_psu,True,"{'child_sex': {'reference': 'Male', 'reference_column': 'child_sex_Male'}, 'maternal_education': {'reference': 'No education', 'reference_column': 'maternal_education_No education'}, 'literacy': {'reference': 'Cannot read at all', 'reference_column': 'literacy_Cannot read at all'}, 'wealth_quintile': {'reference': 'Poorest', 'reference_column': 'wealth_quintile_Poorest'}, 'residence': {'reference': 'Rural', 'reference_column': 'residence_Rural'}, 'country_admin_region': {'reference': 'ethiopia::01', 'reference_column': 'country_admin_region_ethiopia::01'}}"
binary_lpm,model4_preferred_lpm,wasted,ethiopia,country_admin_region_ethiopia::02,0.028828823380986267,0.02086046482782981,-0.012056936382324704,0.06971458314429724,0.16697669110098767,5884,787,14,weight_original,cluster_robust_psu,True,"{'child_sex': {'reference': 'Male', 'reference_column': 'child_sex_Male'}, 'maternal_education': {'reference': 'No education', 'reference_column': 'maternal_education_No education'}, 'literacy': {'reference': 'Cannot read at all', 'reference_column': 'literacy_Cannot read at all'}, 'wealth_quintile': {'reference': 'Poorest', 'reference_column': 'wealth_quintile_Poorest'}, 'residence': {'reference': 'Rural', 'reference_column': 'residence_Rural'}, 'country_admin_region': {'reference': 'ethiopia::01', 'reference_column': 'country_admin_region_ethiopia::01'}}"
binary_lpm,model4_preferred_lpm,wasted,ethiopia,country_admin_region_ethiopia::03,-0.00012950380659617505,0.016394850641731497,-0.0322628205963033,0.03200381298311095,0.9936975325009634,5884,787,14,weight_original,cluster_robust_psu,True,"{'child_sex': {'reference': 'Male', 'reference_column': 'child_sex_Male'}, 'maternal_education': {'reference': 'No education', 'reference_column': 'maternal_education_No education'}, 'literacy': {'reference': 'Cannot read at all', 'reference_column': 'literacy_Cannot read at all'}, 'wealth_quintile': {'reference': 'Poorest', 'reference_column': 'wealth_quintile_Poorest'}, 'residence': {'reference': 'Rural', 'reference_column': 'residence_Rural'}, 'country_admin_region': {'reference': 'ethiopia::01', 'reference_column': 'country_admin_region_ethiopia::01'}}"
binary_lpm,model4_preferred_lpm,wasted,ethiopia,country_admin_region_ethiopia::04,-0.018660183854715465,0.016120310372534922,-0.05025541160449137,0.012935043895060446,0.2470447202017756,5884,787,14,weight_original,cluster_robust_psu,True,"{'child_sex': {'reference': 'Male', 'reference_column': 'child_sex_Male'}, 'maternal_education': {'reference': 'No education', 'reference_column': 'maternal_education_No education'}, 'literacy': {'reference': 'Cannot read at all', 'reference_column': 'literacy_Cannot read at all'}, 'wealth_quintile': {'reference': 'Poorest', 'reference_column': 'wealth_quintile_Poorest'}, 'residence': {'reference': 'Rural', 'reference_column': 'residence_Rural'}, 'country_admin_region': {'reference': 'ethiopia::01', 'reference_column': 'country_admin_region_ethiopia::01'}}"
binary_lpm,model4_preferred_lpm,wasted,ethiopia,country_admin_region_ethiopia::05,0.05337342208956036,0.021495498607590573,0.011243018988951956,0.09550382519016877,0.013027940240918435,5884,787,14,weight_original,cluster_robust_psu,True,"{'child_sex': {'reference': 'Male', 'reference_column': 'child_sex_Male'}, 'maternal_education': {'reference': 'No education', 'reference_column': 'maternal_education_No education'}, 'literacy': {'reference': 'Cannot read at all', 'reference_column': 'literacy_Cannot read at all'}, 'wealth_quintile': {'reference': 'Poorest', 'reference_column': 'wealth_quintile_Poorest'}, 'residence': {'reference': 'Rural', 'reference_column': 'residence_Rural'}, 'country_admin_region': {'reference': 'ethiopia::01', 'reference_column': 'country_admin_region_ethiopia::01'}}"
binary_lpm,model4_preferred_lpm,wasted,ethiopia,country_admin_region_ethiopia::06,-0.01589972791237423,0.016699169358759144,-0.048629498427276985,0.01683004260252852,0.34103264151909385,5884,787,14,weight_original,cluster_robust_psu,True,"{'child_sex': {'reference': 'Male', 'reference_column': 'child_sex_Male'}, 'maternal_education': {'reference': 'No education', 'reference_column': 'maternal_education_No education'}, 'literacy': {'reference': 'Cannot read at all', 'reference_column': 'literacy_Cannot read at all'}, 'wealth_quintile': {'reference': 'Poorest', 'reference_column': 'wealth_quintile_Poorest'}, 'residence': {'reference': 'Rural', 'reference_column': 'residence_Rural'}, 'country_admin_region': {'reference': 'ethiopia::01', 'reference_column': 'country_admin_region_ethiopia::01'}}"
binary_lpm,model4_preferred_lpm,wasted,ethiopia,country_admin_region_ethiopia::07,-0.013647982351566596,0.018610183183139603,-0.050123271136213204,0.022827306433080008,0.4633382857330566,5884,787,14,weight_original,cluster_robust_psu,True,"{'child_sex': {'reference': 'Male', 'reference_column': 'child_sex_Male'}, 'maternal_education': {'reference': 'No education', 'reference_column': 'maternal_education_No education'}, 'literacy': {'reference': 'Cannot read at all', 'reference_column': 'literacy_Cannot read at all'}, 'wealth_quintile': {'reference': 'Poorest', 'reference_column': 'wealth_quintile_Poorest'}, 'residence': {'reference': 'Rural', 'reference_column': 'residence_Rural'}, 'country_admin_region': {'reference': 'ethiopia::01', 'reference_column': 'country_admin_region_ethiopia::01'}}"
binary_lpm,model4_preferred_lpm,wasted,ethiopia,country_admin_region_ethiopia::08,-0.008877717919095519,0.01863527567081875,-0.04540218707587576,0.027646751237684727,0.6337943046508712,5884,787,14,weight_original,cluster_robust_psu,True,"{'child_sex': {'reference': 'Male', 'reference_column': 'child_sex_Male'}, 'maternal_education': {'reference': 'No education', 'reference_column': 'maternal_education_No education'}, 'literacy': {'reference': 'Cannot read at all', 'reference_column': 'literacy_Cannot read at all'}, 'wealth_quintile': {'reference': 'Poorest', 'reference_column': 'wealth_quintile_Poorest'}, 'residence': {'reference': 'Rural', 'reference_column': 'residence_Rural'}, 'country_admin_region': {'reference': 'ethiopia::01', 'reference_column': 'country_admin_region_ethiopia::01'}}"
binary_lpm,model4_preferred_lpm,wasted,ethiopia,country_admin_region_ethiopia::09,-0.03241517250468265,0.019525712818461213,-0.0706848664013387,0.0058545213919734,0.09688880883815004,5884,787,14,weight_original,cluster_robust_psu,True,"{'child_sex': {'reference': 'Male', 'reference_column': 'child_sex_Male'}, 'maternal_education': {'reference': 'No education', 'reference_column': 'maternal_education_No education'}, 'literacy': {'reference': 'Cannot read at all', 'reference_column': 'literacy_Cannot read at all'}, 'wealth_quintile': {'reference': 'Poorest', 'reference_column': 'wealth_quintile_Poorest'}, 'residence': {'reference': 'Rural', 'reference_column': 'residence_Rural'}, 'country_admin_region': {'reference': 'ethiopia::01', 'reference_column': 'country_admin_region_ethiopia::01'}}"
binary_lpm,model4_preferred_lpm,wasted,ethiopia,country_admin_region_ethiopia::10,-0.008474278331796517,0.019850949058529865,-0.04738142354545434,0.03043286688186131,0.669455534755995,5884,787,14,weight_original,cluster_robust_psu,True,"{'child_sex': {'reference': 'Male', 'reference_column': 'child_sex_Male'}, 'maternal_education': {'reference': 'No education', 'reference_column': 'maternal_education_No education'}, 'literacy': {'reference': 'Cannot read at all', 'reference_column': 'literacy_Cannot read at all'}, 'wealth_quintile': {'reference': 'Poorest', 'reference_column': 'wealth_quintile_Poorest'}, 'residence': {'reference': 'Rural', 'reference_column': 'residence_Rural'}, 'country_admin_region': {'reference': 'ethiopia::01', 'reference_column': 'country_admin_region_ethiopia::01'}}"
binary_lpm,model4_preferred_lpm,wasted,ethiopia,country_admin_region_ethiopia::12,0.07915254059790001,0.02511240467175191,0.029933131876070877,0.12837194931972915,0.001621951749021247,5884,787,14,weight_original,cluster_robust_psu,True,"{'child_sex': {'reference': 'Male', 'reference_column': 'child_sex_Male'}, 'maternal_education': {'reference': 'No education', 'reference_column': 'maternal_education_No education'}, 'literacy': {'reference': 'Cannot read at all', 'reference_column': 'literacy_Cannot read at all'}, 'wealth_quintile': {'reference': 'Poorest', 'reference_column': 'wealth_quintile_Poorest'}, 'residence': {'reference': 'Rural', 'reference_column': 'residence_Rural'}, 'country_admin_region': {'reference': 'ethiopia::01', 'reference_column': 'country_admin_region_ethiopia::01'}}"
binary_lpm,model4_preferred_lpm,wasted,ethiopia,country_admin_region_ethiopia::13,-0.031583246234069134,0.01922938101112544,-0.0692721404608734,0.006105647992735136,0.10049732513569809,5884,787,14,weight_original,cluster_robust_psu,True,"{'child_sex': {'reference': 'Male', 'reference_column': 'child_sex_Male'}, 'maternal_education': {'reference': 'No education', 'reference_column': 'maternal_education_No education'}, 'literacy': {'reference': 'Cannot read at all', 'reference_column': 'literacy_Cannot read at all'}, 'wealth_quintile': {'reference': 'Poorest', 'reference_column': 'wealth_quintile_Poorest'}, 'residence': {'reference': 'Rural', 'reference_column': 'residence_Rural'}, 'country_admin_region': {'reference': 'ethiopia::01', 'reference_column': 'country_admin_region_ethiopia::01'}}"
binary_lpm,model4_preferred_lpm,wasted,ethiopia,country_admin_region_ethiopia::14,-0.03837214255160437,0.021015441768137202,-0.07956165153635204,0.0028173664331433007,0.06786498620935316,5884,787,14,weight_original,cluster_robust_psu,True,"{'child_sex': {'reference': 'Male', 'reference_column': 'child_sex_Male'}, 'maternal_education': {'reference': 'No education', 'reference_column': 'maternal_education_No education'}, 'literacy': {'reference': 'Cannot read at all', 'reference_column': 'literacy_Cannot read at all'}, 'wealth_quintile': {'reference': 'Poorest', 'reference_column': 'wealth_quintile_Poorest'}, 'residence': {'reference': 'Rural', 'reference_column': 'residence_Rural'}, 'country_admin_region': {'reference': 'ethiopia::01', 'reference_column': 'country_admin_region_ethiopia::01'}}"
binary_lpm,model4_preferred_lpm,wasted,ethiopia,country_admin_region_ethiopia::15,0.0014546174578911287,0.02360767856991301,-0.04481558229773642,0.04772481721351867,0.9508684077955948,5884,787,14,weight_original,cluster_robust_psu,True,"{'child_sex': {'reference': 'Male', 'reference_column': 'child_sex_Male'}, 'maternal_education': {'reference': 'No education', 'reference_column': 'maternal_education_No education'}, 'literacy': {'reference': 'Cannot read at all', 'reference_column': 'literacy_Cannot read at all'}, 'wealth_quintile': {'reference': 'Poorest', 'reference_column': 'wealth_quintile_Poorest'}, 'residence': {'reference': 'Rural', 'reference_column': 'residence_Rural'}, 'country_admin_region': {'reference': 'ethiopia::01', 'reference_column': 'country_admin_region_ethiopia::01'}}"
binary_lpm,model4_preferred_lpm,wasted,ghana,const,0.12254063468835559,0.04164149702170097,0.04092480026348977,0.2041564691132214,0.0032530799447110614,4408,616,16,weight_original,cluster_robust_psu,True,"{'child_sex': {'reference': 'Male', 'reference_column': 'child_sex_Male'}, 'maternal_education': {'reference': 'No education', 'reference_column': 'maternal_education_No education'}, 'literacy': {'reference': 'Cannot read at all', 'reference_column': 'literacy_Cannot read at all'}, 'wealth_quintile': {'reference': 'Poorest', 'reference_column': 'wealth_quintile_Poorest'}, 'residence': {'reference': 'Rural', 'reference_column': 'residence_Rural'}, 'country_admin_region': {'reference': 'ghana::01', 'reference_column': 'country_admin_region_ghana::01'}}"
binary_lpm,model4_preferred_lpm,wasted,ghana,water_rate_loo,-0.011886816261552736,0.016469743318935467,-0.04416692000128543,0.020393287478179953,0.4704564458913506,4408,616,16,weight_original,cluster_robust_psu,True,"{'child_sex': {'reference': 'Male', 'reference_column': 'child_sex_Male'}, 'maternal_education': {'reference': 'No education', 'reference_column': 'maternal_education_No education'}, 'literacy': {'reference': 'Cannot read at all', 'reference_column': 'literacy_Cannot read at all'}, 'wealth_quintile': {'reference': 'Poorest', 'reference_column': 'wealth_quintile_Poorest'}, 'residence': {'reference': 'Rural', 'reference_column': 'residence_Rural'}, 'country_admin_region': {'reference': 'ghana::01', 'reference_column': 'country_admin_region_ghana::01'}}"
binary_lpm,model4_preferred_lpm,wasted,ghana,sanitation_rate_loo_core,-0.006663915646539339,0.02247921526278674,-0.05072236796232443,0.03739453666924576,0.7668880667735442,4408,616,16,weight_original,cluster_robust_psu,True,"{'child_sex': {'reference': 'Male', 'reference_column': 'child_sex_Male'}, 'maternal_education': {'reference': 'No education', 'reference_column': 'maternal_education_No education'}, 'literacy': {'reference': 'Cannot read at all', 'reference_column': 'literacy_Cannot read at all'}, 'wealth_quintile': {'reference': 'Poorest', 'reference_column': 'wealth_quintile_Poorest'}, 'residence': {'reference': 'Rural', 'reference_column': 'residence_Rural'}, 'country_admin_region': {'reference': 'ghana::01', 'reference_column': 'country_admin_region_ghana::01'}}"
binary_lpm,model4_preferred_lpm,wasted,ghana,b19_raw,-0.0012003299315230852,0.00030239149021360235,-0.001793006361573142,-0.0006076535014730283,7.203669073824523e-05,4408,616,16,weight_original,cluster_robust_psu,True,"{'child_sex': {'reference': 'Male', 'reference_column': 'child_sex_Male'}, 'maternal_education': {'reference': 'No education', 'reference_column': 'maternal_education_No education'}, 'literacy': {'reference': 'Cannot read at all', 'reference_column': 'literacy_Cannot read at all'}, 'wealth_quintile': {'reference': 'Poorest', 'reference_column': 'wealth_quintile_Poorest'}, 'residence': {'reference': 'Rural', 'reference_column': 'residence_Rural'}, 'country_admin_region': {'reference': 'ghana::01', 'reference_column': 'country_admin_region_ghana::01'}}"
binary_lpm,model4_preferred_lpm,wasted,ghana,birth_order_raw,-0.004837318571075572,0.004031879884074093,-0.012739657933852323,0.0030650207917011785,0.2302296377757147,4408,616,16,weight_original,cluster_robust_psu,True,"{'child_sex': {'reference': 'Male', 'reference_column': 'child_sex_Male'}, 'maternal_education': {'reference': 'No education', 'reference_column': 'maternal_education_No education'}, 'literacy': {'reference': 'Cannot read at all', 'reference_column': 'literacy_Cannot read at all'}, 'wealth_quintile': {'reference': 'Poorest', 'reference_column': 'wealth_quintile_Poorest'}, 'residence': {'reference': 'Rural', 'reference_column': 'residence_Rural'}, 'country_admin_region': {'reference': 'ghana::01', 'reference_column': 'country_admin_region_ghana::01'}}"
binary_lpm,model4_preferred_lpm,wasted,ghana,maternal_age,0.0002041894695157144,0.0011596506771651355,-0.002068684092375436,0.0024770630314068652,0.8602323272518492,4408,616,16,weight_original,cluster_robust_psu,True,"{'child_sex': {'reference': 'Male', 'reference_column': 'child_sex_Male'}, 'maternal_education': {'reference': 'No education', 'reference_column': 'maternal_education_No education'}, 'literacy': {'reference': 'Cannot read at all', 'reference_column': 'literacy_Cannot read at all'}, 'wealth_quintile': {'reference': 'Poorest', 'reference_column': 'wealth_quintile_Poorest'}, 'residence': {'reference': 'Rural', 'reference_column': 'residence_Rural'}, 'country_admin_region': {'reference': 'ghana::01', 'reference_column': 'country_admin_region_ghana::01'}}"
binary_lpm,model4_preferred_lpm,wasted,ghana,household_size_raw,0.0017748617180292608,0.002268162860113741,-0.0026706557988650315,0.0062203792349235535,0.43391449678796634,4408,616,16,weight_original,cluster_robust_psu,True,"{'child_sex': {'reference': 'Male', 'reference_column': 'child_sex_Male'}, 'maternal_education': {'reference': 'No education', 'reference_column': 'maternal_education_No education'}, 'literacy': {'reference': 'Cannot read at all', 'reference_column': 'literacy_Cannot read at all'}, 'wealth_quintile': {'reference': 'Poorest', 'reference_column': 'wealth_quintile_Poorest'}, 'residence': {'reference': 'Rural', 'reference_column': 'residence_Rural'}, 'country_admin_region': {'reference': 'ghana::01', 'reference_column': 'country_admin_region_ghana::01'}}"
binary_lpm,model4_preferred_lpm,wasted,ghana,child_sex_Female,-0.017714645522097457,0.009104540740933587,-0.035559217470104904,0.00012992642590999026,0.05169157079185273,4408,616,16,weight_original,cluster_robust_psu,True,"{'child_sex': {'reference': 'Male', 'reference_column': 'child_sex_Male'}, 'maternal_education': {'reference': 'No education', 'reference_column': 'maternal_education_No education'}, 'literacy': {'reference': 'Cannot read at all', 'reference_column': 'literacy_Cannot read at all'}, 'wealth_quintile': {'reference': 'Poorest', 'reference_column': 'wealth_quintile_Poorest'}, 'residence': {'reference': 'Rural', 'reference_column': 'residence_Rural'}, 'country_admin_region': {'reference': 'ghana::01', 'reference_column': 'country_admin_region_ghana::01'}}"
binary_lpm,model4_preferred_lpm,wasted,ghana,maternal_education_Higher,-0.008338960848606393,0.027863238061811058,-0.0629499039424217,0.046271982245208905,0.7647250179401515,4408,616,16,weight_original,cluster_robust_psu,True,"{'child_sex': {'reference': 'Male', 'reference_column': 'child_sex_Male'}, 'maternal_education': {'reference': 'No education', 'reference_column': 'maternal_education_No education'}, 'literacy': {'reference': 'Cannot read at all', 'reference_column': 'literacy_Cannot read at all'}, 'wealth_quintile': {'reference': 'Poorest', 'reference_column': 'wealth_quintile_Poorest'}, 'residence': {'reference': 'Rural', 'reference_column': 'residence_Rural'}, 'country_admin_region': {'reference': 'ghana::01', 'reference_column': 'country_admin_region_ghana::01'}}"
binary_lpm,model4_preferred_lpm,wasted,ghana,maternal_education_Primary,0.0111310945884175,0.020201136193355246,-0.028462404797347348,0.050724593974182344,0.5816245616981564,4408,616,16,weight_original,cluster_robust_psu,True,"{'child_sex': {'reference': 'Male', 'reference_column': 'child_sex_Male'}, 'maternal_education': {'reference': 'No education', 'reference_column': 'maternal_education_No education'}, 'literacy': {'reference': 'Cannot read at all', 'reference_column': 'literacy_Cannot read at all'}, 'wealth_quintile': {'reference': 'Poorest', 'reference_column': 'wealth_quintile_Poorest'}, 'residence': {'reference': 'Rural', 'reference_column': 'residence_Rural'}, 'country_admin_region': {'reference': 'ghana::01', 'reference_column': 'country_admin_region_ghana::01'}}"
binary_lpm,model4_preferred_lpm,wasted,ghana,maternal_education_Secondary,-0.016163273108113413,0.018884548755285033,-0.053176308532762784,0.020849762316535958,0.3920534515084724,4408,616,16,weight_original,cluster_robust_psu,True,"{'child_sex': {'reference': 'Male', 'reference_column': 'child_sex_Male'}, 'maternal_education': {'reference': 'No education', 'reference_column': 'maternal_education_No education'}, 'literacy': {'reference': 'Cannot read at all', 'reference_column': 'literacy_Cannot read at all'}, 'wealth_quintile': {'reference': 'Poorest', 'reference_column': 'wealth_quintile_Poorest'}, 'residence': {'reference': 'Rural', 'reference_column': 'residence_Rural'}, 'country_admin_region': {'reference': 'ghana::01', 'reference_column': 'country_admin_region_ghana::01'}}"
binary_lpm,model4_preferred_lpm,wasted,ghana,literacy_Able to read only parts of sentence,-0.012687979737025276,0.017090469895065952,-0.04618468521022058,0.020808725736170028,0.4578444919603092,4408,616,16,weight_original,cluster_robust_psu,True,"{'child_sex': {'reference': 'Male', 'reference_column': 'child_sex_Male'}, 'maternal_education': {'reference': 'No education', 'reference_column': 'maternal_education_No education'}, 'literacy': {'reference': 'Cannot read at all', 'reference_column': 'literacy_Cannot read at all'}, 'wealth_quintile': {'reference': 'Poorest', 'reference_column': 'wealth_quintile_Poorest'}, 'residence': {'reference': 'Rural', 'reference_column': 'residence_Rural'}, 'country_admin_region': {'reference': 'ghana::01', 'reference_column': 'country_admin_region_ghana::01'}}"
binary_lpm,model4_preferred_lpm,wasted,ghana,literacy_Able to read whole sentence,-0.014641167858401383,0.017232150271289957,-0.04841556176631182,0.01913322604950906,0.39552385557803116,4408,616,16,weight_original,cluster_robust_psu,True,"{'child_sex': {'reference': 'Male', 'reference_column': 'child_sex_Male'}, 'maternal_education': {'reference': 'No education', 'reference_column': 'maternal_education_No education'}, 'literacy': {'reference': 'Cannot read at all', 'reference_column': 'literacy_Cannot read at all'}, 'wealth_quintile': {'reference': 'Poorest', 'reference_column': 'wealth_quintile_Poorest'}, 'residence': {'reference': 'Rural', 'reference_column': 'residence_Rural'}, 'country_admin_region': {'reference': 'ghana::01', 'reference_column': 'country_admin_region_ghana::01'}}"
binary_lpm,model4_preferred_lpm,wasted,ghana,literacy_Blind/visually impaired,-0.07033281460279586,0.03240497182655399,-0.13384539230287681,-0.00682023690271491,0.02997407223953588,4408,616,16,weight_original,cluster_robust_psu,True,"{'child_sex': {'reference': 'Male', 'reference_column': 'child_sex_Male'}, 'maternal_education': {'reference': 'No education', 'reference_column': 'maternal_education_No education'}, 'literacy': {'reference': 'Cannot read at all', 'reference_column': 'literacy_Cannot read at all'}, 'wealth_quintile': {'reference': 'Poorest', 'reference_column': 'wealth_quintile_Poorest'}, 'residence': {'reference': 'Rural', 'reference_column': 'residence_Rural'}, 'country_admin_region': {'reference': 'ghana::01', 'reference_column': 'country_admin_region_ghana::01'}}"
binary_lpm,model4_preferred_lpm,wasted,ghana,literacy_No card with required language,-0.0740428586055075,0.016641914383073355,-0.10666041143013039,-0.04142530578088461,8.619909204760266e-06,4408,616,16,weight_original,cluster_robust_psu,True,"{'child_sex': {'reference': 'Male', 'reference_column': 'child_sex_Male'}, 'maternal_education': {'reference': 'No education', 'reference_column': 'maternal_education_No education'}, 'literacy': {'reference': 'Cannot read at all', 'reference_column': 'literacy_Cannot read at all'}, 'wealth_quintile': {'reference': 'Poorest', 'reference_column': 'wealth_quintile_Poorest'}, 'residence': {'reference': 'Rural', 'reference_column': 'residence_Rural'}, 'country_admin_region': {'reference': 'ghana::01', 'reference_column': 'country_admin_region_ghana::01'}}"
binary_lpm,model4_preferred_lpm,wasted,ghana,wealth_quintile_Middle,-0.010254946787540718,0.01657596815047585,-0.0427432473713564,0.022233353796274963,0.536138047514508,4408,616,16,weight_original,cluster_robust_psu,True,"{'child_sex': {'reference': 'Male', 'reference_column': 'child_sex_Male'}, 'maternal_education': {'reference': 'No education', 'reference_column': 'maternal_education_No education'}, 'literacy': {'reference': 'Cannot read at all', 'reference_column': 'literacy_Cannot read at all'}, 'wealth_quintile': {'reference': 'Poorest', 'reference_column': 'wealth_quintile_Poorest'}, 'residence': {'reference': 'Rural', 'reference_column': 'residence_Rural'}, 'country_admin_region': {'reference': 'ghana::01', 'reference_column': 'country_admin_region_ghana::01'}}"
binary_lpm,model4_preferred_lpm,wasted,ghana,wealth_quintile_Poorer,0.01732686106966079,0.013331900928401984,-0.008803184595463209,0.04345690673478479,0.1937195134540125,4408,616,16,weight_original,cluster_robust_psu,True,"{'child_sex': {'reference': 'Male', 'reference_column': 'child_sex_Male'}, 'maternal_education': {'reference': 'No education', 'reference_column': 'maternal_education_No education'}, 'literacy': {'reference': 'Cannot read at all', 'reference_column': 'literacy_Cannot read at all'}, 'wealth_quintile': {'reference': 'Poorest', 'reference_column': 'wealth_quintile_Poorest'}, 'residence': {'reference': 'Rural', 'reference_column': 'residence_Rural'}, 'country_admin_region': {'reference': 'ghana::01', 'reference_column': 'country_admin_region_ghana::01'}}"
binary_lpm,model4_preferred_lpm,wasted,ghana,wealth_quintile_Richer,-0.000904589963307497,0.018453652765219795,-0.03707308476634627,0.03526390483973128,0.9609037069989715,4408,616,16,weight_original,cluster_robust_psu,True,"{'child_sex': {'reference': 'Male', 'reference_column': 'child_sex_Male'}, 'maternal_education': {'reference': 'No education', 'reference_column': 'maternal_education_No education'}, 'literacy': {'reference': 'Cannot read at all', 'reference_column': 'literacy_Cannot read at all'}, 'wealth_quintile': {'reference': 'Poorest', 'reference_column': 'wealth_quintile_Poorest'}, 'residence': {'reference': 'Rural', 'reference_column': 'residence_Rural'}, 'country_admin_region': {'reference': 'ghana::01', 'reference_column': 'country_admin_region_ghana::01'}}"
binary_lpm,model4_preferred_lpm,wasted,ghana,wealth_quintile_Richest,-0.00555618133764247,0.02004841487376777,-0.044850352437344435,0.033737989762059495,0.781674001241552,4408,616,16,weight_original,cluster_robust_psu,True,"{'child_sex': {'reference': 'Male', 'reference_column': 'child_sex_Male'}, 'maternal_education': {'reference': 'No education', 'reference_column': 'maternal_education_No education'}, 'literacy': {'reference': 'Cannot read at all', 'reference_column': 'literacy_Cannot read at all'}, 'wealth_quintile': {'reference': 'Poorest', 'reference_column': 'wealth_quintile_Poorest'}, 'residence': {'reference': 'Rural', 'reference_column': 'residence_Rural'}, 'country_admin_region': {'reference': 'ghana::01', 'reference_column': 'country_admin_region_ghana::01'}}"
binary_lpm,model4_preferred_lpm,wasted,ghana,residence_Urban,0.014267335877571601,0.011272487975873146,-0.007826334571300577,0.036361006326443776,0.2056285199935266,4408,616,16,weight_original,cluster_robust_psu,True,"{'child_sex': {'reference': 'Male', 'reference_column': 'child_sex_Male'}, 'maternal_education': {'reference': 'No education', 'reference_column': 'maternal_education_No education'}, 'literacy': {'reference': 'Cannot read at all', 'reference_column': 'literacy_Cannot read at all'}, 'wealth_quintile': {'reference': 'Poorest', 'reference_column': 'wealth_quintile_Poorest'}, 'residence': {'reference': 'Rural', 'reference_column': 'residence_Rural'}, 'country_admin_region': {'reference': 'ghana::01', 'reference_column': 'country_admin_region_ghana::01'}}"
binary_lpm,model4_preferred_lpm,wasted,ghana,country_admin_region_ghana::02,0.024978689020530402,0.02184083478294736,-0.01782856054633611,0.06778593858739691,0.2527608707151593,4408,616,16,weight_original,cluster_robust_psu,True,"{'child_sex': {'reference': 'Male', 'reference_column': 'child_sex_Male'}, 'maternal_education': {'reference': 'No education', 'reference_column': 'maternal_education_No education'}, 'literacy': {'reference': 'Cannot read at all', 'reference_column': 'literacy_Cannot read at all'}, 'wealth_quintile': {'reference': 'Poorest', 'reference_column': 'wealth_quintile_Poorest'}, 'residence': {'reference': 'Rural', 'reference_column': 'residence_Rural'}, 'country_admin_region': {'reference': 'ghana::01', 'reference_column': 'country_admin_region_ghana::01'}}"
binary_lpm,model4_preferred_lpm,wasted,ghana,country_admin_region_ghana::03,-0.002999938045934278,0.025415392588185228,-0.052813192171723554,0.046813316079855,0.9060389224327277,4408,616,16,weight_original,cluster_robust_psu,True,"{'child_sex': {'reference': 'Male', 'reference_column': 'child_sex_Male'}, 'maternal_education': {'reference': 'No education', 'reference_column': 'maternal_education_No education'}, 'literacy': {'reference': 'Cannot read at all', 'reference_column': 'literacy_Cannot read at all'}, 'wealth_quintile': {'reference': 'Poorest', 'reference_column': 'wealth_quintile_Poorest'}, 'residence': {'reference': 'Rural', 'reference_column': 'residence_Rural'}, 'country_admin_region': {'reference': 'ghana::01', 'reference_column': 'country_admin_region_ghana::01'}}"
binary_lpm,model4_preferred_lpm,wasted,ghana,country_admin_region_ghana::04,0.030061137632190482,0.024886998388909166,-0.01871648289337783,0.07883875815775879,0.22708368488654107,4408,616,16,weight_original,cluster_robust_psu,True,"{'child_sex': {'reference': 'Male', 'reference_column': 'child_sex_Male'}, 'maternal_education': {'reference': 'No education', 'reference_column': 'maternal_education_No education'}, 'literacy': {'reference': 'Cannot read at all', 'reference_column': 'literacy_Cannot read at all'}, 'wealth_quintile': {'reference': 'Poorest', 'reference_column': 'wealth_quintile_Poorest'}, 'residence': {'reference': 'Rural', 'reference_column': 'residence_Rural'}, 'country_admin_region': {'reference': 'ghana::01', 'reference_column': 'country_admin_region_ghana::01'}}"
binary_lpm,model4_preferred_lpm,wasted,ghana,country_admin_region_ghana::05,-0.011871175942315494,0.020330579226092896,-0.05171837901029577,0.027976027125664785,0.5592826047820899,4408,616,16,weight_original,cluster_robust_psu,True,"{'child_sex': {'reference': 'Male', 'reference_column': 'child_sex_Male'}, 'maternal_education': {'reference': 'No education', 'reference_column': 'maternal_education_No education'}, 'literacy': {'reference': 'Cannot read at all', 'reference_column': 'literacy_Cannot read at all'}, 'wealth_quintile': {'reference': 'Poorest', 'reference_column': 'wealth_quintile_Poorest'}, 'residence': {'reference': 'Rural', 'reference_column': 'residence_Rural'}, 'country_admin_region': {'reference': 'ghana::01', 'reference_column': 'country_admin_region_ghana::01'}}"
binary_lpm,model4_preferred_lpm,wasted,ghana,country_admin_region_ghana::06,0.027069248803382736,0.019050872747701696,-0.010269775656168208,0.06440827326293368,0.15534791299883624,4408,616,16,weight_original,cluster_robust_psu,True,"{'child_sex': {'reference': 'Male', 'reference_column': 'child_sex_Male'}, 'maternal_education': {'reference': 'No education', 'reference_column': 'maternal_education_No education'}, 'literacy': {'reference': 'Cannot read at all', 'reference_column': 'literacy_Cannot read at all'}, 'wealth_quintile': {'reference': 'Poorest', 'reference_column': 'wealth_quintile_Poorest'}, 'residence': {'reference': 'Rural', 'reference_column': 'residence_Rural'}, 'country_admin_region': {'reference': 'ghana::01', 'reference_column': 'country_admin_region_ghana::01'}}"
binary_lpm,model4_preferred_lpm,wasted,ghana,country_admin_region_ghana::07,-0.0441815019237631,0.016786588474286428,-0.07708261075665968,-0.011280393090866522,0.00848957546969662,4408,616,16,weight_original,cluster_robust_psu,True,"{'child_sex': {'reference': 'Male', 'reference_column': 'child_sex_Male'}, 'maternal_education': {'reference': 'No education', 'reference_column': 'maternal_education_No education'}, 'literacy': {'reference': 'Cannot read at all', 'reference_column': 'literacy_Cannot read at all'}, 'wealth_quintile': {'reference': 'Poorest', 'reference_column': 'wealth_quintile_Poorest'}, 'residence': {'reference': 'Rural', 'reference_column': 'residence_Rural'}, 'country_admin_region': {'reference': 'ghana::01', 'reference_column': 'country_admin_region_ghana::01'}}"
binary_lpm,model4_preferred_lpm,wasted,ghana,country_admin_region_ghana::08,-0.020183715841479603,0.02066323775649463,-0.060682917648197304,0.020315485965238095,0.3286714063561802,4408,616,16,weight_original,cluster_robust_psu,True,"{'child_sex': {'reference': 'Male', 'reference_column': 'child_sex_Male'}, 'maternal_education': {'reference': 'No education', 'reference_column': 'maternal_education_No education'}, 'literacy': {'reference': 'Cannot read at all', 'reference_column': 'literacy_Cannot read at all'}, 'wealth_quintile': {'reference': 'Poorest', 'reference_column': 'wealth_quintile_Poorest'}, 'residence': {'reference': 'Rural', 'reference_column': 'residence_Rural'}, 'country_admin_region': {'reference': 'ghana::01', 'reference_column': 'country_admin_region_ghana::01'}}"
binary_lpm,model4_preferred_lpm,wasted,ghana,country_admin_region_ghana::09,-0.0212186451255131,0.02305699342533429,-0.06640952183094512,0.023972231579918922,0.3574320042223702,4408,616,16,weight_original,cluster_robust_psu,True,"{'child_sex': {'reference': 'Male', 'reference_column': 'child_sex_Male'}, 'maternal_education': {'reference': 'No education', 'reference_column': 'maternal_education_No education'}, 'literacy': {'reference': 'Cannot read at all', 'reference_column': 'literacy_Cannot read at all'}, 'wealth_quintile': {'reference': 'Poorest', 'reference_column': 'wealth_quintile_Poorest'}, 'residence': {'reference': 'Rural', 'reference_column': 'residence_Rural'}, 'country_admin_region': {'reference': 'ghana::01', 'reference_column': 'country_admin_region_ghana::01'}}"
binary_lpm,model4_preferred_lpm,wasted,ghana,country_admin_region_ghana::10,-0.013991075183755221,0.020969439729169193,-0.05509042182891019,0.027108271461399745,0.5046363201449404,4408,616,16,weight_original,cluster_robust_psu,True,"{'child_sex': {'reference': 'Male', 'reference_column': 'child_sex_Male'}, 'maternal_education': {'reference': 'No education', 'reference_column': 'maternal_education_No education'}, 'literacy': {'reference': 'Cannot read at all', 'reference_column': 'literacy_Cannot read at all'}, 'wealth_quintile': {'reference': 'Poorest', 'reference_column': 'wealth_quintile_Poorest'}, 'residence': {'reference': 'Rural', 'reference_column': 'residence_Rural'}, 'country_admin_region': {'reference': 'ghana::01', 'reference_column': 'country_admin_region_ghana::01'}}"
binary_lpm,model4_preferred_lpm,wasted,ghana,country_admin_region_ghana::11,-0.002137323216790269,0.02162086609623948,-0.044513442079982764,0.040238795646402224,0.9212536740936519,4408,616,16,weight_original,cluster_robust_psu,True,"{'child_sex': {'reference': 'Male', 'reference_column': 'child_sex_Male'}, 'maternal_education': {'reference': 'No education', 'reference_column': 'maternal_education_No education'}, 'literacy': {'reference': 'Cannot read at all', 'reference_column': 'literacy_Cannot read at all'}, 'wealth_quintile': {'reference': 'Poorest', 'reference_column': 'wealth_quintile_Poorest'}, 'residence': {'reference': 'Rural', 'reference_column': 'residence_Rural'}, 'country_admin_region': {'reference': 'ghana::01', 'reference_column': 'country_admin_region_ghana::01'}}"
binary_lpm,model4_preferred_lpm,wasted,ghana,country_admin_region_ghana::12,0.0031143078416309973,0.022440947492462063,-0.040869141022549085,0.04709775670581108,0.8896256485500114,4408,616,16,weight_original,cluster_robust_psu,True,"{'child_sex': {'reference': 'Male', 'reference_column': 'child_sex_Male'}, 'maternal_education': {'reference': 'No education', 'reference_column': 'maternal_education_No education'}, 'literacy': {'reference': 'Cannot read at all', 'reference_column': 'literacy_Cannot read at all'}, 'wealth_quintile': {'reference': 'Poorest', 'reference_column': 'wealth_quintile_Poorest'}, 'residence': {'reference': 'Rural', 'reference_column': 'residence_Rural'}, 'country_admin_region': {'reference': 'ghana::01', 'reference_column': 'country_admin_region_ghana::01'}}"
binary_lpm,model4_preferred_lpm,wasted,ghana,country_admin_region_ghana::13,-0.02652849147637809,0.020075581308255375,-0.06587590780926413,0.012818924856507943,0.18635776181076014,4408,616,16,weight_original,cluster_robust_psu,True,"{'child_sex': {'reference': 'Male', 'reference_column': 'child_sex_Male'}, 'maternal_education': {'reference': 'No education', 'reference_column': 'maternal_education_No education'}, 'literacy': {'reference': 'Cannot read at all', 'reference_column': 'literacy_Cannot read at all'}, 'wealth_quintile': {'reference': 'Poorest', 'reference_column': 'wealth_quintile_Poorest'}, 'residence': {'reference': 'Rural', 'reference_column': 'residence_Rural'}, 'country_admin_region': {'reference': 'ghana::01', 'reference_column': 'country_admin_region_ghana::01'}}"
binary_lpm,model4_preferred_lpm,wasted,ghana,country_admin_region_ghana::14,0.007036947445963478,0.020920677731917293,-0.03396682744076352,0.04804072233269047,0.736596948332348,4408,616,16,weight_original,cluster_robust_psu,True,"{'child_sex': {'reference': 'Male', 'reference_column': 'child_sex_Male'}, 'maternal_education': {'reference': 'No education', 'reference_column': 'maternal_education_No education'}, 'literacy': {'reference': 'Cannot read at all', 'reference_column': 'literacy_Cannot read at all'}, 'wealth_quintile': {'reference': 'Poorest', 'reference_column': 'wealth_quintile_Poorest'}, 'residence': {'reference': 'Rural', 'reference_column': 'residence_Rural'}, 'country_admin_region': {'reference': 'ghana::01', 'reference_column': 'country_admin_region_ghana::01'}}"
binary_lpm,model4_preferred_lpm,wasted,ghana,country_admin_region_ghana::15,-0.03897599773037412,0.019010619188947083,-0.07623612666451646,-0.0017158687962317842,0.040342730855277786,4408,616,16,weight_original,cluster_robust_psu,True,"{'child_sex': {'reference': 'Male', 'reference_column': 'child_sex_Male'}, 'maternal_education': {'reference': 'No education', 'reference_column': 'maternal_education_No education'}, 'literacy': {'reference': 'Cannot read at all', 'reference_column': 'literacy_Cannot read at all'}, 'wealth_quintile': {'reference': 'Poorest', 'reference_column': 'wealth_quintile_Poorest'}, 'residence': {'reference': 'Rural', 'reference_column': 'residence_Rural'}, 'country_admin_region': {'reference': 'ghana::01', 'reference_column': 'country_admin_region_ghana::01'}}"
binary_lpm,model4_preferred_lpm,wasted,ghana,country_admin_region_ghana::16,0.0010675157369136462,0.021408186125965286,-0.04089175804430838,0.04302678951813567,0.960230097495514,4408,616,16,weight_original,cluster_robust_psu,True,"{'child_sex': {'reference': 'Male', 'reference_column': 'child_sex_Male'}, 'maternal_education': {'reference': 'No education', 'reference_column': 'maternal_education_No education'}, 'literacy': {'reference': 'Cannot read at all', 'reference_column': 'literacy_Cannot read at all'}, 'wealth_quintile': {'reference': 'Poorest', 'reference_column': 'wealth_quintile_Poorest'}, 'residence': {'reference': 'Rural', 'reference_column': 'residence_Rural'}, 'country_admin_region': {'reference': 'ghana::01', 'reference_column': 'country_admin_region_ghana::01'}}"
binary_lpm,model4_preferred_lpm,wasted,kenya,const,0.08590723378301537,0.023771206437864765,0.03931652529573376,0.132497942270297,0.0003016023812874159,17332,1688,47,weight_original,cluster_robust_psu,True,"{'child_sex': {'reference': 'Male', 'reference_column': 'child_sex_Male'}, 'maternal_education': {'reference': 'No education', 'reference_column': 'maternal_education_No education'}, 'literacy': {'reference': 'Cannot read at all', 'reference_column': 'literacy_Cannot read at all'}, 'wealth_quintile': {'reference': 'Poorest', 'reference_column': 'wealth_quintile_Poorest'}, 'residence': {'reference': 'Rural', 'reference_column': 'residence_Rural'}, 'country_admin_region': {'reference': 'kenya::01', 'reference_column': 'country_admin_region_kenya::01'}}"
binary_lpm,model4_preferred_lpm,wasted,kenya,water_rate_loo,0.020076225433523553,0.009308749514419679,0.001831411644156268,0.03832103922289084,0.031028667114330756,17332,1688,47,weight_original,cluster_robust_psu,True,"{'child_sex': {'reference': 'Male', 'reference_column': 'child_sex_Male'}, 'maternal_education': {'reference': 'No education', 'reference_column': 'maternal_education_No education'}, 'literacy': {'reference': 'Cannot read at all', 'reference_column': 'literacy_Cannot read at all'}, 'wealth_quintile': {'reference': 'Poorest', 'reference_column': 'wealth_quintile_Poorest'}, 'residence': {'reference': 'Rural', 'reference_column': 'residence_Rural'}, 'country_admin_region': {'reference': 'kenya::01', 'reference_column': 'country_admin_region_kenya::01'}}"
binary_lpm,model4_preferred_lpm,wasted,kenya,sanitation_rate_loo_core,-0.011472565917221495,0.01164995401081405,-0.034306056199964984,0.011360924365521994,0.32473534308357066,17332,1688,47,weight_original,cluster_robust_psu,True,"{'child_sex': {'reference': 'Male', 'reference_column': 'child_sex_Male'}, 'maternal_education': {'reference': 'No education', 'reference_column': 'maternal_education_No education'}, 'literacy': {'reference': 'Cannot read at all', 'reference_column': 'literacy_Cannot read at all'}, 'wealth_quintile': {'reference': 'Poorest', 'reference_column': 'wealth_quintile_Poorest'}, 'residence': {'reference': 'Rural', 'reference_column': 'residence_Rural'}, 'country_admin_region': {'reference': 'kenya::01', 'reference_column': 'country_admin_region_kenya::01'}}"
binary_lpm,model4_preferred_lpm,wasted,kenya,b19_raw,0.0003476590513212068,0.00013371553670890696,8.558141519830563e-05,0.000609736687444108,0.009322649125737032,17332,1688,47,weight_original,cluster_robust_psu,True,"{'child_sex': {'reference': 'Male', 'reference_column': 'child_sex_Male'}, 'maternal_education': {'reference': 'No education', 'reference_column': 'maternal_education_No education'}, 'literacy': {'reference': 'Cannot read at all', 'reference_column': 'literacy_Cannot read at all'}, 'wealth_quintile': {'reference': 'Poorest', 'reference_column': 'wealth_quintile_Poorest'}, 'residence': {'reference': 'Rural', 'reference_column': 'residence_Rural'}, 'country_admin_region': {'reference': 'kenya::01', 'reference_column': 'country_admin_region_kenya::01'}}"
binary_lpm,model4_preferred_lpm,wasted,kenya,birth_order_raw,-1.1332842315358053e-05,0.0022522946320459674,-0.004425749203698348,0.004403083519067631,0.9959853113222304,17332,1688,47,weight_original,cluster_robust_psu,True,"{'child_sex': {'reference': 'Male', 'reference_column': 'child_sex_Male'}, 'maternal_education': {'reference': 'No education', 'reference_column': 'maternal_education_No education'}, 'literacy': {'reference': 'Cannot read at all', 'reference_column': 'literacy_Cannot read at all'}, 'wealth_quintile': {'reference': 'Poorest', 'reference_column': 'wealth_quintile_Poorest'}, 'residence': {'reference': 'Rural', 'reference_column': 'residence_Rural'}, 'country_admin_region': {'reference': 'kenya::01', 'reference_column': 'country_admin_region_kenya::01'}}"
binary_lpm,model4_preferred_lpm,wasted,kenya,maternal_age,0.0004421238982291884,0.0006936735699091609,-0.0009174513158200943,0.0018016991122784712,0.5238865168422613,17332,1688,47,weight_original,cluster_robust_psu,True,"{'child_sex': {'reference': 'Male', 'reference_column': 'child_sex_Male'}, 'maternal_education': {'reference': 'No education', 'reference_column': 'maternal_education_No education'}, 'literacy': {'reference': 'Cannot read at all', 'reference_column': 'literacy_Cannot read at all'}, 'wealth_quintile': {'reference': 'Poorest', 'reference_column': 'wealth_quintile_Poorest'}, 'residence': {'reference': 'Rural', 'reference_column': 'residence_Rural'}, 'country_admin_region': {'reference': 'kenya::01', 'reference_column': 'country_admin_region_kenya::01'}}"
binary_lpm,model4_preferred_lpm,wasted,kenya,household_size_raw,0.0002597763604053964,0.0009236946289166264,-0.0015506318449842813,0.002070184565795074,0.7785292468619052,17332,1688,47,weight_original,cluster_robust_psu,True,"{'child_sex': {'reference': 'Male', 'reference_column': 'child_sex_Male'}, 'maternal_education': {'reference': 'No education', 'reference_column': 'maternal_education_No education'}, 'literacy': {'reference': 'Cannot read at all', 'reference_column': 'literacy_Cannot read at all'}, 'wealth_quintile': {'reference': 'Poorest', 'reference_column': 'wealth_quintile_Poorest'}, 'residence': {'reference': 'Rural', 'reference_column': 'residence_Rural'}, 'country_admin_region': {'reference': 'kenya::01', 'reference_column': 'country_admin_region_kenya::01'}}"
binary_lpm,model4_preferred_lpm,wasted,kenya,child_sex_Female,-0.010474386881949991,0.0038931712047704384,-0.018104862228948464,-0.00284391153495152,0.007135548449936316,17332,1688,47,weight_original,cluster_robust_psu,True,"{'child_sex': {'reference': 'Male', 'reference_column': 'child_sex_Male'}, 'maternal_education': {'reference': 'No education', 'reference_column': 'maternal_education_No education'}, 'literacy': {'reference': 'Cannot read at all', 'reference_column': 'literacy_Cannot read at all'}, 'wealth_quintile': {'reference': 'Poorest', 'reference_column': 'wealth_quintile_Poorest'}, 'residence': {'reference': 'Rural', 'reference_column': 'residence_Rural'}, 'country_admin_region': {'reference': 'kenya::01', 'reference_column': 'country_admin_region_kenya::01'}}"
binary_lpm,model4_preferred_lpm,wasted,kenya,maternal_education_Higher,-0.02855382743952199,0.015748127572036898,-0.05941959030465652,0.002311935425612536,0.06980761280507794,17332,1688,47,weight_original,cluster_robust_psu,True,"{'child_sex': {'reference': 'Male', 'reference_column': 'child_sex_Male'}, 'maternal_education': {'reference': 'No education', 'reference_column': 'maternal_education_No education'}, 'literacy': {'reference': 'Cannot read at all', 'reference_column': 'literacy_Cannot read at all'}, 'wealth_quintile': {'reference': 'Poorest', 'reference_column': 'wealth_quintile_Poorest'}, 'residence': {'reference': 'Rural', 'reference_column': 'residence_Rural'}, 'country_admin_region': {'reference': 'kenya::01', 'reference_column': 'country_admin_region_kenya::01'}}"
binary_lpm,model4_preferred_lpm,wasted,kenya,maternal_education_Primary,-0.02608710561071831,0.013767807979753985,-0.053071513397099285,0.0008973021756626641,0.05812022154057883,17332,1688,47,weight_original,cluster_robust_psu,True,"{'child_sex': {'reference': 'Male', 'reference_column': 'child_sex_Male'}, 'maternal_education': {'reference': 'No education', 'reference_column': 'maternal_education_No education'}, 'literacy': {'reference': 'Cannot read at all', 'reference_column': 'literacy_Cannot read at all'}, 'wealth_quintile': {'reference': 'Poorest', 'reference_column': 'wealth_quintile_Poorest'}, 'residence': {'reference': 'Rural', 'reference_column': 'residence_Rural'}, 'country_admin_region': {'reference': 'kenya::01', 'reference_column': 'country_admin_region_kenya::01'}}"
binary_lpm,model4_preferred_lpm,wasted,kenya,maternal_education_Secondary,-0.02979588188267853,0.014688830476490446,-0.058585460591614125,-0.0010063031737429368,0.04251209439598189,17332,1688,47,weight_original,cluster_robust_psu,True,"{'child_sex': {'reference': 'Male', 'reference_column': 'child_sex_Male'}, 'maternal_education': {'reference': 'No education', 'reference_column': 'maternal_education_No education'}, 'literacy': {'reference': 'Cannot read at all', 'reference_column': 'literacy_Cannot read at all'}, 'wealth_quintile': {'reference': 'Poorest', 'reference_column': 'wealth_quintile_Poorest'}, 'residence': {'reference': 'Rural', 'reference_column': 'residence_Rural'}, 'country_admin_region': {'reference': 'kenya::01', 'reference_column': 'country_admin_region_kenya::01'}}"
binary_lpm,model4_preferred_lpm,wasted,kenya,literacy_Able to read only parts of sentence,-0.023579800585681036,0.01201373384160477,-0.04712628623507641,-3.331493628565968e-05,0.04967673505223259,17332,1688,47,weight_original,cluster_robust_psu,True,"{'child_sex': {'reference': 'Male', 'reference_column': 'child_sex_Male'}, 'maternal_education': {'reference': 'No education', 'reference_column': 'maternal_education_No education'}, 'literacy': {'reference': 'Cannot read at all', 'reference_column': 'literacy_Cannot read at all'}, 'wealth_quintile': {'reference': 'Poorest', 'reference_column': 'wealth_quintile_Poorest'}, 'residence': {'reference': 'Rural', 'reference_column': 'residence_Rural'}, 'country_admin_region': {'reference': 'kenya::01', 'reference_column': 'country_admin_region_kenya::01'}}"
binary_lpm,model4_preferred_lpm,wasted,kenya,literacy_Able to read whole sentence,-0.015234398338318418,0.010714359410033144,-0.0362341568994012,0.005765360222764367,0.15506474912978163,17332,1688,47,weight_original,cluster_robust_psu,True,"{'child_sex': {'reference': 'Male', 'reference_column': 'child_sex_Male'}, 'maternal_education': {'reference': 'No education', 'reference_column': 'maternal_education_No education'}, 'literacy': {'reference': 'Cannot read at all', 'reference_column': 'literacy_Cannot read at all'}, 'wealth_quintile': {'reference': 'Poorest', 'reference_column': 'wealth_quintile_Poorest'}, 'residence': {'reference': 'Rural', 'reference_column': 'residence_Rural'}, 'country_admin_region': {'reference': 'kenya::01', 'reference_column': 'country_admin_region_kenya::01'}}"
binary_lpm,model4_preferred_lpm,wasted,kenya,literacy_Blind/visually impaired,-0.04676891639057503,0.013611547201354867,-0.07344705867909754,-0.020090774102052525,0.0005904285752721362,17332,1688,47,weight_original,cluster_robust_psu,True,"{'child_sex': {'reference': 'Male', 'reference_column': 'child_sex_Male'}, 'maternal_education': {'reference': 'No education', 'reference_column': 'maternal_education_No education'}, 'literacy': {'reference': 'Cannot read at all', 'reference_column': 'literacy_Cannot read at all'}, 'wealth_quintile': {'reference': 'Poorest', 'reference_column': 'wealth_quintile_Poorest'}, 'residence': {'reference': 'Rural', 'reference_column': 'residence_Rural'}, 'country_admin_region': {'reference': 'kenya::01', 'reference_column': 'country_admin_region_kenya::01'}}"
binary_lpm,model4_preferred_lpm,wasted,kenya,literacy_No card with required language,-0.09802873335702128,0.020880812471774028,-0.13895437376963315,-0.0571030929444094,2.6702435366634354e-06,17332,1688,47,weight_original,cluster_robust_psu,True,"{'child_sex': {'reference': 'Male', 'reference_column': 'child_sex_Male'}, 'maternal_education': {'reference': 'No education', 'reference_column': 'maternal_education_No education'}, 'literacy': {'reference': 'Cannot read at all', 'reference_column': 'literacy_Cannot read at all'}, 'wealth_quintile': {'reference': 'Poorest', 'reference_column': 'wealth_quintile_Poorest'}, 'residence': {'reference': 'Rural', 'reference_column': 'residence_Rural'}, 'country_admin_region': {'reference': 'kenya::01', 'reference_column': 'country_admin_region_kenya::01'}}"
binary_lpm,model4_preferred_lpm,wasted,kenya,wealth_quintile_Middle,-0.012860174542642915,0.007154382130908313,-0.026882505850860133,0.0011621567655743046,0.07225245030325873,17332,1688,47,weight_original,cluster_robust_psu,True,"{'child_sex': {'reference': 'Male', 'reference_column': 'child_sex_Male'}, 'maternal_education': {'reference': 'No education', 'reference_column': 'maternal_education_No education'}, 'literacy': {'reference': 'Cannot read at all', 'reference_column': 'literacy_Cannot read at all'}, 'wealth_quintile': {'reference': 'Poorest', 'reference_column': 'wealth_quintile_Poorest'}, 'residence': {'reference': 'Rural', 'reference_column': 'residence_Rural'}, 'country_admin_region': {'reference': 'kenya::01', 'reference_column': 'country_admin_region_kenya::01'}}"
binary_lpm,model4_preferred_lpm,wasted,kenya,wealth_quintile_Poorer,-0.021458679741231564,0.00612766779254052,-0.03346868792383704,-0.009448671558626089,0.0004618964106631584,17332,1688,47,weight_original,cluster_robust_psu,True,"{'child_sex': {'reference': 'Male', 'reference_column': 'child_sex_Male'}, 'maternal_education': {'reference': 'No education', 'reference_column': 'maternal_education_No education'}, 'literacy': {'reference': 'Cannot read at all', 'reference_column': 'literacy_Cannot read at all'}, 'wealth_quintile': {'reference': 'Poorest', 'reference_column': 'wealth_quintile_Poorest'}, 'residence': {'reference': 'Rural', 'reference_column': 'residence_Rural'}, 'country_admin_region': {'reference': 'kenya::01', 'reference_column': 'country_admin_region_kenya::01'}}"
binary_lpm,model4_preferred_lpm,wasted,kenya,wealth_quintile_Richer,-0.016621080188912146,0.008402317929999036,-0.03308932071836539,-0.00015283965945889905,0.0479113179300782,17332,1688,47,weight_original,cluster_robust_psu,True,"{'child_sex': {'reference': 'Male', 'reference_column': 'child_sex_Male'}, 'maternal_education': {'reference': 'No education', 'reference_column': 'maternal_education_No education'}, 'literacy': {'reference': 'Cannot read at all', 'reference_column': 'literacy_Cannot read at all'}, 'wealth_quintile': {'reference': 'Poorest', 'reference_column': 'wealth_quintile_Poorest'}, 'residence': {'reference': 'Rural', 'reference_column': 'residence_Rural'}, 'country_admin_region': {'reference': 'kenya::01', 'reference_column': 'country_admin_region_kenya::01'}}"
binary_lpm,model4_preferred_lpm,wasted,kenya,wealth_quintile_Richest,-0.029579413050202348,0.012300386348587523,-0.05368772728936204,-0.005471098811042661,0.01618332035477046,17332,1688,47,weight_original,cluster_robust_psu,True,"{'child_sex': {'reference': 'Male', 'reference_column': 'child_sex_Male'}, 'maternal_education': {'reference': 'No education', 'reference_column': 'maternal_education_No education'}, 'literacy': {'reference': 'Cannot read at all', 'reference_column': 'literacy_Cannot read at all'}, 'wealth_quintile': {'reference': 'Poorest', 'reference_column': 'wealth_quintile_Poorest'}, 'residence': {'reference': 'Rural', 'reference_column': 'residence_Rural'}, 'country_admin_region': {'reference': 'kenya::01', 'reference_column': 'country_admin_region_kenya::01'}}"
binary_lpm,model4_preferred_lpm,wasted,kenya,residence_Urban,-0.002103278289844539,0.007412119371423494,-0.016630765306946252,0.012424208727257174,0.776592728663773,17332,1688,47,weight_original,cluster_robust_psu,True,"{'child_sex': {'reference': 'Male', 'reference_column': 'child_sex_Male'}, 'maternal_education': {'reference': 'No education', 'reference_column': 'maternal_education_No education'}, 'literacy': {'reference': 'Cannot read at all', 'reference_column': 'literacy_Cannot read at all'}, 'wealth_quintile': {'reference': 'Poorest', 'reference_column': 'wealth_quintile_Poorest'}, 'residence': {'reference': 'Rural', 'reference_column': 'residence_Rural'}, 'country_admin_region': {'reference': 'kenya::01', 'reference_column': 'country_admin_region_kenya::01'}}"
binary_lpm,model4_preferred_lpm,wasted,kenya,country_admin_region_kenya::02,-0.011336177662423235,0.018193505006282955,-0.046994792227287,0.024322436902440528,0.5332258637215064,17332,1688,47,weight_original,cluster_robust_psu,True,"{'child_sex': {'reference': 'Male', 'reference_column': 'child_sex_Male'}, 'maternal_education': {'reference': 'No education', 'reference_column': 'maternal_education_No education'}, 'literacy': {'reference': 'Cannot read at all', 'reference_column': 'literacy_Cannot read at all'}, 'wealth_quintile': {'reference': 'Poorest', 'reference_column': 'wealth_quintile_Poorest'}, 'residence': {'reference': 'Rural', 'reference_column': 'residence_Rural'}, 'country_admin_region': {'reference': 'kenya::01', 'reference_column': 'country_admin_region_kenya::01'}}"
binary_lpm,model4_preferred_lpm,wasted,kenya,country_admin_region_kenya::03,0.002820603380995355,0.021088359343126334,-0.038511821424571005,0.04415302818656172,0.8935989416475751,17332,1688,47,weight_original,cluster_robust_psu,True,"{'child_sex': {'reference': 'Male', 'reference_column': 'child_sex_Male'}, 'maternal_education': {'reference': 'No education', 'reference_column': 'maternal_education_No education'}, 'literacy': {'reference': 'Cannot read at all', 'reference_column': 'literacy_Cannot read at all'}, 'wealth_quintile': {'reference': 'Poorest', 'reference_column': 'wealth_quintile_Poorest'}, 'residence': {'reference': 'Rural', 'reference_column': 'residence_Rural'}, 'country_admin_region': {'reference': 'kenya::01', 'reference_column': 'country_admin_region_kenya::01'}}"
binary_lpm,model4_preferred_lpm,wasted,kenya,country_admin_region_kenya::04,0.02411524002506009,0.019910350875867625,-0.01490833061119598,0.06313881066131616,0.22582216819339251,17332,1688,47,weight_original,cluster_robust_psu,True,"{'child_sex': {'reference': 'Male', 'reference_column': 'child_sex_Male'}, 'maternal_education': {'reference': 'No education', 'reference_column': 'maternal_education_No education'}, 'literacy': {'reference': 'Cannot read at all', 'reference_column': 'literacy_Cannot read at all'}, 'wealth_quintile': {'reference': 'Poorest', 'reference_column': 'wealth_quintile_Poorest'}, 'residence': {'reference': 'Rural', 'reference_column': 'residence_Rural'}, 'country_admin_region': {'reference': 'kenya::01', 'reference_column': 'country_admin_region_kenya::01'}}"
binary_lpm,model4_preferred_lpm,wasted,kenya,country_admin_region_kenya::05,-0.030875040521443554,0.01694804911902248,-0.0640926064029434,0.0023425253600562954,0.06849353624651155,17332,1688,47,weight_original,cluster_robust_psu,True,"{'child_sex': {'reference': 'Male', 'reference_column': 'child_sex_Male'}, 'maternal_education': {'reference': 'No education', 'reference_column': 'maternal_education_No education'}, 'literacy': {'reference': 'Cannot read at all', 'reference_column': 'literacy_Cannot read at all'}, 'wealth_quintile': {'reference': 'Poorest', 'reference_column': 'wealth_quintile_Poorest'}, 'residence': {'reference': 'Rural', 'reference_column': 'residence_Rural'}, 'country_admin_region': {'reference': 'kenya::01', 'reference_column': 'country_admin_region_kenya::01'}}"
binary_lpm,model4_preferred_lpm,wasted,kenya,country_admin_region_kenya::06,-0.010470142232194982,0.02159817260011493,-0.052801782660300056,0.031861498195910096,0.6278396335739111,17332,1688,47,weight_original,cluster_robust_psu,True,"{'child_sex': {'reference': 'Male', 'reference_column': 'child_sex_Male'}, 'maternal_education': {'reference': 'No education', 'reference_column': 'maternal_education_No education'}, 'literacy': {'reference': 'Cannot read at all', 'reference_column': 'literacy_Cannot read at all'}, 'wealth_quintile': {'reference': 'Poorest', 'reference_column': 'wealth_quintile_Poorest'}, 'residence': {'reference': 'Rural', 'reference_column': 'residence_Rural'}, 'country_admin_region': {'reference': 'kenya::01', 'reference_column': 'country_admin_region_kenya::01'}}"
binary_lpm,model4_preferred_lpm,wasted,kenya,country_admin_region_kenya::07,0.06217788998983656,0.030795648842526238,0.0018195273779425328,0.1225362526017306,0.043482241627272385,17332,1688,47,weight_original,cluster_robust_psu,True,"{'child_sex': {'reference': 'Male', 'reference_column': 'child_sex_Male'}, 'maternal_education': {'reference': 'No education', 'reference_column': 'maternal_education_No education'}, 'literacy': {'reference': 'Cannot read at all', 'reference_column': 'literacy_Cannot read at all'}, 'wealth_quintile': {'reference': 'Poorest', 'reference_column': 'wealth_quintile_Poorest'}, 'residence': {'reference': 'Rural', 'reference_column': 'residence_Rural'}, 'country_admin_region': {'reference': 'kenya::01', 'reference_column': 'country_admin_region_kenya::01'}}"
binary_lpm,model4_preferred_lpm,wasted,kenya,country_admin_region_kenya::08,0.1231485769303561,0.023459534540709932,0.07716873413649122,0.16912841972422096,1.525920074013512e-07,17332,1688,47,weight_original,cluster_robust_psu,True,"{'child_sex': {'reference': 'Male', 'reference_column': 'child_sex_Male'}, 'maternal_education': {'reference': 'No education', 'reference_column': 'maternal_education_No education'}, 'literacy': {'reference': 'Cannot read at all', 'reference_column': 'literacy_Cannot read at all'}, 'wealth_quintile': {'reference': 'Poorest', 'reference_column': 'wealth_quintile_Poorest'}, 'residence': {'reference': 'Rural', 'reference_column': 'residence_Rural'}, 'country_admin_region': {'reference': 'kenya::01', 'reference_column': 'country_admin_region_kenya::01'}}"
binary_lpm,model4_preferred_lpm,wasted,kenya,country_admin_region_kenya::09,0.06741590640490469,0.022896703990402188,0.02253919121904186,0.11229262159076753,0.0032363396376083506,17332,1688,47,weight_original,cluster_robust_psu,True,"{'child_sex': {'reference': 'Male', 'reference_column': 'child_sex_Male'}, 'maternal_education': {'reference': 'No education', 'reference_column': 'maternal_education_No education'}, 'literacy': {'reference': 'Cannot read at all', 'reference_column': 'literacy_Cannot read at all'}, 'wealth_quintile': {'reference': 'Poorest', 'reference_column': 'wealth_quintile_Poorest'}, 'residence': {'reference': 'Rural', 'reference_column': 'residence_Rural'}, 'country_admin_region': {'reference': 'kenya::01', 'reference_column': 'country_admin_region_kenya::01'}}"
binary_lpm,model4_preferred_lpm,wasted,kenya,country_admin_region_kenya::10,0.10756638991679913,0.033168565313818295,0.042557196482850806,0.17257558335074746,0.0011826904225087467,17332,1688,47,weight_original,cluster_robust_psu,True,"{'child_sex': {'reference': 'Male', 'reference_column': 'child_sex_Male'}, 'maternal_education': {'reference': 'No education', 'reference_column': 'maternal_education_No education'}, 'literacy': {'reference': 'Cannot read at all', 'reference_column': 'literacy_Cannot read at all'}, 'wealth_quintile': {'reference': 'Poorest', 'reference_column': 'wealth_quintile_Poorest'}, 'residence': {'reference': 'Rural', 'reference_column': 'residence_Rural'}, 'country_admin_region': {'reference': 'kenya::01', 'reference_column': 'country_admin_region_kenya::01'}}"
binary_lpm,model4_preferred_lpm,wasted,kenya,country_admin_region_kenya::11,-0.01128840583098934,0.022777461929194297,-0.055931410871442384,0.0333545992094637,0.6201798841916026,17332,1688,47,weight_original,cluster_robust_psu,True,"{'child_sex': {'reference': 'Male', 'reference_column': 'child_sex_Male'}, 'maternal_education': {'reference': 'No education', 'reference_column': 'maternal_education_No education'}, 'literacy': {'reference': 'Cannot read at all', 'reference_column': 'literacy_Cannot read at all'}, 'wealth_quintile': {'reference': 'Poorest', 'reference_column': 'wealth_quintile_Poorest'}, 'residence': {'reference': 'Rural', 'reference_column': 'residence_Rural'}, 'country_admin_region': {'reference': 'kenya::01', 'reference_column': 'country_admin_region_kenya::01'}}"
binary_lpm,model4_preferred_lpm,wasted,kenya,country_admin_region_kenya::12,0.01228908627052873,0.02464490052632415,-0.03601403116363883,0.060592203704696285,0.6180286441152034,17332,1688,47,weight_original,cluster_robust_psu,True,"{'child_sex': {'reference': 'Male', 'reference_column': 'child_sex_Male'}, 'maternal_education': {'reference': 'No education', 'reference_column': 'maternal_education_No education'}, 'literacy': {'reference': 'Cannot read at all', 'reference_column': 'literacy_Cannot read at all'}, 'wealth_quintile': {'reference': 'Poorest', 'reference_column': 'wealth_quintile_Poorest'}, 'residence': {'reference': 'Rural', 'reference_column': 'residence_Rural'}, 'country_admin_region': {'reference': 'kenya::01', 'reference_column': 'country_admin_region_kenya::01'}}"
binary_lpm,model4_preferred_lpm,wasted,kenya,country_admin_region_kenya::13,-0.01635140147945236,0.018308894652970725,-0.05223617559601296,0.019533372637108234,0.3718115879213424,17332,1688,47,weight_original,cluster_robust_psu,True,"{'child_sex': {'reference': 'Male', 'reference_column': 'child_sex_Male'}, 'maternal_education': {'reference': 'No education', 'reference_column': 'maternal_education_No education'}, 'literacy': {'reference': 'Cannot read at all', 'reference_column': 'literacy_Cannot read at all'}, 'wealth_quintile': {'reference': 'Poorest', 'reference_column': 'wealth_quintile_Poorest'}, 'residence': {'reference': 'Rural', 'reference_column': 'residence_Rural'}, 'country_admin_region': {'reference': 'kenya::01', 'reference_column': 'country_admin_region_kenya::01'}}"
binary_lpm,model4_preferred_lpm,wasted,kenya,country_admin_region_kenya::14,-0.0026473154318270783,0.020704782006888304,-0.043227942473081093,0.03793331160942694,0.8982596899180869,17332,1688,47,weight_original,cluster_robust_psu,True,"{'child_sex': {'reference': 'Male', 'reference_column': 'child_sex_Male'}, 'maternal_education': {'reference': 'No education', 'reference_column': 'maternal_education_No education'}, 'literacy': {'reference': 'Cannot read at all', 'reference_column': 'literacy_Cannot read at all'}, 'wealth_quintile': {'reference': 'Poorest', 'reference_column': 'wealth_quintile_Poorest'}, 'residence': {'reference': 'Rural', 'reference_column': 'residence_Rural'}, 'country_admin_region': {'reference': 'kenya::01', 'reference_column': 'country_admin_region_kenya::01'}}"
binary_lpm,model4_preferred_lpm,wasted,kenya,country_admin_region_kenya::15,-0.012650784163269717,0.01808530408644443,-0.048097328822155866,0.022795760495616435,0.4842356766490651,17332,1688,47,weight_original,cluster_robust_psu,True,"{'child_sex': {'reference': 'Male', 'reference_column': 'child_sex_Male'}, 'maternal_education': {'reference': 'No education', 'reference_column': 'maternal_education_No education'}, 'literacy': {'reference': 'Cannot read at all', 'reference_column': 'literacy_Cannot read at all'}, 'wealth_quintile': {'reference': 'Poorest', 'reference_column': 'wealth_quintile_Poorest'}, 'residence': {'reference': 'Rural', 'reference_column': 'residence_Rural'}, 'country_admin_region': {'reference': 'kenya::01', 'reference_column': 'country_admin_region_kenya::01'}}"
binary_lpm,model4_preferred_lpm,wasted,kenya,country_admin_region_kenya::16,-0.015077125642997367,0.01774303995213383,-0.04985284492543496,0.019698593639440223,0.3954648003984541,17332,1688,47,weight_original,cluster_robust_psu,True,"{'child_sex': {'reference': 'Male', 'reference_column': 'child_sex_Male'}, 'maternal_education': {'reference': 'No education', 'reference_column': 'maternal_education_No education'}, 'literacy': {'reference': 'Cannot read at all', 'reference_column': 'literacy_Cannot read at all'}, 'wealth_quintile': {'reference': 'Poorest', 'reference_column': 'wealth_quintile_Poorest'}, 'residence': {'reference': 'Rural', 'reference_column': 'residence_Rural'}, 'country_admin_region': {'reference': 'kenya::01', 'reference_column': 'country_admin_region_kenya::01'}}"
binary_lpm,model4_preferred_lpm,wasted,kenya,country_admin_region_kenya::17,-0.014747208563300966,0.017512614591819783,-0.04907130243839836,0.01957688531179643,0.399737228584817,17332,1688,47,weight_original,cluster_robust_psu,True,"{'child_sex': {'reference': 'Male', 'reference_column': 'child_sex_Male'}, 'maternal_education': {'reference': 'No education', 'reference_column': 'maternal_education_No education'}, 'literacy': {'reference': 'Cannot read at all', 'reference_column': 'literacy_Cannot read at all'}, 'wealth_quintile': {'reference': 'Poorest', 'reference_column': 'wealth_quintile_Poorest'}, 'residence': {'reference': 'Rural', 'reference_column': 'residence_Rural'}, 'country_admin_region': {'reference': 'kenya::01', 'reference_column': 'country_admin_region_kenya::01'}}"
binary_lpm,model4_preferred_lpm,wasted,kenya,country_admin_region_kenya::18,-0.03691307867443644,0.01677298977054738,-0.06978753453776805,-0.004038622811104828,0.02775405879139302,17332,1688,47,weight_original,cluster_robust_psu,True,"{'child_sex': {'reference': 'Male', 'reference_column': 'child_sex_Male'}, 'maternal_education': {'reference': 'No education', 'reference_column': 'maternal_education_No education'}, 'literacy': {'reference': 'Cannot read at all', 'reference_column': 'literacy_Cannot read at all'}, 'wealth_quintile': {'reference': 'Poorest', 'reference_column': 'wealth_quintile_Poorest'}, 'residence': {'reference': 'Rural', 'reference_column': 'residence_Rural'}, 'country_admin_region': {'reference': 'kenya::01', 'reference_column': 'country_admin_region_kenya::01'}}"
binary_lpm,model4_preferred_lpm,wasted,kenya,country_admin_region_kenya::19,-0.021172943655959016,0.021079556359522775,-0.06248811493070591,0.02014222761878788,0.31517128475822054,17332,1688,47,weight_original,cluster_robust_psu,True,"{'child_sex': {'reference': 'Male', 'reference_column': 'child_sex_Male'}, 'maternal_education': {'reference': 'No education', 'reference_column': 'maternal_education_No education'}, 'literacy': {'reference': 'Cannot read at all', 'reference_column': 'literacy_Cannot read at all'}, 'wealth_quintile': {'reference': 'Poorest', 'reference_column': 'wealth_quintile_Poorest'}, 'residence': {'reference': 'Rural', 'reference_column': 'residence_Rural'}, 'country_admin_region': {'reference': 'kenya::01', 'reference_column': 'country_admin_region_kenya::01'}}"
binary_lpm,model4_preferred_lpm,wasted,kenya,country_admin_region_kenya::20,-0.02370127379498481,0.016599839981769223,-0.056236362308380514,0.008833814718410896,0.15334904661107548,17332,1688,47,weight_original,cluster_robust_psu,True,"{'child_sex': {'reference': 'Male', 'reference_column': 'child_sex_Male'}, 'maternal_education': {'reference': 'No education', 'reference_column': 'maternal_education_No education'}, 'literacy': {'reference': 'Cannot read at all', 'reference_column': 'literacy_Cannot read at all'}, 'wealth_quintile': {'reference': 'Poorest', 'reference_column': 'wealth_quintile_Poorest'}, 'residence': {'reference': 'Rural', 'reference_column': 'residence_Rural'}, 'country_admin_region': {'reference': 'kenya::01', 'reference_column': 'country_admin_region_kenya::01'}}"
binary_lpm,model4_preferred_lpm,wasted,kenya,country_admin_region_kenya::21,-0.03730086722800655,0.016051014231822747,-0.06876027703771898,-0.005841457418294123,0.020131137313104164,17332,1688,47,weight_original,cluster_robust_psu,True,"{'child_sex': {'reference': 'Male', 'reference_column': 'child_sex_Male'}, 'maternal_education': {'reference': 'No education', 'reference_column': 'maternal_education_No education'}, 'literacy': {'reference': 'Cannot read at all', 'reference_column': 'literacy_Cannot read at all'}, 'wealth_quintile': {'reference': 'Poorest', 'reference_column': 'wealth_quintile_Poorest'}, 'residence': {'reference': 'Rural', 'reference_column': 'residence_Rural'}, 'country_admin_region': {'reference': 'kenya::01', 'reference_column': 'country_admin_region_kenya::01'}}"
binary_lpm,model4_preferred_lpm,wasted,kenya,country_admin_region_kenya::22,-0.014570991985634963,0.016863411982103425,-0.04762267212701888,0.018480688155748957,0.3875551842149575,17332,1688,47,weight_original,cluster_robust_psu,True,"{'child_sex': {'reference': 'Male', 'reference_column': 'child_sex_Male'}, 'maternal_education': {'reference': 'No education', 'reference_column': 'maternal_education_No education'}, 'literacy': {'reference': 'Cannot read at all', 'reference_column': 'literacy_Cannot read at all'}, 'wealth_quintile': {'reference': 'Poorest', 'reference_column': 'wealth_quintile_Poorest'}, 'residence': {'reference': 'Rural', 'reference_column': 'residence_Rural'}, 'country_admin_region': {'reference': 'kenya::01', 'reference_column': 'country_admin_region_kenya::01'}}"
binary_lpm,model4_preferred_lpm,wasted,kenya,country_admin_region_kenya::23,0.12002039978468636,0.030883916965457843,0.05948903483086343,0.18055176473850928,0.00010183483387192786,17332,1688,47,weight_original,cluster_robust_psu,True,"{'child_sex': {'reference': 'Male', 'reference_column': 'child_sex_Male'}, 'maternal_education': {'reference': 'No education', 'reference_column': 'maternal_education_No education'}, 'literacy': {'reference': 'Cannot read at all', 'reference_column': 'literacy_Cannot read at all'}, 'wealth_quintile': {'reference': 'Poorest', 'reference_column': 'wealth_quintile_Poorest'}, 'residence': {'reference': 'Rural', 'reference_column': 'residence_Rural'}, 'country_admin_region': {'reference': 'kenya::01', 'reference_column': 'country_admin_region_kenya::01'}}"
binary_lpm,model4_preferred_lpm,wasted,kenya,country_admin_region_kenya::24,0.02812725923207563,0.022270128466878425,-0.015521390494086289,0.07177590895823754,0.2065877761232474,17332,1688,47,weight_original,cluster_robust_psu,True,"{'child_sex': {'reference': 'Male', 'reference_column': 'child_sex_Male'}, 'maternal_education': {'reference': 'No education', 'reference_column': 'maternal_education_No education'}, 'literacy': {'reference': 'Cannot read at all', 'reference_column': 'literacy_Cannot read at all'}, 'wealth_quintile': {'reference': 'Poorest', 'reference_column': 'wealth_quintile_Poorest'}, 'residence': {'reference': 'Rural', 'reference_column': 'residence_Rural'}, 'country_admin_region': {'reference': 'kenya::01', 'reference_column': 'country_admin_region_kenya::01'}}"
binary_lpm,model4_preferred_lpm,wasted,kenya,country_admin_region_kenya::25,0.066042323827832,0.021639770349584555,0.023629153308928535,0.10845549434673546,0.002274010403744283,17332,1688,47,weight_original,cluster_robust_psu,True,"{'child_sex': {'reference': 'Male', 'reference_column': 'child_sex_Male'}, 'maternal_education': {'reference': 'No education', 'reference_column': 'maternal_education_No education'}, 'literacy': {'reference': 'Cannot read at all', 'reference_column': 'literacy_Cannot read at all'}, 'wealth_quintile': {'reference': 'Poorest', 'reference_column': 'wealth_quintile_Poorest'}, 'residence': {'reference': 'Rural', 'reference_column': 'residence_Rural'}, 'country_admin_region': {'reference': 'kenya::01', 'reference_column': 'country_admin_region_kenya::01'}}"
binary_lpm,model4_preferred_lpm,wasted,kenya,country_admin_region_kenya::26,-0.016242881986735395,0.016154417551222572,-0.04790495857835337,0.015419194604882579,0.3146676155636289,17332,1688,47,weight_original,cluster_robust_psu,True,"{'child_sex': {'reference': 'Male', 'reference_column': 'child_sex_Male'}, 'maternal_education': {'reference': 'No education', 'reference_column': 'maternal_education_No education'}, 'literacy': {'reference': 'Cannot read at all', 'reference_column': 'literacy_Cannot read at all'}, 'wealth_quintile': {'reference': 'Poorest', 'reference_column': 'wealth_quintile_Poorest'}, 'residence': {'reference': 'Rural', 'reference_column': 'residence_Rural'}, 'country_admin_region': {'reference': 'kenya::01', 'reference_column': 'country_admin_region_kenya::01'}}"
binary_lpm,model4_preferred_lpm,wasted,kenya,country_admin_region_kenya::27,-0.013450121045878628,0.016994674295923235,-0.04675907059487677,0.019858828503119513,0.42869221799390633,17332,1688,47,weight_original,cluster_robust_psu,True,"{'child_sex': {'reference': 'Male', 'reference_column': 'child_sex_Male'}, 'maternal_education': {'reference': 'No education', 'reference_column': 'maternal_education_No education'}, 'literacy': {'reference': 'Cannot read at all', 'reference_column': 'literacy_Cannot read at all'}, 'wealth_quintile': {'reference': 'Poorest', 'reference_column': 'wealth_quintile_Poorest'}, 'residence': {'reference': 'Rural', 'reference_column': 'residence_Rural'}, 'country_admin_region': {'reference': 'kenya::01', 'reference_column': 'country_admin_region_kenya::01'}}"
binary_lpm,model4_preferred_lpm,wasted,kenya,country_admin_region_kenya::28,-0.0024124775560566635,0.02336812727049022,-0.04821316539236577,0.04338821028025244,0.9177741210227957,17332,1688,47,weight_original,cluster_robust_psu,True,"{'child_sex': {'reference': 'Male', 'reference_column': 'child_sex_Male'}, 'maternal_education': {'reference': 'No education', 'reference_column': 'maternal_education_No education'}, 'literacy': {'reference': 'Cannot read at all', 'reference_column': 'literacy_Cannot read at all'}, 'wealth_quintile': {'reference': 'Poorest', 'reference_column': 'wealth_quintile_Poorest'}, 'residence': {'reference': 'Rural', 'reference_column': 'residence_Rural'}, 'country_admin_region': {'reference': 'kenya::01', 'reference_column': 'country_admin_region_kenya::01'}}"
binary_lpm,model4_preferred_lpm,wasted,kenya,country_admin_region_kenya::29,-0.018162801135030722,0.017863629837739294,-0.053174872250154825,0.01684926998009338,0.309273558760191,17332,1688,47,weight_original,cluster_robust_psu,True,"{'child_sex': {'reference': 'Male', 'reference_column': 'child_sex_Male'}, 'maternal_education': {'reference': 'No education', 'reference_column': 'maternal_education_No education'}, 'literacy': {'reference': 'Cannot read at all', 'reference_column': 'literacy_Cannot read at all'}, 'wealth_quintile': {'reference': 'Poorest', 'reference_column': 'wealth_quintile_Poorest'}, 'residence': {'reference': 'Rural', 'reference_column': 'residence_Rural'}, 'country_admin_region': {'reference': 'kenya::01', 'reference_column': 'country_admin_region_kenya::01'}}"
binary_lpm,model4_preferred_lpm,wasted,kenya,country_admin_region_kenya::30,0.06728316137444132,0.03161478533757883,0.005319320733821832,0.1292470020150608,0.033318996969657524,17332,1688,47,weight_original,cluster_robust_psu,True,"{'child_sex': {'reference': 'Male', 'reference_column': 'child_sex_Male'}, 'maternal_education': {'reference': 'No education', 'reference_column': 'maternal_education_No education'}, 'literacy': {'reference': 'Cannot read at all', 'reference_column': 'literacy_Cannot read at all'}, 'wealth_quintile': {'reference': 'Poorest', 'reference_column': 'wealth_quintile_Poorest'}, 'residence': {'reference': 'Rural', 'reference_column': 'residence_Rural'}, 'country_admin_region': {'reference': 'kenya::01', 'reference_column': 'country_admin_region_kenya::01'}}"
binary_lpm,model4_preferred_lpm,wasted,kenya,country_admin_region_kenya::31,-0.029015268810073727,0.016526712675426283,-0.061407030436750845,0.003376492816603391,0.07914668289682539,17332,1688,47,weight_original,cluster_robust_psu,True,"{'child_sex': {'reference': 'Male', 'reference_column': 'child_sex_Male'}, 'maternal_education': {'reference': 'No education', 'reference_column': 'maternal_education_No education'}, 'literacy': {'reference': 'Cannot read at all', 'reference_column': 'literacy_Cannot read at all'}, 'wealth_quintile': {'reference': 'Poorest', 'reference_column': 'wealth_quintile_Poorest'}, 'residence': {'reference': 'Rural', 'reference_column': 'residence_Rural'}, 'country_admin_region': {'reference': 'kenya::01', 'reference_column': 'country_admin_region_kenya::01'}}"
binary_lpm,model4_preferred_lpm,wasted,kenya,country_admin_region_kenya::32,-0.01612344282888786,0.016149606718684206,-0.04777609036199498,0.015529204704219268,0.31809517386784203,17332,1688,47,weight_original,cluster_robust_psu,True,"{'child_sex': {'reference': 'Male', 'reference_column': 'child_sex_Male'}, 'maternal_education': {'reference': 'No education', 'reference_column': 'maternal_education_No education'}, 'literacy': {'reference': 'Cannot read at all', 'reference_column': 'literacy_Cannot read at all'}, 'wealth_quintile': {'reference': 'Poorest', 'reference_column': 'wealth_quintile_Poorest'}, 'residence': {'reference': 'Rural', 'reference_column': 'residence_Rural'}, 'country_admin_region': {'reference': 'kenya::01', 'reference_column': 'country_admin_region_kenya::01'}}"
binary_lpm,model4_preferred_lpm,wasted,kenya,country_admin_region_kenya::33,-0.04103992677697839,0.01684075680912103,-0.0740472035952533,-0.008032649958703487,0.014812105532264835,17332,1688,47,weight_original,cluster_robust_psu,True,"{'child_sex': {'reference': 'Male', 'reference_column': 'child_sex_Male'}, 'maternal_education': {'reference': 'No education', 'reference_column': 'maternal_education_No education'}, 'literacy': {'reference': 'Cannot read at all', 'reference_column': 'literacy_Cannot read at all'}, 'wealth_quintile': {'reference': 'Poorest', 'reference_column': 'wealth_quintile_Poorest'}, 'residence': {'reference': 'Rural', 'reference_column': 'residence_Rural'}, 'country_admin_region': {'reference': 'kenya::01', 'reference_column': 'country_admin_region_kenya::01'}}"
binary_lpm,model4_preferred_lpm,wasted,kenya,country_admin_region_kenya::34,0.012918950735404664,0.01883482386074009,-0.023996625686801568,0.0498345271576109,0.492771313579101,17332,1688,47,weight_original,cluster_robust_psu,True,"{'child_sex': {'reference': 'Male', 'reference_column': 'child_sex_Male'}, 'maternal_education': {'reference': 'No education', 'reference_column': 'maternal_education_No education'}, 'literacy': {'reference': 'Cannot read at all', 'reference_column': 'literacy_Cannot read at all'}, 'wealth_quintile': {'reference': 'Poorest', 'reference_column': 'wealth_quintile_Poorest'}, 'residence': {'reference': 'Rural', 'reference_column': 'residence_Rural'}, 'country_admin_region': {'reference': 'kenya::01', 'reference_column': 'country_admin_region_kenya::01'}}"
binary_lpm,model4_preferred_lpm,wasted,kenya,country_admin_region_kenya::35,-0.02948503405095412,0.017840879436713777,-0.06445251519943437,0.005482447097526131,0.09839863858937112,17332,1688,47,weight_original,cluster_robust_psu,True,"{'child_sex': {'reference': 'Male', 'reference_column': 'child_sex_Male'}, 'maternal_education': {'reference': 'No education', 'reference_column': 'maternal_education_No education'}, 'literacy': {'reference': 'Cannot read at all', 'reference_column': 'literacy_Cannot read at all'}, 'wealth_quintile': {'reference': 'Poorest', 'reference_column': 'wealth_quintile_Poorest'}, 'residence': {'reference': 'Rural', 'reference_column': 'residence_Rural'}, 'country_admin_region': {'reference': 'kenya::01', 'reference_column': 'country_admin_region_kenya::01'}}"
binary_lpm,model4_preferred_lpm,wasted,kenya,country_admin_region_kenya::36,-0.01824904868218399,0.01736919782899095,-0.052292050867357553,0.01579395350298957,0.293416696747157,17332,1688,47,weight_original,cluster_robust_psu,True,"{'child_sex': {'reference': 'Male', 'reference_column': 'child_sex_Male'}, 'maternal_education': {'reference': 'No education', 'reference_column': 'maternal_education_No education'}, 'literacy': {'reference': 'Cannot read at all', 'reference_column': 'literacy_Cannot read at all'}, 'wealth_quintile': {'reference': 'Poorest', 'reference_column': 'wealth_quintile_Poorest'}, 'residence': {'reference': 'Rural', 'reference_column': 'residence_Rural'}, 'country_admin_region': {'reference': 'kenya::01', 'reference_column': 'country_admin_region_kenya::01'}}"
binary_lpm,model4_preferred_lpm,wasted,kenya,country_admin_region_kenya::37,-0.040283022063838686,0.016346055764313014,-0.07232070265117554,-0.008245341476501834,0.013724748746028971,17332,1688,47,weight_original,cluster_robust_psu,True,"{'child_sex': {'reference': 'Male', 'reference_column': 'child_sex_Male'}, 'maternal_education': {'reference': 'No education', 'reference_column': 'maternal_education_No education'}, 'literacy': {'reference': 'Cannot read at all', 'reference_column': 'literacy_Cannot read at all'}, 'wealth_quintile': {'reference': 'Poorest', 'reference_column': 'wealth_quintile_Poorest'}, 'residence': {'reference': 'Rural', 'reference_column': 'residence_Rural'}, 'country_admin_region': {'reference': 'kenya::01', 'reference_column': 'country_admin_region_kenya::01'}}"
binary_lpm,model4_preferred_lpm,wasted,kenya,country_admin_region_kenya::38,-0.028043249266083037,0.01812415025051456,-0.06356593100748417,0.0074794324753180985,0.12179422535151699,17332,1688,47,weight_original,cluster_robust_psu,True,"{'child_sex': {'reference': 'Male', 'reference_column': 'child_sex_Male'}, 'maternal_education': {'reference': 'No education', 'reference_column': 'maternal_education_No education'}, 'literacy': {'reference': 'Cannot read at all', 'reference_column': 'literacy_Cannot read at all'}, 'wealth_quintile': {'reference': 'Poorest', 'reference_column': 'wealth_quintile_Poorest'}, 'residence': {'reference': 'Rural', 'reference_column': 'residence_Rural'}, 'country_admin_region': {'reference': 'kenya::01', 'reference_column': 'country_admin_region_kenya::01'}}"
binary_lpm,model4_preferred_lpm,wasted,kenya,country_admin_region_kenya::39,-0.041373838490034356,0.017021220097064638,-0.0747348168532104,-0.008012860126858305,0.015068809788928408,17332,1688,47,weight_original,cluster_robust_psu,True,"{'child_sex': {'reference': 'Male', 'reference_column': 'child_sex_Male'}, 'maternal_education': {'reference': 'No education', 'reference_column': 'maternal_education_No education'}, 'literacy': {'reference': 'Cannot read at all', 'reference_column': 'literacy_Cannot read at all'}, 'wealth_quintile': {'reference': 'Poorest', 'reference_column': 'wealth_quintile_Poorest'}, 'residence': {'reference': 'Rural', 'reference_column': 'residence_Rural'}, 'country_admin_region': {'reference': 'kenya::01', 'reference_column': 'country_admin_region_kenya::01'}}"
binary_lpm,model4_preferred_lpm,wasted,kenya,country_admin_region_kenya::40,-0.026280053514545553,0.016266957326304402,-0.05816270401215215,0.005602596983061047,0.10619203265694378,17332,1688,47,weight_original,cluster_robust_psu,True,"{'child_sex': {'reference': 'Male', 'reference_column': 'child_sex_Male'}, 'maternal_education': {'reference': 'No education', 'reference_column': 'maternal_education_No education'}, 'literacy': {'reference': 'Cannot read at all', 'reference_column': 'literacy_Cannot read at all'}, 'wealth_quintile': {'reference': 'Poorest', 'reference_column': 'wealth_quintile_Poorest'}, 'residence': {'reference': 'Rural', 'reference_column': 'residence_Rural'}, 'country_admin_region': {'reference': 'kenya::01', 'reference_column': 'country_admin_region_kenya::01'}}"
binary_lpm,model4_preferred_lpm,wasted,kenya,country_admin_region_kenya::41,-0.03616329674066904,0.015862044534935695,-0.06725233275031339,-0.005074260731024682,0.022615784054408943,17332,1688,47,weight_original,cluster_robust_psu,True,"{'child_sex': {'reference': 'Male', 'reference_column': 'child_sex_Male'}, 'maternal_education': {'reference': 'No education', 'reference_column': 'maternal_education_No education'}, 'literacy': {'reference': 'Cannot read at all', 'reference_column': 'literacy_Cannot read at all'}, 'wealth_quintile': {'reference': 'Poorest', 'reference_column': 'wealth_quintile_Poorest'}, 'residence': {'reference': 'Rural', 'reference_column': 'residence_Rural'}, 'country_admin_region': {'reference': 'kenya::01', 'reference_column': 'country_admin_region_kenya::01'}}"
binary_lpm,model4_preferred_lpm,wasted,kenya,country_admin_region_kenya::42,-0.022229636076650502,0.01713641873653634,-0.055816399624259105,0.0113571274709581,0.194556886882984,17332,1688,47,weight_original,cluster_robust_psu,True,"{'child_sex': {'reference': 'Male', 'reference_column': 'child_sex_Male'}, 'maternal_education': {'reference': 'No education', 'reference_column': 'maternal_education_No education'}, 'literacy': {'reference': 'Cannot read at all', 'reference_column': 'literacy_Cannot read at all'}, 'wealth_quintile': {'reference': 'Poorest', 'reference_column': 'wealth_quintile_Poorest'}, 'residence': {'reference': 'Rural', 'reference_column': 'residence_Rural'}, 'country_admin_region': {'reference': 'kenya::01', 'reference_column': 'country_admin_region_kenya::01'}}"
binary_lpm,model4_preferred_lpm,wasted,kenya,country_admin_region_kenya::43,-0.04213819860134501,0.01569025631527607,-0.07289053588748824,-0.011385861315201778,0.007239354424554784,17332,1688,47,weight_original,cluster_robust_psu,True,"{'child_sex': {'reference': 'Male', 'reference_column': 'child_sex_Male'}, 'maternal_education': {'reference': 'No education', 'reference_column': 'maternal_education_No education'}, 'literacy': {'reference': 'Cannot read at all', 'reference_column': 'literacy_Cannot read at all'}, 'wealth_quintile': {'reference': 'Poorest', 'reference_column': 'wealth_quintile_Poorest'}, 'residence': {'reference': 'Rural', 'reference_column': 'residence_Rural'}, 'country_admin_region': {'reference': 'kenya::01', 'reference_column': 'country_admin_region_kenya::01'}}"
binary_lpm,model4_preferred_lpm,wasted,kenya,country_admin_region_kenya::44,-0.03366683613344427,0.016850061903984265,-0.06669235060252385,-0.0006413216643646955,0.04571400645878088,17332,1688,47,weight_original,cluster_robust_psu,True,"{'child_sex': {'reference': 'Male', 'reference_column': 'child_sex_Male'}, 'maternal_education': {'reference': 'No education', 'reference_column': 'maternal_education_No education'}, 'literacy': {'reference': 'Cannot read at all', 'reference_column': 'literacy_Cannot read at all'}, 'wealth_quintile': {'reference': 'Poorest', 'reference_column': 'wealth_quintile_Poorest'}, 'residence': {'reference': 'Rural', 'reference_column': 'residence_Rural'}, 'country_admin_region': {'reference': 'kenya::01', 'reference_column': 'country_admin_region_kenya::01'}}"
binary_lpm,model4_preferred_lpm,wasted,kenya,country_admin_region_kenya::45,-0.01699470234997734,0.017629293238449,-0.051547482170232875,0.017558077470278197,0.33504411523129074,17332,1688,47,weight_original,cluster_robust_psu,True,"{'child_sex': {'reference': 'Male', 'reference_column': 'child_sex_Male'}, 'maternal_education': {'reference': 'No education', 'reference_column': 'maternal_education_No education'}, 'literacy': {'reference': 'Cannot read at all', 'reference_column': 'literacy_Cannot read at all'}, 'wealth_quintile': {'reference': 'Poorest', 'reference_column': 'wealth_quintile_Poorest'}, 'residence': {'reference': 'Rural', 'reference_column': 'residence_Rural'}, 'country_admin_region': {'reference': 'kenya::01', 'reference_column': 'country_admin_region_kenya::01'}}"
binary_lpm,model4_preferred_lpm,wasted,kenya,country_admin_region_kenya::46,-0.046372400233273825,0.015914755482348036,-0.07756474780143735,-0.0151800526651103,0.0035705960581742407,17332,1688,47,weight_original,cluster_robust_psu,True,"{'child_sex': {'reference': 'Male', 'reference_column': 'child_sex_Male'}, 'maternal_education': {'reference': 'No education', 'reference_column': 'maternal_education_No education'}, 'literacy': {'reference': 'Cannot read at all', 'reference_column': 'literacy_Cannot read at all'}, 'wealth_quintile': {'reference': 'Poorest', 'reference_column': 'wealth_quintile_Poorest'}, 'residence': {'reference': 'Rural', 'reference_column': 'residence_Rural'}, 'country_admin_region': {'reference': 'kenya::01', 'reference_column': 'country_admin_region_kenya::01'}}"
binary_lpm,model4_preferred_lpm,wasted,kenya,country_admin_region_kenya::47,-0.017654937137731513,0.016736487126567452,-0.05045784913352197,0.015147974858058948,0.2914815331952627,17332,1688,47,weight_original,cluster_robust_psu,True,"{'child_sex': {'reference': 'Male', 'reference_column': 'child_sex_Male'}, 'maternal_education': {'reference': 'No education', 'reference_column': 'maternal_education_No education'}, 'literacy': {'reference': 'Cannot read at all', 'reference_column': 'literacy_Cannot read at all'}, 'wealth_quintile': {'reference': 'Poorest', 'reference_column': 'wealth_quintile_Poorest'}, 'residence': {'reference': 'Rural', 'reference_column': 'residence_Rural'}, 'country_admin_region': {'reference': 'kenya::01', 'reference_column': 'country_admin_region_kenya::01'}}"
binary_lpm,model4_preferred_lpm,wasted,nigeria,const,0.17714672276691087,0.038420049680247044,0.10184480910938705,0.2524486364244347,4.011445284654601e-06,9464,1343,37,weight_original,cluster_robust_psu,True,"{'child_sex': {'reference': 'Male', 'reference_column': 'child_sex_Male'}, 'maternal_education': {'reference': 'No education', 'reference_column': 'maternal_education_No education'}, 'literacy': {'reference': 'Cannot read at all', 'reference_column': 'literacy_Cannot read at all'}, 'wealth_quintile': {'reference': 'Poorest', 'reference_column': 'wealth_quintile_Poorest'}, 'residence': {'reference': 'Rural', 'reference_column': 'residence_Rural'}, 'country_admin_region': {'reference': 'nigeria::01', 'reference_column': 'country_admin_region_nigeria::01'}}"
binary_lpm,model4_preferred_lpm,wasted,nigeria,water_rate_loo,-0.003767785004523688,0.0143824499008308,-0.03195686881960373,0.024421298810556352,0.7933437883590938,9464,1343,37,weight_original,cluster_robust_psu,True,"{'child_sex': {'reference': 'Male', 'reference_column': 'child_sex_Male'}, 'maternal_education': {'reference': 'No education', 'reference_column': 'maternal_education_No education'}, 'literacy': {'reference': 'Cannot read at all', 'reference_column': 'literacy_Cannot read at all'}, 'wealth_quintile': {'reference': 'Poorest', 'reference_column': 'wealth_quintile_Poorest'}, 'residence': {'reference': 'Rural', 'reference_column': 'residence_Rural'}, 'country_admin_region': {'reference': 'nigeria::01', 'reference_column': 'country_admin_region_nigeria::01'}}"
binary_lpm,model4_preferred_lpm,wasted,nigeria,sanitation_rate_loo_core,-0.029733170191009902,0.017241161719528365,-0.06352522621291616,0.00405888583089636,0.08460938801322158,9464,1343,37,weight_original,cluster_robust_psu,True,"{'child_sex': {'reference': 'Male', 'reference_column': 'child_sex_Male'}, 'maternal_education': {'reference': 'No education', 'reference_column': 'maternal_education_No education'}, 'literacy': {'reference': 'Cannot read at all', 'reference_column': 'literacy_Cannot read at all'}, 'wealth_quintile': {'reference': 'Poorest', 'reference_column': 'wealth_quintile_Poorest'}, 'residence': {'reference': 'Rural', 'reference_column': 'residence_Rural'}, 'country_admin_region': {'reference': 'nigeria::01', 'reference_column': 'country_admin_region_nigeria::01'}}"
binary_lpm,model4_preferred_lpm,wasted,nigeria,b19_raw,-0.0017842633090374405,0.00020265714480260515,-0.0021814640140602653,-0.0013870626040146158,1.3161958965344412e-18,9464,1343,37,weight_original,cluster_robust_psu,True,"{'child_sex': {'reference': 'Male', 'reference_column': 'child_sex_Male'}, 'maternal_education': {'reference': 'No education', 'reference_column': 'maternal_education_No education'}, 'literacy': {'reference': 'Cannot read at all', 'reference_column': 'literacy_Cannot read at all'}, 'wealth_quintile': {'reference': 'Poorest', 'reference_column': 'wealth_quintile_Poorest'}, 'residence': {'reference': 'Rural', 'reference_column': 'residence_Rural'}, 'country_admin_region': {'reference': 'nigeria::01', 'reference_column': 'country_admin_region_nigeria::01'}}"
binary_lpm,model4_preferred_lpm,wasted,nigeria,birth_order_raw,-0.0017908103595021302,0.0019998913817972047,-0.005710525440816693,0.002128904721812433,0.37054454620610855,9464,1343,37,weight_original,cluster_robust_psu,True,"{'child_sex': {'reference': 'Male', 'reference_column': 'child_sex_Male'}, 'maternal_education': {'reference': 'No education', 'reference_column': 'maternal_education_No education'}, 'literacy': {'reference': 'Cannot read at all', 'reference_column': 'literacy_Cannot read at all'}, 'wealth_quintile': {'reference': 'Poorest', 'reference_column': 'wealth_quintile_Poorest'}, 'residence': {'reference': 'Rural', 'reference_column': 'residence_Rural'}, 'country_admin_region': {'reference': 'nigeria::01', 'reference_column': 'country_admin_region_nigeria::01'}}"
binary_lpm,model4_preferred_lpm,wasted,nigeria,maternal_age,7.80025740315002e-05,0.000759629468168121,-0.0014108438251733322,0.0015668489732363327,0.918212955889895,9464,1343,37,weight_original,cluster_robust_psu,True,"{'child_sex': {'reference': 'Male', 'reference_column': 'child_sex_Male'}, 'maternal_education': {'reference': 'No education', 'reference_column': 'maternal_education_No education'}, 'literacy': {'reference': 'Cannot read at all', 'reference_column': 'literacy_Cannot read at all'}, 'wealth_quintile': {'reference': 'Poorest', 'reference_column': 'wealth_quintile_Poorest'}, 'residence': {'reference': 'Rural', 'reference_column': 'residence_Rural'}, 'country_admin_region': {'reference': 'nigeria::01', 'reference_column': 'country_admin_region_nigeria::01'}}"
binary_lpm,model4_preferred_lpm,wasted,nigeria,household_size_raw,7.481680246856131e-05,0.0010425345386252277,-0.0019685133458759666,0.0021181469508130893,0.9427894526520031,9464,1343,37,weight_original,cluster_robust_psu,True,"{'child_sex': {'reference': 'Male', 'reference_column': 'child_sex_Male'}, 'maternal_education': {'reference': 'No education', 'reference_column': 'maternal_education_No education'}, 'literacy': {'reference': 'Cannot read at all', 'reference_column': 'literacy_Cannot read at all'}, 'wealth_quintile': {'reference': 'Poorest', 'reference_column': 'wealth_quintile_Poorest'}, 'residence': {'reference': 'Rural', 'reference_column': 'residence_Rural'}, 'country_admin_region': {'reference': 'nigeria::01', 'reference_column': 'country_admin_region_nigeria::01'}}"
binary_lpm,model4_preferred_lpm,wasted,nigeria,child_sex_Female,-0.008473872766170032,0.006403868326166053,-0.021025224047192297,0.004077478514852233,0.18575464113183449,9464,1343,37,weight_original,cluster_robust_psu,True,"{'child_sex': {'reference': 'Male', 'reference_column': 'child_sex_Male'}, 'maternal_education': {'reference': 'No education', 'reference_column': 'maternal_education_No education'}, 'literacy': {'reference': 'Cannot read at all', 'reference_column': 'literacy_Cannot read at all'}, 'wealth_quintile': {'reference': 'Poorest', 'reference_column': 'wealth_quintile_Poorest'}, 'residence': {'reference': 'Rural', 'reference_column': 'residence_Rural'}, 'country_admin_region': {'reference': 'nigeria::01', 'reference_column': 'country_admin_region_nigeria::01'}}"
binary_lpm,model4_preferred_lpm,wasted,nigeria,maternal_education_Higher,-0.04869802779422447,0.019087887522571952,-0.08610959987941696,-0.011286455709031966,0.010733641692694647,9464,1343,37,weight_original,cluster_robust_psu,True,"{'child_sex': {'reference': 'Male', 'reference_column': 'child_sex_Male'}, 'maternal_education': {'reference': 'No education', 'reference_column': 'maternal_education_No education'}, 'literacy': {'reference': 'Cannot read at all', 'reference_column': 'literacy_Cannot read at all'}, 'wealth_quintile': {'reference': 'Poorest', 'reference_column': 'wealth_quintile_Poorest'}, 'residence': {'reference': 'Rural', 'reference_column': 'residence_Rural'}, 'country_admin_region': {'reference': 'nigeria::01', 'reference_column': 'country_admin_region_nigeria::01'}}"
binary_lpm,model4_preferred_lpm,wasted,nigeria,maternal_education_Primary,-0.020829527407084318,0.013311065843644465,-0.04691873705646874,0.005259682242300105,0.11762326453405024,9464,1343,37,weight_original,cluster_robust_psu,True,"{'child_sex': {'reference': 'Male', 'reference_column': 'child_sex_Male'}, 'maternal_education': {'reference': 'No education', 'reference_column': 'maternal_education_No education'}, 'literacy': {'reference': 'Cannot read at all', 'reference_column': 'literacy_Cannot read at all'}, 'wealth_quintile': {'reference': 'Poorest', 'reference_column': 'wealth_quintile_Poorest'}, 'residence': {'reference': 'Rural', 'reference_column': 'residence_Rural'}, 'country_admin_region': {'reference': 'nigeria::01', 'reference_column': 'country_admin_region_nigeria::01'}}"
binary_lpm,model4_preferred_lpm,wasted,nigeria,maternal_education_Secondary,-0.020529956512221097,0.017069231374875874,-0.053985035250758914,0.012925122226316723,0.22907447401003833,9464,1343,37,weight_original,cluster_robust_psu,True,"{'child_sex': {'reference': 'Male', 'reference_column': 'child_sex_Male'}, 'maternal_education': {'reference': 'No education', 'reference_column': 'maternal_education_No education'}, 'literacy': {'reference': 'Cannot read at all', 'reference_column': 'literacy_Cannot read at all'}, 'wealth_quintile': {'reference': 'Poorest', 'reference_column': 'wealth_quintile_Poorest'}, 'residence': {'reference': 'Rural', 'reference_column': 'residence_Rural'}, 'country_admin_region': {'reference': 'nigeria::01', 'reference_column': 'country_admin_region_nigeria::01'}}"
binary_lpm,model4_preferred_lpm,wasted,nigeria,literacy_Able to read only parts of sentence,0.01022149120284924,0.0159895317889277,-0.02111741523310735,0.04156039763880583,0.5226528652910767,9464,1343,37,weight_original,cluster_robust_psu,True,"{'child_sex': {'reference': 'Male', 'reference_column': 'child_sex_Male'}, 'maternal_education': {'reference': 'No education', 'reference_column': 'maternal_education_No education'}, 'literacy': {'reference': 'Cannot read at all', 'reference_column': 'literacy_Cannot read at all'}, 'wealth_quintile': {'reference': 'Poorest', 'reference_column': 'wealth_quintile_Poorest'}, 'residence': {'reference': 'Rural', 'reference_column': 'residence_Rural'}, 'country_admin_region': {'reference': 'nigeria::01', 'reference_column': 'country_admin_region_nigeria::01'}}"
binary_lpm,model4_preferred_lpm,wasted,nigeria,literacy_Able to read whole sentence,-0.006295537869437373,0.014299690951101868,-0.03432241712365035,0.021731341384775598,0.659751039751349,9464,1343,37,weight_original,cluster_robust_psu,True,"{'child_sex': {'reference': 'Male', 'reference_column': 'child_sex_Male'}, 'maternal_education': {'reference': 'No education', 'reference_column': 'maternal_education_No education'}, 'literacy': {'reference': 'Cannot read at all', 'reference_column': 'literacy_Cannot read at all'}, 'wealth_quintile': {'reference': 'Poorest', 'reference_column': 'wealth_quintile_Poorest'}, 'residence': {'reference': 'Rural', 'reference_column': 'residence_Rural'}, 'country_admin_region': {'reference': 'nigeria::01', 'reference_column': 'country_admin_region_nigeria::01'}}"
binary_lpm,model4_preferred_lpm,wasted,nigeria,literacy_Blind/visually impaired,0.035633182563545834,0.1399463448933377,-0.238656613195417,0.3099229783225087,0.7990163663290774,9464,1343,37,weight_original,cluster_robust_psu,True,"{'child_sex': {'reference': 'Male', 'reference_column': 'child_sex_Male'}, 'maternal_education': {'reference': 'No education', 'reference_column': 'maternal_education_No education'}, 'literacy': {'reference': 'Cannot read at all', 'reference_column': 'literacy_Cannot read at all'}, 'wealth_quintile': {'reference': 'Poorest', 'reference_column': 'wealth_quintile_Poorest'}, 'residence': {'reference': 'Rural', 'reference_column': 'residence_Rural'}, 'country_admin_region': {'reference': 'nigeria::01', 'reference_column': 'country_admin_region_nigeria::01'}}"
binary_lpm,model4_preferred_lpm,wasted,nigeria,literacy_No card with required language,-0.03947066975207823,0.02220192048547342,-0.08298563429122816,0.004044294787071696,0.07543600169712958,9464,1343,37,weight_original,cluster_robust_psu,True,"{'child_sex': {'reference': 'Male', 'reference_column': 'child_sex_Male'}, 'maternal_education': {'reference': 'No education', 'reference_column': 'maternal_education_No education'}, 'literacy': {'reference': 'Cannot read at all', 'reference_column': 'literacy_Cannot read at all'}, 'wealth_quintile': {'reference': 'Poorest', 'reference_column': 'wealth_quintile_Poorest'}, 'residence': {'reference': 'Rural', 'reference_column': 'residence_Rural'}, 'country_admin_region': {'reference': 'nigeria::01', 'reference_column': 'country_admin_region_nigeria::01'}}"
binary_lpm,model4_preferred_lpm,wasted,nigeria,wealth_quintile_Middle,-0.01497243667103677,0.013607524758515377,-0.041642695116464006,0.011697821774390466,0.2711989617460656,9464,1343,37,weight_original,cluster_robust_psu,True,"{'child_sex': {'reference': 'Male', 'reference_column': 'child_sex_Male'}, 'maternal_education': {'reference': 'No education', 'reference_column': 'maternal_education_No education'}, 'literacy': {'reference': 'Cannot read at all', 'reference_column': 'literacy_Cannot read at all'}, 'wealth_quintile': {'reference': 'Poorest', 'reference_column': 'wealth_quintile_Poorest'}, 'residence': {'reference': 'Rural', 'reference_column': 'residence_Rural'}, 'country_admin_region': {'reference': 'nigeria::01', 'reference_column': 'country_admin_region_nigeria::01'}}"
binary_lpm,model4_preferred_lpm,wasted,nigeria,wealth_quintile_Poorer,-0.009955436631918259,0.01271963133427256,-0.034885455943719626,0.014974582679883112,0.43381340671815083,9464,1343,37,weight_original,cluster_robust_psu,True,"{'child_sex': {'reference': 'Male', 'reference_column': 'child_sex_Male'}, 'maternal_education': {'reference': 'No education', 'reference_column': 'maternal_education_No education'}, 'literacy': {'reference': 'Cannot read at all', 'reference_column': 'literacy_Cannot read at all'}, 'wealth_quintile': {'reference': 'Poorest', 'reference_column': 'wealth_quintile_Poorest'}, 'residence': {'reference': 'Rural', 'reference_column': 'residence_Rural'}, 'country_admin_region': {'reference': 'nigeria::01', 'reference_column': 'country_admin_region_nigeria::01'}}"
binary_lpm,model4_preferred_lpm,wasted,nigeria,wealth_quintile_Richer,0.009142027098091685,0.01671300457008599,-0.023614859932730187,0.041898914128913556,0.5843781731427258,9464,1343,37,weight_original,cluster_robust_psu,True,"{'child_sex': {'reference': 'Male', 'reference_column': 'child_sex_Male'}, 'maternal_education': {'reference': 'No education', 'reference_column': 'maternal_education_No education'}, 'literacy': {'reference': 'Cannot read at all', 'reference_column': 'literacy_Cannot read at all'}, 'wealth_quintile': {'reference': 'Poorest', 'reference_column': 'wealth_quintile_Poorest'}, 'residence': {'reference': 'Rural', 'reference_column': 'residence_Rural'}, 'country_admin_region': {'reference': 'nigeria::01', 'reference_column': 'country_admin_region_nigeria::01'}}"
binary_lpm,model4_preferred_lpm,wasted,nigeria,wealth_quintile_Richest,0.01157703332647873,0.018988398155919965,-0.025639543183231178,0.048793609836188634,0.5420672898261587,9464,1343,37,weight_original,cluster_robust_psu,True,"{'child_sex': {'reference': 'Male', 'reference_column': 'child_sex_Male'}, 'maternal_education': {'reference': 'No education', 'reference_column': 'maternal_education_No education'}, 'literacy': {'reference': 'Cannot read at all', 'reference_column': 'literacy_Cannot read at all'}, 'wealth_quintile': {'reference': 'Poorest', 'reference_column': 'wealth_quintile_Poorest'}, 'residence': {'reference': 'Rural', 'reference_column': 'residence_Rural'}, 'country_admin_region': {'reference': 'nigeria::01', 'reference_column': 'country_admin_region_nigeria::01'}}"
binary_lpm,model4_preferred_lpm,wasted,nigeria,residence_Urban,0.024406899044622128,0.009348471184747638,0.006084232212006269,0.04272956587723799,0.0090333233717704,9464,1343,37,weight_original,cluster_robust_psu,True,"{'child_sex': {'reference': 'Male', 'reference_column': 'child_sex_Male'}, 'maternal_education': {'reference': 'No education', 'reference_column': 'maternal_education_No education'}, 'literacy': {'reference': 'Cannot read at all', 'reference_column': 'literacy_Cannot read at all'}, 'wealth_quintile': {'reference': 'Poorest', 'reference_column': 'wealth_quintile_Poorest'}, 'residence': {'reference': 'Rural', 'reference_column': 'residence_Rural'}, 'country_admin_region': {'reference': 'nigeria::01', 'reference_column': 'country_admin_region_nigeria::01'}}"
binary_lpm,model4_preferred_lpm,wasted,nigeria,country_admin_region_nigeria::02,-0.024361266054681564,0.03446422288813182,-0.09190990167058094,0.043187369561217805,0.4796555491553316,9464,1343,37,weight_original,cluster_robust_psu,True,"{'child_sex': {'reference': 'Male', 'reference_column': 'child_sex_Male'}, 'maternal_education': {'reference': 'No education', 'reference_column': 'maternal_education_No education'}, 'literacy': {'reference': 'Cannot read at all', 'reference_column': 'literacy_Cannot read at all'}, 'wealth_quintile': {'reference': 'Poorest', 'reference_column': 'wealth_quintile_Poorest'}, 'residence': {'reference': 'Rural', 'reference_column': 'residence_Rural'}, 'country_admin_region': {'reference': 'nigeria::01', 'reference_column': 'country_admin_region_nigeria::01'}}"
binary_lpm,model4_preferred_lpm,wasted,nigeria,country_admin_region_nigeria::03,-0.04138573067455014,0.03371189534746798,-0.1074598314061708,0.02468837005707051,0.21958593272663463,9464,1343,37,weight_original,cluster_robust_psu,True,"{'child_sex': {'reference': 'Male', 'reference_column': 'child_sex_Male'}, 'maternal_education': {'reference': 'No education', 'reference_column': 'maternal_education_No education'}, 'literacy': {'reference': 'Cannot read at all', 'reference_column': 'literacy_Cannot read at all'}, 'wealth_quintile': {'reference': 'Poorest', 'reference_column': 'wealth_quintile_Poorest'}, 'residence': {'reference': 'Rural', 'reference_column': 'residence_Rural'}, 'country_admin_region': {'reference': 'nigeria::01', 'reference_column': 'country_admin_region_nigeria::01'}}"
binary_lpm,model4_preferred_lpm,wasted,nigeria,country_admin_region_nigeria::04,-0.032271478092801245,0.034232701792478275,-0.09936634069955841,0.03482338451395592,0.34582973845956344,9464,1343,37,weight_original,cluster_robust_psu,True,"{'child_sex': {'reference': 'Male', 'reference_column': 'child_sex_Male'}, 'maternal_education': {'reference': 'No education', 'reference_column': 'maternal_education_No education'}, 'literacy': {'reference': 'Cannot read at all', 'reference_column': 'literacy_Cannot read at all'}, 'wealth_quintile': {'reference': 'Poorest', 'reference_column': 'wealth_quintile_Poorest'}, 'residence': {'reference': 'Rural', 'reference_column': 'residence_Rural'}, 'country_admin_region': {'reference': 'nigeria::01', 'reference_column': 'country_admin_region_nigeria::01'}}"
binary_lpm,model4_preferred_lpm,wasted,nigeria,country_admin_region_nigeria::05,0.011876330198411118,0.0331281010385677,-0.05305355471338553,0.07680621511020777,0.7199712914868298,9464,1343,37,weight_original,cluster_robust_psu,True,"{'child_sex': {'reference': 'Male', 'reference_column': 'child_sex_Male'}, 'maternal_education': {'reference': 'No education', 'reference_column': 'maternal_education_No education'}, 'literacy': {'reference': 'Cannot read at all', 'reference_column': 'literacy_Cannot read at all'}, 'wealth_quintile': {'reference': 'Poorest', 'reference_column': 'wealth_quintile_Poorest'}, 'residence': {'reference': 'Rural', 'reference_column': 'residence_Rural'}, 'country_admin_region': {'reference': 'nigeria::01', 'reference_column': 'country_admin_region_nigeria::01'}}"
binary_lpm,model4_preferred_lpm,wasted,nigeria,country_admin_region_nigeria::06,-0.04590125953966706,0.03231892507730257,-0.10924518871022848,0.01744266963089436,0.1555321546723591,9464,1343,37,weight_original,cluster_robust_psu,True,"{'child_sex': {'reference': 'Male', 'reference_column': 'child_sex_Male'}, 'maternal_education': {'reference': 'No education', 'reference_column': 'maternal_education_No education'}, 'literacy': {'reference': 'Cannot read at all', 'reference_column': 'literacy_Cannot read at all'}, 'wealth_quintile': {'reference': 'Poorest', 'reference_column': 'wealth_quintile_Poorest'}, 'residence': {'reference': 'Rural', 'reference_column': 'residence_Rural'}, 'country_admin_region': {'reference': 'nigeria::01', 'reference_column': 'country_admin_region_nigeria::01'}}"
binary_lpm,model4_preferred_lpm,wasted,nigeria,country_admin_region_nigeria::07,-0.03719736803331387,0.03338205939900001,-0.10262500218513068,0.028230266118502954,0.2651538569418478,9464,1343,37,weight_original,cluster_robust_psu,True,"{'child_sex': {'reference': 'Male', 'reference_column': 'child_sex_Male'}, 'maternal_education': {'reference': 'No education', 'reference_column': 'maternal_education_No education'}, 'literacy': {'reference': 'Cannot read at all', 'reference_column': 'literacy_Cannot read at all'}, 'wealth_quintile': {'reference': 'Poorest', 'reference_column': 'wealth_quintile_Poorest'}, 'residence': {'reference': 'Rural', 'reference_column': 'residence_Rural'}, 'country_admin_region': {'reference': 'nigeria::01', 'reference_column': 'country_admin_region_nigeria::01'}}"
binary_lpm,model4_preferred_lpm,wasted,nigeria,country_admin_region_nigeria::08,-0.019992181259757047,0.03439597718483268,-0.0874070577550905,0.047422695235576406,0.5610813870192851,9464,1343,37,weight_original,cluster_robust_psu,True,"{'child_sex': {'reference': 'Male', 'reference_column': 'child_sex_Male'}, 'maternal_education': {'reference': 'No education', 'reference_column': 'maternal_education_No education'}, 'literacy': {'reference': 'Cannot read at all', 'reference_column': 'literacy_Cannot read at all'}, 'wealth_quintile': {'reference': 'Poorest', 'reference_column': 'wealth_quintile_Poorest'}, 'residence': {'reference': 'Rural', 'reference_column': 'residence_Rural'}, 'country_admin_region': {'reference': 'nigeria::01', 'reference_column': 'country_admin_region_nigeria::01'}}"
binary_lpm,model4_preferred_lpm,wasted,nigeria,country_admin_region_nigeria::09,-0.04142523211470272,0.03156035565026145,-0.10328239252849036,0.02043192829908492,0.1893272847854175,9464,1343,37,weight_original,cluster_robust_psu,True,"{'child_sex': {'reference': 'Male', 'reference_column': 'child_sex_Male'}, 'maternal_education': {'reference': 'No education', 'reference_column': 'maternal_education_No education'}, 'literacy': {'reference': 'Cannot read at all', 'reference_column': 'literacy_Cannot read at all'}, 'wealth_quintile': {'reference': 'Poorest', 'reference_column': 'wealth_quintile_Poorest'}, 'residence': {'reference': 'Rural', 'reference_column': 'residence_Rural'}, 'country_admin_region': {'reference': 'nigeria::01', 'reference_column': 'country_admin_region_nigeria::01'}}"
binary_lpm,model4_preferred_lpm,wasted,nigeria,country_admin_region_nigeria::10,0.003249510319836729,0.037124196343143914,-0.06951257746771893,0.07601159810739237,0.930249610628044,9464,1343,37,weight_original,cluster_robust_psu,True,"{'child_sex': {'reference': 'Male', 'reference_column': 'child_sex_Male'}, 'maternal_education': {'reference': 'No education', 'reference_column': 'maternal_education_No education'}, 'literacy': {'reference': 'Cannot read at all', 'reference_column': 'literacy_Cannot read at all'}, 'wealth_quintile': {'reference': 'Poorest', 'reference_column': 'wealth_quintile_Poorest'}, 'residence': {'reference': 'Rural', 'reference_column': 'residence_Rural'}, 'country_admin_region': {'reference': 'nigeria::01', 'reference_column': 'country_admin_region_nigeria::01'}}"
binary_lpm,model4_preferred_lpm,wasted,nigeria,country_admin_region_nigeria::11,-0.01073508205489115,0.032146636270403615,-0.07374133136899125,0.05227116725920894,0.7384240289652839,9464,1343,37,weight_original,cluster_robust_psu,True,"{'child_sex': {'reference': 'Male', 'reference_column': 'child_sex_Male'}, 'maternal_education': {'reference': 'No education', 'reference_column': 'maternal_education_No education'}, 'literacy': {'reference': 'Cannot read at all', 'reference_column': 'literacy_Cannot read at all'}, 'wealth_quintile': {'reference': 'Poorest', 'reference_column': 'wealth_quintile_Poorest'}, 'residence': {'reference': 'Rural', 'reference_column': 'residence_Rural'}, 'country_admin_region': {'reference': 'nigeria::01', 'reference_column': 'country_admin_region_nigeria::01'}}"
binary_lpm,model4_preferred_lpm,wasted,nigeria,country_admin_region_nigeria::12,-0.0024370976829485875,0.041425394900143124,-0.08362937973257834,0.07875518436668116,0.9530867114867221,9464,1343,37,weight_original,cluster_robust_psu,True,"{'child_sex': {'reference': 'Male', 'reference_column': 'child_sex_Male'}, 'maternal_education': {'reference': 'No education', 'reference_column': 'maternal_education_No education'}, 'literacy': {'reference': 'Cannot read at all', 'reference_column': 'literacy_Cannot read at all'}, 'wealth_quintile': {'reference': 'Poorest', 'reference_column': 'wealth_quintile_Poorest'}, 'residence': {'reference': 'Rural', 'reference_column': 'residence_Rural'}, 'country_admin_region': {'reference': 'nigeria::01', 'reference_column': 'country_admin_region_nigeria::01'}}"
binary_lpm,model4_preferred_lpm,wasted,nigeria,country_admin_region_nigeria::13,0.0017324520622148815,0.038382093421491605,-0.0734950686951604,0.07695997281959016,0.9639981198740185,9464,1343,37,weight_original,cluster_robust_psu,True,"{'child_sex': {'reference': 'Male', 'reference_column': 'child_sex_Male'}, 'maternal_education': {'reference': 'No education', 'reference_column': 'maternal_education_No education'}, 'literacy': {'reference': 'Cannot read at all', 'reference_column': 'literacy_Cannot read at all'}, 'wealth_quintile': {'reference': 'Poorest', 'reference_column': 'wealth_quintile_Poorest'}, 'residence': {'reference': 'Rural', 'reference_column': 'residence_Rural'}, 'country_admin_region': {'reference': 'nigeria::01', 'reference_column': 'country_admin_region_nigeria::01'}}"
binary_lpm,model4_preferred_lpm,wasted,nigeria,country_admin_region_nigeria::14,0.029612685027041695,0.03525961443529268,-0.03949488937490055,0.09872025942898394,0.4009941196297052,9464,1343,37,weight_original,cluster_robust_psu,True,"{'child_sex': {'reference': 'Male', 'reference_column': 'child_sex_Male'}, 'maternal_education': {'reference': 'No education', 'reference_column': 'maternal_education_No education'}, 'literacy': {'reference': 'Cannot read at all', 'reference_column': 'literacy_Cannot read at all'}, 'wealth_quintile': {'reference': 'Poorest', 'reference_column': 'wealth_quintile_Poorest'}, 'residence': {'reference': 'Rural', 'reference_column': 'residence_Rural'}, 'country_admin_region': {'reference': 'nigeria::01', 'reference_column': 'country_admin_region_nigeria::01'}}"
binary_lpm,model4_preferred_lpm,wasted,nigeria,country_admin_region_nigeria::15,-0.021943251645278536,0.03266736380728209,-0.0859701081774187,0.04208360488686162,0.5017633303640213,9464,1343,37,weight_original,cluster_robust_psu,True,"{'child_sex': {'reference': 'Male', 'reference_column': 'child_sex_Male'}, 'maternal_education': {'reference': 'No education', 'reference_column': 'maternal_education_No education'}, 'literacy': {'reference': 'Cannot read at all', 'reference_column': 'literacy_Cannot read at all'}, 'wealth_quintile': {'reference': 'Poorest', 'reference_column': 'wealth_quintile_Poorest'}, 'residence': {'reference': 'Rural', 'reference_column': 'residence_Rural'}, 'country_admin_region': {'reference': 'nigeria::01', 'reference_column': 'country_admin_region_nigeria::01'}}"
binary_lpm,model4_preferred_lpm,wasted,nigeria,country_admin_region_nigeria::16,0.026264927737721593,0.03412883767781341,-0.0406263649450063,0.09315622042044949,0.44154808435508053,9464,1343,37,weight_original,cluster_robust_psu,True,"{'child_sex': {'reference': 'Male', 'reference_column': 'child_sex_Male'}, 'maternal_education': {'reference': 'No education', 'reference_column': 'maternal_education_No education'}, 'literacy': {'reference': 'Cannot read at all', 'reference_column': 'literacy_Cannot read at all'}, 'wealth_quintile': {'reference': 'Poorest', 'reference_column': 'wealth_quintile_Poorest'}, 'residence': {'reference': 'Rural', 'reference_column': 'residence_Rural'}, 'country_admin_region': {'reference': 'nigeria::01', 'reference_column': 'country_admin_region_nigeria::01'}}"
binary_lpm,model4_preferred_lpm,wasted,nigeria,country_admin_region_nigeria::17,-0.012798226538505231,0.03410572830558952,-0.07964422568396898,0.05404777260695851,0.7074734141963417,9464,1343,37,weight_original,cluster_robust_psu,True,"{'child_sex': {'reference': 'Male', 'reference_column': 'child_sex_Male'}, 'maternal_education': {'reference': 'No education', 'reference_column': 'maternal_education_No education'}, 'literacy': {'reference': 'Cannot read at all', 'reference_column': 'literacy_Cannot read at all'}, 'wealth_quintile': {'reference': 'Poorest', 'reference_column': 'wealth_quintile_Poorest'}, 'residence': {'reference': 'Rural', 'reference_column': 'residence_Rural'}, 'country_admin_region': {'reference': 'nigeria::01', 'reference_column': 'country_admin_region_nigeria::01'}}"
binary_lpm,model4_preferred_lpm,wasted,nigeria,country_admin_region_nigeria::18,-0.014757969216169172,0.03508365012888453,-0.08352065991498688,0.054004721482648524,0.6740100153141163,9464,1343,37,weight_original,cluster_robust_psu,True,"{'child_sex': {'reference': 'Male', 'reference_column': 'child_sex_Male'}, 'maternal_education': {'reference': 'No education', 'reference_column': 'maternal_education_No education'}, 'literacy': {'reference': 'Cannot read at all', 'reference_column': 'literacy_Cannot read at all'}, 'wealth_quintile': {'reference': 'Poorest', 'reference_column': 'wealth_quintile_Poorest'}, 'residence': {'reference': 'Rural', 'reference_column': 'residence_Rural'}, 'country_admin_region': {'reference': 'nigeria::01', 'reference_column': 'country_admin_region_nigeria::01'}}"
binary_lpm,model4_preferred_lpm,wasted,nigeria,country_admin_region_nigeria::19,-0.03892284904381647,0.033345888804144824,-0.10427959013241772,0.026433892044784794,0.2431111151201295,9464,1343,37,weight_original,cluster_robust_psu,True,"{'child_sex': {'reference': 'Male', 'reference_column': 'child_sex_Male'}, 'maternal_education': {'reference': 'No education', 'reference_column': 'maternal_education_No education'}, 'literacy': {'reference': 'Cannot read at all', 'reference_column': 'literacy_Cannot read at all'}, 'wealth_quintile': {'reference': 'Poorest', 'reference_column': 'wealth_quintile_Poorest'}, 'residence': {'reference': 'Rural', 'reference_column': 'residence_Rural'}, 'country_admin_region': {'reference': 'nigeria::01', 'reference_column': 'country_admin_region_nigeria::01'}}"
binary_lpm,model4_preferred_lpm,wasted,nigeria,country_admin_region_nigeria::20,-0.030845461931042352,0.03321069411119287,-0.09593722629055684,0.034246302428472146,0.35300258919609506,9464,1343,37,weight_original,cluster_robust_psu,True,"{'child_sex': {'reference': 'Male', 'reference_column': 'child_sex_Male'}, 'maternal_education': {'reference': 'No education', 'reference_column': 'maternal_education_No education'}, 'literacy': {'reference': 'Cannot read at all', 'reference_column': 'literacy_Cannot read at all'}, 'wealth_quintile': {'reference': 'Poorest', 'reference_column': 'wealth_quintile_Poorest'}, 'residence': {'reference': 'Rural', 'reference_column': 'residence_Rural'}, 'country_admin_region': {'reference': 'nigeria::01', 'reference_column': 'country_admin_region_nigeria::01'}}"
binary_lpm,model4_preferred_lpm,wasted,nigeria,country_admin_region_nigeria::21,0.006522659562598804,0.033838097274751816,-0.05979879240127771,0.07284411152647531,0.8471462847962842,9464,1343,37,weight_original,cluster_robust_psu,True,"{'child_sex': {'reference': 'Male', 'reference_column': 'child_sex_Male'}, 'maternal_education': {'reference': 'No education', 'reference_column': 'maternal_education_No education'}, 'literacy': {'reference': 'Cannot read at all', 'reference_column': 'literacy_Cannot read at all'}, 'wealth_quintile': {'reference': 'Poorest', 'reference_column': 'wealth_quintile_Poorest'}, 'residence': {'reference': 'Rural', 'reference_column': 'residence_Rural'}, 'country_admin_region': {'reference': 'nigeria::01', 'reference_column': 'country_admin_region_nigeria::01'}}"
binary_lpm,model4_preferred_lpm,wasted,nigeria,country_admin_region_nigeria::22,0.005918691909609047,0.0327371914428352,-0.05824502427334079,0.07008240809255888,0.8565291740262005,9464,1343,37,weight_original,cluster_robust_psu,True,"{'child_sex': {'reference': 'Male', 'reference_column': 'child_sex_Male'}, 'maternal_education': {'reference': 'No education', 'reference_column': 'maternal_education_No education'}, 'literacy': {'reference': 'Cannot read at all', 'reference_column': 'literacy_Cannot read at all'}, 'wealth_quintile': {'reference': 'Poorest', 'reference_column': 'wealth_quintile_Poorest'}, 'residence': {'reference': 'Rural', 'reference_column': 'residence_Rural'}, 'country_admin_region': {'reference': 'nigeria::01', 'reference_column': 'country_admin_region_nigeria::01'}}"
binary_lpm,model4_preferred_lpm,wasted,nigeria,country_admin_region_nigeria::23,-0.019131560534952064,0.031805263937583164,-0.08146873237140566,0.04320561130150152,0.5474924770764688,9464,1343,37,weight_original,cluster_robust_psu,True,"{'child_sex': {'reference': 'Male', 'reference_column': 'child_sex_Male'}, 'maternal_education': {'reference': 'No education', 'reference_column': 'maternal_education_No education'}, 'literacy': {'reference': 'Cannot read at all', 'reference_column': 'literacy_Cannot read at all'}, 'wealth_quintile': {'reference': 'Poorest', 'reference_column': 'wealth_quintile_Poorest'}, 'residence': {'reference': 'Rural', 'reference_column': 'residence_Rural'}, 'country_admin_region': {'reference': 'nigeria::01', 'reference_column': 'country_admin_region_nigeria::01'}}"
binary_lpm,model4_preferred_lpm,wasted,nigeria,country_admin_region_nigeria::24,-0.0490346289938235,0.03083285694079241,-0.10946591813825246,0.011396660150605455,0.11175889354967396,9464,1343,37,weight_original,cluster_robust_psu,True,"{'child_sex': {'reference': 'Male', 'reference_column': 'child_sex_Male'}, 'maternal_education': {'reference': 'No education', 'reference_column': 'maternal_education_No education'}, 'literacy': {'reference': 'Cannot read at all', 'reference_column': 'literacy_Cannot read at all'}, 'wealth_quintile': {'reference': 'Poorest', 'reference_column': 'wealth_quintile_Poorest'}, 'residence': {'reference': 'Rural', 'reference_column': 'residence_Rural'}, 'country_admin_region': {'reference': 'nigeria::01', 'reference_column': 'country_admin_region_nigeria::01'}}"
binary_lpm,model4_preferred_lpm,wasted,nigeria,country_admin_region_nigeria::25,0.007888968343583908,0.035121293735195784,-0.06094750246785206,0.07672543915501988,0.8222743875579768,9464,1343,37,weight_original,cluster_robust_psu,True,"{'child_sex': {'reference': 'Male', 'reference_column': 'child_sex_Male'}, 'maternal_education': {'reference': 'No education', 'reference_column': 'maternal_education_No education'}, 'literacy': {'reference': 'Cannot read at all', 'reference_column': 'literacy_Cannot read at all'}, 'wealth_quintile': {'reference': 'Poorest', 'reference_column': 'wealth_quintile_Poorest'}, 'residence': {'reference': 'Rural', 'reference_column': 'residence_Rural'}, 'country_admin_region': {'reference': 'nigeria::01', 'reference_column': 'country_admin_region_nigeria::01'}}"
binary_lpm,model4_preferred_lpm,wasted,nigeria,country_admin_region_nigeria::26,0.054515444290851284,0.044788696906548145,-0.033268788560463614,0.14229967714216618,0.22353966011612236,9464,1343,37,weight_original,cluster_robust_psu,True,"{'child_sex': {'reference': 'Male', 'reference_column': 'child_sex_Male'}, 'maternal_education': {'reference': 'No education', 'reference_column': 'maternal_education_No education'}, 'literacy': {'reference': 'Cannot read at all', 'reference_column': 'literacy_Cannot read at all'}, 'wealth_quintile': {'reference': 'Poorest', 'reference_column': 'wealth_quintile_Poorest'}, 'residence': {'reference': 'Rural', 'reference_column': 'residence_Rural'}, 'country_admin_region': {'reference': 'nigeria::01', 'reference_column': 'country_admin_region_nigeria::01'}}"
binary_lpm,model4_preferred_lpm,wasted,nigeria,country_admin_region_nigeria::27,0.006123078227339027,0.03503327228331744,-0.06254087370854847,0.07478703016322652,0.8612533363142945,9464,1343,37,weight_original,cluster_robust_psu,True,"{'child_sex': {'reference': 'Male', 'reference_column': 'child_sex_Male'}, 'maternal_education': {'reference': 'No education', 'reference_column': 'maternal_education_No education'}, 'literacy': {'reference': 'Cannot read at all', 'reference_column': 'literacy_Cannot read at all'}, 'wealth_quintile': {'reference': 'Poorest', 'reference_column': 'wealth_quintile_Poorest'}, 'residence': {'reference': 'Rural', 'reference_column': 'residence_Rural'}, 'country_admin_region': {'reference': 'nigeria::01', 'reference_column': 'country_admin_region_nigeria::01'}}"
binary_lpm,model4_preferred_lpm,wasted,nigeria,country_admin_region_nigeria::28,-0.032481217134015555,0.034147169730415775,-0.09940843997960679,0.034446005711575675,0.3414964778834727,9464,1343,37,weight_original,cluster_robust_psu,True,"{'child_sex': {'reference': 'Male', 'reference_column': 'child_sex_Male'}, 'maternal_education': {'reference': 'No education', 'reference_column': 'maternal_education_No education'}, 'literacy': {'reference': 'Cannot read at all', 'reference_column': 'literacy_Cannot read at all'}, 'wealth_quintile': {'reference': 'Poorest', 'reference_column': 'wealth_quintile_Poorest'}, 'residence': {'reference': 'Rural', 'reference_column': 'residence_Rural'}, 'country_admin_region': {'reference': 'nigeria::01', 'reference_column': 'country_admin_region_nigeria::01'}}"
binary_lpm,model4_preferred_lpm,wasted,nigeria,country_admin_region_nigeria::29,0.07264721419278883,0.03742000399360656,-0.0006946459360250151,0.14598907432160269,0.05220971858328101,9464,1343,37,weight_original,cluster_robust_psu,True,"{'child_sex': {'reference': 'Male', 'reference_column': 'child_sex_Male'}, 'maternal_education': {'reference': 'No education', 'reference_column': 'maternal_education_No education'}, 'literacy': {'reference': 'Cannot read at all', 'reference_column': 'literacy_Cannot read at all'}, 'wealth_quintile': {'reference': 'Poorest', 'reference_column': 'wealth_quintile_Poorest'}, 'residence': {'reference': 'Rural', 'reference_column': 'residence_Rural'}, 'country_admin_region': {'reference': 'nigeria::01', 'reference_column': 'country_admin_region_nigeria::01'}}"
binary_lpm,model4_preferred_lpm,wasted,nigeria,country_admin_region_nigeria::30,-0.00892912092606765,0.0330952274884034,-0.0737945748634983,0.055936333011363,0.7873134591253206,9464,1343,37,weight_original,cluster_robust_psu,True,"{'child_sex': {'reference': 'Male', 'reference_column': 'child_sex_Male'}, 'maternal_education': {'reference': 'No education', 'reference_column': 'maternal_education_No education'}, 'literacy': {'reference': 'Cannot read at all', 'reference_column': 'literacy_Cannot read at all'}, 'wealth_quintile': {'reference': 'Poorest', 'reference_column': 'wealth_quintile_Poorest'}, 'residence': {'reference': 'Rural', 'reference_column': 'residence_Rural'}, 'country_admin_region': {'reference': 'nigeria::01', 'reference_column': 'country_admin_region_nigeria::01'}}"
binary_lpm,model4_preferred_lpm,wasted,nigeria,country_admin_region_nigeria::31,0.03640765757123546,0.03765569233105789,-0.03739614321055912,0.11021145835303003,0.3336156864246551,9464,1343,37,weight_original,cluster_robust_psu,True,"{'child_sex': {'reference': 'Male', 'reference_column': 'child_sex_Male'}, 'maternal_education': {'reference': 'No education', 'reference_column': 'maternal_education_No education'}, 'literacy': {'reference': 'Cannot read at all', 'reference_column': 'literacy_Cannot read at all'}, 'wealth_quintile': {'reference': 'Poorest', 'reference_column': 'wealth_quintile_Poorest'}, 'residence': {'reference': 'Rural', 'reference_column': 'residence_Rural'}, 'country_admin_region': {'reference': 'nigeria::01', 'reference_column': 'country_admin_region_nigeria::01'}}"
binary_lpm,model4_preferred_lpm,wasted,nigeria,country_admin_region_nigeria::32,-0.030526670974742,0.035080989947759926,-0.09928414781436312,0.03823080586487912,0.3842036771304893,9464,1343,37,weight_original,cluster_robust_psu,True,"{'child_sex': {'reference': 'Male', 'reference_column': 'child_sex_Male'}, 'maternal_education': {'reference': 'No education', 'reference_column': 'maternal_education_No education'}, 'literacy': {'reference': 'Cannot read at all', 'reference_column': 'literacy_Cannot read at all'}, 'wealth_quintile': {'reference': 'Poorest', 'reference_column': 'wealth_quintile_Poorest'}, 'residence': {'reference': 'Rural', 'reference_column': 'residence_Rural'}, 'country_admin_region': {'reference': 'nigeria::01', 'reference_column': 'country_admin_region_nigeria::01'}}"
binary_lpm,model4_preferred_lpm,wasted,nigeria,country_admin_region_nigeria::33,-0.048081752543624776,0.03527566472922399,-0.11722078494361368,0.02105727985636413,0.1728733843533914,9464,1343,37,weight_original,cluster_robust_psu,True,"{'child_sex': {'reference': 'Male', 'reference_column': 'child_sex_Male'}, 'maternal_education': {'reference': 'No education', 'reference_column': 'maternal_education_No education'}, 'literacy': {'reference': 'Cannot read at all', 'reference_column': 'literacy_Cannot read at all'}, 'wealth_quintile': {'reference': 'Poorest', 'reference_column': 'wealth_quintile_Poorest'}, 'residence': {'reference': 'Rural', 'reference_column': 'residence_Rural'}, 'country_admin_region': {'reference': 'nigeria::01', 'reference_column': 'country_admin_region_nigeria::01'}}"
binary_lpm,model4_preferred_lpm,wasted,nigeria,country_admin_region_nigeria::34,0.04088843132366536,0.04288763326559331,-0.043169785259059484,0.1249466479063902,0.340394978606942,9464,1343,37,weight_original,cluster_robust_psu,True,"{'child_sex': {'reference': 'Male', 'reference_column': 'child_sex_Male'}, 'maternal_education': {'reference': 'No education', 'reference_column': 'maternal_education_No education'}, 'literacy': {'reference': 'Cannot read at all', 'reference_column': 'literacy_Cannot read at all'}, 'wealth_quintile': {'reference': 'Poorest', 'reference_column': 'wealth_quintile_Poorest'}, 'residence': {'reference': 'Rural', 'reference_column': 'residence_Rural'}, 'country_admin_region': {'reference': 'nigeria::01', 'reference_column': 'country_admin_region_nigeria::01'}}"
binary_lpm,model4_preferred_lpm,wasted,nigeria,country_admin_region_nigeria::35,0.0044853174773744845,0.03999930781637904,-0.0739118852492599,0.08288252020400888,0.9107164636573573,9464,1343,37,weight_original,cluster_robust_psu,True,"{'child_sex': {'reference': 'Male', 'reference_column': 'child_sex_Male'}, 'maternal_education': {'reference': 'No education', 'reference_column': 'maternal_education_No education'}, 'literacy': {'reference': 'Cannot read at all', 'reference_column': 'literacy_Cannot read at all'}, 'wealth_quintile': {'reference': 'Poorest', 'reference_column': 'wealth_quintile_Poorest'}, 'residence': {'reference': 'Rural', 'reference_column': 'residence_Rural'}, 'country_admin_region': {'reference': 'nigeria::01', 'reference_column': 'country_admin_region_nigeria::01'}}"
binary_lpm,model4_preferred_lpm,wasted,nigeria,country_admin_region_nigeria::36,0.013812306757767125,0.04333907397658502,-0.07113071735965662,0.09875533087519087,0.7499514969205803,9464,1343,37,weight_original,cluster_robust_psu,True,"{'child_sex': {'reference': 'Male', 'reference_column': 'child_sex_Male'}, 'maternal_education': {'reference': 'No education', 'reference_column': 'maternal_education_No education'}, 'literacy': {'reference': 'Cannot read at all', 'reference_column': 'literacy_Cannot read at all'}, 'wealth_quintile': {'reference': 'Poorest', 'reference_column': 'wealth_quintile_Poorest'}, 'residence': {'reference': 'Rural', 'reference_column': 'residence_Rural'}, 'country_admin_region': {'reference': 'nigeria::01', 'reference_column': 'country_admin_region_nigeria::01'}}"
binary_lpm,model4_preferred_lpm,wasted,nigeria,country_admin_region_nigeria::37,0.04828641611935945,0.037127522726120236,-0.024482191259028577,0.12105502349774748,0.1934105345258459,9464,1343,37,weight_original,cluster_robust_psu,True,"{'child_sex': {'reference': 'Male', 'reference_column': 'child_sex_Male'}, 'maternal_education': {'reference': 'No education', 'reference_column': 'maternal_education_No education'}, 'literacy': {'reference': 'Cannot read at all', 'reference_column': 'literacy_Cannot read at all'}, 'wealth_quintile': {'reference': 'Poorest', 'reference_column': 'wealth_quintile_Poorest'}, 'residence': {'reference': 'Rural', 'reference_column': 'residence_Rural'}, 'country_admin_region': {'reference': 'nigeria::01', 'reference_column': 'country_admin_region_nigeria::01'}}"
binary_lpm,model4_preferred_lpm,underweight,pooled,const,0.3368339730205538,0.031456334002462255,0.27518069129006506,0.3984872547510425,9.337132031660221e-27,37260,4434,114,model_specific_equal_total_country_weight,cluster_robust_country_psu,True,"{'child_sex': {'reference': 'Male', 'reference_column': 'child_sex_Male'}, 'maternal_education': {'reference': 'No education', 'reference_column': 'maternal_education_No education'}, 'literacy': {'reference': 'Cannot read at all', 'reference_column': 'literacy_Cannot read at all'}, 'wealth_quintile': {'reference': 'Poorest', 'reference_column': 'wealth_quintile_Poorest'}, 'residence': {'reference': 'Rural', 'reference_column': 'residence_Rural'}, 'country_admin_region': {'reference': 'ethiopia::01', 'reference_column': 'country_admin_region_ethiopia::01'}}"
binary_lpm,model4_preferred_lpm,underweight,pooled,water_rate_loo,-0.009910736120548385,0.01571397549259014,-0.04070956213997012,0.020888089898873342,0.5282395383352745,37260,4434,114,model_specific_equal_total_country_weight,cluster_robust_country_psu,True,"{'child_sex': {'reference': 'Male', 'reference_column': 'child_sex_Male'}, 'maternal_education': {'reference': 'No education', 'reference_column': 'maternal_education_No education'}, 'literacy': {'reference': 'Cannot read at all', 'reference_column': 'literacy_Cannot read at all'}, 'wealth_quintile': {'reference': 'Poorest', 'reference_column': 'wealth_quintile_Poorest'}, 'residence': {'reference': 'Rural', 'reference_column': 'residence_Rural'}, 'country_admin_region': {'reference': 'ethiopia::01', 'reference_column': 'country_admin_region_ethiopia::01'}}"
binary_lpm,model4_preferred_lpm,underweight,pooled,sanitation_rate_loo_core,-0.03133844369822466,0.017221203791346052,-0.06509138289968755,0.0024144955032382315,0.06879568650265301,37260,4434,114,model_specific_equal_total_country_weight,cluster_robust_country_psu,True,"{'child_sex': {'reference': 'Male', 'reference_column': 'child_sex_Male'}, 'maternal_education': {'reference': 'No education', 'reference_column': 'maternal_education_No education'}, 'literacy': {'reference': 'Cannot read at all', 'reference_column': 'literacy_Cannot read at all'}, 'wealth_quintile': {'reference': 'Poorest', 'reference_column': 'wealth_quintile_Poorest'}, 'residence': {'reference': 'Rural', 'reference_column': 'residence_Rural'}, 'country_admin_region': {'reference': 'ethiopia::01', 'reference_column': 'country_admin_region_ethiopia::01'}}"
binary_lpm,model4_preferred_lpm,underweight,pooled,b19_raw,0.0007019800905041114,0.0001827442133175678,0.0003438080140185736,0.0010601521669896493,0.00012237148586762947,37260,4434,114,model_specific_equal_total_country_weight,cluster_robust_country_psu,True,"{'child_sex': {'reference': 'Male', 'reference_column': 'child_sex_Male'}, 'maternal_education': {'reference': 'No education', 'reference_column': 'maternal_education_No education'}, 'literacy': {'reference': 'Cannot read at all', 'reference_column': 'literacy_Cannot read at all'}, 'wealth_quintile': {'reference': 'Poorest', 'reference_column': 'wealth_quintile_Poorest'}, 'residence': {'reference': 'Rural', 'reference_column': 'residence_Rural'}, 'country_admin_region': {'reference': 'ethiopia::01', 'reference_column': 'country_admin_region_ethiopia::01'}}"
binary_lpm,model4_preferred_lpm,underweight,pooled,birth_order_raw,0.004911673976290141,0.002400284533071431,0.000207202738821596,0.009616145213758686,0.04072802153513258,37260,4434,114,model_specific_equal_total_country_weight,cluster_robust_country_psu,True,"{'child_sex': {'reference': 'Male', 'reference_column': 'child_sex_Male'}, 'maternal_education': {'reference': 'No education', 'reference_column': 'maternal_education_No education'}, 'literacy': {'reference': 'Cannot read at all', 'reference_column': 'literacy_Cannot read at all'}, 'wealth_quintile': {'reference': 'Poorest', 'reference_column': 'wealth_quintile_Poorest'}, 'residence': {'reference': 'Rural', 'reference_column': 'residence_Rural'}, 'country_admin_region': {'reference': 'ethiopia::01', 'reference_column': 'country_admin_region_ethiopia::01'}}"
binary_lpm,model4_preferred_lpm,underweight,pooled,maternal_age,-0.0029786980955401362,0.0007491994137047604,-0.004447101963639991,-0.0015102942274402816,7.013083502111078e-05,37260,4434,114,model_specific_equal_total_country_weight,cluster_robust_country_psu,True,"{'child_sex': {'reference': 'Male', 'reference_column': 'child_sex_Male'}, 'maternal_education': {'reference': 'No education', 'reference_column': 'maternal_education_No education'}, 'literacy': {'reference': 'Cannot read at all', 'reference_column': 'literacy_Cannot read at all'}, 'wealth_quintile': {'reference': 'Poorest', 'reference_column': 'wealth_quintile_Poorest'}, 'residence': {'reference': 'Rural', 'reference_column': 'residence_Rural'}, 'country_admin_region': {'reference': 'ethiopia::01', 'reference_column': 'country_admin_region_ethiopia::01'}}"
binary_lpm,model4_preferred_lpm,underweight,pooled,household_size_raw,0.001599620394746201,0.0012786617512212568,-0.0009065105860563767,0.004105751375548779,0.21093032762659658,37260,4434,114,model_specific_equal_total_country_weight,cluster_robust_country_psu,True,"{'child_sex': {'reference': 'Male', 'reference_column': 'child_sex_Male'}, 'maternal_education': {'reference': 'No education', 'reference_column': 'maternal_education_No education'}, 'literacy': {'reference': 'Cannot read at all', 'reference_column': 'literacy_Cannot read at all'}, 'wealth_quintile': {'reference': 'Poorest', 'reference_column': 'wealth_quintile_Poorest'}, 'residence': {'reference': 'Rural', 'reference_column': 'residence_Rural'}, 'country_admin_region': {'reference': 'ethiopia::01', 'reference_column': 'country_admin_region_ethiopia::01'}}"
binary_lpm,model4_preferred_lpm,underweight,pooled,child_sex_Female,-0.023763846183599214,0.005564937012587812,-0.03467092230450525,-0.012856770062693182,1.9522661989686945e-05,37260,4434,114,model_specific_equal_total_country_weight,cluster_robust_country_psu,True,"{'child_sex': {'reference': 'Male', 'reference_column': 'child_sex_Male'}, 'maternal_education': {'reference': 'No education', 'reference_column': 'maternal_education_No education'}, 'literacy': {'reference': 'Cannot read at all', 'reference_column': 'literacy_Cannot read at all'}, 'wealth_quintile': {'reference': 'Poorest', 'reference_column': 'wealth_quintile_Poorest'}, 'residence': {'reference': 'Rural', 'reference_column': 'residence_Rural'}, 'country_admin_region': {'reference': 'ethiopia::01', 'reference_column': 'country_admin_region_ethiopia::01'}}"
binary_lpm,model4_preferred_lpm,underweight,pooled,maternal_education_Higher,-0.03651901584971121,0.016926475303471133,-0.06969429782972131,-0.0033437338697011112,0.030966058627792347,37260,4434,114,model_specific_equal_total_country_weight,cluster_robust_country_psu,True,"{'child_sex': {'reference': 'Male', 'reference_column': 'child_sex_Male'}, 'maternal_education': {'reference': 'No education', 'reference_column': 'maternal_education_No education'}, 'literacy': {'reference': 'Cannot read at all', 'reference_column': 'literacy_Cannot read at all'}, 'wealth_quintile': {'reference': 'Poorest', 'reference_column': 'wealth_quintile_Poorest'}, 'residence': {'reference': 'Rural', 'reference_column': 'residence_Rural'}, 'country_admin_region': {'reference': 'ethiopia::01', 'reference_column': 'country_admin_region_ethiopia::01'}}"
binary_lpm,model4_preferred_lpm,underweight,pooled,maternal_education_Primary,-0.014713201542162067,0.013401409856817858,-0.040979482203585146,0.011553079119261015,0.27225488201341397,37260,4434,114,model_specific_equal_total_country_weight,cluster_robust_country_psu,True,"{'child_sex': {'reference': 'Male', 'reference_column': 'child_sex_Male'}, 'maternal_education': {'reference': 'No education', 'reference_column': 'maternal_education_No education'}, 'literacy': {'reference': 'Cannot read at all', 'reference_column': 'literacy_Cannot read at all'}, 'wealth_quintile': {'reference': 'Poorest', 'reference_column': 'wealth_quintile_Poorest'}, 'residence': {'reference': 'Rural', 'reference_column': 'residence_Rural'}, 'country_admin_region': {'reference': 'ethiopia::01', 'reference_column': 'country_admin_region_ethiopia::01'}}"
binary_lpm,model4_preferred_lpm,underweight,pooled,maternal_education_Secondary,-0.015466171559492415,0.01444103916456409,-0.04377008822137042,0.012837745102385594,0.2841750773355294,37260,4434,114,model_specific_equal_total_country_weight,cluster_robust_country_psu,True,"{'child_sex': {'reference': 'Male', 'reference_column': 'child_sex_Male'}, 'maternal_education': {'reference': 'No education', 'reference_column': 'maternal_education_No education'}, 'literacy': {'reference': 'Cannot read at all', 'reference_column': 'literacy_Cannot read at all'}, 'wealth_quintile': {'reference': 'Poorest', 'reference_column': 'wealth_quintile_Poorest'}, 'residence': {'reference': 'Rural', 'reference_column': 'residence_Rural'}, 'country_admin_region': {'reference': 'ethiopia::01', 'reference_column': 'country_admin_region_ethiopia::01'}}"
binary_lpm,model4_preferred_lpm,underweight,pooled,literacy_Able to read only parts of sentence,-0.03653002719484869,0.012927970617461657,-0.06186838399826558,-0.011191670391431801,0.004718357062054769,37260,4434,114,model_specific_equal_total_country_weight,cluster_robust_country_psu,True,"{'child_sex': {'reference': 'Male', 'reference_column': 'child_sex_Male'}, 'maternal_education': {'reference': 'No education', 'reference_column': 'maternal_education_No education'}, 'literacy': {'reference': 'Cannot read at all', 'reference_column': 'literacy_Cannot read at all'}, 'wealth_quintile': {'reference': 'Poorest', 'reference_column': 'wealth_quintile_Poorest'}, 'residence': {'reference': 'Rural', 'reference_column': 'residence_Rural'}, 'country_admin_region': {'reference': 'ethiopia::01', 'reference_column': 'country_admin_region_ethiopia::01'}}"
binary_lpm,model4_preferred_lpm,underweight,pooled,literacy_Able to read whole sentence,-0.047324356411799835,0.01196563272767251,-0.07077656561027172,-0.02387214721332795,7.652718856511588e-05,37260,4434,114,model_specific_equal_total_country_weight,cluster_robust_country_psu,True,"{'child_sex': {'reference': 'Male', 'reference_column': 'child_sex_Male'}, 'maternal_education': {'reference': 'No education', 'reference_column': 'maternal_education_No education'}, 'literacy': {'reference': 'Cannot read at all', 'reference_column': 'literacy_Cannot read at all'}, 'wealth_quintile': {'reference': 'Poorest', 'reference_column': 'wealth_quintile_Poorest'}, 'residence': {'reference': 'Rural', 'reference_column': 'residence_Rural'}, 'country_admin_region': {'reference': 'ethiopia::01', 'reference_column': 'country_admin_region_ethiopia::01'}}"
binary_lpm,model4_preferred_lpm,underweight,pooled,literacy_Blind/visually impaired,-0.06686186695893746,0.07493125160851018,-0.21372442142812642,0.08000068751025148,0.37222706865847577,37260,4434,114,model_specific_equal_total_country_weight,cluster_robust_country_psu,True,"{'child_sex': {'reference': 'Male', 'reference_column': 'child_sex_Male'}, 'maternal_education': {'reference': 'No education', 'reference_column': 'maternal_education_No education'}, 'literacy': {'reference': 'Cannot read at all', 'reference_column': 'literacy_Cannot read at all'}, 'wealth_quintile': {'reference': 'Poorest', 'reference_column': 'wealth_quintile_Poorest'}, 'residence': {'reference': 'Rural', 'reference_column': 'residence_Rural'}, 'country_admin_region': {'reference': 'ethiopia::01', 'reference_column': 'country_admin_region_ethiopia::01'}}"
binary_lpm,model4_preferred_lpm,underweight,pooled,literacy_No card with required language,-0.05540937031817607,0.04791693439228978,-0.1493248359766327,0.03850609534028056,0.24753270647114622,37260,4434,114,model_specific_equal_total_country_weight,cluster_robust_country_psu,True,"{'child_sex': {'reference': 'Male', 'reference_column': 'child_sex_Male'}, 'maternal_education': {'reference': 'No education', 'reference_column': 'maternal_education_No education'}, 'literacy': {'reference': 'Cannot read at all', 'reference_column': 'literacy_Cannot read at all'}, 'wealth_quintile': {'reference': 'Poorest', 'reference_column': 'wealth_quintile_Poorest'}, 'residence': {'reference': 'Rural', 'reference_column': 'residence_Rural'}, 'country_admin_region': {'reference': 'ethiopia::01', 'reference_column': 'country_admin_region_ethiopia::01'}}"
binary_lpm,model4_preferred_lpm,underweight,pooled,wealth_quintile_Middle,-0.046965776917590574,0.012763646898370304,-0.07198206514978274,-0.02194948868539841,0.0002335525863407879,37260,4434,114,model_specific_equal_total_country_weight,cluster_robust_country_psu,True,"{'child_sex': {'reference': 'Male', 'reference_column': 'child_sex_Male'}, 'maternal_education': {'reference': 'No education', 'reference_column': 'maternal_education_No education'}, 'literacy': {'reference': 'Cannot read at all', 'reference_column': 'literacy_Cannot read at all'}, 'wealth_quintile': {'reference': 'Poorest', 'reference_column': 'wealth_quintile_Poorest'}, 'residence': {'reference': 'Rural', 'reference_column': 'residence_Rural'}, 'country_admin_region': {'reference': 'ethiopia::01', 'reference_column': 'country_admin_region_ethiopia::01'}}"
binary_lpm,model4_preferred_lpm,underweight,pooled,wealth_quintile_Poorer,-0.02265852254589555,0.01159824399883206,-0.0453906630675142,7.361797572310105e-05,0.05074657048265951,37260,4434,114,model_specific_equal_total_country_weight,cluster_robust_country_psu,True,"{'child_sex': {'reference': 'Male', 'reference_column': 'child_sex_Male'}, 'maternal_education': {'reference': 'No education', 'reference_column': 'maternal_education_No education'}, 'literacy': {'reference': 'Cannot read at all', 'reference_column': 'literacy_Cannot read at all'}, 'wealth_quintile': {'reference': 'Poorest', 'reference_column': 'wealth_quintile_Poorest'}, 'residence': {'reference': 'Rural', 'reference_column': 'residence_Rural'}, 'country_admin_region': {'reference': 'ethiopia::01', 'reference_column': 'country_admin_region_ethiopia::01'}}"
binary_lpm,model4_preferred_lpm,underweight,pooled,wealth_quintile_Richer,-0.05447198926751034,0.014769060590586674,-0.08341881611055008,-0.025525162424470598,0.00022580164330141024,37260,4434,114,model_specific_equal_total_country_weight,cluster_robust_country_psu,True,"{'child_sex': {'reference': 'Male', 'reference_column': 'child_sex_Male'}, 'maternal_education': {'reference': 'No education', 'reference_column': 'maternal_education_No education'}, 'literacy': {'reference': 'Cannot read at all', 'reference_column': 'literacy_Cannot read at all'}, 'wealth_quintile': {'reference': 'Poorest', 'reference_column': 'wealth_quintile_Poorest'}, 'residence': {'reference': 'Rural', 'reference_column': 'residence_Rural'}, 'country_admin_region': {'reference': 'ethiopia::01', 'reference_column': 'country_admin_region_ethiopia::01'}}"
binary_lpm,model4_preferred_lpm,underweight,pooled,wealth_quintile_Richest,-0.0810994719053341,0.018170955486372736,-0.11671389022330517,-0.045485053587363045,8.07682054896057e-06,37260,4434,114,model_specific_equal_total_country_weight,cluster_robust_country_psu,True,"{'child_sex': {'reference': 'Male', 'reference_column': 'child_sex_Male'}, 'maternal_education': {'reference': 'No education', 'reference_column': 'maternal_education_No education'}, 'literacy': {'reference': 'Cannot read at all', 'reference_column': 'literacy_Cannot read at all'}, 'wealth_quintile': {'reference': 'Poorest', 'reference_column': 'wealth_quintile_Poorest'}, 'residence': {'reference': 'Rural', 'reference_column': 'residence_Rural'}, 'country_admin_region': {'reference': 'ethiopia::01', 'reference_column': 'country_admin_region_ethiopia::01'}}"
binary_lpm,model4_preferred_lpm,underweight,pooled,residence_Urban,0.030248955043405364,0.009813539977089211,0.011014770127466482,0.049483139959344245,0.0020535984131694832,37260,4434,114,model_specific_equal_total_country_weight,cluster_robust_country_psu,True,"{'child_sex': {'reference': 'Male', 'reference_column': 'child_sex_Male'}, 'maternal_education': {'reference': 'No education', 'reference_column': 'maternal_education_No education'}, 'literacy': {'reference': 'Cannot read at all', 'reference_column': 'literacy_Cannot read at all'}, 'wealth_quintile': {'reference': 'Poorest', 'reference_column': 'wealth_quintile_Poorest'}, 'residence': {'reference': 'Rural', 'reference_column': 'residence_Rural'}, 'country_admin_region': {'reference': 'ethiopia::01', 'reference_column': 'country_admin_region_ethiopia::01'}}"
binary_lpm,model4_preferred_lpm,underweight,pooled,country_admin_region_ethiopia::02,0.1318938472825544,0.03385127389187278,0.06554656962368273,0.1982411249414261,9.7683766844212e-05,37260,4434,114,model_specific_equal_total_country_weight,cluster_robust_country_psu,True,"{'child_sex': {'reference': 'Male', 'reference_column': 'child_sex_Male'}, 'maternal_education': {'reference': 'No education', 'reference_column': 'maternal_education_No education'}, 'literacy': {'reference': 'Cannot read at all', 'reference_column': 'literacy_Cannot read at all'}, 'wealth_quintile': {'reference': 'Poorest', 'reference_column': 'wealth_quintile_Poorest'}, 'residence': {'reference': 'Rural', 'reference_column': 'residence_Rural'}, 'country_admin_region': {'reference': 'ethiopia::01', 'reference_column': 'country_admin_region_ethiopia::01'}}"
binary_lpm,model4_preferred_lpm,underweight,pooled,country_admin_region_ethiopia::03,0.03464695088357574,0.031897107516115075,-0.027870231059011673,0.09716413282616315,0.27738618102511436,37260,4434,114,model_specific_equal_total_country_weight,cluster_robust_country_psu,True,"{'child_sex': {'reference': 'Male', 'reference_column': 'child_sex_Male'}, 'maternal_education': {'reference': 'No education', 'reference_column': 'maternal_education_No education'}, 'literacy': {'reference': 'Cannot read at all', 'reference_column': 'literacy_Cannot read at all'}, 'wealth_quintile': {'reference': 'Poorest', 'reference_column': 'wealth_quintile_Poorest'}, 'residence': {'reference': 'Rural', 'reference_column': 'residence_Rural'}, 'country_admin_region': {'reference': 'ethiopia::01', 'reference_column': 'country_admin_region_ethiopia::01'}}"
binary_lpm,model4_preferred_lpm,underweight,pooled,country_admin_region_ethiopia::04,-0.05268680009765057,0.029858728159191165,-0.1112088319138372,0.00583523171853606,0.07764178354040704,37260,4434,114,model_specific_equal_total_country_weight,cluster_robust_country_psu,True,"{'child_sex': {'reference': 'Male', 'reference_column': 'child_sex_Male'}, 'maternal_education': {'reference': 'No education', 'reference_column': 'maternal_education_No education'}, 'literacy': {'reference': 'Cannot read at all', 'reference_column': 'literacy_Cannot read at all'}, 'wealth_quintile': {'reference': 'Poorest', 'reference_column': 'wealth_quintile_Poorest'}, 'residence': {'reference': 'Rural', 'reference_column': 'residence_Rural'}, 'country_admin_region': {'reference': 'ethiopia::01', 'reference_column': 'country_admin_region_ethiopia::01'}}"
binary_lpm,model4_preferred_lpm,underweight,pooled,country_admin_region_ethiopia::05,-0.006430060859097133,0.03239485172440868,-0.06992280352345341,0.05706268180525915,0.8426615451743633,37260,4434,114,model_specific_equal_total_country_weight,cluster_robust_country_psu,True,"{'child_sex': {'reference': 'Male', 'reference_column': 'child_sex_Male'}, 'maternal_education': {'reference': 'No education', 'reference_column': 'maternal_education_No education'}, 'literacy': {'reference': 'Cannot read at all', 'reference_column': 'literacy_Cannot read at all'}, 'wealth_quintile': {'reference': 'Poorest', 'reference_column': 'wealth_quintile_Poorest'}, 'residence': {'reference': 'Rural', 'reference_column': 'residence_Rural'}, 'country_admin_region': {'reference': 'ethiopia::01', 'reference_column': 'country_admin_region_ethiopia::01'}}"
binary_lpm,model4_preferred_lpm,underweight,pooled,country_admin_region_ethiopia::06,0.08556396857125718,0.041613134859669276,0.0040037229624971665,0.16712421418001722,0.03976546353968927,37260,4434,114,model_specific_equal_total_country_weight,cluster_robust_country_psu,True,"{'child_sex': {'reference': 'Male', 'reference_column': 'child_sex_Male'}, 'maternal_education': {'reference': 'No education', 'reference_column': 'maternal_education_No education'}, 'literacy': {'reference': 'Cannot read at all', 'reference_column': 'literacy_Cannot read at all'}, 'wealth_quintile': {'reference': 'Poorest', 'reference_column': 'wealth_quintile_Poorest'}, 'residence': {'reference': 'Rural', 'reference_column': 'residence_Rural'}, 'country_admin_region': {'reference': 'ethiopia::01', 'reference_column': 'country_admin_region_ethiopia::01'}}"
binary_lpm,model4_preferred_lpm,underweight,pooled,country_admin_region_ethiopia::07,-0.06483283565409789,0.030859551819829245,-0.1253164458000107,-0.0043492255081850895,0.035649736226032736,37260,4434,114,model_specific_equal_total_country_weight,cluster_robust_country_psu,True,"{'child_sex': {'reference': 'Male', 'reference_column': 'child_sex_Male'}, 'maternal_education': {'reference': 'No education', 'reference_column': 'maternal_education_No education'}, 'literacy': {'reference': 'Cannot read at all', 'reference_column': 'literacy_Cannot read at all'}, 'wealth_quintile': {'reference': 'Poorest', 'reference_column': 'wealth_quintile_Poorest'}, 'residence': {'reference': 'Rural', 'reference_column': 'residence_Rural'}, 'country_admin_region': {'reference': 'ethiopia::01', 'reference_column': 'country_admin_region_ethiopia::01'}}"
binary_lpm,model4_preferred_lpm,underweight,pooled,country_admin_region_ethiopia::08,-0.04178856706179091,0.027399436488053507,-0.09549047577506842,0.011913341651486588,0.12721880793753343,37260,4434,114,model_specific_equal_total_country_weight,cluster_robust_country_psu,True,"{'child_sex': {'reference': 'Male', 'reference_column': 'child_sex_Male'}, 'maternal_education': {'reference': 'No education', 'reference_column': 'maternal_education_No education'}, 'literacy': {'reference': 'Cannot read at all', 'reference_column': 'literacy_Cannot read at all'}, 'wealth_quintile': {'reference': 'Poorest', 'reference_column': 'wealth_quintile_Poorest'}, 'residence': {'reference': 'Rural', 'reference_column': 'residence_Rural'}, 'country_admin_region': {'reference': 'ethiopia::01', 'reference_column': 'country_admin_region_ethiopia::01'}}"
binary_lpm,model4_preferred_lpm,underweight,pooled,country_admin_region_ethiopia::09,-0.02788006210750016,0.03193554068487281,-0.09047257167666448,0.03471244746166416,0.38265735858267425,37260,4434,114,model_specific_equal_total_country_weight,cluster_robust_country_psu,True,"{'child_sex': {'reference': 'Male', 'reference_column': 'child_sex_Male'}, 'maternal_education': {'reference': 'No education', 'reference_column': 'maternal_education_No education'}, 'literacy': {'reference': 'Cannot read at all', 'reference_column': 'literacy_Cannot read at all'}, 'wealth_quintile': {'reference': 'Poorest', 'reference_column': 'wealth_quintile_Poorest'}, 'residence': {'reference': 'Rural', 'reference_column': 'residence_Rural'}, 'country_admin_region': {'reference': 'ethiopia::01', 'reference_column': 'country_admin_region_ethiopia::01'}}"
binary_lpm,model4_preferred_lpm,underweight,pooled,country_admin_region_ethiopia::10,-0.027895353253356427,0.03005198183730252,-0.08679615531852121,0.031005448811808358,0.35328478725753065,37260,4434,114,model_specific_equal_total_country_weight,cluster_robust_country_psu,True,"{'child_sex': {'reference': 'Male', 'reference_column': 'child_sex_Male'}, 'maternal_education': {'reference': 'No education', 'reference_column': 'maternal_education_No education'}, 'literacy': {'reference': 'Cannot read at all', 'reference_column': 'literacy_Cannot read at all'}, 'wealth_quintile': {'reference': 'Poorest', 'reference_column': 'wealth_quintile_Poorest'}, 'residence': {'reference': 'Rural', 'reference_column': 'residence_Rural'}, 'country_admin_region': {'reference': 'ethiopia::01', 'reference_column': 'country_admin_region_ethiopia::01'}}"
binary_lpm,model4_preferred_lpm,underweight,pooled,country_admin_region_ethiopia::12,-0.05720440928445694,0.0376793263391878,-0.13105453187099647,0.016645713302082588,0.12896628813398842,37260,4434,114,model_specific_equal_total_country_weight,cluster_robust_country_psu,True,"{'child_sex': {'reference': 'Male', 'reference_column': 'child_sex_Male'}, 'maternal_education': {'reference': 'No education', 'reference_column': 'maternal_education_No education'}, 'literacy': {'reference': 'Cannot read at all', 'reference_column': 'literacy_Cannot read at all'}, 'wealth_quintile': {'reference': 'Poorest', 'reference_column': 'wealth_quintile_Poorest'}, 'residence': {'reference': 'Rural', 'reference_column': 'residence_Rural'}, 'country_admin_region': {'reference': 'ethiopia::01', 'reference_column': 'country_admin_region_ethiopia::01'}}"
binary_lpm,model4_preferred_lpm,underweight,pooled,country_admin_region_ethiopia::13,-0.029827539907104118,0.03331895995418049,-0.0951315014196302,0.03547642160542197,0.3706736568158888,37260,4434,114,model_specific_equal_total_country_weight,cluster_robust_country_psu,True,"{'child_sex': {'reference': 'Male', 'reference_column': 'child_sex_Male'}, 'maternal_education': {'reference': 'No education', 'reference_column': 'maternal_education_No education'}, 'literacy': {'reference': 'Cannot read at all', 'reference_column': 'literacy_Cannot read at all'}, 'wealth_quintile': {'reference': 'Poorest', 'reference_column': 'wealth_quintile_Poorest'}, 'residence': {'reference': 'Rural', 'reference_column': 'residence_Rural'}, 'country_admin_region': {'reference': 'ethiopia::01', 'reference_column': 'country_admin_region_ethiopia::01'}}"
binary_lpm,model4_preferred_lpm,underweight,pooled,country_admin_region_ethiopia::14,-0.05920672936781851,0.03180280675729059,-0.12153908521939513,0.0031256264837581024,0.06264785417232055,37260,4434,114,model_specific_equal_total_country_weight,cluster_robust_country_psu,True,"{'child_sex': {'reference': 'Male', 'reference_column': 'child_sex_Male'}, 'maternal_education': {'reference': 'No education', 'reference_column': 'maternal_education_No education'}, 'literacy': {'reference': 'Cannot read at all', 'reference_column': 'literacy_Cannot read at all'}, 'wealth_quintile': {'reference': 'Poorest', 'reference_column': 'wealth_quintile_Poorest'}, 'residence': {'reference': 'Rural', 'reference_column': 'residence_Rural'}, 'country_admin_region': {'reference': 'ethiopia::01', 'reference_column': 'country_admin_region_ethiopia::01'}}"
binary_lpm,model4_preferred_lpm,underweight,pooled,country_admin_region_ethiopia::15,0.011772445305505272,0.03565609969995775,-0.058112225935581345,0.08165711654659188,0.741274249832591,37260,4434,114,model_specific_equal_total_country_weight,cluster_robust_country_psu,True,"{'child_sex': {'reference': 'Male', 'reference_column': 'child_sex_Male'}, 'maternal_education': {'reference': 'No education', 'reference_column': 'maternal_education_No education'}, 'literacy': {'reference': 'Cannot read at all', 'reference_column': 'literacy_Cannot read at all'}, 'wealth_quintile': {'reference': 'Poorest', 'reference_column': 'wealth_quintile_Poorest'}, 'residence': {'reference': 'Rural', 'reference_column': 'residence_Rural'}, 'country_admin_region': {'reference': 'ethiopia::01', 'reference_column': 'country_admin_region_ethiopia::01'}}"
binary_lpm,model4_preferred_lpm,underweight,pooled,country_admin_region_ghana::01,-0.07145221950593708,0.032317224765210054,-0.1347928161260347,-0.00811162288583947,0.027038332316067445,37260,4434,114,model_specific_equal_total_country_weight,cluster_robust_country_psu,True,"{'child_sex': {'reference': 'Male', 'reference_column': 'child_sex_Male'}, 'maternal_education': {'reference': 'No education', 'reference_column': 'maternal_education_No education'}, 'literacy': {'reference': 'Cannot read at all', 'reference_column': 'literacy_Cannot read at all'}, 'wealth_quintile': {'reference': 'Poorest', 'reference_column': 'wealth_quintile_Poorest'}, 'residence': {'reference': 'Rural', 'reference_column': 'residence_Rural'}, 'country_admin_region': {'reference': 'ethiopia::01', 'reference_column': 'country_admin_region_ethiopia::01'}}"
binary_lpm,model4_preferred_lpm,underweight,pooled,country_admin_region_ghana::02,-0.05166409124716416,0.033182483069054566,-0.11670056298012123,0.013372380485792909,0.11947789028324461,37260,4434,114,model_specific_equal_total_country_weight,cluster_robust_country_psu,True,"{'child_sex': {'reference': 'Male', 'reference_column': 'child_sex_Male'}, 'maternal_education': {'reference': 'No education', 'reference_column': 'maternal_education_No education'}, 'literacy': {'reference': 'Cannot read at all', 'reference_column': 'literacy_Cannot read at all'}, 'wealth_quintile': {'reference': 'Poorest', 'reference_column': 'wealth_quintile_Poorest'}, 'residence': {'reference': 'Rural', 'reference_column': 'residence_Rural'}, 'country_admin_region': {'reference': 'ethiopia::01', 'reference_column': 'country_admin_region_ethiopia::01'}}"
binary_lpm,model4_preferred_lpm,underweight,pooled,country_admin_region_ghana::03,-0.054280506250536355,0.03565687455625203,-0.12416669618205295,0.015605683680980247,0.12793360418650213,37260,4434,114,model_specific_equal_total_country_weight,cluster_robust_country_psu,True,"{'child_sex': {'reference': 'Male', 'reference_column': 'child_sex_Male'}, 'maternal_education': {'reference': 'No education', 'reference_column': 'maternal_education_No education'}, 'literacy': {'reference': 'Cannot read at all', 'reference_column': 'literacy_Cannot read at all'}, 'wealth_quintile': {'reference': 'Poorest', 'reference_column': 'wealth_quintile_Poorest'}, 'residence': {'reference': 'Rural', 'reference_column': 'residence_Rural'}, 'country_admin_region': {'reference': 'ethiopia::01', 'reference_column': 'country_admin_region_ethiopia::01'}}"
binary_lpm,model4_preferred_lpm,underweight,pooled,country_admin_region_ghana::04,-0.018806972850711933,0.03304324512750815,-0.08357054323295654,0.04595659753153267,0.5692459316285862,37260,4434,114,model_specific_equal_total_country_weight,cluster_robust_country_psu,True,"{'child_sex': {'reference': 'Male', 'reference_column': 'child_sex_Male'}, 'maternal_education': {'reference': 'No education', 'reference_column': 'maternal_education_No education'}, 'literacy': {'reference': 'Cannot read at all', 'reference_column': 'literacy_Cannot read at all'}, 'wealth_quintile': {'reference': 'Poorest', 'reference_column': 'wealth_quintile_Poorest'}, 'residence': {'reference': 'Rural', 'reference_column': 'residence_Rural'}, 'country_admin_region': {'reference': 'ethiopia::01', 'reference_column': 'country_admin_region_ethiopia::01'}}"
binary_lpm,model4_preferred_lpm,underweight,pooled,country_admin_region_ghana::05,-0.05456133028322228,0.03572518721544872,-0.12458141056645256,0.015458750000007994,0.1266985922828254,37260,4434,114,model_specific_equal_total_country_weight,cluster_robust_country_psu,True,"{'child_sex': {'reference': 'Male', 'reference_column': 'child_sex_Male'}, 'maternal_education': {'reference': 'No education', 'reference_column': 'maternal_education_No education'}, 'literacy': {'reference': 'Cannot read at all', 'reference_column': 'literacy_Cannot read at all'}, 'wealth_quintile': {'reference': 'Poorest', 'reference_column': 'wealth_quintile_Poorest'}, 'residence': {'reference': 'Rural', 'reference_column': 'residence_Rural'}, 'country_admin_region': {'reference': 'ethiopia::01', 'reference_column': 'country_admin_region_ethiopia::01'}}"
binary_lpm,model4_preferred_lpm,underweight,pooled,country_admin_region_ghana::06,-0.06218445941049595,0.02922121757802296,-0.1194569934478297,-0.0049119253731622,0.03333223650945486,37260,4434,114,model_specific_equal_total_country_weight,cluster_robust_country_psu,True,"{'child_sex': {'reference': 'Male', 'reference_column': 'child_sex_Male'}, 'maternal_education': {'reference': 'No education', 'reference_column': 'maternal_education_No education'}, 'literacy': {'reference': 'Cannot read at all', 'reference_column': 'literacy_Cannot read at all'}, 'wealth_quintile': {'reference': 'Poorest', 'reference_column': 'wealth_quintile_Poorest'}, 'residence': {'reference': 'Rural', 'reference_column': 'residence_Rural'}, 'country_admin_region': {'reference': 'ethiopia::01', 'reference_column': 'country_admin_region_ethiopia::01'}}"
binary_lpm,model4_preferred_lpm,underweight,pooled,country_admin_region_ghana::07,-0.1294585437784721,0.03259820468688065,-0.19334985092542295,-0.06556723663152124,7.14695893931079e-05,37260,4434,114,model_specific_equal_total_country_weight,cluster_robust_country_psu,True,"{'child_sex': {'reference': 'Male', 'reference_column': 'child_sex_Male'}, 'maternal_education': {'reference': 'No education', 'reference_column': 'maternal_education_No education'}, 'literacy': {'reference': 'Cannot read at all', 'reference_column': 'literacy_Cannot read at all'}, 'wealth_quintile': {'reference': 'Poorest', 'reference_column': 'wealth_quintile_Poorest'}, 'residence': {'reference': 'Rural', 'reference_column': 'residence_Rural'}, 'country_admin_region': {'reference': 'ethiopia::01', 'reference_column': 'country_admin_region_ethiopia::01'}}"
binary_lpm,model4_preferred_lpm,underweight,pooled,country_admin_region_ghana::08,-0.13463980707899278,0.02891528875672349,-0.19131273164474677,-0.07796688251323879,3.218590575560289e-06,37260,4434,114,model_specific_equal_total_country_weight,cluster_robust_country_psu,True,"{'child_sex': {'reference': 'Male', 'reference_column': 'child_sex_Male'}, 'maternal_education': {'reference': 'No education', 'reference_column': 'maternal_education_No education'}, 'literacy': {'reference': 'Cannot read at all', 'reference_column': 'literacy_Cannot read at all'}, 'wealth_quintile': {'reference': 'Poorest', 'reference_column': 'wealth_quintile_Poorest'}, 'residence': {'reference': 'Rural', 'reference_column': 'residence_Rural'}, 'country_admin_region': {'reference': 'ethiopia::01', 'reference_column': 'country_admin_region_ethiopia::01'}}"
binary_lpm,model4_preferred_lpm,underweight,pooled,country_admin_region_ghana::09,-0.08182176469326054,0.03349070950199342,-0.14746234913386103,-0.016181180252660063,0.014560964070419864,37260,4434,114,model_specific_equal_total_country_weight,cluster_robust_country_psu,True,"{'child_sex': {'reference': 'Male', 'reference_column': 'child_sex_Male'}, 'maternal_education': {'reference': 'No education', 'reference_column': 'maternal_education_No education'}, 'literacy': {'reference': 'Cannot read at all', 'reference_column': 'literacy_Cannot read at all'}, 'wealth_quintile': {'reference': 'Poorest', 'reference_column': 'wealth_quintile_Poorest'}, 'residence': {'reference': 'Rural', 'reference_column': 'residence_Rural'}, 'country_admin_region': {'reference': 'ethiopia::01', 'reference_column': 'country_admin_region_ethiopia::01'}}"
binary_lpm,model4_preferred_lpm,underweight,pooled,country_admin_region_ghana::10,-0.09996827801083057,0.03073619522144676,-0.16021011366665833,-0.039726442355002806,0.0011441027220204577,37260,4434,114,model_specific_equal_total_country_weight,cluster_robust_country_psu,True,"{'child_sex': {'reference': 'Male', 'reference_column': 'child_sex_Male'}, 'maternal_education': {'reference': 'No education', 'reference_column': 'maternal_education_No education'}, 'literacy': {'reference': 'Cannot read at all', 'reference_column': 'literacy_Cannot read at all'}, 'wealth_quintile': {'reference': 'Poorest', 'reference_column': 'wealth_quintile_Poorest'}, 'residence': {'reference': 'Rural', 'reference_column': 'residence_Rural'}, 'country_admin_region': {'reference': 'ethiopia::01', 'reference_column': 'country_admin_region_ethiopia::01'}}"
binary_lpm,model4_preferred_lpm,underweight,pooled,country_admin_region_ghana::11,-0.07348463675651412,0.03737079654024909,-0.1467300520489764,-0.00023922146405183642,0.04925643119315367,37260,4434,114,model_specific_equal_total_country_weight,cluster_robust_country_psu,True,"{'child_sex': {'reference': 'Male', 'reference_column': 'child_sex_Male'}, 'maternal_education': {'reference': 'No education', 'reference_column': 'maternal_education_No education'}, 'literacy': {'reference': 'Cannot read at all', 'reference_column': 'literacy_Cannot read at all'}, 'wealth_quintile': {'reference': 'Poorest', 'reference_column': 'wealth_quintile_Poorest'}, 'residence': {'reference': 'Rural', 'reference_column': 'residence_Rural'}, 'country_admin_region': {'reference': 'ethiopia::01', 'reference_column': 'country_admin_region_ethiopia::01'}}"
binary_lpm,model4_preferred_lpm,underweight,pooled,country_admin_region_ghana::12,-0.0544102599547344,0.032175345511443174,-0.1174727783472955,0.008652258437826708,0.09082641113545477,37260,4434,114,model_specific_equal_total_country_weight,cluster_robust_country_psu,True,"{'child_sex': {'reference': 'Male', 'reference_column': 'child_sex_Male'}, 'maternal_education': {'reference': 'No education', 'reference_column': 'maternal_education_No education'}, 'literacy': {'reference': 'Cannot read at all', 'reference_column': 'literacy_Cannot read at all'}, 'wealth_quintile': {'reference': 'Poorest', 'reference_column': 'wealth_quintile_Poorest'}, 'residence': {'reference': 'Rural', 'reference_column': 'residence_Rural'}, 'country_admin_region': {'reference': 'ethiopia::01', 'reference_column': 'country_admin_region_ethiopia::01'}}"
binary_lpm,model4_preferred_lpm,underweight,pooled,country_admin_region_ghana::13,-0.1025140796644519,0.04020078396076167,-0.18130616837782024,-0.02372199095108357,0.010770692872531537,37260,4434,114,model_specific_equal_total_country_weight,cluster_robust_country_psu,True,"{'child_sex': {'reference': 'Male', 'reference_column': 'child_sex_Male'}, 'maternal_education': {'reference': 'No education', 'reference_column': 'maternal_education_No education'}, 'literacy': {'reference': 'Cannot read at all', 'reference_column': 'literacy_Cannot read at all'}, 'wealth_quintile': {'reference': 'Poorest', 'reference_column': 'wealth_quintile_Poorest'}, 'residence': {'reference': 'Rural', 'reference_column': 'residence_Rural'}, 'country_admin_region': {'reference': 'ethiopia::01', 'reference_column': 'country_admin_region_ethiopia::01'}}"
binary_lpm,model4_preferred_lpm,underweight,pooled,country_admin_region_ghana::14,-0.04130029693688468,0.0355391674056253,-0.11095578509245006,0.0283551912186807,0.24519221329630803,37260,4434,114,model_specific_equal_total_country_weight,cluster_robust_country_psu,True,"{'child_sex': {'reference': 'Male', 'reference_column': 'child_sex_Male'}, 'maternal_education': {'reference': 'No education', 'reference_column': 'maternal_education_No education'}, 'literacy': {'reference': 'Cannot read at all', 'reference_column': 'literacy_Cannot read at all'}, 'wealth_quintile': {'reference': 'Poorest', 'reference_column': 'wealth_quintile_Poorest'}, 'residence': {'reference': 'Rural', 'reference_column': 'residence_Rural'}, 'country_admin_region': {'reference': 'ethiopia::01', 'reference_column': 'country_admin_region_ethiopia::01'}}"
binary_lpm,model4_preferred_lpm,underweight,pooled,country_admin_region_ghana::15,-0.08468439589090888,0.03145312529190129,-0.1463313886642613,-0.023037403117556476,0.007093979689334579,37260,4434,114,model_specific_equal_total_country_weight,cluster_robust_country_psu,True,"{'child_sex': {'reference': 'Male', 'reference_column': 'child_sex_Male'}, 'maternal_education': {'reference': 'No education', 'reference_column': 'maternal_education_No education'}, 'literacy': {'reference': 'Cannot read at all', 'reference_column': 'literacy_Cannot read at all'}, 'wealth_quintile': {'reference': 'Poorest', 'reference_column': 'wealth_quintile_Poorest'}, 'residence': {'reference': 'Rural', 'reference_column': 'residence_Rural'}, 'country_admin_region': {'reference': 'ethiopia::01', 'reference_column': 'country_admin_region_ethiopia::01'}}"
binary_lpm,model4_preferred_lpm,underweight,pooled,country_admin_region_ghana::16,-0.10143582581497293,0.02936546881571146,-0.15899108708290147,-0.0438805645470444,0.0005518147629402482,37260,4434,114,model_specific_equal_total_country_weight,cluster_robust_country_psu,True,"{'child_sex': {'reference': 'Male', 'reference_column': 'child_sex_Male'}, 'maternal_education': {'reference': 'No education', 'reference_column': 'maternal_education_No education'}, 'literacy': {'reference': 'Cannot read at all', 'reference_column': 'literacy_Cannot read at all'}, 'wealth_quintile': {'reference': 'Poorest', 'reference_column': 'wealth_quintile_Poorest'}, 'residence': {'reference': 'Rural', 'reference_column': 'residence_Rural'}, 'country_admin_region': {'reference': 'ethiopia::01', 'reference_column': 'country_admin_region_ethiopia::01'}}"
binary_lpm,model4_preferred_lpm,underweight,pooled,country_admin_region_kenya::01,-0.04457612764013703,0.02829512247392399,-0.10003354862717792,0.010881293346903867,0.11516421211922971,37260,4434,114,model_specific_equal_total_country_weight,cluster_robust_country_psu,True,"{'child_sex': {'reference': 'Male', 'reference_column': 'child_sex_Male'}, 'maternal_education': {'reference': 'No education', 'reference_column': 'maternal_education_No education'}, 'literacy': {'reference': 'Cannot read at all', 'reference_column': 'literacy_Cannot read at all'}, 'wealth_quintile': {'reference': 'Poorest', 'reference_column': 'wealth_quintile_Poorest'}, 'residence': {'reference': 'Rural', 'reference_column': 'residence_Rural'}, 'country_admin_region': {'reference': 'ethiopia::01', 'reference_column': 'country_admin_region_ethiopia::01'}}"
binary_lpm,model4_preferred_lpm,underweight,pooled,country_admin_region_kenya::02,-0.09463868139731699,0.033526504792366456,-0.16034942331786478,-0.028927939476769207,0.004760597722033202,37260,4434,114,model_specific_equal_total_country_weight,cluster_robust_country_psu,True,"{'child_sex': {'reference': 'Male', 'reference_column': 'child_sex_Male'}, 'maternal_education': {'reference': 'No education', 'reference_column': 'maternal_education_No education'}, 'literacy': {'reference': 'Cannot read at all', 'reference_column': 'literacy_Cannot read at all'}, 'wealth_quintile': {'reference': 'Poorest', 'reference_column': 'wealth_quintile_Poorest'}, 'residence': {'reference': 'Rural', 'reference_column': 'residence_Rural'}, 'country_admin_region': {'reference': 'ethiopia::01', 'reference_column': 'country_admin_region_ethiopia::01'}}"
binary_lpm,model4_preferred_lpm,underweight,pooled,country_admin_region_kenya::03,-0.0031748460694924663,0.034399338353571875,-0.0705963103345007,0.06424661819551578,0.9264646046366621,37260,4434,114,model_specific_equal_total_country_weight,cluster_robust_country_psu,True,"{'child_sex': {'reference': 'Male', 'reference_column': 'child_sex_Male'}, 'maternal_education': {'reference': 'No education', 'reference_column': 'maternal_education_No education'}, 'literacy': {'reference': 'Cannot read at all', 'reference_column': 'literacy_Cannot read at all'}, 'wealth_quintile': {'reference': 'Poorest', 'reference_column': 'wealth_quintile_Poorest'}, 'residence': {'reference': 'Rural', 'reference_column': 'residence_Rural'}, 'country_admin_region': {'reference': 'ethiopia::01', 'reference_column': 'country_admin_region_ethiopia::01'}}"
binary_lpm,model4_preferred_lpm,underweight,pooled,country_admin_region_kenya::04,-0.08159097971613156,0.029422078573718036,-0.13925719407092652,-0.023924765361336614,0.005552149663011781,37260,4434,114,model_specific_equal_total_country_weight,cluster_robust_country_psu,True,"{'child_sex': {'reference': 'Male', 'reference_column': 'child_sex_Male'}, 'maternal_education': {'reference': 'No education', 'reference_column': 'maternal_education_No education'}, 'literacy': {'reference': 'Cannot read at all', 'reference_column': 'literacy_Cannot read at all'}, 'wealth_quintile': {'reference': 'Poorest', 'reference_column': 'wealth_quintile_Poorest'}, 'residence': {'reference': 'Rural', 'reference_column': 'residence_Rural'}, 'country_admin_region': {'reference': 'ethiopia::01', 'reference_column': 'country_admin_region_ethiopia::01'}}"
binary_lpm,model4_preferred_lpm,underweight,pooled,country_admin_region_kenya::05,-0.07212016614144888,0.029020457706087698,-0.12899921806024864,-0.015241114222649121,0.012949716162487282,37260,4434,114,model_specific_equal_total_country_weight,cluster_robust_country_psu,True,"{'child_sex': {'reference': 'Male', 'reference_column': 'child_sex_Male'}, 'maternal_education': {'reference': 'No education', 'reference_column': 'maternal_education_No education'}, 'literacy': {'reference': 'Cannot read at all', 'reference_column': 'literacy_Cannot read at all'}, 'wealth_quintile': {'reference': 'Poorest', 'reference_column': 'wealth_quintile_Poorest'}, 'residence': {'reference': 'Rural', 'reference_column': 'residence_Rural'}, 'country_admin_region': {'reference': 'ethiopia::01', 'reference_column': 'country_admin_region_ethiopia::01'}}"
binary_lpm,model4_preferred_lpm,underweight,pooled,country_admin_region_kenya::06,-0.03246335950829232,0.030112490044666387,-0.09148275548065937,0.02655603646407472,0.28100270570695374,37260,4434,114,model_specific_equal_total_country_weight,cluster_robust_country_psu,True,"{'child_sex': {'reference': 'Male', 'reference_column': 'child_sex_Male'}, 'maternal_education': {'reference': 'No education', 'reference_column': 'maternal_education_No education'}, 'literacy': {'reference': 'Cannot read at all', 'reference_column': 'literacy_Cannot read at all'}, 'wealth_quintile': {'reference': 'Poorest', 'reference_column': 'wealth_quintile_Poorest'}, 'residence': {'reference': 'Rural', 'reference_column': 'residence_Rural'}, 'country_admin_region': {'reference': 'ethiopia::01', 'reference_column': 'country_admin_region_ethiopia::01'}}"
binary_lpm,model4_preferred_lpm,underweight,pooled,country_admin_region_kenya::07,-0.07338621519231225,0.03638341110219057,-0.14469639058732053,-0.0020760397973039746,0.04369300364719464,37260,4434,114,model_specific_equal_total_country_weight,cluster_robust_country_psu,True,"{'child_sex': {'reference': 'Male', 'reference_column': 'child_sex_Male'}, 'maternal_education': {'reference': 'No education', 'reference_column': 'maternal_education_No education'}, 'literacy': {'reference': 'Cannot read at all', 'reference_column': 'literacy_Cannot read at all'}, 'wealth_quintile': {'reference': 'Poorest', 'reference_column': 'wealth_quintile_Poorest'}, 'residence': {'reference': 'Rural', 'reference_column': 'residence_Rural'}, 'country_admin_region': {'reference': 'ethiopia::01', 'reference_column': 'country_admin_region_ethiopia::01'}}"
binary_lpm,model4_preferred_lpm,underweight,pooled,country_admin_region_kenya::08,-0.09875702915583763,0.03148654209254015,-0.16046951765492073,-0.03704454065675451,0.001709868835701625,37260,4434,114,model_specific_equal_total_country_weight,cluster_robust_country_psu,True,"{'child_sex': {'reference': 'Male', 'reference_column': 'child_sex_Male'}, 'maternal_education': {'reference': 'No education', 'reference_column': 'maternal_education_No education'}, 'literacy': {'reference': 'Cannot read at all', 'reference_column': 'literacy_Cannot read at all'}, 'wealth_quintile': {'reference': 'Poorest', 'reference_column': 'wealth_quintile_Poorest'}, 'residence': {'reference': 'Rural', 'reference_column': 'residence_Rural'}, 'country_admin_region': {'reference': 'ethiopia::01', 'reference_column': 'country_admin_region_ethiopia::01'}}"
binary_lpm,model4_preferred_lpm,underweight,pooled,country_admin_region_kenya::09,-0.030821200044404612,0.03111333658357486,-0.09180221918708383,0.0301598190982746,0.32187577506458964,37260,4434,114,model_specific_equal_total_country_weight,cluster_robust_country_psu,True,"{'child_sex': {'reference': 'Male', 'reference_column': 'child_sex_Male'}, 'maternal_education': {'reference': 'No education', 'reference_column': 'maternal_education_No education'}, 'literacy': {'reference': 'Cannot read at all', 'reference_column': 'literacy_Cannot read at all'}, 'wealth_quintile': {'reference': 'Poorest', 'reference_column': 'wealth_quintile_Poorest'}, 'residence': {'reference': 'Rural', 'reference_column': 'residence_Rural'}, 'country_admin_region': {'reference': 'ethiopia::01', 'reference_column': 'country_admin_region_ethiopia::01'}}"
binary_lpm,model4_preferred_lpm,underweight,pooled,country_admin_region_kenya::10,0.024030940948365494,0.040349492484687485,-0.055052611116091554,0.10311449301282255,0.5514626271634313,37260,4434,114,model_specific_equal_total_country_weight,cluster_robust_country_psu,True,"{'child_sex': {'reference': 'Male', 'reference_column': 'child_sex_Male'}, 'maternal_education': {'reference': 'No education', 'reference_column': 'maternal_education_No education'}, 'literacy': {'reference': 'Cannot read at all', 'reference_column': 'literacy_Cannot read at all'}, 'wealth_quintile': {'reference': 'Poorest', 'reference_column': 'wealth_quintile_Poorest'}, 'residence': {'reference': 'Rural', 'reference_column': 'residence_Rural'}, 'country_admin_region': {'reference': 'ethiopia::01', 'reference_column': 'country_admin_region_ethiopia::01'}}"
binary_lpm,model4_preferred_lpm,underweight,pooled,country_admin_region_kenya::11,-0.10213038082528514,0.0292872986004728,-0.15953243128668215,-0.044728330363888125,0.0004881240699665194,37260,4434,114,model_specific_equal_total_country_weight,cluster_robust_country_psu,True,"{'child_sex': {'reference': 'Male', 'reference_column': 'child_sex_Male'}, 'maternal_education': {'reference': 'No education', 'reference_column': 'maternal_education_No education'}, 'literacy': {'reference': 'Cannot read at all', 'reference_column': 'literacy_Cannot read at all'}, 'wealth_quintile': {'reference': 'Poorest', 'reference_column': 'wealth_quintile_Poorest'}, 'residence': {'reference': 'Rural', 'reference_column': 'residence_Rural'}, 'country_admin_region': {'reference': 'ethiopia::01', 'reference_column': 'country_admin_region_ethiopia::01'}}"
binary_lpm,model4_preferred_lpm,underweight,pooled,country_admin_region_kenya::12,-0.04350718081512215,0.042847757781489734,-0.12748724288513788,0.040472881254893574,0.30992000200350356,37260,4434,114,model_specific_equal_total_country_weight,cluster_robust_country_psu,True,"{'child_sex': {'reference': 'Male', 'reference_column': 'child_sex_Male'}, 'maternal_education': {'reference': 'No education', 'reference_column': 'maternal_education_No education'}, 'literacy': {'reference': 'Cannot read at all', 'reference_column': 'literacy_Cannot read at all'}, 'wealth_quintile': {'reference': 'Poorest', 'reference_column': 'wealth_quintile_Poorest'}, 'residence': {'reference': 'Rural', 'reference_column': 'residence_Rural'}, 'country_admin_region': {'reference': 'ethiopia::01', 'reference_column': 'country_admin_region_ethiopia::01'}}"
binary_lpm,model4_preferred_lpm,underweight,pooled,country_admin_region_kenya::13,-0.07778669200647208,0.03226621937114337,-0.14102731989118172,-0.014546064121762431,0.01591853427864126,37260,4434,114,model_specific_equal_total_country_weight,cluster_robust_country_psu,True,"{'child_sex': {'reference': 'Male', 'reference_column': 'child_sex_Male'}, 'maternal_education': {'reference': 'No education', 'reference_column': 'maternal_education_No education'}, 'literacy': {'reference': 'Cannot read at all', 'reference_column': 'literacy_Cannot read at all'}, 'wealth_quintile': {'reference': 'Poorest', 'reference_column': 'wealth_quintile_Poorest'}, 'residence': {'reference': 'Rural', 'reference_column': 'residence_Rural'}, 'country_admin_region': {'reference': 'ethiopia::01', 'reference_column': 'country_admin_region_ethiopia::01'}}"
binary_lpm,model4_preferred_lpm,underweight,pooled,country_admin_region_kenya::14,-0.030567138966281198,0.03577065419700475,-0.10067633289584704,0.03954205496328464,0.3928107466488979,37260,4434,114,model_specific_equal_total_country_weight,cluster_robust_country_psu,True,"{'child_sex': {'reference': 'Male', 'reference_column': 'child_sex_Male'}, 'maternal_education': {'reference': 'No education', 'reference_column': 'maternal_education_No education'}, 'literacy': {'reference': 'Cannot read at all', 'reference_column': 'literacy_Cannot read at all'}, 'wealth_quintile': {'reference': 'Poorest', 'reference_column': 'wealth_quintile_Poorest'}, 'residence': {'reference': 'Rural', 'reference_column': 'residence_Rural'}, 'country_admin_region': {'reference': 'ethiopia::01', 'reference_column': 'country_admin_region_ethiopia::01'}}"
binary_lpm,model4_preferred_lpm,underweight,pooled,country_admin_region_kenya::15,-0.06662697111975029,0.035129780043486006,-0.1354800747897968,0.002226132550296217,0.05788138868610495,37260,4434,114,model_specific_equal_total_country_weight,cluster_robust_country_psu,True,"{'child_sex': {'reference': 'Male', 'reference_column': 'child_sex_Male'}, 'maternal_education': {'reference': 'No education', 'reference_column': 'maternal_education_No education'}, 'literacy': {'reference': 'Cannot read at all', 'reference_column': 'literacy_Cannot read at all'}, 'wealth_quintile': {'reference': 'Poorest', 'reference_column': 'wealth_quintile_Poorest'}, 'residence': {'reference': 'Rural', 'reference_column': 'residence_Rural'}, 'country_admin_region': {'reference': 'ethiopia::01', 'reference_column': 'country_admin_region_ethiopia::01'}}"
binary_lpm,model4_preferred_lpm,underweight,pooled,country_admin_region_kenya::16,-0.06862679978045642,0.03053925013400724,-0.12848263015797062,-0.008770969402942218,0.024629346539307317,37260,4434,114,model_specific_equal_total_country_weight,cluster_robust_country_psu,True,"{'child_sex': {'reference': 'Male', 'reference_column': 'child_sex_Male'}, 'maternal_education': {'reference': 'No education', 'reference_column': 'maternal_education_No education'}, 'literacy': {'reference': 'Cannot read at all', 'reference_column': 'literacy_Cannot read at all'}, 'wealth_quintile': {'reference': 'Poorest', 'reference_column': 'wealth_quintile_Poorest'}, 'residence': {'reference': 'Rural', 'reference_column': 'residence_Rural'}, 'country_admin_region': {'reference': 'ethiopia::01', 'reference_column': 'country_admin_region_ethiopia::01'}}"
binary_lpm,model4_preferred_lpm,underweight,pooled,country_admin_region_kenya::17,-0.06099922172328307,0.03607662959606806,-0.13170811641516827,0.009709672968602125,0.09087047194697549,37260,4434,114,model_specific_equal_total_country_weight,cluster_robust_country_psu,True,"{'child_sex': {'reference': 'Male', 'reference_column': 'child_sex_Male'}, 'maternal_education': {'reference': 'No education', 'reference_column': 'maternal_education_No education'}, 'literacy': {'reference': 'Cannot read at all', 'reference_column': 'literacy_Cannot read at all'}, 'wealth_quintile': {'reference': 'Poorest', 'reference_column': 'wealth_quintile_Poorest'}, 'residence': {'reference': 'Rural', 'reference_column': 'residence_Rural'}, 'country_admin_region': {'reference': 'ethiopia::01', 'reference_column': 'country_admin_region_ethiopia::01'}}"
binary_lpm,model4_preferred_lpm,underweight,pooled,country_admin_region_kenya::18,-0.10059108959595088,0.026161732071310503,-0.15186714222890593,-0.04931503696299583,0.00012056691295852842,37260,4434,114,model_specific_equal_total_country_weight,cluster_robust_country_psu,True,"{'child_sex': {'reference': 'Male', 'reference_column': 'child_sex_Male'}, 'maternal_education': {'reference': 'No education', 'reference_column': 'maternal_education_No education'}, 'literacy': {'reference': 'Cannot read at all', 'reference_column': 'literacy_Cannot read at all'}, 'wealth_quintile': {'reference': 'Poorest', 'reference_column': 'wealth_quintile_Poorest'}, 'residence': {'reference': 'Rural', 'reference_column': 'residence_Rural'}, 'country_admin_region': {'reference': 'ethiopia::01', 'reference_column': 'country_admin_region_ethiopia::01'}}"
binary_lpm,model4_preferred_lpm,underweight,pooled,country_admin_region_kenya::19,-0.08451485466254151,0.028697000795549217,-0.14075994268613526,-0.028269766638947764,0.0032287511224252793,37260,4434,114,model_specific_equal_total_country_weight,cluster_robust_country_psu,True,"{'child_sex': {'reference': 'Male', 'reference_column': 'child_sex_Male'}, 'maternal_education': {'reference': 'No education', 'reference_column': 'maternal_education_No education'}, 'literacy': {'reference': 'Cannot read at all', 'reference_column': 'literacy_Cannot read at all'}, 'wealth_quintile': {'reference': 'Poorest', 'reference_column': 'wealth_quintile_Poorest'}, 'residence': {'reference': 'Rural', 'reference_column': 'residence_Rural'}, 'country_admin_region': {'reference': 'ethiopia::01', 'reference_column': 'country_admin_region_ethiopia::01'}}"
binary_lpm,model4_preferred_lpm,underweight,pooled,country_admin_region_kenya::20,-0.06833419078260533,0.028715069635967108,-0.12461469308266054,-0.012053688482550118,0.01732519936590972,37260,4434,114,model_specific_equal_total_country_weight,cluster_robust_country_psu,True,"{'child_sex': {'reference': 'Male', 'reference_column': 'child_sex_Male'}, 'maternal_education': {'reference': 'No education', 'reference_column': 'maternal_education_No education'}, 'literacy': {'reference': 'Cannot read at all', 'reference_column': 'literacy_Cannot read at all'}, 'wealth_quintile': {'reference': 'Poorest', 'reference_column': 'wealth_quintile_Poorest'}, 'residence': {'reference': 'Rural', 'reference_column': 'residence_Rural'}, 'country_admin_region': {'reference': 'ethiopia::01', 'reference_column': 'country_admin_region_ethiopia::01'}}"
binary_lpm,model4_preferred_lpm,underweight,pooled,country_admin_region_kenya::21,-0.09157571300683863,0.0301772701788369,-0.15072207570909354,-0.03242935030458371,0.002408610077851744,37260,4434,114,model_specific_equal_total_country_weight,cluster_robust_country_psu,True,"{'child_sex': {'reference': 'Male', 'reference_column': 'child_sex_Male'}, 'maternal_education': {'reference': 'No education', 'reference_column': 'maternal_education_No education'}, 'literacy': {'reference': 'Cannot read at all', 'reference_column': 'literacy_Cannot read at all'}, 'wealth_quintile': {'reference': 'Poorest', 'reference_column': 'wealth_quintile_Poorest'}, 'residence': {'reference': 'Rural', 'reference_column': 'residence_Rural'}, 'country_admin_region': {'reference': 'ethiopia::01', 'reference_column': 'country_admin_region_ethiopia::01'}}"
binary_lpm,model4_preferred_lpm,underweight,pooled,country_admin_region_kenya::22,-0.06687960236316735,0.029685569748912274,-0.12506224993158715,-0.00869695479474756,0.024263368135120755,37260,4434,114,model_specific_equal_total_country_weight,cluster_robust_country_psu,True,"{'child_sex': {'reference': 'Male', 'reference_column': 'child_sex_Male'}, 'maternal_education': {'reference': 'No education', 'reference_column': 'maternal_education_No education'}, 'literacy': {'reference': 'Cannot read at all', 'reference_column': 'literacy_Cannot read at all'}, 'wealth_quintile': {'reference': 'Poorest', 'reference_column': 'wealth_quintile_Poorest'}, 'residence': {'reference': 'Rural', 'reference_column': 'residence_Rural'}, 'country_admin_region': {'reference': 'ethiopia::01', 'reference_column': 'country_admin_region_ethiopia::01'}}"
binary_lpm,model4_preferred_lpm,underweight,pooled,country_admin_region_kenya::23,0.05150566190274361,0.036110728889649606,-0.01927006617645967,0.12228138998194689,0.1537743396228994,37260,4434,114,model_specific_equal_total_country_weight,cluster_robust_country_psu,True,"{'child_sex': {'reference': 'Male', 'reference_column': 'child_sex_Male'}, 'maternal_education': {'reference': 'No education', 'reference_column': 'maternal_education_No education'}, 'literacy': {'reference': 'Cannot read at all', 'reference_column': 'literacy_Cannot read at all'}, 'wealth_quintile': {'reference': 'Poorest', 'reference_column': 'wealth_quintile_Poorest'}, 'residence': {'reference': 'Rural', 'reference_column': 'residence_Rural'}, 'country_admin_region': {'reference': 'ethiopia::01', 'reference_column': 'country_admin_region_ethiopia::01'}}"
binary_lpm,model4_preferred_lpm,underweight,pooled,country_admin_region_kenya::24,0.036270097033749345,0.0358131047665019,-0.033922298483154124,0.10646249255065282,0.3111745835373767,37260,4434,114,model_specific_equal_total_country_weight,cluster_robust_country_psu,True,"{'child_sex': {'reference': 'Male', 'reference_column': 'child_sex_Male'}, 'maternal_education': {'reference': 'No education', 'reference_column': 'maternal_education_No education'}, 'literacy': {'reference': 'Cannot read at all', 'reference_column': 'literacy_Cannot read at all'}, 'wealth_quintile': {'reference': 'Poorest', 'reference_column': 'wealth_quintile_Poorest'}, 'residence': {'reference': 'Rural', 'reference_column': 'residence_Rural'}, 'country_admin_region': {'reference': 'ethiopia::01', 'reference_column': 'country_admin_region_ethiopia::01'}}"
binary_lpm,model4_preferred_lpm,underweight,pooled,country_admin_region_kenya::25,0.053289066006327976,0.03349802586301077,-0.012365858238364391,0.11894399025102034,0.11165186137593955,37260,4434,114,model_specific_equal_total_country_weight,cluster_robust_country_psu,True,"{'child_sex': {'reference': 'Male', 'reference_column': 'child_sex_Male'}, 'maternal_education': {'reference': 'No education', 'reference_column': 'maternal_education_No education'}, 'literacy': {'reference': 'Cannot read at all', 'reference_column': 'literacy_Cannot read at all'}, 'wealth_quintile': {'reference': 'Poorest', 'reference_column': 'wealth_quintile_Poorest'}, 'residence': {'reference': 'Rural', 'reference_column': 'residence_Rural'}, 'country_admin_region': {'reference': 'ethiopia::01', 'reference_column': 'country_admin_region_ethiopia::01'}}"
binary_lpm,model4_preferred_lpm,underweight,pooled,country_admin_region_kenya::26,-0.03580121326278754,0.03193721430719637,-0.09839700307142976,0.02679457654585468,0.2622932466597385,37260,4434,114,model_specific_equal_total_country_weight,cluster_robust_country_psu,True,"{'child_sex': {'reference': 'Male', 'reference_column': 'child_sex_Male'}, 'maternal_education': {'reference': 'No education', 'reference_column': 'maternal_education_No education'}, 'literacy': {'reference': 'Cannot read at all', 'reference_column': 'literacy_Cannot read at all'}, 'wealth_quintile': {'reference': 'Poorest', 'reference_column': 'wealth_quintile_Poorest'}, 'residence': {'reference': 'Rural', 'reference_column': 'residence_Rural'}, 'country_admin_region': {'reference': 'ethiopia::01', 'reference_column': 'country_admin_region_ethiopia::01'}}"
binary_lpm,model4_preferred_lpm,underweight,pooled,country_admin_region_kenya::27,-0.07523819806419292,0.027462920926107515,-0.12906453398963502,-0.021411862138750806,0.006150868431724333,37260,4434,114,model_specific_equal_total_country_weight,cluster_robust_country_psu,True,"{'child_sex': {'reference': 'Male', 'reference_column': 'child_sex_Male'}, 'maternal_education': {'reference': 'No education', 'reference_column': 'maternal_education_No education'}, 'literacy': {'reference': 'Cannot read at all', 'reference_column': 'literacy_Cannot read at all'}, 'wealth_quintile': {'reference': 'Poorest', 'reference_column': 'wealth_quintile_Poorest'}, 'residence': {'reference': 'Rural', 'reference_column': 'residence_Rural'}, 'country_admin_region': {'reference': 'ethiopia::01', 'reference_column': 'country_admin_region_ethiopia::01'}}"
binary_lpm,model4_preferred_lpm,underweight,pooled,country_admin_region_kenya::28,-0.033758866861246795,0.03126783702036796,-0.09504270129563619,0.0275249675731426,0.28029027938826767,37260,4434,114,model_specific_equal_total_country_weight,cluster_robust_country_psu,True,"{'child_sex': {'reference': 'Male', 'reference_column': 'child_sex_Male'}, 'maternal_education': {'reference': 'No education', 'reference_column': 'maternal_education_No education'}, 'literacy': {'reference': 'Cannot read at all', 'reference_column': 'literacy_Cannot read at all'}, 'wealth_quintile': {'reference': 'Poorest', 'reference_column': 'wealth_quintile_Poorest'}, 'residence': {'reference': 'Rural', 'reference_column': 'residence_Rural'}, 'country_admin_region': {'reference': 'ethiopia::01', 'reference_column': 'country_admin_region_ethiopia::01'}}"
binary_lpm,model4_preferred_lpm,underweight,pooled,country_admin_region_kenya::29,-0.07964481644532548,0.031325595438523174,-0.1410418552991031,-0.01824777759154786,0.011006772838114706,37260,4434,114,model_specific_equal_total_country_weight,cluster_robust_country_psu,True,"{'child_sex': {'reference': 'Male', 'reference_column': 'child_sex_Male'}, 'maternal_education': {'reference': 'No education', 'reference_column': 'maternal_education_No education'}, 'literacy': {'reference': 'Cannot read at all', 'reference_column': 'literacy_Cannot read at all'}, 'wealth_quintile': {'reference': 'Poorest', 'reference_column': 'wealth_quintile_Poorest'}, 'residence': {'reference': 'Rural', 'reference_column': 'residence_Rural'}, 'country_admin_region': {'reference': 'ethiopia::01', 'reference_column': 'country_admin_region_ethiopia::01'}}"
binary_lpm,model4_preferred_lpm,underweight,pooled,country_admin_region_kenya::30,0.0021523408277654634,0.031427547585139964,-0.05944452056152762,0.06374920221705854,0.9453989212301224,37260,4434,114,model_specific_equal_total_country_weight,cluster_robust_country_psu,True,"{'child_sex': {'reference': 'Male', 'reference_column': 'child_sex_Male'}, 'maternal_education': {'reference': 'No education', 'reference_column': 'maternal_education_No education'}, 'literacy': {'reference': 'Cannot read at all', 'reference_column': 'literacy_Cannot read at all'}, 'wealth_quintile': {'reference': 'Poorest', 'reference_column': 'wealth_quintile_Poorest'}, 'residence': {'reference': 'Rural', 'reference_column': 'residence_Rural'}, 'country_admin_region': {'reference': 'ethiopia::01', 'reference_column': 'country_admin_region_ethiopia::01'}}"
binary_lpm,model4_preferred_lpm,underweight,pooled,country_admin_region_kenya::31,-0.09342791489554726,0.029174087384732504,-0.1506080754514473,-0.03624775433964722,0.001362743519326476,37260,4434,114,model_specific_equal_total_country_weight,cluster_robust_country_psu,True,"{'child_sex': {'reference': 'Male', 'reference_column': 'child_sex_Male'}, 'maternal_education': {'reference': 'No education', 'reference_column': 'maternal_education_No education'}, 'literacy': {'reference': 'Cannot read at all', 'reference_column': 'literacy_Cannot read at all'}, 'wealth_quintile': {'reference': 'Poorest', 'reference_column': 'wealth_quintile_Poorest'}, 'residence': {'reference': 'Rural', 'reference_column': 'residence_Rural'}, 'country_admin_region': {'reference': 'ethiopia::01', 'reference_column': 'country_admin_region_ethiopia::01'}}"
binary_lpm,model4_preferred_lpm,underweight,pooled,country_admin_region_kenya::32,-0.05520128593069196,0.028008165630156286,-0.11009628183883086,-0.00030629002255305043,0.04873534663197391,37260,4434,114,model_specific_equal_total_country_weight,cluster_robust_country_psu,True,"{'child_sex': {'reference': 'Male', 'reference_column': 'child_sex_Male'}, 'maternal_education': {'reference': 'No education', 'reference_column': 'maternal_education_No education'}, 'literacy': {'reference': 'Cannot read at all', 'reference_column': 'literacy_Cannot read at all'}, 'wealth_quintile': {'reference': 'Poorest', 'reference_column': 'wealth_quintile_Poorest'}, 'residence': {'reference': 'Rural', 'reference_column': 'residence_Rural'}, 'country_admin_region': {'reference': 'ethiopia::01', 'reference_column': 'country_admin_region_ethiopia::01'}}"
binary_lpm,model4_preferred_lpm,underweight,pooled,country_admin_region_kenya::33,-0.10009011330431473,0.026426065226809414,-0.15188424940196749,-0.04829597720666199,0.00015213845499115422,37260,4434,114,model_specific_equal_total_country_weight,cluster_robust_country_psu,True,"{'child_sex': {'reference': 'Male', 'reference_column': 'child_sex_Male'}, 'maternal_education': {'reference': 'No education', 'reference_column': 'maternal_education_No education'}, 'literacy': {'reference': 'Cannot read at all', 'reference_column': 'literacy_Cannot read at all'}, 'wealth_quintile': {'reference': 'Poorest', 'reference_column': 'wealth_quintile_Poorest'}, 'residence': {'reference': 'Rural', 'reference_column': 'residence_Rural'}, 'country_admin_region': {'reference': 'ethiopia::01', 'reference_column': 'country_admin_region_ethiopia::01'}}"
binary_lpm,model4_preferred_lpm,underweight,pooled,country_admin_region_kenya::34,-0.057149641398421915,0.027359511071406037,-0.11077329773300262,-0.0035259850638412124,0.03672212740671125,37260,4434,114,model_specific_equal_total_country_weight,cluster_robust_country_psu,True,"{'child_sex': {'reference': 'Male', 'reference_column': 'child_sex_Male'}, 'maternal_education': {'reference': 'No education', 'reference_column': 'maternal_education_No education'}, 'literacy': {'reference': 'Cannot read at all', 'reference_column': 'literacy_Cannot read at all'}, 'wealth_quintile': {'reference': 'Poorest', 'reference_column': 'wealth_quintile_Poorest'}, 'residence': {'reference': 'Rural', 'reference_column': 'residence_Rural'}, 'country_admin_region': {'reference': 'ethiopia::01', 'reference_column': 'country_admin_region_ethiopia::01'}}"
binary_lpm,model4_preferred_lpm,underweight,pooled,country_admin_region_kenya::35,-0.07363987084180329,0.02753888238765492,-0.12761508849609135,-0.019664653187515237,0.007494515299035819,37260,4434,114,model_specific_equal_total_country_weight,cluster_robust_country_psu,True,"{'child_sex': {'reference': 'Male', 'reference_column': 'child_sex_Male'}, 'maternal_education': {'reference': 'No education', 'reference_column': 'maternal_education_No education'}, 'literacy': {'reference': 'Cannot read at all', 'reference_column': 'literacy_Cannot read at all'}, 'wealth_quintile': {'reference': 'Poorest', 'reference_column': 'wealth_quintile_Poorest'}, 'residence': {'reference': 'Rural', 'reference_column': 'residence_Rural'}, 'country_admin_region': {'reference': 'ethiopia::01', 'reference_column': 'country_admin_region_ethiopia::01'}}"
binary_lpm,model4_preferred_lpm,underweight,pooled,country_admin_region_kenya::36,-0.053226450700099695,0.03045383095518481,-0.11291486256353295,0.006461961163333564,0.08050296007214347,37260,4434,114,model_specific_equal_total_country_weight,cluster_robust_country_psu,True,"{'child_sex': {'reference': 'Male', 'reference_column': 'child_sex_Male'}, 'maternal_education': {'reference': 'No education', 'reference_column': 'maternal_education_No education'}, 'literacy': {'reference': 'Cannot read at all', 'reference_column': 'literacy_Cannot read at all'}, 'wealth_quintile': {'reference': 'Poorest', 'reference_column': 'wealth_quintile_Poorest'}, 'residence': {'reference': 'Rural', 'reference_column': 'residence_Rural'}, 'country_admin_region': {'reference': 'ethiopia::01', 'reference_column': 'country_admin_region_ethiopia::01'}}"
binary_lpm,model4_preferred_lpm,underweight,pooled,country_admin_region_kenya::37,-0.09804394005689711,0.02672052907569395,-0.1504152146931126,-0.04567266542068162,0.00024327596356219774,37260,4434,114,model_specific_equal_total_country_weight,cluster_robust_country_psu,True,"{'child_sex': {'reference': 'Male', 'reference_column': 'child_sex_Male'}, 'maternal_education': {'reference': 'No education', 'reference_column': 'maternal_education_No education'}, 'literacy': {'reference': 'Cannot read at all', 'reference_column': 'literacy_Cannot read at all'}, 'wealth_quintile': {'reference': 'Poorest', 'reference_column': 'wealth_quintile_Poorest'}, 'residence': {'reference': 'Rural', 'reference_column': 'residence_Rural'}, 'country_admin_region': {'reference': 'ethiopia::01', 'reference_column': 'country_admin_region_ethiopia::01'}}"
binary_lpm,model4_preferred_lpm,underweight,pooled,country_admin_region_kenya::38,-0.07106483410380143,0.0318198281220885,-0.13343055121734967,-0.008699116990253192,0.02552582925500146,37260,4434,114,model_specific_equal_total_country_weight,cluster_robust_country_psu,True,"{'child_sex': {'reference': 'Male', 'reference_column': 'child_sex_Male'}, 'maternal_education': {'reference': 'No education', 'reference_column': 'maternal_education_No education'}, 'literacy': {'reference': 'Cannot read at all', 'reference_column': 'literacy_Cannot read at all'}, 'wealth_quintile': {'reference': 'Poorest', 'reference_column': 'wealth_quintile_Poorest'}, 'residence': {'reference': 'Rural', 'reference_column': 'residence_Rural'}, 'country_admin_region': {'reference': 'ethiopia::01', 'reference_column': 'country_admin_region_ethiopia::01'}}"
binary_lpm,model4_preferred_lpm,underweight,pooled,country_admin_region_kenya::39,-0.07267881285866723,0.03127507262052855,-0.13397682880877793,-0.011380796908556534,0.020133131398960762,37260,4434,114,model_specific_equal_total_country_weight,cluster_robust_country_psu,True,"{'child_sex': {'reference': 'Male', 'reference_column': 'child_sex_Male'}, 'maternal_education': {'reference': 'No education', 'reference_column': 'maternal_education_No education'}, 'literacy': {'reference': 'Cannot read at all', 'reference_column': 'literacy_Cannot read at all'}, 'wealth_quintile': {'reference': 'Poorest', 'reference_column': 'wealth_quintile_Poorest'}, 'residence': {'reference': 'Rural', 'reference_column': 'residence_Rural'}, 'country_admin_region': {'reference': 'ethiopia::01', 'reference_column': 'country_admin_region_ethiopia::01'}}"
binary_lpm,model4_preferred_lpm,underweight,pooled,country_admin_region_kenya::40,-0.10969636114486027,0.02802190997623185,-0.16461829547629833,-0.0547744268134222,9.053020157416262e-05,37260,4434,114,model_specific_equal_total_country_weight,cluster_robust_country_psu,True,"{'child_sex': {'reference': 'Male', 'reference_column': 'child_sex_Male'}, 'maternal_education': {'reference': 'No education', 'reference_column': 'maternal_education_No education'}, 'literacy': {'reference': 'Cannot read at all', 'reference_column': 'literacy_Cannot read at all'}, 'wealth_quintile': {'reference': 'Poorest', 'reference_column': 'wealth_quintile_Poorest'}, 'residence': {'reference': 'Rural', 'reference_column': 'residence_Rural'}, 'country_admin_region': {'reference': 'ethiopia::01', 'reference_column': 'country_admin_region_ethiopia::01'}}"
binary_lpm,model4_preferred_lpm,underweight,pooled,country_admin_region_kenya::41,-0.1013764614214019,0.03048522004421484,-0.16112639476884155,-0.041626528073962256,0.0008828230543800829,37260,4434,114,model_specific_equal_total_country_weight,cluster_robust_country_psu,True,"{'child_sex': {'reference': 'Male', 'reference_column': 'child_sex_Male'}, 'maternal_education': {'reference': 'No education', 'reference_column': 'maternal_education_No education'}, 'literacy': {'reference': 'Cannot read at all', 'reference_column': 'literacy_Cannot read at all'}, 'wealth_quintile': {'reference': 'Poorest', 'reference_column': 'wealth_quintile_Poorest'}, 'residence': {'reference': 'Rural', 'reference_column': 'residence_Rural'}, 'country_admin_region': {'reference': 'ethiopia::01', 'reference_column': 'country_admin_region_ethiopia::01'}}"
binary_lpm,model4_preferred_lpm,underweight,pooled,country_admin_region_kenya::42,-0.12896976115801176,0.026605209980956744,-0.18111501452181256,-0.07682450779421096,1.2500321744724918e-06,37260,4434,114,model_specific_equal_total_country_weight,cluster_robust_country_psu,True,"{'child_sex': {'reference': 'Male', 'reference_column': 'child_sex_Male'}, 'maternal_education': {'reference': 'No education', 'reference_column': 'maternal_education_No education'}, 'literacy': {'reference': 'Cannot read at all', 'reference_column': 'literacy_Cannot read at all'}, 'wealth_quintile': {'reference': 'Poorest', 'reference_column': 'wealth_quintile_Poorest'}, 'residence': {'reference': 'Rural', 'reference_column': 'residence_Rural'}, 'country_admin_region': {'reference': 'ethiopia::01', 'reference_column': 'country_admin_region_ethiopia::01'}}"
binary_lpm,model4_preferred_lpm,underweight,pooled,country_admin_region_kenya::43,-0.12066538758711058,0.026687800659416897,-0.17297251570615202,-0.06835825946806916,6.144105411322784e-06,37260,4434,114,model_specific_equal_total_country_weight,cluster_robust_country_psu,True,"{'child_sex': {'reference': 'Male', 'reference_column': 'child_sex_Male'}, 'maternal_education': {'reference': 'No education', 'reference_column': 'maternal_education_No education'}, 'literacy': {'reference': 'Cannot read at all', 'reference_column': 'literacy_Cannot read at all'}, 'wealth_quintile': {'reference': 'Poorest', 'reference_column': 'wealth_quintile_Poorest'}, 'residence': {'reference': 'Rural', 'reference_column': 'residence_Rural'}, 'country_admin_region': {'reference': 'ethiopia::01', 'reference_column': 'country_admin_region_ethiopia::01'}}"
binary_lpm,model4_preferred_lpm,underweight,pooled,country_admin_region_kenya::44,-0.15319170414716943,0.02497697008409372,-0.20214566595492747,-0.10423774233941138,8.606478251476926e-10,37260,4434,114,model_specific_equal_total_country_weight,cluster_robust_country_psu,True,"{'child_sex': {'reference': 'Male', 'reference_column': 'child_sex_Male'}, 'maternal_education': {'reference': 'No education', 'reference_column': 'maternal_education_No education'}, 'literacy': {'reference': 'Cannot read at all', 'reference_column': 'literacy_Cannot read at all'}, 'wealth_quintile': {'reference': 'Poorest', 'reference_column': 'wealth_quintile_Poorest'}, 'residence': {'reference': 'Rural', 'reference_column': 'residence_Rural'}, 'country_admin_region': {'reference': 'ethiopia::01', 'reference_column': 'country_admin_region_ethiopia::01'}}"
binary_lpm,model4_preferred_lpm,underweight,pooled,country_admin_region_kenya::45,-0.08162951355017993,0.027960842205679296,-0.13643175725071882,-0.026827269849641025,0.003506805107752936,37260,4434,114,model_specific_equal_total_country_weight,cluster_robust_country_psu,True,"{'child_sex': {'reference': 'Male', 'reference_column': 'child_sex_Male'}, 'maternal_education': {'reference': 'No education', 'reference_column': 'maternal_education_No education'}, 'literacy': {'reference': 'Cannot read at all', 'reference_column': 'literacy_Cannot read at all'}, 'wealth_quintile': {'reference': 'Poorest', 'reference_column': 'wealth_quintile_Poorest'}, 'residence': {'reference': 'Rural', 'reference_column': 'residence_Rural'}, 'country_admin_region': {'reference': 'ethiopia::01', 'reference_column': 'country_admin_region_ethiopia::01'}}"
binary_lpm,model4_preferred_lpm,underweight,pooled,country_admin_region_kenya::46,-0.12426833198161405,0.026381399105941155,-0.17597492409103588,-0.07256173987219221,2.4716719075449906e-06,37260,4434,114,model_specific_equal_total_country_weight,cluster_robust_country_psu,True,"{'child_sex': {'reference': 'Male', 'reference_column': 'child_sex_Male'}, 'maternal_education': {'reference': 'No education', 'reference_column': 'maternal_education_No education'}, 'literacy': {'reference': 'Cannot read at all', 'reference_column': 'literacy_Cannot read at all'}, 'wealth_quintile': {'reference': 'Poorest', 'reference_column': 'wealth_quintile_Poorest'}, 'residence': {'reference': 'Rural', 'reference_column': 'residence_Rural'}, 'country_admin_region': {'reference': 'ethiopia::01', 'reference_column': 'country_admin_region_ethiopia::01'}}"
binary_lpm,model4_preferred_lpm,underweight,pooled,country_admin_region_kenya::47,-0.07626503952752005,0.026879680050961408,-0.12894824434336416,-0.023581834711675922,0.004550042849329169,37260,4434,114,model_specific_equal_total_country_weight,cluster_robust_country_psu,True,"{'child_sex': {'reference': 'Male', 'reference_column': 'child_sex_Male'}, 'maternal_education': {'reference': 'No education', 'reference_column': 'maternal_education_No education'}, 'literacy': {'reference': 'Cannot read at all', 'reference_column': 'literacy_Cannot read at all'}, 'wealth_quintile': {'reference': 'Poorest', 'reference_column': 'wealth_quintile_Poorest'}, 'residence': {'reference': 'Rural', 'reference_column': 'residence_Rural'}, 'country_admin_region': {'reference': 'ethiopia::01', 'reference_column': 'country_admin_region_ethiopia::01'}}"
binary_lpm,model4_preferred_lpm,underweight,pooled,country_admin_region_nigeria::01,0.01568329846689961,0.03815278215351557,-0.05909478046399343,0.09046137739779266,0.6810243914632474,37260,4434,114,model_specific_equal_total_country_weight,cluster_robust_country_psu,True,"{'child_sex': {'reference': 'Male', 'reference_column': 'child_sex_Male'}, 'maternal_education': {'reference': 'No education', 'reference_column': 'maternal_education_No education'}, 'literacy': {'reference': 'Cannot read at all', 'reference_column': 'literacy_Cannot read at all'}, 'wealth_quintile': {'reference': 'Poorest', 'reference_column': 'wealth_quintile_Poorest'}, 'residence': {'reference': 'Rural', 'reference_column': 'residence_Rural'}, 'country_admin_region': {'reference': 'ethiopia::01', 'reference_column': 'country_admin_region_ethiopia::01'}}"
binary_lpm,model4_preferred_lpm,underweight,pooled,country_admin_region_nigeria::02,-0.05727693356101499,0.03961930274832835,-0.13492934004032733,0.02037547291829736,0.1482662684870167,37260,4434,114,model_specific_equal_total_country_weight,cluster_robust_country_psu,True,"{'child_sex': {'reference': 'Male', 'reference_column': 'child_sex_Male'}, 'maternal_education': {'reference': 'No education', 'reference_column': 'maternal_education_No education'}, 'literacy': {'reference': 'Cannot read at all', 'reference_column': 'literacy_Cannot read at all'}, 'wealth_quintile': {'reference': 'Poorest', 'reference_column': 'wealth_quintile_Poorest'}, 'residence': {'reference': 'Rural', 'reference_column': 'residence_Rural'}, 'country_admin_region': {'reference': 'ethiopia::01', 'reference_column': 'country_admin_region_ethiopia::01'}}"
binary_lpm,model4_preferred_lpm,underweight,pooled,country_admin_region_nigeria::03,-0.00014042369456611576,0.034831063631273126,-0.06840805395508436,0.06812720656595213,0.9967832853013169,37260,4434,114,model_specific_equal_total_country_weight,cluster_robust_country_psu,True,"{'child_sex': {'reference': 'Male', 'reference_column': 'child_sex_Male'}, 'maternal_education': {'reference': 'No education', 'reference_column': 'maternal_education_No education'}, 'literacy': {'reference': 'Cannot read at all', 'reference_column': 'literacy_Cannot read at all'}, 'wealth_quintile': {'reference': 'Poorest', 'reference_column': 'wealth_quintile_Poorest'}, 'residence': {'reference': 'Rural', 'reference_column': 'residence_Rural'}, 'country_admin_region': {'reference': 'ethiopia::01', 'reference_column': 'country_admin_region_ethiopia::01'}}"
binary_lpm,model4_preferred_lpm,underweight,pooled,country_admin_region_nigeria::04,0.060927032908026174,0.039562269666676315,-0.016613590785320848,0.1384676566013732,0.12355334435064473,37260,4434,114,model_specific_equal_total_country_weight,cluster_robust_country_psu,True,"{'child_sex': {'reference': 'Male', 'reference_column': 'child_sex_Male'}, 'maternal_education': {'reference': 'No education', 'reference_column': 'maternal_education_No education'}, 'literacy': {'reference': 'Cannot read at all', 'reference_column': 'literacy_Cannot read at all'}, 'wealth_quintile': {'reference': 'Poorest', 'reference_column': 'wealth_quintile_Poorest'}, 'residence': {'reference': 'Rural', 'reference_column': 'residence_Rural'}, 'country_admin_region': {'reference': 'ethiopia::01', 'reference_column': 'country_admin_region_ethiopia::01'}}"
binary_lpm,model4_preferred_lpm,underweight,pooled,country_admin_region_nigeria::05,0.03874515925281557,0.03731559150528589,-0.034392056159353555,0.11188237466498469,0.299125661814302,37260,4434,114,model_specific_equal_total_country_weight,cluster_robust_country_psu,True,"{'child_sex': {'reference': 'Male', 'reference_column': 'child_sex_Male'}, 'maternal_education': {'reference': 'No education', 'reference_column': 'maternal_education_No education'}, 'literacy': {'reference': 'Cannot read at all', 'reference_column': 'literacy_Cannot read at all'}, 'wealth_quintile': {'reference': 'Poorest', 'reference_column': 'wealth_quintile_Poorest'}, 'residence': {'reference': 'Rural', 'reference_column': 'residence_Rural'}, 'country_admin_region': {'reference': 'ethiopia::01', 'reference_column': 'country_admin_region_ethiopia::01'}}"
binary_lpm,model4_preferred_lpm,underweight,pooled,country_admin_region_nigeria::06,0.014142858254161898,0.03861360932097811,-0.06153842532805534,0.08982414183637913,0.7141664811975388,37260,4434,114,model_specific_equal_total_country_weight,cluster_robust_country_psu,True,"{'child_sex': {'reference': 'Male', 'reference_column': 'child_sex_Male'}, 'maternal_education': {'reference': 'No education', 'reference_column': 'maternal_education_No education'}, 'literacy': {'reference': 'Cannot read at all', 'reference_column': 'literacy_Cannot read at all'}, 'wealth_quintile': {'reference': 'Poorest', 'reference_column': 'wealth_quintile_Poorest'}, 'residence': {'reference': 'Rural', 'reference_column': 'residence_Rural'}, 'country_admin_region': {'reference': 'ethiopia::01', 'reference_column': 'country_admin_region_ethiopia::01'}}"
binary_lpm,model4_preferred_lpm,underweight,pooled,country_admin_region_nigeria::07,0.021318040158080413,0.04258794996720873,-0.062152807953042476,0.1047888882692033,0.6166772505411638,37260,4434,114,model_specific_equal_total_country_weight,cluster_robust_country_psu,True,"{'child_sex': {'reference': 'Male', 'reference_column': 'child_sex_Male'}, 'maternal_education': {'reference': 'No education', 'reference_column': 'maternal_education_No education'}, 'literacy': {'reference': 'Cannot read at all', 'reference_column': 'literacy_Cannot read at all'}, 'wealth_quintile': {'reference': 'Poorest', 'reference_column': 'wealth_quintile_Poorest'}, 'residence': {'reference': 'Rural', 'reference_column': 'residence_Rural'}, 'country_admin_region': {'reference': 'ethiopia::01', 'reference_column': 'country_admin_region_ethiopia::01'}}"
binary_lpm,model4_preferred_lpm,underweight,pooled,country_admin_region_nigeria::08,0.0932118500660069,0.048563087852826856,-0.0019700531035883317,0.18839375323560212,0.05493409748533106,37260,4434,114,model_specific_equal_total_country_weight,cluster_robust_country_psu,True,"{'child_sex': {'reference': 'Male', 'reference_column': 'child_sex_Male'}, 'maternal_education': {'reference': 'No education', 'reference_column': 'maternal_education_No education'}, 'literacy': {'reference': 'Cannot read at all', 'reference_column': 'literacy_Cannot read at all'}, 'wealth_quintile': {'reference': 'Poorest', 'reference_column': 'wealth_quintile_Poorest'}, 'residence': {'reference': 'Rural', 'reference_column': 'residence_Rural'}, 'country_admin_region': {'reference': 'ethiopia::01', 'reference_column': 'country_admin_region_ethiopia::01'}}"
binary_lpm,model4_preferred_lpm,underweight,pooled,country_admin_region_nigeria::09,0.09435090869758268,0.035304258598183626,0.02515583334425424,0.16354598405091114,0.007528661009238453,37260,4434,114,model_specific_equal_total_country_weight,cluster_robust_country_psu,True,"{'child_sex': {'reference': 'Male', 'reference_column': 'child_sex_Male'}, 'maternal_education': {'reference': 'No education', 'reference_column': 'maternal_education_No education'}, 'literacy': {'reference': 'Cannot read at all', 'reference_column': 'literacy_Cannot read at all'}, 'wealth_quintile': {'reference': 'Poorest', 'reference_column': 'wealth_quintile_Poorest'}, 'residence': {'reference': 'Rural', 'reference_column': 'residence_Rural'}, 'country_admin_region': {'reference': 'ethiopia::01', 'reference_column': 'country_admin_region_ethiopia::01'}}"
binary_lpm,model4_preferred_lpm,underweight,pooled,country_admin_region_nigeria::10,0.04620356427455002,0.048129527663239476,-0.04812857653832358,0.1405357050874236,0.33706339529297125,37260,4434,114,model_specific_equal_total_country_weight,cluster_robust_country_psu,True,"{'child_sex': {'reference': 'Male', 'reference_column': 'child_sex_Male'}, 'maternal_education': {'reference': 'No education', 'reference_column': 'maternal_education_No education'}, 'literacy': {'reference': 'Cannot read at all', 'reference_column': 'literacy_Cannot read at all'}, 'wealth_quintile': {'reference': 'Poorest', 'reference_column': 'wealth_quintile_Poorest'}, 'residence': {'reference': 'Rural', 'reference_column': 'residence_Rural'}, 'country_admin_region': {'reference': 'ethiopia::01', 'reference_column': 'country_admin_region_ethiopia::01'}}"
binary_lpm,model4_preferred_lpm,underweight,pooled,country_admin_region_nigeria::11,0.1478476338465725,0.04362090186704177,0.062352237214014644,0.23334303047913038,0.0007005190715751679,37260,4434,114,model_specific_equal_total_country_weight,cluster_robust_country_psu,True,"{'child_sex': {'reference': 'Male', 'reference_column': 'child_sex_Male'}, 'maternal_education': {'reference': 'No education', 'reference_column': 'maternal_education_No education'}, 'literacy': {'reference': 'Cannot read at all', 'reference_column': 'literacy_Cannot read at all'}, 'wealth_quintile': {'reference': 'Poorest', 'reference_column': 'wealth_quintile_Poorest'}, 'residence': {'reference': 'Rural', 'reference_column': 'residence_Rural'}, 'country_admin_region': {'reference': 'ethiopia::01', 'reference_column': 'country_admin_region_ethiopia::01'}}"
binary_lpm,model4_preferred_lpm,underweight,pooled,country_admin_region_nigeria::12,0.08559758899774243,0.04903423423067608,-0.010507744103883762,0.1817029220993686,0.08086832040617,37260,4434,114,model_specific_equal_total_country_weight,cluster_robust_country_psu,True,"{'child_sex': {'reference': 'Male', 'reference_column': 'child_sex_Male'}, 'maternal_education': {'reference': 'No education', 'reference_column': 'maternal_education_No education'}, 'literacy': {'reference': 'Cannot read at all', 'reference_column': 'literacy_Cannot read at all'}, 'wealth_quintile': {'reference': 'Poorest', 'reference_column': 'wealth_quintile_Poorest'}, 'residence': {'reference': 'Rural', 'reference_column': 'residence_Rural'}, 'country_admin_region': {'reference': 'ethiopia::01', 'reference_column': 'country_admin_region_ethiopia::01'}}"
binary_lpm,model4_preferred_lpm,underweight,pooled,country_admin_region_nigeria::13,0.13769488494308865,0.043123610035392425,0.053174162390369456,0.22221560749580785,0.0014078939999451739,37260,4434,114,model_specific_equal_total_country_weight,cluster_robust_country_psu,True,"{'child_sex': {'reference': 'Male', 'reference_column': 'child_sex_Male'}, 'maternal_education': {'reference': 'No education', 'reference_column': 'maternal_education_No education'}, 'literacy': {'reference': 'Cannot read at all', 'reference_column': 'literacy_Cannot read at all'}, 'wealth_quintile': {'reference': 'Poorest', 'reference_column': 'wealth_quintile_Poorest'}, 'residence': {'reference': 'Rural', 'reference_column': 'residence_Rural'}, 'country_admin_region': {'reference': 'ethiopia::01', 'reference_column': 'country_admin_region_ethiopia::01'}}"
binary_lpm,model4_preferred_lpm,underweight,pooled,country_admin_region_nigeria::14,0.1533424770534392,0.04244683593114869,0.07014820737070708,0.2365367467361713,0.00030316865835780207,37260,4434,114,model_specific_equal_total_country_weight,cluster_robust_country_psu,True,"{'child_sex': {'reference': 'Male', 'reference_column': 'child_sex_Male'}, 'maternal_education': {'reference': 'No education', 'reference_column': 'maternal_education_No education'}, 'literacy': {'reference': 'Cannot read at all', 'reference_column': 'literacy_Cannot read at all'}, 'wealth_quintile': {'reference': 'Poorest', 'reference_column': 'wealth_quintile_Poorest'}, 'residence': {'reference': 'Rural', 'reference_column': 'residence_Rural'}, 'country_admin_region': {'reference': 'ethiopia::01', 'reference_column': 'country_admin_region_ethiopia::01'}}"
binary_lpm,model4_preferred_lpm,underweight,pooled,country_admin_region_nigeria::15,0.05458035379941012,0.033051254221567385,-0.010198914118739369,0.11935962171755961,0.09865993421223747,37260,4434,114,model_specific_equal_total_country_weight,cluster_robust_country_psu,True,"{'child_sex': {'reference': 'Male', 'reference_column': 'child_sex_Male'}, 'maternal_education': {'reference': 'No education', 'reference_column': 'maternal_education_No education'}, 'literacy': {'reference': 'Cannot read at all', 'reference_column': 'literacy_Cannot read at all'}, 'wealth_quintile': {'reference': 'Poorest', 'reference_column': 'wealth_quintile_Poorest'}, 'residence': {'reference': 'Rural', 'reference_column': 'residence_Rural'}, 'country_admin_region': {'reference': 'ethiopia::01', 'reference_column': 'country_admin_region_ethiopia::01'}}"
binary_lpm,model4_preferred_lpm,underweight,pooled,country_admin_region_nigeria::16,0.18516444387721223,0.03589624573119936,0.11480909506386183,0.25551979269056263,2.491709876937712e-07,37260,4434,114,model_specific_equal_total_country_weight,cluster_robust_country_psu,True,"{'child_sex': {'reference': 'Male', 'reference_column': 'child_sex_Male'}, 'maternal_education': {'reference': 'No education', 'reference_column': 'maternal_education_No education'}, 'literacy': {'reference': 'Cannot read at all', 'reference_column': 'literacy_Cannot read at all'}, 'wealth_quintile': {'reference': 'Poorest', 'reference_column': 'wealth_quintile_Poorest'}, 'residence': {'reference': 'Rural', 'reference_column': 'residence_Rural'}, 'country_admin_region': {'reference': 'ethiopia::01', 'reference_column': 'country_admin_region_ethiopia::01'}}"
binary_lpm,model4_preferred_lpm,underweight,pooled,country_admin_region_nigeria::17,0.0130619480018361,0.03934395821339083,-0.06405079310565877,0.09017468910933098,0.7398939827182993,37260,4434,114,model_specific_equal_total_country_weight,cluster_robust_country_psu,True,"{'child_sex': {'reference': 'Male', 'reference_column': 'child_sex_Male'}, 'maternal_education': {'reference': 'No education', 'reference_column': 'maternal_education_No education'}, 'literacy': {'reference': 'Cannot read at all', 'reference_column': 'literacy_Cannot read at all'}, 'wealth_quintile': {'reference': 'Poorest', 'reference_column': 'wealth_quintile_Poorest'}, 'residence': {'reference': 'Rural', 'reference_column': 'residence_Rural'}, 'country_admin_region': {'reference': 'ethiopia::01', 'reference_column': 'country_admin_region_ethiopia::01'}}"
binary_lpm,model4_preferred_lpm,underweight,pooled,country_admin_region_nigeria::18,0.1442133679821733,0.04120277576325442,0.0634574114231148,0.2249693245412318,0.00046510344760882383,37260,4434,114,model_specific_equal_total_country_weight,cluster_robust_country_psu,True,"{'child_sex': {'reference': 'Male', 'reference_column': 'child_sex_Male'}, 'maternal_education': {'reference': 'No education', 'reference_column': 'maternal_education_No education'}, 'literacy': {'reference': 'Cannot read at all', 'reference_column': 'literacy_Cannot read at all'}, 'wealth_quintile': {'reference': 'Poorest', 'reference_column': 'wealth_quintile_Poorest'}, 'residence': {'reference': 'Rural', 'reference_column': 'residence_Rural'}, 'country_admin_region': {'reference': 'ethiopia::01', 'reference_column': 'country_admin_region_ethiopia::01'}}"
binary_lpm,model4_preferred_lpm,underweight,pooled,country_admin_region_nigeria::19,0.004652597453555144,0.040932467869308715,-0.0755735653686329,0.08487876027574319,0.9095031941209769,37260,4434,114,model_specific_equal_total_country_weight,cluster_robust_country_psu,True,"{'child_sex': {'reference': 'Male', 'reference_column': 'child_sex_Male'}, 'maternal_education': {'reference': 'No education', 'reference_column': 'maternal_education_No education'}, 'literacy': {'reference': 'Cannot read at all', 'reference_column': 'literacy_Cannot read at all'}, 'wealth_quintile': {'reference': 'Poorest', 'reference_column': 'wealth_quintile_Poorest'}, 'residence': {'reference': 'Rural', 'reference_column': 'residence_Rural'}, 'country_admin_region': {'reference': 'ethiopia::01', 'reference_column': 'country_admin_region_ethiopia::01'}}"
binary_lpm,model4_preferred_lpm,underweight,pooled,country_admin_region_nigeria::20,0.22240761716584553,0.04712710733528192,0.13004018409313955,0.3147750502385515,2.366413121926678e-06,37260,4434,114,model_specific_equal_total_country_weight,cluster_robust_country_psu,True,"{'child_sex': {'reference': 'Male', 'reference_column': 'child_sex_Male'}, 'maternal_education': {'reference': 'No education', 'reference_column': 'maternal_education_No education'}, 'literacy': {'reference': 'Cannot read at all', 'reference_column': 'literacy_Cannot read at all'}, 'wealth_quintile': {'reference': 'Poorest', 'reference_column': 'wealth_quintile_Poorest'}, 'residence': {'reference': 'Rural', 'reference_column': 'residence_Rural'}, 'country_admin_region': {'reference': 'ethiopia::01', 'reference_column': 'country_admin_region_ethiopia::01'}}"
binary_lpm,model4_preferred_lpm,underweight,pooled,country_admin_region_nigeria::21,0.04052603423176072,0.04813445378601334,-0.05381576160433308,0.13486783006785452,0.39982488583344933,37260,4434,114,model_specific_equal_total_country_weight,cluster_robust_country_psu,True,"{'child_sex': {'reference': 'Male', 'reference_column': 'child_sex_Male'}, 'maternal_education': {'reference': 'No education', 'reference_column': 'maternal_education_No education'}, 'literacy': {'reference': 'Cannot read at all', 'reference_column': 'literacy_Cannot read at all'}, 'wealth_quintile': {'reference': 'Poorest', 'reference_column': 'wealth_quintile_Poorest'}, 'residence': {'reference': 'Rural', 'reference_column': 'residence_Rural'}, 'country_admin_region': {'reference': 'ethiopia::01', 'reference_column': 'country_admin_region_ethiopia::01'}}"
binary_lpm,model4_preferred_lpm,underweight,pooled,country_admin_region_nigeria::22,-0.0017364813410431098,0.033326705027590095,-0.06705562291850964,0.06358266023642342,0.958445187338325,37260,4434,114,model_specific_equal_total_country_weight,cluster_robust_country_psu,True,"{'child_sex': {'reference': 'Male', 'reference_column': 'child_sex_Male'}, 'maternal_education': {'reference': 'No education', 'reference_column': 'maternal_education_No education'}, 'literacy': {'reference': 'Cannot read at all', 'reference_column': 'literacy_Cannot read at all'}, 'wealth_quintile': {'reference': 'Poorest', 'reference_column': 'wealth_quintile_Poorest'}, 'residence': {'reference': 'Rural', 'reference_column': 'residence_Rural'}, 'country_admin_region': {'reference': 'ethiopia::01', 'reference_column': 'country_admin_region_ethiopia::01'}}"
binary_lpm,model4_preferred_lpm,underweight,pooled,country_admin_region_nigeria::23,0.013265202989788819,0.028715143682665506,-0.04301544443912843,0.06954585041870606,0.6441111239602846,37260,4434,114,model_specific_equal_total_country_weight,cluster_robust_country_psu,True,"{'child_sex': {'reference': 'Male', 'reference_column': 'child_sex_Male'}, 'maternal_education': {'reference': 'No education', 'reference_column': 'maternal_education_No education'}, 'literacy': {'reference': 'Cannot read at all', 'reference_column': 'literacy_Cannot read at all'}, 'wealth_quintile': {'reference': 'Poorest', 'reference_column': 'wealth_quintile_Poorest'}, 'residence': {'reference': 'Rural', 'reference_column': 'residence_Rural'}, 'country_admin_region': {'reference': 'ethiopia::01', 'reference_column': 'country_admin_region_ethiopia::01'}}"
binary_lpm,model4_preferred_lpm,underweight,pooled,country_admin_region_nigeria::24,-0.0823695301039571,0.027995815303750848,-0.13724031981714405,-0.027498740390770167,0.0032588026843159415,37260,4434,114,model_specific_equal_total_country_weight,cluster_robust_country_psu,True,"{'child_sex': {'reference': 'Male', 'reference_column': 'child_sex_Male'}, 'maternal_education': {'reference': 'No education', 'reference_column': 'maternal_education_No education'}, 'literacy': {'reference': 'Cannot read at all', 'reference_column': 'literacy_Cannot read at all'}, 'wealth_quintile': {'reference': 'Poorest', 'reference_column': 'wealth_quintile_Poorest'}, 'residence': {'reference': 'Rural', 'reference_column': 'residence_Rural'}, 'country_admin_region': {'reference': 'ethiopia::01', 'reference_column': 'country_admin_region_ethiopia::01'}}"
binary_lpm,model4_preferred_lpm,underweight,pooled,country_admin_region_nigeria::25,0.0178214112649866,0.034554642191781934,-0.04990444292957419,0.08554726545954738,0.6060319683255655,37260,4434,114,model_specific_equal_total_country_weight,cluster_robust_country_psu,True,"{'child_sex': {'reference': 'Male', 'reference_column': 'child_sex_Male'}, 'maternal_education': {'reference': 'No education', 'reference_column': 'maternal_education_No education'}, 'literacy': {'reference': 'Cannot read at all', 'reference_column': 'literacy_Cannot read at all'}, 'wealth_quintile': {'reference': 'Poorest', 'reference_column': 'wealth_quintile_Poorest'}, 'residence': {'reference': 'Rural', 'reference_column': 'residence_Rural'}, 'country_admin_region': {'reference': 'ethiopia::01', 'reference_column': 'country_admin_region_ethiopia::01'}}"
binary_lpm,model4_preferred_lpm,underweight,pooled,country_admin_region_nigeria::26,0.0713732973565229,0.03956354645416547,-0.00616982879431878,0.14891642350736456,0.07122869358319532,37260,4434,114,model_specific_equal_total_country_weight,cluster_robust_country_psu,True,"{'child_sex': {'reference': 'Male', 'reference_column': 'child_sex_Male'}, 'maternal_education': {'reference': 'No education', 'reference_column': 'maternal_education_No education'}, 'literacy': {'reference': 'Cannot read at all', 'reference_column': 'literacy_Cannot read at all'}, 'wealth_quintile': {'reference': 'Poorest', 'reference_column': 'wealth_quintile_Poorest'}, 'residence': {'reference': 'Rural', 'reference_column': 'residence_Rural'}, 'country_admin_region': {'reference': 'ethiopia::01', 'reference_column': 'country_admin_region_ethiopia::01'}}"
binary_lpm,model4_preferred_lpm,underweight,pooled,country_admin_region_nigeria::27,0.059605582535668965,0.03890311875135398,-0.01664312910326967,0.1358542941746076,0.12548435104866287,37260,4434,114,model_specific_equal_total_country_weight,cluster_robust_country_psu,True,"{'child_sex': {'reference': 'Male', 'reference_column': 'child_sex_Male'}, 'maternal_education': {'reference': 'No education', 'reference_column': 'maternal_education_No education'}, 'literacy': {'reference': 'Cannot read at all', 'reference_column': 'literacy_Cannot read at all'}, 'wealth_quintile': {'reference': 'Poorest', 'reference_column': 'wealth_quintile_Poorest'}, 'residence': {'reference': 'Rural', 'reference_column': 'residence_Rural'}, 'country_admin_region': {'reference': 'ethiopia::01', 'reference_column': 'country_admin_region_ethiopia::01'}}"
binary_lpm,model4_preferred_lpm,underweight,pooled,country_admin_region_nigeria::28,0.0053488302357923845,0.03650630894955123,-0.06620222051382028,0.07689988098540505,0.8835125059364142,37260,4434,114,model_specific_equal_total_country_weight,cluster_robust_country_psu,True,"{'child_sex': {'reference': 'Male', 'reference_column': 'child_sex_Male'}, 'maternal_education': {'reference': 'No education', 'reference_column': 'maternal_education_No education'}, 'literacy': {'reference': 'Cannot read at all', 'reference_column': 'literacy_Cannot read at all'}, 'wealth_quintile': {'reference': 'Poorest', 'reference_column': 'wealth_quintile_Poorest'}, 'residence': {'reference': 'Rural', 'reference_column': 'residence_Rural'}, 'country_admin_region': {'reference': 'ethiopia::01', 'reference_column': 'country_admin_region_ethiopia::01'}}"
binary_lpm,model4_preferred_lpm,underweight,pooled,country_admin_region_nigeria::29,0.06425418447889486,0.03824926081663487,-0.010712989156988581,0.13922135811477832,0.09298058331081972,37260,4434,114,model_specific_equal_total_country_weight,cluster_robust_country_psu,True,"{'child_sex': {'reference': 'Male', 'reference_column': 'child_sex_Male'}, 'maternal_education': {'reference': 'No education', 'reference_column': 'maternal_education_No education'}, 'literacy': {'reference': 'Cannot read at all', 'reference_column': 'literacy_Cannot read at all'}, 'wealth_quintile': {'reference': 'Poorest', 'reference_column': 'wealth_quintile_Poorest'}, 'residence': {'reference': 'Rural', 'reference_column': 'residence_Rural'}, 'country_admin_region': {'reference': 'ethiopia::01', 'reference_column': 'country_admin_region_ethiopia::01'}}"
binary_lpm,model4_preferred_lpm,underweight,pooled,country_admin_region_nigeria::30,-0.0005785852139195834,0.031465919057168924,-0.06225065330642321,0.06109348287858404,0.9853295816465233,37260,4434,114,model_specific_equal_total_country_weight,cluster_robust_country_psu,True,"{'child_sex': {'reference': 'Male', 'reference_column': 'child_sex_Male'}, 'maternal_education': {'reference': 'No education', 'reference_column': 'maternal_education_No education'}, 'literacy': {'reference': 'Cannot read at all', 'reference_column': 'literacy_Cannot read at all'}, 'wealth_quintile': {'reference': 'Poorest', 'reference_column': 'wealth_quintile_Poorest'}, 'residence': {'reference': 'Rural', 'reference_column': 'residence_Rural'}, 'country_admin_region': {'reference': 'ethiopia::01', 'reference_column': 'country_admin_region_ethiopia::01'}}"
binary_lpm,model4_preferred_lpm,underweight,pooled,country_admin_region_nigeria::31,-0.015410537694004661,0.031443965083733136,-0.07703957678925659,0.04621850140124727,0.6240665044326594,37260,4434,114,model_specific_equal_total_country_weight,cluster_robust_country_psu,True,"{'child_sex': {'reference': 'Male', 'reference_column': 'child_sex_Male'}, 'maternal_education': {'reference': 'No education', 'reference_column': 'maternal_education_No education'}, 'literacy': {'reference': 'Cannot read at all', 'reference_column': 'literacy_Cannot read at all'}, 'wealth_quintile': {'reference': 'Poorest', 'reference_column': 'wealth_quintile_Poorest'}, 'residence': {'reference': 'Rural', 'reference_column': 'residence_Rural'}, 'country_admin_region': {'reference': 'ethiopia::01', 'reference_column': 'country_admin_region_ethiopia::01'}}"
binary_lpm,model4_preferred_lpm,underweight,pooled,country_admin_region_nigeria::32,0.007356022656349246,0.04210976781372978,-0.07517760565590509,0.08988965096860357,0.8613257017682401,37260,4434,114,model_specific_equal_total_country_weight,cluster_robust_country_psu,True,"{'child_sex': {'reference': 'Male', 'reference_column': 'child_sex_Male'}, 'maternal_education': {'reference': 'No education', 'reference_column': 'maternal_education_No education'}, 'literacy': {'reference': 'Cannot read at all', 'reference_column': 'literacy_Cannot read at all'}, 'wealth_quintile': {'reference': 'Poorest', 'reference_column': 'wealth_quintile_Poorest'}, 'residence': {'reference': 'Rural', 'reference_column': 'residence_Rural'}, 'country_admin_region': {'reference': 'ethiopia::01', 'reference_column': 'country_admin_region_ethiopia::01'}}"
binary_lpm,model4_preferred_lpm,underweight,pooled,country_admin_region_nigeria::33,0.00789233100815201,0.03956193544823366,-0.06964763762908444,0.08543229964538845,0.841877082522445,37260,4434,114,model_specific_equal_total_country_weight,cluster_robust_country_psu,True,"{'child_sex': {'reference': 'Male', 'reference_column': 'child_sex_Male'}, 'maternal_education': {'reference': 'No education', 'reference_column': 'maternal_education_No education'}, 'literacy': {'reference': 'Cannot read at all', 'reference_column': 'literacy_Cannot read at all'}, 'wealth_quintile': {'reference': 'Poorest', 'reference_column': 'wealth_quintile_Poorest'}, 'residence': {'reference': 'Rural', 'reference_column': 'residence_Rural'}, 'country_admin_region': {'reference': 'ethiopia::01', 'reference_column': 'country_admin_region_ethiopia::01'}}"
binary_lpm,model4_preferred_lpm,underweight,pooled,country_admin_region_nigeria::34,0.09202070240784302,0.04662805202695322,0.0006313997657548392,0.1834100050499312,0.048438034495621854,37260,4434,114,model_specific_equal_total_country_weight,cluster_robust_country_psu,True,"{'child_sex': {'reference': 'Male', 'reference_column': 'child_sex_Male'}, 'maternal_education': {'reference': 'No education', 'reference_column': 'maternal_education_No education'}, 'literacy': {'reference': 'Cannot read at all', 'reference_column': 'literacy_Cannot read at all'}, 'wealth_quintile': {'reference': 'Poorest', 'reference_column': 'wealth_quintile_Poorest'}, 'residence': {'reference': 'Rural', 'reference_column': 'residence_Rural'}, 'country_admin_region': {'reference': 'ethiopia::01', 'reference_column': 'country_admin_region_ethiopia::01'}}"
binary_lpm,model4_preferred_lpm,underweight,pooled,country_admin_region_nigeria::35,0.021873724282354488,0.04257227056265786,-0.06156639276054966,0.10531384132525863,0.6073903223640997,37260,4434,114,model_specific_equal_total_country_weight,cluster_robust_country_psu,True,"{'child_sex': {'reference': 'Male', 'reference_column': 'child_sex_Male'}, 'maternal_education': {'reference': 'No education', 'reference_column': 'maternal_education_No education'}, 'literacy': {'reference': 'Cannot read at all', 'reference_column': 'literacy_Cannot read at all'}, 'wealth_quintile': {'reference': 'Poorest', 'reference_column': 'wealth_quintile_Poorest'}, 'residence': {'reference': 'Rural', 'reference_column': 'residence_Rural'}, 'country_admin_region': {'reference': 'ethiopia::01', 'reference_column': 'country_admin_region_ethiopia::01'}}"
binary_lpm,model4_preferred_lpm,underweight,pooled,country_admin_region_nigeria::36,0.1349935936511308,0.0522288698244433,0.03262688984199112,0.2373602974602705,0.009747656575671415,37260,4434,114,model_specific_equal_total_country_weight,cluster_robust_country_psu,True,"{'child_sex': {'reference': 'Male', 'reference_column': 'child_sex_Male'}, 'maternal_education': {'reference': 'No education', 'reference_column': 'maternal_education_No education'}, 'literacy': {'reference': 'Cannot read at all', 'reference_column': 'literacy_Cannot read at all'}, 'wealth_quintile': {'reference': 'Poorest', 'reference_column': 'wealth_quintile_Poorest'}, 'residence': {'reference': 'Rural', 'reference_column': 'residence_Rural'}, 'country_admin_region': {'reference': 'ethiopia::01', 'reference_column': 'country_admin_region_ethiopia::01'}}"
binary_lpm,model4_preferred_lpm,underweight,pooled,country_admin_region_nigeria::37,0.10026435349060248,0.037466768894930357,0.02683083583945342,0.17369787114175153,0.007448718610677214,37260,4434,114,model_specific_equal_total_country_weight,cluster_robust_country_psu,True,"{'child_sex': {'reference': 'Male', 'reference_column': 'child_sex_Male'}, 'maternal_education': {'reference': 'No education', 'reference_column': 'maternal_education_No education'}, 'literacy': {'reference': 'Cannot read at all', 'reference_column': 'literacy_Cannot read at all'}, 'wealth_quintile': {'reference': 'Poorest', 'reference_column': 'wealth_quintile_Poorest'}, 'residence': {'reference': 'Rural', 'reference_column': 'residence_Rural'}, 'country_admin_region': {'reference': 'ethiopia::01', 'reference_column': 'country_admin_region_ethiopia::01'}}"
binary_lpm,model4_preferred_lpm,underweight,ethiopia,const,0.37538544993709944,0.07094637367707295,0.23633311269631593,0.5144377871778829,1.215726258714924e-07,5955,787,14,weight_original,cluster_robust_psu,True,"{'child_sex': {'reference': 'Male', 'reference_column': 'child_sex_Male'}, 'maternal_education': {'reference': 'No education', 'reference_column': 'maternal_education_No education'}, 'literacy': {'reference': 'Cannot read at all', 'reference_column': 'literacy_Cannot read at all'}, 'wealth_quintile': {'reference': 'Poorest', 'reference_column': 'wealth_quintile_Poorest'}, 'residence': {'reference': 'Rural', 'reference_column': 'residence_Rural'}, 'country_admin_region': {'reference': 'ethiopia::01', 'reference_column': 'country_admin_region_ethiopia::01'}}"
binary_lpm,model4_preferred_lpm,underweight,ethiopia,water_rate_loo,-0.02634513607740326,0.039185751813099745,-0.10314779833820388,0.05045752618339737,0.5013837128198468,5955,787,14,weight_original,cluster_robust_psu,True,"{'child_sex': {'reference': 'Male', 'reference_column': 'child_sex_Male'}, 'maternal_education': {'reference': 'No education', 'reference_column': 'maternal_education_No education'}, 'literacy': {'reference': 'Cannot read at all', 'reference_column': 'literacy_Cannot read at all'}, 'wealth_quintile': {'reference': 'Poorest', 'reference_column': 'wealth_quintile_Poorest'}, 'residence': {'reference': 'Rural', 'reference_column': 'residence_Rural'}, 'country_admin_region': {'reference': 'ethiopia::01', 'reference_column': 'country_admin_region_ethiopia::01'}}"
binary_lpm,model4_preferred_lpm,underweight,ethiopia,sanitation_rate_loo_core,-0.05941232008008325,0.04111739872934086,-0.1400009407275643,0.02117630056739782,0.14847374238442843,5955,787,14,weight_original,cluster_robust_psu,True,"{'child_sex': {'reference': 'Male', 'reference_column': 'child_sex_Male'}, 'maternal_education': {'reference': 'No education', 'reference_column': 'maternal_education_No education'}, 'literacy': {'reference': 'Cannot read at all', 'reference_column': 'literacy_Cannot read at all'}, 'wealth_quintile': {'reference': 'Poorest', 'reference_column': 'wealth_quintile_Poorest'}, 'residence': {'reference': 'Rural', 'reference_column': 'residence_Rural'}, 'country_admin_region': {'reference': 'ethiopia::01', 'reference_column': 'country_admin_region_ethiopia::01'}}"
binary_lpm,model4_preferred_lpm,underweight,ethiopia,b19_raw,0.0013080215589761396,0.00048168852199342556,0.0003639294041026958,0.0022521137138495836,0.006617727940377846,5955,787,14,weight_original,cluster_robust_psu,True,"{'child_sex': {'reference': 'Male', 'reference_column': 'child_sex_Male'}, 'maternal_education': {'reference': 'No education', 'reference_column': 'maternal_education_No education'}, 'literacy': {'reference': 'Cannot read at all', 'reference_column': 'literacy_Cannot read at all'}, 'wealth_quintile': {'reference': 'Poorest', 'reference_column': 'wealth_quintile_Poorest'}, 'residence': {'reference': 'Rural', 'reference_column': 'residence_Rural'}, 'country_admin_region': {'reference': 'ethiopia::01', 'reference_column': 'country_admin_region_ethiopia::01'}}"
binary_lpm,model4_preferred_lpm,underweight,ethiopia,birth_order_raw,0.00908601312857152,0.006864533181136479,-0.004368224677136146,0.022540250934279187,0.18563026118013537,5955,787,14,weight_original,cluster_robust_psu,True,"{'child_sex': {'reference': 'Male', 'reference_column': 'child_sex_Male'}, 'maternal_education': {'reference': 'No education', 'reference_column': 'maternal_education_No education'}, 'literacy': {'reference': 'Cannot read at all', 'reference_column': 'literacy_Cannot read at all'}, 'wealth_quintile': {'reference': 'Poorest', 'reference_column': 'wealth_quintile_Poorest'}, 'residence': {'reference': 'Rural', 'reference_column': 'residence_Rural'}, 'country_admin_region': {'reference': 'ethiopia::01', 'reference_column': 'country_admin_region_ethiopia::01'}}"
binary_lpm,model4_preferred_lpm,underweight,ethiopia,maternal_age,-0.004370107397611311,0.002123723615971119,-0.008532529198031876,-0.00020768559719074563,0.03961345389468183,5955,787,14,weight_original,cluster_robust_psu,True,"{'child_sex': {'reference': 'Male', 'reference_column': 'child_sex_Male'}, 'maternal_education': {'reference': 'No education', 'reference_column': 'maternal_education_No education'}, 'literacy': {'reference': 'Cannot read at all', 'reference_column': 'literacy_Cannot read at all'}, 'wealth_quintile': {'reference': 'Poorest', 'reference_column': 'wealth_quintile_Poorest'}, 'residence': {'reference': 'Rural', 'reference_column': 'residence_Rural'}, 'country_admin_region': {'reference': 'ethiopia::01', 'reference_column': 'country_admin_region_ethiopia::01'}}"
binary_lpm,model4_preferred_lpm,underweight,ethiopia,household_size_raw,0.00032481210631974083,0.006079904809653666,-0.011591582350033297,0.012241206562672777,0.9573941787120751,5955,787,14,weight_original,cluster_robust_psu,True,"{'child_sex': {'reference': 'Male', 'reference_column': 'child_sex_Male'}, 'maternal_education': {'reference': 'No education', 'reference_column': 'maternal_education_No education'}, 'literacy': {'reference': 'Cannot read at all', 'reference_column': 'literacy_Cannot read at all'}, 'wealth_quintile': {'reference': 'Poorest', 'reference_column': 'wealth_quintile_Poorest'}, 'residence': {'reference': 'Rural', 'reference_column': 'residence_Rural'}, 'country_admin_region': {'reference': 'ethiopia::01', 'reference_column': 'country_admin_region_ethiopia::01'}}"
binary_lpm,model4_preferred_lpm,underweight,ethiopia,child_sex_Female,-0.021393380555493453,0.014344376775898867,-0.04950784241692801,0.006721081305941103,0.13585326986876942,5955,787,14,weight_original,cluster_robust_psu,True,"{'child_sex': {'reference': 'Male', 'reference_column': 'child_sex_Male'}, 'maternal_education': {'reference': 'No education', 'reference_column': 'maternal_education_No education'}, 'literacy': {'reference': 'Cannot read at all', 'reference_column': 'literacy_Cannot read at all'}, 'wealth_quintile': {'reference': 'Poorest', 'reference_column': 'wealth_quintile_Poorest'}, 'residence': {'reference': 'Rural', 'reference_column': 'residence_Rural'}, 'country_admin_region': {'reference': 'ethiopia::01', 'reference_column': 'country_admin_region_ethiopia::01'}}"
binary_lpm,model4_preferred_lpm,underweight,ethiopia,maternal_education_Higher,-0.015441231377088664,0.046678792026204764,-0.10692998259028545,0.07604751983610812,0.7407973899694247,5955,787,14,weight_original,cluster_robust_psu,True,"{'child_sex': {'reference': 'Male', 'reference_column': 'child_sex_Male'}, 'maternal_education': {'reference': 'No education', 'reference_column': 'maternal_education_No education'}, 'literacy': {'reference': 'Cannot read at all', 'reference_column': 'literacy_Cannot read at all'}, 'wealth_quintile': {'reference': 'Poorest', 'reference_column': 'wealth_quintile_Poorest'}, 'residence': {'reference': 'Rural', 'reference_column': 'residence_Rural'}, 'country_admin_region': {'reference': 'ethiopia::01', 'reference_column': 'country_admin_region_ethiopia::01'}}"
binary_lpm,model4_preferred_lpm,underweight,ethiopia,maternal_education_Primary,0.0036123283236141773,0.030227434226430178,-0.055632354105242324,0.06285701075247067,0.9048753105432928,5955,787,14,weight_original,cluster_robust_psu,True,"{'child_sex': {'reference': 'Male', 'reference_column': 'child_sex_Male'}, 'maternal_education': {'reference': 'No education', 'reference_column': 'maternal_education_No education'}, 'literacy': {'reference': 'Cannot read at all', 'reference_column': 'literacy_Cannot read at all'}, 'wealth_quintile': {'reference': 'Poorest', 'reference_column': 'wealth_quintile_Poorest'}, 'residence': {'reference': 'Rural', 'reference_column': 'residence_Rural'}, 'country_admin_region': {'reference': 'ethiopia::01', 'reference_column': 'country_admin_region_ethiopia::01'}}"
binary_lpm,model4_preferred_lpm,underweight,ethiopia,maternal_education_Secondary,-0.0009674115479179666,0.039183338631719265,-0.07776534406012468,0.07583052096428876,0.9803027420983192,5955,787,14,weight_original,cluster_robust_psu,True,"{'child_sex': {'reference': 'Male', 'reference_column': 'child_sex_Male'}, 'maternal_education': {'reference': 'No education', 'reference_column': 'maternal_education_No education'}, 'literacy': {'reference': 'Cannot read at all', 'reference_column': 'literacy_Cannot read at all'}, 'wealth_quintile': {'reference': 'Poorest', 'reference_column': 'wealth_quintile_Poorest'}, 'residence': {'reference': 'Rural', 'reference_column': 'residence_Rural'}, 'country_admin_region': {'reference': 'ethiopia::01', 'reference_column': 'country_admin_region_ethiopia::01'}}"
binary_lpm,model4_preferred_lpm,underweight,ethiopia,literacy_Able to read only parts of sentence,-0.05944834217995279,0.02955771915493266,-0.11738040718877049,-0.0015162771711350956,0.044297701316918,5955,787,14,weight_original,cluster_robust_psu,True,"{'child_sex': {'reference': 'Male', 'reference_column': 'child_sex_Male'}, 'maternal_education': {'reference': 'No education', 'reference_column': 'maternal_education_No education'}, 'literacy': {'reference': 'Cannot read at all', 'reference_column': 'literacy_Cannot read at all'}, 'wealth_quintile': {'reference': 'Poorest', 'reference_column': 'wealth_quintile_Poorest'}, 'residence': {'reference': 'Rural', 'reference_column': 'residence_Rural'}, 'country_admin_region': {'reference': 'ethiopia::01', 'reference_column': 'country_admin_region_ethiopia::01'}}"
binary_lpm,model4_preferred_lpm,underweight,ethiopia,literacy_Able to read whole sentence,-0.057948826883707075,0.030506753304799534,-0.11774096464636244,0.001843310878948283,0.05749338895220631,5955,787,14,weight_original,cluster_robust_psu,True,"{'child_sex': {'reference': 'Male', 'reference_column': 'child_sex_Male'}, 'maternal_education': {'reference': 'No education', 'reference_column': 'maternal_education_No education'}, 'literacy': {'reference': 'Cannot read at all', 'reference_column': 'literacy_Cannot read at all'}, 'wealth_quintile': {'reference': 'Poorest', 'reference_column': 'wealth_quintile_Poorest'}, 'residence': {'reference': 'Rural', 'reference_column': 'residence_Rural'}, 'country_admin_region': {'reference': 'ethiopia::01', 'reference_column': 'country_admin_region_ethiopia::01'}}"
binary_lpm,model4_preferred_lpm,underweight,ethiopia,literacy_Blind/visually impaired,-0.12073697445035765,0.07531988634168325,-0.26836123899970715,0.026887290098991865,0.108937008916425,5955,787,14,weight_original,cluster_robust_psu,True,"{'child_sex': {'reference': 'Male', 'reference_column': 'child_sex_Male'}, 'maternal_education': {'reference': 'No education', 'reference_column': 'maternal_education_No education'}, 'literacy': {'reference': 'Cannot read at all', 'reference_column': 'literacy_Cannot read at all'}, 'wealth_quintile': {'reference': 'Poorest', 'reference_column': 'wealth_quintile_Poorest'}, 'residence': {'reference': 'Rural', 'reference_column': 'residence_Rural'}, 'country_admin_region': {'reference': 'ethiopia::01', 'reference_column': 'country_admin_region_ethiopia::01'}}"
binary_lpm,model4_preferred_lpm,underweight,ethiopia,literacy_No card with required language,-0.052905363686611036,0.07435402316103318,-0.19863657118789307,0.09282584381467102,0.47675382123182464,5955,787,14,weight_original,cluster_robust_psu,True,"{'child_sex': {'reference': 'Male', 'reference_column': 'child_sex_Male'}, 'maternal_education': {'reference': 'No education', 'reference_column': 'maternal_education_No education'}, 'literacy': {'reference': 'Cannot read at all', 'reference_column': 'literacy_Cannot read at all'}, 'wealth_quintile': {'reference': 'Poorest', 'reference_column': 'wealth_quintile_Poorest'}, 'residence': {'reference': 'Rural', 'reference_column': 'residence_Rural'}, 'country_admin_region': {'reference': 'ethiopia::01', 'reference_column': 'country_admin_region_ethiopia::01'}}"
binary_lpm,model4_preferred_lpm,underweight,ethiopia,wealth_quintile_Middle,-0.059521067185930344,0.03376647317096073,-0.12570213848595138,0.0066600041140906854,0.07794657849411271,5955,787,14,weight_original,cluster_robust_psu,True,"{'child_sex': {'reference': 'Male', 'reference_column': 'child_sex_Male'}, 'maternal_education': {'reference': 'No education', 'reference_column': 'maternal_education_No education'}, 'literacy': {'reference': 'Cannot read at all', 'reference_column': 'literacy_Cannot read at all'}, 'wealth_quintile': {'reference': 'Poorest', 'reference_column': 'wealth_quintile_Poorest'}, 'residence': {'reference': 'Rural', 'reference_column': 'residence_Rural'}, 'country_admin_region': {'reference': 'ethiopia::01', 'reference_column': 'country_admin_region_ethiopia::01'}}"
binary_lpm,model4_preferred_lpm,underweight,ethiopia,wealth_quintile_Poorer,-0.05700714962057914,0.03379374320546807,-0.12324166920609171,0.009227369964933438,0.0916198265416955,5955,787,14,weight_original,cluster_robust_psu,True,"{'child_sex': {'reference': 'Male', 'reference_column': 'child_sex_Male'}, 'maternal_education': {'reference': 'No education', 'reference_column': 'maternal_education_No education'}, 'literacy': {'reference': 'Cannot read at all', 'reference_column': 'literacy_Cannot read at all'}, 'wealth_quintile': {'reference': 'Poorest', 'reference_column': 'wealth_quintile_Poorest'}, 'residence': {'reference': 'Rural', 'reference_column': 'residence_Rural'}, 'country_admin_region': {'reference': 'ethiopia::01', 'reference_column': 'country_admin_region_ethiopia::01'}}"
binary_lpm,model4_preferred_lpm,underweight,ethiopia,wealth_quintile_Richer,-0.07556672805501935,0.03609816376250599,-0.14631782893755998,-0.004815627172478715,0.03631634838891594,5955,787,14,weight_original,cluster_robust_psu,True,"{'child_sex': {'reference': 'Male', 'reference_column': 'child_sex_Male'}, 'maternal_education': {'reference': 'No education', 'reference_column': 'maternal_education_No education'}, 'literacy': {'reference': 'Cannot read at all', 'reference_column': 'literacy_Cannot read at all'}, 'wealth_quintile': {'reference': 'Poorest', 'reference_column': 'wealth_quintile_Poorest'}, 'residence': {'reference': 'Rural', 'reference_column': 'residence_Rural'}, 'country_admin_region': {'reference': 'ethiopia::01', 'reference_column': 'country_admin_region_ethiopia::01'}}"
binary_lpm,model4_preferred_lpm,underweight,ethiopia,wealth_quintile_Richest,-0.06185871340468302,0.05324198071112526,-0.16621107806406477,0.04249365125469874,0.2453000771127395,5955,787,14,weight_original,cluster_robust_psu,True,"{'child_sex': {'reference': 'Male', 'reference_column': 'child_sex_Male'}, 'maternal_education': {'reference': 'No education', 'reference_column': 'maternal_education_No education'}, 'literacy': {'reference': 'Cannot read at all', 'reference_column': 'literacy_Cannot read at all'}, 'wealth_quintile': {'reference': 'Poorest', 'reference_column': 'wealth_quintile_Poorest'}, 'residence': {'reference': 'Rural', 'reference_column': 'residence_Rural'}, 'country_admin_region': {'reference': 'ethiopia::01', 'reference_column': 'country_admin_region_ethiopia::01'}}"
binary_lpm,model4_preferred_lpm,underweight,ethiopia,residence_Urban,0.045551188364140835,0.027475784441055834,-0.008300359587314579,0.09940273631559625,0.09734437271605291,5955,787,14,weight_original,cluster_robust_psu,True,"{'child_sex': {'reference': 'Male', 'reference_column': 'child_sex_Male'}, 'maternal_education': {'reference': 'No education', 'reference_column': 'maternal_education_No education'}, 'literacy': {'reference': 'Cannot read at all', 'reference_column': 'literacy_Cannot read at all'}, 'wealth_quintile': {'reference': 'Poorest', 'reference_column': 'wealth_quintile_Poorest'}, 'residence': {'reference': 'Rural', 'reference_column': 'residence_Rural'}, 'country_admin_region': {'reference': 'ethiopia::01', 'reference_column': 'country_admin_region_ethiopia::01'}}"
binary_lpm,model4_preferred_lpm,underweight,ethiopia,country_admin_region_ethiopia::02,0.11302430544415773,0.03840037501612101,0.03776095341972886,0.1882876574685866,0.003247204106620623,5955,787,14,weight_original,cluster_robust_psu,True,"{'child_sex': {'reference': 'Male', 'reference_column': 'child_sex_Male'}, 'maternal_education': {'reference': 'No education', 'reference_column': 'maternal_education_No education'}, 'literacy': {'reference': 'Cannot read at all', 'reference_column': 'literacy_Cannot read at all'}, 'wealth_quintile': {'reference': 'Poorest', 'reference_column': 'wealth_quintile_Poorest'}, 'residence': {'reference': 'Rural', 'reference_column': 'residence_Rural'}, 'country_admin_region': {'reference': 'ethiopia::01', 'reference_column': 'country_admin_region_ethiopia::01'}}"
binary_lpm,model4_preferred_lpm,underweight,ethiopia,country_admin_region_ethiopia::03,0.046273751033811344,0.03510977790752807,-0.022540149170143728,0.11508765123776642,0.18751257477676264,5955,787,14,weight_original,cluster_robust_psu,True,"{'child_sex': {'reference': 'Male', 'reference_column': 'child_sex_Male'}, 'maternal_education': {'reference': 'No education', 'reference_column': 'maternal_education_No education'}, 'literacy': {'reference': 'Cannot read at all', 'reference_column': 'literacy_Cannot read at all'}, 'wealth_quintile': {'reference': 'Poorest', 'reference_column': 'wealth_quintile_Poorest'}, 'residence': {'reference': 'Rural', 'reference_column': 'residence_Rural'}, 'country_admin_region': {'reference': 'ethiopia::01', 'reference_column': 'country_admin_region_ethiopia::01'}}"
binary_lpm,model4_preferred_lpm,underweight,ethiopia,country_admin_region_ethiopia::04,-0.05501970269250722,0.0312517025262506,-0.11627191409951781,0.006232508714503371,0.07831721127657106,5955,787,14,weight_original,cluster_robust_psu,True,"{'child_sex': {'reference': 'Male', 'reference_column': 'child_sex_Male'}, 'maternal_education': {'reference': 'No education', 'reference_column': 'maternal_education_No education'}, 'literacy': {'reference': 'Cannot read at all', 'reference_column': 'literacy_Cannot read at all'}, 'wealth_quintile': {'reference': 'Poorest', 'reference_column': 'wealth_quintile_Poorest'}, 'residence': {'reference': 'Rural', 'reference_column': 'residence_Rural'}, 'country_admin_region': {'reference': 'ethiopia::01', 'reference_column': 'country_admin_region_ethiopia::01'}}"
binary_lpm,model4_preferred_lpm,underweight,ethiopia,country_admin_region_ethiopia::05,-0.01844255014990875,0.03654473942093869,-0.09006892323934974,0.053183822939532235,0.6137999293051798,5955,787,14,weight_original,cluster_robust_psu,True,"{'child_sex': {'reference': 'Male', 'reference_column': 'child_sex_Male'}, 'maternal_education': {'reference': 'No education', 'reference_column': 'maternal_education_No education'}, 'literacy': {'reference': 'Cannot read at all', 'reference_column': 'literacy_Cannot read at all'}, 'wealth_quintile': {'reference': 'Poorest', 'reference_column': 'wealth_quintile_Poorest'}, 'residence': {'reference': 'Rural', 'reference_column': 'residence_Rural'}, 'country_admin_region': {'reference': 'ethiopia::01', 'reference_column': 'country_admin_region_ethiopia::01'}}"
binary_lpm,model4_preferred_lpm,underweight,ethiopia,country_admin_region_ethiopia::06,0.08627872916654544,0.04281399773548483,0.0023648355708157376,0.17019262276227515,0.04388379311587925,5955,787,14,weight_original,cluster_robust_psu,True,"{'child_sex': {'reference': 'Male', 'reference_column': 'child_sex_Male'}, 'maternal_education': {'reference': 'No education', 'reference_column': 'maternal_education_No education'}, 'literacy': {'reference': 'Cannot read at all', 'reference_column': 'literacy_Cannot read at all'}, 'wealth_quintile': {'reference': 'Poorest', 'reference_column': 'wealth_quintile_Poorest'}, 'residence': {'reference': 'Rural', 'reference_column': 'residence_Rural'}, 'country_admin_region': {'reference': 'ethiopia::01', 'reference_column': 'country_admin_region_ethiopia::01'}}"
binary_lpm,model4_preferred_lpm,underweight,ethiopia,country_admin_region_ethiopia::07,-0.049732392748835404,0.03409307453738218,-0.11655359096434403,0.017088805466673233,0.14464103369655384,5955,787,14,weight_original,cluster_robust_psu,True,"{'child_sex': {'reference': 'Male', 'reference_column': 'child_sex_Male'}, 'maternal_education': {'reference': 'No education', 'reference_column': 'maternal_education_No education'}, 'literacy': {'reference': 'Cannot read at all', 'reference_column': 'literacy_Cannot read at all'}, 'wealth_quintile': {'reference': 'Poorest', 'reference_column': 'wealth_quintile_Poorest'}, 'residence': {'reference': 'Rural', 'reference_column': 'residence_Rural'}, 'country_admin_region': {'reference': 'ethiopia::01', 'reference_column': 'country_admin_region_ethiopia::01'}}"
binary_lpm,model4_preferred_lpm,underweight,ethiopia,country_admin_region_ethiopia::08,-0.03737488098407995,0.03031660526957045,-0.09679433544595525,0.02204457347779535,0.21764337493099206,5955,787,14,weight_original,cluster_robust_psu,True,"{'child_sex': {'reference': 'Male', 'reference_column': 'child_sex_Male'}, 'maternal_education': {'reference': 'No education', 'reference_column': 'maternal_education_No education'}, 'literacy': {'reference': 'Cannot read at all', 'reference_column': 'literacy_Cannot read at all'}, 'wealth_quintile': {'reference': 'Poorest', 'reference_column': 'wealth_quintile_Poorest'}, 'residence': {'reference': 'Rural', 'reference_column': 'residence_Rural'}, 'country_admin_region': {'reference': 'ethiopia::01', 'reference_column': 'country_admin_region_ethiopia::01'}}"
binary_lpm,model4_preferred_lpm,underweight,ethiopia,country_admin_region_ethiopia::09,-0.024863663324711644,0.0364577646060905,-0.09631956890948813,0.04659224226006485,0.49524818029379714,5955,787,14,weight_original,cluster_robust_psu,True,"{'child_sex': {'reference': 'Male', 'reference_column': 'child_sex_Male'}, 'maternal_education': {'reference': 'No education', 'reference_column': 'maternal_education_No education'}, 'literacy': {'reference': 'Cannot read at all', 'reference_column': 'literacy_Cannot read at all'}, 'wealth_quintile': {'reference': 'Poorest', 'reference_column': 'wealth_quintile_Poorest'}, 'residence': {'reference': 'Rural', 'reference_column': 'residence_Rural'}, 'country_admin_region': {'reference': 'ethiopia::01', 'reference_column': 'country_admin_region_ethiopia::01'}}"
binary_lpm,model4_preferred_lpm,underweight,ethiopia,country_admin_region_ethiopia::10,-0.025267974672691387,0.032836394279689964,-0.08962612484304076,0.03909017549765799,0.44158987104681924,5955,787,14,weight_original,cluster_robust_psu,True,"{'child_sex': {'reference': 'Male', 'reference_column': 'child_sex_Male'}, 'maternal_education': {'reference': 'No education', 'reference_column': 'maternal_education_No education'}, 'literacy': {'reference': 'Cannot read at all', 'reference_column': 'literacy_Cannot read at all'}, 'wealth_quintile': {'reference': 'Poorest', 'reference_column': 'wealth_quintile_Poorest'}, 'residence': {'reference': 'Rural', 'reference_column': 'residence_Rural'}, 'country_admin_region': {'reference': 'ethiopia::01', 'reference_column': 'country_admin_region_ethiopia::01'}}"
binary_lpm,model4_preferred_lpm,underweight,ethiopia,country_admin_region_ethiopia::12,-0.06579415622939405,0.03990162263305954,-0.14399989951489903,0.012411587056110923,0.09916621971692391,5955,787,14,weight_original,cluster_robust_psu,True,"{'child_sex': {'reference': 'Male', 'reference_column': 'child_sex_Male'}, 'maternal_education': {'reference': 'No education', 'reference_column': 'maternal_education_No education'}, 'literacy': {'reference': 'Cannot read at all', 'reference_column': 'literacy_Cannot read at all'}, 'wealth_quintile': {'reference': 'Poorest', 'reference_column': 'wealth_quintile_Poorest'}, 'residence': {'reference': 'Rural', 'reference_column': 'residence_Rural'}, 'country_admin_region': {'reference': 'ethiopia::01', 'reference_column': 'country_admin_region_ethiopia::01'}}"
binary_lpm,model4_preferred_lpm,underweight,ethiopia,country_admin_region_ethiopia::13,-0.025603842184436426,0.03725249145943666,-0.09861738377931824,0.047409699410445386,0.491890235083675,5955,787,14,weight_original,cluster_robust_psu,True,"{'child_sex': {'reference': 'Male', 'reference_column': 'child_sex_Male'}, 'maternal_education': {'reference': 'No education', 'reference_column': 'maternal_education_No education'}, 'literacy': {'reference': 'Cannot read at all', 'reference_column': 'literacy_Cannot read at all'}, 'wealth_quintile': {'reference': 'Poorest', 'reference_column': 'wealth_quintile_Poorest'}, 'residence': {'reference': 'Rural', 'reference_column': 'residence_Rural'}, 'country_admin_region': {'reference': 'ethiopia::01', 'reference_column': 'country_admin_region_ethiopia::01'}}"
binary_lpm,model4_preferred_lpm,underweight,ethiopia,country_admin_region_ethiopia::14,-0.07684228494760523,0.03949450861025018,-0.15425009941080264,0.0005655295155921891,0.0516974227018836,5955,787,14,weight_original,cluster_robust_psu,True,"{'child_sex': {'reference': 'Male', 'reference_column': 'child_sex_Male'}, 'maternal_education': {'reference': 'No education', 'reference_column': 'maternal_education_No education'}, 'literacy': {'reference': 'Cannot read at all', 'reference_column': 'literacy_Cannot read at all'}, 'wealth_quintile': {'reference': 'Poorest', 'reference_column': 'wealth_quintile_Poorest'}, 'residence': {'reference': 'Rural', 'reference_column': 'residence_Rural'}, 'country_admin_region': {'reference': 'ethiopia::01', 'reference_column': 'country_admin_region_ethiopia::01'}}"
binary_lpm,model4_preferred_lpm,underweight,ethiopia,country_admin_region_ethiopia::15,0.012906523295901454,0.039766644506931806,-0.06503466772369246,0.09084771431549538,0.7455167478314844,5955,787,14,weight_original,cluster_robust_psu,True,"{'child_sex': {'reference': 'Male', 'reference_column': 'child_sex_Male'}, 'maternal_education': {'reference': 'No education', 'reference_column': 'maternal_education_No education'}, 'literacy': {'reference': 'Cannot read at all', 'reference_column': 'literacy_Cannot read at all'}, 'wealth_quintile': {'reference': 'Poorest', 'reference_column': 'wealth_quintile_Poorest'}, 'residence': {'reference': 'Rural', 'reference_column': 'residence_Rural'}, 'country_admin_region': {'reference': 'ethiopia::01', 'reference_column': 'country_admin_region_ethiopia::01'}}"
binary_lpm,model4_preferred_lpm,underweight,ghana,const,0.24988128847551563,0.0516527826196207,0.14864369483978257,0.3511188821112487,1.31342236588087e-06,4411,616,16,weight_original,cluster_robust_psu,True,"{'child_sex': {'reference': 'Male', 'reference_column': 'child_sex_Male'}, 'maternal_education': {'reference': 'No education', 'reference_column': 'maternal_education_No education'}, 'literacy': {'reference': 'Cannot read at all', 'reference_column': 'literacy_Cannot read at all'}, 'wealth_quintile': {'reference': 'Poorest', 'reference_column': 'wealth_quintile_Poorest'}, 'residence': {'reference': 'Rural', 'reference_column': 'residence_Rural'}, 'country_admin_region': {'reference': 'ghana::01', 'reference_column': 'country_admin_region_ghana::01'}}"
binary_lpm,model4_preferred_lpm,underweight,ghana,water_rate_loo,0.0006878307123272952,0.02866329883403858,-0.05549120268049725,0.05686686410515184,0.9808550704029216,4411,616,16,weight_original,cluster_robust_psu,True,"{'child_sex': {'reference': 'Male', 'reference_column': 'child_sex_Male'}, 'maternal_education': {'reference': 'No education', 'reference_column': 'maternal_education_No education'}, 'literacy': {'reference': 'Cannot read at all', 'reference_column': 'literacy_Cannot read at all'}, 'wealth_quintile': {'reference': 'Poorest', 'reference_column': 'wealth_quintile_Poorest'}, 'residence': {'reference': 'Rural', 'reference_column': 'residence_Rural'}, 'country_admin_region': {'reference': 'ghana::01', 'reference_column': 'country_admin_region_ghana::01'}}"
binary_lpm,model4_preferred_lpm,underweight,ghana,sanitation_rate_loo_core,-0.03693395259434383,0.03262935463253872,-0.10088631251290489,0.02701840732421723,0.25766634922116605,4411,616,16,weight_original,cluster_robust_psu,True,"{'child_sex': {'reference': 'Male', 'reference_column': 'child_sex_Male'}, 'maternal_education': {'reference': 'No education', 'reference_column': 'maternal_education_No education'}, 'literacy': {'reference': 'Cannot read at all', 'reference_column': 'literacy_Cannot read at all'}, 'wealth_quintile': {'reference': 'Poorest', 'reference_column': 'wealth_quintile_Poorest'}, 'residence': {'reference': 'Rural', 'reference_column': 'residence_Rural'}, 'country_admin_region': {'reference': 'ghana::01', 'reference_column': 'country_admin_region_ghana::01'}}"
binary_lpm,model4_preferred_lpm,underweight,ghana,b19_raw,-0.0005494814673094151,0.00038308099537245704,-0.0013003064214011859,0.00020134348678235573,0.1514655276785156,4411,616,16,weight_original,cluster_robust_psu,True,"{'child_sex': {'reference': 'Male', 'reference_column': 'child_sex_Male'}, 'maternal_education': {'reference': 'No education', 'reference_column': 'maternal_education_No education'}, 'literacy': {'reference': 'Cannot read at all', 'reference_column': 'literacy_Cannot read at all'}, 'wealth_quintile': {'reference': 'Poorest', 'reference_column': 'wealth_quintile_Poorest'}, 'residence': {'reference': 'Rural', 'reference_column': 'residence_Rural'}, 'country_admin_region': {'reference': 'ghana::01', 'reference_column': 'country_admin_region_ghana::01'}}"
binary_lpm,model4_preferred_lpm,underweight,ghana,birth_order_raw,0.00021911208665868943,0.00571809666073551,-0.01098815142850166,0.011426375601819038,0.9694332945938441,4411,616,16,weight_original,cluster_robust_psu,True,"{'child_sex': {'reference': 'Male', 'reference_column': 'child_sex_Male'}, 'maternal_education': {'reference': 'No education', 'reference_column': 'maternal_education_No education'}, 'literacy': {'reference': 'Cannot read at all', 'reference_column': 'literacy_Cannot read at all'}, 'wealth_quintile': {'reference': 'Poorest', 'reference_column': 'wealth_quintile_Poorest'}, 'residence': {'reference': 'Rural', 'reference_column': 'residence_Rural'}, 'country_admin_region': {'reference': 'ghana::01', 'reference_column': 'country_admin_region_ghana::01'}}"
binary_lpm,model4_preferred_lpm,underweight,ghana,maternal_age,-0.002073290873688574,0.001567280010739462,-0.0051451032484274685,0.0009985215010503206,0.18588218603136153,4411,616,16,weight_original,cluster_robust_psu,True,"{'child_sex': {'reference': 'Male', 'reference_column': 'child_sex_Male'}, 'maternal_education': {'reference': 'No education', 'reference_column': 'maternal_education_No education'}, 'literacy': {'reference': 'Cannot read at all', 'reference_column': 'literacy_Cannot read at all'}, 'wealth_quintile': {'reference': 'Poorest', 'reference_column': 'wealth_quintile_Poorest'}, 'residence': {'reference': 'Rural', 'reference_column': 'residence_Rural'}, 'country_admin_region': {'reference': 'ghana::01', 'reference_column': 'country_admin_region_ghana::01'}}"
binary_lpm,model4_preferred_lpm,underweight,ghana,household_size_raw,-0.0016314693866406199,0.002511586556695486,-0.006554088581818739,0.0032911498085374993,0.515965358494455,4411,616,16,weight_original,cluster_robust_psu,True,"{'child_sex': {'reference': 'Male', 'reference_column': 'child_sex_Male'}, 'maternal_education': {'reference': 'No education', 'reference_column': 'maternal_education_No education'}, 'literacy': {'reference': 'Cannot read at all', 'reference_column': 'literacy_Cannot read at all'}, 'wealth_quintile': {'reference': 'Poorest', 'reference_column': 'wealth_quintile_Poorest'}, 'residence': {'reference': 'Rural', 'reference_column': 'residence_Rural'}, 'country_admin_region': {'reference': 'ghana::01', 'reference_column': 'country_admin_region_ghana::01'}}"
binary_lpm,model4_preferred_lpm,underweight,ghana,child_sex_Female,-0.04112407167892993,0.01199394773177798,-0.06463177726567064,-0.01761636609218922,0.0006064006880183165,4411,616,16,weight_original,cluster_robust_psu,True,"{'child_sex': {'reference': 'Male', 'reference_column': 'child_sex_Male'}, 'maternal_education': {'reference': 'No education', 'reference_column': 'maternal_education_No education'}, 'literacy': {'reference': 'Cannot read at all', 'reference_column': 'literacy_Cannot read at all'}, 'wealth_quintile': {'reference': 'Poorest', 'reference_column': 'wealth_quintile_Poorest'}, 'residence': {'reference': 'Rural', 'reference_column': 'residence_Rural'}, 'country_admin_region': {'reference': 'ghana::01', 'reference_column': 'country_admin_region_ghana::01'}}"
binary_lpm,model4_preferred_lpm,underweight,ghana,maternal_education_Higher,-0.01684442147475213,0.03466378021640496,-0.08478418226691789,0.05109533931741364,0.6270116682508187,4411,616,16,weight_original,cluster_robust_psu,True,"{'child_sex': {'reference': 'Male', 'reference_column': 'child_sex_Male'}, 'maternal_education': {'reference': 'No education', 'reference_column': 'maternal_education_No education'}, 'literacy': {'reference': 'Cannot read at all', 'reference_column': 'literacy_Cannot read at all'}, 'wealth_quintile': {'reference': 'Poorest', 'reference_column': 'wealth_quintile_Poorest'}, 'residence': {'reference': 'Rural', 'reference_column': 'residence_Rural'}, 'country_admin_region': {'reference': 'ghana::01', 'reference_column': 'country_admin_region_ghana::01'}}"
binary_lpm,model4_preferred_lpm,underweight,ghana,maternal_education_Primary,-0.013796769366601807,0.024173074062455363,-0.06117512392463365,0.03358158519143004,0.5681694752964346,4411,616,16,weight_original,cluster_robust_psu,True,"{'child_sex': {'reference': 'Male', 'reference_column': 'child_sex_Male'}, 'maternal_education': {'reference': 'No education', 'reference_column': 'maternal_education_No education'}, 'literacy': {'reference': 'Cannot read at all', 'reference_column': 'literacy_Cannot read at all'}, 'wealth_quintile': {'reference': 'Poorest', 'reference_column': 'wealth_quintile_Poorest'}, 'residence': {'reference': 'Rural', 'reference_column': 'residence_Rural'}, 'country_admin_region': {'reference': 'ghana::01', 'reference_column': 'country_admin_region_ghana::01'}}"
binary_lpm,model4_preferred_lpm,underweight,ghana,maternal_education_Secondary,-0.005833096727681622,0.025244681736130856,-0.05531176373167418,0.04364557027631094,0.8172663258485976,4411,616,16,weight_original,cluster_robust_psu,True,"{'child_sex': {'reference': 'Male', 'reference_column': 'child_sex_Male'}, 'maternal_education': {'reference': 'No education', 'reference_column': 'maternal_education_No education'}, 'literacy': {'reference': 'Cannot read at all', 'reference_column': 'literacy_Cannot read at all'}, 'wealth_quintile': {'reference': 'Poorest', 'reference_column': 'wealth_quintile_Poorest'}, 'residence': {'reference': 'Rural', 'reference_column': 'residence_Rural'}, 'country_admin_region': {'reference': 'ghana::01', 'reference_column': 'country_admin_region_ghana::01'}}"
binary_lpm,model4_preferred_lpm,underweight,ghana,literacy_Able to read only parts of sentence,-0.030929935281128165,0.02743686869693019,-0.08470520977566574,0.02284533921340941,0.2596102215132283,4411,616,16,weight_original,cluster_robust_psu,True,"{'child_sex': {'reference': 'Male', 'reference_column': 'child_sex_Male'}, 'maternal_education': {'reference': 'No education', 'reference_column': 'maternal_education_No education'}, 'literacy': {'reference': 'Cannot read at all', 'reference_column': 'literacy_Cannot read at all'}, 'wealth_quintile': {'reference': 'Poorest', 'reference_column': 'wealth_quintile_Poorest'}, 'residence': {'reference': 'Rural', 'reference_column': 'residence_Rural'}, 'country_admin_region': {'reference': 'ghana::01', 'reference_column': 'country_admin_region_ghana::01'}}"
binary_lpm,model4_preferred_lpm,underweight,ghana,literacy_Able to read whole sentence,-0.04360555843903379,0.023383442019314516,-0.0894362626314708,0.0022251457534032126,0.0622087491358462,4411,616,16,weight_original,cluster_robust_psu,True,"{'child_sex': {'reference': 'Male', 'reference_column': 'child_sex_Male'}, 'maternal_education': {'reference': 'No education', 'reference_column': 'maternal_education_No education'}, 'literacy': {'reference': 'Cannot read at all', 'reference_column': 'literacy_Cannot read at all'}, 'wealth_quintile': {'reference': 'Poorest', 'reference_column': 'wealth_quintile_Poorest'}, 'residence': {'reference': 'Rural', 'reference_column': 'residence_Rural'}, 'country_admin_region': {'reference': 'ghana::01', 'reference_column': 'country_admin_region_ghana::01'}}"
binary_lpm,model4_preferred_lpm,underweight,ghana,literacy_Blind/visually impaired,-0.18113482038997467,0.04673245086951613,-0.2727287410035138,-0.08954089977643552,0.00010618916925738245,4411,616,16,weight_original,cluster_robust_psu,True,"{'child_sex': {'reference': 'Male', 'reference_column': 'child_sex_Male'}, 'maternal_education': {'reference': 'No education', 'reference_column': 'maternal_education_No education'}, 'literacy': {'reference': 'Cannot read at all', 'reference_column': 'literacy_Cannot read at all'}, 'wealth_quintile': {'reference': 'Poorest', 'reference_column': 'wealth_quintile_Poorest'}, 'residence': {'reference': 'Rural', 'reference_column': 'residence_Rural'}, 'country_admin_region': {'reference': 'ghana::01', 'reference_column': 'country_admin_region_ghana::01'}}"
binary_lpm,model4_preferred_lpm,underweight,ghana,literacy_No card with required language,-0.033944856180313746,0.06508539815129658,-0.16150989247630487,0.09362018011567737,0.6019883195714331,4411,616,16,weight_original,cluster_robust_psu,True,"{'child_sex': {'reference': 'Male', 'reference_column': 'child_sex_Male'}, 'maternal_education': {'reference': 'No education', 'reference_column': 'maternal_education_No education'}, 'literacy': {'reference': 'Cannot read at all', 'reference_column': 'literacy_Cannot read at all'}, 'wealth_quintile': {'reference': 'Poorest', 'reference_column': 'wealth_quintile_Poorest'}, 'residence': {'reference': 'Rural', 'reference_column': 'residence_Rural'}, 'country_admin_region': {'reference': 'ghana::01', 'reference_column': 'country_admin_region_ghana::01'}}"
binary_lpm,model4_preferred_lpm,underweight,ghana,wealth_quintile_Middle,0.001843065676969058,0.02677371521098827,-0.05063245186890017,0.05431858322283828,0.94511807460271,4411,616,16,weight_original,cluster_robust_psu,True,"{'child_sex': {'reference': 'Male', 'reference_column': 'child_sex_Male'}, 'maternal_education': {'reference': 'No education', 'reference_column': 'maternal_education_No education'}, 'literacy': {'reference': 'Cannot read at all', 'reference_column': 'literacy_Cannot read at all'}, 'wealth_quintile': {'reference': 'Poorest', 'reference_column': 'wealth_quintile_Poorest'}, 'residence': {'reference': 'Rural', 'reference_column': 'residence_Rural'}, 'country_admin_region': {'reference': 'ghana::01', 'reference_column': 'country_admin_region_ghana::01'}}"
binary_lpm,model4_preferred_lpm,underweight,ghana,wealth_quintile_Poorer,0.03926212690329122,0.018968239140278575,0.0020850613382022154,0.07643919246838023,0.03846285208526683,4411,616,16,weight_original,cluster_robust_psu,True,"{'child_sex': {'reference': 'Male', 'reference_column': 'child_sex_Male'}, 'maternal_education': {'reference': 'No education', 'reference_column': 'maternal_education_No education'}, 'literacy': {'reference': 'Cannot read at all', 'reference_column': 'literacy_Cannot read at all'}, 'wealth_quintile': {'reference': 'Poorest', 'reference_column': 'wealth_quintile_Poorest'}, 'residence': {'reference': 'Rural', 'reference_column': 'residence_Rural'}, 'country_admin_region': {'reference': 'ghana::01', 'reference_column': 'country_admin_region_ghana::01'}}"
binary_lpm,model4_preferred_lpm,underweight,ghana,wealth_quintile_Richer,0.019581060082769032,0.03207000150731775,-0.043274987855719003,0.08243710802125706,0.541482651833345,4411,616,16,weight_original,cluster_robust_psu,True,"{'child_sex': {'reference': 'Male', 'reference_column': 'child_sex_Male'}, 'maternal_education': {'reference': 'No education', 'reference_column': 'maternal_education_No education'}, 'literacy': {'reference': 'Cannot read at all', 'reference_column': 'literacy_Cannot read at all'}, 'wealth_quintile': {'reference': 'Poorest', 'reference_column': 'wealth_quintile_Poorest'}, 'residence': {'reference': 'Rural', 'reference_column': 'residence_Rural'}, 'country_admin_region': {'reference': 'ghana::01', 'reference_column': 'country_admin_region_ghana::01'}}"
binary_lpm,model4_preferred_lpm,underweight,ghana,wealth_quintile_Richest,-0.024562893186464388,0.030988662398656823,-0.08529955541690237,0.03617376904397359,0.42798684788285746,4411,616,16,weight_original,cluster_robust_psu,True,"{'child_sex': {'reference': 'Male', 'reference_column': 'child_sex_Male'}, 'maternal_education': {'reference': 'No education', 'reference_column': 'maternal_education_No education'}, 'literacy': {'reference': 'Cannot read at all', 'reference_column': 'literacy_Cannot read at all'}, 'wealth_quintile': {'reference': 'Poorest', 'reference_column': 'wealth_quintile_Poorest'}, 'residence': {'reference': 'Rural', 'reference_column': 'residence_Rural'}, 'country_admin_region': {'reference': 'ghana::01', 'reference_column': 'country_admin_region_ghana::01'}}"
binary_lpm,model4_preferred_lpm,underweight,ghana,residence_Urban,0.019097163134974195,0.01735946847787404,-0.014926769872417273,0.05312109614236567,0.27128825615121777,4411,616,16,weight_original,cluster_robust_psu,True,"{'child_sex': {'reference': 'Male', 'reference_column': 'child_sex_Male'}, 'maternal_education': {'reference': 'No education', 'reference_column': 'maternal_education_No education'}, 'literacy': {'reference': 'Cannot read at all', 'reference_column': 'literacy_Cannot read at all'}, 'wealth_quintile': {'reference': 'Poorest', 'reference_column': 'wealth_quintile_Poorest'}, 'residence': {'reference': 'Rural', 'reference_column': 'residence_Rural'}, 'country_admin_region': {'reference': 'ghana::01', 'reference_column': 'country_admin_region_ghana::01'}}"
binary_lpm,model4_preferred_lpm,underweight,ghana,country_admin_region_ghana::02,0.01746007962295067,0.03288582337057308,-0.04699494978531818,0.08191510903121951,0.595467089284271,4411,616,16,weight_original,cluster_robust_psu,True,"{'child_sex': {'reference': 'Male', 'reference_column': 'child_sex_Male'}, 'maternal_education': {'reference': 'No education', 'reference_column': 'maternal_education_No education'}, 'literacy': {'reference': 'Cannot read at all', 'reference_column': 'literacy_Cannot read at all'}, 'wealth_quintile': {'reference': 'Poorest', 'reference_column': 'wealth_quintile_Poorest'}, 'residence': {'reference': 'Rural', 'reference_column': 'residence_Rural'}, 'country_admin_region': {'reference': 'ghana::01', 'reference_column': 'country_admin_region_ghana::01'}}"
binary_lpm,model4_preferred_lpm,underweight,ghana,country_admin_region_ghana::03,0.006641863171315055,0.03398788223451109,-0.059973161919115406,0.07325688826174552,0.8450652840652607,4411,616,16,weight_original,cluster_robust_psu,True,"{'child_sex': {'reference': 'Male', 'reference_column': 'child_sex_Male'}, 'maternal_education': {'reference': 'No education', 'reference_column': 'maternal_education_No education'}, 'literacy': {'reference': 'Cannot read at all', 'reference_column': 'literacy_Cannot read at all'}, 'wealth_quintile': {'reference': 'Poorest', 'reference_column': 'wealth_quintile_Poorest'}, 'residence': {'reference': 'Rural', 'reference_column': 'residence_Rural'}, 'country_admin_region': {'reference': 'ghana::01', 'reference_column': 'country_admin_region_ghana::01'}}"
binary_lpm,model4_preferred_lpm,underweight,ghana,country_admin_region_ghana::04,0.04904825219817584,0.03311536536098188,-0.015856671244233886,0.11395317564058556,0.1385712020330688,4411,616,16,weight_original,cluster_robust_psu,True,"{'child_sex': {'reference': 'Male', 'reference_column': 'child_sex_Male'}, 'maternal_education': {'reference': 'No education', 'reference_column': 'maternal_education_No education'}, 'literacy': {'reference': 'Cannot read at all', 'reference_column': 'literacy_Cannot read at all'}, 'wealth_quintile': {'reference': 'Poorest', 'reference_column': 'wealth_quintile_Poorest'}, 'residence': {'reference': 'Rural', 'reference_column': 'residence_Rural'}, 'country_admin_region': {'reference': 'ghana::01', 'reference_column': 'country_admin_region_ghana::01'}}"
binary_lpm,model4_preferred_lpm,underweight,ghana,country_admin_region_ghana::05,0.01246488909441076,0.03451701342952568,-0.05518721408134494,0.08011699227016647,0.7180074644423671,4411,616,16,weight_original,cluster_robust_psu,True,"{'child_sex': {'reference': 'Male', 'reference_column': 'child_sex_Male'}, 'maternal_education': {'reference': 'No education', 'reference_column': 'maternal_education_No education'}, 'literacy': {'reference': 'Cannot read at all', 'reference_column': 'literacy_Cannot read at all'}, 'wealth_quintile': {'reference': 'Poorest', 'reference_column': 'wealth_quintile_Poorest'}, 'residence': {'reference': 'Rural', 'reference_column': 'residence_Rural'}, 'country_admin_region': {'reference': 'ghana::01', 'reference_column': 'country_admin_region_ghana::01'}}"
binary_lpm,model4_preferred_lpm,underweight,ghana,country_admin_region_ghana::06,0.009050378350573365,0.028150879669006607,-0.04612433193380042,0.06422508863494715,0.7478349968302727,4411,616,16,weight_original,cluster_robust_psu,True,"{'child_sex': {'reference': 'Male', 'reference_column': 'child_sex_Male'}, 'maternal_education': {'reference': 'No education', 'reference_column': 'maternal_education_No education'}, 'literacy': {'reference': 'Cannot read at all', 'reference_column': 'literacy_Cannot read at all'}, 'wealth_quintile': {'reference': 'Poorest', 'reference_column': 'wealth_quintile_Poorest'}, 'residence': {'reference': 'Rural', 'reference_column': 'residence_Rural'}, 'country_admin_region': {'reference': 'ghana::01', 'reference_column': 'country_admin_region_ghana::01'}}"
binary_lpm,model4_preferred_lpm,underweight,ghana,country_admin_region_ghana::07,-0.05482236226441213,0.03217862904801057,-0.11789131627038725,0.008246591741562989,0.08843928604572013,4411,616,16,weight_original,cluster_robust_psu,True,"{'child_sex': {'reference': 'Male', 'reference_column': 'child_sex_Male'}, 'maternal_education': {'reference': 'No education', 'reference_column': 'maternal_education_No education'}, 'literacy': {'reference': 'Cannot read at all', 'reference_column': 'literacy_Cannot read at all'}, 'wealth_quintile': {'reference': 'Poorest', 'reference_column': 'wealth_quintile_Poorest'}, 'residence': {'reference': 'Rural', 'reference_column': 'residence_Rural'}, 'country_admin_region': {'reference': 'ghana::01', 'reference_column': 'country_admin_region_ghana::01'}}"
binary_lpm,model4_preferred_lpm,underweight,ghana,country_admin_region_ghana::08,-0.04779911967031098,0.02857963657119243,-0.10381417804109194,0.00821593870046998,0.094427991144055,4411,616,16,weight_original,cluster_robust_psu,True,"{'child_sex': {'reference': 'Male', 'reference_column': 'child_sex_Male'}, 'maternal_education': {'reference': 'No education', 'reference_column': 'maternal_education_No education'}, 'literacy': {'reference': 'Cannot read at all', 'reference_column': 'literacy_Cannot read at all'}, 'wealth_quintile': {'reference': 'Poorest', 'reference_column': 'wealth_quintile_Poorest'}, 'residence': {'reference': 'Rural', 'reference_column': 'residence_Rural'}, 'country_admin_region': {'reference': 'ghana::01', 'reference_column': 'country_admin_region_ghana::01'}}"
binary_lpm,model4_preferred_lpm,underweight,ghana,country_admin_region_ghana::09,-0.009338455924348713,0.03276833716717179,-0.0735632166052707,0.054886304756573266,0.7756563035815248,4411,616,16,weight_original,cluster_robust_psu,True,"{'child_sex': {'reference': 'Male', 'reference_column': 'child_sex_Male'}, 'maternal_education': {'reference': 'No education', 'reference_column': 'maternal_education_No education'}, 'literacy': {'reference': 'Cannot read at all', 'reference_column': 'literacy_Cannot read at all'}, 'wealth_quintile': {'reference': 'Poorest', 'reference_column': 'wealth_quintile_Poorest'}, 'residence': {'reference': 'Rural', 'reference_column': 'residence_Rural'}, 'country_admin_region': {'reference': 'ghana::01', 'reference_column': 'country_admin_region_ghana::01'}}"
binary_lpm,model4_preferred_lpm,underweight,ghana,country_admin_region_ghana::10,-0.00812471504895746,0.03245804279588932,-0.07174130993756028,0.05549187983964537,0.8023442322086235,4411,616,16,weight_original,cluster_robust_psu,True,"{'child_sex': {'reference': 'Male', 'reference_column': 'child_sex_Male'}, 'maternal_education': {'reference': 'No education', 'reference_column': 'maternal_education_No education'}, 'literacy': {'reference': 'Cannot read at all', 'reference_column': 'literacy_Cannot read at all'}, 'wealth_quintile': {'reference': 'Poorest', 'reference_column': 'wealth_quintile_Poorest'}, 'residence': {'reference': 'Rural', 'reference_column': 'residence_Rural'}, 'country_admin_region': {'reference': 'ghana::01', 'reference_column': 'country_admin_region_ghana::01'}}"
binary_lpm,model4_preferred_lpm,underweight,ghana,country_admin_region_ghana::11,0.019474133279820796,0.03874558925843396,-0.05646582622649174,0.09541409278613333,0.6152346374631854,4411,616,16,weight_original,cluster_robust_psu,True,"{'child_sex': {'reference': 'Male', 'reference_column': 'child_sex_Male'}, 'maternal_education': {'reference': 'No education', 'reference_column': 'maternal_education_No education'}, 'literacy': {'reference': 'Cannot read at all', 'reference_column': 'literacy_Cannot read at all'}, 'wealth_quintile': {'reference': 'Poorest', 'reference_column': 'wealth_quintile_Poorest'}, 'residence': {'reference': 'Rural', 'reference_column': 'residence_Rural'}, 'country_admin_region': {'reference': 'ghana::01', 'reference_column': 'country_admin_region_ghana::01'}}"
binary_lpm,model4_preferred_lpm,underweight,ghana,country_admin_region_ghana::12,0.04974412283747566,0.03472896968647077,-0.018323406968190334,0.11781165264314165,0.15204299580653954,4411,616,16,weight_original,cluster_robust_psu,True,"{'child_sex': {'reference': 'Male', 'reference_column': 'child_sex_Male'}, 'maternal_education': {'reference': 'No education', 'reference_column': 'maternal_education_No education'}, 'literacy': {'reference': 'Cannot read at all', 'reference_column': 'literacy_Cannot read at all'}, 'wealth_quintile': {'reference': 'Poorest', 'reference_column': 'wealth_quintile_Poorest'}, 'residence': {'reference': 'Rural', 'reference_column': 'residence_Rural'}, 'country_admin_region': {'reference': 'ghana::01', 'reference_column': 'country_admin_region_ghana::01'}}"
binary_lpm,model4_preferred_lpm,underweight,ghana,country_admin_region_ghana::13,0.010089948113579985,0.043031767327151915,-0.0742507660387452,0.09443066226590516,0.8146148960261398,4411,616,16,weight_original,cluster_robust_psu,True,"{'child_sex': {'reference': 'Male', 'reference_column': 'child_sex_Male'}, 'maternal_education': {'reference': 'No education', 'reference_column': 'maternal_education_No education'}, 'literacy': {'reference': 'Cannot read at all', 'reference_column': 'literacy_Cannot read at all'}, 'wealth_quintile': {'reference': 'Poorest', 'reference_column': 'wealth_quintile_Poorest'}, 'residence': {'reference': 'Rural', 'reference_column': 'residence_Rural'}, 'country_admin_region': {'reference': 'ghana::01', 'reference_column': 'country_admin_region_ghana::01'}}"
binary_lpm,model4_preferred_lpm,underweight,ghana,country_admin_region_ghana::14,0.0724981045729608,0.03854884072273429,-0.0030562348893694025,0.148052444035291,0.060015211894586654,4411,616,16,weight_original,cluster_robust_psu,True,"{'child_sex': {'reference': 'Male', 'reference_column': 'child_sex_Male'}, 'maternal_education': {'reference': 'No education', 'reference_column': 'maternal_education_No education'}, 'literacy': {'reference': 'Cannot read at all', 'reference_column': 'literacy_Cannot read at all'}, 'wealth_quintile': {'reference': 'Poorest', 'reference_column': 'wealth_quintile_Poorest'}, 'residence': {'reference': 'Rural', 'reference_column': 'residence_Rural'}, 'country_admin_region': {'reference': 'ghana::01', 'reference_column': 'country_admin_region_ghana::01'}}"
binary_lpm,model4_preferred_lpm,underweight,ghana,country_admin_region_ghana::15,0.004539386718977918,0.034464547840262275,-0.06300988579139385,0.07208865922934968,0.8952122727459721,4411,616,16,weight_original,cluster_robust_psu,True,"{'child_sex': {'reference': 'Male', 'reference_column': 'child_sex_Male'}, 'maternal_education': {'reference': 'No education', 'reference_column': 'maternal_education_No education'}, 'literacy': {'reference': 'Cannot read at all', 'reference_column': 'literacy_Cannot read at all'}, 'wealth_quintile': {'reference': 'Poorest', 'reference_column': 'wealth_quintile_Poorest'}, 'residence': {'reference': 'Rural', 'reference_column': 'residence_Rural'}, 'country_admin_region': {'reference': 'ghana::01', 'reference_column': 'country_admin_region_ghana::01'}}"
binary_lpm,model4_preferred_lpm,underweight,ghana,country_admin_region_ghana::16,-0.01249068421444899,0.03310513869465675,-0.07737556375917955,0.05239419533028157,0.7059480822943782,4411,616,16,weight_original,cluster_robust_psu,True,"{'child_sex': {'reference': 'Male', 'reference_column': 'child_sex_Male'}, 'maternal_education': {'reference': 'No education', 'reference_column': 'maternal_education_No education'}, 'literacy': {'reference': 'Cannot read at all', 'reference_column': 'literacy_Cannot read at all'}, 'wealth_quintile': {'reference': 'Poorest', 'reference_column': 'wealth_quintile_Poorest'}, 'residence': {'reference': 'Rural', 'reference_column': 'residence_Rural'}, 'country_admin_region': {'reference': 'ghana::01', 'reference_column': 'country_admin_region_ghana::01'}}"
binary_lpm,model4_preferred_lpm,underweight,kenya,const,0.21642648385809693,0.03059080701158741,0.15646960385737024,0.2763833638588236,1.4957125942277331e-12,17381,1688,47,weight_original,cluster_robust_psu,True,"{'child_sex': {'reference': 'Male', 'reference_column': 'child_sex_Male'}, 'maternal_education': {'reference': 'No education', 'reference_column': 'maternal_education_No education'}, 'literacy': {'reference': 'Cannot read at all', 'reference_column': 'literacy_Cannot read at all'}, 'wealth_quintile': {'reference': 'Poorest', 'reference_column': 'wealth_quintile_Poorest'}, 'residence': {'reference': 'Rural', 'reference_column': 'residence_Rural'}, 'country_admin_region': {'reference': 'kenya::01', 'reference_column': 'country_admin_region_kenya::01'}}"
binary_lpm,model4_preferred_lpm,underweight,kenya,water_rate_loo,0.011145262120393244,0.014612386260777061,-0.017494488678917706,0.039785012919704196,0.4456262009051897,17381,1688,47,weight_original,cluster_robust_psu,True,"{'child_sex': {'reference': 'Male', 'reference_column': 'child_sex_Male'}, 'maternal_education': {'reference': 'No education', 'reference_column': 'maternal_education_No education'}, 'literacy': {'reference': 'Cannot read at all', 'reference_column': 'literacy_Cannot read at all'}, 'wealth_quintile': {'reference': 'Poorest', 'reference_column': 'wealth_quintile_Poorest'}, 'residence': {'reference': 'Rural', 'reference_column': 'residence_Rural'}, 'country_admin_region': {'reference': 'kenya::01', 'reference_column': 'country_admin_region_kenya::01'}}"
binary_lpm,model4_preferred_lpm,underweight,kenya,sanitation_rate_loo_core,-0.029539392557476913,0.018106211225960473,-0.06502691445683426,0.005948129341880434,0.10279523597071873,17381,1688,47,weight_original,cluster_robust_psu,True,"{'child_sex': {'reference': 'Male', 'reference_column': 'child_sex_Male'}, 'maternal_education': {'reference': 'No education', 'reference_column': 'maternal_education_No education'}, 'literacy': {'reference': 'Cannot read at all', 'reference_column': 'literacy_Cannot read at all'}, 'wealth_quintile': {'reference': 'Poorest', 'reference_column': 'wealth_quintile_Poorest'}, 'residence': {'reference': 'Rural', 'reference_column': 'residence_Rural'}, 'country_admin_region': {'reference': 'kenya::01', 'reference_column': 'country_admin_region_kenya::01'}}"
binary_lpm,model4_preferred_lpm,underweight,kenya,b19_raw,0.0008410332766259851,0.0001714647730172234,0.0005049684968948919,0.0011770980563570782,9.343132296740608e-07,17381,1688,47,weight_original,cluster_robust_psu,True,"{'child_sex': {'reference': 'Male', 'reference_column': 'child_sex_Male'}, 'maternal_education': {'reference': 'No education', 'reference_column': 'maternal_education_No education'}, 'literacy': {'reference': 'Cannot read at all', 'reference_column': 'literacy_Cannot read at all'}, 'wealth_quintile': {'reference': 'Poorest', 'reference_column': 'wealth_quintile_Poorest'}, 'residence': {'reference': 'Rural', 'reference_column': 'residence_Rural'}, 'country_admin_region': {'reference': 'kenya::01', 'reference_column': 'country_admin_region_kenya::01'}}"
binary_lpm,model4_preferred_lpm,underweight,kenya,birth_order_raw,0.005009301635463969,0.0028889078666767755,-0.0006528537378769515,0.01067145700880489,0.08292205119447414,17381,1688,47,weight_original,cluster_robust_psu,True,"{'child_sex': {'reference': 'Male', 'reference_column': 'child_sex_Male'}, 'maternal_education': {'reference': 'No education', 'reference_column': 'maternal_education_No education'}, 'literacy': {'reference': 'Cannot read at all', 'reference_column': 'literacy_Cannot read at all'}, 'wealth_quintile': {'reference': 'Poorest', 'reference_column': 'wealth_quintile_Poorest'}, 'residence': {'reference': 'Rural', 'reference_column': 'residence_Rural'}, 'country_admin_region': {'reference': 'kenya::01', 'reference_column': 'country_admin_region_kenya::01'}}"
binary_lpm,model4_preferred_lpm,underweight,kenya,maternal_age,-0.0015166795243911442,0.0008254933496040946,-0.0031346167590925013,0.00010125771031021299,0.06616551388626407,17381,1688,47,weight_original,cluster_robust_psu,True,"{'child_sex': {'reference': 'Male', 'reference_column': 'child_sex_Male'}, 'maternal_education': {'reference': 'No education', 'reference_column': 'maternal_education_No education'}, 'literacy': {'reference': 'Cannot read at all', 'reference_column': 'literacy_Cannot read at all'}, 'wealth_quintile': {'reference': 'Poorest', 'reference_column': 'wealth_quintile_Poorest'}, 'residence': {'reference': 'Rural', 'reference_column': 'residence_Rural'}, 'country_admin_region': {'reference': 'kenya::01', 'reference_column': 'country_admin_region_kenya::01'}}"
binary_lpm,model4_preferred_lpm,underweight,kenya,household_size_raw,0.002521788195374714,0.0014289871893174854,-0.00027897523005667715,0.0053225516208061045,0.07760778531658914,17381,1688,47,weight_original,cluster_robust_psu,True,"{'child_sex': {'reference': 'Male', 'reference_column': 'child_sex_Male'}, 'maternal_education': {'reference': 'No education', 'reference_column': 'maternal_education_No education'}, 'literacy': {'reference': 'Cannot read at all', 'reference_column': 'literacy_Cannot read at all'}, 'wealth_quintile': {'reference': 'Poorest', 'reference_column': 'wealth_quintile_Poorest'}, 'residence': {'reference': 'Rural', 'reference_column': 'residence_Rural'}, 'country_admin_region': {'reference': 'kenya::01', 'reference_column': 'country_admin_region_kenya::01'}}"
binary_lpm,model4_preferred_lpm,underweight,kenya,child_sex_Female,-0.019776126254173125,0.00582762350909769,-0.031198058447463525,-0.008354194060882725,0.000690018459489936,17381,1688,47,weight_original,cluster_robust_psu,True,"{'child_sex': {'reference': 'Male', 'reference_column': 'child_sex_Male'}, 'maternal_education': {'reference': 'No education', 'reference_column': 'maternal_education_No education'}, 'literacy': {'reference': 'Cannot read at all', 'reference_column': 'literacy_Cannot read at all'}, 'wealth_quintile': {'reference': 'Poorest', 'reference_column': 'wealth_quintile_Poorest'}, 'residence': {'reference': 'Rural', 'reference_column': 'residence_Rural'}, 'country_admin_region': {'reference': 'kenya::01', 'reference_column': 'country_admin_region_kenya::01'}}"
binary_lpm,model4_preferred_lpm,underweight,kenya,maternal_education_Higher,-0.012102962768555903,0.02160686967950555,-0.05445164915903728,0.03024572362192548,0.5753810828827861,17381,1688,47,weight_original,cluster_robust_psu,True,"{'child_sex': {'reference': 'Male', 'reference_column': 'child_sex_Male'}, 'maternal_education': {'reference': 'No education', 'reference_column': 'maternal_education_No education'}, 'literacy': {'reference': 'Cannot read at all', 'reference_column': 'literacy_Cannot read at all'}, 'wealth_quintile': {'reference': 'Poorest', 'reference_column': 'wealth_quintile_Poorest'}, 'residence': {'reference': 'Rural', 'reference_column': 'residence_Rural'}, 'country_admin_region': {'reference': 'kenya::01', 'reference_column': 'country_admin_region_kenya::01'}}"
binary_lpm,model4_preferred_lpm,underweight,kenya,maternal_education_Primary,0.0023168959055440757,0.01854309259507337,-0.03402689774279109,0.038660689553879246,0.900565845913654,17381,1688,47,weight_original,cluster_robust_psu,True,"{'child_sex': {'reference': 'Male', 'reference_column': 'child_sex_Male'}, 'maternal_education': {'reference': 'No education', 'reference_column': 'maternal_education_No education'}, 'literacy': {'reference': 'Cannot read at all', 'reference_column': 'literacy_Cannot read at all'}, 'wealth_quintile': {'reference': 'Poorest', 'reference_column': 'wealth_quintile_Poorest'}, 'residence': {'reference': 'Rural', 'reference_column': 'residence_Rural'}, 'country_admin_region': {'reference': 'kenya::01', 'reference_column': 'country_admin_region_kenya::01'}}"
binary_lpm,model4_preferred_lpm,underweight,kenya,maternal_education_Secondary,-0.01209505500128858,0.020245793362770447,-0.05177608083075873,0.027585970828181566,0.5502331649535166,17381,1688,47,weight_original,cluster_robust_psu,True,"{'child_sex': {'reference': 'Male', 'reference_column': 'child_sex_Male'}, 'maternal_education': {'reference': 'No education', 'reference_column': 'maternal_education_No education'}, 'literacy': {'reference': 'Cannot read at all', 'reference_column': 'literacy_Cannot read at all'}, 'wealth_quintile': {'reference': 'Poorest', 'reference_column': 'wealth_quintile_Poorest'}, 'residence': {'reference': 'Rural', 'reference_column': 'residence_Rural'}, 'country_admin_region': {'reference': 'kenya::01', 'reference_column': 'country_admin_region_kenya::01'}}"
binary_lpm,model4_preferred_lpm,underweight,kenya,literacy_Able to read only parts of sentence,-0.01089041453009677,0.01756700800210028,-0.04532111753034025,0.02354028847014671,0.5353001535429753,17381,1688,47,weight_original,cluster_robust_psu,True,"{'child_sex': {'reference': 'Male', 'reference_column': 'child_sex_Male'}, 'maternal_education': {'reference': 'No education', 'reference_column': 'maternal_education_No education'}, 'literacy': {'reference': 'Cannot read at all', 'reference_column': 'literacy_Cannot read at all'}, 'wealth_quintile': {'reference': 'Poorest', 'reference_column': 'wealth_quintile_Poorest'}, 'residence': {'reference': 'Rural', 'reference_column': 'residence_Rural'}, 'country_admin_region': {'reference': 'kenya::01', 'reference_column': 'country_admin_region_kenya::01'}}"
binary_lpm,model4_preferred_lpm,underweight,kenya,literacy_Able to read whole sentence,-0.028882659966629354,0.016486854022936776,-0.06119630006995473,0.003430980136696026,0.07979788534134047,17381,1688,47,weight_original,cluster_robust_psu,True,"{'child_sex': {'reference': 'Male', 'reference_column': 'child_sex_Male'}, 'maternal_education': {'reference': 'No education', 'reference_column': 'maternal_education_No education'}, 'literacy': {'reference': 'Cannot read at all', 'reference_column': 'literacy_Cannot read at all'}, 'wealth_quintile': {'reference': 'Poorest', 'reference_column': 'wealth_quintile_Poorest'}, 'residence': {'reference': 'Rural', 'reference_column': 'residence_Rural'}, 'country_admin_region': {'reference': 'kenya::01', 'reference_column': 'country_admin_region_kenya::01'}}"
binary_lpm,model4_preferred_lpm,underweight,kenya,literacy_Blind/visually impaired,-0.12305896171896219,0.022095729546766675,-0.1663657958427624,-0.07975212759516198,2.556840749078641e-08,17381,1688,47,weight_original,cluster_robust_psu,True,"{'child_sex': {'reference': 'Male', 'reference_column': 'child_sex_Male'}, 'maternal_education': {'reference': 'No education', 'reference_column': 'maternal_education_No education'}, 'literacy': {'reference': 'Cannot read at all', 'reference_column': 'literacy_Cannot read at all'}, 'wealth_quintile': {'reference': 'Poorest', 'reference_column': 'wealth_quintile_Poorest'}, 'residence': {'reference': 'Rural', 'reference_column': 'residence_Rural'}, 'country_admin_region': {'reference': 'kenya::01', 'reference_column': 'country_admin_region_kenya::01'}}"
binary_lpm,model4_preferred_lpm,underweight,kenya,literacy_No card with required language,-0.15436904476097563,0.03287236066236237,-0.2187976877460171,-0.08994040177593414,2.6528820065562666e-06,17381,1688,47,weight_original,cluster_robust_psu,True,"{'child_sex': {'reference': 'Male', 'reference_column': 'child_sex_Male'}, 'maternal_education': {'reference': 'No education', 'reference_column': 'maternal_education_No education'}, 'literacy': {'reference': 'Cannot read at all', 'reference_column': 'literacy_Cannot read at all'}, 'wealth_quintile': {'reference': 'Poorest', 'reference_column': 'wealth_quintile_Poorest'}, 'residence': {'reference': 'Rural', 'reference_column': 'residence_Rural'}, 'country_admin_region': {'reference': 'kenya::01', 'reference_column': 'country_admin_region_kenya::01'}}"
binary_lpm,model4_preferred_lpm,underweight,kenya,wealth_quintile_Middle,-0.04285512039663243,0.011656633256246019,-0.06570170175986648,-0.02000853903339838,0.0002364949446646938,17381,1688,47,weight_original,cluster_robust_psu,True,"{'child_sex': {'reference': 'Male', 'reference_column': 'child_sex_Male'}, 'maternal_education': {'reference': 'No education', 'reference_column': 'maternal_education_No education'}, 'literacy': {'reference': 'Cannot read at all', 'reference_column': 'literacy_Cannot read at all'}, 'wealth_quintile': {'reference': 'Poorest', 'reference_column': 'wealth_quintile_Poorest'}, 'residence': {'reference': 'Rural', 'reference_column': 'residence_Rural'}, 'country_admin_region': {'reference': 'kenya::01', 'reference_column': 'country_admin_region_kenya::01'}}"
binary_lpm,model4_preferred_lpm,underweight,kenya,wealth_quintile_Poorer,-0.034760345156603485,0.010777925808443403,-0.0558846915691973,-0.01363599874400967,0.001259100386224472,17381,1688,47,weight_original,cluster_robust_psu,True,"{'child_sex': {'reference': 'Male', 'reference_column': 'child_sex_Male'}, 'maternal_education': {'reference': 'No education', 'reference_column': 'maternal_education_No education'}, 'literacy': {'reference': 'Cannot read at all', 'reference_column': 'literacy_Cannot read at all'}, 'wealth_quintile': {'reference': 'Poorest', 'reference_column': 'wealth_quintile_Poorest'}, 'residence': {'reference': 'Rural', 'reference_column': 'residence_Rural'}, 'country_admin_region': {'reference': 'kenya::01', 'reference_column': 'country_admin_region_kenya::01'}}"
binary_lpm,model4_preferred_lpm,underweight,kenya,wealth_quintile_Richer,-0.06973114361175618,0.012976928360811657,-0.09516545582890343,-0.04429683139460894,7.723538400756091e-08,17381,1688,47,weight_original,cluster_robust_psu,True,"{'child_sex': {'reference': 'Male', 'reference_column': 'child_sex_Male'}, 'maternal_education': {'reference': 'No education', 'reference_column': 'maternal_education_No education'}, 'literacy': {'reference': 'Cannot read at all', 'reference_column': 'literacy_Cannot read at all'}, 'wealth_quintile': {'reference': 'Poorest', 'reference_column': 'wealth_quintile_Poorest'}, 'residence': {'reference': 'Rural', 'reference_column': 'residence_Rural'}, 'country_admin_region': {'reference': 'kenya::01', 'reference_column': 'country_admin_region_kenya::01'}}"
binary_lpm,model4_preferred_lpm,underweight,kenya,wealth_quintile_Richest,-0.08463354998237914,0.01803515169261431,-0.11998179775561979,-0.049285302209138494,2.6962319704677513e-06,17381,1688,47,weight_original,cluster_robust_psu,True,"{'child_sex': {'reference': 'Male', 'reference_column': 'child_sex_Male'}, 'maternal_education': {'reference': 'No education', 'reference_column': 'maternal_education_No education'}, 'literacy': {'reference': 'Cannot read at all', 'reference_column': 'literacy_Cannot read at all'}, 'wealth_quintile': {'reference': 'Poorest', 'reference_column': 'wealth_quintile_Poorest'}, 'residence': {'reference': 'Rural', 'reference_column': 'residence_Rural'}, 'country_admin_region': {'reference': 'kenya::01', 'reference_column': 'country_admin_region_kenya::01'}}"
binary_lpm,model4_preferred_lpm,underweight,kenya,residence_Urban,0.00689677932775718,0.010425864610185147,-0.013537539815896438,0.0273310984714108,0.5082874171699541,17381,1688,47,weight_original,cluster_robust_psu,True,"{'child_sex': {'reference': 'Male', 'reference_column': 'child_sex_Male'}, 'maternal_education': {'reference': 'No education', 'reference_column': 'maternal_education_No education'}, 'literacy': {'reference': 'Cannot read at all', 'reference_column': 'literacy_Cannot read at all'}, 'wealth_quintile': {'reference': 'Poorest', 'reference_column': 'wealth_quintile_Poorest'}, 'residence': {'reference': 'Rural', 'reference_column': 'residence_Rural'}, 'country_admin_region': {'reference': 'kenya::01', 'reference_column': 'country_admin_region_kenya::01'}}"
binary_lpm,model4_preferred_lpm,underweight,kenya,country_admin_region_kenya::02,-0.06155672623370717,0.02923145532486304,-0.11884932588613031,-0.004264126581284028,0.03521837676391637,17381,1688,47,weight_original,cluster_robust_psu,True,"{'child_sex': {'reference': 'Male', 'reference_column': 'child_sex_Male'}, 'maternal_education': {'reference': 'No education', 'reference_column': 'maternal_education_No education'}, 'literacy': {'reference': 'Cannot read at all', 'reference_column': 'literacy_Cannot read at all'}, 'wealth_quintile': {'reference': 'Poorest', 'reference_column': 'wealth_quintile_Poorest'}, 'residence': {'reference': 'Rural', 'reference_column': 'residence_Rural'}, 'country_admin_region': {'reference': 'kenya::01', 'reference_column': 'country_admin_region_kenya::01'}}"
binary_lpm,model4_preferred_lpm,underweight,kenya,country_admin_region_kenya::03,0.026419394999039295,0.02923273232310833,-0.03087570752395294,0.08371449752203153,0.36612229812392105,17381,1688,47,weight_original,cluster_robust_psu,True,"{'child_sex': {'reference': 'Male', 'reference_column': 'child_sex_Male'}, 'maternal_education': {'reference': 'No education', 'reference_column': 'maternal_education_No education'}, 'literacy': {'reference': 'Cannot read at all', 'reference_column': 'literacy_Cannot read at all'}, 'wealth_quintile': {'reference': 'Poorest', 'reference_column': 'wealth_quintile_Poorest'}, 'residence': {'reference': 'Rural', 'reference_column': 'residence_Rural'}, 'country_admin_region': {'reference': 'kenya::01', 'reference_column': 'country_admin_region_kenya::01'}}"
binary_lpm,model4_preferred_lpm,underweight,kenya,country_admin_region_kenya::04,-0.03394895484290569,0.0258283836639926,-0.08457165660321386,0.016673746917402484,0.18870997202491246,17381,1688,47,weight_original,cluster_robust_psu,True,"{'child_sex': {'reference': 'Male', 'reference_column': 'child_sex_Male'}, 'maternal_education': {'reference': 'No education', 'reference_column': 'maternal_education_No education'}, 'literacy': {'reference': 'Cannot read at all', 'reference_column': 'literacy_Cannot read at all'}, 'wealth_quintile': {'reference': 'Poorest', 'reference_column': 'wealth_quintile_Poorest'}, 'residence': {'reference': 'Rural', 'reference_column': 'residence_Rural'}, 'country_admin_region': {'reference': 'kenya::01', 'reference_column': 'country_admin_region_kenya::01'}}"
binary_lpm,model4_preferred_lpm,underweight,kenya,country_admin_region_kenya::05,-0.038835561484154985,0.023633495911993648,-0.08515636230043713,0.007485239332127164,0.10033279975867687,17381,1688,47,weight_original,cluster_robust_psu,True,"{'child_sex': {'reference': 'Male', 'reference_column': 'child_sex_Male'}, 'maternal_education': {'reference': 'No education', 'reference_column': 'maternal_education_No education'}, 'literacy': {'reference': 'Cannot read at all', 'reference_column': 'literacy_Cannot read at all'}, 'wealth_quintile': {'reference': 'Poorest', 'reference_column': 'wealth_quintile_Poorest'}, 'residence': {'reference': 'Rural', 'reference_column': 'residence_Rural'}, 'country_admin_region': {'reference': 'kenya::01', 'reference_column': 'country_admin_region_kenya::01'}}"
binary_lpm,model4_preferred_lpm,underweight,kenya,country_admin_region_kenya::06,-0.0037367047519282137,0.023759970714591405,-0.05030539162625378,0.042831982122397354,0.8750329196885838,17381,1688,47,weight_original,cluster_robust_psu,True,"{'child_sex': {'reference': 'Male', 'reference_column': 'child_sex_Male'}, 'maternal_education': {'reference': 'No education', 'reference_column': 'maternal_education_No education'}, 'literacy': {'reference': 'Cannot read at all', 'reference_column': 'literacy_Cannot read at all'}, 'wealth_quintile': {'reference': 'Poorest', 'reference_column': 'wealth_quintile_Poorest'}, 'residence': {'reference': 'Rural', 'reference_column': 'residence_Rural'}, 'country_admin_region': {'reference': 'kenya::01', 'reference_column': 'country_admin_region_kenya::01'}}"
binary_lpm,model4_preferred_lpm,underweight,kenya,country_admin_region_kenya::07,-0.02011298303035494,0.032229076725106366,-0.08328081266654153,0.04305484660583164,0.5325860340472455,17381,1688,47,weight_original,cluster_robust_psu,True,"{'child_sex': {'reference': 'Male', 'reference_column': 'child_sex_Male'}, 'maternal_education': {'reference': 'No education', 'reference_column': 'maternal_education_No education'}, 'literacy': {'reference': 'Cannot read at all', 'reference_column': 'literacy_Cannot read at all'}, 'wealth_quintile': {'reference': 'Poorest', 'reference_column': 'wealth_quintile_Poorest'}, 'residence': {'reference': 'Rural', 'reference_column': 'residence_Rural'}, 'country_admin_region': {'reference': 'kenya::01', 'reference_column': 'country_admin_region_kenya::01'}}"
binary_lpm,model4_preferred_lpm,underweight,kenya,country_admin_region_kenya::08,-0.04798412102760639,0.027724007702873876,-0.10232217763235021,0.006353935577137447,0.08349124861102847,17381,1688,47,weight_original,cluster_robust_psu,True,"{'child_sex': {'reference': 'Male', 'reference_column': 'child_sex_Male'}, 'maternal_education': {'reference': 'No education', 'reference_column': 'maternal_education_No education'}, 'literacy': {'reference': 'Cannot read at all', 'reference_column': 'literacy_Cannot read at all'}, 'wealth_quintile': {'reference': 'Poorest', 'reference_column': 'wealth_quintile_Poorest'}, 'residence': {'reference': 'Rural', 'reference_column': 'residence_Rural'}, 'country_admin_region': {'reference': 'kenya::01', 'reference_column': 'country_admin_region_kenya::01'}}"
binary_lpm,model4_preferred_lpm,underweight,kenya,country_admin_region_kenya::09,0.02347101471895753,0.02647207397740587,-0.028413296872837952,0.075355326310753,0.37527651386178185,17381,1688,47,weight_original,cluster_robust_psu,True,"{'child_sex': {'reference': 'Male', 'reference_column': 'child_sex_Male'}, 'maternal_education': {'reference': 'No education', 'reference_column': 'maternal_education_No education'}, 'literacy': {'reference': 'Cannot read at all', 'reference_column': 'literacy_Cannot read at all'}, 'wealth_quintile': {'reference': 'Poorest', 'reference_column': 'wealth_quintile_Poorest'}, 'residence': {'reference': 'Rural', 'reference_column': 'residence_Rural'}, 'country_admin_region': {'reference': 'kenya::01', 'reference_column': 'country_admin_region_kenya::01'}}"
binary_lpm,model4_preferred_lpm,underweight,kenya,country_admin_region_kenya::10,0.07185657604534537,0.0368513099765429,-0.0003706642918002989,0.14408381638249104,0.05118737041183008,17381,1688,47,weight_original,cluster_robust_psu,True,"{'child_sex': {'reference': 'Male', 'reference_column': 'child_sex_Male'}, 'maternal_education': {'reference': 'No education', 'reference_column': 'maternal_education_No education'}, 'literacy': {'reference': 'Cannot read at all', 'reference_column': 'literacy_Cannot read at all'}, 'wealth_quintile': {'reference': 'Poorest', 'reference_column': 'wealth_quintile_Poorest'}, 'residence': {'reference': 'Rural', 'reference_column': 'residence_Rural'}, 'country_admin_region': {'reference': 'kenya::01', 'reference_column': 'country_admin_region_kenya::01'}}"
binary_lpm,model4_preferred_lpm,underweight,kenya,country_admin_region_kenya::11,-0.06126617885924983,0.024519696612492318,-0.10932390113158354,-0.01320845658691612,0.012466681170806444,17381,1688,47,weight_original,cluster_robust_psu,True,"{'child_sex': {'reference': 'Male', 'reference_column': 'child_sex_Male'}, 'maternal_education': {'reference': 'No education', 'reference_column': 'maternal_education_No education'}, 'literacy': {'reference': 'Cannot read at all', 'reference_column': 'literacy_Cannot read at all'}, 'wealth_quintile': {'reference': 'Poorest', 'reference_column': 'wealth_quintile_Poorest'}, 'residence': {'reference': 'Rural', 'reference_column': 'residence_Rural'}, 'country_admin_region': {'reference': 'kenya::01', 'reference_column': 'country_admin_region_kenya::01'}}"
binary_lpm,model4_preferred_lpm,underweight,kenya,country_admin_region_kenya::12,-0.01647608125810024,0.03897803661736476,-0.0928716292162186,0.05991946670001812,0.6725129353860695,17381,1688,47,weight_original,cluster_robust_psu,True,"{'child_sex': {'reference': 'Male', 'reference_column': 'child_sex_Male'}, 'maternal_education': {'reference': 'No education', 'reference_column': 'maternal_education_No education'}, 'literacy': {'reference': 'Cannot read at all', 'reference_column': 'literacy_Cannot read at all'}, 'wealth_quintile': {'reference': 'Poorest', 'reference_column': 'wealth_quintile_Poorest'}, 'residence': {'reference': 'Rural', 'reference_column': 'residence_Rural'}, 'country_admin_region': {'reference': 'kenya::01', 'reference_column': 'country_admin_region_kenya::01'}}"
binary_lpm,model4_preferred_lpm,underweight,kenya,country_admin_region_kenya::13,-0.049178640587768115,0.026677433480007947,-0.10146544940854674,0.003108168233010501,0.06526264742905573,17381,1688,47,weight_original,cluster_robust_psu,True,"{'child_sex': {'reference': 'Male', 'reference_column': 'child_sex_Male'}, 'maternal_education': {'reference': 'No education', 'reference_column': 'maternal_education_No education'}, 'literacy': {'reference': 'Cannot read at all', 'reference_column': 'literacy_Cannot read at all'}, 'wealth_quintile': {'reference': 'Poorest', 'reference_column': 'wealth_quintile_Poorest'}, 'residence': {'reference': 'Rural', 'reference_column': 'residence_Rural'}, 'country_admin_region': {'reference': 'kenya::01', 'reference_column': 'country_admin_region_kenya::01'}}"
binary_lpm,model4_preferred_lpm,underweight,kenya,country_admin_region_kenya::14,-0.006158118832240716,0.030935617927586728,-0.06679081580980233,0.0544745781453209,0.8422139208409336,17381,1688,47,weight_original,cluster_robust_psu,True,"{'child_sex': {'reference': 'Male', 'reference_column': 'child_sex_Male'}, 'maternal_education': {'reference': 'No education', 'reference_column': 'maternal_education_No education'}, 'literacy': {'reference': 'Cannot read at all', 'reference_column': 'literacy_Cannot read at all'}, 'wealth_quintile': {'reference': 'Poorest', 'reference_column': 'wealth_quintile_Poorest'}, 'residence': {'reference': 'Rural', 'reference_column': 'residence_Rural'}, 'country_admin_region': {'reference': 'kenya::01', 'reference_column': 'country_admin_region_kenya::01'}}"
binary_lpm,model4_preferred_lpm,underweight,kenya,country_admin_region_kenya::15,-0.03412436167379139,0.029827859454532816,-0.09258589194059824,0.02433716859301547,0.25260569533927413,17381,1688,47,weight_original,cluster_robust_psu,True,"{'child_sex': {'reference': 'Male', 'reference_column': 'child_sex_Male'}, 'maternal_education': {'reference': 'No education', 'reference_column': 'maternal_education_No education'}, 'literacy': {'reference': 'Cannot read at all', 'reference_column': 'literacy_Cannot read at all'}, 'wealth_quintile': {'reference': 'Poorest', 'reference_column': 'wealth_quintile_Poorest'}, 'residence': {'reference': 'Rural', 'reference_column': 'residence_Rural'}, 'country_admin_region': {'reference': 'kenya::01', 'reference_column': 'country_admin_region_kenya::01'}}"
binary_lpm,model4_preferred_lpm,underweight,kenya,country_admin_region_kenya::16,-0.037868244154223483,0.024877898463653524,-0.08662802915402873,0.01089154084558177,0.12796796565420443,17381,1688,47,weight_original,cluster_robust_psu,True,"{'child_sex': {'reference': 'Male', 'reference_column': 'child_sex_Male'}, 'maternal_education': {'reference': 'No education', 'reference_column': 'maternal_education_No education'}, 'literacy': {'reference': 'Cannot read at all', 'reference_column': 'literacy_Cannot read at all'}, 'wealth_quintile': {'reference': 'Poorest', 'reference_column': 'wealth_quintile_Poorest'}, 'residence': {'reference': 'Rural', 'reference_column': 'residence_Rural'}, 'country_admin_region': {'reference': 'kenya::01', 'reference_column': 'country_admin_region_kenya::01'}}"
binary_lpm,model4_preferred_lpm,underweight,kenya,country_admin_region_kenya::17,-0.031005670701933233,0.03069235472084174,-0.09116158055551093,0.029150239151644476,0.3123955157823416,17381,1688,47,weight_original,cluster_robust_psu,True,"{'child_sex': {'reference': 'Male', 'reference_column': 'child_sex_Male'}, 'maternal_education': {'reference': 'No education', 'reference_column': 'maternal_education_No education'}, 'literacy': {'reference': 'Cannot read at all', 'reference_column': 'literacy_Cannot read at all'}, 'wealth_quintile': {'reference': 'Poorest', 'reference_column': 'wealth_quintile_Poorest'}, 'residence': {'reference': 'Rural', 'reference_column': 'residence_Rural'}, 'country_admin_region': {'reference': 'kenya::01', 'reference_column': 'country_admin_region_kenya::01'}}"
binary_lpm,model4_preferred_lpm,underweight,kenya,country_admin_region_kenya::18,-0.07791546076522318,0.020337380522112473,-0.11777599412845002,-0.038054927401996334,0.000127548126263618,17381,1688,47,weight_original,cluster_robust_psu,True,"{'child_sex': {'reference': 'Male', 'reference_column': 'child_sex_Male'}, 'maternal_education': {'reference': 'No education', 'reference_column': 'maternal_education_No education'}, 'literacy': {'reference': 'Cannot read at all', 'reference_column': 'literacy_Cannot read at all'}, 'wealth_quintile': {'reference': 'Poorest', 'reference_column': 'wealth_quintile_Poorest'}, 'residence': {'reference': 'Rural', 'reference_column': 'residence_Rural'}, 'country_admin_region': {'reference': 'kenya::01', 'reference_column': 'country_admin_region_kenya::01'}}"
binary_lpm,model4_preferred_lpm,underweight,kenya,country_admin_region_kenya::19,-0.05857257663975156,0.022917022862351144,-0.10348911608284082,-0.013656037196662293,0.010592739291480385,17381,1688,47,weight_original,cluster_robust_psu,True,"{'child_sex': {'reference': 'Male', 'reference_column': 'child_sex_Male'}, 'maternal_education': {'reference': 'No education', 'reference_column': 'maternal_education_No education'}, 'literacy': {'reference': 'Cannot read at all', 'reference_column': 'literacy_Cannot read at all'}, 'wealth_quintile': {'reference': 'Poorest', 'reference_column': 'wealth_quintile_Poorest'}, 'residence': {'reference': 'Rural', 'reference_column': 'residence_Rural'}, 'country_admin_region': {'reference': 'kenya::01', 'reference_column': 'country_admin_region_kenya::01'}}"
binary_lpm,model4_preferred_lpm,underweight,kenya,country_admin_region_kenya::20,-0.03911735272774816,0.021140939272189362,-0.08055283230058774,0.0023181268450914103,0.06426846393772033,17381,1688,47,weight_original,cluster_robust_psu,True,"{'child_sex': {'reference': 'Male', 'reference_column': 'child_sex_Male'}, 'maternal_education': {'reference': 'No education', 'reference_column': 'maternal_education_No education'}, 'literacy': {'reference': 'Cannot read at all', 'reference_column': 'literacy_Cannot read at all'}, 'wealth_quintile': {'reference': 'Poorest', 'reference_column': 'wealth_quintile_Poorest'}, 'residence': {'reference': 'Rural', 'reference_column': 'residence_Rural'}, 'country_admin_region': {'reference': 'kenya::01', 'reference_column': 'country_admin_region_kenya::01'}}"
binary_lpm,model4_preferred_lpm,underweight,kenya,country_admin_region_kenya::21,-0.06588986530478297,0.023678587334323004,-0.11229904368484234,-0.019480686924723593,0.005391241449941656,17381,1688,47,weight_original,cluster_robust_psu,True,"{'child_sex': {'reference': 'Male', 'reference_column': 'child_sex_Male'}, 'maternal_education': {'reference': 'No education', 'reference_column': 'maternal_education_No education'}, 'literacy': {'reference': 'Cannot read at all', 'reference_column': 'literacy_Cannot read at all'}, 'wealth_quintile': {'reference': 'Poorest', 'reference_column': 'wealth_quintile_Poorest'}, 'residence': {'reference': 'Rural', 'reference_column': 'residence_Rural'}, 'country_admin_region': {'reference': 'kenya::01', 'reference_column': 'country_admin_region_kenya::01'}}"
binary_lpm,model4_preferred_lpm,underweight,kenya,country_admin_region_kenya::22,-0.028732874474506478,0.024269677944721686,-0.07630056916254706,0.018834820213534106,0.23645260523150158,17381,1688,47,weight_original,cluster_robust_psu,True,"{'child_sex': {'reference': 'Male', 'reference_column': 'child_sex_Male'}, 'maternal_education': {'reference': 'No education', 'reference_column': 'maternal_education_No education'}, 'literacy': {'reference': 'Cannot read at all', 'reference_column': 'literacy_Cannot read at all'}, 'wealth_quintile': {'reference': 'Poorest', 'reference_column': 'wealth_quintile_Poorest'}, 'residence': {'reference': 'Rural', 'reference_column': 'residence_Rural'}, 'country_admin_region': {'reference': 'kenya::01', 'reference_column': 'country_admin_region_kenya::01'}}"
binary_lpm,model4_preferred_lpm,underweight,kenya,country_admin_region_kenya::23,0.09940255303668183,0.033220924645657575,0.03429073719807392,0.16451436887528975,0.0027700472471687883,17381,1688,47,weight_original,cluster_robust_psu,True,"{'child_sex': {'reference': 'Male', 'reference_column': 'child_sex_Male'}, 'maternal_education': {'reference': 'No education', 'reference_column': 'maternal_education_No education'}, 'literacy': {'reference': 'Cannot read at all', 'reference_column': 'literacy_Cannot read at all'}, 'wealth_quintile': {'reference': 'Poorest', 'reference_column': 'wealth_quintile_Poorest'}, 'residence': {'reference': 'Rural', 'reference_column': 'residence_Rural'}, 'country_admin_region': {'reference': 'kenya::01', 'reference_column': 'country_admin_region_kenya::01'}}"
binary_lpm,model4_preferred_lpm,underweight,kenya,country_admin_region_kenya::24,0.07491590911351642,0.030788192508960942,0.014572160646867088,0.13525965758016575,0.01496324053486479,17381,1688,47,weight_original,cluster_robust_psu,True,"{'child_sex': {'reference': 'Male', 'reference_column': 'child_sex_Male'}, 'maternal_education': {'reference': 'No education', 'reference_column': 'maternal_education_No education'}, 'literacy': {'reference': 'Cannot read at all', 'reference_column': 'literacy_Cannot read at all'}, 'wealth_quintile': {'reference': 'Poorest', 'reference_column': 'wealth_quintile_Poorest'}, 'residence': {'reference': 'Rural', 'reference_column': 'residence_Rural'}, 'country_admin_region': {'reference': 'kenya::01', 'reference_column': 'country_admin_region_kenya::01'}}"
binary_lpm,model4_preferred_lpm,underweight,kenya,country_admin_region_kenya::25,0.10330028963897189,0.029774709107355146,0.04494293213839907,0.16165764713954472,0.0005216278276748673,17381,1688,47,weight_original,cluster_robust_psu,True,"{'child_sex': {'reference': 'Male', 'reference_column': 'child_sex_Male'}, 'maternal_education': {'reference': 'No education', 'reference_column': 'maternal_education_No education'}, 'literacy': {'reference': 'Cannot read at all', 'reference_column': 'literacy_Cannot read at all'}, 'wealth_quintile': {'reference': 'Poorest', 'reference_column': 'wealth_quintile_Poorest'}, 'residence': {'reference': 'Rural', 'reference_column': 'residence_Rural'}, 'country_admin_region': {'reference': 'kenya::01', 'reference_column': 'country_admin_region_kenya::01'}}"
binary_lpm,model4_preferred_lpm,underweight,kenya,country_admin_region_kenya::26,-0.007698998654106117,0.024943372862141464,-0.05658711111685715,0.04118911380864492,0.7575808701666944,17381,1688,47,weight_original,cluster_robust_psu,True,"{'child_sex': {'reference': 'Male', 'reference_column': 'child_sex_Male'}, 'maternal_education': {'reference': 'No education', 'reference_column': 'maternal_education_No education'}, 'literacy': {'reference': 'Cannot read at all', 'reference_column': 'literacy_Cannot read at all'}, 'wealth_quintile': {'reference': 'Poorest', 'reference_column': 'wealth_quintile_Poorest'}, 'residence': {'reference': 'Rural', 'reference_column': 'residence_Rural'}, 'country_admin_region': {'reference': 'kenya::01', 'reference_column': 'country_admin_region_kenya::01'}}"
binary_lpm,model4_preferred_lpm,underweight,kenya,country_admin_region_kenya::27,-0.04225773119211785,0.021087418282480435,-0.08358831155271099,-0.0009271508315247118,0.045077452330811146,17381,1688,47,weight_original,cluster_robust_psu,True,"{'child_sex': {'reference': 'Male', 'reference_column': 'child_sex_Male'}, 'maternal_education': {'reference': 'No education', 'reference_column': 'maternal_education_No education'}, 'literacy': {'reference': 'Cannot read at all', 'reference_column': 'literacy_Cannot read at all'}, 'wealth_quintile': {'reference': 'Poorest', 'reference_column': 'wealth_quintile_Poorest'}, 'residence': {'reference': 'Rural', 'reference_column': 'residence_Rural'}, 'country_admin_region': {'reference': 'kenya::01', 'reference_column': 'country_admin_region_kenya::01'}}"
binary_lpm,model4_preferred_lpm,underweight,kenya,country_admin_region_kenya::28,-0.008065778564112537,0.027262466914792467,-0.06149923184682057,0.0453676747185955,0.767339657973964,17381,1688,47,weight_original,cluster_robust_psu,True,"{'child_sex': {'reference': 'Male', 'reference_column': 'child_sex_Male'}, 'maternal_education': {'reference': 'No education', 'reference_column': 'maternal_education_No education'}, 'literacy': {'reference': 'Cannot read at all', 'reference_column': 'literacy_Cannot read at all'}, 'wealth_quintile': {'reference': 'Poorest', 'reference_column': 'wealth_quintile_Poorest'}, 'residence': {'reference': 'Rural', 'reference_column': 'residence_Rural'}, 'country_admin_region': {'reference': 'kenya::01', 'reference_column': 'country_admin_region_kenya::01'}}"
binary_lpm,model4_preferred_lpm,underweight,kenya,country_admin_region_kenya::29,-0.05159416564988017,0.02568012202241967,-0.10192627993241662,-0.001262051367343718,0.04452556973278346,17381,1688,47,weight_original,cluster_robust_psu,True,"{'child_sex': {'reference': 'Male', 'reference_column': 'child_sex_Male'}, 'maternal_education': {'reference': 'No education', 'reference_column': 'maternal_education_No education'}, 'literacy': {'reference': 'Cannot read at all', 'reference_column': 'literacy_Cannot read at all'}, 'wealth_quintile': {'reference': 'Poorest', 'reference_column': 'wealth_quintile_Poorest'}, 'residence': {'reference': 'Rural', 'reference_column': 'residence_Rural'}, 'country_admin_region': {'reference': 'kenya::01', 'reference_column': 'country_admin_region_kenya::01'}}"
binary_lpm,model4_preferred_lpm,underweight,kenya,country_admin_region_kenya::30,0.0317226624762447,0.0269123976884922,-0.021024667730819006,0.0844699926833084,0.2385025687895872,17381,1688,47,weight_original,cluster_robust_psu,True,"{'child_sex': {'reference': 'Male', 'reference_column': 'child_sex_Male'}, 'maternal_education': {'reference': 'No education', 'reference_column': 'maternal_education_No education'}, 'literacy': {'reference': 'Cannot read at all', 'reference_column': 'literacy_Cannot read at all'}, 'wealth_quintile': {'reference': 'Poorest', 'reference_column': 'wealth_quintile_Poorest'}, 'residence': {'reference': 'Rural', 'reference_column': 'residence_Rural'}, 'country_admin_region': {'reference': 'kenya::01', 'reference_column': 'country_admin_region_kenya::01'}}"
binary_lpm,model4_preferred_lpm,underweight,kenya,country_admin_region_kenya::31,-0.05978329474268415,0.023996067256250482,-0.10681472233553596,-0.012751867149832334,0.012724835087513611,17381,1688,47,weight_original,cluster_robust_psu,True,"{'child_sex': {'reference': 'Male', 'reference_column': 'child_sex_Male'}, 'maternal_education': {'reference': 'No education', 'reference_column': 'maternal_education_No education'}, 'literacy': {'reference': 'Cannot read at all', 'reference_column': 'literacy_Cannot read at all'}, 'wealth_quintile': {'reference': 'Poorest', 'reference_column': 'wealth_quintile_Poorest'}, 'residence': {'reference': 'Rural', 'reference_column': 'residence_Rural'}, 'country_admin_region': {'reference': 'kenya::01', 'reference_column': 'country_admin_region_kenya::01'}}"
binary_lpm,model4_preferred_lpm,underweight,kenya,country_admin_region_kenya::32,-0.017231470304746924,0.02178932029613625,-0.05993775333278159,0.025474812723287745,0.42904796510276677,17381,1688,47,weight_original,cluster_robust_psu,True,"{'child_sex': {'reference': 'Male', 'reference_column': 'child_sex_Male'}, 'maternal_education': {'reference': 'No education', 'reference_column': 'maternal_education_No education'}, 'literacy': {'reference': 'Cannot read at all', 'reference_column': 'literacy_Cannot read at all'}, 'wealth_quintile': {'reference': 'Poorest', 'reference_column': 'wealth_quintile_Poorest'}, 'residence': {'reference': 'Rural', 'reference_column': 'residence_Rural'}, 'country_admin_region': {'reference': 'kenya::01', 'reference_column': 'country_admin_region_kenya::01'}}"
binary_lpm,model4_preferred_lpm,underweight,kenya,country_admin_region_kenya::33,-0.0649390797554749,0.020705871744207693,-0.10552184264262754,-0.02435631686832227,0.0017111510461215057,17381,1688,47,weight_original,cluster_robust_psu,True,"{'child_sex': {'reference': 'Male', 'reference_column': 'child_sex_Male'}, 'maternal_education': {'reference': 'No education', 'reference_column': 'maternal_education_No education'}, 'literacy': {'reference': 'Cannot read at all', 'reference_column': 'literacy_Cannot read at all'}, 'wealth_quintile': {'reference': 'Poorest', 'reference_column': 'wealth_quintile_Poorest'}, 'residence': {'reference': 'Rural', 'reference_column': 'residence_Rural'}, 'country_admin_region': {'reference': 'kenya::01', 'reference_column': 'country_admin_region_kenya::01'}}"
binary_lpm,model4_preferred_lpm,underweight,kenya,country_admin_region_kenya::34,-0.019000052287549148,0.021240363564263395,-0.06063039989204221,0.022630295316943917,0.3710406552223663,17381,1688,47,weight_original,cluster_robust_psu,True,"{'child_sex': {'reference': 'Male', 'reference_column': 'child_sex_Male'}, 'maternal_education': {'reference': 'No education', 'reference_column': 'maternal_education_No education'}, 'literacy': {'reference': 'Cannot read at all', 'reference_column': 'literacy_Cannot read at all'}, 'wealth_quintile': {'reference': 'Poorest', 'reference_column': 'wealth_quintile_Poorest'}, 'residence': {'reference': 'Rural', 'reference_column': 'residence_Rural'}, 'country_admin_region': {'reference': 'kenya::01', 'reference_column': 'country_admin_region_kenya::01'}}"
binary_lpm,model4_preferred_lpm,underweight,kenya,country_admin_region_kenya::35,-0.04877483938862389,0.023089982803779018,-0.09403037408767995,-0.003519304689567841,0.034653789183296986,17381,1688,47,weight_original,cluster_robust_psu,True,"{'child_sex': {'reference': 'Male', 'reference_column': 'child_sex_Male'}, 'maternal_education': {'reference': 'No education', 'reference_column': 'maternal_education_No education'}, 'literacy': {'reference': 'Cannot read at all', 'reference_column': 'literacy_Cannot read at all'}, 'wealth_quintile': {'reference': 'Poorest', 'reference_column': 'wealth_quintile_Poorest'}, 'residence': {'reference': 'Rural', 'reference_column': 'residence_Rural'}, 'country_admin_region': {'reference': 'kenya::01', 'reference_column': 'country_admin_region_kenya::01'}}"
binary_lpm,model4_preferred_lpm,underweight,kenya,country_admin_region_kenya::36,-0.031556405114578,0.02282072827411924,-0.07628421063282662,0.01317140040367061,0.16672751534630437,17381,1688,47,weight_original,cluster_robust_psu,True,"{'child_sex': {'reference': 'Male', 'reference_column': 'child_sex_Male'}, 'maternal_education': {'reference': 'No education', 'reference_column': 'maternal_education_No education'}, 'literacy': {'reference': 'Cannot read at all', 'reference_column': 'literacy_Cannot read at all'}, 'wealth_quintile': {'reference': 'Poorest', 'reference_column': 'wealth_quintile_Poorest'}, 'residence': {'reference': 'Rural', 'reference_column': 'residence_Rural'}, 'country_admin_region': {'reference': 'kenya::01', 'reference_column': 'country_admin_region_kenya::01'}}"
binary_lpm,model4_preferred_lpm,underweight,kenya,country_admin_region_kenya::37,-0.07270297111386027,0.020944477835361682,-0.1137533933461666,-0.031652548881553944,0.0005180918991469548,17381,1688,47,weight_original,cluster_robust_psu,True,"{'child_sex': {'reference': 'Male', 'reference_column': 'child_sex_Male'}, 'maternal_education': {'reference': 'No education', 'reference_column': 'maternal_education_No education'}, 'literacy': {'reference': 'Cannot read at all', 'reference_column': 'literacy_Cannot read at all'}, 'wealth_quintile': {'reference': 'Poorest', 'reference_column': 'wealth_quintile_Poorest'}, 'residence': {'reference': 'Rural', 'reference_column': 'residence_Rural'}, 'country_admin_region': {'reference': 'kenya::01', 'reference_column': 'country_admin_region_kenya::01'}}"
binary_lpm,model4_preferred_lpm,underweight,kenya,country_admin_region_kenya::38,-0.04570454581864957,0.02511055263202357,-0.09492032460931324,0.0035112329720140903,0.06873875126247048,17381,1688,47,weight_original,cluster_robust_psu,True,"{'child_sex': {'reference': 'Male', 'reference_column': 'child_sex_Male'}, 'maternal_education': {'reference': 'No education', 'reference_column': 'maternal_education_No education'}, 'literacy': {'reference': 'Cannot read at all', 'reference_column': 'literacy_Cannot read at all'}, 'wealth_quintile': {'reference': 'Poorest', 'reference_column': 'wealth_quintile_Poorest'}, 'residence': {'reference': 'Rural', 'reference_column': 'residence_Rural'}, 'country_admin_region': {'reference': 'kenya::01', 'reference_column': 'country_admin_region_kenya::01'}}"
binary_lpm,model4_preferred_lpm,underweight,kenya,country_admin_region_kenya::39,-0.04791498953735529,0.026359454519458286,-0.09957857104761508,0.0037485919729045095,0.06910182347745496,17381,1688,47,weight_original,cluster_robust_psu,True,"{'child_sex': {'reference': 'Male', 'reference_column': 'child_sex_Male'}, 'maternal_education': {'reference': 'No education', 'reference_column': 'maternal_education_No education'}, 'literacy': {'reference': 'Cannot read at all', 'reference_column': 'literacy_Cannot read at all'}, 'wealth_quintile': {'reference': 'Poorest', 'reference_column': 'wealth_quintile_Poorest'}, 'residence': {'reference': 'Rural', 'reference_column': 'residence_Rural'}, 'country_admin_region': {'reference': 'kenya::01', 'reference_column': 'country_admin_region_kenya::01'}}"
binary_lpm,model4_preferred_lpm,underweight,kenya,country_admin_region_kenya::40,-0.07926908115335327,0.022027016869974658,-0.1224412409053598,-0.036096921401346745,0.000319786426116142,17381,1688,47,weight_original,cluster_robust_psu,True,"{'child_sex': {'reference': 'Male', 'reference_column': 'child_sex_Male'}, 'maternal_education': {'reference': 'No education', 'reference_column': 'maternal_education_No education'}, 'literacy': {'reference': 'Cannot read at all', 'reference_column': 'literacy_Cannot read at all'}, 'wealth_quintile': {'reference': 'Poorest', 'reference_column': 'wealth_quintile_Poorest'}, 'residence': {'reference': 'Rural', 'reference_column': 'residence_Rural'}, 'country_admin_region': {'reference': 'kenya::01', 'reference_column': 'country_admin_region_kenya::01'}}"
binary_lpm,model4_preferred_lpm,underweight,kenya,country_admin_region_kenya::41,-0.0716248684805316,0.025201488756797487,-0.12101887880064577,-0.02223085816041742,0.004481900858673625,17381,1688,47,weight_original,cluster_robust_psu,True,"{'child_sex': {'reference': 'Male', 'reference_column': 'child_sex_Male'}, 'maternal_education': {'reference': 'No education', 'reference_column': 'maternal_education_No education'}, 'literacy': {'reference': 'Cannot read at all', 'reference_column': 'literacy_Cannot read at all'}, 'wealth_quintile': {'reference': 'Poorest', 'reference_column': 'wealth_quintile_Poorest'}, 'residence': {'reference': 'Rural', 'reference_column': 'residence_Rural'}, 'country_admin_region': {'reference': 'kenya::01', 'reference_column': 'country_admin_region_kenya::01'}}"
binary_lpm,model4_preferred_lpm,underweight,kenya,country_admin_region_kenya::42,-0.09581740996442921,0.020535631068258408,-0.1360665072580175,-0.05556831267084093,3.072539114945257e-06,17381,1688,47,weight_original,cluster_robust_psu,True,"{'child_sex': {'reference': 'Male', 'reference_column': 'child_sex_Male'}, 'maternal_education': {'reference': 'No education', 'reference_column': 'maternal_education_No education'}, 'literacy': {'reference': 'Cannot read at all', 'reference_column': 'literacy_Cannot read at all'}, 'wealth_quintile': {'reference': 'Poorest', 'reference_column': 'wealth_quintile_Poorest'}, 'residence': {'reference': 'Rural', 'reference_column': 'residence_Rural'}, 'country_admin_region': {'reference': 'kenya::01', 'reference_column': 'country_admin_region_kenya::01'}}"
binary_lpm,model4_preferred_lpm,underweight,kenya,country_admin_region_kenya::43,-0.09149318167248514,0.020834892756990707,-0.13232882109794136,-0.050657542247028925,1.1265213727712404e-05,17381,1688,47,weight_original,cluster_robust_psu,True,"{'child_sex': {'reference': 'Male', 'reference_column': 'child_sex_Male'}, 'maternal_education': {'reference': 'No education', 'reference_column': 'maternal_education_No education'}, 'literacy': {'reference': 'Cannot read at all', 'reference_column': 'literacy_Cannot read at all'}, 'wealth_quintile': {'reference': 'Poorest', 'reference_column': 'wealth_quintile_Poorest'}, 'residence': {'reference': 'Rural', 'reference_column': 'residence_Rural'}, 'country_admin_region': {'reference': 'kenya::01', 'reference_column': 'country_admin_region_kenya::01'}}"
binary_lpm,model4_preferred_lpm,underweight,kenya,country_admin_region_kenya::44,-0.12110745581809358,0.01980925320591777,-0.15993287866232703,-0.08228203297386015,9.735880266033893e-10,17381,1688,47,weight_original,cluster_robust_psu,True,"{'child_sex': {'reference': 'Male', 'reference_column': 'child_sex_Male'}, 'maternal_education': {'reference': 'No education', 'reference_column': 'maternal_education_No education'}, 'literacy': {'reference': 'Cannot read at all', 'reference_column': 'literacy_Cannot read at all'}, 'wealth_quintile': {'reference': 'Poorest', 'reference_column': 'wealth_quintile_Poorest'}, 'residence': {'reference': 'Rural', 'reference_column': 'residence_Rural'}, 'country_admin_region': {'reference': 'kenya::01', 'reference_column': 'country_admin_region_kenya::01'}}"
binary_lpm,model4_preferred_lpm,underweight,kenya,country_admin_region_kenya::45,-0.050895385990942954,0.02305784323142626,-0.09608792828570908,-0.005702843696176824,0.027293686778634366,17381,1688,47,weight_original,cluster_robust_psu,True,"{'child_sex': {'reference': 'Male', 'reference_column': 'child_sex_Male'}, 'maternal_education': {'reference': 'No education', 'reference_column': 'maternal_education_No education'}, 'literacy': {'reference': 'Cannot read at all', 'reference_column': 'literacy_Cannot read at all'}, 'wealth_quintile': {'reference': 'Poorest', 'reference_column': 'wealth_quintile_Poorest'}, 'residence': {'reference': 'Rural', 'reference_column': 'residence_Rural'}, 'country_admin_region': {'reference': 'kenya::01', 'reference_column': 'country_admin_region_kenya::01'}}"
binary_lpm,model4_preferred_lpm,underweight,kenya,country_admin_region_kenya::46,-0.09573681718479005,0.02132842184665006,-0.13753975585130143,-0.05393387851827866,7.1660231415924755e-06,17381,1688,47,weight_original,cluster_robust_psu,True,"{'child_sex': {'reference': 'Male', 'reference_column': 'child_sex_Male'}, 'maternal_education': {'reference': 'No education', 'reference_column': 'maternal_education_No education'}, 'literacy': {'reference': 'Cannot read at all', 'reference_column': 'literacy_Cannot read at all'}, 'wealth_quintile': {'reference': 'Poorest', 'reference_column': 'wealth_quintile_Poorest'}, 'residence': {'reference': 'Rural', 'reference_column': 'residence_Rural'}, 'country_admin_region': {'reference': 'kenya::01', 'reference_column': 'country_admin_region_kenya::01'}}"
binary_lpm,model4_preferred_lpm,underweight,kenya,country_admin_region_kenya::47,-0.0348880834009975,0.020046100034923707,-0.07417771749993508,0.004401550697940085,0.08179011066653782,17381,1688,47,weight_original,cluster_robust_psu,True,"{'child_sex': {'reference': 'Male', 'reference_column': 'child_sex_Male'}, 'maternal_education': {'reference': 'No education', 'reference_column': 'maternal_education_No education'}, 'literacy': {'reference': 'Cannot read at all', 'reference_column': 'literacy_Cannot read at all'}, 'wealth_quintile': {'reference': 'Poorest', 'reference_column': 'wealth_quintile_Poorest'}, 'residence': {'reference': 'Rural', 'reference_column': 'residence_Rural'}, 'country_admin_region': {'reference': 'kenya::01', 'reference_column': 'country_admin_region_kenya::01'}}"
binary_lpm,model4_preferred_lpm,underweight,nigeria,const,0.42398802559635884,0.050084076251996415,0.32582503994348805,0.5221510112492296,2.550002712363935e-17,9513,1343,37,weight_original,cluster_robust_psu,True,"{'child_sex': {'reference': 'Male', 'reference_column': 'child_sex_Male'}, 'maternal_education': {'reference': 'No education', 'reference_column': 'maternal_education_No education'}, 'literacy': {'reference': 'Cannot read at all', 'reference_column': 'literacy_Cannot read at all'}, 'wealth_quintile': {'reference': 'Poorest', 'reference_column': 'wealth_quintile_Poorest'}, 'residence': {'reference': 'Rural', 'reference_column': 'residence_Rural'}, 'country_admin_region': {'reference': 'nigeria::01', 'reference_column': 'country_admin_region_nigeria::01'}}"
binary_lpm,model4_preferred_lpm,underweight,nigeria,water_rate_loo,-0.018848755669811333,0.024098592272016113,-0.06608112860107819,0.028383617261455524,0.43412540764810037,9513,1343,37,weight_original,cluster_robust_psu,True,"{'child_sex': {'reference': 'Male', 'reference_column': 'child_sex_Male'}, 'maternal_education': {'reference': 'No education', 'reference_column': 'maternal_education_No education'}, 'literacy': {'reference': 'Cannot read at all', 'reference_column': 'literacy_Cannot read at all'}, 'wealth_quintile': {'reference': 'Poorest', 'reference_column': 'wealth_quintile_Poorest'}, 'residence': {'reference': 'Rural', 'reference_column': 'residence_Rural'}, 'country_admin_region': {'reference': 'nigeria::01', 'reference_column': 'country_admin_region_nigeria::01'}}"
binary_lpm,model4_preferred_lpm,underweight,nigeria,sanitation_rate_loo_core,0.009141229271072948,0.026293740958795896,-0.04239355602699268,0.06067601456913858,0.7280970459044795,9513,1343,37,weight_original,cluster_robust_psu,True,"{'child_sex': {'reference': 'Male', 'reference_column': 'child_sex_Male'}, 'maternal_education': {'reference': 'No education', 'reference_column': 'maternal_education_No education'}, 'literacy': {'reference': 'Cannot read at all', 'reference_column': 'literacy_Cannot read at all'}, 'wealth_quintile': {'reference': 'Poorest', 'reference_column': 'wealth_quintile_Poorest'}, 'residence': {'reference': 'Rural', 'reference_column': 'residence_Rural'}, 'country_admin_region': {'reference': 'nigeria::01', 'reference_column': 'country_admin_region_nigeria::01'}}"
binary_lpm,model4_preferred_lpm,underweight,nigeria,b19_raw,0.001196059597774096,0.00034259385462931375,0.0005245879813758902,0.0018675312141723018,0.0004808775197166573,9513,1343,37,weight_original,cluster_robust_psu,True,"{'child_sex': {'reference': 'Male', 'reference_column': 'child_sex_Male'}, 'maternal_education': {'reference': 'No education', 'reference_column': 'maternal_education_No education'}, 'literacy': {'reference': 'Cannot read at all', 'reference_column': 'literacy_Cannot read at all'}, 'wealth_quintile': {'reference': 'Poorest', 'reference_column': 'wealth_quintile_Poorest'}, 'residence': {'reference': 'Rural', 'reference_column': 'residence_Rural'}, 'country_admin_region': {'reference': 'nigeria::01', 'reference_column': 'country_admin_region_nigeria::01'}}"
binary_lpm,model4_preferred_lpm,underweight,nigeria,birth_order_raw,0.007228180753713323,0.003666070812009297,4.281399740159019e-05,0.014413547510025056,0.048650440249072224,9513,1343,37,weight_original,cluster_robust_psu,True,"{'child_sex': {'reference': 'Male', 'reference_column': 'child_sex_Male'}, 'maternal_education': {'reference': 'No education', 'reference_column': 'maternal_education_No education'}, 'literacy': {'reference': 'Cannot read at all', 'reference_column': 'literacy_Cannot read at all'}, 'wealth_quintile': {'reference': 'Poorest', 'reference_column': 'wealth_quintile_Poorest'}, 'residence': {'reference': 'Rural', 'reference_column': 'residence_Rural'}, 'country_admin_region': {'reference': 'nigeria::01', 'reference_column': 'country_admin_region_nigeria::01'}}"
binary_lpm,model4_preferred_lpm,underweight,nigeria,maternal_age,-0.004358661081954205,0.0012943332714713486,-0.006895507678029954,-0.0018218144858784574,0.0007585434623491857,9513,1343,37,weight_original,cluster_robust_psu,True,"{'child_sex': {'reference': 'Male', 'reference_column': 'child_sex_Male'}, 'maternal_education': {'reference': 'No education', 'reference_column': 'maternal_education_No education'}, 'literacy': {'reference': 'Cannot read at all', 'reference_column': 'literacy_Cannot read at all'}, 'wealth_quintile': {'reference': 'Poorest', 'reference_column': 'wealth_quintile_Poorest'}, 'residence': {'reference': 'Rural', 'reference_column': 'residence_Rural'}, 'country_admin_region': {'reference': 'nigeria::01', 'reference_column': 'country_admin_region_nigeria::01'}}"
binary_lpm,model4_preferred_lpm,underweight,nigeria,household_size_raw,0.0031358723272319447,0.0018990718419302749,-0.0005862400870055365,0.006857984741469426,0.09868431855998343,9513,1343,37,weight_original,cluster_robust_psu,True,"{'child_sex': {'reference': 'Male', 'reference_column': 'child_sex_Male'}, 'maternal_education': {'reference': 'No education', 'reference_column': 'maternal_education_No education'}, 'literacy': {'reference': 'Cannot read at all', 'reference_column': 'literacy_Cannot read at all'}, 'wealth_quintile': {'reference': 'Poorest', 'reference_column': 'wealth_quintile_Poorest'}, 'residence': {'reference': 'Rural', 'reference_column': 'residence_Rural'}, 'country_admin_region': {'reference': 'nigeria::01', 'reference_column': 'country_admin_region_nigeria::01'}}"
binary_lpm,model4_preferred_lpm,underweight,nigeria,child_sex_Female,-0.013871605340612894,0.010322943478607573,-0.034104202773126355,0.00636099209190057,0.17902454125949252,9513,1343,37,weight_original,cluster_robust_psu,True,"{'child_sex': {'reference': 'Male', 'reference_column': 'child_sex_Male'}, 'maternal_education': {'reference': 'No education', 'reference_column': 'maternal_education_No education'}, 'literacy': {'reference': 'Cannot read at all', 'reference_column': 'literacy_Cannot read at all'}, 'wealth_quintile': {'reference': 'Poorest', 'reference_column': 'wealth_quintile_Poorest'}, 'residence': {'reference': 'Rural', 'reference_column': 'residence_Rural'}, 'country_admin_region': {'reference': 'nigeria::01', 'reference_column': 'country_admin_region_nigeria::01'}}"
binary_lpm,model4_preferred_lpm,underweight,nigeria,maternal_education_Higher,-0.07635641975821245,0.030056365849857176,-0.13526581433009213,-0.017447025186332767,0.011071281737633021,9513,1343,37,weight_original,cluster_robust_psu,True,"{'child_sex': {'reference': 'Male', 'reference_column': 'child_sex_Male'}, 'maternal_education': {'reference': 'No education', 'reference_column': 'maternal_education_No education'}, 'literacy': {'reference': 'Cannot read at all', 'reference_column': 'literacy_Cannot read at all'}, 'wealth_quintile': {'reference': 'Poorest', 'reference_column': 'wealth_quintile_Poorest'}, 'residence': {'reference': 'Rural', 'reference_column': 'residence_Rural'}, 'country_admin_region': {'reference': 'nigeria::01', 'reference_column': 'country_admin_region_nigeria::01'}}"
binary_lpm,model4_preferred_lpm,underweight,nigeria,maternal_education_Primary,-0.03601377239283722,0.023757409706171264,-0.0825774397828952,0.010549894997220761,0.12954554494679363,9513,1343,37,weight_original,cluster_robust_psu,True,"{'child_sex': {'reference': 'Male', 'reference_column': 'child_sex_Male'}, 'maternal_education': {'reference': 'No education', 'reference_column': 'maternal_education_No education'}, 'literacy': {'reference': 'Cannot read at all', 'reference_column': 'literacy_Cannot read at all'}, 'wealth_quintile': {'reference': 'Poorest', 'reference_column': 'wealth_quintile_Poorest'}, 'residence': {'reference': 'Rural', 'reference_column': 'residence_Rural'}, 'country_admin_region': {'reference': 'nigeria::01', 'reference_column': 'country_admin_region_nigeria::01'}}"
binary_lpm,model4_preferred_lpm,underweight,nigeria,maternal_education_Secondary,-0.020045187209145096,0.02578405921091172,-0.07058101463778031,0.03049064021949012,0.4369077249392601,9513,1343,37,weight_original,cluster_robust_psu,True,"{'child_sex': {'reference': 'Male', 'reference_column': 'child_sex_Male'}, 'maternal_education': {'reference': 'No education', 'reference_column': 'maternal_education_No education'}, 'literacy': {'reference': 'Cannot read at all', 'reference_column': 'literacy_Cannot read at all'}, 'wealth_quintile': {'reference': 'Poorest', 'reference_column': 'wealth_quintile_Poorest'}, 'residence': {'reference': 'Rural', 'reference_column': 'residence_Rural'}, 'country_admin_region': {'reference': 'nigeria::01', 'reference_column': 'country_admin_region_nigeria::01'}}"
binary_lpm,model4_preferred_lpm,underweight,nigeria,literacy_Able to read only parts of sentence,-0.05100617590264146,0.022039604769295746,-0.09420300748395832,-0.007809344321324595,0.020651474292580668,9513,1343,37,weight_original,cluster_robust_psu,True,"{'child_sex': {'reference': 'Male', 'reference_column': 'child_sex_Male'}, 'maternal_education': {'reference': 'No education', 'reference_column': 'maternal_education_No education'}, 'literacy': {'reference': 'Cannot read at all', 'reference_column': 'literacy_Cannot read at all'}, 'wealth_quintile': {'reference': 'Poorest', 'reference_column': 'wealth_quintile_Poorest'}, 'residence': {'reference': 'Rural', 'reference_column': 'residence_Rural'}, 'country_admin_region': {'reference': 'nigeria::01', 'reference_column': 'country_admin_region_nigeria::01'}}"
binary_lpm,model4_preferred_lpm,underweight,nigeria,literacy_Able to read whole sentence,-0.056596806980399705,0.023904167739742507,-0.10344811483069924,-0.009745499130100164,0.017901250834332114,9513,1343,37,weight_original,cluster_robust_psu,True,"{'child_sex': {'reference': 'Male', 'reference_column': 'child_sex_Male'}, 'maternal_education': {'reference': 'No education', 'reference_column': 'maternal_education_No education'}, 'literacy': {'reference': 'Cannot read at all', 'reference_column': 'literacy_Cannot read at all'}, 'wealth_quintile': {'reference': 'Poorest', 'reference_column': 'wealth_quintile_Poorest'}, 'residence': {'reference': 'Rural', 'reference_column': 'residence_Rural'}, 'country_admin_region': {'reference': 'nigeria::01', 'reference_column': 'country_admin_region_nigeria::01'}}"
binary_lpm,model4_preferred_lpm,underweight,nigeria,literacy_Blind/visually impaired,0.4393607510651977,0.17735057217873326,0.09176001695730918,0.7869614851730862,0.013235929079255204,9513,1343,37,weight_original,cluster_robust_psu,True,"{'child_sex': {'reference': 'Male', 'reference_column': 'child_sex_Male'}, 'maternal_education': {'reference': 'No education', 'reference_column': 'maternal_education_No education'}, 'literacy': {'reference': 'Cannot read at all', 'reference_column': 'literacy_Cannot read at all'}, 'wealth_quintile': {'reference': 'Poorest', 'reference_column': 'wealth_quintile_Poorest'}, 'residence': {'reference': 'Rural', 'reference_column': 'residence_Rural'}, 'country_admin_region': {'reference': 'nigeria::01', 'reference_column': 'country_admin_region_nigeria::01'}}"
binary_lpm,model4_preferred_lpm,underweight,nigeria,literacy_No card with required language,-0.20195843967113059,0.042881573645030834,-0.28600477961579296,-0.11791209972646818,2.4810743890563764e-06,9513,1343,37,weight_original,cluster_robust_psu,True,"{'child_sex': {'reference': 'Male', 'reference_column': 'child_sex_Male'}, 'maternal_education': {'reference': 'No education', 'reference_column': 'maternal_education_No education'}, 'literacy': {'reference': 'Cannot read at all', 'reference_column': 'literacy_Cannot read at all'}, 'wealth_quintile': {'reference': 'Poorest', 'reference_column': 'wealth_quintile_Poorest'}, 'residence': {'reference': 'Rural', 'reference_column': 'residence_Rural'}, 'country_admin_region': {'reference': 'nigeria::01', 'reference_column': 'country_admin_region_nigeria::01'}}"
binary_lpm,model4_preferred_lpm,underweight,nigeria,wealth_quintile_Middle,-0.08555156476505328,0.02262267816388433,-0.12989119920010728,-0.04121193032999928,0.00015577808372123106,9513,1343,37,weight_original,cluster_robust_psu,True,"{'child_sex': {'reference': 'Male', 'reference_column': 'child_sex_Male'}, 'maternal_education': {'reference': 'No education', 'reference_column': 'maternal_education_No education'}, 'literacy': {'reference': 'Cannot read at all', 'reference_column': 'literacy_Cannot read at all'}, 'wealth_quintile': {'reference': 'Poorest', 'reference_column': 'wealth_quintile_Poorest'}, 'residence': {'reference': 'Rural', 'reference_column': 'residence_Rural'}, 'country_admin_region': {'reference': 'nigeria::01', 'reference_column': 'country_admin_region_nigeria::01'}}"
binary_lpm,model4_preferred_lpm,underweight,nigeria,wealth_quintile_Poorer,-0.043010831023248326,0.019535008764985245,-0.08129874464029369,-0.004722917406202967,0.027684327755855512,9513,1343,37,weight_original,cluster_robust_psu,True,"{'child_sex': {'reference': 'Male', 'reference_column': 'child_sex_Male'}, 'maternal_education': {'reference': 'No education', 'reference_column': 'maternal_education_No education'}, 'literacy': {'reference': 'Cannot read at all', 'reference_column': 'literacy_Cannot read at all'}, 'wealth_quintile': {'reference': 'Poorest', 'reference_column': 'wealth_quintile_Poorest'}, 'residence': {'reference': 'Rural', 'reference_column': 'residence_Rural'}, 'country_admin_region': {'reference': 'nigeria::01', 'reference_column': 'country_admin_region_nigeria::01'}}"
binary_lpm,model4_preferred_lpm,underweight,nigeria,wealth_quintile_Richer,-0.09382810464977667,0.028225370261229038,-0.1491488138120935,-0.038507395487459864,0.000886576102664551,9513,1343,37,weight_original,cluster_robust_psu,True,"{'child_sex': {'reference': 'Male', 'reference_column': 'child_sex_Male'}, 'maternal_education': {'reference': 'No education', 'reference_column': 'maternal_education_No education'}, 'literacy': {'reference': 'Cannot read at all', 'reference_column': 'literacy_Cannot read at all'}, 'wealth_quintile': {'reference': 'Poorest', 'reference_column': 'wealth_quintile_Poorest'}, 'residence': {'reference': 'Rural', 'reference_column': 'residence_Rural'}, 'country_admin_region': {'reference': 'nigeria::01', 'reference_column': 'country_admin_region_nigeria::01'}}"
binary_lpm,model4_preferred_lpm,underweight,nigeria,wealth_quintile_Richest,-0.15235107299537248,0.03250731825021203,-0.21606424599976967,-0.0886378999909753,2.776861809519065e-06,9513,1343,37,weight_original,cluster_robust_psu,True,"{'child_sex': {'reference': 'Male', 'reference_column': 'child_sex_Male'}, 'maternal_education': {'reference': 'No education', 'reference_column': 'maternal_education_No education'}, 'literacy': {'reference': 'Cannot read at all', 'reference_column': 'literacy_Cannot read at all'}, 'wealth_quintile': {'reference': 'Poorest', 'reference_column': 'wealth_quintile_Poorest'}, 'residence': {'reference': 'Rural', 'reference_column': 'residence_Rural'}, 'country_admin_region': {'reference': 'nigeria::01', 'reference_column': 'country_admin_region_nigeria::01'}}"
binary_lpm,model4_preferred_lpm,underweight,nigeria,residence_Urban,0.0203161215584899,0.016959723741416792,-0.012924326162435912,0.05355656927941571,0.2309543774525762,9513,1343,37,weight_original,cluster_robust_psu,True,"{'child_sex': {'reference': 'Male', 'reference_column': 'child_sex_Male'}, 'maternal_education': {'reference': 'No education', 'reference_column': 'maternal_education_No education'}, 'literacy': {'reference': 'Cannot read at all', 'reference_column': 'literacy_Cannot read at all'}, 'wealth_quintile': {'reference': 'Poorest', 'reference_column': 'wealth_quintile_Poorest'}, 'residence': {'reference': 'Rural', 'reference_column': 'residence_Rural'}, 'country_admin_region': {'reference': 'nigeria::01', 'reference_column': 'country_admin_region_nigeria::01'}}"
binary_lpm,model4_preferred_lpm,underweight,nigeria,country_admin_region_nigeria::02,-0.09871297802348258,0.046496692331679294,-0.18984482039381373,-0.007581135653151452,0.03375295039235637,9513,1343,37,weight_original,cluster_robust_psu,True,"{'child_sex': {'reference': 'Male', 'reference_column': 'child_sex_Male'}, 'maternal_education': {'reference': 'No education', 'reference_column': 'maternal_education_No education'}, 'literacy': {'reference': 'Cannot read at all', 'reference_column': 'literacy_Cannot read at all'}, 'wealth_quintile': {'reference': 'Poorest', 'reference_column': 'wealth_quintile_Poorest'}, 'residence': {'reference': 'Rural', 'reference_column': 'residence_Rural'}, 'country_admin_region': {'reference': 'nigeria::01', 'reference_column': 'country_admin_region_nigeria::01'}}"
binary_lpm,model4_preferred_lpm,underweight,nigeria,country_admin_region_nigeria::03,-0.04204998762885524,0.04216114946473524,-0.12468432212654648,0.040584346868835997,0.31858814709724714,9513,1343,37,weight_original,cluster_robust_psu,True,"{'child_sex': {'reference': 'Male', 'reference_column': 'child_sex_Male'}, 'maternal_education': {'reference': 'No education', 'reference_column': 'maternal_education_No education'}, 'literacy': {'reference': 'Cannot read at all', 'reference_column': 'literacy_Cannot read at all'}, 'wealth_quintile': {'reference': 'Poorest', 'reference_column': 'wealth_quintile_Poorest'}, 'residence': {'reference': 'Rural', 'reference_column': 'residence_Rural'}, 'country_admin_region': {'reference': 'nigeria::01', 'reference_column': 'country_admin_region_nigeria::01'}}"
binary_lpm,model4_preferred_lpm,underweight,nigeria,country_admin_region_nigeria::04,0.014885109371154767,0.04471327491219742,-0.07275129908759052,0.10252151782990006,0.7392087539042054,9513,1343,37,weight_original,cluster_robust_psu,True,"{'child_sex': {'reference': 'Male', 'reference_column': 'child_sex_Male'}, 'maternal_education': {'reference': 'No education', 'reference_column': 'maternal_education_No education'}, 'literacy': {'reference': 'Cannot read at all', 'reference_column': 'literacy_Cannot read at all'}, 'wealth_quintile': {'reference': 'Poorest', 'reference_column': 'wealth_quintile_Poorest'}, 'residence': {'reference': 'Rural', 'reference_column': 'residence_Rural'}, 'country_admin_region': {'reference': 'nigeria::01', 'reference_column': 'country_admin_region_nigeria::01'}}"
binary_lpm,model4_preferred_lpm,underweight,nigeria,country_admin_region_nigeria::05,-0.006832127897442674,0.04313064789247416,-0.0913666443965704,0.07770238860168506,0.8741373522361722,9513,1343,37,weight_original,cluster_robust_psu,True,"{'child_sex': {'reference': 'Male', 'reference_column': 'child_sex_Male'}, 'maternal_education': {'reference': 'No education', 'reference_column': 'maternal_education_No education'}, 'literacy': {'reference': 'Cannot read at all', 'reference_column': 'literacy_Cannot read at all'}, 'wealth_quintile': {'reference': 'Poorest', 'reference_column': 'wealth_quintile_Poorest'}, 'residence': {'reference': 'Rural', 'reference_column': 'residence_Rural'}, 'country_admin_region': {'reference': 'nigeria::01', 'reference_column': 'country_admin_region_nigeria::01'}}"
binary_lpm,model4_preferred_lpm,underweight,nigeria,country_admin_region_nigeria::06,-0.04839289062129777,0.044163608584190765,-0.13495197287363564,0.0381661916310401,0.2731820842614302,9513,1343,37,weight_original,cluster_robust_psu,True,"{'child_sex': {'reference': 'Male', 'reference_column': 'child_sex_Male'}, 'maternal_education': {'reference': 'No education', 'reference_column': 'maternal_education_No education'}, 'literacy': {'reference': 'Cannot read at all', 'reference_column': 'literacy_Cannot read at all'}, 'wealth_quintile': {'reference': 'Poorest', 'reference_column': 'wealth_quintile_Poorest'}, 'residence': {'reference': 'Rural', 'reference_column': 'residence_Rural'}, 'country_admin_region': {'reference': 'nigeria::01', 'reference_column': 'country_admin_region_nigeria::01'}}"
binary_lpm,model4_preferred_lpm,underweight,nigeria,country_admin_region_nigeria::07,-0.02790414659768907,0.046587778269965276,-0.11921451412655876,0.06340622093118062,0.5492005475929334,9513,1343,37,weight_original,cluster_robust_psu,True,"{'child_sex': {'reference': 'Male', 'reference_column': 'child_sex_Male'}, 'maternal_education': {'reference': 'No education', 'reference_column': 'maternal_education_No education'}, 'literacy': {'reference': 'Cannot read at all', 'reference_column': 'literacy_Cannot read at all'}, 'wealth_quintile': {'reference': 'Poorest', 'reference_column': 'wealth_quintile_Poorest'}, 'residence': {'reference': 'Rural', 'reference_column': 'residence_Rural'}, 'country_admin_region': {'reference': 'nigeria::01', 'reference_column': 'country_admin_region_nigeria::01'}}"
binary_lpm,model4_preferred_lpm,underweight,nigeria,country_admin_region_nigeria::08,0.029474811409625833,0.05208061414857278,-0.072601316614304,0.13155093943355567,0.5714305400042647,9513,1343,37,weight_original,cluster_robust_psu,True,"{'child_sex': {'reference': 'Male', 'reference_column': 'child_sex_Male'}, 'maternal_education': {'reference': 'No education', 'reference_column': 'maternal_education_No education'}, 'literacy': {'reference': 'Cannot read at all', 'reference_column': 'literacy_Cannot read at all'}, 'wealth_quintile': {'reference': 'Poorest', 'reference_column': 'wealth_quintile_Poorest'}, 'residence': {'reference': 'Rural', 'reference_column': 'residence_Rural'}, 'country_admin_region': {'reference': 'nigeria::01', 'reference_column': 'country_admin_region_nigeria::01'}}"
binary_lpm,model4_preferred_lpm,underweight,nigeria,country_admin_region_nigeria::09,0.022137918972310423,0.041442859515838294,-0.0590885930950857,0.10336443103970654,0.5932174677550378,9513,1343,37,weight_original,cluster_robust_psu,True,"{'child_sex': {'reference': 'Male', 'reference_column': 'child_sex_Male'}, 'maternal_education': {'reference': 'No education', 'reference_column': 'maternal_education_No education'}, 'literacy': {'reference': 'Cannot read at all', 'reference_column': 'literacy_Cannot read at all'}, 'wealth_quintile': {'reference': 'Poorest', 'reference_column': 'wealth_quintile_Poorest'}, 'residence': {'reference': 'Rural', 'reference_column': 'residence_Rural'}, 'country_admin_region': {'reference': 'nigeria::01', 'reference_column': 'country_admin_region_nigeria::01'}}"
binary_lpm,model4_preferred_lpm,underweight,nigeria,country_admin_region_nigeria::10,-0.01965936679913647,0.052516661256525356,-0.12259013145021619,0.08327139785194324,0.7081474124055196,9513,1343,37,weight_original,cluster_robust_psu,True,"{'child_sex': {'reference': 'Male', 'reference_column': 'child_sex_Male'}, 'maternal_education': {'reference': 'No education', 'reference_column': 'maternal_education_No education'}, 'literacy': {'reference': 'Cannot read at all', 'reference_column': 'literacy_Cannot read at all'}, 'wealth_quintile': {'reference': 'Poorest', 'reference_column': 'wealth_quintile_Poorest'}, 'residence': {'reference': 'Rural', 'reference_column': 'residence_Rural'}, 'country_admin_region': {'reference': 'nigeria::01', 'reference_column': 'country_admin_region_nigeria::01'}}"
binary_lpm,model4_preferred_lpm,underweight,nigeria,country_admin_region_nigeria::11,0.07727255173009,0.04944151238106745,-0.01963103187799338,0.1741761353381734,0.1180741572172451,9513,1343,37,weight_original,cluster_robust_psu,True,"{'child_sex': {'reference': 'Male', 'reference_column': 'child_sex_Male'}, 'maternal_education': {'reference': 'No education', 'reference_column': 'maternal_education_No education'}, 'literacy': {'reference': 'Cannot read at all', 'reference_column': 'literacy_Cannot read at all'}, 'wealth_quintile': {'reference': 'Poorest', 'reference_column': 'wealth_quintile_Poorest'}, 'residence': {'reference': 'Rural', 'reference_column': 'residence_Rural'}, 'country_admin_region': {'reference': 'nigeria::01', 'reference_column': 'country_admin_region_nigeria::01'}}"
binary_lpm,model4_preferred_lpm,underweight,nigeria,country_admin_region_nigeria::12,0.023751331671079838,0.054638494534792345,-0.08333814978660173,0.13084081312876142,0.6637804894110255,9513,1343,37,weight_original,cluster_robust_psu,True,"{'child_sex': {'reference': 'Male', 'reference_column': 'child_sex_Male'}, 'maternal_education': {'reference': 'No education', 'reference_column': 'maternal_education_No education'}, 'literacy': {'reference': 'Cannot read at all', 'reference_column': 'literacy_Cannot read at all'}, 'wealth_quintile': {'reference': 'Poorest', 'reference_column': 'wealth_quintile_Poorest'}, 'residence': {'reference': 'Rural', 'reference_column': 'residence_Rural'}, 'country_admin_region': {'reference': 'nigeria::01', 'reference_column': 'country_admin_region_nigeria::01'}}"
binary_lpm,model4_preferred_lpm,underweight,nigeria,country_admin_region_nigeria::13,0.07214320121858894,0.04996753108773487,-0.02579136010975691,0.1700777625469348,0.14879479245748423,9513,1343,37,weight_original,cluster_robust_psu,True,"{'child_sex': {'reference': 'Male', 'reference_column': 'child_sex_Male'}, 'maternal_education': {'reference': 'No education', 'reference_column': 'maternal_education_No education'}, 'literacy': {'reference': 'Cannot read at all', 'reference_column': 'literacy_Cannot read at all'}, 'wealth_quintile': {'reference': 'Poorest', 'reference_column': 'wealth_quintile_Poorest'}, 'residence': {'reference': 'Rural', 'reference_column': 'residence_Rural'}, 'country_admin_region': {'reference': 'nigeria::01', 'reference_column': 'country_admin_region_nigeria::01'}}"
binary_lpm,model4_preferred_lpm,underweight,nigeria,country_admin_region_nigeria::14,0.0691585476333324,0.04913889030072569,-0.027151907596354538,0.16546900286301935,0.1593059559746962,9513,1343,37,weight_original,cluster_robust_psu,True,"{'child_sex': {'reference': 'Male', 'reference_column': 'child_sex_Male'}, 'maternal_education': {'reference': 'No education', 'reference_column': 'maternal_education_No education'}, 'literacy': {'reference': 'Cannot read at all', 'reference_column': 'literacy_Cannot read at all'}, 'wealth_quintile': {'reference': 'Poorest', 'reference_column': 'wealth_quintile_Poorest'}, 'residence': {'reference': 'Rural', 'reference_column': 'residence_Rural'}, 'country_admin_region': {'reference': 'nigeria::01', 'reference_column': 'country_admin_region_nigeria::01'}}"
binary_lpm,model4_preferred_lpm,underweight,nigeria,country_admin_region_nigeria::15,0.001747381073081422,0.03750706560016383,-0.07176511666902087,0.07525987881518371,0.9628415558652077,9513,1343,37,weight_original,cluster_robust_psu,True,"{'child_sex': {'reference': 'Male', 'reference_column': 'child_sex_Male'}, 'maternal_education': {'reference': 'No education', 'reference_column': 'maternal_education_No education'}, 'literacy': {'reference': 'Cannot read at all', 'reference_column': 'literacy_Cannot read at all'}, 'wealth_quintile': {'reference': 'Poorest', 'reference_column': 'wealth_quintile_Poorest'}, 'residence': {'reference': 'Rural', 'reference_column': 'residence_Rural'}, 'country_admin_region': {'reference': 'nigeria::01', 'reference_column': 'country_admin_region_nigeria::01'}}"
binary_lpm,model4_preferred_lpm,underweight,nigeria,country_admin_region_nigeria::16,0.11618740077095949,0.04155280734770488,0.034745394912926594,0.19762940662899237,0.005171724615749827,9513,1343,37,weight_original,cluster_robust_psu,True,"{'child_sex': {'reference': 'Male', 'reference_column': 'child_sex_Male'}, 'maternal_education': {'reference': 'No education', 'reference_column': 'maternal_education_No education'}, 'literacy': {'reference': 'Cannot read at all', 'reference_column': 'literacy_Cannot read at all'}, 'wealth_quintile': {'reference': 'Poorest', 'reference_column': 'wealth_quintile_Poorest'}, 'residence': {'reference': 'Rural', 'reference_column': 'residence_Rural'}, 'country_admin_region': {'reference': 'nigeria::01', 'reference_column': 'country_admin_region_nigeria::01'}}"
binary_lpm,model4_preferred_lpm,underweight,nigeria,country_admin_region_nigeria::17,-0.058398768101531905,0.04562006577980303,-0.147812454002294,0.031014917799230206,0.20050594580378767,9513,1343,37,weight_original,cluster_robust_psu,True,"{'child_sex': {'reference': 'Male', 'reference_column': 'child_sex_Male'}, 'maternal_education': {'reference': 'No education', 'reference_column': 'maternal_education_No education'}, 'literacy': {'reference': 'Cannot read at all', 'reference_column': 'literacy_Cannot read at all'}, 'wealth_quintile': {'reference': 'Poorest', 'reference_column': 'wealth_quintile_Poorest'}, 'residence': {'reference': 'Rural', 'reference_column': 'residence_Rural'}, 'country_admin_region': {'reference': 'nigeria::01', 'reference_column': 'country_admin_region_nigeria::01'}}"
binary_lpm,model4_preferred_lpm,underweight,nigeria,country_admin_region_nigeria::18,0.05596261422686143,0.04776852403157484,-0.03766197246966132,0.14958720092338418,0.24138281881109325,9513,1343,37,weight_original,cluster_robust_psu,True,"{'child_sex': {'reference': 'Male', 'reference_column': 'child_sex_Male'}, 'maternal_education': {'reference': 'No education', 'reference_column': 'maternal_education_No education'}, 'literacy': {'reference': 'Cannot read at all', 'reference_column': 'literacy_Cannot read at all'}, 'wealth_quintile': {'reference': 'Poorest', 'reference_column': 'wealth_quintile_Poorest'}, 'residence': {'reference': 'Rural', 'reference_column': 'residence_Rural'}, 'country_admin_region': {'reference': 'nigeria::01', 'reference_column': 'country_admin_region_nigeria::01'}}"
binary_lpm,model4_preferred_lpm,underweight,nigeria,country_admin_region_nigeria::19,-0.07670160232657819,0.04637346828409826,-0.16759193000162123,0.014188725348464853,0.09812801313500076,9513,1343,37,weight_original,cluster_robust_psu,True,"{'child_sex': {'reference': 'Male', 'reference_column': 'child_sex_Male'}, 'maternal_education': {'reference': 'No education', 'reference_column': 'maternal_education_No education'}, 'literacy': {'reference': 'Cannot read at all', 'reference_column': 'literacy_Cannot read at all'}, 'wealth_quintile': {'reference': 'Poorest', 'reference_column': 'wealth_quintile_Poorest'}, 'residence': {'reference': 'Rural', 'reference_column': 'residence_Rural'}, 'country_admin_region': {'reference': 'nigeria::01', 'reference_column': 'country_admin_region_nigeria::01'}}"
binary_lpm,model4_preferred_lpm,underweight,nigeria,country_admin_region_nigeria::20,0.14207962607647437,0.05023210139993876,0.04362651646483037,0.24053273568811837,0.004677214849960908,9513,1343,37,weight_original,cluster_robust_psu,True,"{'child_sex': {'reference': 'Male', 'reference_column': 'child_sex_Male'}, 'maternal_education': {'reference': 'No education', 'reference_column': 'maternal_education_No education'}, 'literacy': {'reference': 'Cannot read at all', 'reference_column': 'literacy_Cannot read at all'}, 'wealth_quintile': {'reference': 'Poorest', 'reference_column': 'wealth_quintile_Poorest'}, 'residence': {'reference': 'Rural', 'reference_column': 'residence_Rural'}, 'country_admin_region': {'reference': 'nigeria::01', 'reference_column': 'country_admin_region_nigeria::01'}}"
binary_lpm,model4_preferred_lpm,underweight,nigeria,country_admin_region_nigeria::21,0.00674504677559082,0.04942920013146616,-0.09013440526670535,0.10362449881788699,0.8914586335899071,9513,1343,37,weight_original,cluster_robust_psu,True,"{'child_sex': {'reference': 'Male', 'reference_column': 'child_sex_Male'}, 'maternal_education': {'reference': 'No education', 'reference_column': 'maternal_education_No education'}, 'literacy': {'reference': 'Cannot read at all', 'reference_column': 'literacy_Cannot read at all'}, 'wealth_quintile': {'reference': 'Poorest', 'reference_column': 'wealth_quintile_Poorest'}, 'residence': {'reference': 'Rural', 'reference_column': 'residence_Rural'}, 'country_admin_region': {'reference': 'nigeria::01', 'reference_column': 'country_admin_region_nigeria::01'}}"
binary_lpm,model4_preferred_lpm,underweight,nigeria,country_admin_region_nigeria::22,-0.02569001067219008,0.03799381890210976,-0.10015652735546235,0.04877650601108219,0.4989372263208789,9513,1343,37,weight_original,cluster_robust_psu,True,"{'child_sex': {'reference': 'Male', 'reference_column': 'child_sex_Male'}, 'maternal_education': {'reference': 'No education', 'reference_column': 'maternal_education_No education'}, 'literacy': {'reference': 'Cannot read at all', 'reference_column': 'literacy_Cannot read at all'}, 'wealth_quintile': {'reference': 'Poorest', 'reference_column': 'wealth_quintile_Poorest'}, 'residence': {'reference': 'Rural', 'reference_column': 'residence_Rural'}, 'country_admin_region': {'reference': 'nigeria::01', 'reference_column': 'country_admin_region_nigeria::01'}}"
binary_lpm,model4_preferred_lpm,underweight,nigeria,country_admin_region_nigeria::23,-0.02560895019590821,0.03793671051661522,-0.09996353650039595,0.04874563610857953,0.4996477875036325,9513,1343,37,weight_original,cluster_robust_psu,True,"{'child_sex': {'reference': 'Male', 'reference_column': 'child_sex_Male'}, 'maternal_education': {'reference': 'No education', 'reference_column': 'maternal_education_No education'}, 'literacy': {'reference': 'Cannot read at all', 'reference_column': 'literacy_Cannot read at all'}, 'wealth_quintile': {'reference': 'Poorest', 'reference_column': 'wealth_quintile_Poorest'}, 'residence': {'reference': 'Rural', 'reference_column': 'residence_Rural'}, 'country_admin_region': {'reference': 'nigeria::01', 'reference_column': 'country_admin_region_nigeria::01'}}"
binary_lpm,model4_preferred_lpm,underweight,nigeria,country_admin_region_nigeria::24,-0.10562510301222162,0.035020871348800144,-0.17426474956308058,-0.036985456461362684,0.0025608128451173858,9513,1343,37,weight_original,cluster_robust_psu,True,"{'child_sex': {'reference': 'Male', 'reference_column': 'child_sex_Male'}, 'maternal_education': {'reference': 'No education', 'reference_column': 'maternal_education_No education'}, 'literacy': {'reference': 'Cannot read at all', 'reference_column': 'literacy_Cannot read at all'}, 'wealth_quintile': {'reference': 'Poorest', 'reference_column': 'wealth_quintile_Poorest'}, 'residence': {'reference': 'Rural', 'reference_column': 'residence_Rural'}, 'country_admin_region': {'reference': 'nigeria::01', 'reference_column': 'country_admin_region_nigeria::01'}}"
binary_lpm,model4_preferred_lpm,underweight,nigeria,country_admin_region_nigeria::25,-0.010406734263459616,0.03894025036006397,-0.08672822251815786,0.06591475399123863,0.7892776232027618,9513,1343,37,weight_original,cluster_robust_psu,True,"{'child_sex': {'reference': 'Male', 'reference_column': 'child_sex_Male'}, 'maternal_education': {'reference': 'No education', 'reference_column': 'maternal_education_No education'}, 'literacy': {'reference': 'Cannot read at all', 'reference_column': 'literacy_Cannot read at all'}, 'wealth_quintile': {'reference': 'Poorest', 'reference_column': 'wealth_quintile_Poorest'}, 'residence': {'reference': 'Rural', 'reference_column': 'residence_Rural'}, 'country_admin_region': {'reference': 'nigeria::01', 'reference_column': 'country_admin_region_nigeria::01'}}"
binary_lpm,model4_preferred_lpm,underweight,nigeria,country_admin_region_nigeria::26,0.03754826182224572,0.04226675741137409,-0.045293060447338905,0.12038958409183034,0.3743450326790405,9513,1343,37,weight_original,cluster_robust_psu,True,"{'child_sex': {'reference': 'Male', 'reference_column': 'child_sex_Male'}, 'maternal_education': {'reference': 'No education', 'reference_column': 'maternal_education_No education'}, 'literacy': {'reference': 'Cannot read at all', 'reference_column': 'literacy_Cannot read at all'}, 'wealth_quintile': {'reference': 'Poorest', 'reference_column': 'wealth_quintile_Poorest'}, 'residence': {'reference': 'Rural', 'reference_column': 'residence_Rural'}, 'country_admin_region': {'reference': 'nigeria::01', 'reference_column': 'country_admin_region_nigeria::01'}}"
binary_lpm,model4_preferred_lpm,underweight,nigeria,country_admin_region_nigeria::27,0.03655438503435393,0.04327893098685527,-0.048270760989276934,0.1213795310579848,0.398321305072617,9513,1343,37,weight_original,cluster_robust_psu,True,"{'child_sex': {'reference': 'Male', 'reference_column': 'child_sex_Male'}, 'maternal_education': {'reference': 'No education', 'reference_column': 'maternal_education_No education'}, 'literacy': {'reference': 'Cannot read at all', 'reference_column': 'literacy_Cannot read at all'}, 'wealth_quintile': {'reference': 'Poorest', 'reference_column': 'wealth_quintile_Poorest'}, 'residence': {'reference': 'Rural', 'reference_column': 'residence_Rural'}, 'country_admin_region': {'reference': 'nigeria::01', 'reference_column': 'country_admin_region_nigeria::01'}}"
binary_lpm,model4_preferred_lpm,underweight,nigeria,country_admin_region_nigeria::28,-0.02478463781155864,0.04285978970535981,-0.10878828201902443,0.05921900639590716,0.5630801566429773,9513,1343,37,weight_original,cluster_robust_psu,True,"{'child_sex': {'reference': 'Male', 'reference_column': 'child_sex_Male'}, 'maternal_education': {'reference': 'No education', 'reference_column': 'maternal_education_No education'}, 'literacy': {'reference': 'Cannot read at all', 'reference_column': 'literacy_Cannot read at all'}, 'wealth_quintile': {'reference': 'Poorest', 'reference_column': 'wealth_quintile_Poorest'}, 'residence': {'reference': 'Rural', 'reference_column': 'residence_Rural'}, 'country_admin_region': {'reference': 'nigeria::01', 'reference_column': 'country_admin_region_nigeria::01'}}"
binary_lpm,model4_preferred_lpm,underweight,nigeria,country_admin_region_nigeria::29,0.0518308639870865,0.042759514791062214,-0.03197624499980317,0.13563797297397617,0.22545569980120161,9513,1343,37,weight_original,cluster_robust_psu,True,"{'child_sex': {'reference': 'Male', 'reference_column': 'child_sex_Male'}, 'maternal_education': {'reference': 'No education', 'reference_column': 'maternal_education_No education'}, 'literacy': {'reference': 'Cannot read at all', 'reference_column': 'literacy_Cannot read at all'}, 'wealth_quintile': {'reference': 'Poorest', 'reference_column': 'wealth_quintile_Poorest'}, 'residence': {'reference': 'Rural', 'reference_column': 'residence_Rural'}, 'country_admin_region': {'reference': 'nigeria::01', 'reference_column': 'country_admin_region_nigeria::01'}}"
binary_lpm,model4_preferred_lpm,underweight,nigeria,country_admin_region_nigeria::30,-0.01794321329699118,0.03659882421709037,-0.08967559063900064,0.05378916404501828,0.6239446362168968,9513,1343,37,weight_original,cluster_robust_psu,True,"{'child_sex': {'reference': 'Male', 'reference_column': 'child_sex_Male'}, 'maternal_education': {'reference': 'No education', 'reference_column': 'maternal_education_No education'}, 'literacy': {'reference': 'Cannot read at all', 'reference_column': 'literacy_Cannot read at all'}, 'wealth_quintile': {'reference': 'Poorest', 'reference_column': 'wealth_quintile_Poorest'}, 'residence': {'reference': 'Rural', 'reference_column': 'residence_Rural'}, 'country_admin_region': {'reference': 'nigeria::01', 'reference_column': 'country_admin_region_nigeria::01'}}"
binary_lpm,model4_preferred_lpm,underweight,nigeria,country_admin_region_nigeria::31,-0.02831556086975677,0.036972431512313234,-0.10078019505476447,0.044149073315250933,0.4437619510031102,9513,1343,37,weight_original,cluster_robust_psu,True,"{'child_sex': {'reference': 'Male', 'reference_column': 'child_sex_Male'}, 'maternal_education': {'reference': 'No education', 'reference_column': 'maternal_education_No education'}, 'literacy': {'reference': 'Cannot read at all', 'reference_column': 'literacy_Cannot read at all'}, 'wealth_quintile': {'reference': 'Poorest', 'reference_column': 'wealth_quintile_Poorest'}, 'residence': {'reference': 'Rural', 'reference_column': 'residence_Rural'}, 'country_admin_region': {'reference': 'nigeria::01', 'reference_column': 'country_admin_region_nigeria::01'}}"
binary_lpm,model4_preferred_lpm,underweight,nigeria,country_admin_region_nigeria::32,-0.013182045003719656,0.04784488696333325,-0.10695630029624277,0.08059221028880346,0.7829196243283879,9513,1343,37,weight_original,cluster_robust_psu,True,"{'child_sex': {'reference': 'Male', 'reference_column': 'child_sex_Male'}, 'maternal_education': {'reference': 'No education', 'reference_column': 'maternal_education_No education'}, 'literacy': {'reference': 'Cannot read at all', 'reference_column': 'literacy_Cannot read at all'}, 'wealth_quintile': {'reference': 'Poorest', 'reference_column': 'wealth_quintile_Poorest'}, 'residence': {'reference': 'Rural', 'reference_column': 'residence_Rural'}, 'country_admin_region': {'reference': 'nigeria::01', 'reference_column': 'country_admin_region_nigeria::01'}}"
binary_lpm,model4_preferred_lpm,underweight,nigeria,country_admin_region_nigeria::33,0.007219519676000749,0.04337961962893722,-0.07780297245976299,0.09224201181176449,0.8678212951946134,9513,1343,37,weight_original,cluster_robust_psu,True,"{'child_sex': {'reference': 'Male', 'reference_column': 'child_sex_Male'}, 'maternal_education': {'reference': 'No education', 'reference_column': 'maternal_education_No education'}, 'literacy': {'reference': 'Cannot read at all', 'reference_column': 'literacy_Cannot read at all'}, 'wealth_quintile': {'reference': 'Poorest', 'reference_column': 'wealth_quintile_Poorest'}, 'residence': {'reference': 'Rural', 'reference_column': 'residence_Rural'}, 'country_admin_region': {'reference': 'nigeria::01', 'reference_column': 'country_admin_region_nigeria::01'}}"
binary_lpm,model4_preferred_lpm,underweight,nigeria,country_admin_region_nigeria::34,0.07138944341471454,0.04943962316850206,-0.02551043740478154,0.1682893242342106,0.14874678416465806,9513,1343,37,weight_original,cluster_robust_psu,True,"{'child_sex': {'reference': 'Male', 'reference_column': 'child_sex_Male'}, 'maternal_education': {'reference': 'No education', 'reference_column': 'maternal_education_No education'}, 'literacy': {'reference': 'Cannot read at all', 'reference_column': 'literacy_Cannot read at all'}, 'wealth_quintile': {'reference': 'Poorest', 'reference_column': 'wealth_quintile_Poorest'}, 'residence': {'reference': 'Rural', 'reference_column': 'residence_Rural'}, 'country_admin_region': {'reference': 'nigeria::01', 'reference_column': 'country_admin_region_nigeria::01'}}"
binary_lpm,model4_preferred_lpm,underweight,nigeria,country_admin_region_nigeria::35,-0.0008674346021277785,0.047737170836678014,-0.09443057016585249,0.09269570096159693,0.9855023961722424,9513,1343,37,weight_original,cluster_robust_psu,True,"{'child_sex': {'reference': 'Male', 'reference_column': 'child_sex_Male'}, 'maternal_education': {'reference': 'No education', 'reference_column': 'maternal_education_No education'}, 'literacy': {'reference': 'Cannot read at all', 'reference_column': 'literacy_Cannot read at all'}, 'wealth_quintile': {'reference': 'Poorest', 'reference_column': 'wealth_quintile_Poorest'}, 'residence': {'reference': 'Rural', 'reference_column': 'residence_Rural'}, 'country_admin_region': {'reference': 'nigeria::01', 'reference_column': 'country_admin_region_nigeria::01'}}"
binary_lpm,model4_preferred_lpm,underweight,nigeria,country_admin_region_nigeria::36,0.12348530154136855,0.054883111372006785,0.01591637989273459,0.23105422319000252,0.024450910541072037,9513,1343,37,weight_original,cluster_robust_psu,True,"{'child_sex': {'reference': 'Male', 'reference_column': 'child_sex_Male'}, 'maternal_education': {'reference': 'No education', 'reference_column': 'maternal_education_No education'}, 'literacy': {'reference': 'Cannot read at all', 'reference_column': 'literacy_Cannot read at all'}, 'wealth_quintile': {'reference': 'Poorest', 'reference_column': 'wealth_quintile_Poorest'}, 'residence': {'reference': 'Rural', 'reference_column': 'residence_Rural'}, 'country_admin_region': {'reference': 'nigeria::01', 'reference_column': 'country_admin_region_nigeria::01'}}"
binary_lpm,model4_preferred_lpm,underweight,nigeria,country_admin_region_nigeria::37,0.07640639605075089,0.04193536164872289,-0.005785402459408201,0.15859819456090998,0.06845438094506698,9513,1343,37,weight_original,cluster_robust_psu,True,"{'child_sex': {'reference': 'Male', 'reference_column': 'child_sex_Male'}, 'maternal_education': {'reference': 'No education', 'reference_column': 'maternal_education_No education'}, 'literacy': {'reference': 'Cannot read at all', 'reference_column': 'literacy_Cannot read at all'}, 'wealth_quintile': {'reference': 'Poorest', 'reference_column': 'wealth_quintile_Poorest'}, 'residence': {'reference': 'Rural', 'reference_column': 'residence_Rural'}, 'country_admin_region': {'reference': 'nigeria::01', 'reference_column': 'country_admin_region_nigeria::01'}}"
