robustness_family,model_label,outcome,country_scope,term,coefficient,standard_error,ci_lower,ci_upper,p_value,estimation_n,psu_count,fe_region_count,weight_method,clustering_method,fe_included,reference_category_metadata
ghana_biodigester,model4_biodigester_swap,haz,pooled,const,-2.2171652611632497,0.11470255190162175,-2.4419781318252647,-1.9923523905012348,3.0220328385287847e-83,36985,4434,114,model_specific_equal_total_country_weight,cluster_robust_country_psu,True,"{'child_sex': {'reference': 'Male', 'reference_column': 'child_sex_Male'}, 'maternal_education': {'reference': 'No education', 'reference_column': 'maternal_education_No education'}, 'literacy': {'reference': 'Cannot read at all', 'reference_column': 'literacy_Cannot read at all'}, 'wealth_quintile': {'reference': 'Poorest', 'reference_column': 'wealth_quintile_Poorest'}, 'residence': {'reference': 'Rural', 'reference_column': 'residence_Rural'}, 'country_admin_region': {'reference': 'ethiopia::01', 'reference_column': 'country_admin_region_ethiopia::01'}}"
ghana_biodigester,model4_biodigester_swap,haz,pooled,water_rate_loo,0.033211429622353635,0.05933568704440568,-0.08308437998262139,0.14950723922732864,0.5756697614686781,36985,4434,114,model_specific_equal_total_country_weight,cluster_robust_country_psu,True,"{'child_sex': {'reference': 'Male', 'reference_column': 'child_sex_Male'}, 'maternal_education': {'reference': 'No education', 'reference_column': 'maternal_education_No education'}, 'literacy': {'reference': 'Cannot read at all', 'reference_column': 'literacy_Cannot read at all'}, 'wealth_quintile': {'reference': 'Poorest', 'reference_column': 'wealth_quintile_Poorest'}, 'residence': {'reference': 'Rural', 'reference_column': 'residence_Rural'}, 'country_admin_region': {'reference': 'ethiopia::01', 'reference_column': 'country_admin_region_ethiopia::01'}}"
ghana_biodigester,model4_biodigester_swap,haz,pooled,sanitation_rate_loo_robustness_biodigester,0.00916773259409881,0.0619021808234359,-0.11215831238432153,0.13049377757251915,0.8822635993877294,36985,4434,114,model_specific_equal_total_country_weight,cluster_robust_country_psu,True,"{'child_sex': {'reference': 'Male', 'reference_column': 'child_sex_Male'}, 'maternal_education': {'reference': 'No education', 'reference_column': 'maternal_education_No education'}, 'literacy': {'reference': 'Cannot read at all', 'reference_column': 'literacy_Cannot read at all'}, 'wealth_quintile': {'reference': 'Poorest', 'reference_column': 'wealth_quintile_Poorest'}, 'residence': {'reference': 'Rural', 'reference_column': 'residence_Rural'}, 'country_admin_region': {'reference': 'ethiopia::01', 'reference_column': 'country_admin_region_ethiopia::01'}}"
ghana_biodigester,model4_biodigester_swap,haz,pooled,b19_raw,-0.013449644487225037,0.0007550867680365365,-0.014929587357779397,-0.011969701616670676,5.698233020761402e-71,36985,4434,114,model_specific_equal_total_country_weight,cluster_robust_country_psu,True,"{'child_sex': {'reference': 'Male', 'reference_column': 'child_sex_Male'}, 'maternal_education': {'reference': 'No education', 'reference_column': 'maternal_education_No education'}, 'literacy': {'reference': 'Cannot read at all', 'reference_column': 'literacy_Cannot read at all'}, 'wealth_quintile': {'reference': 'Poorest', 'reference_column': 'wealth_quintile_Poorest'}, 'residence': {'reference': 'Rural', 'reference_column': 'residence_Rural'}, 'country_admin_region': {'reference': 'ethiopia::01', 'reference_column': 'country_admin_region_ethiopia::01'}}"
ghana_biodigester,model4_biodigester_swap,haz,pooled,birth_order_raw,-0.058683521331414024,0.009241528990820593,-0.07679658531550518,-0.04057045734732287,2.1534336631377845e-10,36985,4434,114,model_specific_equal_total_country_weight,cluster_robust_country_psu,True,"{'child_sex': {'reference': 'Male', 'reference_column': 'child_sex_Male'}, 'maternal_education': {'reference': 'No education', 'reference_column': 'maternal_education_No education'}, 'literacy': {'reference': 'Cannot read at all', 'reference_column': 'literacy_Cannot read at all'}, 'wealth_quintile': {'reference': 'Poorest', 'reference_column': 'wealth_quintile_Poorest'}, 'residence': {'reference': 'Rural', 'reference_column': 'residence_Rural'}, 'country_admin_region': {'reference': 'ethiopia::01', 'reference_column': 'country_admin_region_ethiopia::01'}}"
ghana_biodigester,model4_biodigester_swap,haz,pooled,maternal_age,0.026585491293138228,0.0029393618334593516,0.020824447962026277,0.032346534624250176,1.5014899701990509e-19,36985,4434,114,model_specific_equal_total_country_weight,cluster_robust_country_psu,True,"{'child_sex': {'reference': 'Male', 'reference_column': 'child_sex_Male'}, 'maternal_education': {'reference': 'No education', 'reference_column': 'maternal_education_No education'}, 'literacy': {'reference': 'Cannot read at all', 'reference_column': 'literacy_Cannot read at all'}, 'wealth_quintile': {'reference': 'Poorest', 'reference_column': 'wealth_quintile_Poorest'}, 'residence': {'reference': 'Rural', 'reference_column': 'residence_Rural'}, 'country_admin_region': {'reference': 'ethiopia::01', 'reference_column': 'country_admin_region_ethiopia::01'}}"
ghana_biodigester,model4_biodigester_swap,haz,pooled,household_size_raw,-0.0038200878185333563,0.004869170837703667,-0.013363487295005267,0.005723311657938555,0.4327198840739329,36985,4434,114,model_specific_equal_total_country_weight,cluster_robust_country_psu,True,"{'child_sex': {'reference': 'Male', 'reference_column': 'child_sex_Male'}, 'maternal_education': {'reference': 'No education', 'reference_column': 'maternal_education_No education'}, 'literacy': {'reference': 'Cannot read at all', 'reference_column': 'literacy_Cannot read at all'}, 'wealth_quintile': {'reference': 'Poorest', 'reference_column': 'wealth_quintile_Poorest'}, 'residence': {'reference': 'Rural', 'reference_column': 'residence_Rural'}, 'country_admin_region': {'reference': 'ethiopia::01', 'reference_column': 'country_admin_region_ethiopia::01'}}"
ghana_biodigester,model4_biodigester_swap,haz,pooled,child_sex_Female,0.1513124736300178,0.022276885890461947,0.10765057959700389,0.1949743676630317,1.1031917286258147e-11,36985,4434,114,model_specific_equal_total_country_weight,cluster_robust_country_psu,True,"{'child_sex': {'reference': 'Male', 'reference_column': 'child_sex_Male'}, 'maternal_education': {'reference': 'No education', 'reference_column': 'maternal_education_No education'}, 'literacy': {'reference': 'Cannot read at all', 'reference_column': 'literacy_Cannot read at all'}, 'wealth_quintile': {'reference': 'Poorest', 'reference_column': 'wealth_quintile_Poorest'}, 'residence': {'reference': 'Rural', 'reference_column': 'residence_Rural'}, 'country_admin_region': {'reference': 'ethiopia::01', 'reference_column': 'country_admin_region_ethiopia::01'}}"
ghana_biodigester,model4_biodigester_swap,haz,pooled,maternal_education_Higher,0.22222213570239532,0.06417736643542642,0.09643680886632983,0.3480074625384608,0.0005349339233062478,36985,4434,114,model_specific_equal_total_country_weight,cluster_robust_country_psu,True,"{'child_sex': {'reference': 'Male', 'reference_column': 'child_sex_Male'}, 'maternal_education': {'reference': 'No education', 'reference_column': 'maternal_education_No education'}, 'literacy': {'reference': 'Cannot read at all', 'reference_column': 'literacy_Cannot read at all'}, 'wealth_quintile': {'reference': 'Poorest', 'reference_column': 'wealth_quintile_Poorest'}, 'residence': {'reference': 'Rural', 'reference_column': 'residence_Rural'}, 'country_admin_region': {'reference': 'ethiopia::01', 'reference_column': 'country_admin_region_ethiopia::01'}}"
ghana_biodigester,model4_biodigester_swap,haz,pooled,maternal_education_Primary,-0.057388406704981715,0.046915439429484576,-0.14934097830564186,0.03456416489567843,0.221242566097686,36985,4434,114,model_specific_equal_total_country_weight,cluster_robust_country_psu,True,"{'child_sex': {'reference': 'Male', 'reference_column': 'child_sex_Male'}, 'maternal_education': {'reference': 'No education', 'reference_column': 'maternal_education_No education'}, 'literacy': {'reference': 'Cannot read at all', 'reference_column': 'literacy_Cannot read at all'}, 'wealth_quintile': {'reference': 'Poorest', 'reference_column': 'wealth_quintile_Poorest'}, 'residence': {'reference': 'Rural', 'reference_column': 'residence_Rural'}, 'country_admin_region': {'reference': 'ethiopia::01', 'reference_column': 'country_admin_region_ethiopia::01'}}"
ghana_biodigester,model4_biodigester_swap,haz,pooled,maternal_education_Secondary,0.015844148351229555,0.05099563039552465,-0.08410545059291483,0.11579374729537392,0.7560315897673526,36985,4434,114,model_specific_equal_total_country_weight,cluster_robust_country_psu,True,"{'child_sex': {'reference': 'Male', 'reference_column': 'child_sex_Male'}, 'maternal_education': {'reference': 'No education', 'reference_column': 'maternal_education_No education'}, 'literacy': {'reference': 'Cannot read at all', 'reference_column': 'literacy_Cannot read at all'}, 'wealth_quintile': {'reference': 'Poorest', 'reference_column': 'wealth_quintile_Poorest'}, 'residence': {'reference': 'Rural', 'reference_column': 'residence_Rural'}, 'country_admin_region': {'reference': 'ethiopia::01', 'reference_column': 'country_admin_region_ethiopia::01'}}"
ghana_biodigester,model4_biodigester_swap,haz,pooled,literacy_Able to read only parts of sentence,0.159129353921452,0.04766711945715071,0.06570351653866816,0.25255519130423587,0.0008427862876243289,36985,4434,114,model_specific_equal_total_country_weight,cluster_robust_country_psu,True,"{'child_sex': {'reference': 'Male', 'reference_column': 'child_sex_Male'}, 'maternal_education': {'reference': 'No education', 'reference_column': 'maternal_education_No education'}, 'literacy': {'reference': 'Cannot read at all', 'reference_column': 'literacy_Cannot read at all'}, 'wealth_quintile': {'reference': 'Poorest', 'reference_column': 'wealth_quintile_Poorest'}, 'residence': {'reference': 'Rural', 'reference_column': 'residence_Rural'}, 'country_admin_region': {'reference': 'ethiopia::01', 'reference_column': 'country_admin_region_ethiopia::01'}}"
ghana_biodigester,model4_biodigester_swap,haz,pooled,literacy_Able to read whole sentence,0.14544591501905088,0.044229927564535886,0.05875684995374515,0.23213498008435662,0.0010075678174974597,36985,4434,114,model_specific_equal_total_country_weight,cluster_robust_country_psu,True,"{'child_sex': {'reference': 'Male', 'reference_column': 'child_sex_Male'}, 'maternal_education': {'reference': 'No education', 'reference_column': 'maternal_education_No education'}, 'literacy': {'reference': 'Cannot read at all', 'reference_column': 'literacy_Cannot read at all'}, 'wealth_quintile': {'reference': 'Poorest', 'reference_column': 'wealth_quintile_Poorest'}, 'residence': {'reference': 'Rural', 'reference_column': 'residence_Rural'}, 'country_admin_region': {'reference': 'ethiopia::01', 'reference_column': 'country_admin_region_ethiopia::01'}}"
ghana_biodigester,model4_biodigester_swap,haz,pooled,literacy_Blind/visually impaired,0.9940551514155642,0.5129463805052216,-0.011301280374848455,1.999411583205977,0.05263153202435083,36985,4434,114,model_specific_equal_total_country_weight,cluster_robust_country_psu,True,"{'child_sex': {'reference': 'Male', 'reference_column': 'child_sex_Male'}, 'maternal_education': {'reference': 'No education', 'reference_column': 'maternal_education_No education'}, 'literacy': {'reference': 'Cannot read at all', 'reference_column': 'literacy_Cannot read at all'}, 'wealth_quintile': {'reference': 'Poorest', 'reference_column': 'wealth_quintile_Poorest'}, 'residence': {'reference': 'Rural', 'reference_column': 'residence_Rural'}, 'country_admin_region': {'reference': 'ethiopia::01', 'reference_column': 'country_admin_region_ethiopia::01'}}"
ghana_biodigester,model4_biodigester_swap,haz,pooled,literacy_No card with required language,0.40117796147666973,0.23504776564972268,-0.05950719384339759,0.861863116796737,0.08786047037240922,36985,4434,114,model_specific_equal_total_country_weight,cluster_robust_country_psu,True,"{'child_sex': {'reference': 'Male', 'reference_column': 'child_sex_Male'}, 'maternal_education': {'reference': 'No education', 'reference_column': 'maternal_education_No education'}, 'literacy': {'reference': 'Cannot read at all', 'reference_column': 'literacy_Cannot read at all'}, 'wealth_quintile': {'reference': 'Poorest', 'reference_column': 'wealth_quintile_Poorest'}, 'residence': {'reference': 'Rural', 'reference_column': 'residence_Rural'}, 'country_admin_region': {'reference': 'ethiopia::01', 'reference_column': 'country_admin_region_ethiopia::01'}}"
ghana_biodigester,model4_biodigester_swap,haz,pooled,wealth_quintile_Middle,0.15699025533062216,0.04660607404351443,0.06564402874452682,0.2483364819167175,0.0007559195817251585,36985,4434,114,model_specific_equal_total_country_weight,cluster_robust_country_psu,True,"{'child_sex': {'reference': 'Male', 'reference_column': 'child_sex_Male'}, 'maternal_education': {'reference': 'No education', 'reference_column': 'maternal_education_No education'}, 'literacy': {'reference': 'Cannot read at all', 'reference_column': 'literacy_Cannot read at all'}, 'wealth_quintile': {'reference': 'Poorest', 'reference_column': 'wealth_quintile_Poorest'}, 'residence': {'reference': 'Rural', 'reference_column': 'residence_Rural'}, 'country_admin_region': {'reference': 'ethiopia::01', 'reference_column': 'country_admin_region_ethiopia::01'}}"
ghana_biodigester,model4_biodigester_swap,haz,pooled,wealth_quintile_Poorer,0.04084400612520287,0.03862990738240731,-0.03486922107043341,0.11655723332083914,0.2903675473463808,36985,4434,114,model_specific_equal_total_country_weight,cluster_robust_country_psu,True,"{'child_sex': {'reference': 'Male', 'reference_column': 'child_sex_Male'}, 'maternal_education': {'reference': 'No education', 'reference_column': 'maternal_education_No education'}, 'literacy': {'reference': 'Cannot read at all', 'reference_column': 'literacy_Cannot read at all'}, 'wealth_quintile': {'reference': 'Poorest', 'reference_column': 'wealth_quintile_Poorest'}, 'residence': {'reference': 'Rural', 'reference_column': 'residence_Rural'}, 'country_admin_region': {'reference': 'ethiopia::01', 'reference_column': 'country_admin_region_ethiopia::01'}}"
ghana_biodigester,model4_biodigester_swap,haz,pooled,wealth_quintile_Richer,0.2745824380080454,0.05467771049379155,0.16741609468310617,0.3817487813329846,5.118015322152681e-07,36985,4434,114,model_specific_equal_total_country_weight,cluster_robust_country_psu,True,"{'child_sex': {'reference': 'Male', 'reference_column': 'child_sex_Male'}, 'maternal_education': {'reference': 'No education', 'reference_column': 'maternal_education_No education'}, 'literacy': {'reference': 'Cannot read at all', 'reference_column': 'literacy_Cannot read at all'}, 'wealth_quintile': {'reference': 'Poorest', 'reference_column': 'wealth_quintile_Poorest'}, 'residence': {'reference': 'Rural', 'reference_column': 'residence_Rural'}, 'country_admin_region': {'reference': 'ethiopia::01', 'reference_column': 'country_admin_region_ethiopia::01'}}"
ghana_biodigester,model4_biodigester_swap,haz,pooled,wealth_quintile_Richest,0.5528266618708512,0.0661860726276764,0.42310434324245316,0.6825489804992492,6.676904040425208e-17,36985,4434,114,model_specific_equal_total_country_weight,cluster_robust_country_psu,True,"{'child_sex': {'reference': 'Male', 'reference_column': 'child_sex_Male'}, 'maternal_education': {'reference': 'No education', 'reference_column': 'maternal_education_No education'}, 'literacy': {'reference': 'Cannot read at all', 'reference_column': 'literacy_Cannot read at all'}, 'wealth_quintile': {'reference': 'Poorest', 'reference_column': 'wealth_quintile_Poorest'}, 'residence': {'reference': 'Rural', 'reference_column': 'residence_Rural'}, 'country_admin_region': {'reference': 'ethiopia::01', 'reference_column': 'country_admin_region_ethiopia::01'}}"
ghana_biodigester,model4_biodigester_swap,haz,pooled,residence_Urban,-0.02437457363423832,0.03584486614859683,-0.09462922031614707,0.04588007304767042,0.49650331883398824,36985,4434,114,model_specific_equal_total_country_weight,cluster_robust_country_psu,True,"{'child_sex': {'reference': 'Male', 'reference_column': 'child_sex_Male'}, 'maternal_education': {'reference': 'No education', 'reference_column': 'maternal_education_No education'}, 'literacy': {'reference': 'Cannot read at all', 'reference_column': 'literacy_Cannot read at all'}, 'wealth_quintile': {'reference': 'Poorest', 'reference_column': 'wealth_quintile_Poorest'}, 'residence': {'reference': 'Rural', 'reference_column': 'residence_Rural'}, 'country_admin_region': {'reference': 'ethiopia::01', 'reference_column': 'country_admin_region_ethiopia::01'}}"
ghana_biodigester,model4_biodigester_swap,haz,pooled,country_admin_region_ethiopia::02,0.0009547476965598107,0.12882752925305874,-0.2515425698567156,0.25345206524983516,0.994086889054397,36985,4434,114,model_specific_equal_total_country_weight,cluster_robust_country_psu,True,"{'child_sex': {'reference': 'Male', 'reference_column': 'child_sex_Male'}, 'maternal_education': {'reference': 'No education', 'reference_column': 'maternal_education_No education'}, 'literacy': {'reference': 'Cannot read at all', 'reference_column': 'literacy_Cannot read at all'}, 'wealth_quintile': {'reference': 'Poorest', 'reference_column': 'wealth_quintile_Poorest'}, 'residence': {'reference': 'Rural', 'reference_column': 'residence_Rural'}, 'country_admin_region': {'reference': 'ethiopia::01', 'reference_column': 'country_admin_region_ethiopia::01'}}"
ghana_biodigester,model4_biodigester_swap,haz,pooled,country_admin_region_ethiopia::03,-0.11665700689079998,0.10186758429282797,-0.3163138032968409,0.08299978951524094,0.252133435759166,36985,4434,114,model_specific_equal_total_country_weight,cluster_robust_country_psu,True,"{'child_sex': {'reference': 'Male', 'reference_column': 'child_sex_Male'}, 'maternal_education': {'reference': 'No education', 'reference_column': 'maternal_education_No education'}, 'literacy': {'reference': 'Cannot read at all', 'reference_column': 'literacy_Cannot read at all'}, 'wealth_quintile': {'reference': 'Poorest', 'reference_column': 'wealth_quintile_Poorest'}, 'residence': {'reference': 'Rural', 'reference_column': 'residence_Rural'}, 'country_admin_region': {'reference': 'ethiopia::01', 'reference_column': 'country_admin_region_ethiopia::01'}}"
ghana_biodigester,model4_biodigester_swap,haz,pooled,country_admin_region_ethiopia::04,0.23186643796006182,0.1114159291021567,0.013495229615766602,0.45023764630435703,0.037425782288637015,36985,4434,114,model_specific_equal_total_country_weight,cluster_robust_country_psu,True,"{'child_sex': {'reference': 'Male', 'reference_column': 'child_sex_Male'}, 'maternal_education': {'reference': 'No education', 'reference_column': 'maternal_education_No education'}, 'literacy': {'reference': 'Cannot read at all', 'reference_column': 'literacy_Cannot read at all'}, 'wealth_quintile': {'reference': 'Poorest', 'reference_column': 'wealth_quintile_Poorest'}, 'residence': {'reference': 'Rural', 'reference_column': 'residence_Rural'}, 'country_admin_region': {'reference': 'ethiopia::01', 'reference_column': 'country_admin_region_ethiopia::01'}}"
ghana_biodigester,model4_biodigester_swap,haz,pooled,country_admin_region_ethiopia::05,0.7992072711481178,0.14353325972985964,0.5178872514939596,1.080527290802276,2.575348249220155e-08,36985,4434,114,model_specific_equal_total_country_weight,cluster_robust_country_psu,True,"{'child_sex': {'reference': 'Male', 'reference_column': 'child_sex_Male'}, 'maternal_education': {'reference': 'No education', 'reference_column': 'maternal_education_No education'}, 'literacy': {'reference': 'Cannot read at all', 'reference_column': 'literacy_Cannot read at all'}, 'wealth_quintile': {'reference': 'Poorest', 'reference_column': 'wealth_quintile_Poorest'}, 'residence': {'reference': 'Rural', 'reference_column': 'residence_Rural'}, 'country_admin_region': {'reference': 'ethiopia::01', 'reference_column': 'country_admin_region_ethiopia::01'}}"
ghana_biodigester,model4_biodigester_swap,haz,pooled,country_admin_region_ethiopia::06,-0.22217132446442048,0.1563887365757091,-0.5286876157405321,0.08434496681169121,0.15542287622035086,36985,4434,114,model_specific_equal_total_country_weight,cluster_robust_country_psu,True,"{'child_sex': {'reference': 'Male', 'reference_column': 'child_sex_Male'}, 'maternal_education': {'reference': 'No education', 'reference_column': 'maternal_education_No education'}, 'literacy': {'reference': 'Cannot read at all', 'reference_column': 'literacy_Cannot read at all'}, 'wealth_quintile': {'reference': 'Poorest', 'reference_column': 'wealth_quintile_Poorest'}, 'residence': {'reference': 'Rural', 'reference_column': 'residence_Rural'}, 'country_admin_region': {'reference': 'ethiopia::01', 'reference_column': 'country_admin_region_ethiopia::01'}}"
ghana_biodigester,model4_biodigester_swap,haz,pooled,country_admin_region_ethiopia::07,0.3091987185510259,0.11698943927920295,0.07990363099225253,0.5384938061097992,0.008218410037523506,36985,4434,114,model_specific_equal_total_country_weight,cluster_robust_country_psu,True,"{'child_sex': {'reference': 'Male', 'reference_column': 'child_sex_Male'}, 'maternal_education': {'reference': 'No education', 'reference_column': 'maternal_education_No education'}, 'literacy': {'reference': 'Cannot read at all', 'reference_column': 'literacy_Cannot read at all'}, 'wealth_quintile': {'reference': 'Poorest', 'reference_column': 'wealth_quintile_Poorest'}, 'residence': {'reference': 'Rural', 'reference_column': 'residence_Rural'}, 'country_admin_region': {'reference': 'ethiopia::01', 'reference_column': 'country_admin_region_ethiopia::01'}}"
ghana_biodigester,model4_biodigester_swap,haz,pooled,country_admin_region_ethiopia::08,0.22946161385260236,0.1181770955385991,-0.0021612372006009906,0.4610844649058057,0.05217635261821274,36985,4434,114,model_specific_equal_total_country_weight,cluster_robust_country_psu,True,"{'child_sex': {'reference': 'Male', 'reference_column': 'child_sex_Male'}, 'maternal_education': {'reference': 'No education', 'reference_column': 'maternal_education_No education'}, 'literacy': {'reference': 'Cannot read at all', 'reference_column': 'literacy_Cannot read at all'}, 'wealth_quintile': {'reference': 'Poorest', 'reference_column': 'wealth_quintile_Poorest'}, 'residence': {'reference': 'Rural', 'reference_column': 'residence_Rural'}, 'country_admin_region': {'reference': 'ethiopia::01', 'reference_column': 'country_admin_region_ethiopia::01'}}"
ghana_biodigester,model4_biodigester_swap,haz,pooled,country_admin_region_ethiopia::09,0.1449497188900068,0.13816569488206856,-0.12585006697779766,0.41574950475781125,0.29413180172099207,36985,4434,114,model_specific_equal_total_country_weight,cluster_robust_country_psu,True,"{'child_sex': {'reference': 'Male', 'reference_column': 'child_sex_Male'}, 'maternal_education': {'reference': 'No education', 'reference_column': 'maternal_education_No education'}, 'literacy': {'reference': 'Cannot read at all', 'reference_column': 'literacy_Cannot read at all'}, 'wealth_quintile': {'reference': 'Poorest', 'reference_column': 'wealth_quintile_Poorest'}, 'residence': {'reference': 'Rural', 'reference_column': 'residence_Rural'}, 'country_admin_region': {'reference': 'ethiopia::01', 'reference_column': 'country_admin_region_ethiopia::01'}}"
ghana_biodigester,model4_biodigester_swap,haz,pooled,country_admin_region_ethiopia::10,0.10004350206951057,0.11762569376546722,-0.13049862136734275,0.3305856255063639,0.39503369774288144,36985,4434,114,model_specific_equal_total_country_weight,cluster_robust_country_psu,True,"{'child_sex': {'reference': 'Male', 'reference_column': 'child_sex_Male'}, 'maternal_education': {'reference': 'No education', 'reference_column': 'maternal_education_No education'}, 'literacy': {'reference': 'Cannot read at all', 'reference_column': 'literacy_Cannot read at all'}, 'wealth_quintile': {'reference': 'Poorest', 'reference_column': 'wealth_quintile_Poorest'}, 'residence': {'reference': 'Rural', 'reference_column': 'residence_Rural'}, 'country_admin_region': {'reference': 'ethiopia::01', 'reference_column': 'country_admin_region_ethiopia::01'}}"
ghana_biodigester,model4_biodigester_swap,haz,pooled,country_admin_region_ethiopia::12,1.1207325386131375,0.14493758907044949,0.8366600840289904,1.4048049931972846,1.0543977818977802e-14,36985,4434,114,model_specific_equal_total_country_weight,cluster_robust_country_psu,True,"{'child_sex': {'reference': 'Male', 'reference_column': 'child_sex_Male'}, 'maternal_education': {'reference': 'No education', 'reference_column': 'maternal_education_No education'}, 'literacy': {'reference': 'Cannot read at all', 'reference_column': 'literacy_Cannot read at all'}, 'wealth_quintile': {'reference': 'Poorest', 'reference_column': 'wealth_quintile_Poorest'}, 'residence': {'reference': 'Rural', 'reference_column': 'residence_Rural'}, 'country_admin_region': {'reference': 'ethiopia::01', 'reference_column': 'country_admin_region_ethiopia::01'}}"
ghana_biodigester,model4_biodigester_swap,haz,pooled,country_admin_region_ethiopia::13,0.20275214831419078,0.12724855688446418,-0.046650440264055376,0.4521547368924369,0.11108053250420273,36985,4434,114,model_specific_equal_total_country_weight,cluster_robust_country_psu,True,"{'child_sex': {'reference': 'Male', 'reference_column': 'child_sex_Male'}, 'maternal_education': {'reference': 'No education', 'reference_column': 'maternal_education_No education'}, 'literacy': {'reference': 'Cannot read at all', 'reference_column': 'literacy_Cannot read at all'}, 'wealth_quintile': {'reference': 'Poorest', 'reference_column': 'wealth_quintile_Poorest'}, 'residence': {'reference': 'Rural', 'reference_column': 'residence_Rural'}, 'country_admin_region': {'reference': 'ethiopia::01', 'reference_column': 'country_admin_region_ethiopia::01'}}"
ghana_biodigester,model4_biodigester_swap,haz,pooled,country_admin_region_ethiopia::14,0.20777984856291284,0.11578870624129949,-0.019161845486522333,0.434721542612348,0.07273750947794203,36985,4434,114,model_specific_equal_total_country_weight,cluster_robust_country_psu,True,"{'child_sex': {'reference': 'Male', 'reference_column': 'child_sex_Male'}, 'maternal_education': {'reference': 'No education', 'reference_column': 'maternal_education_No education'}, 'literacy': {'reference': 'Cannot read at all', 'reference_column': 'literacy_Cannot read at all'}, 'wealth_quintile': {'reference': 'Poorest', 'reference_column': 'wealth_quintile_Poorest'}, 'residence': {'reference': 'Rural', 'reference_column': 'residence_Rural'}, 'country_admin_region': {'reference': 'ethiopia::01', 'reference_column': 'country_admin_region_ethiopia::01'}}"
ghana_biodigester,model4_biodigester_swap,haz,pooled,country_admin_region_ethiopia::15,0.3456394622455241,0.15151868620712652,0.0486682942947303,0.6426106301963179,0.022538552876237017,36985,4434,114,model_specific_equal_total_country_weight,cluster_robust_country_psu,True,"{'child_sex': {'reference': 'Male', 'reference_column': 'child_sex_Male'}, 'maternal_education': {'reference': 'No education', 'reference_column': 'maternal_education_No education'}, 'literacy': {'reference': 'Cannot read at all', 'reference_column': 'literacy_Cannot read at all'}, 'wealth_quintile': {'reference': 'Poorest', 'reference_column': 'wealth_quintile_Poorest'}, 'residence': {'reference': 'Rural', 'reference_column': 'residence_Rural'}, 'country_admin_region': {'reference': 'ethiopia::01', 'reference_column': 'country_admin_region_ethiopia::01'}}"
ghana_biodigester,model4_biodigester_swap,haz,pooled,country_admin_region_ghana::01,0.7167595235688379,0.11245956938747856,0.4963428178524967,0.9371762292851791,1.8477880338828054e-10,36985,4434,114,model_specific_equal_total_country_weight,cluster_robust_country_psu,True,"{'child_sex': {'reference': 'Male', 'reference_column': 'child_sex_Male'}, 'maternal_education': {'reference': 'No education', 'reference_column': 'maternal_education_No education'}, 'literacy': {'reference': 'Cannot read at all', 'reference_column': 'literacy_Cannot read at all'}, 'wealth_quintile': {'reference': 'Poorest', 'reference_column': 'wealth_quintile_Poorest'}, 'residence': {'reference': 'Rural', 'reference_column': 'residence_Rural'}, 'country_admin_region': {'reference': 'ethiopia::01', 'reference_column': 'country_admin_region_ethiopia::01'}}"
ghana_biodigester,model4_biodigester_swap,haz,pooled,country_admin_region_ghana::02,0.6482000594880627,0.12928478143276434,0.3948065441307119,0.9015935748454135,5.338258265478423e-07,36985,4434,114,model_specific_equal_total_country_weight,cluster_robust_country_psu,True,"{'child_sex': {'reference': 'Male', 'reference_column': 'child_sex_Male'}, 'maternal_education': {'reference': 'No education', 'reference_column': 'maternal_education_No education'}, 'literacy': {'reference': 'Cannot read at all', 'reference_column': 'literacy_Cannot read at all'}, 'wealth_quintile': {'reference': 'Poorest', 'reference_column': 'wealth_quintile_Poorest'}, 'residence': {'reference': 'Rural', 'reference_column': 'residence_Rural'}, 'country_admin_region': {'reference': 'ethiopia::01', 'reference_column': 'country_admin_region_ethiopia::01'}}"
ghana_biodigester,model4_biodigester_swap,haz,pooled,country_admin_region_ghana::03,0.6259338666703143,0.11987902418643645,0.39097529676309273,0.8608924365775358,1.775952753175464e-07,36985,4434,114,model_specific_equal_total_country_weight,cluster_robust_country_psu,True,"{'child_sex': {'reference': 'Male', 'reference_column': 'child_sex_Male'}, 'maternal_education': {'reference': 'No education', 'reference_column': 'maternal_education_No education'}, 'literacy': {'reference': 'Cannot read at all', 'reference_column': 'literacy_Cannot read at all'}, 'wealth_quintile': {'reference': 'Poorest', 'reference_column': 'wealth_quintile_Poorest'}, 'residence': {'reference': 'Rural', 'reference_column': 'residence_Rural'}, 'country_admin_region': {'reference': 'ethiopia::01', 'reference_column': 'country_admin_region_ethiopia::01'}}"
ghana_biodigester,model4_biodigester_swap,haz,pooled,country_admin_region_ghana::04,0.5763332415850861,0.1305237974398696,0.3205112994775404,0.8321551836926319,1.0075745637224964e-05,36985,4434,114,model_specific_equal_total_country_weight,cluster_robust_country_psu,True,"{'child_sex': {'reference': 'Male', 'reference_column': 'child_sex_Male'}, 'maternal_education': {'reference': 'No education', 'reference_column': 'maternal_education_No education'}, 'literacy': {'reference': 'Cannot read at all', 'reference_column': 'literacy_Cannot read at all'}, 'wealth_quintile': {'reference': 'Poorest', 'reference_column': 'wealth_quintile_Poorest'}, 'residence': {'reference': 'Rural', 'reference_column': 'residence_Rural'}, 'country_admin_region': {'reference': 'ethiopia::01', 'reference_column': 'country_admin_region_ethiopia::01'}}"
ghana_biodigester,model4_biodigester_swap,haz,pooled,country_admin_region_ghana::05,0.7399548639653066,0.10606136060835306,0.5320784170216195,0.9478313109089938,3.02263587944558e-12,36985,4434,114,model_specific_equal_total_country_weight,cluster_robust_country_psu,True,"{'child_sex': {'reference': 'Male', 'reference_column': 'child_sex_Male'}, 'maternal_education': {'reference': 'No education', 'reference_column': 'maternal_education_No education'}, 'literacy': {'reference': 'Cannot read at all', 'reference_column': 'literacy_Cannot read at all'}, 'wealth_quintile': {'reference': 'Poorest', 'reference_column': 'wealth_quintile_Poorest'}, 'residence': {'reference': 'Rural', 'reference_column': 'residence_Rural'}, 'country_admin_region': {'reference': 'ethiopia::01', 'reference_column': 'country_admin_region_ethiopia::01'}}"
ghana_biodigester,model4_biodigester_swap,haz,pooled,country_admin_region_ghana::06,0.736146515274303,0.11573128497033468,0.5093173648479054,0.9629756657007006,2.006722436411466e-10,36985,4434,114,model_specific_equal_total_country_weight,cluster_robust_country_psu,True,"{'child_sex': {'reference': 'Male', 'reference_column': 'child_sex_Male'}, 'maternal_education': {'reference': 'No education', 'reference_column': 'maternal_education_No education'}, 'literacy': {'reference': 'Cannot read at all', 'reference_column': 'literacy_Cannot read at all'}, 'wealth_quintile': {'reference': 'Poorest', 'reference_column': 'wealth_quintile_Poorest'}, 'residence': {'reference': 'Rural', 'reference_column': 'residence_Rural'}, 'country_admin_region': {'reference': 'ethiopia::01', 'reference_column': 'country_admin_region_ethiopia::01'}}"
ghana_biodigester,model4_biodigester_swap,haz,pooled,country_admin_region_ghana::07,0.8254888105517922,0.12572264835858268,0.5790769477279765,1.071900673375608,5.1701646108564043e-11,36985,4434,114,model_specific_equal_total_country_weight,cluster_robust_country_psu,True,"{'child_sex': {'reference': 'Male', 'reference_column': 'child_sex_Male'}, 'maternal_education': {'reference': 'No education', 'reference_column': 'maternal_education_No education'}, 'literacy': {'reference': 'Cannot read at all', 'reference_column': 'literacy_Cannot read at all'}, 'wealth_quintile': {'reference': 'Poorest', 'reference_column': 'wealth_quintile_Poorest'}, 'residence': {'reference': 'Rural', 'reference_column': 'residence_Rural'}, 'country_admin_region': {'reference': 'ethiopia::01', 'reference_column': 'country_admin_region_ethiopia::01'}}"
ghana_biodigester,model4_biodigester_swap,haz,pooled,country_admin_region_ghana::08,0.7737271583622228,0.09978100489803228,0.5781599824208649,0.9692943343035808,8.886499324010646e-15,36985,4434,114,model_specific_equal_total_country_weight,cluster_robust_country_psu,True,"{'child_sex': {'reference': 'Male', 'reference_column': 'child_sex_Male'}, 'maternal_education': {'reference': 'No education', 'reference_column': 'maternal_education_No education'}, 'literacy': {'reference': 'Cannot read at all', 'reference_column': 'literacy_Cannot read at all'}, 'wealth_quintile': {'reference': 'Poorest', 'reference_column': 'wealth_quintile_Poorest'}, 'residence': {'reference': 'Rural', 'reference_column': 'residence_Rural'}, 'country_admin_region': {'reference': 'ethiopia::01', 'reference_column': 'country_admin_region_ethiopia::01'}}"
ghana_biodigester,model4_biodigester_swap,haz,pooled,country_admin_region_ghana::09,0.6833266251824308,0.1410761692924783,0.4068224142922978,0.9598308360725638,1.274615817689946e-06,36985,4434,114,model_specific_equal_total_country_weight,cluster_robust_country_psu,True,"{'child_sex': {'reference': 'Male', 'reference_column': 'child_sex_Male'}, 'maternal_education': {'reference': 'No education', 'reference_column': 'maternal_education_No education'}, 'literacy': {'reference': 'Cannot read at all', 'reference_column': 'literacy_Cannot read at all'}, 'wealth_quintile': {'reference': 'Poorest', 'reference_column': 'wealth_quintile_Poorest'}, 'residence': {'reference': 'Rural', 'reference_column': 'residence_Rural'}, 'country_admin_region': {'reference': 'ethiopia::01', 'reference_column': 'country_admin_region_ethiopia::01'}}"
ghana_biodigester,model4_biodigester_swap,haz,pooled,country_admin_region_ghana::10,0.8500416124505576,0.10747607838333396,0.6393923696196192,1.060690855281496,2.592066903773988e-15,36985,4434,114,model_specific_equal_total_country_weight,cluster_robust_country_psu,True,"{'child_sex': {'reference': 'Male', 'reference_column': 'child_sex_Male'}, 'maternal_education': {'reference': 'No education', 'reference_column': 'maternal_education_No education'}, 'literacy': {'reference': 'Cannot read at all', 'reference_column': 'literacy_Cannot read at all'}, 'wealth_quintile': {'reference': 'Poorest', 'reference_column': 'wealth_quintile_Poorest'}, 'residence': {'reference': 'Rural', 'reference_column': 'residence_Rural'}, 'country_admin_region': {'reference': 'ethiopia::01', 'reference_column': 'country_admin_region_ethiopia::01'}}"
ghana_biodigester,model4_biodigester_swap,haz,pooled,country_admin_region_ghana::11,0.618459016950648,0.10587530989030308,0.4109472227136366,0.8259708111876594,5.176693657094931e-09,36985,4434,114,model_specific_equal_total_country_weight,cluster_robust_country_psu,True,"{'child_sex': {'reference': 'Male', 'reference_column': 'child_sex_Male'}, 'maternal_education': {'reference': 'No education', 'reference_column': 'maternal_education_No education'}, 'literacy': {'reference': 'Cannot read at all', 'reference_column': 'literacy_Cannot read at all'}, 'wealth_quintile': {'reference': 'Poorest', 'reference_column': 'wealth_quintile_Poorest'}, 'residence': {'reference': 'Rural', 'reference_column': 'residence_Rural'}, 'country_admin_region': {'reference': 'ethiopia::01', 'reference_column': 'country_admin_region_ethiopia::01'}}"
ghana_biodigester,model4_biodigester_swap,haz,pooled,country_admin_region_ghana::12,0.3609983092461458,0.10575401543683927,0.1537242477694479,0.5682723707228436,0.0006411863103773294,36985,4434,114,model_specific_equal_total_country_weight,cluster_robust_country_psu,True,"{'child_sex': {'reference': 'Male', 'reference_column': 'child_sex_Male'}, 'maternal_education': {'reference': 'No education', 'reference_column': 'maternal_education_No education'}, 'literacy': {'reference': 'Cannot read at all', 'reference_column': 'literacy_Cannot read at all'}, 'wealth_quintile': {'reference': 'Poorest', 'reference_column': 'wealth_quintile_Poorest'}, 'residence': {'reference': 'Rural', 'reference_column': 'residence_Rural'}, 'country_admin_region': {'reference': 'ethiopia::01', 'reference_column': 'country_admin_region_ethiopia::01'}}"
ghana_biodigester,model4_biodigester_swap,haz,pooled,country_admin_region_ghana::13,0.6399858598228932,0.10729536903398551,0.4296908008083475,0.850280918837439,2.450675137903047e-09,36985,4434,114,model_specific_equal_total_country_weight,cluster_robust_country_psu,True,"{'child_sex': {'reference': 'Male', 'reference_column': 'child_sex_Male'}, 'maternal_education': {'reference': 'No education', 'reference_column': 'maternal_education_No education'}, 'literacy': {'reference': 'Cannot read at all', 'reference_column': 'literacy_Cannot read at all'}, 'wealth_quintile': {'reference': 'Poorest', 'reference_column': 'wealth_quintile_Poorest'}, 'residence': {'reference': 'Rural', 'reference_column': 'residence_Rural'}, 'country_admin_region': {'reference': 'ethiopia::01', 'reference_column': 'country_admin_region_ethiopia::01'}}"
ghana_biodigester,model4_biodigester_swap,haz,pooled,country_admin_region_ghana::14,0.5578434964423895,0.11568920013080224,0.3310968307857706,0.7845901620990083,1.4218649381745908e-06,36985,4434,114,model_specific_equal_total_country_weight,cluster_robust_country_psu,True,"{'child_sex': {'reference': 'Male', 'reference_column': 'child_sex_Male'}, 'maternal_education': {'reference': 'No education', 'reference_column': 'maternal_education_No education'}, 'literacy': {'reference': 'Cannot read at all', 'reference_column': 'literacy_Cannot read at all'}, 'wealth_quintile': {'reference': 'Poorest', 'reference_column': 'wealth_quintile_Poorest'}, 'residence': {'reference': 'Rural', 'reference_column': 'residence_Rural'}, 'country_admin_region': {'reference': 'ethiopia::01', 'reference_column': 'country_admin_region_ethiopia::01'}}"
ghana_biodigester,model4_biodigester_swap,haz,pooled,country_admin_region_ghana::15,0.4923336157731493,0.112407201891487,0.2720195484629122,0.7126476830833864,1.1872742325446657e-05,36985,4434,114,model_specific_equal_total_country_weight,cluster_robust_country_psu,True,"{'child_sex': {'reference': 'Male', 'reference_column': 'child_sex_Male'}, 'maternal_education': {'reference': 'No education', 'reference_column': 'maternal_education_No education'}, 'literacy': {'reference': 'Cannot read at all', 'reference_column': 'literacy_Cannot read at all'}, 'wealth_quintile': {'reference': 'Poorest', 'reference_column': 'wealth_quintile_Poorest'}, 'residence': {'reference': 'Rural', 'reference_column': 'residence_Rural'}, 'country_admin_region': {'reference': 'ethiopia::01', 'reference_column': 'country_admin_region_ethiopia::01'}}"
ghana_biodigester,model4_biodigester_swap,haz,pooled,country_admin_region_ghana::16,0.7666391302580652,0.11861014902499292,0.5341675099681504,0.9991107505479799,1.0229466692362446e-10,36985,4434,114,model_specific_equal_total_country_weight,cluster_robust_country_psu,True,"{'child_sex': {'reference': 'Male', 'reference_column': 'child_sex_Male'}, 'maternal_education': {'reference': 'No education', 'reference_column': 'maternal_education_No education'}, 'literacy': {'reference': 'Cannot read at all', 'reference_column': 'literacy_Cannot read at all'}, 'wealth_quintile': {'reference': 'Poorest', 'reference_column': 'wealth_quintile_Poorest'}, 'residence': {'reference': 'Rural', 'reference_column': 'residence_Rural'}, 'country_admin_region': {'reference': 'ethiopia::01', 'reference_column': 'country_admin_region_ethiopia::01'}}"
ghana_biodigester,model4_biodigester_swap,haz,pooled,country_admin_region_kenya::01,0.6631297284669743,0.10934448102042396,0.4488184837587198,0.8774409731752287,1.3228855919467224e-09,36985,4434,114,model_specific_equal_total_country_weight,cluster_robust_country_psu,True,"{'child_sex': {'reference': 'Male', 'reference_column': 'child_sex_Male'}, 'maternal_education': {'reference': 'No education', 'reference_column': 'maternal_education_No education'}, 'literacy': {'reference': 'Cannot read at all', 'reference_column': 'literacy_Cannot read at all'}, 'wealth_quintile': {'reference': 'Poorest', 'reference_column': 'wealth_quintile_Poorest'}, 'residence': {'reference': 'Rural', 'reference_column': 'residence_Rural'}, 'country_admin_region': {'reference': 'ethiopia::01', 'reference_column': 'country_admin_region_ethiopia::01'}}"
ghana_biodigester,model4_biodigester_swap,haz,pooled,country_admin_region_kenya::02,0.6420772089468366,0.13504104604090142,0.3774016222720546,0.9067527956216186,1.9875917837066235e-06,36985,4434,114,model_specific_equal_total_country_weight,cluster_robust_country_psu,True,"{'child_sex': {'reference': 'Male', 'reference_column': 'child_sex_Male'}, 'maternal_education': {'reference': 'No education', 'reference_column': 'maternal_education_No education'}, 'literacy': {'reference': 'Cannot read at all', 'reference_column': 'literacy_Cannot read at all'}, 'wealth_quintile': {'reference': 'Poorest', 'reference_column': 'wealth_quintile_Poorest'}, 'residence': {'reference': 'Rural', 'reference_column': 'residence_Rural'}, 'country_admin_region': {'reference': 'ethiopia::01', 'reference_column': 'country_admin_region_ethiopia::01'}}"
ghana_biodigester,model4_biodigester_swap,haz,pooled,country_admin_region_kenya::03,0.23299910618255223,0.10658758954456324,0.02409126947627027,0.4419069428888342,0.028816541970465657,36985,4434,114,model_specific_equal_total_country_weight,cluster_robust_country_psu,True,"{'child_sex': {'reference': 'Male', 'reference_column': 'child_sex_Male'}, 'maternal_education': {'reference': 'No education', 'reference_column': 'maternal_education_No education'}, 'literacy': {'reference': 'Cannot read at all', 'reference_column': 'literacy_Cannot read at all'}, 'wealth_quintile': {'reference': 'Poorest', 'reference_column': 'wealth_quintile_Poorest'}, 'residence': {'reference': 'Rural', 'reference_column': 'residence_Rural'}, 'country_admin_region': {'reference': 'ethiopia::01', 'reference_column': 'country_admin_region_ethiopia::01'}}"
ghana_biodigester,model4_biodigester_swap,haz,pooled,country_admin_region_kenya::04,0.9111139025258864,0.10670887215721993,0.7019683562668464,1.1202594487849264,1.3619390210527057e-17,36985,4434,114,model_specific_equal_total_country_weight,cluster_robust_country_psu,True,"{'child_sex': {'reference': 'Male', 'reference_column': 'child_sex_Male'}, 'maternal_education': {'reference': 'No education', 'reference_column': 'maternal_education_No education'}, 'literacy': {'reference': 'Cannot read at all', 'reference_column': 'literacy_Cannot read at all'}, 'wealth_quintile': {'reference': 'Poorest', 'reference_column': 'wealth_quintile_Poorest'}, 'residence': {'reference': 'Rural', 'reference_column': 'residence_Rural'}, 'country_admin_region': {'reference': 'ethiopia::01', 'reference_column': 'country_admin_region_ethiopia::01'}}"
ghana_biodigester,model4_biodigester_swap,haz,pooled,country_admin_region_kenya::05,0.7517498435971525,0.11148819800619333,0.5332369908037433,0.9702626963905616,1.5529372693407568e-11,36985,4434,114,model_specific_equal_total_country_weight,cluster_robust_country_psu,True,"{'child_sex': {'reference': 'Male', 'reference_column': 'child_sex_Male'}, 'maternal_education': {'reference': 'No education', 'reference_column': 'maternal_education_No education'}, 'literacy': {'reference': 'Cannot read at all', 'reference_column': 'literacy_Cannot read at all'}, 'wealth_quintile': {'reference': 'Poorest', 'reference_column': 'wealth_quintile_Poorest'}, 'residence': {'reference': 'Rural', 'reference_column': 'residence_Rural'}, 'country_admin_region': {'reference': 'ethiopia::01', 'reference_column': 'country_admin_region_ethiopia::01'}}"
ghana_biodigester,model4_biodigester_swap,haz,pooled,country_admin_region_kenya::06,0.6672161887012354,0.12985661575858806,0.4127018986601464,0.9217304787423245,2.7753120196428066e-07,36985,4434,114,model_specific_equal_total_country_weight,cluster_robust_country_psu,True,"{'child_sex': {'reference': 'Male', 'reference_column': 'child_sex_Male'}, 'maternal_education': {'reference': 'No education', 'reference_column': 'maternal_education_No education'}, 'literacy': {'reference': 'Cannot read at all', 'reference_column': 'literacy_Cannot read at all'}, 'wealth_quintile': {'reference': 'Poorest', 'reference_column': 'wealth_quintile_Poorest'}, 'residence': {'reference': 'Rural', 'reference_column': 'residence_Rural'}, 'country_admin_region': {'reference': 'ethiopia::01', 'reference_column': 'country_admin_region_ethiopia::01'}}"
ghana_biodigester,model4_biodigester_swap,haz,pooled,country_admin_region_kenya::07,1.4051043988169323,0.10811300488787928,1.1932068029762861,1.6170019946575784,1.2785933292864985e-38,36985,4434,114,model_specific_equal_total_country_weight,cluster_robust_country_psu,True,"{'child_sex': {'reference': 'Male', 'reference_column': 'child_sex_Male'}, 'maternal_education': {'reference': 'No education', 'reference_column': 'maternal_education_No education'}, 'literacy': {'reference': 'Cannot read at all', 'reference_column': 'literacy_Cannot read at all'}, 'wealth_quintile': {'reference': 'Poorest', 'reference_column': 'wealth_quintile_Poorest'}, 'residence': {'reference': 'Rural', 'reference_column': 'residence_Rural'}, 'country_admin_region': {'reference': 'ethiopia::01', 'reference_column': 'country_admin_region_ethiopia::01'}}"
ghana_biodigester,model4_biodigester_swap,haz,pooled,country_admin_region_kenya::08,1.5843844613279823,0.0993292411909403,1.389702725982047,1.7790661966739176,2.811074055926909e-57,36985,4434,114,model_specific_equal_total_country_weight,cluster_robust_country_psu,True,"{'child_sex': {'reference': 'Male', 'reference_column': 'child_sex_Male'}, 'maternal_education': {'reference': 'No education', 'reference_column': 'maternal_education_No education'}, 'literacy': {'reference': 'Cannot read at all', 'reference_column': 'literacy_Cannot read at all'}, 'wealth_quintile': {'reference': 'Poorest', 'reference_column': 'wealth_quintile_Poorest'}, 'residence': {'reference': 'Rural', 'reference_column': 'residence_Rural'}, 'country_admin_region': {'reference': 'ethiopia::01', 'reference_column': 'country_admin_region_ethiopia::01'}}"
ghana_biodigester,model4_biodigester_swap,haz,pooled,country_admin_region_kenya::09,1.097827000708572,0.10779438376539553,0.8865538907927076,1.3091001106244362,2.3266099666780386e-24,36985,4434,114,model_specific_equal_total_country_weight,cluster_robust_country_psu,True,"{'child_sex': {'reference': 'Male', 'reference_column': 'child_sex_Male'}, 'maternal_education': {'reference': 'No education', 'reference_column': 'maternal_education_No education'}, 'literacy': {'reference': 'Cannot read at all', 'reference_column': 'literacy_Cannot read at all'}, 'wealth_quintile': {'reference': 'Poorest', 'reference_column': 'wealth_quintile_Poorest'}, 'residence': {'reference': 'Rural', 'reference_column': 'residence_Rural'}, 'country_admin_region': {'reference': 'ethiopia::01', 'reference_column': 'country_admin_region_ethiopia::01'}}"
ghana_biodigester,model4_biodigester_swap,haz,pooled,country_admin_region_kenya::10,1.0385473379120302,0.11772543221697751,0.807809730702343,1.2692849451217176,1.1265891006331447e-18,36985,4434,114,model_specific_equal_total_country_weight,cluster_robust_country_psu,True,"{'child_sex': {'reference': 'Male', 'reference_column': 'child_sex_Male'}, 'maternal_education': {'reference': 'No education', 'reference_column': 'maternal_education_No education'}, 'literacy': {'reference': 'Cannot read at all', 'reference_column': 'literacy_Cannot read at all'}, 'wealth_quintile': {'reference': 'Poorest', 'reference_column': 'wealth_quintile_Poorest'}, 'residence': {'reference': 'Rural', 'reference_column': 'residence_Rural'}, 'country_admin_region': {'reference': 'ethiopia::01', 'reference_column': 'country_admin_region_ethiopia::01'}}"
ghana_biodigester,model4_biodigester_swap,haz,pooled,country_admin_region_kenya::11,1.0879767084023522,0.12509256120222692,0.8427997937121149,1.3331536230925893,3.3965448388150903e-18,36985,4434,114,model_specific_equal_total_country_weight,cluster_robust_country_psu,True,"{'child_sex': {'reference': 'Male', 'reference_column': 'child_sex_Male'}, 'maternal_education': {'reference': 'No education', 'reference_column': 'maternal_education_No education'}, 'literacy': {'reference': 'Cannot read at all', 'reference_column': 'literacy_Cannot read at all'}, 'wealth_quintile': {'reference': 'Poorest', 'reference_column': 'wealth_quintile_Poorest'}, 'residence': {'reference': 'Rural', 'reference_column': 'residence_Rural'}, 'country_admin_region': {'reference': 'ethiopia::01', 'reference_column': 'country_admin_region_ethiopia::01'}}"
ghana_biodigester,model4_biodigester_swap,haz,pooled,country_admin_region_kenya::12,0.45646912153113933,0.11715659969572934,0.2268464055763336,0.686091837485945,9.770139524990567e-05,36985,4434,114,model_specific_equal_total_country_weight,cluster_robust_country_psu,True,"{'child_sex': {'reference': 'Male', 'reference_column': 'child_sex_Male'}, 'maternal_education': {'reference': 'No education', 'reference_column': 'maternal_education_No education'}, 'literacy': {'reference': 'Cannot read at all', 'reference_column': 'literacy_Cannot read at all'}, 'wealth_quintile': {'reference': 'Poorest', 'reference_column': 'wealth_quintile_Poorest'}, 'residence': {'reference': 'Rural', 'reference_column': 'residence_Rural'}, 'country_admin_region': {'reference': 'ethiopia::01', 'reference_column': 'country_admin_region_ethiopia::01'}}"
ghana_biodigester,model4_biodigester_swap,haz,pooled,country_admin_region_kenya::13,0.5184420391021295,0.12005112081143257,0.2831461660080547,0.7537379121962042,1.5708567094570877e-05,36985,4434,114,model_specific_equal_total_country_weight,cluster_robust_country_psu,True,"{'child_sex': {'reference': 'Male', 'reference_column': 'child_sex_Male'}, 'maternal_education': {'reference': 'No education', 'reference_column': 'maternal_education_No education'}, 'literacy': {'reference': 'Cannot read at all', 'reference_column': 'literacy_Cannot read at all'}, 'wealth_quintile': {'reference': 'Poorest', 'reference_column': 'wealth_quintile_Poorest'}, 'residence': {'reference': 'Rural', 'reference_column': 'residence_Rural'}, 'country_admin_region': {'reference': 'ethiopia::01', 'reference_column': 'country_admin_region_ethiopia::01'}}"
ghana_biodigester,model4_biodigester_swap,haz,pooled,country_admin_region_kenya::14,0.6197922583334153,0.1341448488147555,0.356873185944924,0.8827113307219067,3.831468341347929e-06,36985,4434,114,model_specific_equal_total_country_weight,cluster_robust_country_psu,True,"{'child_sex': {'reference': 'Male', 'reference_column': 'child_sex_Male'}, 'maternal_education': {'reference': 'No education', 'reference_column': 'maternal_education_No education'}, 'literacy': {'reference': 'Cannot read at all', 'reference_column': 'literacy_Cannot read at all'}, 'wealth_quintile': {'reference': 'Poorest', 'reference_column': 'wealth_quintile_Poorest'}, 'residence': {'reference': 'Rural', 'reference_column': 'residence_Rural'}, 'country_admin_region': {'reference': 'ethiopia::01', 'reference_column': 'country_admin_region_ethiopia::01'}}"
ghana_biodigester,model4_biodigester_swap,haz,pooled,country_admin_region_kenya::15,0.5373179805388608,0.11669348871164259,0.30860294543371003,0.7660330156440116,4.13410152516165e-06,36985,4434,114,model_specific_equal_total_country_weight,cluster_robust_country_psu,True,"{'child_sex': {'reference': 'Male', 'reference_column': 'child_sex_Male'}, 'maternal_education': {'reference': 'No education', 'reference_column': 'maternal_education_No education'}, 'literacy': {'reference': 'Cannot read at all', 'reference_column': 'literacy_Cannot read at all'}, 'wealth_quintile': {'reference': 'Poorest', 'reference_column': 'wealth_quintile_Poorest'}, 'residence': {'reference': 'Rural', 'reference_column': 'residence_Rural'}, 'country_admin_region': {'reference': 'ethiopia::01', 'reference_column': 'country_admin_region_ethiopia::01'}}"
ghana_biodigester,model4_biodigester_swap,haz,pooled,country_admin_region_kenya::16,0.5364573348968471,0.12037607388524876,0.30052456548142703,0.7723901043122672,8.330420744362295e-06,36985,4434,114,model_specific_equal_total_country_weight,cluster_robust_country_psu,True,"{'child_sex': {'reference': 'Male', 'reference_column': 'child_sex_Male'}, 'maternal_education': {'reference': 'No education', 'reference_column': 'maternal_education_No education'}, 'literacy': {'reference': 'Cannot read at all', 'reference_column': 'literacy_Cannot read at all'}, 'wealth_quintile': {'reference': 'Poorest', 'reference_column': 'wealth_quintile_Poorest'}, 'residence': {'reference': 'Rural', 'reference_column': 'residence_Rural'}, 'country_admin_region': {'reference': 'ethiopia::01', 'reference_column': 'country_admin_region_ethiopia::01'}}"
ghana_biodigester,model4_biodigester_swap,haz,pooled,country_admin_region_kenya::17,0.49133524321346117,0.10445792784045722,0.2866014667464812,0.6960690196804411,2.5553067607018094e-06,36985,4434,114,model_specific_equal_total_country_weight,cluster_robust_country_psu,True,"{'child_sex': {'reference': 'Male', 'reference_column': 'child_sex_Male'}, 'maternal_education': {'reference': 'No education', 'reference_column': 'maternal_education_No education'}, 'literacy': {'reference': 'Cannot read at all', 'reference_column': 'literacy_Cannot read at all'}, 'wealth_quintile': {'reference': 'Poorest', 'reference_column': 'wealth_quintile_Poorest'}, 'residence': {'reference': 'Rural', 'reference_column': 'residence_Rural'}, 'country_admin_region': {'reference': 'ethiopia::01', 'reference_column': 'country_admin_region_ethiopia::01'}}"
ghana_biodigester,model4_biodigester_swap,haz,pooled,country_admin_region_kenya::18,0.6017219975329485,0.1295594709782443,0.34779010055952736,0.8556538945063696,3.4111732179865556e-06,36985,4434,114,model_specific_equal_total_country_weight,cluster_robust_country_psu,True,"{'child_sex': {'reference': 'Male', 'reference_column': 'child_sex_Male'}, 'maternal_education': {'reference': 'No education', 'reference_column': 'maternal_education_No education'}, 'literacy': {'reference': 'Cannot read at all', 'reference_column': 'literacy_Cannot read at all'}, 'wealth_quintile': {'reference': 'Poorest', 'reference_column': 'wealth_quintile_Poorest'}, 'residence': {'reference': 'Rural', 'reference_column': 'residence_Rural'}, 'country_admin_region': {'reference': 'ethiopia::01', 'reference_column': 'country_admin_region_ethiopia::01'}}"
ghana_biodigester,model4_biodigester_swap,haz,pooled,country_admin_region_kenya::19,0.5842467435722125,0.11976114441845173,0.34951921376474704,0.818974273379678,1.0693186370507561e-06,36985,4434,114,model_specific_equal_total_country_weight,cluster_robust_country_psu,True,"{'child_sex': {'reference': 'Male', 'reference_column': 'child_sex_Male'}, 'maternal_education': {'reference': 'No education', 'reference_column': 'maternal_education_No education'}, 'literacy': {'reference': 'Cannot read at all', 'reference_column': 'literacy_Cannot read at all'}, 'wealth_quintile': {'reference': 'Poorest', 'reference_column': 'wealth_quintile_Poorest'}, 'residence': {'reference': 'Rural', 'reference_column': 'residence_Rural'}, 'country_admin_region': {'reference': 'ethiopia::01', 'reference_column': 'country_admin_region_ethiopia::01'}}"
ghana_biodigester,model4_biodigester_swap,haz,pooled,country_admin_region_kenya::20,0.6668311488523145,0.12454900164294737,0.42271959132171766,0.9109427063829114,8.604692570694122e-08,36985,4434,114,model_specific_equal_total_country_weight,cluster_robust_country_psu,True,"{'child_sex': {'reference': 'Male', 'reference_column': 'child_sex_Male'}, 'maternal_education': {'reference': 'No education', 'reference_column': 'maternal_education_No education'}, 'literacy': {'reference': 'Cannot read at all', 'reference_column': 'literacy_Cannot read at all'}, 'wealth_quintile': {'reference': 'Poorest', 'reference_column': 'wealth_quintile_Poorest'}, 'residence': {'reference': 'Rural', 'reference_column': 'residence_Rural'}, 'country_admin_region': {'reference': 'ethiopia::01', 'reference_column': 'country_admin_region_ethiopia::01'}}"
ghana_biodigester,model4_biodigester_swap,haz,pooled,country_admin_region_kenya::21,0.7632435029287011,0.10821769480886033,0.5511407186133878,0.9753462872440145,1.7528589562518679e-12,36985,4434,114,model_specific_equal_total_country_weight,cluster_robust_country_psu,True,"{'child_sex': {'reference': 'Male', 'reference_column': 'child_sex_Male'}, 'maternal_education': {'reference': 'No education', 'reference_column': 'maternal_education_No education'}, 'literacy': {'reference': 'Cannot read at all', 'reference_column': 'literacy_Cannot read at all'}, 'wealth_quintile': {'reference': 'Poorest', 'reference_column': 'wealth_quintile_Poorest'}, 'residence': {'reference': 'Rural', 'reference_column': 'residence_Rural'}, 'country_admin_region': {'reference': 'ethiopia::01', 'reference_column': 'country_admin_region_ethiopia::01'}}"
ghana_biodigester,model4_biodigester_swap,haz,pooled,country_admin_region_kenya::22,0.4877682236920198,0.12521026288956902,0.24236061793367242,0.7331758294503672,9.795876507671957e-05,36985,4434,114,model_specific_equal_total_country_weight,cluster_robust_country_psu,True,"{'child_sex': {'reference': 'Male', 'reference_column': 'child_sex_Male'}, 'maternal_education': {'reference': 'No education', 'reference_column': 'maternal_education_No education'}, 'literacy': {'reference': 'Cannot read at all', 'reference_column': 'literacy_Cannot read at all'}, 'wealth_quintile': {'reference': 'Poorest', 'reference_column': 'wealth_quintile_Poorest'}, 'residence': {'reference': 'Rural', 'reference_column': 'residence_Rural'}, 'country_admin_region': {'reference': 'ethiopia::01', 'reference_column': 'country_admin_region_ethiopia::01'}}"
ghana_biodigester,model4_biodigester_swap,haz,pooled,country_admin_region_kenya::23,0.7942717499106322,0.10328888643096626,0.5918292525026905,0.9967142473185739,1.4735549200548254e-14,36985,4434,114,model_specific_equal_total_country_weight,cluster_robust_country_psu,True,"{'child_sex': {'reference': 'Male', 'reference_column': 'child_sex_Male'}, 'maternal_education': {'reference': 'No education', 'reference_column': 'maternal_education_No education'}, 'literacy': {'reference': 'Cannot read at all', 'reference_column': 'literacy_Cannot read at all'}, 'wealth_quintile': {'reference': 'Poorest', 'reference_column': 'wealth_quintile_Poorest'}, 'residence': {'reference': 'Rural', 'reference_column': 'residence_Rural'}, 'country_admin_region': {'reference': 'ethiopia::01', 'reference_column': 'country_admin_region_ethiopia::01'}}"
ghana_biodigester,model4_biodigester_swap,haz,pooled,country_admin_region_kenya::24,0.405568423341821,0.09961556487854681,0.21032550388025617,0.6008113428033859,4.674429120196692e-05,36985,4434,114,model_specific_equal_total_country_weight,cluster_robust_country_psu,True,"{'child_sex': {'reference': 'Male', 'reference_column': 'child_sex_Male'}, 'maternal_education': {'reference': 'No education', 'reference_column': 'maternal_education_No education'}, 'literacy': {'reference': 'Cannot read at all', 'reference_column': 'literacy_Cannot read at all'}, 'wealth_quintile': {'reference': 'Poorest', 'reference_column': 'wealth_quintile_Poorest'}, 'residence': {'reference': 'Rural', 'reference_column': 'residence_Rural'}, 'country_admin_region': {'reference': 'ethiopia::01', 'reference_column': 'country_admin_region_ethiopia::01'}}"
ghana_biodigester,model4_biodigester_swap,haz,pooled,country_admin_region_kenya::25,0.4685197519960054,0.10646348785228799,0.25985515013700333,0.6771843538550074,1.0787475261944124e-05,36985,4434,114,model_specific_equal_total_country_weight,cluster_robust_country_psu,True,"{'child_sex': {'reference': 'Male', 'reference_column': 'child_sex_Male'}, 'maternal_education': {'reference': 'No education', 'reference_column': 'maternal_education_No education'}, 'literacy': {'reference': 'Cannot read at all', 'reference_column': 'literacy_Cannot read at all'}, 'wealth_quintile': {'reference': 'Poorest', 'reference_column': 'wealth_quintile_Poorest'}, 'residence': {'reference': 'Rural', 'reference_column': 'residence_Rural'}, 'country_admin_region': {'reference': 'ethiopia::01', 'reference_column': 'country_admin_region_ethiopia::01'}}"
ghana_biodigester,model4_biodigester_swap,haz,pooled,country_admin_region_kenya::26,0.6082441800801623,0.1123066700641481,0.38812715153080946,0.8283612086295152,6.097363415424703e-08,36985,4434,114,model_specific_equal_total_country_weight,cluster_robust_country_psu,True,"{'child_sex': {'reference': 'Male', 'reference_column': 'child_sex_Male'}, 'maternal_education': {'reference': 'No education', 'reference_column': 'maternal_education_No education'}, 'literacy': {'reference': 'Cannot read at all', 'reference_column': 'literacy_Cannot read at all'}, 'wealth_quintile': {'reference': 'Poorest', 'reference_column': 'wealth_quintile_Poorest'}, 'residence': {'reference': 'Rural', 'reference_column': 'residence_Rural'}, 'country_admin_region': {'reference': 'ethiopia::01', 'reference_column': 'country_admin_region_ethiopia::01'}}"
ghana_biodigester,model4_biodigester_swap,haz,pooled,country_admin_region_kenya::27,0.611925044885831,0.11073491449338307,0.3948886006476777,0.8289614891239843,3.275482811891523e-08,36985,4434,114,model_specific_equal_total_country_weight,cluster_robust_country_psu,True,"{'child_sex': {'reference': 'Male', 'reference_column': 'child_sex_Male'}, 'maternal_education': {'reference': 'No education', 'reference_column': 'maternal_education_No education'}, 'literacy': {'reference': 'Cannot read at all', 'reference_column': 'literacy_Cannot read at all'}, 'wealth_quintile': {'reference': 'Poorest', 'reference_column': 'wealth_quintile_Poorest'}, 'residence': {'reference': 'Rural', 'reference_column': 'residence_Rural'}, 'country_admin_region': {'reference': 'ethiopia::01', 'reference_column': 'country_admin_region_ethiopia::01'}}"
ghana_biodigester,model4_biodigester_swap,haz,pooled,country_admin_region_kenya::28,0.5104344937638962,0.10096531185886824,0.3125461188326596,0.7083228686951327,4.291675089944688e-07,36985,4434,114,model_specific_equal_total_country_weight,cluster_robust_country_psu,True,"{'child_sex': {'reference': 'Male', 'reference_column': 'child_sex_Male'}, 'maternal_education': {'reference': 'No education', 'reference_column': 'maternal_education_No education'}, 'literacy': {'reference': 'Cannot read at all', 'reference_column': 'literacy_Cannot read at all'}, 'wealth_quintile': {'reference': 'Poorest', 'reference_column': 'wealth_quintile_Poorest'}, 'residence': {'reference': 'Rural', 'reference_column': 'residence_Rural'}, 'country_admin_region': {'reference': 'ethiopia::01', 'reference_column': 'country_admin_region_ethiopia::01'}}"
ghana_biodigester,model4_biodigester_swap,haz,pooled,country_admin_region_kenya::29,0.8403933628715483,0.11516889720083356,0.6146664722187187,1.066120253524378,2.9414244364274763e-13,36985,4434,114,model_specific_equal_total_country_weight,cluster_robust_country_psu,True,"{'child_sex': {'reference': 'Male', 'reference_column': 'child_sex_Male'}, 'maternal_education': {'reference': 'No education', 'reference_column': 'maternal_education_No education'}, 'literacy': {'reference': 'Cannot read at all', 'reference_column': 'literacy_Cannot read at all'}, 'wealth_quintile': {'reference': 'Poorest', 'reference_column': 'wealth_quintile_Poorest'}, 'residence': {'reference': 'Rural', 'reference_column': 'residence_Rural'}, 'country_admin_region': {'reference': 'ethiopia::01', 'reference_column': 'country_admin_region_ethiopia::01'}}"
ghana_biodigester,model4_biodigester_swap,haz,pooled,country_admin_region_kenya::30,0.6850007784344221,0.09876571008464902,0.4914235437609856,0.8785780131078585,4.044624101188352e-12,36985,4434,114,model_specific_equal_total_country_weight,cluster_robust_country_psu,True,"{'child_sex': {'reference': 'Male', 'reference_column': 'child_sex_Male'}, 'maternal_education': {'reference': 'No education', 'reference_column': 'maternal_education_No education'}, 'literacy': {'reference': 'Cannot read at all', 'reference_column': 'literacy_Cannot read at all'}, 'wealth_quintile': {'reference': 'Poorest', 'reference_column': 'wealth_quintile_Poorest'}, 'residence': {'reference': 'Rural', 'reference_column': 'residence_Rural'}, 'country_admin_region': {'reference': 'ethiopia::01', 'reference_column': 'country_admin_region_ethiopia::01'}}"
ghana_biodigester,model4_biodigester_swap,haz,pooled,country_admin_region_kenya::31,0.718860816457653,0.10172987551199887,0.519473924302392,0.9182477086129139,1.5904041692411716e-12,36985,4434,114,model_specific_equal_total_country_weight,cluster_robust_country_psu,True,"{'child_sex': {'reference': 'Male', 'reference_column': 'child_sex_Male'}, 'maternal_education': {'reference': 'No education', 'reference_column': 'maternal_education_No education'}, 'literacy': {'reference': 'Cannot read at all', 'reference_column': 'literacy_Cannot read at all'}, 'wealth_quintile': {'reference': 'Poorest', 'reference_column': 'wealth_quintile_Poorest'}, 'residence': {'reference': 'Rural', 'reference_column': 'residence_Rural'}, 'country_admin_region': {'reference': 'ethiopia::01', 'reference_column': 'country_admin_region_ethiopia::01'}}"
ghana_biodigester,model4_biodigester_swap,haz,pooled,country_admin_region_kenya::32,0.5151225066686411,0.11967548579625358,0.2805628646756493,0.749682148661633,1.6749359856480804e-05,36985,4434,114,model_specific_equal_total_country_weight,cluster_robust_country_psu,True,"{'child_sex': {'reference': 'Male', 'reference_column': 'child_sex_Male'}, 'maternal_education': {'reference': 'No education', 'reference_column': 'maternal_education_No education'}, 'literacy': {'reference': 'Cannot read at all', 'reference_column': 'literacy_Cannot read at all'}, 'wealth_quintile': {'reference': 'Poorest', 'reference_column': 'wealth_quintile_Poorest'}, 'residence': {'reference': 'Rural', 'reference_column': 'residence_Rural'}, 'country_admin_region': {'reference': 'ethiopia::01', 'reference_column': 'country_admin_region_ethiopia::01'}}"
ghana_biodigester,model4_biodigester_swap,haz,pooled,country_admin_region_kenya::33,0.6150483082217494,0.09569199523521008,0.42749544395195915,0.8026011724915396,1.2982653829107965e-10,36985,4434,114,model_specific_equal_total_country_weight,cluster_robust_country_psu,True,"{'child_sex': {'reference': 'Male', 'reference_column': 'child_sex_Male'}, 'maternal_education': {'reference': 'No education', 'reference_column': 'maternal_education_No education'}, 'literacy': {'reference': 'Cannot read at all', 'reference_column': 'literacy_Cannot read at all'}, 'wealth_quintile': {'reference': 'Poorest', 'reference_column': 'wealth_quintile_Poorest'}, 'residence': {'reference': 'Rural', 'reference_column': 'residence_Rural'}, 'country_admin_region': {'reference': 'ethiopia::01', 'reference_column': 'country_admin_region_ethiopia::01'}}"
ghana_biodigester,model4_biodigester_swap,haz,pooled,country_admin_region_kenya::34,0.8375056745615533,0.12009885833927159,0.6021162376322031,1.0728951114909036,3.0921943436546887e-12,36985,4434,114,model_specific_equal_total_country_weight,cluster_robust_country_psu,True,"{'child_sex': {'reference': 'Male', 'reference_column': 'child_sex_Male'}, 'maternal_education': {'reference': 'No education', 'reference_column': 'maternal_education_No education'}, 'literacy': {'reference': 'Cannot read at all', 'reference_column': 'literacy_Cannot read at all'}, 'wealth_quintile': {'reference': 'Poorest', 'reference_column': 'wealth_quintile_Poorest'}, 'residence': {'reference': 'Rural', 'reference_column': 'residence_Rural'}, 'country_admin_region': {'reference': 'ethiopia::01', 'reference_column': 'country_admin_region_ethiopia::01'}}"
ghana_biodigester,model4_biodigester_swap,haz,pooled,country_admin_region_kenya::35,0.5804357520863271,0.1095660604045641,0.36569021976544147,0.7951812844072128,1.173429138998212e-07,36985,4434,114,model_specific_equal_total_country_weight,cluster_robust_country_psu,True,"{'child_sex': {'reference': 'Male', 'reference_column': 'child_sex_Male'}, 'maternal_education': {'reference': 'No education', 'reference_column': 'maternal_education_No education'}, 'literacy': {'reference': 'Cannot read at all', 'reference_column': 'literacy_Cannot read at all'}, 'wealth_quintile': {'reference': 'Poorest', 'reference_column': 'wealth_quintile_Poorest'}, 'residence': {'reference': 'Rural', 'reference_column': 'residence_Rural'}, 'country_admin_region': {'reference': 'ethiopia::01', 'reference_column': 'country_admin_region_ethiopia::01'}}"
ghana_biodigester,model4_biodigester_swap,haz,pooled,country_admin_region_kenya::36,0.5553443890452228,0.1104636879081973,0.33883953914568343,0.7718492389447621,4.971923270055616e-07,36985,4434,114,model_specific_equal_total_country_weight,cluster_robust_country_psu,True,"{'child_sex': {'reference': 'Male', 'reference_column': 'child_sex_Male'}, 'maternal_education': {'reference': 'No education', 'reference_column': 'maternal_education_No education'}, 'literacy': {'reference': 'Cannot read at all', 'reference_column': 'literacy_Cannot read at all'}, 'wealth_quintile': {'reference': 'Poorest', 'reference_column': 'wealth_quintile_Poorest'}, 'residence': {'reference': 'Rural', 'reference_column': 'residence_Rural'}, 'country_admin_region': {'reference': 'ethiopia::01', 'reference_column': 'country_admin_region_ethiopia::01'}}"
ghana_biodigester,model4_biodigester_swap,haz,pooled,country_admin_region_kenya::37,0.8937118014581351,0.1038327237395667,0.6902034025118873,1.097220200404383,7.484927182652088e-18,36985,4434,114,model_specific_equal_total_country_weight,cluster_robust_country_psu,True,"{'child_sex': {'reference': 'Male', 'reference_column': 'child_sex_Male'}, 'maternal_education': {'reference': 'No education', 'reference_column': 'maternal_education_No education'}, 'literacy': {'reference': 'Cannot read at all', 'reference_column': 'literacy_Cannot read at all'}, 'wealth_quintile': {'reference': 'Poorest', 'reference_column': 'wealth_quintile_Poorest'}, 'residence': {'reference': 'Rural', 'reference_column': 'residence_Rural'}, 'country_admin_region': {'reference': 'ethiopia::01', 'reference_column': 'country_admin_region_ethiopia::01'}}"
ghana_biodigester,model4_biodigester_swap,haz,pooled,country_admin_region_kenya::38,0.7086336253987326,0.10765042201967334,0.49764267531963535,0.9196245754778299,4.618885578303351e-11,36985,4434,114,model_specific_equal_total_country_weight,cluster_robust_country_psu,True,"{'child_sex': {'reference': 'Male', 'reference_column': 'child_sex_Male'}, 'maternal_education': {'reference': 'No education', 'reference_column': 'maternal_education_No education'}, 'literacy': {'reference': 'Cannot read at all', 'reference_column': 'literacy_Cannot read at all'}, 'wealth_quintile': {'reference': 'Poorest', 'reference_column': 'wealth_quintile_Poorest'}, 'residence': {'reference': 'Rural', 'reference_column': 'residence_Rural'}, 'country_admin_region': {'reference': 'ethiopia::01', 'reference_column': 'country_admin_region_ethiopia::01'}}"
ghana_biodigester,model4_biodigester_swap,haz,pooled,country_admin_region_kenya::39,0.7087397292349642,0.11186700222255429,0.4894844338202956,0.9279950246496328,2.364859106008396e-10,36985,4434,114,model_specific_equal_total_country_weight,cluster_robust_country_psu,True,"{'child_sex': {'reference': 'Male', 'reference_column': 'child_sex_Male'}, 'maternal_education': {'reference': 'No education', 'reference_column': 'maternal_education_No education'}, 'literacy': {'reference': 'Cannot read at all', 'reference_column': 'literacy_Cannot read at all'}, 'wealth_quintile': {'reference': 'Poorest', 'reference_column': 'wealth_quintile_Poorest'}, 'residence': {'reference': 'Rural', 'reference_column': 'residence_Rural'}, 'country_admin_region': {'reference': 'ethiopia::01', 'reference_column': 'country_admin_region_ethiopia::01'}}"
ghana_biodigester,model4_biodigester_swap,haz,pooled,country_admin_region_kenya::40,1.01858932948916,0.10416498448295183,0.8144297114524007,1.222748947525919,1.3910026466349018e-22,36985,4434,114,model_specific_equal_total_country_weight,cluster_robust_country_psu,True,"{'child_sex': {'reference': 'Male', 'reference_column': 'child_sex_Male'}, 'maternal_education': {'reference': 'No education', 'reference_column': 'maternal_education_No education'}, 'literacy': {'reference': 'Cannot read at all', 'reference_column': 'literacy_Cannot read at all'}, 'wealth_quintile': {'reference': 'Poorest', 'reference_column': 'wealth_quintile_Poorest'}, 'residence': {'reference': 'Rural', 'reference_column': 'residence_Rural'}, 'country_admin_region': {'reference': 'ethiopia::01', 'reference_column': 'country_admin_region_ethiopia::01'}}"
ghana_biodigester,model4_biodigester_swap,haz,pooled,country_admin_region_kenya::41,0.6474027116284737,0.1169941312692669,0.4180984279381592,0.8767069953187883,3.136630073636329e-08,36985,4434,114,model_specific_equal_total_country_weight,cluster_robust_country_psu,True,"{'child_sex': {'reference': 'Male', 'reference_column': 'child_sex_Male'}, 'maternal_education': {'reference': 'No education', 'reference_column': 'maternal_education_No education'}, 'literacy': {'reference': 'Cannot read at all', 'reference_column': 'literacy_Cannot read at all'}, 'wealth_quintile': {'reference': 'Poorest', 'reference_column': 'wealth_quintile_Poorest'}, 'residence': {'reference': 'Rural', 'reference_column': 'residence_Rural'}, 'country_admin_region': {'reference': 'ethiopia::01', 'reference_column': 'country_admin_region_ethiopia::01'}}"
ghana_biodigester,model4_biodigester_swap,haz,pooled,country_admin_region_kenya::42,1.0620429898969637,0.10619340384433587,0.853907742966348,1.2701782368275794,1.5082624413465425e-23,36985,4434,114,model_specific_equal_total_country_weight,cluster_robust_country_psu,True,"{'child_sex': {'reference': 'Male', 'reference_column': 'child_sex_Male'}, 'maternal_education': {'reference': 'No education', 'reference_column': 'maternal_education_No education'}, 'literacy': {'reference': 'Cannot read at all', 'reference_column': 'literacy_Cannot read at all'}, 'wealth_quintile': {'reference': 'Poorest', 'reference_column': 'wealth_quintile_Poorest'}, 'residence': {'reference': 'Rural', 'reference_column': 'residence_Rural'}, 'country_admin_region': {'reference': 'ethiopia::01', 'reference_column': 'country_admin_region_ethiopia::01'}}"
ghana_biodigester,model4_biodigester_swap,haz,pooled,country_admin_region_kenya::43,1.0434329399222884,0.10384724339491552,0.8398960829744889,1.2469697968700877,9.397231764605499e-24,36985,4434,114,model_specific_equal_total_country_weight,cluster_robust_country_psu,True,"{'child_sex': {'reference': 'Male', 'reference_column': 'child_sex_Male'}, 'maternal_education': {'reference': 'No education', 'reference_column': 'maternal_education_No education'}, 'literacy': {'reference': 'Cannot read at all', 'reference_column': 'literacy_Cannot read at all'}, 'wealth_quintile': {'reference': 'Poorest', 'reference_column': 'wealth_quintile_Poorest'}, 'residence': {'reference': 'Rural', 'reference_column': 'residence_Rural'}, 'country_admin_region': {'reference': 'ethiopia::01', 'reference_column': 'country_admin_region_ethiopia::01'}}"
ghana_biodigester,model4_biodigester_swap,haz,pooled,country_admin_region_kenya::44,0.9524949136795701,0.10663636860897234,0.7434914717638467,1.1614983555952934,4.177066814972204e-19,36985,4434,114,model_specific_equal_total_country_weight,cluster_robust_country_psu,True,"{'child_sex': {'reference': 'Male', 'reference_column': 'child_sex_Male'}, 'maternal_education': {'reference': 'No education', 'reference_column': 'maternal_education_No education'}, 'literacy': {'reference': 'Cannot read at all', 'reference_column': 'literacy_Cannot read at all'}, 'wealth_quintile': {'reference': 'Poorest', 'reference_column': 'wealth_quintile_Poorest'}, 'residence': {'reference': 'Rural', 'reference_column': 'residence_Rural'}, 'country_admin_region': {'reference': 'ethiopia::01', 'reference_column': 'country_admin_region_ethiopia::01'}}"
ghana_biodigester,model4_biodigester_swap,haz,pooled,country_admin_region_kenya::45,0.7725454648524978,0.11292255426769807,0.5512213254455398,0.9938696042594557,7.843699287842303e-12,36985,4434,114,model_specific_equal_total_country_weight,cluster_robust_country_psu,True,"{'child_sex': {'reference': 'Male', 'reference_column': 'child_sex_Male'}, 'maternal_education': {'reference': 'No education', 'reference_column': 'maternal_education_No education'}, 'literacy': {'reference': 'Cannot read at all', 'reference_column': 'literacy_Cannot read at all'}, 'wealth_quintile': {'reference': 'Poorest', 'reference_column': 'wealth_quintile_Poorest'}, 'residence': {'reference': 'Rural', 'reference_column': 'residence_Rural'}, 'country_admin_region': {'reference': 'ethiopia::01', 'reference_column': 'country_admin_region_ethiopia::01'}}"
ghana_biodigester,model4_biodigester_swap,haz,pooled,country_admin_region_kenya::46,0.6496754629388316,0.1216767941002228,0.4111933287480992,0.888157597129564,9.327841283192309e-08,36985,4434,114,model_specific_equal_total_country_weight,cluster_robust_country_psu,True,"{'child_sex': {'reference': 'Male', 'reference_column': 'child_sex_Male'}, 'maternal_education': {'reference': 'No education', 'reference_column': 'maternal_education_No education'}, 'literacy': {'reference': 'Cannot read at all', 'reference_column': 'literacy_Cannot read at all'}, 'wealth_quintile': {'reference': 'Poorest', 'reference_column': 'wealth_quintile_Poorest'}, 'residence': {'reference': 'Rural', 'reference_column': 'residence_Rural'}, 'country_admin_region': {'reference': 'ethiopia::01', 'reference_column': 'country_admin_region_ethiopia::01'}}"
ghana_biodigester,model4_biodigester_swap,haz,pooled,country_admin_region_kenya::47,0.6298231925668881,0.11269399411487618,0.40894702282776196,0.8506993623060143,2.2865580505098035e-08,36985,4434,114,model_specific_equal_total_country_weight,cluster_robust_country_psu,True,"{'child_sex': {'reference': 'Male', 'reference_column': 'child_sex_Male'}, 'maternal_education': {'reference': 'No education', 'reference_column': 'maternal_education_No education'}, 'literacy': {'reference': 'Cannot read at all', 'reference_column': 'literacy_Cannot read at all'}, 'wealth_quintile': {'reference': 'Poorest', 'reference_column': 'wealth_quintile_Poorest'}, 'residence': {'reference': 'Rural', 'reference_column': 'residence_Rural'}, 'country_admin_region': {'reference': 'ethiopia::01', 'reference_column': 'country_admin_region_ethiopia::01'}}"
ghana_biodigester,model4_biodigester_swap,haz,pooled,country_admin_region_nigeria::01,0.4208313365305157,0.1380779848378395,0.1502034591904826,0.6914592138705488,0.00230538550471821,36985,4434,114,model_specific_equal_total_country_weight,cluster_robust_country_psu,True,"{'child_sex': {'reference': 'Male', 'reference_column': 'child_sex_Male'}, 'maternal_education': {'reference': 'No education', 'reference_column': 'maternal_education_No education'}, 'literacy': {'reference': 'Cannot read at all', 'reference_column': 'literacy_Cannot read at all'}, 'wealth_quintile': {'reference': 'Poorest', 'reference_column': 'wealth_quintile_Poorest'}, 'residence': {'reference': 'Rural', 'reference_column': 'residence_Rural'}, 'country_admin_region': {'reference': 'ethiopia::01', 'reference_column': 'country_admin_region_ethiopia::01'}}"
ghana_biodigester,model4_biodigester_swap,haz,pooled,country_admin_region_nigeria::02,0.609571138290349,0.1285817062374451,0.3575556249942474,0.8615866515864506,2.129496725418426e-06,36985,4434,114,model_specific_equal_total_country_weight,cluster_robust_country_psu,True,"{'child_sex': {'reference': 'Male', 'reference_column': 'child_sex_Male'}, 'maternal_education': {'reference': 'No education', 'reference_column': 'maternal_education_No education'}, 'literacy': {'reference': 'Cannot read at all', 'reference_column': 'literacy_Cannot read at all'}, 'wealth_quintile': {'reference': 'Poorest', 'reference_column': 'wealth_quintile_Poorest'}, 'residence': {'reference': 'Rural', 'reference_column': 'residence_Rural'}, 'country_admin_region': {'reference': 'ethiopia::01', 'reference_column': 'country_admin_region_ethiopia::01'}}"
ghana_biodigester,model4_biodigester_swap,haz,pooled,country_admin_region_nigeria::03,0.1639970445093785,0.2017015788941371,-0.2313307857479945,0.5593248747667515,0.4161792279757702,36985,4434,114,model_specific_equal_total_country_weight,cluster_robust_country_psu,True,"{'child_sex': {'reference': 'Male', 'reference_column': 'child_sex_Male'}, 'maternal_education': {'reference': 'No education', 'reference_column': 'maternal_education_No education'}, 'literacy': {'reference': 'Cannot read at all', 'reference_column': 'literacy_Cannot read at all'}, 'wealth_quintile': {'reference': 'Poorest', 'reference_column': 'wealth_quintile_Poorest'}, 'residence': {'reference': 'Rural', 'reference_column': 'residence_Rural'}, 'country_admin_region': {'reference': 'ethiopia::01', 'reference_column': 'country_admin_region_ethiopia::01'}}"
ghana_biodigester,model4_biodigester_swap,haz,pooled,country_admin_region_nigeria::04,-0.07700465593358069,0.12430461139729555,-0.3206372173845271,0.16662790551736573,0.5355978873522056,36985,4434,114,model_specific_equal_total_country_weight,cluster_robust_country_psu,True,"{'child_sex': {'reference': 'Male', 'reference_column': 'child_sex_Male'}, 'maternal_education': {'reference': 'No education', 'reference_column': 'maternal_education_No education'}, 'literacy': {'reference': 'Cannot read at all', 'reference_column': 'literacy_Cannot read at all'}, 'wealth_quintile': {'reference': 'Poorest', 'reference_column': 'wealth_quintile_Poorest'}, 'residence': {'reference': 'Rural', 'reference_column': 'residence_Rural'}, 'country_admin_region': {'reference': 'ethiopia::01', 'reference_column': 'country_admin_region_ethiopia::01'}}"
ghana_biodigester,model4_biodigester_swap,haz,pooled,country_admin_region_nigeria::05,0.12967753548416822,0.12117221634843248,-0.10781564448565498,0.3671707154539914,0.2845328985635234,36985,4434,114,model_specific_equal_total_country_weight,cluster_robust_country_psu,True,"{'child_sex': {'reference': 'Male', 'reference_column': 'child_sex_Male'}, 'maternal_education': {'reference': 'No education', 'reference_column': 'maternal_education_No education'}, 'literacy': {'reference': 'Cannot read at all', 'reference_column': 'literacy_Cannot read at all'}, 'wealth_quintile': {'reference': 'Poorest', 'reference_column': 'wealth_quintile_Poorest'}, 'residence': {'reference': 'Rural', 'reference_column': 'residence_Rural'}, 'country_admin_region': {'reference': 'ethiopia::01', 'reference_column': 'country_admin_region_ethiopia::01'}}"
ghana_biodigester,model4_biodigester_swap,haz,pooled,country_admin_region_nigeria::06,-0.0067820061724766425,0.14666677765692362,-0.29424360810859085,0.28067959576363755,0.9631182309386339,36985,4434,114,model_specific_equal_total_country_weight,cluster_robust_country_psu,True,"{'child_sex': {'reference': 'Male', 'reference_column': 'child_sex_Male'}, 'maternal_education': {'reference': 'No education', 'reference_column': 'maternal_education_No education'}, 'literacy': {'reference': 'Cannot read at all', 'reference_column': 'literacy_Cannot read at all'}, 'wealth_quintile': {'reference': 'Poorest', 'reference_column': 'wealth_quintile_Poorest'}, 'residence': {'reference': 'Rural', 'reference_column': 'residence_Rural'}, 'country_admin_region': {'reference': 'ethiopia::01', 'reference_column': 'country_admin_region_ethiopia::01'}}"
ghana_biodigester,model4_biodigester_swap,haz,pooled,country_admin_region_nigeria::07,-0.05758546836959239,0.12122671459024373,-0.2951854629305864,0.18001452619140162,0.6347706343166855,36985,4434,114,model_specific_equal_total_country_weight,cluster_robust_country_psu,True,"{'child_sex': {'reference': 'Male', 'reference_column': 'child_sex_Male'}, 'maternal_education': {'reference': 'No education', 'reference_column': 'maternal_education_No education'}, 'literacy': {'reference': 'Cannot read at all', 'reference_column': 'literacy_Cannot read at all'}, 'wealth_quintile': {'reference': 'Poorest', 'reference_column': 'wealth_quintile_Poorest'}, 'residence': {'reference': 'Rural', 'reference_column': 'residence_Rural'}, 'country_admin_region': {'reference': 'ethiopia::01', 'reference_column': 'country_admin_region_ethiopia::01'}}"
ghana_biodigester,model4_biodigester_swap,haz,pooled,country_admin_region_nigeria::08,-0.18089332978297207,0.1762517892706868,-0.5263404889642613,0.1645538293983172,0.3047338396333651,36985,4434,114,model_specific_equal_total_country_weight,cluster_robust_country_psu,True,"{'child_sex': {'reference': 'Male', 'reference_column': 'child_sex_Male'}, 'maternal_education': {'reference': 'No education', 'reference_column': 'maternal_education_No education'}, 'literacy': {'reference': 'Cannot read at all', 'reference_column': 'literacy_Cannot read at all'}, 'wealth_quintile': {'reference': 'Poorest', 'reference_column': 'wealth_quintile_Poorest'}, 'residence': {'reference': 'Rural', 'reference_column': 'residence_Rural'}, 'country_admin_region': {'reference': 'ethiopia::01', 'reference_column': 'country_admin_region_ethiopia::01'}}"
ghana_biodigester,model4_biodigester_swap,haz,pooled,country_admin_region_nigeria::09,-0.48535848205973525,0.11642676117680326,-0.7135507408029158,-0.2571662233165547,3.062236819789878e-05,36985,4434,114,model_specific_equal_total_country_weight,cluster_robust_country_psu,True,"{'child_sex': {'reference': 'Male', 'reference_column': 'child_sex_Male'}, 'maternal_education': {'reference': 'No education', 'reference_column': 'maternal_education_No education'}, 'literacy': {'reference': 'Cannot read at all', 'reference_column': 'literacy_Cannot read at all'}, 'wealth_quintile': {'reference': 'Poorest', 'reference_column': 'wealth_quintile_Poorest'}, 'residence': {'reference': 'Rural', 'reference_column': 'residence_Rural'}, 'country_admin_region': {'reference': 'ethiopia::01', 'reference_column': 'country_admin_region_ethiopia::01'}}"
ghana_biodigester,model4_biodigester_swap,haz,pooled,country_admin_region_nigeria::10,0.06691230783244692,0.16134406277428381,-0.24931624432451902,0.38314085998941283,0.6783482594237266,36985,4434,114,model_specific_equal_total_country_weight,cluster_robust_country_psu,True,"{'child_sex': {'reference': 'Male', 'reference_column': 'child_sex_Male'}, 'maternal_education': {'reference': 'No education', 'reference_column': 'maternal_education_No education'}, 'literacy': {'reference': 'Cannot read at all', 'reference_column': 'literacy_Cannot read at all'}, 'wealth_quintile': {'reference': 'Poorest', 'reference_column': 'wealth_quintile_Poorest'}, 'residence': {'reference': 'Rural', 'reference_column': 'residence_Rural'}, 'country_admin_region': {'reference': 'ethiopia::01', 'reference_column': 'country_admin_region_ethiopia::01'}}"
ghana_biodigester,model4_biodigester_swap,haz,pooled,country_admin_region_nigeria::11,-0.20394333464600328,0.12957529054329092,-0.45790623739716696,0.050019568105160395,0.1155020317465739,36985,4434,114,model_specific_equal_total_country_weight,cluster_robust_country_psu,True,"{'child_sex': {'reference': 'Male', 'reference_column': 'child_sex_Male'}, 'maternal_education': {'reference': 'No education', 'reference_column': 'maternal_education_No education'}, 'literacy': {'reference': 'Cannot read at all', 'reference_column': 'literacy_Cannot read at all'}, 'wealth_quintile': {'reference': 'Poorest', 'reference_column': 'wealth_quintile_Poorest'}, 'residence': {'reference': 'Rural', 'reference_column': 'residence_Rural'}, 'country_admin_region': {'reference': 'ethiopia::01', 'reference_column': 'country_admin_region_ethiopia::01'}}"
ghana_biodigester,model4_biodigester_swap,haz,pooled,country_admin_region_nigeria::12,-0.006936513752058416,0.13823034509113422,-0.2778630117012245,0.26398998419710773,0.9599782859958441,36985,4434,114,model_specific_equal_total_country_weight,cluster_robust_country_psu,True,"{'child_sex': {'reference': 'Male', 'reference_column': 'child_sex_Male'}, 'maternal_education': {'reference': 'No education', 'reference_column': 'maternal_education_No education'}, 'literacy': {'reference': 'Cannot read at all', 'reference_column': 'literacy_Cannot read at all'}, 'wealth_quintile': {'reference': 'Poorest', 'reference_column': 'wealth_quintile_Poorest'}, 'residence': {'reference': 'Rural', 'reference_column': 'residence_Rural'}, 'country_admin_region': {'reference': 'ethiopia::01', 'reference_column': 'country_admin_region_ethiopia::01'}}"
ghana_biodigester,model4_biodigester_swap,haz,pooled,country_admin_region_nigeria::13,-0.19463671269880078,0.14250429004925727,-0.47393998883779465,0.08466656344019308,0.1719921555363726,36985,4434,114,model_specific_equal_total_country_weight,cluster_robust_country_psu,True,"{'child_sex': {'reference': 'Male', 'reference_column': 'child_sex_Male'}, 'maternal_education': {'reference': 'No education', 'reference_column': 'maternal_education_No education'}, 'literacy': {'reference': 'Cannot read at all', 'reference_column': 'literacy_Cannot read at all'}, 'wealth_quintile': {'reference': 'Poorest', 'reference_column': 'wealth_quintile_Poorest'}, 'residence': {'reference': 'Rural', 'reference_column': 'residence_Rural'}, 'country_admin_region': {'reference': 'ethiopia::01', 'reference_column': 'country_admin_region_ethiopia::01'}}"
ghana_biodigester,model4_biodigester_swap,haz,pooled,country_admin_region_nigeria::14,-0.22009894182175055,0.11816035429101068,-0.4516889806326243,0.011491096989123234,0.062502520312464,36985,4434,114,model_specific_equal_total_country_weight,cluster_robust_country_psu,True,"{'child_sex': {'reference': 'Male', 'reference_column': 'child_sex_Male'}, 'maternal_education': {'reference': 'No education', 'reference_column': 'maternal_education_No education'}, 'literacy': {'reference': 'Cannot read at all', 'reference_column': 'literacy_Cannot read at all'}, 'wealth_quintile': {'reference': 'Poorest', 'reference_column': 'wealth_quintile_Poorest'}, 'residence': {'reference': 'Rural', 'reference_column': 'residence_Rural'}, 'country_admin_region': {'reference': 'ethiopia::01', 'reference_column': 'country_admin_region_ethiopia::01'}}"
ghana_biodigester,model4_biodigester_swap,haz,pooled,country_admin_region_nigeria::15,-0.04791878246960978,0.11509694029382299,-0.2735046401762598,0.17766707523704023,0.6771655342428267,36985,4434,114,model_specific_equal_total_country_weight,cluster_robust_country_psu,True,"{'child_sex': {'reference': 'Male', 'reference_column': 'child_sex_Male'}, 'maternal_education': {'reference': 'No education', 'reference_column': 'maternal_education_No education'}, 'literacy': {'reference': 'Cannot read at all', 'reference_column': 'literacy_Cannot read at all'}, 'wealth_quintile': {'reference': 'Poorest', 'reference_column': 'wealth_quintile_Poorest'}, 'residence': {'reference': 'Rural', 'reference_column': 'residence_Rural'}, 'country_admin_region': {'reference': 'ethiopia::01', 'reference_column': 'country_admin_region_ethiopia::01'}}"
ghana_biodigester,model4_biodigester_swap,haz,pooled,country_admin_region_nigeria::16,-0.3639825335952341,0.12192214893596326,-0.6029455544274506,-0.12501951276301762,0.0028323695946200276,36985,4434,114,model_specific_equal_total_country_weight,cluster_robust_country_psu,True,"{'child_sex': {'reference': 'Male', 'reference_column': 'child_sex_Male'}, 'maternal_education': {'reference': 'No education', 'reference_column': 'maternal_education_No education'}, 'literacy': {'reference': 'Cannot read at all', 'reference_column': 'literacy_Cannot read at all'}, 'wealth_quintile': {'reference': 'Poorest', 'reference_column': 'wealth_quintile_Poorest'}, 'residence': {'reference': 'Rural', 'reference_column': 'residence_Rural'}, 'country_admin_region': {'reference': 'ethiopia::01', 'reference_column': 'country_admin_region_ethiopia::01'}}"
ghana_biodigester,model4_biodigester_swap,haz,pooled,country_admin_region_nigeria::17,-0.39786728848558894,0.20409867146151517,-0.7978933338426316,0.0021587568714537264,0.051249230732610875,36985,4434,114,model_specific_equal_total_country_weight,cluster_robust_country_psu,True,"{'child_sex': {'reference': 'Male', 'reference_column': 'child_sex_Male'}, 'maternal_education': {'reference': 'No education', 'reference_column': 'maternal_education_No education'}, 'literacy': {'reference': 'Cannot read at all', 'reference_column': 'literacy_Cannot read at all'}, 'wealth_quintile': {'reference': 'Poorest', 'reference_column': 'wealth_quintile_Poorest'}, 'residence': {'reference': 'Rural', 'reference_column': 'residence_Rural'}, 'country_admin_region': {'reference': 'ethiopia::01', 'reference_column': 'country_admin_region_ethiopia::01'}}"
ghana_biodigester,model4_biodigester_swap,haz,pooled,country_admin_region_nigeria::18,-0.42149147282363914,0.12053573388663323,-0.6577371700915444,-0.18524577555573385,0.000470843690330879,36985,4434,114,model_specific_equal_total_country_weight,cluster_robust_country_psu,True,"{'child_sex': {'reference': 'Male', 'reference_column': 'child_sex_Male'}, 'maternal_education': {'reference': 'No education', 'reference_column': 'maternal_education_No education'}, 'literacy': {'reference': 'Cannot read at all', 'reference_column': 'literacy_Cannot read at all'}, 'wealth_quintile': {'reference': 'Poorest', 'reference_column': 'wealth_quintile_Poorest'}, 'residence': {'reference': 'Rural', 'reference_column': 'residence_Rural'}, 'country_admin_region': {'reference': 'ethiopia::01', 'reference_column': 'country_admin_region_ethiopia::01'}}"
ghana_biodigester,model4_biodigester_swap,haz,pooled,country_admin_region_nigeria::19,-0.09783146447327781,0.11886131904343775,-0.33079536895334066,0.13513244000678504,0.4104668548370689,36985,4434,114,model_specific_equal_total_country_weight,cluster_robust_country_psu,True,"{'child_sex': {'reference': 'Male', 'reference_column': 'child_sex_Male'}, 'maternal_education': {'reference': 'No education', 'reference_column': 'maternal_education_No education'}, 'literacy': {'reference': 'Cannot read at all', 'reference_column': 'literacy_Cannot read at all'}, 'wealth_quintile': {'reference': 'Poorest', 'reference_column': 'wealth_quintile_Poorest'}, 'residence': {'reference': 'Rural', 'reference_column': 'residence_Rural'}, 'country_admin_region': {'reference': 'ethiopia::01', 'reference_column': 'country_admin_region_ethiopia::01'}}"
ghana_biodigester,model4_biodigester_swap,haz,pooled,country_admin_region_nigeria::20,-0.6892610449605298,0.1881440147093432,-1.0580165376976165,-0.32050555222344296,0.00024881573299699496,36985,4434,114,model_specific_equal_total_country_weight,cluster_robust_country_psu,True,"{'child_sex': {'reference': 'Male', 'reference_column': 'child_sex_Male'}, 'maternal_education': {'reference': 'No education', 'reference_column': 'maternal_education_No education'}, 'literacy': {'reference': 'Cannot read at all', 'reference_column': 'literacy_Cannot read at all'}, 'wealth_quintile': {'reference': 'Poorest', 'reference_column': 'wealth_quintile_Poorest'}, 'residence': {'reference': 'Rural', 'reference_column': 'residence_Rural'}, 'country_admin_region': {'reference': 'ethiopia::01', 'reference_column': 'country_admin_region_ethiopia::01'}}"
ghana_biodigester,model4_biodigester_swap,haz,pooled,country_admin_region_nigeria::21,0.3668727608395959,0.16885742175399074,0.03591829567948385,0.697827225999708,0.02980458057954566,36985,4434,114,model_specific_equal_total_country_weight,cluster_robust_country_psu,True,"{'child_sex': {'reference': 'Male', 'reference_column': 'child_sex_Male'}, 'maternal_education': {'reference': 'No education', 'reference_column': 'maternal_education_No education'}, 'literacy': {'reference': 'Cannot read at all', 'reference_column': 'literacy_Cannot read at all'}, 'wealth_quintile': {'reference': 'Poorest', 'reference_column': 'wealth_quintile_Poorest'}, 'residence': {'reference': 'Rural', 'reference_column': 'residence_Rural'}, 'country_admin_region': {'reference': 'ethiopia::01', 'reference_column': 'country_admin_region_ethiopia::01'}}"
ghana_biodigester,model4_biodigester_swap,haz,pooled,country_admin_region_nigeria::22,0.6065824408117491,0.13786895384060285,0.3363642566979523,0.8768006249255458,1.0839916591491218e-05,36985,4434,114,model_specific_equal_total_country_weight,cluster_robust_country_psu,True,"{'child_sex': {'reference': 'Male', 'reference_column': 'child_sex_Male'}, 'maternal_education': {'reference': 'No education', 'reference_column': 'maternal_education_No education'}, 'literacy': {'reference': 'Cannot read at all', 'reference_column': 'literacy_Cannot read at all'}, 'wealth_quintile': {'reference': 'Poorest', 'reference_column': 'wealth_quintile_Poorest'}, 'residence': {'reference': 'Rural', 'reference_column': 'residence_Rural'}, 'country_admin_region': {'reference': 'ethiopia::01', 'reference_column': 'country_admin_region_ethiopia::01'}}"
ghana_biodigester,model4_biodigester_swap,haz,pooled,country_admin_region_nigeria::23,0.4001258148938191,0.10374825191399686,0.1967829776833965,0.6034686521042417,0.0001149283786363309,36985,4434,114,model_specific_equal_total_country_weight,cluster_robust_country_psu,True,"{'child_sex': {'reference': 'Male', 'reference_column': 'child_sex_Male'}, 'maternal_education': {'reference': 'No education', 'reference_column': 'maternal_education_No education'}, 'literacy': {'reference': 'Cannot read at all', 'reference_column': 'literacy_Cannot read at all'}, 'wealth_quintile': {'reference': 'Poorest', 'reference_column': 'wealth_quintile_Poorest'}, 'residence': {'reference': 'Rural', 'reference_column': 'residence_Rural'}, 'country_admin_region': {'reference': 'ethiopia::01', 'reference_column': 'country_admin_region_ethiopia::01'}}"
ghana_biodigester,model4_biodigester_swap,haz,pooled,country_admin_region_nigeria::24,0.8213841813295246,0.12218088301975293,0.5819140510115075,1.0608543116475417,1.784000689544592e-11,36985,4434,114,model_specific_equal_total_country_weight,cluster_robust_country_psu,True,"{'child_sex': {'reference': 'Male', 'reference_column': 'child_sex_Male'}, 'maternal_education': {'reference': 'No education', 'reference_column': 'maternal_education_No education'}, 'literacy': {'reference': 'Cannot read at all', 'reference_column': 'literacy_Cannot read at all'}, 'wealth_quintile': {'reference': 'Poorest', 'reference_column': 'wealth_quintile_Poorest'}, 'residence': {'reference': 'Rural', 'reference_column': 'residence_Rural'}, 'country_admin_region': {'reference': 'ethiopia::01', 'reference_column': 'country_admin_region_ethiopia::01'}}"
ghana_biodigester,model4_biodigester_swap,haz,pooled,country_admin_region_nigeria::25,0.5278201482533791,0.10959976987774431,0.31300854657912236,0.7426317499276358,1.4654716539422667e-06,36985,4434,114,model_specific_equal_total_country_weight,cluster_robust_country_psu,True,"{'child_sex': {'reference': 'Male', 'reference_column': 'child_sex_Male'}, 'maternal_education': {'reference': 'No education', 'reference_column': 'maternal_education_No education'}, 'literacy': {'reference': 'Cannot read at all', 'reference_column': 'literacy_Cannot read at all'}, 'wealth_quintile': {'reference': 'Poorest', 'reference_column': 'wealth_quintile_Poorest'}, 'residence': {'reference': 'Rural', 'reference_column': 'residence_Rural'}, 'country_admin_region': {'reference': 'ethiopia::01', 'reference_column': 'country_admin_region_ethiopia::01'}}"
ghana_biodigester,model4_biodigester_swap,haz,pooled,country_admin_region_nigeria::26,0.23505023885627366,0.14780132360960704,-0.054635032285905744,0.5247355099984531,0.11176446410645426,36985,4434,114,model_specific_equal_total_country_weight,cluster_robust_country_psu,True,"{'child_sex': {'reference': 'Male', 'reference_column': 'child_sex_Male'}, 'maternal_education': {'reference': 'No education', 'reference_column': 'maternal_education_No education'}, 'literacy': {'reference': 'Cannot read at all', 'reference_column': 'literacy_Cannot read at all'}, 'wealth_quintile': {'reference': 'Poorest', 'reference_column': 'wealth_quintile_Poorest'}, 'residence': {'reference': 'Rural', 'reference_column': 'residence_Rural'}, 'country_admin_region': {'reference': 'ethiopia::01', 'reference_column': 'country_admin_region_ethiopia::01'}}"
ghana_biodigester,model4_biodigester_swap,haz,pooled,country_admin_region_nigeria::27,0.36039069965356857,0.13560584312775345,0.09460813102998339,0.6261732682771537,0.007869129971352277,36985,4434,114,model_specific_equal_total_country_weight,cluster_robust_country_psu,True,"{'child_sex': {'reference': 'Male', 'reference_column': 'child_sex_Male'}, 'maternal_education': {'reference': 'No education', 'reference_column': 'maternal_education_No education'}, 'literacy': {'reference': 'Cannot read at all', 'reference_column': 'literacy_Cannot read at all'}, 'wealth_quintile': {'reference': 'Poorest', 'reference_column': 'wealth_quintile_Poorest'}, 'residence': {'reference': 'Rural', 'reference_column': 'residence_Rural'}, 'country_admin_region': {'reference': 'ethiopia::01', 'reference_column': 'country_admin_region_ethiopia::01'}}"
ghana_biodigester,model4_biodigester_swap,haz,pooled,country_admin_region_nigeria::28,0.23211055215413282,0.1562512068784644,-0.07413618586857454,0.5383572901768402,0.13741246639151508,36985,4434,114,model_specific_equal_total_country_weight,cluster_robust_country_psu,True,"{'child_sex': {'reference': 'Male', 'reference_column': 'child_sex_Male'}, 'maternal_education': {'reference': 'No education', 'reference_column': 'maternal_education_No education'}, 'literacy': {'reference': 'Cannot read at all', 'reference_column': 'literacy_Cannot read at all'}, 'wealth_quintile': {'reference': 'Poorest', 'reference_column': 'wealth_quintile_Poorest'}, 'residence': {'reference': 'Rural', 'reference_column': 'residence_Rural'}, 'country_admin_region': {'reference': 'ethiopia::01', 'reference_column': 'country_admin_region_ethiopia::01'}}"
ghana_biodigester,model4_biodigester_swap,haz,pooled,country_admin_region_nigeria::29,0.5141908170430886,0.12569203486417835,0.26783895556574616,0.760542678520431,4.297426209643389e-05,36985,4434,114,model_specific_equal_total_country_weight,cluster_robust_country_psu,True,"{'child_sex': {'reference': 'Male', 'reference_column': 'child_sex_Male'}, 'maternal_education': {'reference': 'No education', 'reference_column': 'maternal_education_No education'}, 'literacy': {'reference': 'Cannot read at all', 'reference_column': 'literacy_Cannot read at all'}, 'wealth_quintile': {'reference': 'Poorest', 'reference_column': 'wealth_quintile_Poorest'}, 'residence': {'reference': 'Rural', 'reference_column': 'residence_Rural'}, 'country_admin_region': {'reference': 'ethiopia::01', 'reference_column': 'country_admin_region_ethiopia::01'}}"
ghana_biodigester,model4_biodigester_swap,haz,pooled,country_admin_region_nigeria::30,0.5655694913680637,0.13876733667699143,0.29359050925061636,0.837548473485511,4.5882587666417894e-05,36985,4434,114,model_specific_equal_total_country_weight,cluster_robust_country_psu,True,"{'child_sex': {'reference': 'Male', 'reference_column': 'child_sex_Male'}, 'maternal_education': {'reference': 'No education', 'reference_column': 'maternal_education_No education'}, 'literacy': {'reference': 'Cannot read at all', 'reference_column': 'literacy_Cannot read at all'}, 'wealth_quintile': {'reference': 'Poorest', 'reference_column': 'wealth_quintile_Poorest'}, 'residence': {'reference': 'Rural', 'reference_column': 'residence_Rural'}, 'country_admin_region': {'reference': 'ethiopia::01', 'reference_column': 'country_admin_region_ethiopia::01'}}"
ghana_biodigester,model4_biodigester_swap,haz,pooled,country_admin_region_nigeria::31,0.739636537383746,0.12678078732719655,0.4911507602908087,0.9881223144766833,5.412071447088688e-09,36985,4434,114,model_specific_equal_total_country_weight,cluster_robust_country_psu,True,"{'child_sex': {'reference': 'Male', 'reference_column': 'child_sex_Male'}, 'maternal_education': {'reference': 'No education', 'reference_column': 'maternal_education_No education'}, 'literacy': {'reference': 'Cannot read at all', 'reference_column': 'literacy_Cannot read at all'}, 'wealth_quintile': {'reference': 'Poorest', 'reference_column': 'wealth_quintile_Poorest'}, 'residence': {'reference': 'Rural', 'reference_column': 'residence_Rural'}, 'country_admin_region': {'reference': 'ethiopia::01', 'reference_column': 'country_admin_region_ethiopia::01'}}"
ghana_biodigester,model4_biodigester_swap,haz,pooled,country_admin_region_nigeria::32,0.35980818882939725,0.13786914895772767,0.08958962229306305,0.6300267553657315,0.00906003884084628,36985,4434,114,model_specific_equal_total_country_weight,cluster_robust_country_psu,True,"{'child_sex': {'reference': 'Male', 'reference_column': 'child_sex_Male'}, 'maternal_education': {'reference': 'No education', 'reference_column': 'maternal_education_No education'}, 'literacy': {'reference': 'Cannot read at all', 'reference_column': 'literacy_Cannot read at all'}, 'wealth_quintile': {'reference': 'Poorest', 'reference_column': 'wealth_quintile_Poorest'}, 'residence': {'reference': 'Rural', 'reference_column': 'residence_Rural'}, 'country_admin_region': {'reference': 'ethiopia::01', 'reference_column': 'country_admin_region_ethiopia::01'}}"
ghana_biodigester,model4_biodigester_swap,haz,pooled,country_admin_region_nigeria::33,0.37438942694293775,0.16927256079228953,0.04262130421918342,0.7061575496666921,0.026983600307920904,36985,4434,114,model_specific_equal_total_country_weight,cluster_robust_country_psu,True,"{'child_sex': {'reference': 'Male', 'reference_column': 'child_sex_Male'}, 'maternal_education': {'reference': 'No education', 'reference_column': 'maternal_education_No education'}, 'literacy': {'reference': 'Cannot read at all', 'reference_column': 'literacy_Cannot read at all'}, 'wealth_quintile': {'reference': 'Poorest', 'reference_column': 'wealth_quintile_Poorest'}, 'residence': {'reference': 'Rural', 'reference_column': 'residence_Rural'}, 'country_admin_region': {'reference': 'ethiopia::01', 'reference_column': 'country_admin_region_ethiopia::01'}}"
ghana_biodigester,model4_biodigester_swap,haz,pooled,country_admin_region_nigeria::34,0.34081501248058177,0.1554685157785208,0.03610232082478387,0.6455277041363796,0.028366492707191927,36985,4434,114,model_specific_equal_total_country_weight,cluster_robust_country_psu,True,"{'child_sex': {'reference': 'Male', 'reference_column': 'child_sex_Male'}, 'maternal_education': {'reference': 'No education', 'reference_column': 'maternal_education_No education'}, 'literacy': {'reference': 'Cannot read at all', 'reference_column': 'literacy_Cannot read at all'}, 'wealth_quintile': {'reference': 'Poorest', 'reference_column': 'wealth_quintile_Poorest'}, 'residence': {'reference': 'Rural', 'reference_column': 'residence_Rural'}, 'country_admin_region': {'reference': 'ethiopia::01', 'reference_column': 'country_admin_region_ethiopia::01'}}"
ghana_biodigester,model4_biodigester_swap,haz,pooled,country_admin_region_nigeria::35,0.1916717193037209,0.15713555818206484,-0.11630831542372438,0.4996517540311662,0.22254609361759692,36985,4434,114,model_specific_equal_total_country_weight,cluster_robust_country_psu,True,"{'child_sex': {'reference': 'Male', 'reference_column': 'child_sex_Male'}, 'maternal_education': {'reference': 'No education', 'reference_column': 'maternal_education_No education'}, 'literacy': {'reference': 'Cannot read at all', 'reference_column': 'literacy_Cannot read at all'}, 'wealth_quintile': {'reference': 'Poorest', 'reference_column': 'wealth_quintile_Poorest'}, 'residence': {'reference': 'Rural', 'reference_column': 'residence_Rural'}, 'country_admin_region': {'reference': 'ethiopia::01', 'reference_column': 'country_admin_region_ethiopia::01'}}"
ghana_biodigester,model4_biodigester_swap,haz,pooled,country_admin_region_nigeria::36,-0.027828420024509238,0.14844089043627928,-0.3187672191126728,0.2631103790636543,0.8512910536704635,36985,4434,114,model_specific_equal_total_country_weight,cluster_robust_country_psu,True,"{'child_sex': {'reference': 'Male', 'reference_column': 'child_sex_Male'}, 'maternal_education': {'reference': 'No education', 'reference_column': 'maternal_education_No education'}, 'literacy': {'reference': 'Cannot read at all', 'reference_column': 'literacy_Cannot read at all'}, 'wealth_quintile': {'reference': 'Poorest', 'reference_column': 'wealth_quintile_Poorest'}, 'residence': {'reference': 'Rural', 'reference_column': 'residence_Rural'}, 'country_admin_region': {'reference': 'ethiopia::01', 'reference_column': 'country_admin_region_ethiopia::01'}}"
ghana_biodigester,model4_biodigester_swap,haz,pooled,country_admin_region_nigeria::37,0.30230013630103225,0.1327214764605514,0.04217082246337095,0.5624294501386935,0.022744264864063692,36985,4434,114,model_specific_equal_total_country_weight,cluster_robust_country_psu,True,"{'child_sex': {'reference': 'Male', 'reference_column': 'child_sex_Male'}, 'maternal_education': {'reference': 'No education', 'reference_column': 'maternal_education_No education'}, 'literacy': {'reference': 'Cannot read at all', 'reference_column': 'literacy_Cannot read at all'}, 'wealth_quintile': {'reference': 'Poorest', 'reference_column': 'wealth_quintile_Poorest'}, 'residence': {'reference': 'Rural', 'reference_column': 'residence_Rural'}, 'country_admin_region': {'reference': 'ethiopia::01', 'reference_column': 'country_admin_region_ethiopia::01'}}"
ghana_biodigester,model4_biodigester_swap,haz,ghana,const,-1.7557968845960916,0.20282432383400847,-2.1533252544994372,-1.358268514692746,4.854598912925476e-18,4405,616,16,weight_original,cluster_robust_psu,True,"{'child_sex': {'reference': 'Male', 'reference_column': 'child_sex_Male'}, 'maternal_education': {'reference': 'No education', 'reference_column': 'maternal_education_No education'}, 'literacy': {'reference': 'Cannot read at all', 'reference_column': 'literacy_Cannot read at all'}, 'wealth_quintile': {'reference': 'Poorest', 'reference_column': 'wealth_quintile_Poorest'}, 'residence': {'reference': 'Rural', 'reference_column': 'residence_Rural'}, 'country_admin_region': {'reference': 'ghana::01', 'reference_column': 'country_admin_region_ghana::01'}}"
ghana_biodigester,model4_biodigester_swap,haz,ghana,water_rate_loo,-0.009579098661711782,0.11202069995479626,-0.2291356360960801,0.20997743877265654,0.9318544653169044,4405,616,16,weight_original,cluster_robust_psu,True,"{'child_sex': {'reference': 'Male', 'reference_column': 'child_sex_Male'}, 'maternal_education': {'reference': 'No education', 'reference_column': 'maternal_education_No education'}, 'literacy': {'reference': 'Cannot read at all', 'reference_column': 'literacy_Cannot read at all'}, 'wealth_quintile': {'reference': 'Poorest', 'reference_column': 'wealth_quintile_Poorest'}, 'residence': {'reference': 'Rural', 'reference_column': 'residence_Rural'}, 'country_admin_region': {'reference': 'ghana::01', 'reference_column': 'country_admin_region_ghana::01'}}"
ghana_biodigester,model4_biodigester_swap,haz,ghana,sanitation_rate_loo_robustness_biodigester,-0.034332997271008574,0.1327941200825299,-0.2946046899914543,0.22593869544943712,0.795987826281779,4405,616,16,weight_original,cluster_robust_psu,True,"{'child_sex': {'reference': 'Male', 'reference_column': 'child_sex_Male'}, 'maternal_education': {'reference': 'No education', 'reference_column': 'maternal_education_No education'}, 'literacy': {'reference': 'Cannot read at all', 'reference_column': 'literacy_Cannot read at all'}, 'wealth_quintile': {'reference': 'Poorest', 'reference_column': 'wealth_quintile_Poorest'}, 'residence': {'reference': 'Rural', 'reference_column': 'residence_Rural'}, 'country_admin_region': {'reference': 'ghana::01', 'reference_column': 'country_admin_region_ghana::01'}}"
ghana_biodigester,model4_biodigester_swap,haz,ghana,b19_raw,-0.0062264330108257595,0.0016343012875389364,-0.009429604674289514,-0.0030232613473620052,0.00013905448512067784,4405,616,16,weight_original,cluster_robust_psu,True,"{'child_sex': {'reference': 'Male', 'reference_column': 'child_sex_Male'}, 'maternal_education': {'reference': 'No education', 'reference_column': 'maternal_education_No education'}, 'literacy': {'reference': 'Cannot read at all', 'reference_column': 'literacy_Cannot read at all'}, 'wealth_quintile': {'reference': 'Poorest', 'reference_column': 'wealth_quintile_Poorest'}, 'residence': {'reference': 'Rural', 'reference_column': 'residence_Rural'}, 'country_admin_region': {'reference': 'ghana::01', 'reference_column': 'country_admin_region_ghana::01'}}"
ghana_biodigester,model4_biodigester_swap,haz,ghana,birth_order_raw,-0.026634594296016677,0.023481989525734267,-0.07265844805180263,0.019389259459769274,0.2566870587683868,4405,616,16,weight_original,cluster_robust_psu,True,"{'child_sex': {'reference': 'Male', 'reference_column': 'child_sex_Male'}, 'maternal_education': {'reference': 'No education', 'reference_column': 'maternal_education_No education'}, 'literacy': {'reference': 'Cannot read at all', 'reference_column': 'literacy_Cannot read at all'}, 'wealth_quintile': {'reference': 'Poorest', 'reference_column': 'wealth_quintile_Poorest'}, 'residence': {'reference': 'Rural', 'reference_column': 'residence_Rural'}, 'country_admin_region': {'reference': 'ghana::01', 'reference_column': 'country_admin_region_ghana::01'}}"
ghana_biodigester,model4_biodigester_swap,haz,ghana,maternal_age,0.023714038149357575,0.006645434340900467,0.010689226179566988,0.03673885011914816,0.00035907091364697927,4405,616,16,weight_original,cluster_robust_psu,True,"{'child_sex': {'reference': 'Male', 'reference_column': 'child_sex_Male'}, 'maternal_education': {'reference': 'No education', 'reference_column': 'maternal_education_No education'}, 'literacy': {'reference': 'Cannot read at all', 'reference_column': 'literacy_Cannot read at all'}, 'wealth_quintile': {'reference': 'Poorest', 'reference_column': 'wealth_quintile_Poorest'}, 'residence': {'reference': 'Rural', 'reference_column': 'residence_Rural'}, 'country_admin_region': {'reference': 'ghana::01', 'reference_column': 'country_admin_region_ghana::01'}}"
ghana_biodigester,model4_biodigester_swap,haz,ghana,household_size_raw,0.01821083722972452,0.011302255358179795,-0.003941176216382725,0.04036285067583177,0.10712373481292053,4405,616,16,weight_original,cluster_robust_psu,True,"{'child_sex': {'reference': 'Male', 'reference_column': 'child_sex_Male'}, 'maternal_education': {'reference': 'No education', 'reference_column': 'maternal_education_No education'}, 'literacy': {'reference': 'Cannot read at all', 'reference_column': 'literacy_Cannot read at all'}, 'wealth_quintile': {'reference': 'Poorest', 'reference_column': 'wealth_quintile_Poorest'}, 'residence': {'reference': 'Rural', 'reference_column': 'residence_Rural'}, 'country_admin_region': {'reference': 'ghana::01', 'reference_column': 'country_admin_region_ghana::01'}}"
ghana_biodigester,model4_biodigester_swap,haz,ghana,child_sex_Female,0.15608834248643005,0.052278207356232426,0.05362493889189758,0.25855174608096254,0.002829070745005412,4405,616,16,weight_original,cluster_robust_psu,True,"{'child_sex': {'reference': 'Male', 'reference_column': 'child_sex_Male'}, 'maternal_education': {'reference': 'No education', 'reference_column': 'maternal_education_No education'}, 'literacy': {'reference': 'Cannot read at all', 'reference_column': 'literacy_Cannot read at all'}, 'wealth_quintile': {'reference': 'Poorest', 'reference_column': 'wealth_quintile_Poorest'}, 'residence': {'reference': 'Rural', 'reference_column': 'residence_Rural'}, 'country_admin_region': {'reference': 'ghana::01', 'reference_column': 'country_admin_region_ghana::01'}}"
ghana_biodigester,model4_biodigester_swap,haz,ghana,maternal_education_Higher,0.1554178849523267,0.13953721597510083,-0.118070032861858,0.42890580276651136,0.2653608953575777,4405,616,16,weight_original,cluster_robust_psu,True,"{'child_sex': {'reference': 'Male', 'reference_column': 'child_sex_Male'}, 'maternal_education': {'reference': 'No education', 'reference_column': 'maternal_education_No education'}, 'literacy': {'reference': 'Cannot read at all', 'reference_column': 'literacy_Cannot read at all'}, 'wealth_quintile': {'reference': 'Poorest', 'reference_column': 'wealth_quintile_Poorest'}, 'residence': {'reference': 'Rural', 'reference_column': 'residence_Rural'}, 'country_admin_region': {'reference': 'ghana::01', 'reference_column': 'country_admin_region_ghana::01'}}"
ghana_biodigester,model4_biodigester_swap,haz,ghana,maternal_education_Primary,-0.030267507949079193,0.07831781953305256,-0.18376761358156976,0.12323259768341137,0.6991484252533204,4405,616,16,weight_original,cluster_robust_psu,True,"{'child_sex': {'reference': 'Male', 'reference_column': 'child_sex_Male'}, 'maternal_education': {'reference': 'No education', 'reference_column': 'maternal_education_No education'}, 'literacy': {'reference': 'Cannot read at all', 'reference_column': 'literacy_Cannot read at all'}, 'wealth_quintile': {'reference': 'Poorest', 'reference_column': 'wealth_quintile_Poorest'}, 'residence': {'reference': 'Rural', 'reference_column': 'residence_Rural'}, 'country_admin_region': {'reference': 'ghana::01', 'reference_column': 'country_admin_region_ghana::01'}}"
ghana_biodigester,model4_biodigester_swap,haz,ghana,maternal_education_Secondary,-0.0005629224880516335,0.08696119164724772,-0.17100372616934253,0.1698778811932393,0.9948351210824042,4405,616,16,weight_original,cluster_robust_psu,True,"{'child_sex': {'reference': 'Male', 'reference_column': 'child_sex_Male'}, 'maternal_education': {'reference': 'No education', 'reference_column': 'maternal_education_No education'}, 'literacy': {'reference': 'Cannot read at all', 'reference_column': 'literacy_Cannot read at all'}, 'wealth_quintile': {'reference': 'Poorest', 'reference_column': 'wealth_quintile_Poorest'}, 'residence': {'reference': 'Rural', 'reference_column': 'residence_Rural'}, 'country_admin_region': {'reference': 'ghana::01', 'reference_column': 'country_admin_region_ghana::01'}}"
ghana_biodigester,model4_biodigester_swap,haz,ghana,literacy_Able to read only parts of sentence,0.18656763397135043,0.09411570545444402,0.0021042409010602336,0.3710310270416406,0.04744321267424094,4405,616,16,weight_original,cluster_robust_psu,True,"{'child_sex': {'reference': 'Male', 'reference_column': 'child_sex_Male'}, 'maternal_education': {'reference': 'No education', 'reference_column': 'maternal_education_No education'}, 'literacy': {'reference': 'Cannot read at all', 'reference_column': 'literacy_Cannot read at all'}, 'wealth_quintile': {'reference': 'Poorest', 'reference_column': 'wealth_quintile_Poorest'}, 'residence': {'reference': 'Rural', 'reference_column': 'residence_Rural'}, 'country_admin_region': {'reference': 'ghana::01', 'reference_column': 'country_admin_region_ghana::01'}}"
ghana_biodigester,model4_biodigester_swap,haz,ghana,literacy_Able to read whole sentence,0.1973711109213415,0.08647980183439984,0.027873813935756914,0.3668684079069261,0.02247282220284746,4405,616,16,weight_original,cluster_robust_psu,True,"{'child_sex': {'reference': 'Male', 'reference_column': 'child_sex_Male'}, 'maternal_education': {'reference': 'No education', 'reference_column': 'maternal_education_No education'}, 'literacy': {'reference': 'Cannot read at all', 'reference_column': 'literacy_Cannot read at all'}, 'wealth_quintile': {'reference': 'Poorest', 'reference_column': 'wealth_quintile_Poorest'}, 'residence': {'reference': 'Rural', 'reference_column': 'residence_Rural'}, 'country_admin_region': {'reference': 'ghana::01', 'reference_column': 'country_admin_region_ghana::01'}}"
ghana_biodigester,model4_biodigester_swap,haz,ghana,literacy_Blind/visually impaired,-0.5753447694158903,0.47625674292188136,-1.5087908329371291,0.3581012941053485,0.22702576019814735,4405,616,16,weight_original,cluster_robust_psu,True,"{'child_sex': {'reference': 'Male', 'reference_column': 'child_sex_Male'}, 'maternal_education': {'reference': 'No education', 'reference_column': 'maternal_education_No education'}, 'literacy': {'reference': 'Cannot read at all', 'reference_column': 'literacy_Cannot read at all'}, 'wealth_quintile': {'reference': 'Poorest', 'reference_column': 'wealth_quintile_Poorest'}, 'residence': {'reference': 'Rural', 'reference_column': 'residence_Rural'}, 'country_admin_region': {'reference': 'ghana::01', 'reference_column': 'country_admin_region_ghana::01'}}"
ghana_biodigester,model4_biodigester_swap,haz,ghana,literacy_No card with required language,0.44608715300077073,0.4158855639789196,-0.36903357408804016,1.2612078800895816,0.28344166976849694,4405,616,16,weight_original,cluster_robust_psu,True,"{'child_sex': {'reference': 'Male', 'reference_column': 'child_sex_Male'}, 'maternal_education': {'reference': 'No education', 'reference_column': 'maternal_education_No education'}, 'literacy': {'reference': 'Cannot read at all', 'reference_column': 'literacy_Cannot read at all'}, 'wealth_quintile': {'reference': 'Poorest', 'reference_column': 'wealth_quintile_Poorest'}, 'residence': {'reference': 'Rural', 'reference_column': 'residence_Rural'}, 'country_admin_region': {'reference': 'ghana::01', 'reference_column': 'country_admin_region_ghana::01'}}"
ghana_biodigester,model4_biodigester_swap,haz,ghana,wealth_quintile_Middle,0.1039450364772547,0.10215168369674807,-0.09626858452849893,0.3041586574830083,0.30888910974761685,4405,616,16,weight_original,cluster_robust_psu,True,"{'child_sex': {'reference': 'Male', 'reference_column': 'child_sex_Male'}, 'maternal_education': {'reference': 'No education', 'reference_column': 'maternal_education_No education'}, 'literacy': {'reference': 'Cannot read at all', 'reference_column': 'literacy_Cannot read at all'}, 'wealth_quintile': {'reference': 'Poorest', 'reference_column': 'wealth_quintile_Poorest'}, 'residence': {'reference': 'Rural', 'reference_column': 'residence_Rural'}, 'country_admin_region': {'reference': 'ghana::01', 'reference_column': 'country_admin_region_ghana::01'}}"
ghana_biodigester,model4_biodigester_swap,haz,ghana,wealth_quintile_Poorer,-0.010306081082099312,0.0717730503804068,-0.15097867488827546,0.13036651272407682,0.8858221605876673,4405,616,16,weight_original,cluster_robust_psu,True,"{'child_sex': {'reference': 'Male', 'reference_column': 'child_sex_Male'}, 'maternal_education': {'reference': 'No education', 'reference_column': 'maternal_education_No education'}, 'literacy': {'reference': 'Cannot read at all', 'reference_column': 'literacy_Cannot read at all'}, 'wealth_quintile': {'reference': 'Poorest', 'reference_column': 'wealth_quintile_Poorest'}, 'residence': {'reference': 'Rural', 'reference_column': 'residence_Rural'}, 'country_admin_region': {'reference': 'ghana::01', 'reference_column': 'country_admin_region_ghana::01'}}"
ghana_biodigester,model4_biodigester_swap,haz,ghana,wealth_quintile_Richer,0.2072075286454571,0.11372153543073807,-0.015682585065385224,0.43009764235629944,0.06844579172222584,4405,616,16,weight_original,cluster_robust_psu,True,"{'child_sex': {'reference': 'Male', 'reference_column': 'child_sex_Male'}, 'maternal_education': {'reference': 'No education', 'reference_column': 'maternal_education_No education'}, 'literacy': {'reference': 'Cannot read at all', 'reference_column': 'literacy_Cannot read at all'}, 'wealth_quintile': {'reference': 'Poorest', 'reference_column': 'wealth_quintile_Poorest'}, 'residence': {'reference': 'Rural', 'reference_column': 'residence_Rural'}, 'country_admin_region': {'reference': 'ghana::01', 'reference_column': 'country_admin_region_ghana::01'}}"
ghana_biodigester,model4_biodigester_swap,haz,ghana,wealth_quintile_Richest,0.47630098156709827,0.12942113352281384,0.2226402210240337,0.7299617421101628,0.0002330134864408026,4405,616,16,weight_original,cluster_robust_psu,True,"{'child_sex': {'reference': 'Male', 'reference_column': 'child_sex_Male'}, 'maternal_education': {'reference': 'No education', 'reference_column': 'maternal_education_No education'}, 'literacy': {'reference': 'Cannot read at all', 'reference_column': 'literacy_Cannot read at all'}, 'wealth_quintile': {'reference': 'Poorest', 'reference_column': 'wealth_quintile_Poorest'}, 'residence': {'reference': 'Rural', 'reference_column': 'residence_Rural'}, 'country_admin_region': {'reference': 'ghana::01', 'reference_column': 'country_admin_region_ghana::01'}}"
ghana_biodigester,model4_biodigester_swap,haz,ghana,residence_Urban,0.022849296875451335,0.06360161267604968,-0.1018075733282722,0.14750616707917485,0.7194031646489751,4405,616,16,weight_original,cluster_robust_psu,True,"{'child_sex': {'reference': 'Male', 'reference_column': 'child_sex_Male'}, 'maternal_education': {'reference': 'No education', 'reference_column': 'maternal_education_No education'}, 'literacy': {'reference': 'Cannot read at all', 'reference_column': 'literacy_Cannot read at all'}, 'wealth_quintile': {'reference': 'Poorest', 'reference_column': 'wealth_quintile_Poorest'}, 'residence': {'reference': 'Rural', 'reference_column': 'residence_Rural'}, 'country_admin_region': {'reference': 'ghana::01', 'reference_column': 'country_admin_region_ghana::01'}}"
ghana_biodigester,model4_biodigester_swap,haz,ghana,country_admin_region_ghana::02,-0.07946911356322466,0.12381715755515764,-0.3221462830394551,0.16320805591300575,0.5209859426404343,4405,616,16,weight_original,cluster_robust_psu,True,"{'child_sex': {'reference': 'Male', 'reference_column': 'child_sex_Male'}, 'maternal_education': {'reference': 'No education', 'reference_column': 'maternal_education_No education'}, 'literacy': {'reference': 'Cannot read at all', 'reference_column': 'literacy_Cannot read at all'}, 'wealth_quintile': {'reference': 'Poorest', 'reference_column': 'wealth_quintile_Poorest'}, 'residence': {'reference': 'Rural', 'reference_column': 'residence_Rural'}, 'country_admin_region': {'reference': 'ghana::01', 'reference_column': 'country_admin_region_ghana::01'}}"
ghana_biodigester,model4_biodigester_swap,haz,ghana,country_admin_region_ghana::03,-0.04547587116480447,0.1086063984238196,-0.2583405005660986,0.16738875823648963,0.6754194311694699,4405,616,16,weight_original,cluster_robust_psu,True,"{'child_sex': {'reference': 'Male', 'reference_column': 'child_sex_Male'}, 'maternal_education': {'reference': 'No education', 'reference_column': 'maternal_education_No education'}, 'literacy': {'reference': 'Cannot read at all', 'reference_column': 'literacy_Cannot read at all'}, 'wealth_quintile': {'reference': 'Poorest', 'reference_column': 'wealth_quintile_Poorest'}, 'residence': {'reference': 'Rural', 'reference_column': 'residence_Rural'}, 'country_admin_region': {'reference': 'ghana::01', 'reference_column': 'country_admin_region_ghana::01'}}"
ghana_biodigester,model4_biodigester_swap,haz,ghana,country_admin_region_ghana::04,-0.1294377123116251,0.12455831343981233,-0.3735675206287086,0.11469209600545843,0.2987240012005866,4405,616,16,weight_original,cluster_robust_psu,True,"{'child_sex': {'reference': 'Male', 'reference_column': 'child_sex_Male'}, 'maternal_education': {'reference': 'No education', 'reference_column': 'maternal_education_No education'}, 'literacy': {'reference': 'Cannot read at all', 'reference_column': 'literacy_Cannot read at all'}, 'wealth_quintile': {'reference': 'Poorest', 'reference_column': 'wealth_quintile_Poorest'}, 'residence': {'reference': 'Rural', 'reference_column': 'residence_Rural'}, 'country_admin_region': {'reference': 'ghana::01', 'reference_column': 'country_admin_region_ghana::01'}}"
ghana_biodigester,model4_biodigester_swap,haz,ghana,country_admin_region_ghana::05,0.045589432611803225,0.09947295353575716,-0.14937397375410705,0.2405528389777135,0.6467298615063855,4405,616,16,weight_original,cluster_robust_psu,True,"{'child_sex': {'reference': 'Male', 'reference_column': 'child_sex_Male'}, 'maternal_education': {'reference': 'No education', 'reference_column': 'maternal_education_No education'}, 'literacy': {'reference': 'Cannot read at all', 'reference_column': 'literacy_Cannot read at all'}, 'wealth_quintile': {'reference': 'Poorest', 'reference_column': 'wealth_quintile_Poorest'}, 'residence': {'reference': 'Rural', 'reference_column': 'residence_Rural'}, 'country_admin_region': {'reference': 'ghana::01', 'reference_column': 'country_admin_region_ghana::01'}}"
ghana_biodigester,model4_biodigester_swap,haz,ghana,country_admin_region_ghana::06,0.02740354217877782,0.1062865795450611,-0.18091432576949354,0.2357214101270492,0.796540482182417,4405,616,16,weight_original,cluster_robust_psu,True,"{'child_sex': {'reference': 'Male', 'reference_column': 'child_sex_Male'}, 'maternal_education': {'reference': 'No education', 'reference_column': 'maternal_education_No education'}, 'literacy': {'reference': 'Cannot read at all', 'reference_column': 'literacy_Cannot read at all'}, 'wealth_quintile': {'reference': 'Poorest', 'reference_column': 'wealth_quintile_Poorest'}, 'residence': {'reference': 'Rural', 'reference_column': 'residence_Rural'}, 'country_admin_region': {'reference': 'ghana::01', 'reference_column': 'country_admin_region_ghana::01'}}"
ghana_biodigester,model4_biodigester_swap,haz,ghana,country_admin_region_ghana::07,0.11707079311305334,0.1159332093484141,-0.1101541218219806,0.3442957080480873,0.312585175065637,4405,616,16,weight_original,cluster_robust_psu,True,"{'child_sex': {'reference': 'Male', 'reference_column': 'child_sex_Male'}, 'maternal_education': {'reference': 'No education', 'reference_column': 'maternal_education_No education'}, 'literacy': {'reference': 'Cannot read at all', 'reference_column': 'literacy_Cannot read at all'}, 'wealth_quintile': {'reference': 'Poorest', 'reference_column': 'wealth_quintile_Poorest'}, 'residence': {'reference': 'Rural', 'reference_column': 'residence_Rural'}, 'country_admin_region': {'reference': 'ghana::01', 'reference_column': 'country_admin_region_ghana::01'}}"
ghana_biodigester,model4_biodigester_swap,haz,ghana,country_admin_region_ghana::08,0.04813272023090035,0.09641080564712341,-0.1408289865579524,0.23709442701975308,0.6176060105052827,4405,616,16,weight_original,cluster_robust_psu,True,"{'child_sex': {'reference': 'Male', 'reference_column': 'child_sex_Male'}, 'maternal_education': {'reference': 'No education', 'reference_column': 'maternal_education_No education'}, 'literacy': {'reference': 'Cannot read at all', 'reference_column': 'literacy_Cannot read at all'}, 'wealth_quintile': {'reference': 'Poorest', 'reference_column': 'wealth_quintile_Poorest'}, 'residence': {'reference': 'Rural', 'reference_column': 'residence_Rural'}, 'country_admin_region': {'reference': 'ghana::01', 'reference_column': 'country_admin_region_ghana::01'}}"
ghana_biodigester,model4_biodigester_swap,haz,ghana,country_admin_region_ghana::09,-0.0134719503151318,0.13702022758752957,-0.2820266615401713,0.25508276090990767,0.9216774930986987,4405,616,16,weight_original,cluster_robust_psu,True,"{'child_sex': {'reference': 'Male', 'reference_column': 'child_sex_Male'}, 'maternal_education': {'reference': 'No education', 'reference_column': 'maternal_education_No education'}, 'literacy': {'reference': 'Cannot read at all', 'reference_column': 'literacy_Cannot read at all'}, 'wealth_quintile': {'reference': 'Poorest', 'reference_column': 'wealth_quintile_Poorest'}, 'residence': {'reference': 'Rural', 'reference_column': 'residence_Rural'}, 'country_admin_region': {'reference': 'ghana::01', 'reference_column': 'country_admin_region_ghana::01'}}"
ghana_biodigester,model4_biodigester_swap,haz,ghana,country_admin_region_ghana::10,0.09491516290072309,0.10821768324737588,-0.1171875987544972,0.3070179245559434,0.38044520816460126,4405,616,16,weight_original,cluster_robust_psu,True,"{'child_sex': {'reference': 'Male', 'reference_column': 'child_sex_Male'}, 'maternal_education': {'reference': 'No education', 'reference_column': 'maternal_education_No education'}, 'literacy': {'reference': 'Cannot read at all', 'reference_column': 'literacy_Cannot read at all'}, 'wealth_quintile': {'reference': 'Poorest', 'reference_column': 'wealth_quintile_Poorest'}, 'residence': {'reference': 'Rural', 'reference_column': 'residence_Rural'}, 'country_admin_region': {'reference': 'ghana::01', 'reference_column': 'country_admin_region_ghana::01'}}"
ghana_biodigester,model4_biodigester_swap,haz,ghana,country_admin_region_ghana::11,-0.1524128891523879,0.10814719123981062,-0.36437748901158235,0.05955171070680654,0.1587436022437848,4405,616,16,weight_original,cluster_robust_psu,True,"{'child_sex': {'reference': 'Male', 'reference_column': 'child_sex_Male'}, 'maternal_education': {'reference': 'No education', 'reference_column': 'maternal_education_No education'}, 'literacy': {'reference': 'Cannot read at all', 'reference_column': 'literacy_Cannot read at all'}, 'wealth_quintile': {'reference': 'Poorest', 'reference_column': 'wealth_quintile_Poorest'}, 'residence': {'reference': 'Rural', 'reference_column': 'residence_Rural'}, 'country_admin_region': {'reference': 'ghana::01', 'reference_column': 'country_admin_region_ghana::01'}}"
ghana_biodigester,model4_biodigester_swap,haz,ghana,country_admin_region_ghana::12,-0.43638353796258916,0.11263363474175646,-0.6571414055042712,-0.2156256704209071,0.00010690415401165542,4405,616,16,weight_original,cluster_robust_psu,True,"{'child_sex': {'reference': 'Male', 'reference_column': 'child_sex_Male'}, 'maternal_education': {'reference': 'No education', 'reference_column': 'maternal_education_No education'}, 'literacy': {'reference': 'Cannot read at all', 'reference_column': 'literacy_Cannot read at all'}, 'wealth_quintile': {'reference': 'Poorest', 'reference_column': 'wealth_quintile_Poorest'}, 'residence': {'reference': 'Rural', 'reference_column': 'residence_Rural'}, 'country_admin_region': {'reference': 'ghana::01', 'reference_column': 'country_admin_region_ghana::01'}}"
ghana_biodigester,model4_biodigester_swap,haz,ghana,country_admin_region_ghana::13,-0.1791609612580165,0.12036449729747135,-0.41507104097832903,0.05674911846229602,0.13662256981747395,4405,616,16,weight_original,cluster_robust_psu,True,"{'child_sex': {'reference': 'Male', 'reference_column': 'child_sex_Male'}, 'maternal_education': {'reference': 'No education', 'reference_column': 'maternal_education_No education'}, 'literacy': {'reference': 'Cannot read at all', 'reference_column': 'literacy_Cannot read at all'}, 'wealth_quintile': {'reference': 'Poorest', 'reference_column': 'wealth_quintile_Poorest'}, 'residence': {'reference': 'Rural', 'reference_column': 'residence_Rural'}, 'country_admin_region': {'reference': 'ghana::01', 'reference_column': 'country_admin_region_ghana::01'}}"
ghana_biodigester,model4_biodigester_swap,haz,ghana,country_admin_region_ghana::14,-0.23947443884303724,0.12011171291426626,-0.4748890702764136,-0.004059807409660887,0.04617782451046897,4405,616,16,weight_original,cluster_robust_psu,True,"{'child_sex': {'reference': 'Male', 'reference_column': 'child_sex_Male'}, 'maternal_education': {'reference': 'No education', 'reference_column': 'maternal_education_No education'}, 'literacy': {'reference': 'Cannot read at all', 'reference_column': 'literacy_Cannot read at all'}, 'wealth_quintile': {'reference': 'Poorest', 'reference_column': 'wealth_quintile_Poorest'}, 'residence': {'reference': 'Rural', 'reference_column': 'residence_Rural'}, 'country_admin_region': {'reference': 'ghana::01', 'reference_column': 'country_admin_region_ghana::01'}}"
ghana_biodigester,model4_biodigester_swap,haz,ghana,country_admin_region_ghana::15,-0.2235549932592386,0.11689612511159726,-0.45266718841025744,0.005557201891780245,0.05582179032798313,4405,616,16,weight_original,cluster_robust_psu,True,"{'child_sex': {'reference': 'Male', 'reference_column': 'child_sex_Male'}, 'maternal_education': {'reference': 'No education', 'reference_column': 'maternal_education_No education'}, 'literacy': {'reference': 'Cannot read at all', 'reference_column': 'literacy_Cannot read at all'}, 'wealth_quintile': {'reference': 'Poorest', 'reference_column': 'wealth_quintile_Poorest'}, 'residence': {'reference': 'Rural', 'reference_column': 'residence_Rural'}, 'country_admin_region': {'reference': 'ghana::01', 'reference_column': 'country_admin_region_ghana::01'}}"
ghana_biodigester,model4_biodigester_swap,haz,ghana,country_admin_region_ghana::16,0.025623860996458293,0.12553869851751018,-0.22042746676389352,0.2716751887568101,0.8382665611870952,4405,616,16,weight_original,cluster_robust_psu,True,"{'child_sex': {'reference': 'Male', 'reference_column': 'child_sex_Male'}, 'maternal_education': {'reference': 'No education', 'reference_column': 'maternal_education_No education'}, 'literacy': {'reference': 'Cannot read at all', 'reference_column': 'literacy_Cannot read at all'}, 'wealth_quintile': {'reference': 'Poorest', 'reference_column': 'wealth_quintile_Poorest'}, 'residence': {'reference': 'Rural', 'reference_column': 'residence_Rural'}, 'country_admin_region': {'reference': 'ghana::01', 'reference_column': 'country_admin_region_ghana::01'}}"
ghana_biodigester,model4_biodigester_swap,waz,pooled,const,-1.5483521903143793,0.09665263374381586,-1.7377878714631991,-1.3589165091655595,9.300555605824733e-58,37260,4434,114,model_specific_equal_total_country_weight,cluster_robust_country_psu,True,"{'child_sex': {'reference': 'Male', 'reference_column': 'child_sex_Male'}, 'maternal_education': {'reference': 'No education', 'reference_column': 'maternal_education_No education'}, 'literacy': {'reference': 'Cannot read at all', 'reference_column': 'literacy_Cannot read at all'}, 'wealth_quintile': {'reference': 'Poorest', 'reference_column': 'wealth_quintile_Poorest'}, 'residence': {'reference': 'Rural', 'reference_column': 'residence_Rural'}, 'country_admin_region': {'reference': 'ethiopia::01', 'reference_column': 'country_admin_region_ethiopia::01'}}"
ghana_biodigester,model4_biodigester_swap,waz,pooled,water_rate_loo,0.06595814682208262,0.04541321939372956,-0.023050127611643226,0.15496642125580845,0.14639049602017537,37260,4434,114,model_specific_equal_total_country_weight,cluster_robust_country_psu,True,"{'child_sex': {'reference': 'Male', 'reference_column': 'child_sex_Male'}, 'maternal_education': {'reference': 'No education', 'reference_column': 'maternal_education_No education'}, 'literacy': {'reference': 'Cannot read at all', 'reference_column': 'literacy_Cannot read at all'}, 'wealth_quintile': {'reference': 'Poorest', 'reference_column': 'wealth_quintile_Poorest'}, 'residence': {'reference': 'Rural', 'reference_column': 'residence_Rural'}, 'country_admin_region': {'reference': 'ethiopia::01', 'reference_column': 'country_admin_region_ethiopia::01'}}"
ghana_biodigester,model4_biodigester_swap,waz,pooled,sanitation_rate_loo_robustness_biodigester,0.058787730369315325,0.053767706218912706,-0.04659503735108386,0.1641704980897145,0.27423355583622633,37260,4434,114,model_specific_equal_total_country_weight,cluster_robust_country_psu,True,"{'child_sex': {'reference': 'Male', 'reference_column': 'child_sex_Male'}, 'maternal_education': {'reference': 'No education', 'reference_column': 'maternal_education_No education'}, 'literacy': {'reference': 'Cannot read at all', 'reference_column': 'literacy_Cannot read at all'}, 'wealth_quintile': {'reference': 'Poorest', 'reference_column': 'wealth_quintile_Poorest'}, 'residence': {'reference': 'Rural', 'reference_column': 'residence_Rural'}, 'country_admin_region': {'reference': 'ethiopia::01', 'reference_column': 'country_admin_region_ethiopia::01'}}"
ghana_biodigester,model4_biodigester_swap,waz,pooled,b19_raw,-0.010539537368075693,0.0005915681271055496,-0.011698989591604383,-0.009380085144547003,5.284495186494546e-71,37260,4434,114,model_specific_equal_total_country_weight,cluster_robust_country_psu,True,"{'child_sex': {'reference': 'Male', 'reference_column': 'child_sex_Male'}, 'maternal_education': {'reference': 'No education', 'reference_column': 'maternal_education_No education'}, 'literacy': {'reference': 'Cannot read at all', 'reference_column': 'literacy_Cannot read at all'}, 'wealth_quintile': {'reference': 'Poorest', 'reference_column': 'wealth_quintile_Poorest'}, 'residence': {'reference': 'Rural', 'reference_column': 'residence_Rural'}, 'country_admin_region': {'reference': 'ethiopia::01', 'reference_column': 'country_admin_region_ethiopia::01'}}"
ghana_biodigester,model4_biodigester_swap,waz,pooled,birth_order_raw,-0.03539625692754704,0.008054113125105043,-0.05118202858016427,-0.019610485274929815,1.1087221586626964e-05,37260,4434,114,model_specific_equal_total_country_weight,cluster_robust_country_psu,True,"{'child_sex': {'reference': 'Male', 'reference_column': 'child_sex_Male'}, 'maternal_education': {'reference': 'No education', 'reference_column': 'maternal_education_No education'}, 'literacy': {'reference': 'Cannot read at all', 'reference_column': 'literacy_Cannot read at all'}, 'wealth_quintile': {'reference': 'Poorest', 'reference_column': 'wealth_quintile_Poorest'}, 'residence': {'reference': 'Rural', 'reference_column': 'residence_Rural'}, 'country_admin_region': {'reference': 'ethiopia::01', 'reference_column': 'country_admin_region_ethiopia::01'}}"
ghana_biodigester,model4_biodigester_swap,waz,pooled,maternal_age,0.015852623264551707,0.002581419230886786,0.01079313454301452,0.020912111986088895,8.197803314159746e-10,37260,4434,114,model_specific_equal_total_country_weight,cluster_robust_country_psu,True,"{'child_sex': {'reference': 'Male', 'reference_column': 'child_sex_Male'}, 'maternal_education': {'reference': 'No education', 'reference_column': 'maternal_education_No education'}, 'literacy': {'reference': 'Cannot read at all', 'reference_column': 'literacy_Cannot read at all'}, 'wealth_quintile': {'reference': 'Poorest', 'reference_column': 'wealth_quintile_Poorest'}, 'residence': {'reference': 'Rural', 'reference_column': 'residence_Rural'}, 'country_admin_region': {'reference': 'ethiopia::01', 'reference_column': 'country_admin_region_ethiopia::01'}}"
ghana_biodigester,model4_biodigester_swap,waz,pooled,household_size_raw,-0.002897405464760361,0.003774041915144968,-0.01029439169458907,0.004499580765068348,0.44265386550176455,37260,4434,114,model_specific_equal_total_country_weight,cluster_robust_country_psu,True,"{'child_sex': {'reference': 'Male', 'reference_column': 'child_sex_Male'}, 'maternal_education': {'reference': 'No education', 'reference_column': 'maternal_education_No education'}, 'literacy': {'reference': 'Cannot read at all', 'reference_column': 'literacy_Cannot read at all'}, 'wealth_quintile': {'reference': 'Poorest', 'reference_column': 'wealth_quintile_Poorest'}, 'residence': {'reference': 'Rural', 'reference_column': 'residence_Rural'}, 'country_admin_region': {'reference': 'ethiopia::01', 'reference_column': 'country_admin_region_ethiopia::01'}}"
ghana_biodigester,model4_biodigester_swap,waz,pooled,child_sex_Female,0.09598775542455722,0.018603108386044703,0.05952633298741455,0.13244917786169988,2.472537706764841e-07,37260,4434,114,model_specific_equal_total_country_weight,cluster_robust_country_psu,True,"{'child_sex': {'reference': 'Male', 'reference_column': 'child_sex_Male'}, 'maternal_education': {'reference': 'No education', 'reference_column': 'maternal_education_No education'}, 'literacy': {'reference': 'Cannot read at all', 'reference_column': 'literacy_Cannot read at all'}, 'wealth_quintile': {'reference': 'Poorest', 'reference_column': 'wealth_quintile_Poorest'}, 'residence': {'reference': 'Rural', 'reference_column': 'residence_Rural'}, 'country_admin_region': {'reference': 'ethiopia::01', 'reference_column': 'country_admin_region_ethiopia::01'}}"
ghana_biodigester,model4_biodigester_swap,waz,pooled,maternal_education_Higher,0.24069596564433635,0.05741313058075784,0.12816829746635577,0.3532236338223169,2.7607903624841926e-05,37260,4434,114,model_specific_equal_total_country_weight,cluster_robust_country_psu,True,"{'child_sex': {'reference': 'Male', 'reference_column': 'child_sex_Male'}, 'maternal_education': {'reference': 'No education', 'reference_column': 'maternal_education_No education'}, 'literacy': {'reference': 'Cannot read at all', 'reference_column': 'literacy_Cannot read at all'}, 'wealth_quintile': {'reference': 'Poorest', 'reference_column': 'wealth_quintile_Poorest'}, 'residence': {'reference': 'Rural', 'reference_column': 'residence_Rural'}, 'country_admin_region': {'reference': 'ethiopia::01', 'reference_column': 'country_admin_region_ethiopia::01'}}"
ghana_biodigester,model4_biodigester_swap,waz,pooled,maternal_education_Primary,0.00681679627866402,0.040567620583181474,-0.07269427900285745,0.0863278715601855,0.8665554312611063,37260,4434,114,model_specific_equal_total_country_weight,cluster_robust_country_psu,True,"{'child_sex': {'reference': 'Male', 'reference_column': 'child_sex_Male'}, 'maternal_education': {'reference': 'No education', 'reference_column': 'maternal_education_No education'}, 'literacy': {'reference': 'Cannot read at all', 'reference_column': 'literacy_Cannot read at all'}, 'wealth_quintile': {'reference': 'Poorest', 'reference_column': 'wealth_quintile_Poorest'}, 'residence': {'reference': 'Rural', 'reference_column': 'residence_Rural'}, 'country_admin_region': {'reference': 'ethiopia::01', 'reference_column': 'country_admin_region_ethiopia::01'}}"
ghana_biodigester,model4_biodigester_swap,waz,pooled,maternal_education_Secondary,0.06880215528474234,0.04635730925774432,-0.02205650128062174,0.15966081185010644,0.13776366849208338,37260,4434,114,model_specific_equal_total_country_weight,cluster_robust_country_psu,True,"{'child_sex': {'reference': 'Male', 'reference_column': 'child_sex_Male'}, 'maternal_education': {'reference': 'No education', 'reference_column': 'maternal_education_No education'}, 'literacy': {'reference': 'Cannot read at all', 'reference_column': 'literacy_Cannot read at all'}, 'wealth_quintile': {'reference': 'Poorest', 'reference_column': 'wealth_quintile_Poorest'}, 'residence': {'reference': 'Rural', 'reference_column': 'residence_Rural'}, 'country_admin_region': {'reference': 'ethiopia::01', 'reference_column': 'country_admin_region_ethiopia::01'}}"
ghana_biodigester,model4_biodigester_swap,waz,pooled,literacy_Able to read only parts of sentence,0.08327192586331127,0.04238494839741296,0.00019895351779318504,0.16634489820882936,0.049453839828891726,37260,4434,114,model_specific_equal_total_country_weight,cluster_robust_country_psu,True,"{'child_sex': {'reference': 'Male', 'reference_column': 'child_sex_Male'}, 'maternal_education': {'reference': 'No education', 'reference_column': 'maternal_education_No education'}, 'literacy': {'reference': 'Cannot read at all', 'reference_column': 'literacy_Cannot read at all'}, 'wealth_quintile': {'reference': 'Poorest', 'reference_column': 'wealth_quintile_Poorest'}, 'residence': {'reference': 'Rural', 'reference_column': 'residence_Rural'}, 'country_admin_region': {'reference': 'ethiopia::01', 'reference_column': 'country_admin_region_ethiopia::01'}}"
ghana_biodigester,model4_biodigester_swap,waz,pooled,literacy_Able to read whole sentence,0.08897422055689772,0.040054627161685195,0.010468593905814921,0.1674798472079805,0.026329166509366498,37260,4434,114,model_specific_equal_total_country_weight,cluster_robust_country_psu,True,"{'child_sex': {'reference': 'Male', 'reference_column': 'child_sex_Male'}, 'maternal_education': {'reference': 'No education', 'reference_column': 'maternal_education_No education'}, 'literacy': {'reference': 'Cannot read at all', 'reference_column': 'literacy_Cannot read at all'}, 'wealth_quintile': {'reference': 'Poorest', 'reference_column': 'wealth_quintile_Poorest'}, 'residence': {'reference': 'Rural', 'reference_column': 'residence_Rural'}, 'country_admin_region': {'reference': 'ethiopia::01', 'reference_column': 'country_admin_region_ethiopia::01'}}"
ghana_biodigester,model4_biodigester_swap,waz,pooled,literacy_Blind/visually impaired,0.4673492258335259,0.21182570595274125,0.0521784711663813,0.8825199805006705,0.02736360563116922,37260,4434,114,model_specific_equal_total_country_weight,cluster_robust_country_psu,True,"{'child_sex': {'reference': 'Male', 'reference_column': 'child_sex_Male'}, 'maternal_education': {'reference': 'No education', 'reference_column': 'maternal_education_No education'}, 'literacy': {'reference': 'Cannot read at all', 'reference_column': 'literacy_Cannot read at all'}, 'wealth_quintile': {'reference': 'Poorest', 'reference_column': 'wealth_quintile_Poorest'}, 'residence': {'reference': 'Rural', 'reference_column': 'residence_Rural'}, 'country_admin_region': {'reference': 'ethiopia::01', 'reference_column': 'country_admin_region_ethiopia::01'}}"
ghana_biodigester,model4_biodigester_swap,waz,pooled,literacy_No card with required language,0.5393201408735299,0.24933305711848056,0.05063632876603985,1.0280039529810199,0.030537250361174557,37260,4434,114,model_specific_equal_total_country_weight,cluster_robust_country_psu,True,"{'child_sex': {'reference': 'Male', 'reference_column': 'child_sex_Male'}, 'maternal_education': {'reference': 'No education', 'reference_column': 'maternal_education_No education'}, 'literacy': {'reference': 'Cannot read at all', 'reference_column': 'literacy_Cannot read at all'}, 'wealth_quintile': {'reference': 'Poorest', 'reference_column': 'wealth_quintile_Poorest'}, 'residence': {'reference': 'Rural', 'reference_column': 'residence_Rural'}, 'country_admin_region': {'reference': 'ethiopia::01', 'reference_column': 'country_admin_region_ethiopia::01'}}"
ghana_biodigester,model4_biodigester_swap,waz,pooled,wealth_quintile_Middle,0.14260249710111092,0.03807791734989016,0.06797115048903335,0.2172338437131885,0.0001803806308794046,37260,4434,114,model_specific_equal_total_country_weight,cluster_robust_country_psu,True,"{'child_sex': {'reference': 'Male', 'reference_column': 'child_sex_Male'}, 'maternal_education': {'reference': 'No education', 'reference_column': 'maternal_education_No education'}, 'literacy': {'reference': 'Cannot read at all', 'reference_column': 'literacy_Cannot read at all'}, 'wealth_quintile': {'reference': 'Poorest', 'reference_column': 'wealth_quintile_Poorest'}, 'residence': {'reference': 'Rural', 'reference_column': 'residence_Rural'}, 'country_admin_region': {'reference': 'ethiopia::01', 'reference_column': 'country_admin_region_ethiopia::01'}}"
ghana_biodigester,model4_biodigester_swap,waz,pooled,wealth_quintile_Poorer,0.058765517201492756,0.03165891722068699,-0.0032848203405886553,0.12081585474357417,0.06342399822747984,37260,4434,114,model_specific_equal_total_country_weight,cluster_robust_country_psu,True,"{'child_sex': {'reference': 'Male', 'reference_column': 'child_sex_Male'}, 'maternal_education': {'reference': 'No education', 'reference_column': 'maternal_education_No education'}, 'literacy': {'reference': 'Cannot read at all', 'reference_column': 'literacy_Cannot read at all'}, 'wealth_quintile': {'reference': 'Poorest', 'reference_column': 'wealth_quintile_Poorest'}, 'residence': {'reference': 'Rural', 'reference_column': 'residence_Rural'}, 'country_admin_region': {'reference': 'ethiopia::01', 'reference_column': 'country_admin_region_ethiopia::01'}}"
ghana_biodigester,model4_biodigester_swap,waz,pooled,wealth_quintile_Richer,0.20282156329734807,0.04462398351053448,0.11536016276999124,0.2902829638247049,5.490277752784954e-06,37260,4434,114,model_specific_equal_total_country_weight,cluster_robust_country_psu,True,"{'child_sex': {'reference': 'Male', 'reference_column': 'child_sex_Male'}, 'maternal_education': {'reference': 'No education', 'reference_column': 'maternal_education_No education'}, 'literacy': {'reference': 'Cannot read at all', 'reference_column': 'literacy_Cannot read at all'}, 'wealth_quintile': {'reference': 'Poorest', 'reference_column': 'wealth_quintile_Poorest'}, 'residence': {'reference': 'Rural', 'reference_column': 'residence_Rural'}, 'country_admin_region': {'reference': 'ethiopia::01', 'reference_column': 'country_admin_region_ethiopia::01'}}"
ghana_biodigester,model4_biodigester_swap,waz,pooled,wealth_quintile_Richest,0.43800774287937627,0.05800910036925331,0.3243119953800706,0.5517034903786819,4.3301507937172804e-14,37260,4434,114,model_specific_equal_total_country_weight,cluster_robust_country_psu,True,"{'child_sex': {'reference': 'Male', 'reference_column': 'child_sex_Male'}, 'maternal_education': {'reference': 'No education', 'reference_column': 'maternal_education_No education'}, 'literacy': {'reference': 'Cannot read at all', 'reference_column': 'literacy_Cannot read at all'}, 'wealth_quintile': {'reference': 'Poorest', 'reference_column': 'wealth_quintile_Poorest'}, 'residence': {'reference': 'Rural', 'reference_column': 'residence_Rural'}, 'country_admin_region': {'reference': 'ethiopia::01', 'reference_column': 'country_admin_region_ethiopia::01'}}"
ghana_biodigester,model4_biodigester_swap,waz,pooled,residence_Urban,-0.05658479149737014,0.031996874034933814,-0.11929751222370522,0.0061279292289649345,0.07698612370690155,37260,4434,114,model_specific_equal_total_country_weight,cluster_robust_country_psu,True,"{'child_sex': {'reference': 'Male', 'reference_column': 'child_sex_Male'}, 'maternal_education': {'reference': 'No education', 'reference_column': 'maternal_education_No education'}, 'literacy': {'reference': 'Cannot read at all', 'reference_column': 'literacy_Cannot read at all'}, 'wealth_quintile': {'reference': 'Poorest', 'reference_column': 'wealth_quintile_Poorest'}, 'residence': {'reference': 'Rural', 'reference_column': 'residence_Rural'}, 'country_admin_region': {'reference': 'ethiopia::01', 'reference_column': 'country_admin_region_ethiopia::01'}}"
ghana_biodigester,model4_biodigester_swap,waz,pooled,country_admin_region_ethiopia::02,-0.33654751204155553,0.10094568800503019,-0.5343974249260317,-0.1386975991570794,0.0008562315906151813,37260,4434,114,model_specific_equal_total_country_weight,cluster_robust_country_psu,True,"{'child_sex': {'reference': 'Male', 'reference_column': 'child_sex_Male'}, 'maternal_education': {'reference': 'No education', 'reference_column': 'maternal_education_No education'}, 'literacy': {'reference': 'Cannot read at all', 'reference_column': 'literacy_Cannot read at all'}, 'wealth_quintile': {'reference': 'Poorest', 'reference_column': 'wealth_quintile_Poorest'}, 'residence': {'reference': 'Rural', 'reference_column': 'residence_Rural'}, 'country_admin_region': {'reference': 'ethiopia::01', 'reference_column': 'country_admin_region_ethiopia::01'}}"
ghana_biodigester,model4_biodigester_swap,waz,pooled,country_admin_region_ethiopia::03,-0.04692318597455657,0.08493451762527907,-0.21339178156438598,0.11954540961527284,0.5806311165718028,37260,4434,114,model_specific_equal_total_country_weight,cluster_robust_country_psu,True,"{'child_sex': {'reference': 'Male', 'reference_column': 'child_sex_Male'}, 'maternal_education': {'reference': 'No education', 'reference_column': 'maternal_education_No education'}, 'literacy': {'reference': 'Cannot read at all', 'reference_column': 'literacy_Cannot read at all'}, 'wealth_quintile': {'reference': 'Poorest', 'reference_column': 'wealth_quintile_Poorest'}, 'residence': {'reference': 'Rural', 'reference_column': 'residence_Rural'}, 'country_admin_region': {'reference': 'ethiopia::01', 'reference_column': 'country_admin_region_ethiopia::01'}}"
ghana_biodigester,model4_biodigester_swap,waz,pooled,country_admin_region_ethiopia::04,0.3617843899187506,0.09008740385633747,0.1852163228996144,0.5383524569378868,5.9212716243637054e-05,37260,4434,114,model_specific_equal_total_country_weight,cluster_robust_country_psu,True,"{'child_sex': {'reference': 'Male', 'reference_column': 'child_sex_Male'}, 'maternal_education': {'reference': 'No education', 'reference_column': 'maternal_education_No education'}, 'literacy': {'reference': 'Cannot read at all', 'reference_column': 'literacy_Cannot read at all'}, 'wealth_quintile': {'reference': 'Poorest', 'reference_column': 'wealth_quintile_Poorest'}, 'residence': {'reference': 'Rural', 'reference_column': 'residence_Rural'}, 'country_admin_region': {'reference': 'ethiopia::01', 'reference_column': 'country_admin_region_ethiopia::01'}}"
ghana_biodigester,model4_biodigester_swap,waz,pooled,country_admin_region_ethiopia::05,0.23089072559744386,0.09481265320314765,0.04506134004058829,0.4167201111542994,0.01488227973179183,37260,4434,114,model_specific_equal_total_country_weight,cluster_robust_country_psu,True,"{'child_sex': {'reference': 'Male', 'reference_column': 'child_sex_Male'}, 'maternal_education': {'reference': 'No education', 'reference_column': 'maternal_education_No education'}, 'literacy': {'reference': 'Cannot read at all', 'reference_column': 'literacy_Cannot read at all'}, 'wealth_quintile': {'reference': 'Poorest', 'reference_column': 'wealth_quintile_Poorest'}, 'residence': {'reference': 'Rural', 'reference_column': 'residence_Rural'}, 'country_admin_region': {'reference': 'ethiopia::01', 'reference_column': 'country_admin_region_ethiopia::01'}}"
ghana_biodigester,model4_biodigester_swap,waz,pooled,country_admin_region_ethiopia::06,-0.12101396049798736,0.12220744398842968,-0.3605361493580055,0.11850822836203075,0.32205977994785606,37260,4434,114,model_specific_equal_total_country_weight,cluster_robust_country_psu,True,"{'child_sex': {'reference': 'Male', 'reference_column': 'child_sex_Male'}, 'maternal_education': {'reference': 'No education', 'reference_column': 'maternal_education_No education'}, 'literacy': {'reference': 'Cannot read at all', 'reference_column': 'literacy_Cannot read at all'}, 'wealth_quintile': {'reference': 'Poorest', 'reference_column': 'wealth_quintile_Poorest'}, 'residence': {'reference': 'Rural', 'reference_column': 'residence_Rural'}, 'country_admin_region': {'reference': 'ethiopia::01', 'reference_column': 'country_admin_region_ethiopia::01'}}"
ghana_biodigester,model4_biodigester_swap,waz,pooled,country_admin_region_ethiopia::07,0.5030662044270013,0.0992551165942521,0.30852975062094334,0.6976026582330593,4.011402917405484e-07,37260,4434,114,model_specific_equal_total_country_weight,cluster_robust_country_psu,True,"{'child_sex': {'reference': 'Male', 'reference_column': 'child_sex_Male'}, 'maternal_education': {'reference': 'No education', 'reference_column': 'maternal_education_No education'}, 'literacy': {'reference': 'Cannot read at all', 'reference_column': 'literacy_Cannot read at all'}, 'wealth_quintile': {'reference': 'Poorest', 'reference_column': 'wealth_quintile_Poorest'}, 'residence': {'reference': 'Rural', 'reference_column': 'residence_Rural'}, 'country_admin_region': {'reference': 'ethiopia::01', 'reference_column': 'country_admin_region_ethiopia::01'}}"
ghana_biodigester,model4_biodigester_swap,waz,pooled,country_admin_region_ethiopia::08,0.327136201716503,0.0866863876913185,0.15723400389164247,0.49703839954136353,0.00016078627715754233,37260,4434,114,model_specific_equal_total_country_weight,cluster_robust_country_psu,True,"{'child_sex': {'reference': 'Male', 'reference_column': 'child_sex_Male'}, 'maternal_education': {'reference': 'No education', 'reference_column': 'maternal_education_No education'}, 'literacy': {'reference': 'Cannot read at all', 'reference_column': 'literacy_Cannot read at all'}, 'wealth_quintile': {'reference': 'Poorest', 'reference_column': 'wealth_quintile_Poorest'}, 'residence': {'reference': 'Rural', 'reference_column': 'residence_Rural'}, 'country_admin_region': {'reference': 'ethiopia::01', 'reference_column': 'country_admin_region_ethiopia::01'}}"
ghana_biodigester,model4_biodigester_swap,waz,pooled,country_admin_region_ethiopia::09,0.3469025137546299,0.10066422125101025,0.14960426557087825,0.5442007619383815,0.0005686658272134925,37260,4434,114,model_specific_equal_total_country_weight,cluster_robust_country_psu,True,"{'child_sex': {'reference': 'Male', 'reference_column': 'child_sex_Male'}, 'maternal_education': {'reference': 'No education', 'reference_column': 'maternal_education_No education'}, 'literacy': {'reference': 'Cannot read at all', 'reference_column': 'literacy_Cannot read at all'}, 'wealth_quintile': {'reference': 'Poorest', 'reference_column': 'wealth_quintile_Poorest'}, 'residence': {'reference': 'Rural', 'reference_column': 'residence_Rural'}, 'country_admin_region': {'reference': 'ethiopia::01', 'reference_column': 'country_admin_region_ethiopia::01'}}"
ghana_biodigester,model4_biodigester_swap,waz,pooled,country_admin_region_ethiopia::10,0.33205107791213506,0.09762973742020156,0.14070030874843759,0.5234018470758326,0.0006710878836549154,37260,4434,114,model_specific_equal_total_country_weight,cluster_robust_country_psu,True,"{'child_sex': {'reference': 'Male', 'reference_column': 'child_sex_Male'}, 'maternal_education': {'reference': 'No education', 'reference_column': 'maternal_education_No education'}, 'literacy': {'reference': 'Cannot read at all', 'reference_column': 'literacy_Cannot read at all'}, 'wealth_quintile': {'reference': 'Poorest', 'reference_column': 'wealth_quintile_Poorest'}, 'residence': {'reference': 'Rural', 'reference_column': 'residence_Rural'}, 'country_admin_region': {'reference': 'ethiopia::01', 'reference_column': 'country_admin_region_ethiopia::01'}}"
ghana_biodigester,model4_biodigester_swap,waz,pooled,country_admin_region_ethiopia::12,0.31812617201224447,0.11596116627160288,0.09084646251464196,0.545405881509847,0.006080926706036666,37260,4434,114,model_specific_equal_total_country_weight,cluster_robust_country_psu,True,"{'child_sex': {'reference': 'Male', 'reference_column': 'child_sex_Male'}, 'maternal_education': {'reference': 'No education', 'reference_column': 'maternal_education_No education'}, 'literacy': {'reference': 'Cannot read at all', 'reference_column': 'literacy_Cannot read at all'}, 'wealth_quintile': {'reference': 'Poorest', 'reference_column': 'wealth_quintile_Poorest'}, 'residence': {'reference': 'Rural', 'reference_column': 'residence_Rural'}, 'country_admin_region': {'reference': 'ethiopia::01', 'reference_column': 'country_admin_region_ethiopia::01'}}"
ghana_biodigester,model4_biodigester_swap,waz,pooled,country_admin_region_ethiopia::13,0.2723657422970732,0.10123493688759232,0.0739489120202069,0.4707825725739395,0.007135951604125091,37260,4434,114,model_specific_equal_total_country_weight,cluster_robust_country_psu,True,"{'child_sex': {'reference': 'Male', 'reference_column': 'child_sex_Male'}, 'maternal_education': {'reference': 'No education', 'reference_column': 'maternal_education_No education'}, 'literacy': {'reference': 'Cannot read at all', 'reference_column': 'literacy_Cannot read at all'}, 'wealth_quintile': {'reference': 'Poorest', 'reference_column': 'wealth_quintile_Poorest'}, 'residence': {'reference': 'Rural', 'reference_column': 'residence_Rural'}, 'country_admin_region': {'reference': 'ethiopia::01', 'reference_column': 'country_admin_region_ethiopia::01'}}"
ghana_biodigester,model4_biodigester_swap,waz,pooled,country_admin_region_ethiopia::14,0.33511017572358537,0.09641584323847757,0.14613859543710964,0.5240817560100611,0.0005095686237920254,37260,4434,114,model_specific_equal_total_country_weight,cluster_robust_country_psu,True,"{'child_sex': {'reference': 'Male', 'reference_column': 'child_sex_Male'}, 'maternal_education': {'reference': 'No education', 'reference_column': 'maternal_education_No education'}, 'literacy': {'reference': 'Cannot read at all', 'reference_column': 'literacy_Cannot read at all'}, 'wealth_quintile': {'reference': 'Poorest', 'reference_column': 'wealth_quintile_Poorest'}, 'residence': {'reference': 'Rural', 'reference_column': 'residence_Rural'}, 'country_admin_region': {'reference': 'ethiopia::01', 'reference_column': 'country_admin_region_ethiopia::01'}}"
ghana_biodigester,model4_biodigester_swap,waz,pooled,country_admin_region_ethiopia::15,0.13795335357554545,0.1323872594761815,-0.12152090700972928,0.3974276141608202,0.29739126522013126,37260,4434,114,model_specific_equal_total_country_weight,cluster_robust_country_psu,True,"{'child_sex': {'reference': 'Male', 'reference_column': 'child_sex_Male'}, 'maternal_education': {'reference': 'No education', 'reference_column': 'maternal_education_No education'}, 'literacy': {'reference': 'Cannot read at all', 'reference_column': 'literacy_Cannot read at all'}, 'wealth_quintile': {'reference': 'Poorest', 'reference_column': 'wealth_quintile_Poorest'}, 'residence': {'reference': 'Rural', 'reference_column': 'residence_Rural'}, 'country_admin_region': {'reference': 'ethiopia::01', 'reference_column': 'country_admin_region_ethiopia::01'}}"
ghana_biodigester,model4_biodigester_swap,waz,pooled,country_admin_region_ghana::01,0.2888015340299731,0.09871724568352391,0.09531928783727411,0.4822837802226721,0.0034385579794521197,37260,4434,114,model_specific_equal_total_country_weight,cluster_robust_country_psu,True,"{'child_sex': {'reference': 'Male', 'reference_column': 'child_sex_Male'}, 'maternal_education': {'reference': 'No education', 'reference_column': 'maternal_education_No education'}, 'literacy': {'reference': 'Cannot read at all', 'reference_column': 'literacy_Cannot read at all'}, 'wealth_quintile': {'reference': 'Poorest', 'reference_column': 'wealth_quintile_Poorest'}, 'residence': {'reference': 'Rural', 'reference_column': 'residence_Rural'}, 'country_admin_region': {'reference': 'ethiopia::01', 'reference_column': 'country_admin_region_ethiopia::01'}}"
ghana_biodigester,model4_biodigester_swap,waz,pooled,country_admin_region_ghana::02,0.21947158924166688,0.11988749748817543,-0.015503588031793164,0.45444676651512694,0.06715337110728575,37260,4434,114,model_specific_equal_total_country_weight,cluster_robust_country_psu,True,"{'child_sex': {'reference': 'Male', 'reference_column': 'child_sex_Male'}, 'maternal_education': {'reference': 'No education', 'reference_column': 'maternal_education_No education'}, 'literacy': {'reference': 'Cannot read at all', 'reference_column': 'literacy_Cannot read at all'}, 'wealth_quintile': {'reference': 'Poorest', 'reference_column': 'wealth_quintile_Poorest'}, 'residence': {'reference': 'Rural', 'reference_column': 'residence_Rural'}, 'country_admin_region': {'reference': 'ethiopia::01', 'reference_column': 'country_admin_region_ethiopia::01'}}"
ghana_biodigester,model4_biodigester_swap,waz,pooled,country_admin_region_ghana::03,0.3023357245397094,0.10879487094401706,0.08910169578675278,0.5155697532926661,0.005453458238055826,37260,4434,114,model_specific_equal_total_country_weight,cluster_robust_country_psu,True,"{'child_sex': {'reference': 'Male', 'reference_column': 'child_sex_Male'}, 'maternal_education': {'reference': 'No education', 'reference_column': 'maternal_education_No education'}, 'literacy': {'reference': 'Cannot read at all', 'reference_column': 'literacy_Cannot read at all'}, 'wealth_quintile': {'reference': 'Poorest', 'reference_column': 'wealth_quintile_Poorest'}, 'residence': {'reference': 'Rural', 'reference_column': 'residence_Rural'}, 'country_admin_region': {'reference': 'ethiopia::01', 'reference_column': 'country_admin_region_ethiopia::01'}}"
ghana_biodigester,model4_biodigester_swap,waz,pooled,country_admin_region_ghana::04,0.1918319080849151,0.11954816407566105,-0.042478187921265675,0.42614200409109587,0.10857279151347937,37260,4434,114,model_specific_equal_total_country_weight,cluster_robust_country_psu,True,"{'child_sex': {'reference': 'Male', 'reference_column': 'child_sex_Male'}, 'maternal_education': {'reference': 'No education', 'reference_column': 'maternal_education_No education'}, 'literacy': {'reference': 'Cannot read at all', 'reference_column': 'literacy_Cannot read at all'}, 'wealth_quintile': {'reference': 'Poorest', 'reference_column': 'wealth_quintile_Poorest'}, 'residence': {'reference': 'Rural', 'reference_column': 'residence_Rural'}, 'country_admin_region': {'reference': 'ethiopia::01', 'reference_column': 'country_admin_region_ethiopia::01'}}"
ghana_biodigester,model4_biodigester_swap,waz,pooled,country_admin_region_ghana::05,0.35509970638328864,0.09672067701539315,0.16553066287278706,0.5446687498937902,0.00024123119261770662,37260,4434,114,model_specific_equal_total_country_weight,cluster_robust_country_psu,True,"{'child_sex': {'reference': 'Male', 'reference_column': 'child_sex_Male'}, 'maternal_education': {'reference': 'No education', 'reference_column': 'maternal_education_No education'}, 'literacy': {'reference': 'Cannot read at all', 'reference_column': 'literacy_Cannot read at all'}, 'wealth_quintile': {'reference': 'Poorest', 'reference_column': 'wealth_quintile_Poorest'}, 'residence': {'reference': 'Rural', 'reference_column': 'residence_Rural'}, 'country_admin_region': {'reference': 'ethiopia::01', 'reference_column': 'country_admin_region_ethiopia::01'}}"
ghana_biodigester,model4_biodigester_swap,waz,pooled,country_admin_region_ghana::06,0.2965951185583349,0.10140766157713102,0.09783975411073187,0.495350483005938,0.003446996222437918,37260,4434,114,model_specific_equal_total_country_weight,cluster_robust_country_psu,True,"{'child_sex': {'reference': 'Male', 'reference_column': 'child_sex_Male'}, 'maternal_education': {'reference': 'No education', 'reference_column': 'maternal_education_No education'}, 'literacy': {'reference': 'Cannot read at all', 'reference_column': 'literacy_Cannot read at all'}, 'wealth_quintile': {'reference': 'Poorest', 'reference_column': 'wealth_quintile_Poorest'}, 'residence': {'reference': 'Rural', 'reference_column': 'residence_Rural'}, 'country_admin_region': {'reference': 'ethiopia::01', 'reference_column': 'country_admin_region_ethiopia::01'}}"
ghana_biodigester,model4_biodigester_swap,waz,pooled,country_admin_region_ghana::07,0.5002997111534782,0.10968981875290816,0.2853116169270519,0.7152878053799043,5.090074936816448e-06,37260,4434,114,model_specific_equal_total_country_weight,cluster_robust_country_psu,True,"{'child_sex': {'reference': 'Male', 'reference_column': 'child_sex_Male'}, 'maternal_education': {'reference': 'No education', 'reference_column': 'maternal_education_No education'}, 'literacy': {'reference': 'Cannot read at all', 'reference_column': 'literacy_Cannot read at all'}, 'wealth_quintile': {'reference': 'Poorest', 'reference_column': 'wealth_quintile_Poorest'}, 'residence': {'reference': 'Rural', 'reference_column': 'residence_Rural'}, 'country_admin_region': {'reference': 'ethiopia::01', 'reference_column': 'country_admin_region_ethiopia::01'}}"
ghana_biodigester,model4_biodigester_swap,waz,pooled,country_admin_region_ghana::08,0.5450937449644908,0.09700436705270007,0.3549686791980948,0.7352188107308868,1.9176579994372643e-08,37260,4434,114,model_specific_equal_total_country_weight,cluster_robust_country_psu,True,"{'child_sex': {'reference': 'Male', 'reference_column': 'child_sex_Male'}, 'maternal_education': {'reference': 'No education', 'reference_column': 'maternal_education_No education'}, 'literacy': {'reference': 'Cannot read at all', 'reference_column': 'literacy_Cannot read at all'}, 'wealth_quintile': {'reference': 'Poorest', 'reference_column': 'wealth_quintile_Poorest'}, 'residence': {'reference': 'Rural', 'reference_column': 'residence_Rural'}, 'country_admin_region': {'reference': 'ethiopia::01', 'reference_column': 'country_admin_region_ethiopia::01'}}"
ghana_biodigester,model4_biodigester_swap,waz,pooled,country_admin_region_ghana::09,0.3448628532151835,0.12937595339767713,0.09129064409020388,0.5984350623401631,0.007685405429610372,37260,4434,114,model_specific_equal_total_country_weight,cluster_robust_country_psu,True,"{'child_sex': {'reference': 'Male', 'reference_column': 'child_sex_Male'}, 'maternal_education': {'reference': 'No education', 'reference_column': 'maternal_education_No education'}, 'literacy': {'reference': 'Cannot read at all', 'reference_column': 'literacy_Cannot read at all'}, 'wealth_quintile': {'reference': 'Poorest', 'reference_column': 'wealth_quintile_Poorest'}, 'residence': {'reference': 'Rural', 'reference_column': 'residence_Rural'}, 'country_admin_region': {'reference': 'ethiopia::01', 'reference_column': 'country_admin_region_ethiopia::01'}}"
ghana_biodigester,model4_biodigester_swap,waz,pooled,country_admin_region_ghana::10,0.4715467926082782,0.09624237335364769,0.28291520704847134,0.660178378168085,9.604384684417378e-07,37260,4434,114,model_specific_equal_total_country_weight,cluster_robust_country_psu,True,"{'child_sex': {'reference': 'Male', 'reference_column': 'child_sex_Male'}, 'maternal_education': {'reference': 'No education', 'reference_column': 'maternal_education_No education'}, 'literacy': {'reference': 'Cannot read at all', 'reference_column': 'literacy_Cannot read at all'}, 'wealth_quintile': {'reference': 'Poorest', 'reference_column': 'wealth_quintile_Poorest'}, 'residence': {'reference': 'Rural', 'reference_column': 'residence_Rural'}, 'country_admin_region': {'reference': 'ethiopia::01', 'reference_column': 'country_admin_region_ethiopia::01'}}"
ghana_biodigester,model4_biodigester_swap,waz,pooled,country_admin_region_ghana::11,0.28778447506818655,0.10106671159654637,0.08969736030305903,0.4858715898333141,0.0044068184769227095,37260,4434,114,model_specific_equal_total_country_weight,cluster_robust_country_psu,True,"{'child_sex': {'reference': 'Male', 'reference_column': 'child_sex_Male'}, 'maternal_education': {'reference': 'No education', 'reference_column': 'maternal_education_No education'}, 'literacy': {'reference': 'Cannot read at all', 'reference_column': 'literacy_Cannot read at all'}, 'wealth_quintile': {'reference': 'Poorest', 'reference_column': 'wealth_quintile_Poorest'}, 'residence': {'reference': 'Rural', 'reference_column': 'residence_Rural'}, 'country_admin_region': {'reference': 'ethiopia::01', 'reference_column': 'country_admin_region_ethiopia::01'}}"
ghana_biodigester,model4_biodigester_swap,waz,pooled,country_admin_region_ghana::12,0.10373326757114147,0.09164594643147697,-0.07588948676364048,0.2833560219059234,0.25768005361916224,37260,4434,114,model_specific_equal_total_country_weight,cluster_robust_country_psu,True,"{'child_sex': {'reference': 'Male', 'reference_column': 'child_sex_Male'}, 'maternal_education': {'reference': 'No education', 'reference_column': 'maternal_education_No education'}, 'literacy': {'reference': 'Cannot read at all', 'reference_column': 'literacy_Cannot read at all'}, 'wealth_quintile': {'reference': 'Poorest', 'reference_column': 'wealth_quintile_Poorest'}, 'residence': {'reference': 'Rural', 'reference_column': 'residence_Rural'}, 'country_admin_region': {'reference': 'ethiopia::01', 'reference_column': 'country_admin_region_ethiopia::01'}}"
ghana_biodigester,model4_biodigester_swap,waz,pooled,country_admin_region_ghana::13,0.41411485347653354,0.09643652883110554,0.22510273017350813,0.603126976779559,1.753480444861243e-05,37260,4434,114,model_specific_equal_total_country_weight,cluster_robust_country_psu,True,"{'child_sex': {'reference': 'Male', 'reference_column': 'child_sex_Male'}, 'maternal_education': {'reference': 'No education', 'reference_column': 'maternal_education_No education'}, 'literacy': {'reference': 'Cannot read at all', 'reference_column': 'literacy_Cannot read at all'}, 'wealth_quintile': {'reference': 'Poorest', 'reference_column': 'wealth_quintile_Poorest'}, 'residence': {'reference': 'Rural', 'reference_column': 'residence_Rural'}, 'country_admin_region': {'reference': 'ethiopia::01', 'reference_column': 'country_admin_region_ethiopia::01'}}"
ghana_biodigester,model4_biodigester_swap,waz,pooled,country_admin_region_ghana::14,0.17554991568714612,0.09491609234872908,-0.010482206869640659,0.36158203824393287,0.06438169176949715,37260,4434,114,model_specific_equal_total_country_weight,cluster_robust_country_psu,True,"{'child_sex': {'reference': 'Male', 'reference_column': 'child_sex_Male'}, 'maternal_education': {'reference': 'No education', 'reference_column': 'maternal_education_No education'}, 'literacy': {'reference': 'Cannot read at all', 'reference_column': 'literacy_Cannot read at all'}, 'wealth_quintile': {'reference': 'Poorest', 'reference_column': 'wealth_quintile_Poorest'}, 'residence': {'reference': 'Rural', 'reference_column': 'residence_Rural'}, 'country_admin_region': {'reference': 'ethiopia::01', 'reference_column': 'country_admin_region_ethiopia::01'}}"
ghana_biodigester,model4_biodigester_swap,waz,pooled,country_admin_region_ghana::15,0.24726564616763888,0.09522230269613664,0.06063336235823977,0.433897929977038,0.009411864551238524,37260,4434,114,model_specific_equal_total_country_weight,cluster_robust_country_psu,True,"{'child_sex': {'reference': 'Male', 'reference_column': 'child_sex_Male'}, 'maternal_education': {'reference': 'No education', 'reference_column': 'maternal_education_No education'}, 'literacy': {'reference': 'Cannot read at all', 'reference_column': 'literacy_Cannot read at all'}, 'wealth_quintile': {'reference': 'Poorest', 'reference_column': 'wealth_quintile_Poorest'}, 'residence': {'reference': 'Rural', 'reference_column': 'residence_Rural'}, 'country_admin_region': {'reference': 'ethiopia::01', 'reference_column': 'country_admin_region_ethiopia::01'}}"
ghana_biodigester,model4_biodigester_swap,waz,pooled,country_admin_region_ghana::16,0.4125610656156168,0.10314119787049757,0.21040803246712222,0.6147140987641113,6.335215331474232e-05,37260,4434,114,model_specific_equal_total_country_weight,cluster_robust_country_psu,True,"{'child_sex': {'reference': 'Male', 'reference_column': 'child_sex_Male'}, 'maternal_education': {'reference': 'No education', 'reference_column': 'maternal_education_No education'}, 'literacy': {'reference': 'Cannot read at all', 'reference_column': 'literacy_Cannot read at all'}, 'wealth_quintile': {'reference': 'Poorest', 'reference_column': 'wealth_quintile_Poorest'}, 'residence': {'reference': 'Rural', 'reference_column': 'residence_Rural'}, 'country_admin_region': {'reference': 'ethiopia::01', 'reference_column': 'country_admin_region_ethiopia::01'}}"
ghana_biodigester,model4_biodigester_swap,waz,pooled,country_admin_region_kenya::01,0.36310316341182,0.09452090608604598,0.17784559169707706,0.5483607351265629,0.0001222789233717073,37260,4434,114,model_specific_equal_total_country_weight,cluster_robust_country_psu,True,"{'child_sex': {'reference': 'Male', 'reference_column': 'child_sex_Male'}, 'maternal_education': {'reference': 'No education', 'reference_column': 'maternal_education_No education'}, 'literacy': {'reference': 'Cannot read at all', 'reference_column': 'literacy_Cannot read at all'}, 'wealth_quintile': {'reference': 'Poorest', 'reference_column': 'wealth_quintile_Poorest'}, 'residence': {'reference': 'Rural', 'reference_column': 'residence_Rural'}, 'country_admin_region': {'reference': 'ethiopia::01', 'reference_column': 'country_admin_region_ethiopia::01'}}"
ghana_biodigester,model4_biodigester_swap,waz,pooled,country_admin_region_kenya::02,0.39584444834542915,0.09761438580396797,0.204523767796654,0.5871651288942044,5.009451795356711e-05,37260,4434,114,model_specific_equal_total_country_weight,cluster_robust_country_psu,True,"{'child_sex': {'reference': 'Male', 'reference_column': 'child_sex_Male'}, 'maternal_education': {'reference': 'No education', 'reference_column': 'maternal_education_No education'}, 'literacy': {'reference': 'Cannot read at all', 'reference_column': 'literacy_Cannot read at all'}, 'wealth_quintile': {'reference': 'Poorest', 'reference_column': 'wealth_quintile_Poorest'}, 'residence': {'reference': 'Rural', 'reference_column': 'residence_Rural'}, 'country_admin_region': {'reference': 'ethiopia::01', 'reference_column': 'country_admin_region_ethiopia::01'}}"
ghana_biodigester,model4_biodigester_swap,waz,pooled,country_admin_region_kenya::03,0.18046111958494124,0.0986354009645166,-0.012860713906178628,0.37378295307606113,0.06731312668442968,37260,4434,114,model_specific_equal_total_country_weight,cluster_robust_country_psu,True,"{'child_sex': {'reference': 'Male', 'reference_column': 'child_sex_Male'}, 'maternal_education': {'reference': 'No education', 'reference_column': 'maternal_education_No education'}, 'literacy': {'reference': 'Cannot read at all', 'reference_column': 'literacy_Cannot read at all'}, 'wealth_quintile': {'reference': 'Poorest', 'reference_column': 'wealth_quintile_Poorest'}, 'residence': {'reference': 'Rural', 'reference_column': 'residence_Rural'}, 'country_admin_region': {'reference': 'ethiopia::01', 'reference_column': 'country_admin_region_ethiopia::01'}}"
ghana_biodigester,model4_biodigester_swap,waz,pooled,country_admin_region_kenya::04,0.3881035363696207,0.0926369998524386,0.20653835302299872,0.5696687197162427,2.7955880445982267e-05,37260,4434,114,model_specific_equal_total_country_weight,cluster_robust_country_psu,True,"{'child_sex': {'reference': 'Male', 'reference_column': 'child_sex_Male'}, 'maternal_education': {'reference': 'No education', 'reference_column': 'maternal_education_No education'}, 'literacy': {'reference': 'Cannot read at all', 'reference_column': 'literacy_Cannot read at all'}, 'wealth_quintile': {'reference': 'Poorest', 'reference_column': 'wealth_quintile_Poorest'}, 'residence': {'reference': 'Rural', 'reference_column': 'residence_Rural'}, 'country_admin_region': {'reference': 'ethiopia::01', 'reference_column': 'country_admin_region_ethiopia::01'}}"
ghana_biodigester,model4_biodigester_swap,waz,pooled,country_admin_region_kenya::05,0.4450384708090138,0.09745556015418293,0.25402908281363856,0.6360478588043891,4.957493144696351e-06,37260,4434,114,model_specific_equal_total_country_weight,cluster_robust_country_psu,True,"{'child_sex': {'reference': 'Male', 'reference_column': 'child_sex_Male'}, 'maternal_education': {'reference': 'No education', 'reference_column': 'maternal_education_No education'}, 'literacy': {'reference': 'Cannot read at all', 'reference_column': 'literacy_Cannot read at all'}, 'wealth_quintile': {'reference': 'Poorest', 'reference_column': 'wealth_quintile_Poorest'}, 'residence': {'reference': 'Rural', 'reference_column': 'residence_Rural'}, 'country_admin_region': {'reference': 'ethiopia::01', 'reference_column': 'country_admin_region_ethiopia::01'}}"
ghana_biodigester,model4_biodigester_swap,waz,pooled,country_admin_region_kenya::06,0.4111165668447326,0.09579414150948644,0.22336349955620574,0.5988696341332594,1.773366656333392e-05,37260,4434,114,model_specific_equal_total_country_weight,cluster_robust_country_psu,True,"{'child_sex': {'reference': 'Male', 'reference_column': 'child_sex_Male'}, 'maternal_education': {'reference': 'No education', 'reference_column': 'maternal_education_No education'}, 'literacy': {'reference': 'Cannot read at all', 'reference_column': 'literacy_Cannot read at all'}, 'wealth_quintile': {'reference': 'Poorest', 'reference_column': 'wealth_quintile_Poorest'}, 'residence': {'reference': 'Rural', 'reference_column': 'residence_Rural'}, 'country_admin_region': {'reference': 'ethiopia::01', 'reference_column': 'country_admin_region_ethiopia::01'}}"
ghana_biodigester,model4_biodigester_swap,waz,pooled,country_admin_region_kenya::07,0.4753137162688407,0.11151934627695981,0.25673981398654855,0.6938876185511329,2.024569883971894e-05,37260,4434,114,model_specific_equal_total_country_weight,cluster_robust_country_psu,True,"{'child_sex': {'reference': 'Male', 'reference_column': 'child_sex_Male'}, 'maternal_education': {'reference': 'No education', 'reference_column': 'maternal_education_No education'}, 'literacy': {'reference': 'Cannot read at all', 'reference_column': 'literacy_Cannot read at all'}, 'wealth_quintile': {'reference': 'Poorest', 'reference_column': 'wealth_quintile_Poorest'}, 'residence': {'reference': 'Rural', 'reference_column': 'residence_Rural'}, 'country_admin_region': {'reference': 'ethiopia::01', 'reference_column': 'country_admin_region_ethiopia::01'}}"
ghana_biodigester,model4_biodigester_swap,waz,pooled,country_admin_region_kenya::08,0.37763321063828914,0.09278160954110551,0.1957845975100645,0.5594818237665138,4.6986914803471494e-05,37260,4434,114,model_specific_equal_total_country_weight,cluster_robust_country_psu,True,"{'child_sex': {'reference': 'Male', 'reference_column': 'child_sex_Male'}, 'maternal_education': {'reference': 'No education', 'reference_column': 'maternal_education_No education'}, 'literacy': {'reference': 'Cannot read at all', 'reference_column': 'literacy_Cannot read at all'}, 'wealth_quintile': {'reference': 'Poorest', 'reference_column': 'wealth_quintile_Poorest'}, 'residence': {'reference': 'Rural', 'reference_column': 'residence_Rural'}, 'country_admin_region': {'reference': 'ethiopia::01', 'reference_column': 'country_admin_region_ethiopia::01'}}"
ghana_biodigester,model4_biodigester_swap,waz,pooled,country_admin_region_kenya::09,0.1847782352259352,0.09218322272164815,0.0041024387126704365,0.3654540317392,0.04502004996773567,37260,4434,114,model_specific_equal_total_country_weight,cluster_robust_country_psu,True,"{'child_sex': {'reference': 'Male', 'reference_column': 'child_sex_Male'}, 'maternal_education': {'reference': 'No education', 'reference_column': 'maternal_education_No education'}, 'literacy': {'reference': 'Cannot read at all', 'reference_column': 'literacy_Cannot read at all'}, 'wealth_quintile': {'reference': 'Poorest', 'reference_column': 'wealth_quintile_Poorest'}, 'residence': {'reference': 'Rural', 'reference_column': 'residence_Rural'}, 'country_admin_region': {'reference': 'ethiopia::01', 'reference_column': 'country_admin_region_ethiopia::01'}}"
ghana_biodigester,model4_biodigester_swap,waz,pooled,country_admin_region_kenya::10,0.06975675583904818,0.11762472193972139,-0.16078346285434408,0.3002969745324404,0.553151022071567,37260,4434,114,model_specific_equal_total_country_weight,cluster_robust_country_psu,True,"{'child_sex': {'reference': 'Male', 'reference_column': 'child_sex_Male'}, 'maternal_education': {'reference': 'No education', 'reference_column': 'maternal_education_No education'}, 'literacy': {'reference': 'Cannot read at all', 'reference_column': 'literacy_Cannot read at all'}, 'wealth_quintile': {'reference': 'Poorest', 'reference_column': 'wealth_quintile_Poorest'}, 'residence': {'reference': 'Rural', 'reference_column': 'residence_Rural'}, 'country_admin_region': {'reference': 'ethiopia::01', 'reference_column': 'country_admin_region_ethiopia::01'}}"
ghana_biodigester,model4_biodigester_swap,waz,pooled,country_admin_region_kenya::11,0.4310864510536827,0.10522555335470882,0.22484815622515555,0.6373247458822099,4.189279489912509e-05,37260,4434,114,model_specific_equal_total_country_weight,cluster_robust_country_psu,True,"{'child_sex': {'reference': 'Male', 'reference_column': 'child_sex_Male'}, 'maternal_education': {'reference': 'No education', 'reference_column': 'maternal_education_No education'}, 'literacy': {'reference': 'Cannot read at all', 'reference_column': 'literacy_Cannot read at all'}, 'wealth_quintile': {'reference': 'Poorest', 'reference_column': 'wealth_quintile_Poorest'}, 'residence': {'reference': 'Rural', 'reference_column': 'residence_Rural'}, 'country_admin_region': {'reference': 'ethiopia::01', 'reference_column': 'country_admin_region_ethiopia::01'}}"
ghana_biodigester,model4_biodigester_swap,waz,pooled,country_admin_region_kenya::12,0.36359252467782177,0.1047983210382839,0.15819158980251907,0.5689934595531245,0.0005215253203218246,37260,4434,114,model_specific_equal_total_country_weight,cluster_robust_country_psu,True,"{'child_sex': {'reference': 'Male', 'reference_column': 'child_sex_Male'}, 'maternal_education': {'reference': 'No education', 'reference_column': 'maternal_education_No education'}, 'literacy': {'reference': 'Cannot read at all', 'reference_column': 'literacy_Cannot read at all'}, 'wealth_quintile': {'reference': 'Poorest', 'reference_column': 'wealth_quintile_Poorest'}, 'residence': {'reference': 'Rural', 'reference_column': 'residence_Rural'}, 'country_admin_region': {'reference': 'ethiopia::01', 'reference_column': 'country_admin_region_ethiopia::01'}}"
ghana_biodigester,model4_biodigester_swap,waz,pooled,country_admin_region_kenya::13,0.4384675737802794,0.10441489840409378,0.23381813345884683,0.643117014101712,2.6776301564101492e-05,37260,4434,114,model_specific_equal_total_country_weight,cluster_robust_country_psu,True,"{'child_sex': {'reference': 'Male', 'reference_column': 'child_sex_Male'}, 'maternal_education': {'reference': 'No education', 'reference_column': 'maternal_education_No education'}, 'literacy': {'reference': 'Cannot read at all', 'reference_column': 'literacy_Cannot read at all'}, 'wealth_quintile': {'reference': 'Poorest', 'reference_column': 'wealth_quintile_Poorest'}, 'residence': {'reference': 'Rural', 'reference_column': 'residence_Rural'}, 'country_admin_region': {'reference': 'ethiopia::01', 'reference_column': 'country_admin_region_ethiopia::01'}}"
ghana_biodigester,model4_biodigester_swap,waz,pooled,country_admin_region_kenya::14,0.39427349491458824,0.11224738160761213,0.17427266960474477,0.6142743202244317,0.0004438440406774435,37260,4434,114,model_specific_equal_total_country_weight,cluster_robust_country_psu,True,"{'child_sex': {'reference': 'Male', 'reference_column': 'child_sex_Male'}, 'maternal_education': {'reference': 'No education', 'reference_column': 'maternal_education_No education'}, 'literacy': {'reference': 'Cannot read at all', 'reference_column': 'literacy_Cannot read at all'}, 'wealth_quintile': {'reference': 'Poorest', 'reference_column': 'wealth_quintile_Poorest'}, 'residence': {'reference': 'Rural', 'reference_column': 'residence_Rural'}, 'country_admin_region': {'reference': 'ethiopia::01', 'reference_column': 'country_admin_region_ethiopia::01'}}"
ghana_biodigester,model4_biodigester_swap,waz,pooled,country_admin_region_kenya::15,0.3305802933010407,0.1098076184306199,0.11536131594890905,0.5457992706531724,0.0026078308269999917,37260,4434,114,model_specific_equal_total_country_weight,cluster_robust_country_psu,True,"{'child_sex': {'reference': 'Male', 'reference_column': 'child_sex_Male'}, 'maternal_education': {'reference': 'No education', 'reference_column': 'maternal_education_No education'}, 'literacy': {'reference': 'Cannot read at all', 'reference_column': 'literacy_Cannot read at all'}, 'wealth_quintile': {'reference': 'Poorest', 'reference_column': 'wealth_quintile_Poorest'}, 'residence': {'reference': 'Rural', 'reference_column': 'residence_Rural'}, 'country_admin_region': {'reference': 'ethiopia::01', 'reference_column': 'country_admin_region_ethiopia::01'}}"
ghana_biodigester,model4_biodigester_swap,waz,pooled,country_admin_region_kenya::16,0.3837462583220769,0.09431078966061056,0.19890050723374772,0.5685920094104061,4.72246827684898e-05,37260,4434,114,model_specific_equal_total_country_weight,cluster_robust_country_psu,True,"{'child_sex': {'reference': 'Male', 'reference_column': 'child_sex_Male'}, 'maternal_education': {'reference': 'No education', 'reference_column': 'maternal_education_No education'}, 'literacy': {'reference': 'Cannot read at all', 'reference_column': 'literacy_Cannot read at all'}, 'wealth_quintile': {'reference': 'Poorest', 'reference_column': 'wealth_quintile_Poorest'}, 'residence': {'reference': 'Rural', 'reference_column': 'residence_Rural'}, 'country_admin_region': {'reference': 'ethiopia::01', 'reference_column': 'country_admin_region_ethiopia::01'}}"
ghana_biodigester,model4_biodigester_swap,waz,pooled,country_admin_region_kenya::17,0.3892477153231612,0.11886245187746342,0.1562815905292076,0.6222138401171149,0.001057463822572992,37260,4434,114,model_specific_equal_total_country_weight,cluster_robust_country_psu,True,"{'child_sex': {'reference': 'Male', 'reference_column': 'child_sex_Male'}, 'maternal_education': {'reference': 'No education', 'reference_column': 'maternal_education_No education'}, 'literacy': {'reference': 'Cannot read at all', 'reference_column': 'literacy_Cannot read at all'}, 'wealth_quintile': {'reference': 'Poorest', 'reference_column': 'wealth_quintile_Poorest'}, 'residence': {'reference': 'Rural', 'reference_column': 'residence_Rural'}, 'country_admin_region': {'reference': 'ethiopia::01', 'reference_column': 'country_admin_region_ethiopia::01'}}"
ghana_biodigester,model4_biodigester_swap,waz,pooled,country_admin_region_kenya::18,0.6843733500977072,0.11082189066419504,0.46716643569724925,0.9015802644981651,6.598166995535625e-10,37260,4434,114,model_specific_equal_total_country_weight,cluster_robust_country_psu,True,"{'child_sex': {'reference': 'Male', 'reference_column': 'child_sex_Male'}, 'maternal_education': {'reference': 'No education', 'reference_column': 'maternal_education_No education'}, 'literacy': {'reference': 'Cannot read at all', 'reference_column': 'literacy_Cannot read at all'}, 'wealth_quintile': {'reference': 'Poorest', 'reference_column': 'wealth_quintile_Poorest'}, 'residence': {'reference': 'Rural', 'reference_column': 'residence_Rural'}, 'country_admin_region': {'reference': 'ethiopia::01', 'reference_column': 'country_admin_region_ethiopia::01'}}"
ghana_biodigester,model4_biodigester_swap,waz,pooled,country_admin_region_kenya::19,0.6665335334097507,0.10456829132253485,0.4615834484926902,0.8714836183268113,1.8398551566708837e-10,37260,4434,114,model_specific_equal_total_country_weight,cluster_robust_country_psu,True,"{'child_sex': {'reference': 'Male', 'reference_column': 'child_sex_Male'}, 'maternal_education': {'reference': 'No education', 'reference_column': 'maternal_education_No education'}, 'literacy': {'reference': 'Cannot read at all', 'reference_column': 'literacy_Cannot read at all'}, 'wealth_quintile': {'reference': 'Poorest', 'reference_column': 'wealth_quintile_Poorest'}, 'residence': {'reference': 'Rural', 'reference_column': 'residence_Rural'}, 'country_admin_region': {'reference': 'ethiopia::01', 'reference_column': 'country_admin_region_ethiopia::01'}}"
ghana_biodigester,model4_biodigester_swap,waz,pooled,country_admin_region_kenya::20,0.5495365816050879,0.10454613298142325,0.34462992623856326,0.7544432369716125,1.4690039434339338e-07,37260,4434,114,model_specific_equal_total_country_weight,cluster_robust_country_psu,True,"{'child_sex': {'reference': 'Male', 'reference_column': 'child_sex_Male'}, 'maternal_education': {'reference': 'No education', 'reference_column': 'maternal_education_No education'}, 'literacy': {'reference': 'Cannot read at all', 'reference_column': 'literacy_Cannot read at all'}, 'wealth_quintile': {'reference': 'Poorest', 'reference_column': 'wealth_quintile_Poorest'}, 'residence': {'reference': 'Rural', 'reference_column': 'residence_Rural'}, 'country_admin_region': {'reference': 'ethiopia::01', 'reference_column': 'country_admin_region_ethiopia::01'}}"
ghana_biodigester,model4_biodigester_swap,waz,pooled,country_admin_region_kenya::21,0.5693961997930213,0.09870623793348993,0.37593552839393973,0.7628568711921028,7.993568033694244e-09,37260,4434,114,model_specific_equal_total_country_weight,cluster_robust_country_psu,True,"{'child_sex': {'reference': 'Male', 'reference_column': 'child_sex_Male'}, 'maternal_education': {'reference': 'No education', 'reference_column': 'maternal_education_No education'}, 'literacy': {'reference': 'Cannot read at all', 'reference_column': 'literacy_Cannot read at all'}, 'wealth_quintile': {'reference': 'Poorest', 'reference_column': 'wealth_quintile_Poorest'}, 'residence': {'reference': 'Rural', 'reference_column': 'residence_Rural'}, 'country_admin_region': {'reference': 'ethiopia::01', 'reference_column': 'country_admin_region_ethiopia::01'}}"
ghana_biodigester,model4_biodigester_swap,waz,pooled,country_admin_region_kenya::22,0.5363421059804218,0.101546960184,0.3373137212802589,0.7353704906805847,1.2798015570529502e-07,37260,4434,114,model_specific_equal_total_country_weight,cluster_robust_country_psu,True,"{'child_sex': {'reference': 'Male', 'reference_column': 'child_sex_Male'}, 'maternal_education': {'reference': 'No education', 'reference_column': 'maternal_education_No education'}, 'literacy': {'reference': 'Cannot read at all', 'reference_column': 'literacy_Cannot read at all'}, 'wealth_quintile': {'reference': 'Poorest', 'reference_column': 'wealth_quintile_Poorest'}, 'residence': {'reference': 'Rural', 'reference_column': 'residence_Rural'}, 'country_admin_region': {'reference': 'ethiopia::01', 'reference_column': 'country_admin_region_ethiopia::01'}}"
ghana_biodigester,model4_biodigester_swap,waz,pooled,country_admin_region_kenya::23,-0.06040494498963858,0.09994702964169726,-0.25629752344912243,0.13548763346984527,0.5455979512863752,37260,4434,114,model_specific_equal_total_country_weight,cluster_robust_country_psu,True,"{'child_sex': {'reference': 'Male', 'reference_column': 'child_sex_Male'}, 'maternal_education': {'reference': 'No education', 'reference_column': 'maternal_education_No education'}, 'literacy': {'reference': 'Cannot read at all', 'reference_column': 'literacy_Cannot read at all'}, 'wealth_quintile': {'reference': 'Poorest', 'reference_column': 'wealth_quintile_Poorest'}, 'residence': {'reference': 'Rural', 'reference_column': 'residence_Rural'}, 'country_admin_region': {'reference': 'ethiopia::01', 'reference_column': 'country_admin_region_ethiopia::01'}}"
ghana_biodigester,model4_biodigester_swap,waz,pooled,country_admin_region_kenya::24,-0.014508700082872882,0.0840042246838122,-0.17915395501235543,0.15013655484660965,0.8628762909724554,37260,4434,114,model_specific_equal_total_country_weight,cluster_robust_country_psu,True,"{'child_sex': {'reference': 'Male', 'reference_column': 'child_sex_Male'}, 'maternal_education': {'reference': 'No education', 'reference_column': 'maternal_education_No education'}, 'literacy': {'reference': 'Cannot read at all', 'reference_column': 'literacy_Cannot read at all'}, 'wealth_quintile': {'reference': 'Poorest', 'reference_column': 'wealth_quintile_Poorest'}, 'residence': {'reference': 'Rural', 'reference_column': 'residence_Rural'}, 'country_admin_region': {'reference': 'ethiopia::01', 'reference_column': 'country_admin_region_ethiopia::01'}}"
ghana_biodigester,model4_biodigester_swap,waz,pooled,country_admin_region_kenya::25,-0.05402689152332327,0.09450995580743816,-0.2392630010863742,0.13120921803972765,0.5675571407406945,37260,4434,114,model_specific_equal_total_country_weight,cluster_robust_country_psu,True,"{'child_sex': {'reference': 'Male', 'reference_column': 'child_sex_Male'}, 'maternal_education': {'reference': 'No education', 'reference_column': 'maternal_education_No education'}, 'literacy': {'reference': 'Cannot read at all', 'reference_column': 'literacy_Cannot read at all'}, 'wealth_quintile': {'reference': 'Poorest', 'reference_column': 'wealth_quintile_Poorest'}, 'residence': {'reference': 'Rural', 'reference_column': 'residence_Rural'}, 'country_admin_region': {'reference': 'ethiopia::01', 'reference_column': 'country_admin_region_ethiopia::01'}}"
ghana_biodigester,model4_biodigester_swap,waz,pooled,country_admin_region_kenya::26,0.4254498426811813,0.09692879755439726,0.2354728904097886,0.615426794952574,1.1371464101166054e-05,37260,4434,114,model_specific_equal_total_country_weight,cluster_robust_country_psu,True,"{'child_sex': {'reference': 'Male', 'reference_column': 'child_sex_Male'}, 'maternal_education': {'reference': 'No education', 'reference_column': 'maternal_education_No education'}, 'literacy': {'reference': 'Cannot read at all', 'reference_column': 'literacy_Cannot read at all'}, 'wealth_quintile': {'reference': 'Poorest', 'reference_column': 'wealth_quintile_Poorest'}, 'residence': {'reference': 'Rural', 'reference_column': 'residence_Rural'}, 'country_admin_region': {'reference': 'ethiopia::01', 'reference_column': 'country_admin_region_ethiopia::01'}}"
ghana_biodigester,model4_biodigester_swap,waz,pooled,country_admin_region_kenya::27,0.4269759386967402,0.0962792949838138,0.2382719880715573,0.6156798893219231,9.217326137485872e-06,37260,4434,114,model_specific_equal_total_country_weight,cluster_robust_country_psu,True,"{'child_sex': {'reference': 'Male', 'reference_column': 'child_sex_Male'}, 'maternal_education': {'reference': 'No education', 'reference_column': 'maternal_education_No education'}, 'literacy': {'reference': 'Cannot read at all', 'reference_column': 'literacy_Cannot read at all'}, 'wealth_quintile': {'reference': 'Poorest', 'reference_column': 'wealth_quintile_Poorest'}, 'residence': {'reference': 'Rural', 'reference_column': 'residence_Rural'}, 'country_admin_region': {'reference': 'ethiopia::01', 'reference_column': 'country_admin_region_ethiopia::01'}}"
ghana_biodigester,model4_biodigester_swap,waz,pooled,country_admin_region_kenya::28,0.2109819380636999,0.09442233352255595,0.025917565023261202,0.39604631110413857,0.02545351032335481,37260,4434,114,model_specific_equal_total_country_weight,cluster_robust_country_psu,True,"{'child_sex': {'reference': 'Male', 'reference_column': 'child_sex_Male'}, 'maternal_education': {'reference': 'No education', 'reference_column': 'maternal_education_No education'}, 'literacy': {'reference': 'Cannot read at all', 'reference_column': 'literacy_Cannot read at all'}, 'wealth_quintile': {'reference': 'Poorest', 'reference_column': 'wealth_quintile_Poorest'}, 'residence': {'reference': 'Rural', 'reference_column': 'residence_Rural'}, 'country_admin_region': {'reference': 'ethiopia::01', 'reference_column': 'country_admin_region_ethiopia::01'}}"
ghana_biodigester,model4_biodigester_swap,waz,pooled,country_admin_region_kenya::29,0.5697561404426961,0.10680845459193726,0.3604154161981173,0.7790968646872749,9.587524191995416e-08,37260,4434,114,model_specific_equal_total_country_weight,cluster_robust_country_psu,True,"{'child_sex': {'reference': 'Male', 'reference_column': 'child_sex_Male'}, 'maternal_education': {'reference': 'No education', 'reference_column': 'maternal_education_No education'}, 'literacy': {'reference': 'Cannot read at all', 'reference_column': 'literacy_Cannot read at all'}, 'wealth_quintile': {'reference': 'Poorest', 'reference_column': 'wealth_quintile_Poorest'}, 'residence': {'reference': 'Rural', 'reference_column': 'residence_Rural'}, 'country_admin_region': {'reference': 'ethiopia::01', 'reference_column': 'country_admin_region_ethiopia::01'}}"
ghana_biodigester,model4_biodigester_swap,waz,pooled,country_admin_region_kenya::30,0.10869118799928806,0.11034332518445371,-0.10757775529663272,0.32496013129520884,0.32461065995975624,37260,4434,114,model_specific_equal_total_country_weight,cluster_robust_country_psu,True,"{'child_sex': {'reference': 'Male', 'reference_column': 'child_sex_Male'}, 'maternal_education': {'reference': 'No education', 'reference_column': 'maternal_education_No education'}, 'literacy': {'reference': 'Cannot read at all', 'reference_column': 'literacy_Cannot read at all'}, 'wealth_quintile': {'reference': 'Poorest', 'reference_column': 'wealth_quintile_Poorest'}, 'residence': {'reference': 'Rural', 'reference_column': 'residence_Rural'}, 'country_admin_region': {'reference': 'ethiopia::01', 'reference_column': 'country_admin_region_ethiopia::01'}}"
ghana_biodigester,model4_biodigester_swap,waz,pooled,country_admin_region_kenya::31,0.5298502273404521,0.08886719699880472,0.35567372181576884,0.7040267328651353,2.487575777687402e-09,37260,4434,114,model_specific_equal_total_country_weight,cluster_robust_country_psu,True,"{'child_sex': {'reference': 'Male', 'reference_column': 'child_sex_Male'}, 'maternal_education': {'reference': 'No education', 'reference_column': 'maternal_education_No education'}, 'literacy': {'reference': 'Cannot read at all', 'reference_column': 'literacy_Cannot read at all'}, 'wealth_quintile': {'reference': 'Poorest', 'reference_column': 'wealth_quintile_Poorest'}, 'residence': {'reference': 'Rural', 'reference_column': 'residence_Rural'}, 'country_admin_region': {'reference': 'ethiopia::01', 'reference_column': 'country_admin_region_ethiopia::01'}}"
ghana_biodigester,model4_biodigester_swap,waz,pooled,country_admin_region_kenya::32,0.4441927262914901,0.08962029110906693,0.2685401834337237,0.6198452691492564,7.18165956676527e-07,37260,4434,114,model_specific_equal_total_country_weight,cluster_robust_country_psu,True,"{'child_sex': {'reference': 'Male', 'reference_column': 'child_sex_Male'}, 'maternal_education': {'reference': 'No education', 'reference_column': 'maternal_education_No education'}, 'literacy': {'reference': 'Cannot read at all', 'reference_column': 'literacy_Cannot read at all'}, 'wealth_quintile': {'reference': 'Poorest', 'reference_column': 'wealth_quintile_Poorest'}, 'residence': {'reference': 'Rural', 'reference_column': 'residence_Rural'}, 'country_admin_region': {'reference': 'ethiopia::01', 'reference_column': 'country_admin_region_ethiopia::01'}}"
ghana_biodigester,model4_biodigester_swap,waz,pooled,country_admin_region_kenya::33,0.5055584295885854,0.07743057441218557,0.35379729243845304,0.6573195667387178,6.612918863156908e-11,37260,4434,114,model_specific_equal_total_country_weight,cluster_robust_country_psu,True,"{'child_sex': {'reference': 'Male', 'reference_column': 'child_sex_Male'}, 'maternal_education': {'reference': 'No education', 'reference_column': 'maternal_education_No education'}, 'literacy': {'reference': 'Cannot read at all', 'reference_column': 'literacy_Cannot read at all'}, 'wealth_quintile': {'reference': 'Poorest', 'reference_column': 'wealth_quintile_Poorest'}, 'residence': {'reference': 'Rural', 'reference_column': 'residence_Rural'}, 'country_admin_region': {'reference': 'ethiopia::01', 'reference_column': 'country_admin_region_ethiopia::01'}}"
ghana_biodigester,model4_biodigester_swap,waz,pooled,country_admin_region_kenya::34,0.5388835367541147,0.0955347355802514,0.3516388957442647,0.7261281777639648,1.6935245866076056e-08,37260,4434,114,model_specific_equal_total_country_weight,cluster_robust_country_psu,True,"{'child_sex': {'reference': 'Male', 'reference_column': 'child_sex_Male'}, 'maternal_education': {'reference': 'No education', 'reference_column': 'maternal_education_No education'}, 'literacy': {'reference': 'Cannot read at all', 'reference_column': 'literacy_Cannot read at all'}, 'wealth_quintile': {'reference': 'Poorest', 'reference_column': 'wealth_quintile_Poorest'}, 'residence': {'reference': 'Rural', 'reference_column': 'residence_Rural'}, 'country_admin_region': {'reference': 'ethiopia::01', 'reference_column': 'country_admin_region_ethiopia::01'}}"
ghana_biodigester,model4_biodigester_swap,waz,pooled,country_admin_region_kenya::35,0.4398911829108674,0.08830746937498613,0.2668117233700208,0.612970642451714,6.31393715455746e-07,37260,4434,114,model_specific_equal_total_country_weight,cluster_robust_country_psu,True,"{'child_sex': {'reference': 'Male', 'reference_column': 'child_sex_Male'}, 'maternal_education': {'reference': 'No education', 'reference_column': 'maternal_education_No education'}, 'literacy': {'reference': 'Cannot read at all', 'reference_column': 'literacy_Cannot read at all'}, 'wealth_quintile': {'reference': 'Poorest', 'reference_column': 'wealth_quintile_Poorest'}, 'residence': {'reference': 'Rural', 'reference_column': 'residence_Rural'}, 'country_admin_region': {'reference': 'ethiopia::01', 'reference_column': 'country_admin_region_ethiopia::01'}}"
ghana_biodigester,model4_biodigester_swap,waz,pooled,country_admin_region_kenya::36,0.4689676606372976,0.10138417795155691,0.27025832325004623,0.6676769980245489,3.7342653851865345e-06,37260,4434,114,model_specific_equal_total_country_weight,cluster_robust_country_psu,True,"{'child_sex': {'reference': 'Male', 'reference_column': 'child_sex_Male'}, 'maternal_education': {'reference': 'No education', 'reference_column': 'maternal_education_No education'}, 'literacy': {'reference': 'Cannot read at all', 'reference_column': 'literacy_Cannot read at all'}, 'wealth_quintile': {'reference': 'Poorest', 'reference_column': 'wealth_quintile_Poorest'}, 'residence': {'reference': 'Rural', 'reference_column': 'residence_Rural'}, 'country_admin_region': {'reference': 'ethiopia::01', 'reference_column': 'country_admin_region_ethiopia::01'}}"
ghana_biodigester,model4_biodigester_swap,waz,pooled,country_admin_region_kenya::37,0.7973249272327854,0.09471076586916194,0.6116952371810226,0.9829546172845481,3.8125461072077236e-17,37260,4434,114,model_specific_equal_total_country_weight,cluster_robust_country_psu,True,"{'child_sex': {'reference': 'Male', 'reference_column': 'child_sex_Male'}, 'maternal_education': {'reference': 'No education', 'reference_column': 'maternal_education_No education'}, 'literacy': {'reference': 'Cannot read at all', 'reference_column': 'literacy_Cannot read at all'}, 'wealth_quintile': {'reference': 'Poorest', 'reference_column': 'wealth_quintile_Poorest'}, 'residence': {'reference': 'Rural', 'reference_column': 'residence_Rural'}, 'country_admin_region': {'reference': 'ethiopia::01', 'reference_column': 'country_admin_region_ethiopia::01'}}"
ghana_biodigester,model4_biodigester_swap,waz,pooled,country_admin_region_kenya::38,0.6717568253429523,0.10806702965542575,0.4599493393020959,0.8835643113838088,5.096223795932168e-10,37260,4434,114,model_specific_equal_total_country_weight,cluster_robust_country_psu,True,"{'child_sex': {'reference': 'Male', 'reference_column': 'child_sex_Male'}, 'maternal_education': {'reference': 'No education', 'reference_column': 'maternal_education_No education'}, 'literacy': {'reference': 'Cannot read at all', 'reference_column': 'literacy_Cannot read at all'}, 'wealth_quintile': {'reference': 'Poorest', 'reference_column': 'wealth_quintile_Poorest'}, 'residence': {'reference': 'Rural', 'reference_column': 'residence_Rural'}, 'country_admin_region': {'reference': 'ethiopia::01', 'reference_column': 'country_admin_region_ethiopia::01'}}"
ghana_biodigester,model4_biodigester_swap,waz,pooled,country_admin_region_kenya::39,0.583708287021035,0.08968174073015099,0.40793530511908027,0.7594812689229898,7.582227252608551e-11,37260,4434,114,model_specific_equal_total_country_weight,cluster_robust_country_psu,True,"{'child_sex': {'reference': 'Male', 'reference_column': 'child_sex_Male'}, 'maternal_education': {'reference': 'No education', 'reference_column': 'maternal_education_No education'}, 'literacy': {'reference': 'Cannot read at all', 'reference_column': 'literacy_Cannot read at all'}, 'wealth_quintile': {'reference': 'Poorest', 'reference_column': 'wealth_quintile_Poorest'}, 'residence': {'reference': 'Rural', 'reference_column': 'residence_Rural'}, 'country_admin_region': {'reference': 'ethiopia::01', 'reference_column': 'country_admin_region_ethiopia::01'}}"
ghana_biodigester,model4_biodigester_swap,waz,pooled,country_admin_region_kenya::40,0.7496311732143999,0.09135028562090594,0.570587903419977,0.9286744430088227,2.284559350883328e-16,37260,4434,114,model_specific_equal_total_country_weight,cluster_robust_country_psu,True,"{'child_sex': {'reference': 'Male', 'reference_column': 'child_sex_Male'}, 'maternal_education': {'reference': 'No education', 'reference_column': 'maternal_education_No education'}, 'literacy': {'reference': 'Cannot read at all', 'reference_column': 'literacy_Cannot read at all'}, 'wealth_quintile': {'reference': 'Poorest', 'reference_column': 'wealth_quintile_Poorest'}, 'residence': {'reference': 'Rural', 'reference_column': 'residence_Rural'}, 'country_admin_region': {'reference': 'ethiopia::01', 'reference_column': 'country_admin_region_ethiopia::01'}}"
ghana_biodigester,model4_biodigester_swap,waz,pooled,country_admin_region_kenya::41,0.7010315053644037,0.099562947386885,0.5058917142914529,0.8961712964373546,1.907440551603915e-12,37260,4434,114,model_specific_equal_total_country_weight,cluster_robust_country_psu,True,"{'child_sex': {'reference': 'Male', 'reference_column': 'child_sex_Male'}, 'maternal_education': {'reference': 'No education', 'reference_column': 'maternal_education_No education'}, 'literacy': {'reference': 'Cannot read at all', 'reference_column': 'literacy_Cannot read at all'}, 'wealth_quintile': {'reference': 'Poorest', 'reference_column': 'wealth_quintile_Poorest'}, 'residence': {'reference': 'Rural', 'reference_column': 'residence_Rural'}, 'country_admin_region': {'reference': 'ethiopia::01', 'reference_column': 'country_admin_region_ethiopia::01'}}"
ghana_biodigester,model4_biodigester_swap,waz,pooled,country_admin_region_kenya::42,0.7941410355553545,0.09615439997201844,0.6056818746551392,0.9826001964555698,1.468743048169426e-16,37260,4434,114,model_specific_equal_total_country_weight,cluster_robust_country_psu,True,"{'child_sex': {'reference': 'Male', 'reference_column': 'child_sex_Male'}, 'maternal_education': {'reference': 'No education', 'reference_column': 'maternal_education_No education'}, 'literacy': {'reference': 'Cannot read at all', 'reference_column': 'literacy_Cannot read at all'}, 'wealth_quintile': {'reference': 'Poorest', 'reference_column': 'wealth_quintile_Poorest'}, 'residence': {'reference': 'Rural', 'reference_column': 'residence_Rural'}, 'country_admin_region': {'reference': 'ethiopia::01', 'reference_column': 'country_admin_region_ethiopia::01'}}"
ghana_biodigester,model4_biodigester_swap,waz,pooled,country_admin_region_kenya::43,0.8993025914310134,0.08808658833715702,0.7266560507691797,1.0719491320928471,1.8015594287881935e-24,37260,4434,114,model_specific_equal_total_country_weight,cluster_robust_country_psu,True,"{'child_sex': {'reference': 'Male', 'reference_column': 'child_sex_Male'}, 'maternal_education': {'reference': 'No education', 'reference_column': 'maternal_education_No education'}, 'literacy': {'reference': 'Cannot read at all', 'reference_column': 'literacy_Cannot read at all'}, 'wealth_quintile': {'reference': 'Poorest', 'reference_column': 'wealth_quintile_Poorest'}, 'residence': {'reference': 'Rural', 'reference_column': 'residence_Rural'}, 'country_admin_region': {'reference': 'ethiopia::01', 'reference_column': 'country_admin_region_ethiopia::01'}}"
ghana_biodigester,model4_biodigester_swap,waz,pooled,country_admin_region_kenya::44,0.8320733201195282,0.08655352910223711,0.662431520344304,1.0017151198947523,7.019506650036277e-22,37260,4434,114,model_specific_equal_total_country_weight,cluster_robust_country_psu,True,"{'child_sex': {'reference': 'Male', 'reference_column': 'child_sex_Male'}, 'maternal_education': {'reference': 'No education', 'reference_column': 'maternal_education_No education'}, 'literacy': {'reference': 'Cannot read at all', 'reference_column': 'literacy_Cannot read at all'}, 'wealth_quintile': {'reference': 'Poorest', 'reference_column': 'wealth_quintile_Poorest'}, 'residence': {'reference': 'Rural', 'reference_column': 'residence_Rural'}, 'country_admin_region': {'reference': 'ethiopia::01', 'reference_column': 'country_admin_region_ethiopia::01'}}"
ghana_biodigester,model4_biodigester_swap,waz,pooled,country_admin_region_kenya::45,0.6861991733419863,0.0887894419914903,0.512175064831257,0.8602232818527157,1.0891776415736355e-14,37260,4434,114,model_specific_equal_total_country_weight,cluster_robust_country_psu,True,"{'child_sex': {'reference': 'Male', 'reference_column': 'child_sex_Male'}, 'maternal_education': {'reference': 'No education', 'reference_column': 'maternal_education_No education'}, 'literacy': {'reference': 'Cannot read at all', 'reference_column': 'literacy_Cannot read at all'}, 'wealth_quintile': {'reference': 'Poorest', 'reference_column': 'wealth_quintile_Poorest'}, 'residence': {'reference': 'Rural', 'reference_column': 'residence_Rural'}, 'country_admin_region': {'reference': 'ethiopia::01', 'reference_column': 'country_admin_region_ethiopia::01'}}"
ghana_biodigester,model4_biodigester_swap,waz,pooled,country_admin_region_kenya::46,0.706253230611127,0.10108030728091069,0.5081394687943003,0.9043669924279537,2.807248402820878e-12,37260,4434,114,model_specific_equal_total_country_weight,cluster_robust_country_psu,True,"{'child_sex': {'reference': 'Male', 'reference_column': 'child_sex_Male'}, 'maternal_education': {'reference': 'No education', 'reference_column': 'maternal_education_No education'}, 'literacy': {'reference': 'Cannot read at all', 'reference_column': 'literacy_Cannot read at all'}, 'wealth_quintile': {'reference': 'Poorest', 'reference_column': 'wealth_quintile_Poorest'}, 'residence': {'reference': 'Rural', 'reference_column': 'residence_Rural'}, 'country_admin_region': {'reference': 'ethiopia::01', 'reference_column': 'country_admin_region_ethiopia::01'}}"
ghana_biodigester,model4_biodigester_swap,waz,pooled,country_admin_region_kenya::47,0.596294827704137,0.10331240161267201,0.3938062413869621,0.7987834140213119,7.844581120101049e-09,37260,4434,114,model_specific_equal_total_country_weight,cluster_robust_country_psu,True,"{'child_sex': {'reference': 'Male', 'reference_column': 'child_sex_Male'}, 'maternal_education': {'reference': 'No education', 'reference_column': 'maternal_education_No education'}, 'literacy': {'reference': 'Cannot read at all', 'reference_column': 'literacy_Cannot read at all'}, 'wealth_quintile': {'reference': 'Poorest', 'reference_column': 'wealth_quintile_Poorest'}, 'residence': {'reference': 'Rural', 'reference_column': 'residence_Rural'}, 'country_admin_region': {'reference': 'ethiopia::01', 'reference_column': 'country_admin_region_ethiopia::01'}}"
ghana_biodigester,model4_biodigester_swap,waz,pooled,country_admin_region_nigeria::01,0.0696151029038942,0.12457093303873859,-0.17453943937258415,0.31376964518037254,0.5762715635773457,37260,4434,114,model_specific_equal_total_country_weight,cluster_robust_country_psu,True,"{'child_sex': {'reference': 'Male', 'reference_column': 'child_sex_Male'}, 'maternal_education': {'reference': 'No education', 'reference_column': 'maternal_education_No education'}, 'literacy': {'reference': 'Cannot read at all', 'reference_column': 'literacy_Cannot read at all'}, 'wealth_quintile': {'reference': 'Poorest', 'reference_column': 'wealth_quintile_Poorest'}, 'residence': {'reference': 'Rural', 'reference_column': 'residence_Rural'}, 'country_admin_region': {'reference': 'ethiopia::01', 'reference_column': 'country_admin_region_ethiopia::01'}}"
ghana_biodigester,model4_biodigester_swap,waz,pooled,country_admin_region_nigeria::02,0.31997234906778277,0.11379641042756027,0.09693548305982638,0.5430092150757392,0.0049265660716529235,37260,4434,114,model_specific_equal_total_country_weight,cluster_robust_country_psu,True,"{'child_sex': {'reference': 'Male', 'reference_column': 'child_sex_Male'}, 'maternal_education': {'reference': 'No education', 'reference_column': 'maternal_education_No education'}, 'literacy': {'reference': 'Cannot read at all', 'reference_column': 'literacy_Cannot read at all'}, 'wealth_quintile': {'reference': 'Poorest', 'reference_column': 'wealth_quintile_Poorest'}, 'residence': {'reference': 'Rural', 'reference_column': 'residence_Rural'}, 'country_admin_region': {'reference': 'ethiopia::01', 'reference_column': 'country_admin_region_ethiopia::01'}}"
ghana_biodigester,model4_biodigester_swap,waz,pooled,country_admin_region_nigeria::03,-0.008987096914155427,0.11959983489887316,-0.24339846587288347,0.22542427204457263,0.9401008920844129,37260,4434,114,model_specific_equal_total_country_weight,cluster_robust_country_psu,True,"{'child_sex': {'reference': 'Male', 'reference_column': 'child_sex_Male'}, 'maternal_education': {'reference': 'No education', 'reference_column': 'maternal_education_No education'}, 'literacy': {'reference': 'Cannot read at all', 'reference_column': 'literacy_Cannot read at all'}, 'wealth_quintile': {'reference': 'Poorest', 'reference_column': 'wealth_quintile_Poorest'}, 'residence': {'reference': 'Rural', 'reference_column': 'residence_Rural'}, 'country_admin_region': {'reference': 'ethiopia::01', 'reference_column': 'country_admin_region_ethiopia::01'}}"
ghana_biodigester,model4_biodigester_swap,waz,pooled,country_admin_region_nigeria::04,-0.24181770975633401,0.12422344643431817,-0.48529119080303823,0.0016557712903702004,0.05157850833685722,37260,4434,114,model_specific_equal_total_country_weight,cluster_robust_country_psu,True,"{'child_sex': {'reference': 'Male', 'reference_column': 'child_sex_Male'}, 'maternal_education': {'reference': 'No education', 'reference_column': 'maternal_education_No education'}, 'literacy': {'reference': 'Cannot read at all', 'reference_column': 'literacy_Cannot read at all'}, 'wealth_quintile': {'reference': 'Poorest', 'reference_column': 'wealth_quintile_Poorest'}, 'residence': {'reference': 'Rural', 'reference_column': 'residence_Rural'}, 'country_admin_region': {'reference': 'ethiopia::01', 'reference_column': 'country_admin_region_ethiopia::01'}}"
ghana_biodigester,model4_biodigester_swap,waz,pooled,country_admin_region_nigeria::05,-0.052264058921751164,0.10792088048415704,-0.26378509785055054,0.15925698000704824,0.628186280734929,37260,4434,114,model_specific_equal_total_country_weight,cluster_robust_country_psu,True,"{'child_sex': {'reference': 'Male', 'reference_column': 'child_sex_Male'}, 'maternal_education': {'reference': 'No education', 'reference_column': 'maternal_education_No education'}, 'literacy': {'reference': 'Cannot read at all', 'reference_column': 'literacy_Cannot read at all'}, 'wealth_quintile': {'reference': 'Poorest', 'reference_column': 'wealth_quintile_Poorest'}, 'residence': {'reference': 'Rural', 'reference_column': 'residence_Rural'}, 'country_admin_region': {'reference': 'ethiopia::01', 'reference_column': 'country_admin_region_ethiopia::01'}}"
ghana_biodigester,model4_biodigester_swap,waz,pooled,country_admin_region_nigeria::06,0.03567325012927222,0.11037258657800486,-0.1806530444441463,0.2519995447026907,0.7465380851599557,37260,4434,114,model_specific_equal_total_country_weight,cluster_robust_country_psu,True,"{'child_sex': {'reference': 'Male', 'reference_column': 'child_sex_Male'}, 'maternal_education': {'reference': 'No education', 'reference_column': 'maternal_education_No education'}, 'literacy': {'reference': 'Cannot read at all', 'reference_column': 'literacy_Cannot read at all'}, 'wealth_quintile': {'reference': 'Poorest', 'reference_column': 'wealth_quintile_Poorest'}, 'residence': {'reference': 'Rural', 'reference_column': 'residence_Rural'}, 'country_admin_region': {'reference': 'ethiopia::01', 'reference_column': 'country_admin_region_ethiopia::01'}}"
ghana_biodigester,model4_biodigester_swap,waz,pooled,country_admin_region_nigeria::07,0.027189840229668583,0.11012601839722971,-0.18865318958969707,0.24303287004903423,0.8049875398958883,37260,4434,114,model_specific_equal_total_country_weight,cluster_robust_country_psu,True,"{'child_sex': {'reference': 'Male', 'reference_column': 'child_sex_Male'}, 'maternal_education': {'reference': 'No education', 'reference_column': 'maternal_education_No education'}, 'literacy': {'reference': 'Cannot read at all', 'reference_column': 'literacy_Cannot read at all'}, 'wealth_quintile': {'reference': 'Poorest', 'reference_column': 'wealth_quintile_Poorest'}, 'residence': {'reference': 'Rural', 'reference_column': 'residence_Rural'}, 'country_admin_region': {'reference': 'ethiopia::01', 'reference_column': 'country_admin_region_ethiopia::01'}}"
ghana_biodigester,model4_biodigester_swap,waz,pooled,country_admin_region_nigeria::08,-0.24383930760849956,0.1409350239286136,-0.5200668786688729,0.03238826345187382,0.0836027489589444,37260,4434,114,model_specific_equal_total_country_weight,cluster_robust_country_psu,True,"{'child_sex': {'reference': 'Male', 'reference_column': 'child_sex_Male'}, 'maternal_education': {'reference': 'No education', 'reference_column': 'maternal_education_No education'}, 'literacy': {'reference': 'Cannot read at all', 'reference_column': 'literacy_Cannot read at all'}, 'wealth_quintile': {'reference': 'Poorest', 'reference_column': 'wealth_quintile_Poorest'}, 'residence': {'reference': 'Rural', 'reference_column': 'residence_Rural'}, 'country_admin_region': {'reference': 'ethiopia::01', 'reference_column': 'country_admin_region_ethiopia::01'}}"
ghana_biodigester,model4_biodigester_swap,waz,pooled,country_admin_region_nigeria::09,-0.24329179329114353,0.09026714627462729,-0.42021214897662196,-0.06637143760566513,0.007033755022573691,37260,4434,114,model_specific_equal_total_country_weight,cluster_robust_country_psu,True,"{'child_sex': {'reference': 'Male', 'reference_column': 'child_sex_Male'}, 'maternal_education': {'reference': 'No education', 'reference_column': 'maternal_education_No education'}, 'literacy': {'reference': 'Cannot read at all', 'reference_column': 'literacy_Cannot read at all'}, 'wealth_quintile': {'reference': 'Poorest', 'reference_column': 'wealth_quintile_Poorest'}, 'residence': {'reference': 'Rural', 'reference_column': 'residence_Rural'}, 'country_admin_region': {'reference': 'ethiopia::01', 'reference_column': 'country_admin_region_ethiopia::01'}}"
ghana_biodigester,model4_biodigester_swap,waz,pooled,country_admin_region_nigeria::10,-0.12571849870900703,0.15368034144970122,-0.42692643308223943,0.17548943566422537,0.41332754001939,37260,4434,114,model_specific_equal_total_country_weight,cluster_robust_country_psu,True,"{'child_sex': {'reference': 'Male', 'reference_column': 'child_sex_Male'}, 'maternal_education': {'reference': 'No education', 'reference_column': 'maternal_education_No education'}, 'literacy': {'reference': 'Cannot read at all', 'reference_column': 'literacy_Cannot read at all'}, 'wealth_quintile': {'reference': 'Poorest', 'reference_column': 'wealth_quintile_Poorest'}, 'residence': {'reference': 'Rural', 'reference_column': 'residence_Rural'}, 'country_admin_region': {'reference': 'ethiopia::01', 'reference_column': 'country_admin_region_ethiopia::01'}}"
ghana_biodigester,model4_biodigester_swap,waz,pooled,country_admin_region_nigeria::11,-0.2936732778412957,0.12868509851778592,-0.5458914362831448,-0.04145511939944663,0.022482971670874773,37260,4434,114,model_specific_equal_total_country_weight,cluster_robust_country_psu,True,"{'child_sex': {'reference': 'Male', 'reference_column': 'child_sex_Male'}, 'maternal_education': {'reference': 'No education', 'reference_column': 'maternal_education_No education'}, 'literacy': {'reference': 'Cannot read at all', 'reference_column': 'literacy_Cannot read at all'}, 'wealth_quintile': {'reference': 'Poorest', 'reference_column': 'wealth_quintile_Poorest'}, 'residence': {'reference': 'Rural', 'reference_column': 'residence_Rural'}, 'country_admin_region': {'reference': 'ethiopia::01', 'reference_column': 'country_admin_region_ethiopia::01'}}"
ghana_biodigester,model4_biodigester_swap,waz,pooled,country_admin_region_nigeria::12,-0.14749795219468337,0.11671705506163269,-0.37625917649706186,0.0812632721076951,0.20632969686788039,37260,4434,114,model_specific_equal_total_country_weight,cluster_robust_country_psu,True,"{'child_sex': {'reference': 'Male', 'reference_column': 'child_sex_Male'}, 'maternal_education': {'reference': 'No education', 'reference_column': 'maternal_education_No education'}, 'literacy': {'reference': 'Cannot read at all', 'reference_column': 'literacy_Cannot read at all'}, 'wealth_quintile': {'reference': 'Poorest', 'reference_column': 'wealth_quintile_Poorest'}, 'residence': {'reference': 'Rural', 'reference_column': 'residence_Rural'}, 'country_admin_region': {'reference': 'ethiopia::01', 'reference_column': 'country_admin_region_ethiopia::01'}}"
ghana_biodigester,model4_biodigester_swap,waz,pooled,country_admin_region_nigeria::13,-0.34153936499140436,0.11461520962434282,-0.5661810479356248,-0.11689768204718384,0.0028836301339414906,37260,4434,114,model_specific_equal_total_country_weight,cluster_robust_country_psu,True,"{'child_sex': {'reference': 'Male', 'reference_column': 'child_sex_Male'}, 'maternal_education': {'reference': 'No education', 'reference_column': 'maternal_education_No education'}, 'literacy': {'reference': 'Cannot read at all', 'reference_column': 'literacy_Cannot read at all'}, 'wealth_quintile': {'reference': 'Poorest', 'reference_column': 'wealth_quintile_Poorest'}, 'residence': {'reference': 'Rural', 'reference_column': 'residence_Rural'}, 'country_admin_region': {'reference': 'ethiopia::01', 'reference_column': 'country_admin_region_ethiopia::01'}}"
ghana_biodigester,model4_biodigester_swap,waz,pooled,country_admin_region_nigeria::14,-0.43961572863717796,0.11339810827056113,-0.6618719367624514,-0.21735952051190452,0.00010586251793169444,37260,4434,114,model_specific_equal_total_country_weight,cluster_robust_country_psu,True,"{'child_sex': {'reference': 'Male', 'reference_column': 'child_sex_Male'}, 'maternal_education': {'reference': 'No education', 'reference_column': 'maternal_education_No education'}, 'literacy': {'reference': 'Cannot read at all', 'reference_column': 'literacy_Cannot read at all'}, 'wealth_quintile': {'reference': 'Poorest', 'reference_column': 'wealth_quintile_Poorest'}, 'residence': {'reference': 'Rural', 'reference_column': 'residence_Rural'}, 'country_admin_region': {'reference': 'ethiopia::01', 'reference_column': 'country_admin_region_ethiopia::01'}}"
ghana_biodigester,model4_biodigester_swap,waz,pooled,country_admin_region_nigeria::15,-0.024112908862787396,0.09820516931361094,-0.21659150381312292,0.16836568608754815,0.8060414023678435,37260,4434,114,model_specific_equal_total_country_weight,cluster_robust_country_psu,True,"{'child_sex': {'reference': 'Male', 'reference_column': 'child_sex_Male'}, 'maternal_education': {'reference': 'No education', 'reference_column': 'maternal_education_No education'}, 'literacy': {'reference': 'Cannot read at all', 'reference_column': 'literacy_Cannot read at all'}, 'wealth_quintile': {'reference': 'Poorest', 'reference_column': 'wealth_quintile_Poorest'}, 'residence': {'reference': 'Rural', 'reference_column': 'residence_Rural'}, 'country_admin_region': {'reference': 'ethiopia::01', 'reference_column': 'country_admin_region_ethiopia::01'}}"
ghana_biodigester,model4_biodigester_swap,waz,pooled,country_admin_region_nigeria::16,-0.4360776732366082,0.1092331078191667,-0.6501706304815555,-0.22198471599166086,6.547005020940339e-05,37260,4434,114,model_specific_equal_total_country_weight,cluster_robust_country_psu,True,"{'child_sex': {'reference': 'Male', 'reference_column': 'child_sex_Male'}, 'maternal_education': {'reference': 'No education', 'reference_column': 'maternal_education_No education'}, 'literacy': {'reference': 'Cannot read at all', 'reference_column': 'literacy_Cannot read at all'}, 'wealth_quintile': {'reference': 'Poorest', 'reference_column': 'wealth_quintile_Poorest'}, 'residence': {'reference': 'Rural', 'reference_column': 'residence_Rural'}, 'country_admin_region': {'reference': 'ethiopia::01', 'reference_column': 'country_admin_region_ethiopia::01'}}"
ghana_biodigester,model4_biodigester_swap,waz,pooled,country_admin_region_nigeria::17,-0.08650686946683521,0.11122136055529455,-0.3044967304667563,0.1314829915330859,0.43669278472630935,37260,4434,114,model_specific_equal_total_country_weight,cluster_robust_country_psu,True,"{'child_sex': {'reference': 'Male', 'reference_column': 'child_sex_Male'}, 'maternal_education': {'reference': 'No education', 'reference_column': 'maternal_education_No education'}, 'literacy': {'reference': 'Cannot read at all', 'reference_column': 'literacy_Cannot read at all'}, 'wealth_quintile': {'reference': 'Poorest', 'reference_column': 'wealth_quintile_Poorest'}, 'residence': {'reference': 'Rural', 'reference_column': 'residence_Rural'}, 'country_admin_region': {'reference': 'ethiopia::01', 'reference_column': 'country_admin_region_ethiopia::01'}}"
ghana_biodigester,model4_biodigester_swap,waz,pooled,country_admin_region_nigeria::18,-0.29388700190930456,0.10609153426591746,-0.5018225881350998,-0.08595141568350931,0.005603447436965929,37260,4434,114,model_specific_equal_total_country_weight,cluster_robust_country_psu,True,"{'child_sex': {'reference': 'Male', 'reference_column': 'child_sex_Male'}, 'maternal_education': {'reference': 'No education', 'reference_column': 'maternal_education_No education'}, 'literacy': {'reference': 'Cannot read at all', 'reference_column': 'literacy_Cannot read at all'}, 'wealth_quintile': {'reference': 'Poorest', 'reference_column': 'wealth_quintile_Poorest'}, 'residence': {'reference': 'Rural', 'reference_column': 'residence_Rural'}, 'country_admin_region': {'reference': 'ethiopia::01', 'reference_column': 'country_admin_region_ethiopia::01'}}"
ghana_biodigester,model4_biodigester_swap,waz,pooled,country_admin_region_nigeria::19,-0.33116235178585113,0.0837341165846324,-0.4952782045690087,-0.16704649900269358,7.655789686958137e-05,37260,4434,114,model_specific_equal_total_country_weight,cluster_robust_country_psu,True,"{'child_sex': {'reference': 'Male', 'reference_column': 'child_sex_Male'}, 'maternal_education': {'reference': 'No education', 'reference_column': 'maternal_education_No education'}, 'literacy': {'reference': 'Cannot read at all', 'reference_column': 'literacy_Cannot read at all'}, 'wealth_quintile': {'reference': 'Poorest', 'reference_column': 'wealth_quintile_Poorest'}, 'residence': {'reference': 'Rural', 'reference_column': 'residence_Rural'}, 'country_admin_region': {'reference': 'ethiopia::01', 'reference_column': 'country_admin_region_ethiopia::01'}}"
ghana_biodigester,model4_biodigester_swap,waz,pooled,country_admin_region_nigeria::20,-0.5380506742135428,0.1438119048133093,-0.8199168281957314,-0.25618452023135413,0.00018303438807536787,37260,4434,114,model_specific_equal_total_country_weight,cluster_robust_country_psu,True,"{'child_sex': {'reference': 'Male', 'reference_column': 'child_sex_Male'}, 'maternal_education': {'reference': 'No education', 'reference_column': 'maternal_education_No education'}, 'literacy': {'reference': 'Cannot read at all', 'reference_column': 'literacy_Cannot read at all'}, 'wealth_quintile': {'reference': 'Poorest', 'reference_column': 'wealth_quintile_Poorest'}, 'residence': {'reference': 'Rural', 'reference_column': 'residence_Rural'}, 'country_admin_region': {'reference': 'ethiopia::01', 'reference_column': 'country_admin_region_ethiopia::01'}}"
ghana_biodigester,model4_biodigester_swap,waz,pooled,country_admin_region_nigeria::21,0.03504553115862256,0.14041153886699537,-0.24015602803453437,0.3102470903517795,0.8029032475157676,37260,4434,114,model_specific_equal_total_country_weight,cluster_robust_country_psu,True,"{'child_sex': {'reference': 'Male', 'reference_column': 'child_sex_Male'}, 'maternal_education': {'reference': 'No education', 'reference_column': 'maternal_education_No education'}, 'literacy': {'reference': 'Cannot read at all', 'reference_column': 'literacy_Cannot read at all'}, 'wealth_quintile': {'reference': 'Poorest', 'reference_column': 'wealth_quintile_Poorest'}, 'residence': {'reference': 'Rural', 'reference_column': 'residence_Rural'}, 'country_admin_region': {'reference': 'ethiopia::01', 'reference_column': 'country_admin_region_ethiopia::01'}}"
ghana_biodigester,model4_biodigester_swap,waz,pooled,country_admin_region_nigeria::22,0.054515968183444855,0.11316023150037935,-0.1672740100395136,0.2763059464064033,0.6299771065318912,37260,4434,114,model_specific_equal_total_country_weight,cluster_robust_country_psu,True,"{'child_sex': {'reference': 'Male', 'reference_column': 'child_sex_Male'}, 'maternal_education': {'reference': 'No education', 'reference_column': 'maternal_education_No education'}, 'literacy': {'reference': 'Cannot read at all', 'reference_column': 'literacy_Cannot read at all'}, 'wealth_quintile': {'reference': 'Poorest', 'reference_column': 'wealth_quintile_Poorest'}, 'residence': {'reference': 'Rural', 'reference_column': 'residence_Rural'}, 'country_admin_region': {'reference': 'ethiopia::01', 'reference_column': 'country_admin_region_ethiopia::01'}}"
ghana_biodigester,model4_biodigester_swap,waz,pooled,country_admin_region_nigeria::23,0.027945880558165534,0.08678276692806336,-0.14214521709957234,0.19803697821590344,0.7474367229195166,37260,4434,114,model_specific_equal_total_country_weight,cluster_robust_country_psu,True,"{'child_sex': {'reference': 'Male', 'reference_column': 'child_sex_Male'}, 'maternal_education': {'reference': 'No education', 'reference_column': 'maternal_education_No education'}, 'literacy': {'reference': 'Cannot read at all', 'reference_column': 'literacy_Cannot read at all'}, 'wealth_quintile': {'reference': 'Poorest', 'reference_column': 'wealth_quintile_Poorest'}, 'residence': {'reference': 'Rural', 'reference_column': 'residence_Rural'}, 'country_admin_region': {'reference': 'ethiopia::01', 'reference_column': 'country_admin_region_ethiopia::01'}}"
ghana_biodigester,model4_biodigester_swap,waz,pooled,country_admin_region_nigeria::24,0.39821005915388663,0.09533341047428408,0.2113600081009163,0.585060110206857,2.9534629938404088e-05,37260,4434,114,model_specific_equal_total_country_weight,cluster_robust_country_psu,True,"{'child_sex': {'reference': 'Male', 'reference_column': 'child_sex_Male'}, 'maternal_education': {'reference': 'No education', 'reference_column': 'maternal_education_No education'}, 'literacy': {'reference': 'Cannot read at all', 'reference_column': 'literacy_Cannot read at all'}, 'wealth_quintile': {'reference': 'Poorest', 'reference_column': 'wealth_quintile_Poorest'}, 'residence': {'reference': 'Rural', 'reference_column': 'residence_Rural'}, 'country_admin_region': {'reference': 'ethiopia::01', 'reference_column': 'country_admin_region_ethiopia::01'}}"
ghana_biodigester,model4_biodigester_swap,waz,pooled,country_admin_region_nigeria::25,-0.021086212561027926,0.10593267479328387,-0.22871043994185836,0.18653801481980248,0.8422213166946115,37260,4434,114,model_specific_equal_total_country_weight,cluster_robust_country_psu,True,"{'child_sex': {'reference': 'Male', 'reference_column': 'child_sex_Male'}, 'maternal_education': {'reference': 'No education', 'reference_column': 'maternal_education_No education'}, 'literacy': {'reference': 'Cannot read at all', 'reference_column': 'literacy_Cannot read at all'}, 'wealth_quintile': {'reference': 'Poorest', 'reference_column': 'wealth_quintile_Poorest'}, 'residence': {'reference': 'Rural', 'reference_column': 'residence_Rural'}, 'country_admin_region': {'reference': 'ethiopia::01', 'reference_column': 'country_admin_region_ethiopia::01'}}"
ghana_biodigester,model4_biodigester_swap,waz,pooled,country_admin_region_nigeria::26,-0.24928664764191613,0.11806490303178074,-0.48068960542242023,-0.017883689861412033,0.03473473635695747,37260,4434,114,model_specific_equal_total_country_weight,cluster_robust_country_psu,True,"{'child_sex': {'reference': 'Male', 'reference_column': 'child_sex_Male'}, 'maternal_education': {'reference': 'No education', 'reference_column': 'maternal_education_No education'}, 'literacy': {'reference': 'Cannot read at all', 'reference_column': 'literacy_Cannot read at all'}, 'wealth_quintile': {'reference': 'Poorest', 'reference_column': 'wealth_quintile_Poorest'}, 'residence': {'reference': 'Rural', 'reference_column': 'residence_Rural'}, 'country_admin_region': {'reference': 'ethiopia::01', 'reference_column': 'country_admin_region_ethiopia::01'}}"
ghana_biodigester,model4_biodigester_swap,waz,pooled,country_admin_region_nigeria::27,-0.10532404332452058,0.12190969910396678,-0.3442626629344103,0.13361457628536919,0.38761464257377354,37260,4434,114,model_specific_equal_total_country_weight,cluster_robust_country_psu,True,"{'child_sex': {'reference': 'Male', 'reference_column': 'child_sex_Male'}, 'maternal_education': {'reference': 'No education', 'reference_column': 'maternal_education_No education'}, 'literacy': {'reference': 'Cannot read at all', 'reference_column': 'literacy_Cannot read at all'}, 'wealth_quintile': {'reference': 'Poorest', 'reference_column': 'wealth_quintile_Poorest'}, 'residence': {'reference': 'Rural', 'reference_column': 'residence_Rural'}, 'country_admin_region': {'reference': 'ethiopia::01', 'reference_column': 'country_admin_region_ethiopia::01'}}"
ghana_biodigester,model4_biodigester_swap,waz,pooled,country_admin_region_nigeria::28,-0.003668915322586238,0.12127699181470632,-0.24136745143276955,0.2340296207875971,0.9758657896767058,37260,4434,114,model_specific_equal_total_country_weight,cluster_robust_country_psu,True,"{'child_sex': {'reference': 'Male', 'reference_column': 'child_sex_Male'}, 'maternal_education': {'reference': 'No education', 'reference_column': 'maternal_education_No education'}, 'literacy': {'reference': 'Cannot read at all', 'reference_column': 'literacy_Cannot read at all'}, 'wealth_quintile': {'reference': 'Poorest', 'reference_column': 'wealth_quintile_Poorest'}, 'residence': {'reference': 'Rural', 'reference_column': 'residence_Rural'}, 'country_admin_region': {'reference': 'ethiopia::01', 'reference_column': 'country_admin_region_ethiopia::01'}}"
ghana_biodigester,model4_biodigester_swap,waz,pooled,country_admin_region_nigeria::29,-0.11837406003584061,0.10705501927513389,-0.32819804217934434,0.09144992210766309,0.2688429417083299,37260,4434,114,model_specific_equal_total_country_weight,cluster_robust_country_psu,True,"{'child_sex': {'reference': 'Male', 'reference_column': 'child_sex_Male'}, 'maternal_education': {'reference': 'No education', 'reference_column': 'maternal_education_No education'}, 'literacy': {'reference': 'Cannot read at all', 'reference_column': 'literacy_Cannot read at all'}, 'wealth_quintile': {'reference': 'Poorest', 'reference_column': 'wealth_quintile_Poorest'}, 'residence': {'reference': 'Rural', 'reference_column': 'residence_Rural'}, 'country_admin_region': {'reference': 'ethiopia::01', 'reference_column': 'country_admin_region_ethiopia::01'}}"
ghana_biodigester,model4_biodigester_swap,waz,pooled,country_admin_region_nigeria::30,0.010738897044029104,0.115955900635073,-0.21653049199561913,0.23800828608367736,0.9262118842735276,37260,4434,114,model_specific_equal_total_country_weight,cluster_robust_country_psu,True,"{'child_sex': {'reference': 'Male', 'reference_column': 'child_sex_Male'}, 'maternal_education': {'reference': 'No education', 'reference_column': 'maternal_education_No education'}, 'literacy': {'reference': 'Cannot read at all', 'reference_column': 'literacy_Cannot read at all'}, 'wealth_quintile': {'reference': 'Poorest', 'reference_column': 'wealth_quintile_Poorest'}, 'residence': {'reference': 'Rural', 'reference_column': 'residence_Rural'}, 'country_admin_region': {'reference': 'ethiopia::01', 'reference_column': 'country_admin_region_ethiopia::01'}}"
ghana_biodigester,model4_biodigester_swap,waz,pooled,country_admin_region_nigeria::31,0.00909936924042537,0.09319544634804655,-0.17356034912488078,0.19175908760573152,0.9222201558796081,37260,4434,114,model_specific_equal_total_country_weight,cluster_robust_country_psu,True,"{'child_sex': {'reference': 'Male', 'reference_column': 'child_sex_Male'}, 'maternal_education': {'reference': 'No education', 'reference_column': 'maternal_education_No education'}, 'literacy': {'reference': 'Cannot read at all', 'reference_column': 'literacy_Cannot read at all'}, 'wealth_quintile': {'reference': 'Poorest', 'reference_column': 'wealth_quintile_Poorest'}, 'residence': {'reference': 'Rural', 'reference_column': 'residence_Rural'}, 'country_admin_region': {'reference': 'ethiopia::01', 'reference_column': 'country_admin_region_ethiopia::01'}}"
ghana_biodigester,model4_biodigester_swap,waz,pooled,country_admin_region_nigeria::32,0.06863519246632464,0.12998205116952832,-0.18612494646259325,0.32339533139524257,0.5974744025742313,37260,4434,114,model_specific_equal_total_country_weight,cluster_robust_country_psu,True,"{'child_sex': {'reference': 'Male', 'reference_column': 'child_sex_Male'}, 'maternal_education': {'reference': 'No education', 'reference_column': 'maternal_education_No education'}, 'literacy': {'reference': 'Cannot read at all', 'reference_column': 'literacy_Cannot read at all'}, 'wealth_quintile': {'reference': 'Poorest', 'reference_column': 'wealth_quintile_Poorest'}, 'residence': {'reference': 'Rural', 'reference_column': 'residence_Rural'}, 'country_admin_region': {'reference': 'ethiopia::01', 'reference_column': 'country_admin_region_ethiopia::01'}}"
ghana_biodigester,model4_biodigester_swap,waz,pooled,country_admin_region_nigeria::33,-0.05528016032478389,0.1545681653848124,-0.3582281976354469,0.2476678769858791,0.7206107949932461,37260,4434,114,model_specific_equal_total_country_weight,cluster_robust_country_psu,True,"{'child_sex': {'reference': 'Male', 'reference_column': 'child_sex_Male'}, 'maternal_education': {'reference': 'No education', 'reference_column': 'maternal_education_No education'}, 'literacy': {'reference': 'Cannot read at all', 'reference_column': 'literacy_Cannot read at all'}, 'wealth_quintile': {'reference': 'Poorest', 'reference_column': 'wealth_quintile_Poorest'}, 'residence': {'reference': 'Rural', 'reference_column': 'residence_Rural'}, 'country_admin_region': {'reference': 'ethiopia::01', 'reference_column': 'country_admin_region_ethiopia::01'}}"
ghana_biodigester,model4_biodigester_swap,waz,pooled,country_admin_region_nigeria::34,-0.20865271557121756,0.13622395475135327,-0.47564676071548395,0.05834132957304883,0.1255992297812148,37260,4434,114,model_specific_equal_total_country_weight,cluster_robust_country_psu,True,"{'child_sex': {'reference': 'Male', 'reference_column': 'child_sex_Male'}, 'maternal_education': {'reference': 'No education', 'reference_column': 'maternal_education_No education'}, 'literacy': {'reference': 'Cannot read at all', 'reference_column': 'literacy_Cannot read at all'}, 'wealth_quintile': {'reference': 'Poorest', 'reference_column': 'wealth_quintile_Poorest'}, 'residence': {'reference': 'Rural', 'reference_column': 'residence_Rural'}, 'country_admin_region': {'reference': 'ethiopia::01', 'reference_column': 'country_admin_region_ethiopia::01'}}"
ghana_biodigester,model4_biodigester_swap,waz,pooled,country_admin_region_nigeria::35,-0.16353946495390984,0.13187833809229987,-0.4220162579558143,0.09493732804799462,0.21494643537082614,37260,4434,114,model_specific_equal_total_country_weight,cluster_robust_country_psu,True,"{'child_sex': {'reference': 'Male', 'reference_column': 'child_sex_Male'}, 'maternal_education': {'reference': 'No education', 'reference_column': 'maternal_education_No education'}, 'literacy': {'reference': 'Cannot read at all', 'reference_column': 'literacy_Cannot read at all'}, 'wealth_quintile': {'reference': 'Poorest', 'reference_column': 'wealth_quintile_Poorest'}, 'residence': {'reference': 'Rural', 'reference_column': 'residence_Rural'}, 'country_admin_region': {'reference': 'ethiopia::01', 'reference_column': 'country_admin_region_ethiopia::01'}}"
ghana_biodigester,model4_biodigester_swap,waz,pooled,country_admin_region_nigeria::36,-0.30068241344381247,0.1300228900334963,-0.5555225950752771,-0.04584223181234781,0.02074824871695664,37260,4434,114,model_specific_equal_total_country_weight,cluster_robust_country_psu,True,"{'child_sex': {'reference': 'Male', 'reference_column': 'child_sex_Male'}, 'maternal_education': {'reference': 'No education', 'reference_column': 'maternal_education_No education'}, 'literacy': {'reference': 'Cannot read at all', 'reference_column': 'literacy_Cannot read at all'}, 'wealth_quintile': {'reference': 'Poorest', 'reference_column': 'wealth_quintile_Poorest'}, 'residence': {'reference': 'Rural', 'reference_column': 'residence_Rural'}, 'country_admin_region': {'reference': 'ethiopia::01', 'reference_column': 'country_admin_region_ethiopia::01'}}"
ghana_biodigester,model4_biodigester_swap,waz,pooled,country_admin_region_nigeria::37,-0.29344053709309076,0.1017103681671259,-0.4927891955549667,-0.09409187863121479,0.003913387978418677,37260,4434,114,model_specific_equal_total_country_weight,cluster_robust_country_psu,True,"{'child_sex': {'reference': 'Male', 'reference_column': 'child_sex_Male'}, 'maternal_education': {'reference': 'No education', 'reference_column': 'maternal_education_No education'}, 'literacy': {'reference': 'Cannot read at all', 'reference_column': 'literacy_Cannot read at all'}, 'wealth_quintile': {'reference': 'Poorest', 'reference_column': 'wealth_quintile_Poorest'}, 'residence': {'reference': 'Rural', 'reference_column': 'residence_Rural'}, 'country_admin_region': {'reference': 'ethiopia::01', 'reference_column': 'country_admin_region_ethiopia::01'}}"
ghana_biodigester,model4_biodigester_swap,waz,ghana,const,-1.3022321343471244,0.17528699246243026,-1.6457883265318316,-0.9586759421624171,1.0930352335813051e-13,4411,616,16,weight_original,cluster_robust_psu,True,"{'child_sex': {'reference': 'Male', 'reference_column': 'child_sex_Male'}, 'maternal_education': {'reference': 'No education', 'reference_column': 'maternal_education_No education'}, 'literacy': {'reference': 'Cannot read at all', 'reference_column': 'literacy_Cannot read at all'}, 'wealth_quintile': {'reference': 'Poorest', 'reference_column': 'wealth_quintile_Poorest'}, 'residence': {'reference': 'Rural', 'reference_column': 'residence_Rural'}, 'country_admin_region': {'reference': 'ghana::01', 'reference_column': 'country_admin_region_ghana::01'}}"
ghana_biodigester,model4_biodigester_swap,waz,ghana,water_rate_loo,0.11982172543093282,0.09824221814435163,-0.0727294838933238,0.31237293475518946,0.22259525152453452,4411,616,16,weight_original,cluster_robust_psu,True,"{'child_sex': {'reference': 'Male', 'reference_column': 'child_sex_Male'}, 'maternal_education': {'reference': 'No education', 'reference_column': 'maternal_education_No education'}, 'literacy': {'reference': 'Cannot read at all', 'reference_column': 'literacy_Cannot read at all'}, 'wealth_quintile': {'reference': 'Poorest', 'reference_column': 'wealth_quintile_Poorest'}, 'residence': {'reference': 'Rural', 'reference_column': 'residence_Rural'}, 'country_admin_region': {'reference': 'ghana::01', 'reference_column': 'country_admin_region_ghana::01'}}"
ghana_biodigester,model4_biodigester_swap,waz,ghana,sanitation_rate_loo_robustness_biodigester,-0.018101724516814358,0.1341337086399181,-0.28099896256384294,0.24479551353021423,0.8926491637366962,4411,616,16,weight_original,cluster_robust_psu,True,"{'child_sex': {'reference': 'Male', 'reference_column': 'child_sex_Male'}, 'maternal_education': {'reference': 'No education', 'reference_column': 'maternal_education_No education'}, 'literacy': {'reference': 'Cannot read at all', 'reference_column': 'literacy_Cannot read at all'}, 'wealth_quintile': {'reference': 'Poorest', 'reference_column': 'wealth_quintile_Poorest'}, 'residence': {'reference': 'Rural', 'reference_column': 'residence_Rural'}, 'country_admin_region': {'reference': 'ghana::01', 'reference_column': 'country_admin_region_ghana::01'}}"
ghana_biodigester,model4_biodigester_swap,waz,ghana,b19_raw,-0.0051831727771128435,0.0013651972960431616,-0.007858910309148906,-0.0025074352450767806,0.00014666616389356833,4411,616,16,weight_original,cluster_robust_psu,True,"{'child_sex': {'reference': 'Male', 'reference_column': 'child_sex_Male'}, 'maternal_education': {'reference': 'No education', 'reference_column': 'maternal_education_No education'}, 'literacy': {'reference': 'Cannot read at all', 'reference_column': 'literacy_Cannot read at all'}, 'wealth_quintile': {'reference': 'Poorest', 'reference_column': 'wealth_quintile_Poorest'}, 'residence': {'reference': 'Rural', 'reference_column': 'residence_Rural'}, 'country_admin_region': {'reference': 'ghana::01', 'reference_column': 'country_admin_region_ghana::01'}}"
ghana_biodigester,model4_biodigester_swap,waz,ghana,birth_order_raw,-0.0012265756914399024,0.02096374643175791,-0.04231476367871548,0.039861612295835666,0.9533428954968521,4411,616,16,weight_original,cluster_robust_psu,True,"{'child_sex': {'reference': 'Male', 'reference_column': 'child_sex_Male'}, 'maternal_education': {'reference': 'No education', 'reference_column': 'maternal_education_No education'}, 'literacy': {'reference': 'Cannot read at all', 'reference_column': 'literacy_Cannot read at all'}, 'wealth_quintile': {'reference': 'Poorest', 'reference_column': 'wealth_quintile_Poorest'}, 'residence': {'reference': 'Rural', 'reference_column': 'residence_Rural'}, 'country_admin_region': {'reference': 'ghana::01', 'reference_column': 'country_admin_region_ghana::01'}}"
ghana_biodigester,model4_biodigester_swap,waz,ghana,maternal_age,0.012340681104355463,0.006216109361423218,0.00015733063200368096,0.024524031576707246,0.04711398065423307,4411,616,16,weight_original,cluster_robust_psu,True,"{'child_sex': {'reference': 'Male', 'reference_column': 'child_sex_Male'}, 'maternal_education': {'reference': 'No education', 'reference_column': 'maternal_education_No education'}, 'literacy': {'reference': 'Cannot read at all', 'reference_column': 'literacy_Cannot read at all'}, 'wealth_quintile': {'reference': 'Poorest', 'reference_column': 'wealth_quintile_Poorest'}, 'residence': {'reference': 'Rural', 'reference_column': 'residence_Rural'}, 'country_admin_region': {'reference': 'ghana::01', 'reference_column': 'country_admin_region_ghana::01'}}"
ghana_biodigester,model4_biodigester_swap,waz,ghana,household_size_raw,0.0027228463342014544,0.008512924045211877,-0.013962178197538854,0.019407870865941763,0.7490831486203231,4411,616,16,weight_original,cluster_robust_psu,True,"{'child_sex': {'reference': 'Male', 'reference_column': 'child_sex_Male'}, 'maternal_education': {'reference': 'No education', 'reference_column': 'maternal_education_No education'}, 'literacy': {'reference': 'Cannot read at all', 'reference_column': 'literacy_Cannot read at all'}, 'wealth_quintile': {'reference': 'Poorest', 'reference_column': 'wealth_quintile_Poorest'}, 'residence': {'reference': 'Rural', 'reference_column': 'residence_Rural'}, 'country_admin_region': {'reference': 'ghana::01', 'reference_column': 'country_admin_region_ghana::01'}}"
ghana_biodigester,model4_biodigester_swap,waz,ghana,child_sex_Female,0.106000696913654,0.04391103489479405,0.019936649995976094,0.19206474383133193,0.01577899621907795,4411,616,16,weight_original,cluster_robust_psu,True,"{'child_sex': {'reference': 'Male', 'reference_column': 'child_sex_Male'}, 'maternal_education': {'reference': 'No education', 'reference_column': 'maternal_education_No education'}, 'literacy': {'reference': 'Cannot read at all', 'reference_column': 'literacy_Cannot read at all'}, 'wealth_quintile': {'reference': 'Poorest', 'reference_column': 'wealth_quintile_Poorest'}, 'residence': {'reference': 'Rural', 'reference_column': 'residence_Rural'}, 'country_admin_region': {'reference': 'ghana::01', 'reference_column': 'country_admin_region_ghana::01'}}"
ghana_biodigester,model4_biodigester_swap,waz,ghana,maternal_education_Higher,0.2797545917892893,0.13681986169726448,0.01159259049289968,0.5479165930856789,0.04088514981497991,4411,616,16,weight_original,cluster_robust_psu,True,"{'child_sex': {'reference': 'Male', 'reference_column': 'child_sex_Male'}, 'maternal_education': {'reference': 'No education', 'reference_column': 'maternal_education_No education'}, 'literacy': {'reference': 'Cannot read at all', 'reference_column': 'literacy_Cannot read at all'}, 'wealth_quintile': {'reference': 'Poorest', 'reference_column': 'wealth_quintile_Poorest'}, 'residence': {'reference': 'Rural', 'reference_column': 'residence_Rural'}, 'country_admin_region': {'reference': 'ghana::01', 'reference_column': 'country_admin_region_ghana::01'}}"
ghana_biodigester,model4_biodigester_swap,waz,ghana,maternal_education_Primary,-0.0472915993051811,0.0833127845345761,-0.21058165644469587,0.11599845783433368,0.5702800087098676,4411,616,16,weight_original,cluster_robust_psu,True,"{'child_sex': {'reference': 'Male', 'reference_column': 'child_sex_Male'}, 'maternal_education': {'reference': 'No education', 'reference_column': 'maternal_education_No education'}, 'literacy': {'reference': 'Cannot read at all', 'reference_column': 'literacy_Cannot read at all'}, 'wealth_quintile': {'reference': 'Poorest', 'reference_column': 'wealth_quintile_Poorest'}, 'residence': {'reference': 'Rural', 'reference_column': 'residence_Rural'}, 'country_admin_region': {'reference': 'ghana::01', 'reference_column': 'country_admin_region_ghana::01'}}"
ghana_biodigester,model4_biodigester_swap,waz,ghana,maternal_education_Secondary,0.07118241578071109,0.08694764852434266,-0.0992318438674477,0.24159667542886987,0.4129682562665118,4411,616,16,weight_original,cluster_robust_psu,True,"{'child_sex': {'reference': 'Male', 'reference_column': 'child_sex_Male'}, 'maternal_education': {'reference': 'No education', 'reference_column': 'maternal_education_No education'}, 'literacy': {'reference': 'Cannot read at all', 'reference_column': 'literacy_Cannot read at all'}, 'wealth_quintile': {'reference': 'Poorest', 'reference_column': 'wealth_quintile_Poorest'}, 'residence': {'reference': 'Rural', 'reference_column': 'residence_Rural'}, 'country_admin_region': {'reference': 'ghana::01', 'reference_column': 'country_admin_region_ghana::01'}}"
ghana_biodigester,model4_biodigester_swap,waz,ghana,literacy_Able to read only parts of sentence,0.049302222728545765,0.09826603981226777,-0.14329567620687816,0.24190012166396968,0.615863167790193,4411,616,16,weight_original,cluster_robust_psu,True,"{'child_sex': {'reference': 'Male', 'reference_column': 'child_sex_Male'}, 'maternal_education': {'reference': 'No education', 'reference_column': 'maternal_education_No education'}, 'literacy': {'reference': 'Cannot read at all', 'reference_column': 'literacy_Cannot read at all'}, 'wealth_quintile': {'reference': 'Poorest', 'reference_column': 'wealth_quintile_Poorest'}, 'residence': {'reference': 'Rural', 'reference_column': 'residence_Rural'}, 'country_admin_region': {'reference': 'ghana::01', 'reference_column': 'country_admin_region_ghana::01'}}"
ghana_biodigester,model4_biodigester_swap,waz,ghana,literacy_Able to read whole sentence,0.10462827844547541,0.08647867288118825,-0.06486680583247424,0.2741233627234251,0.2263273315509704,4411,616,16,weight_original,cluster_robust_psu,True,"{'child_sex': {'reference': 'Male', 'reference_column': 'child_sex_Male'}, 'maternal_education': {'reference': 'No education', 'reference_column': 'maternal_education_No education'}, 'literacy': {'reference': 'Cannot read at all', 'reference_column': 'literacy_Cannot read at all'}, 'wealth_quintile': {'reference': 'Poorest', 'reference_column': 'wealth_quintile_Poorest'}, 'residence': {'reference': 'Rural', 'reference_column': 'residence_Rural'}, 'country_admin_region': {'reference': 'ghana::01', 'reference_column': 'country_admin_region_ghana::01'}}"
ghana_biodigester,model4_biodigester_swap,waz,ghana,literacy_Blind/visually impaired,-0.41867824842351903,0.12225229054754734,-0.6582883349242383,-0.17906816192279976,0.0006154632821270881,4411,616,16,weight_original,cluster_robust_psu,True,"{'child_sex': {'reference': 'Male', 'reference_column': 'child_sex_Male'}, 'maternal_education': {'reference': 'No education', 'reference_column': 'maternal_education_No education'}, 'literacy': {'reference': 'Cannot read at all', 'reference_column': 'literacy_Cannot read at all'}, 'wealth_quintile': {'reference': 'Poorest', 'reference_column': 'wealth_quintile_Poorest'}, 'residence': {'reference': 'Rural', 'reference_column': 'residence_Rural'}, 'country_admin_region': {'reference': 'ghana::01', 'reference_column': 'country_admin_region_ghana::01'}}"
ghana_biodigester,model4_biodigester_swap,waz,ghana,literacy_No card with required language,0.6345192997995065,0.2720065900386999,0.10139617976610327,1.1676424198329096,0.019662056681692533,4411,616,16,weight_original,cluster_robust_psu,True,"{'child_sex': {'reference': 'Male', 'reference_column': 'child_sex_Male'}, 'maternal_education': {'reference': 'No education', 'reference_column': 'maternal_education_No education'}, 'literacy': {'reference': 'Cannot read at all', 'reference_column': 'literacy_Cannot read at all'}, 'wealth_quintile': {'reference': 'Poorest', 'reference_column': 'wealth_quintile_Poorest'}, 'residence': {'reference': 'Rural', 'reference_column': 'residence_Rural'}, 'country_admin_region': {'reference': 'ghana::01', 'reference_column': 'country_admin_region_ghana::01'}}"
ghana_biodigester,model4_biodigester_swap,waz,ghana,wealth_quintile_Middle,-0.0024958139205521306,0.08686260470344415,-0.17274339074264214,0.1677517629015379,0.977077622426904,4411,616,16,weight_original,cluster_robust_psu,True,"{'child_sex': {'reference': 'Male', 'reference_column': 'child_sex_Male'}, 'maternal_education': {'reference': 'No education', 'reference_column': 'maternal_education_No education'}, 'literacy': {'reference': 'Cannot read at all', 'reference_column': 'literacy_Cannot read at all'}, 'wealth_quintile': {'reference': 'Poorest', 'reference_column': 'wealth_quintile_Poorest'}, 'residence': {'reference': 'Rural', 'reference_column': 'residence_Rural'}, 'country_admin_region': {'reference': 'ghana::01', 'reference_column': 'country_admin_region_ghana::01'}}"
ghana_biodigester,model4_biodigester_swap,waz,ghana,wealth_quintile_Poorer,-0.12707054797281614,0.056230839445113756,-0.23728096810569332,-0.01686012783993894,0.02383355931105891,4411,616,16,weight_original,cluster_robust_psu,True,"{'child_sex': {'reference': 'Male', 'reference_column': 'child_sex_Male'}, 'maternal_education': {'reference': 'No education', 'reference_column': 'maternal_education_No education'}, 'literacy': {'reference': 'Cannot read at all', 'reference_column': 'literacy_Cannot read at all'}, 'wealth_quintile': {'reference': 'Poorest', 'reference_column': 'wealth_quintile_Poorest'}, 'residence': {'reference': 'Rural', 'reference_column': 'residence_Rural'}, 'country_admin_region': {'reference': 'ghana::01', 'reference_column': 'country_admin_region_ghana::01'}}"
ghana_biodigester,model4_biodigester_swap,waz,ghana,wealth_quintile_Richer,-0.016226278808850574,0.09294630214652126,-0.19839768351221018,0.16594512589450902,0.8614120881497411,4411,616,16,weight_original,cluster_robust_psu,True,"{'child_sex': {'reference': 'Male', 'reference_column': 'child_sex_Male'}, 'maternal_education': {'reference': 'No education', 'reference_column': 'maternal_education_No education'}, 'literacy': {'reference': 'Cannot read at all', 'reference_column': 'literacy_Cannot read at all'}, 'wealth_quintile': {'reference': 'Poorest', 'reference_column': 'wealth_quintile_Poorest'}, 'residence': {'reference': 'Rural', 'reference_column': 'residence_Rural'}, 'country_admin_region': {'reference': 'ghana::01', 'reference_column': 'country_admin_region_ghana::01'}}"
ghana_biodigester,model4_biodigester_swap,waz,ghana,wealth_quintile_Richest,0.2752365240647079,0.11145608508579419,0.05678661143871941,0.49368643669069634,0.013531653453324308,4411,616,16,weight_original,cluster_robust_psu,True,"{'child_sex': {'reference': 'Male', 'reference_column': 'child_sex_Male'}, 'maternal_education': {'reference': 'No education', 'reference_column': 'maternal_education_No education'}, 'literacy': {'reference': 'Cannot read at all', 'reference_column': 'literacy_Cannot read at all'}, 'wealth_quintile': {'reference': 'Poorest', 'reference_column': 'wealth_quintile_Poorest'}, 'residence': {'reference': 'Rural', 'reference_column': 'residence_Rural'}, 'country_admin_region': {'reference': 'ghana::01', 'reference_column': 'country_admin_region_ghana::01'}}"
ghana_biodigester,model4_biodigester_swap,waz,ghana,residence_Urban,-0.01605104211514832,0.051817648953989215,-0.11761176782850678,0.08550968359821014,0.756743366486693,4411,616,16,weight_original,cluster_robust_psu,True,"{'child_sex': {'reference': 'Male', 'reference_column': 'child_sex_Male'}, 'maternal_education': {'reference': 'No education', 'reference_column': 'maternal_education_No education'}, 'literacy': {'reference': 'Cannot read at all', 'reference_column': 'literacy_Cannot read at all'}, 'wealth_quintile': {'reference': 'Poorest', 'reference_column': 'wealth_quintile_Poorest'}, 'residence': {'reference': 'Rural', 'reference_column': 'residence_Rural'}, 'country_admin_region': {'reference': 'ghana::01', 'reference_column': 'country_admin_region_ghana::01'}}"
ghana_biodigester,model4_biodigester_swap,waz,ghana,country_admin_region_ghana::02,-0.05994516022308193,0.12011700091678051,-0.2953701559509364,0.17547983550477253,0.6177396390911922,4411,616,16,weight_original,cluster_robust_psu,True,"{'child_sex': {'reference': 'Male', 'reference_column': 'child_sex_Male'}, 'maternal_education': {'reference': 'No education', 'reference_column': 'maternal_education_No education'}, 'literacy': {'reference': 'Cannot read at all', 'reference_column': 'literacy_Cannot read at all'}, 'wealth_quintile': {'reference': 'Poorest', 'reference_column': 'wealth_quintile_Poorest'}, 'residence': {'reference': 'Rural', 'reference_column': 'residence_Rural'}, 'country_admin_region': {'reference': 'ghana::01', 'reference_column': 'country_admin_region_ghana::01'}}"
ghana_biodigester,model4_biodigester_swap,waz,ghana,country_admin_region_ghana::03,0.042766236130981544,0.10654345367086482,-0.1660550958524253,0.2515875681143884,0.6881277647932915,4411,616,16,weight_original,cluster_robust_psu,True,"{'child_sex': {'reference': 'Male', 'reference_column': 'child_sex_Male'}, 'maternal_education': {'reference': 'No education', 'reference_column': 'maternal_education_No education'}, 'literacy': {'reference': 'Cannot read at all', 'reference_column': 'literacy_Cannot read at all'}, 'wealth_quintile': {'reference': 'Poorest', 'reference_column': 'wealth_quintile_Poorest'}, 'residence': {'reference': 'Rural', 'reference_column': 'residence_Rural'}, 'country_admin_region': {'reference': 'ghana::01', 'reference_column': 'country_admin_region_ghana::01'}}"
ghana_biodigester,model4_biodigester_swap,waz,ghana,country_admin_region_ghana::04,-0.08809713604994644,0.11839534403297988,-0.3201477462918162,0.14395347419192334,0.45682026843875356,4411,616,16,weight_original,cluster_robust_psu,True,"{'child_sex': {'reference': 'Male', 'reference_column': 'child_sex_Male'}, 'maternal_education': {'reference': 'No education', 'reference_column': 'maternal_education_No education'}, 'literacy': {'reference': 'Cannot read at all', 'reference_column': 'literacy_Cannot read at all'}, 'wealth_quintile': {'reference': 'Poorest', 'reference_column': 'wealth_quintile_Poorest'}, 'residence': {'reference': 'Rural', 'reference_column': 'residence_Rural'}, 'country_admin_region': {'reference': 'ghana::01', 'reference_column': 'country_admin_region_ghana::01'}}"
ghana_biodigester,model4_biodigester_swap,waz,ghana,country_admin_region_ghana::05,0.08480874796928156,0.09794154063427823,-0.10715314426427003,0.27677064020283315,0.38653846314694984,4411,616,16,weight_original,cluster_robust_psu,True,"{'child_sex': {'reference': 'Male', 'reference_column': 'child_sex_Male'}, 'maternal_education': {'reference': 'No education', 'reference_column': 'maternal_education_No education'}, 'literacy': {'reference': 'Cannot read at all', 'reference_column': 'literacy_Cannot read at all'}, 'wealth_quintile': {'reference': 'Poorest', 'reference_column': 'wealth_quintile_Poorest'}, 'residence': {'reference': 'Rural', 'reference_column': 'residence_Rural'}, 'country_admin_region': {'reference': 'ghana::01', 'reference_column': 'country_admin_region_ghana::01'}}"
ghana_biodigester,model4_biodigester_swap,waz,ghana,country_admin_region_ghana::06,0.013468573568638242,0.10036235648362099,-0.1832380305428289,0.21017517768010535,0.8932448566565491,4411,616,16,weight_original,cluster_robust_psu,True,"{'child_sex': {'reference': 'Male', 'reference_column': 'child_sex_Male'}, 'maternal_education': {'reference': 'No education', 'reference_column': 'maternal_education_No education'}, 'literacy': {'reference': 'Cannot read at all', 'reference_column': 'literacy_Cannot read at all'}, 'wealth_quintile': {'reference': 'Poorest', 'reference_column': 'wealth_quintile_Poorest'}, 'residence': {'reference': 'Rural', 'reference_column': 'residence_Rural'}, 'country_admin_region': {'reference': 'ghana::01', 'reference_column': 'country_admin_region_ghana::01'}}"
ghana_biodigester,model4_biodigester_swap,waz,ghana,country_admin_region_ghana::07,0.20034998130770396,0.10625979612938496,-0.007915392110459218,0.40861535472586713,0.0593660003928557,4411,616,16,weight_original,cluster_robust_psu,True,"{'child_sex': {'reference': 'Male', 'reference_column': 'child_sex_Male'}, 'maternal_education': {'reference': 'No education', 'reference_column': 'maternal_education_No education'}, 'literacy': {'reference': 'Cannot read at all', 'reference_column': 'literacy_Cannot read at all'}, 'wealth_quintile': {'reference': 'Poorest', 'reference_column': 'wealth_quintile_Poorest'}, 'residence': {'reference': 'Rural', 'reference_column': 'residence_Rural'}, 'country_admin_region': {'reference': 'ghana::01', 'reference_column': 'country_admin_region_ghana::01'}}"
ghana_biodigester,model4_biodigester_swap,waz,ghana,country_admin_region_ghana::08,0.21791774548071174,0.09699836092808993,0.027804451502238314,0.4080310394591852,0.024664792497027334,4411,616,16,weight_original,cluster_robust_psu,True,"{'child_sex': {'reference': 'Male', 'reference_column': 'child_sex_Male'}, 'maternal_education': {'reference': 'No education', 'reference_column': 'maternal_education_No education'}, 'literacy': {'reference': 'Cannot read at all', 'reference_column': 'literacy_Cannot read at all'}, 'wealth_quintile': {'reference': 'Poorest', 'reference_column': 'wealth_quintile_Poorest'}, 'residence': {'reference': 'Rural', 'reference_column': 'residence_Rural'}, 'country_admin_region': {'reference': 'ghana::01', 'reference_column': 'country_admin_region_ghana::01'}}"
ghana_biodigester,model4_biodigester_swap,waz,ghana,country_admin_region_ghana::09,0.06152171264290018,0.12939926525173948,-0.19209618687645447,0.31513961216225483,0.6344726958328175,4411,616,16,weight_original,cluster_robust_psu,True,"{'child_sex': {'reference': 'Male', 'reference_column': 'child_sex_Male'}, 'maternal_education': {'reference': 'No education', 'reference_column': 'maternal_education_No education'}, 'literacy': {'reference': 'Cannot read at all', 'reference_column': 'literacy_Cannot read at all'}, 'wealth_quintile': {'reference': 'Poorest', 'reference_column': 'wealth_quintile_Poorest'}, 'residence': {'reference': 'Rural', 'reference_column': 'residence_Rural'}, 'country_admin_region': {'reference': 'ghana::01', 'reference_column': 'country_admin_region_ghana::01'}}"
ghana_biodigester,model4_biodigester_swap,waz,ghana,country_admin_region_ghana::10,0.13271660417307676,0.10120623605408534,-0.06564397350378962,0.33107718184994317,0.18974018864515352,4411,616,16,weight_original,cluster_robust_psu,True,"{'child_sex': {'reference': 'Male', 'reference_column': 'child_sex_Male'}, 'maternal_education': {'reference': 'No education', 'reference_column': 'maternal_education_No education'}, 'literacy': {'reference': 'Cannot read at all', 'reference_column': 'literacy_Cannot read at all'}, 'wealth_quintile': {'reference': 'Poorest', 'reference_column': 'wealth_quintile_Poorest'}, 'residence': {'reference': 'Rural', 'reference_column': 'residence_Rural'}, 'country_admin_region': {'reference': 'ghana::01', 'reference_column': 'country_admin_region_ghana::01'}}"
ghana_biodigester,model4_biodigester_swap,waz,ghana,country_admin_region_ghana::11,-0.03959575016941016,0.10918205531534057,-0.2535886463455376,0.17439714600671732,0.7168603480353755,4411,616,16,weight_original,cluster_robust_psu,True,"{'child_sex': {'reference': 'Male', 'reference_column': 'child_sex_Male'}, 'maternal_education': {'reference': 'No education', 'reference_column': 'maternal_education_No education'}, 'literacy': {'reference': 'Cannot read at all', 'reference_column': 'literacy_Cannot read at all'}, 'wealth_quintile': {'reference': 'Poorest', 'reference_column': 'wealth_quintile_Poorest'}, 'residence': {'reference': 'Rural', 'reference_column': 'residence_Rural'}, 'country_admin_region': {'reference': 'ghana::01', 'reference_column': 'country_admin_region_ghana::01'}}"
ghana_biodigester,model4_biodigester_swap,waz,ghana,country_admin_region_ghana::12,-0.28697408225907484,0.10382487413486712,-0.4904670962628186,-0.08348106825533108,0.005709394927526841,4411,616,16,weight_original,cluster_robust_psu,True,"{'child_sex': {'reference': 'Male', 'reference_column': 'child_sex_Male'}, 'maternal_education': {'reference': 'No education', 'reference_column': 'maternal_education_No education'}, 'literacy': {'reference': 'Cannot read at all', 'reference_column': 'literacy_Cannot read at all'}, 'wealth_quintile': {'reference': 'Poorest', 'reference_column': 'wealth_quintile_Poorest'}, 'residence': {'reference': 'Rural', 'reference_column': 'residence_Rural'}, 'country_admin_region': {'reference': 'ghana::01', 'reference_column': 'country_admin_region_ghana::01'}}"
ghana_biodigester,model4_biodigester_swap,waz,ghana,country_admin_region_ghana::13,0.018389619585855277,0.11104721194536396,-0.19925891641064417,0.23603815558235472,0.8684703207170608,4411,616,16,weight_original,cluster_robust_psu,True,"{'child_sex': {'reference': 'Male', 'reference_column': 'child_sex_Male'}, 'maternal_education': {'reference': 'No education', 'reference_column': 'maternal_education_No education'}, 'literacy': {'reference': 'Cannot read at all', 'reference_column': 'literacy_Cannot read at all'}, 'wealth_quintile': {'reference': 'Poorest', 'reference_column': 'wealth_quintile_Poorest'}, 'residence': {'reference': 'Rural', 'reference_column': 'residence_Rural'}, 'country_admin_region': {'reference': 'ghana::01', 'reference_column': 'country_admin_region_ghana::01'}}"
ghana_biodigester,model4_biodigester_swap,waz,ghana,country_admin_region_ghana::14,-0.23256141124427127,0.10534328287977612,-0.43903045170184735,-0.026092370786695185,0.027268473658701803,4411,616,16,weight_original,cluster_robust_psu,True,"{'child_sex': {'reference': 'Male', 'reference_column': 'child_sex_Male'}, 'maternal_education': {'reference': 'No education', 'reference_column': 'maternal_education_No education'}, 'literacy': {'reference': 'Cannot read at all', 'reference_column': 'literacy_Cannot read at all'}, 'wealth_quintile': {'reference': 'Poorest', 'reference_column': 'wealth_quintile_Poorest'}, 'residence': {'reference': 'Rural', 'reference_column': 'residence_Rural'}, 'country_admin_region': {'reference': 'ghana::01', 'reference_column': 'country_admin_region_ghana::01'}}"
ghana_biodigester,model4_biodigester_swap,waz,ghana,country_admin_region_ghana::15,-0.11417993271764157,0.10890314970707664,-0.3276261839464855,0.09926631851120238,0.2944295284313976,4411,616,16,weight_original,cluster_robust_psu,True,"{'child_sex': {'reference': 'Male', 'reference_column': 'child_sex_Male'}, 'maternal_education': {'reference': 'No education', 'reference_column': 'maternal_education_No education'}, 'literacy': {'reference': 'Cannot read at all', 'reference_column': 'literacy_Cannot read at all'}, 'wealth_quintile': {'reference': 'Poorest', 'reference_column': 'wealth_quintile_Poorest'}, 'residence': {'reference': 'Rural', 'reference_column': 'residence_Rural'}, 'country_admin_region': {'reference': 'ghana::01', 'reference_column': 'country_admin_region_ghana::01'}}"
ghana_biodigester,model4_biodigester_swap,waz,ghana,country_admin_region_ghana::16,0.04523213979216538,0.1177596882163406,-0.185572607942528,0.27603688752685873,0.7009002811785457,4411,616,16,weight_original,cluster_robust_psu,True,"{'child_sex': {'reference': 'Male', 'reference_column': 'child_sex_Male'}, 'maternal_education': {'reference': 'No education', 'reference_column': 'maternal_education_No education'}, 'literacy': {'reference': 'Cannot read at all', 'reference_column': 'literacy_Cannot read at all'}, 'wealth_quintile': {'reference': 'Poorest', 'reference_column': 'wealth_quintile_Poorest'}, 'residence': {'reference': 'Rural', 'reference_column': 'residence_Rural'}, 'country_admin_region': {'reference': 'ghana::01', 'reference_column': 'country_admin_region_ghana::01'}}"
ghana_biodigester,model4_biodigester_swap,whz,pooled,const,-0.3622936332183493,0.10588472952582297,-0.5698238896017271,-0.1547633768349714,0.0006225719432635609,37088,4434,114,model_specific_equal_total_country_weight,cluster_robust_country_psu,True,"{'child_sex': {'reference': 'Male', 'reference_column': 'child_sex_Male'}, 'maternal_education': {'reference': 'No education', 'reference_column': 'maternal_education_No education'}, 'literacy': {'reference': 'Cannot read at all', 'reference_column': 'literacy_Cannot read at all'}, 'wealth_quintile': {'reference': 'Poorest', 'reference_column': 'wealth_quintile_Poorest'}, 'residence': {'reference': 'Rural', 'reference_column': 'residence_Rural'}, 'country_admin_region': {'reference': 'ethiopia::01', 'reference_column': 'country_admin_region_ethiopia::01'}}"
ghana_biodigester,model4_biodigester_swap,whz,pooled,water_rate_loo,0.05655194157190184,0.05027432362681717,-0.04198392208377093,0.1550878052275746,0.26064527985246266,37088,4434,114,model_specific_equal_total_country_weight,cluster_robust_country_psu,True,"{'child_sex': {'reference': 'Male', 'reference_column': 'child_sex_Male'}, 'maternal_education': {'reference': 'No education', 'reference_column': 'maternal_education_No education'}, 'literacy': {'reference': 'Cannot read at all', 'reference_column': 'literacy_Cannot read at all'}, 'wealth_quintile': {'reference': 'Poorest', 'reference_column': 'wealth_quintile_Poorest'}, 'residence': {'reference': 'Rural', 'reference_column': 'residence_Rural'}, 'country_admin_region': {'reference': 'ethiopia::01', 'reference_column': 'country_admin_region_ethiopia::01'}}"
ghana_biodigester,model4_biodigester_swap,whz,pooled,sanitation_rate_loo_robustness_biodigester,0.07602389714625248,0.05496739414411569,-0.031710215700232136,0.1837580099927371,0.1666426038716139,37088,4434,114,model_specific_equal_total_country_weight,cluster_robust_country_psu,True,"{'child_sex': {'reference': 'Male', 'reference_column': 'child_sex_Male'}, 'maternal_education': {'reference': 'No education', 'reference_column': 'maternal_education_No education'}, 'literacy': {'reference': 'Cannot read at all', 'reference_column': 'literacy_Cannot read at all'}, 'wealth_quintile': {'reference': 'Poorest', 'reference_column': 'wealth_quintile_Poorest'}, 'residence': {'reference': 'Rural', 'reference_column': 'residence_Rural'}, 'country_admin_region': {'reference': 'ethiopia::01', 'reference_column': 'country_admin_region_ethiopia::01'}}"
ghana_biodigester,model4_biodigester_swap,whz,pooled,b19_raw,-0.0041883670282325145,0.0006508751172229658,-0.005464058816422814,-0.0029126752400422157,1.234912552375953e-10,37088,4434,114,model_specific_equal_total_country_weight,cluster_robust_country_psu,True,"{'child_sex': {'reference': 'Male', 'reference_column': 'child_sex_Male'}, 'maternal_education': {'reference': 'No education', 'reference_column': 'maternal_education_No education'}, 'literacy': {'reference': 'Cannot read at all', 'reference_column': 'literacy_Cannot read at all'}, 'wealth_quintile': {'reference': 'Poorest', 'reference_column': 'wealth_quintile_Poorest'}, 'residence': {'reference': 'Rural', 'reference_column': 'residence_Rural'}, 'country_admin_region': {'reference': 'ethiopia::01', 'reference_column': 'country_admin_region_ethiopia::01'}}"
ghana_biodigester,model4_biodigester_swap,whz,pooled,birth_order_raw,-0.003177070178443989,0.008411285292355093,-0.01966288641515143,0.013308746058263453,0.7056421862273218,37088,4434,114,model_specific_equal_total_country_weight,cluster_robust_country_psu,True,"{'child_sex': {'reference': 'Male', 'reference_column': 'child_sex_Male'}, 'maternal_education': {'reference': 'No education', 'reference_column': 'maternal_education_No education'}, 'literacy': {'reference': 'Cannot read at all', 'reference_column': 'literacy_Cannot read at all'}, 'wealth_quintile': {'reference': 'Poorest', 'reference_column': 'wealth_quintile_Poorest'}, 'residence': {'reference': 'Rural', 'reference_column': 'residence_Rural'}, 'country_admin_region': {'reference': 'ethiopia::01', 'reference_column': 'country_admin_region_ethiopia::01'}}"
ghana_biodigester,model4_biodigester_swap,whz,pooled,maternal_age,0.00044323264995472535,0.0026043289773064124,-0.0046611583494598745,0.0055476236493693255,0.8648601417129231,37088,4434,114,model_specific_equal_total_country_weight,cluster_robust_country_psu,True,"{'child_sex': {'reference': 'Male', 'reference_column': 'child_sex_Male'}, 'maternal_education': {'reference': 'No education', 'reference_column': 'maternal_education_No education'}, 'literacy': {'reference': 'Cannot read at all', 'reference_column': 'literacy_Cannot read at all'}, 'wealth_quintile': {'reference': 'Poorest', 'reference_column': 'wealth_quintile_Poorest'}, 'residence': {'reference': 'Rural', 'reference_column': 'residence_Rural'}, 'country_admin_region': {'reference': 'ethiopia::01', 'reference_column': 'country_admin_region_ethiopia::01'}}"
ghana_biodigester,model4_biodigester_swap,whz,pooled,household_size_raw,0.0007123752509165882,0.004035830259250381,-0.007197706704931109,0.008622457206764286,0.8598911809072152,37088,4434,114,model_specific_equal_total_country_weight,cluster_robust_country_psu,True,"{'child_sex': {'reference': 'Male', 'reference_column': 'child_sex_Male'}, 'maternal_education': {'reference': 'No education', 'reference_column': 'maternal_education_No education'}, 'literacy': {'reference': 'Cannot read at all', 'reference_column': 'literacy_Cannot read at all'}, 'wealth_quintile': {'reference': 'Poorest', 'reference_column': 'wealth_quintile_Poorest'}, 'residence': {'reference': 'Rural', 'reference_column': 'residence_Rural'}, 'country_admin_region': {'reference': 'ethiopia::01', 'reference_column': 'country_admin_region_ethiopia::01'}}"
ghana_biodigester,model4_biodigester_swap,whz,pooled,child_sex_Female,0.037831371864598014,0.01919934755979036,0.00020134212074193747,0.07546140160845409,0.04878671584070795,37088,4434,114,model_specific_equal_total_country_weight,cluster_robust_country_psu,True,"{'child_sex': {'reference': 'Male', 'reference_column': 'child_sex_Male'}, 'maternal_education': {'reference': 'No education', 'reference_column': 'maternal_education_No education'}, 'literacy': {'reference': 'Cannot read at all', 'reference_column': 'literacy_Cannot read at all'}, 'wealth_quintile': {'reference': 'Poorest', 'reference_column': 'wealth_quintile_Poorest'}, 'residence': {'reference': 'Rural', 'reference_column': 'residence_Rural'}, 'country_admin_region': {'reference': 'ethiopia::01', 'reference_column': 'country_admin_region_ethiopia::01'}}"
ghana_biodigester,model4_biodigester_swap,whz,pooled,maternal_education_Higher,0.1612367503133764,0.05896570328230562,0.04566609555698213,0.27680740506977064,0.006249107699317924,37088,4434,114,model_specific_equal_total_country_weight,cluster_robust_country_psu,True,"{'child_sex': {'reference': 'Male', 'reference_column': 'child_sex_Male'}, 'maternal_education': {'reference': 'No education', 'reference_column': 'maternal_education_No education'}, 'literacy': {'reference': 'Cannot read at all', 'reference_column': 'literacy_Cannot read at all'}, 'wealth_quintile': {'reference': 'Poorest', 'reference_column': 'wealth_quintile_Poorest'}, 'residence': {'reference': 'Rural', 'reference_column': 'residence_Rural'}, 'country_admin_region': {'reference': 'ethiopia::01', 'reference_column': 'country_admin_region_ethiopia::01'}}"
ghana_biodigester,model4_biodigester_swap,whz,pooled,maternal_education_Primary,0.06763178661812695,0.04407874933752408,-0.01876097456698901,0.15402454780324293,0.12494603919390733,37088,4434,114,model_specific_equal_total_country_weight,cluster_robust_country_psu,True,"{'child_sex': {'reference': 'Male', 'reference_column': 'child_sex_Male'}, 'maternal_education': {'reference': 'No education', 'reference_column': 'maternal_education_No education'}, 'literacy': {'reference': 'Cannot read at all', 'reference_column': 'literacy_Cannot read at all'}, 'wealth_quintile': {'reference': 'Poorest', 'reference_column': 'wealth_quintile_Poorest'}, 'residence': {'reference': 'Rural', 'reference_column': 'residence_Rural'}, 'country_admin_region': {'reference': 'ethiopia::01', 'reference_column': 'country_admin_region_ethiopia::01'}}"
ghana_biodigester,model4_biodigester_swap,whz,pooled,maternal_education_Secondary,0.06758151704987098,0.04978367492523123,-0.029992692821632,0.16515572692137395,0.17462125599179057,37088,4434,114,model_specific_equal_total_country_weight,cluster_robust_country_psu,True,"{'child_sex': {'reference': 'Male', 'reference_column': 'child_sex_Male'}, 'maternal_education': {'reference': 'No education', 'reference_column': 'maternal_education_No education'}, 'literacy': {'reference': 'Cannot read at all', 'reference_column': 'literacy_Cannot read at all'}, 'wealth_quintile': {'reference': 'Poorest', 'reference_column': 'wealth_quintile_Poorest'}, 'residence': {'reference': 'Rural', 'reference_column': 'residence_Rural'}, 'country_admin_region': {'reference': 'ethiopia::01', 'reference_column': 'country_admin_region_ethiopia::01'}}"
ghana_biodigester,model4_biodigester_swap,whz,pooled,literacy_Able to read only parts of sentence,-0.004545998514801428,0.046090513613274806,-0.09488174522577313,0.08578974819617026,0.9214304792061356,37088,4434,114,model_specific_equal_total_country_weight,cluster_robust_country_psu,True,"{'child_sex': {'reference': 'Male', 'reference_column': 'child_sex_Male'}, 'maternal_education': {'reference': 'No education', 'reference_column': 'maternal_education_No education'}, 'literacy': {'reference': 'Cannot read at all', 'reference_column': 'literacy_Cannot read at all'}, 'wealth_quintile': {'reference': 'Poorest', 'reference_column': 'wealth_quintile_Poorest'}, 'residence': {'reference': 'Rural', 'reference_column': 'residence_Rural'}, 'country_admin_region': {'reference': 'ethiopia::01', 'reference_column': 'country_admin_region_ethiopia::01'}}"
ghana_biodigester,model4_biodigester_swap,whz,pooled,literacy_Able to read whole sentence,0.009979093122948392,0.046149467867512596,-0.08047220180306479,0.10043038804896158,0.8288051987391293,37088,4434,114,model_specific_equal_total_country_weight,cluster_robust_country_psu,True,"{'child_sex': {'reference': 'Male', 'reference_column': 'child_sex_Male'}, 'maternal_education': {'reference': 'No education', 'reference_column': 'maternal_education_No education'}, 'literacy': {'reference': 'Cannot read at all', 'reference_column': 'literacy_Cannot read at all'}, 'wealth_quintile': {'reference': 'Poorest', 'reference_column': 'wealth_quintile_Poorest'}, 'residence': {'reference': 'Rural', 'reference_column': 'residence_Rural'}, 'country_admin_region': {'reference': 'ethiopia::01', 'reference_column': 'country_admin_region_ethiopia::01'}}"
ghana_biodigester,model4_biodigester_swap,whz,pooled,literacy_Blind/visually impaired,-0.04425857166079211,0.2383817639279015,-0.5114782435306084,0.4229611002090242,0.8527093803217848,37088,4434,114,model_specific_equal_total_country_weight,cluster_robust_country_psu,True,"{'child_sex': {'reference': 'Male', 'reference_column': 'child_sex_Male'}, 'maternal_education': {'reference': 'No education', 'reference_column': 'maternal_education_No education'}, 'literacy': {'reference': 'Cannot read at all', 'reference_column': 'literacy_Cannot read at all'}, 'wealth_quintile': {'reference': 'Poorest', 'reference_column': 'wealth_quintile_Poorest'}, 'residence': {'reference': 'Rural', 'reference_column': 'residence_Rural'}, 'country_admin_region': {'reference': 'ethiopia::01', 'reference_column': 'country_admin_region_ethiopia::01'}}"
ghana_biodigester,model4_biodigester_swap,whz,pooled,literacy_No card with required language,0.5519423658874125,0.26748942941179416,0.02767271799512694,1.0762120137796982,0.039072980048488394,37088,4434,114,model_specific_equal_total_country_weight,cluster_robust_country_psu,True,"{'child_sex': {'reference': 'Male', 'reference_column': 'child_sex_Male'}, 'maternal_education': {'reference': 'No education', 'reference_column': 'maternal_education_No education'}, 'literacy': {'reference': 'Cannot read at all', 'reference_column': 'literacy_Cannot read at all'}, 'wealth_quintile': {'reference': 'Poorest', 'reference_column': 'wealth_quintile_Poorest'}, 'residence': {'reference': 'Rural', 'reference_column': 'residence_Rural'}, 'country_admin_region': {'reference': 'ethiopia::01', 'reference_column': 'country_admin_region_ethiopia::01'}}"
ghana_biodigester,model4_biodigester_swap,whz,pooled,wealth_quintile_Middle,0.0679582443766104,0.04072108146283226,-0.011853608702062451,0.14777009745528324,0.09514288745142044,37088,4434,114,model_specific_equal_total_country_weight,cluster_robust_country_psu,True,"{'child_sex': {'reference': 'Male', 'reference_column': 'child_sex_Male'}, 'maternal_education': {'reference': 'No education', 'reference_column': 'maternal_education_No education'}, 'literacy': {'reference': 'Cannot read at all', 'reference_column': 'literacy_Cannot read at all'}, 'wealth_quintile': {'reference': 'Poorest', 'reference_column': 'wealth_quintile_Poorest'}, 'residence': {'reference': 'Rural', 'reference_column': 'residence_Rural'}, 'country_admin_region': {'reference': 'ethiopia::01', 'reference_column': 'country_admin_region_ethiopia::01'}}"
ghana_biodigester,model4_biodigester_swap,whz,pooled,wealth_quintile_Poorer,0.050999266925817355,0.03367463872659932,-0.01500181217071507,0.11700034602234978,0.12990639998722914,37088,4434,114,model_specific_equal_total_country_weight,cluster_robust_country_psu,True,"{'child_sex': {'reference': 'Male', 'reference_column': 'child_sex_Male'}, 'maternal_education': {'reference': 'No education', 'reference_column': 'maternal_education_No education'}, 'literacy': {'reference': 'Cannot read at all', 'reference_column': 'literacy_Cannot read at all'}, 'wealth_quintile': {'reference': 'Poorest', 'reference_column': 'wealth_quintile_Poorest'}, 'residence': {'reference': 'Rural', 'reference_column': 'residence_Rural'}, 'country_admin_region': {'reference': 'ethiopia::01', 'reference_column': 'country_admin_region_ethiopia::01'}}"
ghana_biodigester,model4_biodigester_swap,whz,pooled,wealth_quintile_Richer,0.04773084129210829,0.04695337389066663,-0.04429608048624162,0.1397577630704582,0.3093636066084452,37088,4434,114,model_specific_equal_total_country_weight,cluster_robust_country_psu,True,"{'child_sex': {'reference': 'Male', 'reference_column': 'child_sex_Male'}, 'maternal_education': {'reference': 'No education', 'reference_column': 'maternal_education_No education'}, 'literacy': {'reference': 'Cannot read at all', 'reference_column': 'literacy_Cannot read at all'}, 'wealth_quintile': {'reference': 'Poorest', 'reference_column': 'wealth_quintile_Poorest'}, 'residence': {'reference': 'Rural', 'reference_column': 'residence_Rural'}, 'country_admin_region': {'reference': 'ethiopia::01', 'reference_column': 'country_admin_region_ethiopia::01'}}"
ghana_biodigester,model4_biodigester_swap,whz,pooled,wealth_quintile_Richest,0.13054989901020486,0.06281202487280994,0.007440592463463305,0.25365920555694643,0.03767050134560466,37088,4434,114,model_specific_equal_total_country_weight,cluster_robust_country_psu,True,"{'child_sex': {'reference': 'Male', 'reference_column': 'child_sex_Male'}, 'maternal_education': {'reference': 'No education', 'reference_column': 'maternal_education_No education'}, 'literacy': {'reference': 'Cannot read at all', 'reference_column': 'literacy_Cannot read at all'}, 'wealth_quintile': {'reference': 'Poorest', 'reference_column': 'wealth_quintile_Poorest'}, 'residence': {'reference': 'Rural', 'reference_column': 'residence_Rural'}, 'country_admin_region': {'reference': 'ethiopia::01', 'reference_column': 'country_admin_region_ethiopia::01'}}"
ghana_biodigester,model4_biodigester_swap,whz,pooled,residence_Urban,-0.039295040814539675,0.03723683382289123,-0.11227789400570942,0.03368781237663007,0.2913002958460901,37088,4434,114,model_specific_equal_total_country_weight,cluster_robust_country_psu,True,"{'child_sex': {'reference': 'Male', 'reference_column': 'child_sex_Male'}, 'maternal_education': {'reference': 'No education', 'reference_column': 'maternal_education_No education'}, 'literacy': {'reference': 'Cannot read at all', 'reference_column': 'literacy_Cannot read at all'}, 'wealth_quintile': {'reference': 'Poorest', 'reference_column': 'wealth_quintile_Poorest'}, 'residence': {'reference': 'Rural', 'reference_column': 'residence_Rural'}, 'country_admin_region': {'reference': 'ethiopia::01', 'reference_column': 'country_admin_region_ethiopia::01'}}"
ghana_biodigester,model4_biodigester_swap,whz,pooled,country_admin_region_ethiopia::02,-0.408280302481412,0.0946072839170877,-0.5937071716340594,-0.22285343332876462,1.592224788867774e-05,37088,4434,114,model_specific_equal_total_country_weight,cluster_robust_country_psu,True,"{'child_sex': {'reference': 'Male', 'reference_column': 'child_sex_Male'}, 'maternal_education': {'reference': 'No education', 'reference_column': 'maternal_education_No education'}, 'literacy': {'reference': 'Cannot read at all', 'reference_column': 'literacy_Cannot read at all'}, 'wealth_quintile': {'reference': 'Poorest', 'reference_column': 'wealth_quintile_Poorest'}, 'residence': {'reference': 'Rural', 'reference_column': 'residence_Rural'}, 'country_admin_region': {'reference': 'ethiopia::01', 'reference_column': 'country_admin_region_ethiopia::01'}}"
ghana_biodigester,model4_biodigester_swap,whz,pooled,country_admin_region_ethiopia::03,0.05359120792386849,0.08362893832409275,-0.11031849925667478,0.21750091510441175,0.5216387695596802,37088,4434,114,model_specific_equal_total_country_weight,cluster_robust_country_psu,True,"{'child_sex': {'reference': 'Male', 'reference_column': 'child_sex_Male'}, 'maternal_education': {'reference': 'No education', 'reference_column': 'maternal_education_No education'}, 'literacy': {'reference': 'Cannot read at all', 'reference_column': 'literacy_Cannot read at all'}, 'wealth_quintile': {'reference': 'Poorest', 'reference_column': 'wealth_quintile_Poorest'}, 'residence': {'reference': 'Rural', 'reference_column': 'residence_Rural'}, 'country_admin_region': {'reference': 'ethiopia::01', 'reference_column': 'country_admin_region_ethiopia::01'}}"
ghana_biodigester,model4_biodigester_swap,whz,pooled,country_admin_region_ethiopia::04,0.2991077744170704,0.10472746367140172,0.09384571742889616,0.5043698314052447,0.0042893594433900065,37088,4434,114,model_specific_equal_total_country_weight,cluster_robust_country_psu,True,"{'child_sex': {'reference': 'Male', 'reference_column': 'child_sex_Male'}, 'maternal_education': {'reference': 'No education', 'reference_column': 'maternal_education_No education'}, 'literacy': {'reference': 'Cannot read at all', 'reference_column': 'literacy_Cannot read at all'}, 'wealth_quintile': {'reference': 'Poorest', 'reference_column': 'wealth_quintile_Poorest'}, 'residence': {'reference': 'Rural', 'reference_column': 'residence_Rural'}, 'country_admin_region': {'reference': 'ethiopia::01', 'reference_column': 'country_admin_region_ethiopia::01'}}"
ghana_biodigester,model4_biodigester_swap,whz,pooled,country_admin_region_ethiopia::05,-0.27543982976664205,0.13502744334577663,-0.5400887556488868,-0.010790903884397296,0.04136224333325116,37088,4434,114,model_specific_equal_total_country_weight,cluster_robust_country_psu,True,"{'child_sex': {'reference': 'Male', 'reference_column': 'child_sex_Male'}, 'maternal_education': {'reference': 'No education', 'reference_column': 'maternal_education_No education'}, 'literacy': {'reference': 'Cannot read at all', 'reference_column': 'literacy_Cannot read at all'}, 'wealth_quintile': {'reference': 'Poorest', 'reference_column': 'wealth_quintile_Poorest'}, 'residence': {'reference': 'Rural', 'reference_column': 'residence_Rural'}, 'country_admin_region': {'reference': 'ethiopia::01', 'reference_column': 'country_admin_region_ethiopia::01'}}"
ghana_biodigester,model4_biodigester_swap,whz,pooled,country_admin_region_ethiopia::06,0.06853634845760853,0.09161562054141877,-0.11102696822486022,0.24809966514007728,0.454408382375881,37088,4434,114,model_specific_equal_total_country_weight,cluster_robust_country_psu,True,"{'child_sex': {'reference': 'Male', 'reference_column': 'child_sex_Male'}, 'maternal_education': {'reference': 'No education', 'reference_column': 'maternal_education_No education'}, 'literacy': {'reference': 'Cannot read at all', 'reference_column': 'literacy_Cannot read at all'}, 'wealth_quintile': {'reference': 'Poorest', 'reference_column': 'wealth_quintile_Poorest'}, 'residence': {'reference': 'Rural', 'reference_column': 'residence_Rural'}, 'country_admin_region': {'reference': 'ethiopia::01', 'reference_column': 'country_admin_region_ethiopia::01'}}"
ghana_biodigester,model4_biodigester_swap,whz,pooled,country_admin_region_ethiopia::07,0.44177236428527406,0.10475300966197103,0.23646023807563454,0.6470844904949136,2.4727113849183365e-05,37088,4434,114,model_specific_equal_total_country_weight,cluster_robust_country_psu,True,"{'child_sex': {'reference': 'Male', 'reference_column': 'child_sex_Male'}, 'maternal_education': {'reference': 'No education', 'reference_column': 'maternal_education_No education'}, 'literacy': {'reference': 'Cannot read at all', 'reference_column': 'literacy_Cannot read at all'}, 'wealth_quintile': {'reference': 'Poorest', 'reference_column': 'wealth_quintile_Poorest'}, 'residence': {'reference': 'Rural', 'reference_column': 'residence_Rural'}, 'country_admin_region': {'reference': 'ethiopia::01', 'reference_column': 'country_admin_region_ethiopia::01'}}"
ghana_biodigester,model4_biodigester_swap,whz,pooled,country_admin_region_ethiopia::08,0.33929133709116904,0.09906193937388158,0.14513350367967084,0.5334491705026673,0.0006147036056141639,37088,4434,114,model_specific_equal_total_country_weight,cluster_robust_country_psu,True,"{'child_sex': {'reference': 'Male', 'reference_column': 'child_sex_Male'}, 'maternal_education': {'reference': 'No education', 'reference_column': 'maternal_education_No education'}, 'literacy': {'reference': 'Cannot read at all', 'reference_column': 'literacy_Cannot read at all'}, 'wealth_quintile': {'reference': 'Poorest', 'reference_column': 'wealth_quintile_Poorest'}, 'residence': {'reference': 'Rural', 'reference_column': 'residence_Rural'}, 'country_admin_region': {'reference': 'ethiopia::01', 'reference_column': 'country_admin_region_ethiopia::01'}}"
ghana_biodigester,model4_biodigester_swap,whz,pooled,country_admin_region_ethiopia::09,0.4176546326180968,0.09203607828966011,0.23726723389205423,0.5980420313441395,5.6805154087409675e-06,37088,4434,114,model_specific_equal_total_country_weight,cluster_robust_country_psu,True,"{'child_sex': {'reference': 'Male', 'reference_column': 'child_sex_Male'}, 'maternal_education': {'reference': 'No education', 'reference_column': 'maternal_education_No education'}, 'literacy': {'reference': 'Cannot read at all', 'reference_column': 'literacy_Cannot read at all'}, 'wealth_quintile': {'reference': 'Poorest', 'reference_column': 'wealth_quintile_Poorest'}, 'residence': {'reference': 'Rural', 'reference_column': 'residence_Rural'}, 'country_admin_region': {'reference': 'ethiopia::01', 'reference_column': 'country_admin_region_ethiopia::01'}}"
ghana_biodigester,model4_biodigester_swap,whz,pooled,country_admin_region_ethiopia::10,0.433157196965088,0.11371835977670279,0.21027330742178216,0.6560410865083938,0.00013951028804236497,37088,4434,114,model_specific_equal_total_country_weight,cluster_robust_country_psu,True,"{'child_sex': {'reference': 'Male', 'reference_column': 'child_sex_Male'}, 'maternal_education': {'reference': 'No education', 'reference_column': 'maternal_education_No education'}, 'literacy': {'reference': 'Cannot read at all', 'reference_column': 'literacy_Cannot read at all'}, 'wealth_quintile': {'reference': 'Poorest', 'reference_column': 'wealth_quintile_Poorest'}, 'residence': {'reference': 'Rural', 'reference_column': 'residence_Rural'}, 'country_admin_region': {'reference': 'ethiopia::01', 'reference_column': 'country_admin_region_ethiopia::01'}}"
ghana_biodigester,model4_biodigester_swap,whz,pooled,country_admin_region_ethiopia::12,-0.44057479209850847,0.1306866758517004,-0.6967159700271017,-0.18443361416991527,0.0007483345680084443,37088,4434,114,model_specific_equal_total_country_weight,cluster_robust_country_psu,True,"{'child_sex': {'reference': 'Male', 'reference_column': 'child_sex_Male'}, 'maternal_education': {'reference': 'No education', 'reference_column': 'maternal_education_No education'}, 'literacy': {'reference': 'Cannot read at all', 'reference_column': 'literacy_Cannot read at all'}, 'wealth_quintile': {'reference': 'Poorest', 'reference_column': 'wealth_quintile_Poorest'}, 'residence': {'reference': 'Rural', 'reference_column': 'residence_Rural'}, 'country_admin_region': {'reference': 'ethiopia::01', 'reference_column': 'country_admin_region_ethiopia::01'}}"
ghana_biodigester,model4_biodigester_swap,whz,pooled,country_admin_region_ethiopia::13,0.2052620197374536,0.09719437002532567,0.01476455498775589,0.39575948448715126,0.03469747273332368,37088,4434,114,model_specific_equal_total_country_weight,cluster_robust_country_psu,True,"{'child_sex': {'reference': 'Male', 'reference_column': 'child_sex_Male'}, 'maternal_education': {'reference': 'No education', 'reference_column': 'maternal_education_No education'}, 'literacy': {'reference': 'Cannot read at all', 'reference_column': 'literacy_Cannot read at all'}, 'wealth_quintile': {'reference': 'Poorest', 'reference_column': 'wealth_quintile_Poorest'}, 'residence': {'reference': 'Rural', 'reference_column': 'residence_Rural'}, 'country_admin_region': {'reference': 'ethiopia::01', 'reference_column': 'country_admin_region_ethiopia::01'}}"
ghana_biodigester,model4_biodigester_swap,whz,pooled,country_admin_region_ethiopia::14,0.24601803388905602,0.10159271861701148,0.046899964308201675,0.4451361034699104,0.015451885824986902,37088,4434,114,model_specific_equal_total_country_weight,cluster_robust_country_psu,True,"{'child_sex': {'reference': 'Male', 'reference_column': 'child_sex_Male'}, 'maternal_education': {'reference': 'No education', 'reference_column': 'maternal_education_No education'}, 'literacy': {'reference': 'Cannot read at all', 'reference_column': 'literacy_Cannot read at all'}, 'wealth_quintile': {'reference': 'Poorest', 'reference_column': 'wealth_quintile_Poorest'}, 'residence': {'reference': 'Rural', 'reference_column': 'residence_Rural'}, 'country_admin_region': {'reference': 'ethiopia::01', 'reference_column': 'country_admin_region_ethiopia::01'}}"
ghana_biodigester,model4_biodigester_swap,whz,pooled,country_admin_region_ethiopia::15,-0.10969071165357548,0.10888473335855053,-0.32310086750258155,0.10371944419543057,0.3137415710651109,37088,4434,114,model_specific_equal_total_country_weight,cluster_robust_country_psu,True,"{'child_sex': {'reference': 'Male', 'reference_column': 'child_sex_Male'}, 'maternal_education': {'reference': 'No education', 'reference_column': 'maternal_education_No education'}, 'literacy': {'reference': 'Cannot read at all', 'reference_column': 'literacy_Cannot read at all'}, 'wealth_quintile': {'reference': 'Poorest', 'reference_column': 'wealth_quintile_Poorest'}, 'residence': {'reference': 'Rural', 'reference_column': 'residence_Rural'}, 'country_admin_region': {'reference': 'ethiopia::01', 'reference_column': 'country_admin_region_ethiopia::01'}}"
ghana_biodigester,model4_biodigester_swap,whz,pooled,country_admin_region_ghana::01,-0.17670194589927235,0.10987090296258362,-0.39204495865483135,0.038641066856286654,0.10777631948920895,37088,4434,114,model_specific_equal_total_country_weight,cluster_robust_country_psu,True,"{'child_sex': {'reference': 'Male', 'reference_column': 'child_sex_Male'}, 'maternal_education': {'reference': 'No education', 'reference_column': 'maternal_education_No education'}, 'literacy': {'reference': 'Cannot read at all', 'reference_column': 'literacy_Cannot read at all'}, 'wealth_quintile': {'reference': 'Poorest', 'reference_column': 'wealth_quintile_Poorest'}, 'residence': {'reference': 'Rural', 'reference_column': 'residence_Rural'}, 'country_admin_region': {'reference': 'ethiopia::01', 'reference_column': 'country_admin_region_ethiopia::01'}}"
ghana_biodigester,model4_biodigester_swap,whz,pooled,country_admin_region_ghana::02,-0.246660023996289,0.11293557434223772,-0.4680096822804207,-0.02531036571215725,0.028956568593841887,37088,4434,114,model_specific_equal_total_country_weight,cluster_robust_country_psu,True,"{'child_sex': {'reference': 'Male', 'reference_column': 'child_sex_Male'}, 'maternal_education': {'reference': 'No education', 'reference_column': 'maternal_education_No education'}, 'literacy': {'reference': 'Cannot read at all', 'reference_column': 'literacy_Cannot read at all'}, 'wealth_quintile': {'reference': 'Poorest', 'reference_column': 'wealth_quintile_Poorest'}, 'residence': {'reference': 'Rural', 'reference_column': 'residence_Rural'}, 'country_admin_region': {'reference': 'ethiopia::01', 'reference_column': 'country_admin_region_ethiopia::01'}}"
ghana_biodigester,model4_biodigester_swap,whz,pooled,country_admin_region_ghana::03,-0.09857844245530623,0.12277115047675649,-0.33920547573029647,0.142048590819684,0.42200670825427367,37088,4434,114,model_specific_equal_total_country_weight,cluster_robust_country_psu,True,"{'child_sex': {'reference': 'Male', 'reference_column': 'child_sex_Male'}, 'maternal_education': {'reference': 'No education', 'reference_column': 'maternal_education_No education'}, 'literacy': {'reference': 'Cannot read at all', 'reference_column': 'literacy_Cannot read at all'}, 'wealth_quintile': {'reference': 'Poorest', 'reference_column': 'wealth_quintile_Poorest'}, 'residence': {'reference': 'Rural', 'reference_column': 'residence_Rural'}, 'country_admin_region': {'reference': 'ethiopia::01', 'reference_column': 'country_admin_region_ethiopia::01'}}"
ghana_biodigester,model4_biodigester_swap,whz,pooled,country_admin_region_ghana::04,-0.27498777144327763,0.11755994590968014,-0.5054010314507276,-0.04457451143582772,0.01932880543172845,37088,4434,114,model_specific_equal_total_country_weight,cluster_robust_country_psu,True,"{'child_sex': {'reference': 'Male', 'reference_column': 'child_sex_Male'}, 'maternal_education': {'reference': 'No education', 'reference_column': 'maternal_education_No education'}, 'literacy': {'reference': 'Cannot read at all', 'reference_column': 'literacy_Cannot read at all'}, 'wealth_quintile': {'reference': 'Poorest', 'reference_column': 'wealth_quintile_Poorest'}, 'residence': {'reference': 'Rural', 'reference_column': 'residence_Rural'}, 'country_admin_region': {'reference': 'ethiopia::01', 'reference_column': 'country_admin_region_ethiopia::01'}}"
ghana_biodigester,model4_biodigester_swap,whz,pooled,country_admin_region_ghana::05,-0.11661443003120055,0.09411482623589547,-0.30107609986480105,0.06784723980239994,0.21532125872948193,37088,4434,114,model_specific_equal_total_country_weight,cluster_robust_country_psu,True,"{'child_sex': {'reference': 'Male', 'reference_column': 'child_sex_Male'}, 'maternal_education': {'reference': 'No education', 'reference_column': 'maternal_education_No education'}, 'literacy': {'reference': 'Cannot read at all', 'reference_column': 'literacy_Cannot read at all'}, 'wealth_quintile': {'reference': 'Poorest', 'reference_column': 'wealth_quintile_Poorest'}, 'residence': {'reference': 'Rural', 'reference_column': 'residence_Rural'}, 'country_admin_region': {'reference': 'ethiopia::01', 'reference_column': 'country_admin_region_ethiopia::01'}}"
ghana_biodigester,model4_biodigester_swap,whz,pooled,country_admin_region_ghana::06,-0.20684530374731974,0.10244193467460985,-0.40762780621616,-0.006062801278479496,0.043471964687599784,37088,4434,114,model_specific_equal_total_country_weight,cluster_robust_country_psu,True,"{'child_sex': {'reference': 'Male', 'reference_column': 'child_sex_Male'}, 'maternal_education': {'reference': 'No education', 'reference_column': 'maternal_education_No education'}, 'literacy': {'reference': 'Cannot read at all', 'reference_column': 'literacy_Cannot read at all'}, 'wealth_quintile': {'reference': 'Poorest', 'reference_column': 'wealth_quintile_Poorest'}, 'residence': {'reference': 'Rural', 'reference_column': 'residence_Rural'}, 'country_admin_region': {'reference': 'ethiopia::01', 'reference_column': 'country_admin_region_ethiopia::01'}}"
ghana_biodigester,model4_biodigester_swap,whz,pooled,country_admin_region_ghana::07,0.020608325817799967,0.10558871807138728,-0.18634175877587264,0.2275584104114726,0.8452555956437658,37088,4434,114,model_specific_equal_total_country_weight,cluster_robust_country_psu,True,"{'child_sex': {'reference': 'Male', 'reference_column': 'child_sex_Male'}, 'maternal_education': {'reference': 'No education', 'reference_column': 'maternal_education_No education'}, 'literacy': {'reference': 'Cannot read at all', 'reference_column': 'literacy_Cannot read at all'}, 'wealth_quintile': {'reference': 'Poorest', 'reference_column': 'wealth_quintile_Poorest'}, 'residence': {'reference': 'Rural', 'reference_column': 'residence_Rural'}, 'country_admin_region': {'reference': 'ethiopia::01', 'reference_column': 'country_admin_region_ethiopia::01'}}"
ghana_biodigester,model4_biodigester_swap,whz,pooled,country_admin_region_ghana::08,0.13167584722458703,0.11050305633361802,-0.08490616337090501,0.34825785782007906,0.23341668618956068,37088,4434,114,model_specific_equal_total_country_weight,cluster_robust_country_psu,True,"{'child_sex': {'reference': 'Male', 'reference_column': 'child_sex_Male'}, 'maternal_education': {'reference': 'No education', 'reference_column': 'maternal_education_No education'}, 'literacy': {'reference': 'Cannot read at all', 'reference_column': 'literacy_Cannot read at all'}, 'wealth_quintile': {'reference': 'Poorest', 'reference_column': 'wealth_quintile_Poorest'}, 'residence': {'reference': 'Rural', 'reference_column': 'residence_Rural'}, 'country_admin_region': {'reference': 'ethiopia::01', 'reference_column': 'country_admin_region_ethiopia::01'}}"
ghana_biodigester,model4_biodigester_swap,whz,pooled,country_admin_region_ghana::09,-0.029402131873856267,0.12202706661620934,-0.2685707875806965,0.209766523832984,0.8095957099394842,37088,4434,114,model_specific_equal_total_country_weight,cluster_robust_country_psu,True,"{'child_sex': {'reference': 'Male', 'reference_column': 'child_sex_Male'}, 'maternal_education': {'reference': 'No education', 'reference_column': 'maternal_education_No education'}, 'literacy': {'reference': 'Cannot read at all', 'reference_column': 'literacy_Cannot read at all'}, 'wealth_quintile': {'reference': 'Poorest', 'reference_column': 'wealth_quintile_Poorest'}, 'residence': {'reference': 'Rural', 'reference_column': 'residence_Rural'}, 'country_admin_region': {'reference': 'ethiopia::01', 'reference_column': 'country_admin_region_ethiopia::01'}}"
ghana_biodigester,model4_biodigester_swap,whz,pooled,country_admin_region_ghana::10,-0.10260104878771897,0.1031888970294547,-0.30484757056986234,0.09964547299442442,0.32007528644597705,37088,4434,114,model_specific_equal_total_country_weight,cluster_robust_country_psu,True,"{'child_sex': {'reference': 'Male', 'reference_column': 'child_sex_Male'}, 'maternal_education': {'reference': 'No education', 'reference_column': 'maternal_education_No education'}, 'literacy': {'reference': 'Cannot read at all', 'reference_column': 'literacy_Cannot read at all'}, 'wealth_quintile': {'reference': 'Poorest', 'reference_column': 'wealth_quintile_Poorest'}, 'residence': {'reference': 'Rural', 'reference_column': 'residence_Rural'}, 'country_admin_region': {'reference': 'ethiopia::01', 'reference_column': 'country_admin_region_ethiopia::01'}}"
ghana_biodigester,model4_biodigester_swap,whz,pooled,country_admin_region_ghana::11,-0.14623178867517156,0.1054826336750463,-0.3529739516726942,0.06051037432235107,0.16565180518163503,37088,4434,114,model_specific_equal_total_country_weight,cluster_robust_country_psu,True,"{'child_sex': {'reference': 'Male', 'reference_column': 'child_sex_Male'}, 'maternal_education': {'reference': 'No education', 'reference_column': 'maternal_education_No education'}, 'literacy': {'reference': 'Cannot read at all', 'reference_column': 'literacy_Cannot read at all'}, 'wealth_quintile': {'reference': 'Poorest', 'reference_column': 'wealth_quintile_Poorest'}, 'residence': {'reference': 'Rural', 'reference_column': 'residence_Rural'}, 'country_admin_region': {'reference': 'ethiopia::01', 'reference_column': 'country_admin_region_ethiopia::01'}}"
ghana_biodigester,model4_biodigester_swap,whz,pooled,country_admin_region_ghana::12,-0.2102667765252103,0.09047434880586036,-0.38759324170941106,-0.032940311341009554,0.02012289365543206,37088,4434,114,model_specific_equal_total_country_weight,cluster_robust_country_psu,True,"{'child_sex': {'reference': 'Male', 'reference_column': 'child_sex_Male'}, 'maternal_education': {'reference': 'No education', 'reference_column': 'maternal_education_No education'}, 'literacy': {'reference': 'Cannot read at all', 'reference_column': 'literacy_Cannot read at all'}, 'wealth_quintile': {'reference': 'Poorest', 'reference_column': 'wealth_quintile_Poorest'}, 'residence': {'reference': 'Rural', 'reference_column': 'residence_Rural'}, 'country_admin_region': {'reference': 'ethiopia::01', 'reference_column': 'country_admin_region_ethiopia::01'}}"
ghana_biodigester,model4_biodigester_swap,whz,pooled,country_admin_region_ghana::13,0.01802194479177293,0.1050335485081445,-0.187840027452631,0.22388391703617688,0.8637655720944599,37088,4434,114,model_specific_equal_total_country_weight,cluster_robust_country_psu,True,"{'child_sex': {'reference': 'Male', 'reference_column': 'child_sex_Male'}, 'maternal_education': {'reference': 'No education', 'reference_column': 'maternal_education_No education'}, 'literacy': {'reference': 'Cannot read at all', 'reference_column': 'literacy_Cannot read at all'}, 'wealth_quintile': {'reference': 'Poorest', 'reference_column': 'wealth_quintile_Poorest'}, 'residence': {'reference': 'Rural', 'reference_column': 'residence_Rural'}, 'country_admin_region': {'reference': 'ethiopia::01', 'reference_column': 'country_admin_region_ethiopia::01'}}"
ghana_biodigester,model4_biodigester_swap,whz,pooled,country_admin_region_ghana::14,-0.24874068875488467,0.09002018252939137,-0.4251770043942136,-0.07230437311555579,0.005724368209206402,37088,4434,114,model_specific_equal_total_country_weight,cluster_robust_country_psu,True,"{'child_sex': {'reference': 'Male', 'reference_column': 'child_sex_Male'}, 'maternal_education': {'reference': 'No education', 'reference_column': 'maternal_education_No education'}, 'literacy': {'reference': 'Cannot read at all', 'reference_column': 'literacy_Cannot read at all'}, 'wealth_quintile': {'reference': 'Poorest', 'reference_column': 'wealth_quintile_Poorest'}, 'residence': {'reference': 'Rural', 'reference_column': 'residence_Rural'}, 'country_admin_region': {'reference': 'ethiopia::01', 'reference_column': 'country_admin_region_ethiopia::01'}}"
ghana_biodigester,model4_biodigester_swap,whz,pooled,country_admin_region_ghana::15,-0.0433839647288211,0.08421513260609362,-0.20844259159002937,0.12167466213238719,0.6064437319475098,37088,4434,114,model_specific_equal_total_country_weight,cluster_robust_country_psu,True,"{'child_sex': {'reference': 'Male', 'reference_column': 'child_sex_Male'}, 'maternal_education': {'reference': 'No education', 'reference_column': 'maternal_education_No education'}, 'literacy': {'reference': 'Cannot read at all', 'reference_column': 'literacy_Cannot read at all'}, 'wealth_quintile': {'reference': 'Poorest', 'reference_column': 'wealth_quintile_Poorest'}, 'residence': {'reference': 'Rural', 'reference_column': 'residence_Rural'}, 'country_admin_region': {'reference': 'ethiopia::01', 'reference_column': 'country_admin_region_ethiopia::01'}}"
ghana_biodigester,model4_biodigester_swap,whz,pooled,country_admin_region_ghana::16,-0.10261305234650453,0.09689106980464118,-0.29251605958715754,0.08728995489414851,0.28957435431126655,37088,4434,114,model_specific_equal_total_country_weight,cluster_robust_country_psu,True,"{'child_sex': {'reference': 'Male', 'reference_column': 'child_sex_Male'}, 'maternal_education': {'reference': 'No education', 'reference_column': 'maternal_education_No education'}, 'literacy': {'reference': 'Cannot read at all', 'reference_column': 'literacy_Cannot read at all'}, 'wealth_quintile': {'reference': 'Poorest', 'reference_column': 'wealth_quintile_Poorest'}, 'residence': {'reference': 'Rural', 'reference_column': 'residence_Rural'}, 'country_admin_region': {'reference': 'ethiopia::01', 'reference_column': 'country_admin_region_ethiopia::01'}}"
ghana_biodigester,model4_biodigester_swap,whz,pooled,country_admin_region_kenya::01,-0.0762571645510256,0.09926155161383492,-0.2708062307637057,0.11829190166165451,0.4423418000622905,37088,4434,114,model_specific_equal_total_country_weight,cluster_robust_country_psu,True,"{'child_sex': {'reference': 'Male', 'reference_column': 'child_sex_Male'}, 'maternal_education': {'reference': 'No education', 'reference_column': 'maternal_education_No education'}, 'literacy': {'reference': 'Cannot read at all', 'reference_column': 'literacy_Cannot read at all'}, 'wealth_quintile': {'reference': 'Poorest', 'reference_column': 'wealth_quintile_Poorest'}, 'residence': {'reference': 'Rural', 'reference_column': 'residence_Rural'}, 'country_admin_region': {'reference': 'ethiopia::01', 'reference_column': 'country_admin_region_ethiopia::01'}}"
ghana_biodigester,model4_biodigester_swap,whz,pooled,country_admin_region_kenya::02,-0.014632245929271486,0.10158720959333518,-0.21373951802213031,0.18447502616358735,0.8854718042140337,37088,4434,114,model_specific_equal_total_country_weight,cluster_robust_country_psu,True,"{'child_sex': {'reference': 'Male', 'reference_column': 'child_sex_Male'}, 'maternal_education': {'reference': 'No education', 'reference_column': 'maternal_education_No education'}, 'literacy': {'reference': 'Cannot read at all', 'reference_column': 'literacy_Cannot read at all'}, 'wealth_quintile': {'reference': 'Poorest', 'reference_column': 'wealth_quintile_Poorest'}, 'residence': {'reference': 'Rural', 'reference_column': 'residence_Rural'}, 'country_admin_region': {'reference': 'ethiopia::01', 'reference_column': 'country_admin_region_ethiopia::01'}}"
ghana_biodigester,model4_biodigester_swap,whz,pooled,country_admin_region_kenya::03,-0.006934362963552425,0.10368703583269154,-0.2101572188593419,0.19628849293223705,0.9466789702304836,37088,4434,114,model_specific_equal_total_country_weight,cluster_robust_country_psu,True,"{'child_sex': {'reference': 'Male', 'reference_column': 'child_sex_Male'}, 'maternal_education': {'reference': 'No education', 'reference_column': 'maternal_education_No education'}, 'literacy': {'reference': 'Cannot read at all', 'reference_column': 'literacy_Cannot read at all'}, 'wealth_quintile': {'reference': 'Poorest', 'reference_column': 'wealth_quintile_Poorest'}, 'residence': {'reference': 'Rural', 'reference_column': 'residence_Rural'}, 'country_admin_region': {'reference': 'ethiopia::01', 'reference_column': 'country_admin_region_ethiopia::01'}}"
ghana_biodigester,model4_biodigester_swap,whz,pooled,country_admin_region_kenya::04,-0.26521444311295134,0.10855582199965652,-0.477979944544419,-0.052448941681483674,0.01456106454963123,37088,4434,114,model_specific_equal_total_country_weight,cluster_robust_country_psu,True,"{'child_sex': {'reference': 'Male', 'reference_column': 'child_sex_Male'}, 'maternal_education': {'reference': 'No education', 'reference_column': 'maternal_education_No education'}, 'literacy': {'reference': 'Cannot read at all', 'reference_column': 'literacy_Cannot read at all'}, 'wealth_quintile': {'reference': 'Poorest', 'reference_column': 'wealth_quintile_Poorest'}, 'residence': {'reference': 'Rural', 'reference_column': 'residence_Rural'}, 'country_admin_region': {'reference': 'ethiopia::01', 'reference_column': 'country_admin_region_ethiopia::01'}}"
ghana_biodigester,model4_biodigester_swap,whz,pooled,country_admin_region_kenya::05,-0.04313949645847769,0.08892795456536899,-0.2174350846254152,0.1311560917084598,0.6276010594075312,37088,4434,114,model_specific_equal_total_country_weight,cluster_robust_country_psu,True,"{'child_sex': {'reference': 'Male', 'reference_column': 'child_sex_Male'}, 'maternal_education': {'reference': 'No education', 'reference_column': 'maternal_education_No education'}, 'literacy': {'reference': 'Cannot read at all', 'reference_column': 'literacy_Cannot read at all'}, 'wealth_quintile': {'reference': 'Poorest', 'reference_column': 'wealth_quintile_Poorest'}, 'residence': {'reference': 'Rural', 'reference_column': 'residence_Rural'}, 'country_admin_region': {'reference': 'ethiopia::01', 'reference_column': 'country_admin_region_ethiopia::01'}}"
ghana_biodigester,model4_biodigester_swap,whz,pooled,country_admin_region_kenya::06,-0.01022460962753407,0.10809340937092608,-0.22208379896069358,0.20163457970562543,0.9246400959877082,37088,4434,114,model_specific_equal_total_country_weight,cluster_robust_country_psu,True,"{'child_sex': {'reference': 'Male', 'reference_column': 'child_sex_Male'}, 'maternal_education': {'reference': 'No education', 'reference_column': 'maternal_education_No education'}, 'literacy': {'reference': 'Cannot read at all', 'reference_column': 'literacy_Cannot read at all'}, 'wealth_quintile': {'reference': 'Poorest', 'reference_column': 'wealth_quintile_Poorest'}, 'residence': {'reference': 'Rural', 'reference_column': 'residence_Rural'}, 'country_admin_region': {'reference': 'ethiopia::01', 'reference_column': 'country_admin_region_ethiopia::01'}}"
ghana_biodigester,model4_biodigester_swap,whz,pooled,country_admin_region_kenya::07,-0.5563139981973981,0.10335626990237275,-0.7588885647824499,-0.3537394316123464,7.34628187442558e-08,37088,4434,114,model_specific_equal_total_country_weight,cluster_robust_country_psu,True,"{'child_sex': {'reference': 'Male', 'reference_column': 'child_sex_Male'}, 'maternal_education': {'reference': 'No education', 'reference_column': 'maternal_education_No education'}, 'literacy': {'reference': 'Cannot read at all', 'reference_column': 'literacy_Cannot read at all'}, 'wealth_quintile': {'reference': 'Poorest', 'reference_column': 'wealth_quintile_Poorest'}, 'residence': {'reference': 'Rural', 'reference_column': 'residence_Rural'}, 'country_admin_region': {'reference': 'ethiopia::01', 'reference_column': 'country_admin_region_ethiopia::01'}}"
ghana_biodigester,model4_biodigester_swap,whz,pooled,country_admin_region_kenya::08,-0.8194450442316504,0.10426728359537668,-1.0238051648444126,-0.6150849236188881,3.869614564477258e-15,37088,4434,114,model_specific_equal_total_country_weight,cluster_robust_country_psu,True,"{'child_sex': {'reference': 'Male', 'reference_column': 'child_sex_Male'}, 'maternal_education': {'reference': 'No education', 'reference_column': 'maternal_education_No education'}, 'literacy': {'reference': 'Cannot read at all', 'reference_column': 'literacy_Cannot read at all'}, 'wealth_quintile': {'reference': 'Poorest', 'reference_column': 'wealth_quintile_Poorest'}, 'residence': {'reference': 'Rural', 'reference_column': 'residence_Rural'}, 'country_admin_region': {'reference': 'ethiopia::01', 'reference_column': 'country_admin_region_ethiopia::01'}}"
ghana_biodigester,model4_biodigester_swap,whz,pooled,country_admin_region_kenya::09,-0.722929936161013,0.09281807312808536,-0.9048500166064652,-0.5410098557155607,6.7714782559400205e-15,37088,4434,114,model_specific_equal_total_country_weight,cluster_robust_country_psu,True,"{'child_sex': {'reference': 'Male', 'reference_column': 'child_sex_Male'}, 'maternal_education': {'reference': 'No education', 'reference_column': 'maternal_education_No education'}, 'literacy': {'reference': 'Cannot read at all', 'reference_column': 'literacy_Cannot read at all'}, 'wealth_quintile': {'reference': 'Poorest', 'reference_column': 'wealth_quintile_Poorest'}, 'residence': {'reference': 'Rural', 'reference_column': 'residence_Rural'}, 'country_admin_region': {'reference': 'ethiopia::01', 'reference_column': 'country_admin_region_ethiopia::01'}}"
ghana_biodigester,model4_biodigester_swap,whz,pooled,country_admin_region_kenya::10,-0.8012702625053914,0.11488193119967031,-1.0264347101311535,-0.5761058148796292,3.064623932070534e-12,37088,4434,114,model_specific_equal_total_country_weight,cluster_robust_country_psu,True,"{'child_sex': {'reference': 'Male', 'reference_column': 'child_sex_Male'}, 'maternal_education': {'reference': 'No education', 'reference_column': 'maternal_education_No education'}, 'literacy': {'reference': 'Cannot read at all', 'reference_column': 'literacy_Cannot read at all'}, 'wealth_quintile': {'reference': 'Poorest', 'reference_column': 'wealth_quintile_Poorest'}, 'residence': {'reference': 'Rural', 'reference_column': 'residence_Rural'}, 'country_admin_region': {'reference': 'ethiopia::01', 'reference_column': 'country_admin_region_ethiopia::01'}}"
ghana_biodigester,model4_biodigester_swap,whz,pooled,country_admin_region_kenya::11,-0.36414003472215356,0.10218991409753547,-0.564428585936565,-0.1638514835077421,0.0003661300522516929,37088,4434,114,model_specific_equal_total_country_weight,cluster_robust_country_psu,True,"{'child_sex': {'reference': 'Male', 'reference_column': 'child_sex_Male'}, 'maternal_education': {'reference': 'No education', 'reference_column': 'maternal_education_No education'}, 'literacy': {'reference': 'Cannot read at all', 'reference_column': 'literacy_Cannot read at all'}, 'wealth_quintile': {'reference': 'Poorest', 'reference_column': 'wealth_quintile_Poorest'}, 'residence': {'reference': 'Rural', 'reference_column': 'residence_Rural'}, 'country_admin_region': {'reference': 'ethiopia::01', 'reference_column': 'country_admin_region_ethiopia::01'}}"
ghana_biodigester,model4_biodigester_swap,whz,pooled,country_admin_region_kenya::12,0.11340273851677164,0.1294151036882309,-0.14024620376767766,0.3670516808012209,0.38088257449651264,37088,4434,114,model_specific_equal_total_country_weight,cluster_robust_country_psu,True,"{'child_sex': {'reference': 'Male', 'reference_column': 'child_sex_Male'}, 'maternal_education': {'reference': 'No education', 'reference_column': 'maternal_education_No education'}, 'literacy': {'reference': 'Cannot read at all', 'reference_column': 'literacy_Cannot read at all'}, 'wealth_quintile': {'reference': 'Poorest', 'reference_column': 'wealth_quintile_Poorest'}, 'residence': {'reference': 'Rural', 'reference_column': 'residence_Rural'}, 'country_admin_region': {'reference': 'ethiopia::01', 'reference_column': 'country_admin_region_ethiopia::01'}}"
ghana_biodigester,model4_biodigester_swap,whz,pooled,country_admin_region_kenya::13,0.15557461484668125,0.10162720919954121,-0.04361105503373719,0.3547602847270997,0.12580987043966424,37088,4434,114,model_specific_equal_total_country_weight,cluster_robust_country_psu,True,"{'child_sex': {'reference': 'Male', 'reference_column': 'child_sex_Male'}, 'maternal_education': {'reference': 'No education', 'reference_column': 'maternal_education_No education'}, 'literacy': {'reference': 'Cannot read at all', 'reference_column': 'literacy_Cannot read at all'}, 'wealth_quintile': {'reference': 'Poorest', 'reference_column': 'wealth_quintile_Poorest'}, 'residence': {'reference': 'Rural', 'reference_column': 'residence_Rural'}, 'country_admin_region': {'reference': 'ethiopia::01', 'reference_column': 'country_admin_region_ethiopia::01'}}"
ghana_biodigester,model4_biodigester_swap,whz,pooled,country_admin_region_kenya::14,0.007802662888045623,0.11327909412744684,-0.21422028180307293,0.22982560757916418,0.9450851462288868,37088,4434,114,model_specific_equal_total_country_weight,cluster_robust_country_psu,True,"{'child_sex': {'reference': 'Male', 'reference_column': 'child_sex_Male'}, 'maternal_education': {'reference': 'No education', 'reference_column': 'maternal_education_No education'}, 'literacy': {'reference': 'Cannot read at all', 'reference_column': 'literacy_Cannot read at all'}, 'wealth_quintile': {'reference': 'Poorest', 'reference_column': 'wealth_quintile_Poorest'}, 'residence': {'reference': 'Rural', 'reference_column': 'residence_Rural'}, 'country_admin_region': {'reference': 'ethiopia::01', 'reference_column': 'country_admin_region_ethiopia::01'}}"
ghana_biodigester,model4_biodigester_swap,whz,pooled,country_admin_region_kenya::15,-0.04146877487110266,0.11892619998243693,-0.27455984365488706,0.19162229391268176,0.7273195385186915,37088,4434,114,model_specific_equal_total_country_weight,cluster_robust_country_psu,True,"{'child_sex': {'reference': 'Male', 'reference_column': 'child_sex_Male'}, 'maternal_education': {'reference': 'No education', 'reference_column': 'maternal_education_No education'}, 'literacy': {'reference': 'Cannot read at all', 'reference_column': 'literacy_Cannot read at all'}, 'wealth_quintile': {'reference': 'Poorest', 'reference_column': 'wealth_quintile_Poorest'}, 'residence': {'reference': 'Rural', 'reference_column': 'residence_Rural'}, 'country_admin_region': {'reference': 'ethiopia::01', 'reference_column': 'country_admin_region_ethiopia::01'}}"
ghana_biodigester,model4_biodigester_swap,whz,pooled,country_admin_region_kenya::16,0.0913616643635613,0.09847635500302955,-0.10164844477115739,0.28437177349828,0.3535360748794052,37088,4434,114,model_specific_equal_total_country_weight,cluster_robust_country_psu,True,"{'child_sex': {'reference': 'Male', 'reference_column': 'child_sex_Male'}, 'maternal_education': {'reference': 'No education', 'reference_column': 'maternal_education_No education'}, 'literacy': {'reference': 'Cannot read at all', 'reference_column': 'literacy_Cannot read at all'}, 'wealth_quintile': {'reference': 'Poorest', 'reference_column': 'wealth_quintile_Poorest'}, 'residence': {'reference': 'Rural', 'reference_column': 'residence_Rural'}, 'country_admin_region': {'reference': 'ethiopia::01', 'reference_column': 'country_admin_region_ethiopia::01'}}"
ghana_biodigester,model4_biodigester_swap,whz,pooled,country_admin_region_kenya::17,0.11756475587434655,0.11931091071117864,-0.11628033208223774,0.3514098438309308,0.3244449783989807,37088,4434,114,model_specific_equal_total_country_weight,cluster_robust_country_psu,True,"{'child_sex': {'reference': 'Male', 'reference_column': 'child_sex_Male'}, 'maternal_education': {'reference': 'No education', 'reference_column': 'maternal_education_No education'}, 'literacy': {'reference': 'Cannot read at all', 'reference_column': 'literacy_Cannot read at all'}, 'wealth_quintile': {'reference': 'Poorest', 'reference_column': 'wealth_quintile_Poorest'}, 'residence': {'reference': 'Rural', 'reference_column': 'residence_Rural'}, 'country_admin_region': {'reference': 'ethiopia::01', 'reference_column': 'country_admin_region_ethiopia::01'}}"
ghana_biodigester,model4_biodigester_swap,whz,pooled,country_admin_region_kenya::18,0.4363776427262931,0.10458173012008071,0.2314012182500471,0.6413540672025391,3.0114442433095853e-05,37088,4434,114,model_specific_equal_total_country_weight,cluster_robust_country_psu,True,"{'child_sex': {'reference': 'Male', 'reference_column': 'child_sex_Male'}, 'maternal_education': {'reference': 'No education', 'reference_column': 'maternal_education_No education'}, 'literacy': {'reference': 'Cannot read at all', 'reference_column': 'literacy_Cannot read at all'}, 'wealth_quintile': {'reference': 'Poorest', 'reference_column': 'wealth_quintile_Poorest'}, 'residence': {'reference': 'Rural', 'reference_column': 'residence_Rural'}, 'country_admin_region': {'reference': 'ethiopia::01', 'reference_column': 'country_admin_region_ethiopia::01'}}"
ghana_biodigester,model4_biodigester_swap,whz,pooled,country_admin_region_kenya::19,0.417603586356836,0.11823403608907807,0.185869133875434,0.6493380388382379,0.00041241654855879916,37088,4434,114,model_specific_equal_total_country_weight,cluster_robust_country_psu,True,"{'child_sex': {'reference': 'Male', 'reference_column': 'child_sex_Male'}, 'maternal_education': {'reference': 'No education', 'reference_column': 'maternal_education_No education'}, 'literacy': {'reference': 'Cannot read at all', 'reference_column': 'literacy_Cannot read at all'}, 'wealth_quintile': {'reference': 'Poorest', 'reference_column': 'wealth_quintile_Poorest'}, 'residence': {'reference': 'Rural', 'reference_column': 'residence_Rural'}, 'country_admin_region': {'reference': 'ethiopia::01', 'reference_column': 'country_admin_region_ethiopia::01'}}"
ghana_biodigester,model4_biodigester_swap,whz,pooled,country_admin_region_kenya::20,0.18249821942266825,0.10711559629666673,-0.02744449150133052,0.39244093034666705,0.08842776388060333,37088,4434,114,model_specific_equal_total_country_weight,cluster_robust_country_psu,True,"{'child_sex': {'reference': 'Male', 'reference_column': 'child_sex_Male'}, 'maternal_education': {'reference': 'No education', 'reference_column': 'maternal_education_No education'}, 'literacy': {'reference': 'Cannot read at all', 'reference_column': 'literacy_Cannot read at all'}, 'wealth_quintile': {'reference': 'Poorest', 'reference_column': 'wealth_quintile_Poorest'}, 'residence': {'reference': 'Rural', 'reference_column': 'residence_Rural'}, 'country_admin_region': {'reference': 'ethiopia::01', 'reference_column': 'country_admin_region_ethiopia::01'}}"
ghana_biodigester,model4_biodigester_swap,whz,pooled,country_admin_region_kenya::21,0.153261462990408,0.10008562034335412,-0.04290274825291546,0.34942567423373144,0.12569439537645904,37088,4434,114,model_specific_equal_total_country_weight,cluster_robust_country_psu,True,"{'child_sex': {'reference': 'Male', 'reference_column': 'child_sex_Male'}, 'maternal_education': {'reference': 'No education', 'reference_column': 'maternal_education_No education'}, 'literacy': {'reference': 'Cannot read at all', 'reference_column': 'literacy_Cannot read at all'}, 'wealth_quintile': {'reference': 'Poorest', 'reference_column': 'wealth_quintile_Poorest'}, 'residence': {'reference': 'Rural', 'reference_column': 'residence_Rural'}, 'country_admin_region': {'reference': 'ethiopia::01', 'reference_column': 'country_admin_region_ethiopia::01'}}"
ghana_biodigester,model4_biodigester_swap,whz,pooled,country_admin_region_kenya::22,0.34206343515658605,0.10566917607260803,0.13495565577825266,0.5491712145349195,0.0012074410114797573,37088,4434,114,model_specific_equal_total_country_weight,cluster_robust_country_psu,True,"{'child_sex': {'reference': 'Male', 'reference_column': 'child_sex_Male'}, 'maternal_education': {'reference': 'No education', 'reference_column': 'maternal_education_No education'}, 'literacy': {'reference': 'Cannot read at all', 'reference_column': 'literacy_Cannot read at all'}, 'wealth_quintile': {'reference': 'Poorest', 'reference_column': 'wealth_quintile_Poorest'}, 'residence': {'reference': 'Rural', 'reference_column': 'residence_Rural'}, 'country_admin_region': {'reference': 'ethiopia::01', 'reference_column': 'country_admin_region_ethiopia::01'}}"
ghana_biodigester,model4_biodigester_swap,whz,pooled,country_admin_region_kenya::23,-0.7831114525653482,0.10380381106976029,-0.9865631837200786,-0.5796597214106178,4.5524922752133165e-14,37088,4434,114,model_specific_equal_total_country_weight,cluster_robust_country_psu,True,"{'child_sex': {'reference': 'Male', 'reference_column': 'child_sex_Male'}, 'maternal_education': {'reference': 'No education', 'reference_column': 'maternal_education_No education'}, 'literacy': {'reference': 'Cannot read at all', 'reference_column': 'literacy_Cannot read at all'}, 'wealth_quintile': {'reference': 'Poorest', 'reference_column': 'wealth_quintile_Poorest'}, 'residence': {'reference': 'Rural', 'reference_column': 'residence_Rural'}, 'country_admin_region': {'reference': 'ethiopia::01', 'reference_column': 'country_admin_region_ethiopia::01'}}"
ghana_biodigester,model4_biodigester_swap,whz,pooled,country_admin_region_kenya::24,-0.4171835549657999,0.08765861307608691,-0.5889912795296621,-0.24537583040193772,1.943762339911934e-06,37088,4434,114,model_specific_equal_total_country_weight,cluster_robust_country_psu,True,"{'child_sex': {'reference': 'Male', 'reference_column': 'child_sex_Male'}, 'maternal_education': {'reference': 'No education', 'reference_column': 'maternal_education_No education'}, 'literacy': {'reference': 'Cannot read at all', 'reference_column': 'literacy_Cannot read at all'}, 'wealth_quintile': {'reference': 'Poorest', 'reference_column': 'wealth_quintile_Poorest'}, 'residence': {'reference': 'Rural', 'reference_column': 'residence_Rural'}, 'country_admin_region': {'reference': 'ethiopia::01', 'reference_column': 'country_admin_region_ethiopia::01'}}"
ghana_biodigester,model4_biodigester_swap,whz,pooled,country_admin_region_kenya::25,-0.5437381084818078,0.09835997142001339,-0.736520109985423,-0.3509561069781926,3.238234982943493e-08,37088,4434,114,model_specific_equal_total_country_weight,cluster_robust_country_psu,True,"{'child_sex': {'reference': 'Male', 'reference_column': 'child_sex_Male'}, 'maternal_education': {'reference': 'No education', 'reference_column': 'maternal_education_No education'}, 'literacy': {'reference': 'Cannot read at all', 'reference_column': 'literacy_Cannot read at all'}, 'wealth_quintile': {'reference': 'Poorest', 'reference_column': 'wealth_quintile_Poorest'}, 'residence': {'reference': 'Rural', 'reference_column': 'residence_Rural'}, 'country_admin_region': {'reference': 'ethiopia::01', 'reference_column': 'country_admin_region_ethiopia::01'}}"
ghana_biodigester,model4_biodigester_swap,whz,pooled,country_admin_region_kenya::26,0.059561609387104544,0.09450067729376933,-0.12565631462332544,0.2447795333975345,0.5285133268131155,37088,4434,114,model_specific_equal_total_country_weight,cluster_robust_country_psu,True,"{'child_sex': {'reference': 'Male', 'reference_column': 'child_sex_Male'}, 'maternal_education': {'reference': 'No education', 'reference_column': 'maternal_education_No education'}, 'literacy': {'reference': 'Cannot read at all', 'reference_column': 'literacy_Cannot read at all'}, 'wealth_quintile': {'reference': 'Poorest', 'reference_column': 'wealth_quintile_Poorest'}, 'residence': {'reference': 'Rural', 'reference_column': 'residence_Rural'}, 'country_admin_region': {'reference': 'ethiopia::01', 'reference_column': 'country_admin_region_ethiopia::01'}}"
ghana_biodigester,model4_biodigester_swap,whz,pooled,country_admin_region_kenya::27,0.04847373954680252,0.10886662553380974,-0.16490092561787323,0.26184840471147824,0.6561332923444403,37088,4434,114,model_specific_equal_total_country_weight,cluster_robust_country_psu,True,"{'child_sex': {'reference': 'Male', 'reference_column': 'child_sex_Male'}, 'maternal_education': {'reference': 'No education', 'reference_column': 'maternal_education_No education'}, 'literacy': {'reference': 'Cannot read at all', 'reference_column': 'literacy_Cannot read at all'}, 'wealth_quintile': {'reference': 'Poorest', 'reference_column': 'wealth_quintile_Poorest'}, 'residence': {'reference': 'Rural', 'reference_column': 'residence_Rural'}, 'country_admin_region': {'reference': 'ethiopia::01', 'reference_column': 'country_admin_region_ethiopia::01'}}"
ghana_biodigester,model4_biodigester_swap,whz,pooled,country_admin_region_kenya::28,-0.12728671331925245,0.11225486216521922,-0.34730220025259007,0.09272877361408519,0.25683303985725947,37088,4434,114,model_specific_equal_total_country_weight,cluster_robust_country_psu,True,"{'child_sex': {'reference': 'Male', 'reference_column': 'child_sex_Male'}, 'maternal_education': {'reference': 'No education', 'reference_column': 'maternal_education_No education'}, 'literacy': {'reference': 'Cannot read at all', 'reference_column': 'literacy_Cannot read at all'}, 'wealth_quintile': {'reference': 'Poorest', 'reference_column': 'wealth_quintile_Poorest'}, 'residence': {'reference': 'Rural', 'reference_column': 'residence_Rural'}, 'country_admin_region': {'reference': 'ethiopia::01', 'reference_column': 'country_admin_region_ethiopia::01'}}"
ghana_biodigester,model4_biodigester_swap,whz,pooled,country_admin_region_kenya::29,0.06979943297873242,0.10920981532297971,-0.14424787181257834,0.2838467377700432,0.5227373900350307,37088,4434,114,model_specific_equal_total_country_weight,cluster_robust_country_psu,True,"{'child_sex': {'reference': 'Male', 'reference_column': 'child_sex_Male'}, 'maternal_education': {'reference': 'No education', 'reference_column': 'maternal_education_No education'}, 'literacy': {'reference': 'Cannot read at all', 'reference_column': 'literacy_Cannot read at all'}, 'wealth_quintile': {'reference': 'Poorest', 'reference_column': 'wealth_quintile_Poorest'}, 'residence': {'reference': 'Rural', 'reference_column': 'residence_Rural'}, 'country_admin_region': {'reference': 'ethiopia::01', 'reference_column': 'country_admin_region_ethiopia::01'}}"
ghana_biodigester,model4_biodigester_swap,whz,pooled,country_admin_region_kenya::30,-0.4792218054295636,0.1365146117399128,-0.7467855278032616,-0.21165808305586564,0.00044742181977764554,37088,4434,114,model_specific_equal_total_country_weight,cluster_robust_country_psu,True,"{'child_sex': {'reference': 'Male', 'reference_column': 'child_sex_Male'}, 'maternal_education': {'reference': 'No education', 'reference_column': 'maternal_education_No education'}, 'literacy': {'reference': 'Cannot read at all', 'reference_column': 'literacy_Cannot read at all'}, 'wealth_quintile': {'reference': 'Poorest', 'reference_column': 'wealth_quintile_Poorest'}, 'residence': {'reference': 'Rural', 'reference_column': 'residence_Rural'}, 'country_admin_region': {'reference': 'ethiopia::01', 'reference_column': 'country_admin_region_ethiopia::01'}}"
ghana_biodigester,model4_biodigester_swap,whz,pooled,country_admin_region_kenya::31,0.11536862329568433,0.09623053762888412,-0.073239764669855,0.3039770112612237,0.23057559423700036,37088,4434,114,model_specific_equal_total_country_weight,cluster_robust_country_psu,True,"{'child_sex': {'reference': 'Male', 'reference_column': 'child_sex_Male'}, 'maternal_education': {'reference': 'No education', 'reference_column': 'maternal_education_No education'}, 'literacy': {'reference': 'Cannot read at all', 'reference_column': 'literacy_Cannot read at all'}, 'wealth_quintile': {'reference': 'Poorest', 'reference_column': 'wealth_quintile_Poorest'}, 'residence': {'reference': 'Rural', 'reference_column': 'residence_Rural'}, 'country_admin_region': {'reference': 'ethiopia::01', 'reference_column': 'country_admin_region_ethiopia::01'}}"
ghana_biodigester,model4_biodigester_swap,whz,pooled,country_admin_region_kenya::32,0.14221714942368002,0.08880814725199397,-0.03184362072395794,0.316277919571318,0.10928889506218574,37088,4434,114,model_specific_equal_total_country_weight,cluster_robust_country_psu,True,"{'child_sex': {'reference': 'Male', 'reference_column': 'child_sex_Male'}, 'maternal_education': {'reference': 'No education', 'reference_column': 'maternal_education_No education'}, 'literacy': {'reference': 'Cannot read at all', 'reference_column': 'literacy_Cannot read at all'}, 'wealth_quintile': {'reference': 'Poorest', 'reference_column': 'wealth_quintile_Poorest'}, 'residence': {'reference': 'Rural', 'reference_column': 'residence_Rural'}, 'country_admin_region': {'reference': 'ethiopia::01', 'reference_column': 'country_admin_region_ethiopia::01'}}"
ghana_biodigester,model4_biodigester_swap,whz,pooled,country_admin_region_kenya::33,0.15289423129417334,0.08518928000117505,-0.014073689377028048,0.3198621519653747,0.07269209770889719,37088,4434,114,model_specific_equal_total_country_weight,cluster_robust_country_psu,True,"{'child_sex': {'reference': 'Male', 'reference_column': 'child_sex_Male'}, 'maternal_education': {'reference': 'No education', 'reference_column': 'maternal_education_No education'}, 'literacy': {'reference': 'Cannot read at all', 'reference_column': 'literacy_Cannot read at all'}, 'wealth_quintile': {'reference': 'Poorest', 'reference_column': 'wealth_quintile_Poorest'}, 'residence': {'reference': 'Rural', 'reference_column': 'residence_Rural'}, 'country_admin_region': {'reference': 'ethiopia::01', 'reference_column': 'country_admin_region_ethiopia::01'}}"
ghana_biodigester,model4_biodigester_swap,whz,pooled,country_admin_region_kenya::34,0.013221943233036661,0.11811649025671665,-0.21828212365040417,0.2447260101164775,0.9108710924977139,37088,4434,114,model_specific_equal_total_country_weight,cluster_robust_country_psu,True,"{'child_sex': {'reference': 'Male', 'reference_column': 'child_sex_Male'}, 'maternal_education': {'reference': 'No education', 'reference_column': 'maternal_education_No education'}, 'literacy': {'reference': 'Cannot read at all', 'reference_column': 'literacy_Cannot read at all'}, 'wealth_quintile': {'reference': 'Poorest', 'reference_column': 'wealth_quintile_Poorest'}, 'residence': {'reference': 'Rural', 'reference_column': 'residence_Rural'}, 'country_admin_region': {'reference': 'ethiopia::01', 'reference_column': 'country_admin_region_ethiopia::01'}}"
ghana_biodigester,model4_biodigester_swap,whz,pooled,country_admin_region_kenya::35,0.11062994609945383,0.08632926169870053,-0.05857229764193235,0.27983218984084,0.2000221772739107,37088,4434,114,model_specific_equal_total_country_weight,cluster_robust_country_psu,True,"{'child_sex': {'reference': 'Male', 'reference_column': 'child_sex_Male'}, 'maternal_education': {'reference': 'No education', 'reference_column': 'maternal_education_No education'}, 'literacy': {'reference': 'Cannot read at all', 'reference_column': 'literacy_Cannot read at all'}, 'wealth_quintile': {'reference': 'Poorest', 'reference_column': 'wealth_quintile_Poorest'}, 'residence': {'reference': 'Rural', 'reference_column': 'residence_Rural'}, 'country_admin_region': {'reference': 'ethiopia::01', 'reference_column': 'country_admin_region_ethiopia::01'}}"
ghana_biodigester,model4_biodigester_swap,whz,pooled,country_admin_region_kenya::36,0.16076547503215022,0.11110742871793763,-0.05700108366985884,0.3785320337341593,0.14791450498629397,37088,4434,114,model_specific_equal_total_country_weight,cluster_robust_country_psu,True,"{'child_sex': {'reference': 'Male', 'reference_column': 'child_sex_Male'}, 'maternal_education': {'reference': 'No education', 'reference_column': 'maternal_education_No education'}, 'literacy': {'reference': 'Cannot read at all', 'reference_column': 'literacy_Cannot read at all'}, 'wealth_quintile': {'reference': 'Poorest', 'reference_column': 'wealth_quintile_Poorest'}, 'residence': {'reference': 'Rural', 'reference_column': 'residence_Rural'}, 'country_admin_region': {'reference': 'ethiopia::01', 'reference_column': 'country_admin_region_ethiopia::01'}}"
ghana_biodigester,model4_biodigester_swap,whz,pooled,country_admin_region_kenya::37,0.36715798580877207,0.0875162743843444,0.19562923995433176,0.5386867316632123,2.7249746865270316e-05,37088,4434,114,model_specific_equal_total_country_weight,cluster_robust_country_psu,True,"{'child_sex': {'reference': 'Male', 'reference_column': 'child_sex_Male'}, 'maternal_education': {'reference': 'No education', 'reference_column': 'maternal_education_No education'}, 'literacy': {'reference': 'Cannot read at all', 'reference_column': 'literacy_Cannot read at all'}, 'wealth_quintile': {'reference': 'Poorest', 'reference_column': 'wealth_quintile_Poorest'}, 'residence': {'reference': 'Rural', 'reference_column': 'residence_Rural'}, 'country_admin_region': {'reference': 'ethiopia::01', 'reference_column': 'country_admin_region_ethiopia::01'}}"
ghana_biodigester,model4_biodigester_swap,whz,pooled,country_admin_region_kenya::38,0.32857453704010114,0.10578988294635938,0.1212301765365287,0.5359188975436736,0.0018969030817459168,37088,4434,114,model_specific_equal_total_country_weight,cluster_robust_country_psu,True,"{'child_sex': {'reference': 'Male', 'reference_column': 'child_sex_Male'}, 'maternal_education': {'reference': 'No education', 'reference_column': 'maternal_education_No education'}, 'literacy': {'reference': 'Cannot read at all', 'reference_column': 'literacy_Cannot read at all'}, 'wealth_quintile': {'reference': 'Poorest', 'reference_column': 'wealth_quintile_Poorest'}, 'residence': {'reference': 'Rural', 'reference_column': 'residence_Rural'}, 'country_admin_region': {'reference': 'ethiopia::01', 'reference_column': 'country_admin_region_ethiopia::01'}}"
ghana_biodigester,model4_biodigester_swap,whz,pooled,country_admin_region_kenya::39,0.21631911531227227,0.0914486426660176,0.03708306925180482,0.3955551613727397,0.018007151864844365,37088,4434,114,model_specific_equal_total_country_weight,cluster_robust_country_psu,True,"{'child_sex': {'reference': 'Male', 'reference_column': 'child_sex_Male'}, 'maternal_education': {'reference': 'No education', 'reference_column': 'maternal_education_No education'}, 'literacy': {'reference': 'Cannot read at all', 'reference_column': 'literacy_Cannot read at all'}, 'wealth_quintile': {'reference': 'Poorest', 'reference_column': 'wealth_quintile_Poorest'}, 'residence': {'reference': 'Rural', 'reference_column': 'residence_Rural'}, 'country_admin_region': {'reference': 'ethiopia::01', 'reference_column': 'country_admin_region_ethiopia::01'}}"
ghana_biodigester,model4_biodigester_swap,whz,pooled,country_admin_region_kenya::40,0.2072450891328955,0.11026653838109796,-0.008873354793960064,0.42336353305975105,0.060177329540184524,37088,4434,114,model_specific_equal_total_country_weight,cluster_robust_country_psu,True,"{'child_sex': {'reference': 'Male', 'reference_column': 'child_sex_Male'}, 'maternal_education': {'reference': 'No education', 'reference_column': 'maternal_education_No education'}, 'literacy': {'reference': 'Cannot read at all', 'reference_column': 'literacy_Cannot read at all'}, 'wealth_quintile': {'reference': 'Poorest', 'reference_column': 'wealth_quintile_Poorest'}, 'residence': {'reference': 'Rural', 'reference_column': 'residence_Rural'}, 'country_admin_region': {'reference': 'ethiopia::01', 'reference_column': 'country_admin_region_ethiopia::01'}}"
ghana_biodigester,model4_biodigester_swap,whz,pooled,country_admin_region_kenya::41,0.4171493933146998,0.09877187734976964,0.22356007102374378,0.6107387156056558,2.4068476747172306e-05,37088,4434,114,model_specific_equal_total_country_weight,cluster_robust_country_psu,True,"{'child_sex': {'reference': 'Male', 'reference_column': 'child_sex_Male'}, 'maternal_education': {'reference': 'No education', 'reference_column': 'maternal_education_No education'}, 'literacy': {'reference': 'Cannot read at all', 'reference_column': 'literacy_Cannot read at all'}, 'wealth_quintile': {'reference': 'Poorest', 'reference_column': 'wealth_quintile_Poorest'}, 'residence': {'reference': 'Rural', 'reference_column': 'residence_Rural'}, 'country_admin_region': {'reference': 'ethiopia::01', 'reference_column': 'country_admin_region_ethiopia::01'}}"
ghana_biodigester,model4_biodigester_swap,whz,pooled,country_admin_region_kenya::42,0.22733520118807085,0.09506502983605598,0.041011166520175446,0.41365923585596626,0.016785848123385082,37088,4434,114,model_specific_equal_total_country_weight,cluster_robust_country_psu,True,"{'child_sex': {'reference': 'Male', 'reference_column': 'child_sex_Male'}, 'maternal_education': {'reference': 'No education', 'reference_column': 'maternal_education_No education'}, 'literacy': {'reference': 'Cannot read at all', 'reference_column': 'literacy_Cannot read at all'}, 'wealth_quintile': {'reference': 'Poorest', 'reference_column': 'wealth_quintile_Poorest'}, 'residence': {'reference': 'Rural', 'reference_column': 'residence_Rural'}, 'country_admin_region': {'reference': 'ethiopia::01', 'reference_column': 'country_admin_region_ethiopia::01'}}"
ghana_biodigester,model4_biodigester_swap,whz,pooled,country_admin_region_kenya::43,0.377492244363241,0.09231251296978742,0.19656304362007107,0.558421445106411,4.3270352245375545e-05,37088,4434,114,model_specific_equal_total_country_weight,cluster_robust_country_psu,True,"{'child_sex': {'reference': 'Male', 'reference_column': 'child_sex_Male'}, 'maternal_education': {'reference': 'No education', 'reference_column': 'maternal_education_No education'}, 'literacy': {'reference': 'Cannot read at all', 'reference_column': 'literacy_Cannot read at all'}, 'wealth_quintile': {'reference': 'Poorest', 'reference_column': 'wealth_quintile_Poorest'}, 'residence': {'reference': 'Rural', 'reference_column': 'residence_Rural'}, 'country_admin_region': {'reference': 'ethiopia::01', 'reference_column': 'country_admin_region_ethiopia::01'}}"
ghana_biodigester,model4_biodigester_swap,whz,pooled,country_admin_region_kenya::44,0.3419462709404618,0.08856616221407315,0.1683597827519462,0.5155327591289774,0.00011296399936034698,37088,4434,114,model_specific_equal_total_country_weight,cluster_robust_country_psu,True,"{'child_sex': {'reference': 'Male', 'reference_column': 'child_sex_Male'}, 'maternal_education': {'reference': 'No education', 'reference_column': 'maternal_education_No education'}, 'literacy': {'reference': 'Cannot read at all', 'reference_column': 'literacy_Cannot read at all'}, 'wealth_quintile': {'reference': 'Poorest', 'reference_column': 'wealth_quintile_Poorest'}, 'residence': {'reference': 'Rural', 'reference_column': 'residence_Rural'}, 'country_admin_region': {'reference': 'ethiopia::01', 'reference_column': 'country_admin_region_ethiopia::01'}}"
ghana_biodigester,model4_biodigester_swap,whz,pooled,country_admin_region_kenya::45,0.31261437555296734,0.09068716560348583,0.13487079711011551,0.49035795399581916,0.0005664850885899917,37088,4434,114,model_specific_equal_total_country_weight,cluster_robust_country_psu,True,"{'child_sex': {'reference': 'Male', 'reference_column': 'child_sex_Male'}, 'maternal_education': {'reference': 'No education', 'reference_column': 'maternal_education_No education'}, 'literacy': {'reference': 'Cannot read at all', 'reference_column': 'literacy_Cannot read at all'}, 'wealth_quintile': {'reference': 'Poorest', 'reference_column': 'wealth_quintile_Poorest'}, 'residence': {'reference': 'Rural', 'reference_column': 'residence_Rural'}, 'country_admin_region': {'reference': 'ethiopia::01', 'reference_column': 'country_admin_region_ethiopia::01'}}"
ghana_biodigester,model4_biodigester_swap,whz,pooled,country_admin_region_kenya::46,0.42587201582632894,0.09807571022814082,0.23364715602098632,0.6180968756316716,1.4101283361813927e-05,37088,4434,114,model_specific_equal_total_country_weight,cluster_robust_country_psu,True,"{'child_sex': {'reference': 'Male', 'reference_column': 'child_sex_Male'}, 'maternal_education': {'reference': 'No education', 'reference_column': 'maternal_education_No education'}, 'literacy': {'reference': 'Cannot read at all', 'reference_column': 'literacy_Cannot read at all'}, 'wealth_quintile': {'reference': 'Poorest', 'reference_column': 'wealth_quintile_Poorest'}, 'residence': {'reference': 'Rural', 'reference_column': 'residence_Rural'}, 'country_admin_region': {'reference': 'ethiopia::01', 'reference_column': 'country_admin_region_ethiopia::01'}}"
ghana_biodigester,model4_biodigester_swap,whz,pooled,country_admin_region_kenya::47,0.280526071795153,0.10421958516111571,0.07625943839566116,0.4847927051946448,0.007109251159968539,37088,4434,114,model_specific_equal_total_country_weight,cluster_robust_country_psu,True,"{'child_sex': {'reference': 'Male', 'reference_column': 'child_sex_Male'}, 'maternal_education': {'reference': 'No education', 'reference_column': 'maternal_education_No education'}, 'literacy': {'reference': 'Cannot read at all', 'reference_column': 'literacy_Cannot read at all'}, 'wealth_quintile': {'reference': 'Poorest', 'reference_column': 'wealth_quintile_Poorest'}, 'residence': {'reference': 'Rural', 'reference_column': 'residence_Rural'}, 'country_admin_region': {'reference': 'ethiopia::01', 'reference_column': 'country_admin_region_ethiopia::01'}}"
ghana_biodigester,model4_biodigester_swap,whz,pooled,country_admin_region_nigeria::01,-0.2675431278809124,0.13561126615124924,-0.5333363254352366,-0.001749930326588156,0.0485106029055622,37088,4434,114,model_specific_equal_total_country_weight,cluster_robust_country_psu,True,"{'child_sex': {'reference': 'Male', 'reference_column': 'child_sex_Male'}, 'maternal_education': {'reference': 'No education', 'reference_column': 'maternal_education_No education'}, 'literacy': {'reference': 'Cannot read at all', 'reference_column': 'literacy_Cannot read at all'}, 'wealth_quintile': {'reference': 'Poorest', 'reference_column': 'wealth_quintile_Poorest'}, 'residence': {'reference': 'Rural', 'reference_column': 'residence_Rural'}, 'country_admin_region': {'reference': 'ethiopia::01', 'reference_column': 'country_admin_region_ethiopia::01'}}"
ghana_biodigester,model4_biodigester_swap,whz,pooled,country_admin_region_nigeria::02,-0.09861836738255457,0.12535340491064634,-0.34430652634688774,0.14706979158177863,0.4314442210310674,37088,4434,114,model_specific_equal_total_country_weight,cluster_robust_country_psu,True,"{'child_sex': {'reference': 'Male', 'reference_column': 'child_sex_Male'}, 'maternal_education': {'reference': 'No education', 'reference_column': 'maternal_education_No education'}, 'literacy': {'reference': 'Cannot read at all', 'reference_column': 'literacy_Cannot read at all'}, 'wealth_quintile': {'reference': 'Poorest', 'reference_column': 'wealth_quintile_Poorest'}, 'residence': {'reference': 'Rural', 'reference_column': 'residence_Rural'}, 'country_admin_region': {'reference': 'ethiopia::01', 'reference_column': 'country_admin_region_ethiopia::01'}}"
ghana_biodigester,model4_biodigester_swap,whz,pooled,country_admin_region_nigeria::03,-0.14170614110479152,0.10276380969865523,-0.34311950702828364,0.05970722481870064,0.16791021335521228,37088,4434,114,model_specific_equal_total_country_weight,cluster_robust_country_psu,True,"{'child_sex': {'reference': 'Male', 'reference_column': 'child_sex_Male'}, 'maternal_education': {'reference': 'No education', 'reference_column': 'maternal_education_No education'}, 'literacy': {'reference': 'Cannot read at all', 'reference_column': 'literacy_Cannot read at all'}, 'wealth_quintile': {'reference': 'Poorest', 'reference_column': 'wealth_quintile_Poorest'}, 'residence': {'reference': 'Rural', 'reference_column': 'residence_Rural'}, 'country_admin_region': {'reference': 'ethiopia::01', 'reference_column': 'country_admin_region_ethiopia::01'}}"
ghana_biodigester,model4_biodigester_swap,whz,pooled,country_admin_region_nigeria::04,-0.2126391855198498,0.1363324416103834,-0.4798458610006111,0.054567489960911514,0.11882823193727497,37088,4434,114,model_specific_equal_total_country_weight,cluster_robust_country_psu,True,"{'child_sex': {'reference': 'Male', 'reference_column': 'child_sex_Male'}, 'maternal_education': {'reference': 'No education', 'reference_column': 'maternal_education_No education'}, 'literacy': {'reference': 'Cannot read at all', 'reference_column': 'literacy_Cannot read at all'}, 'wealth_quintile': {'reference': 'Poorest', 'reference_column': 'wealth_quintile_Poorest'}, 'residence': {'reference': 'Rural', 'reference_column': 'residence_Rural'}, 'country_admin_region': {'reference': 'ethiopia::01', 'reference_column': 'country_admin_region_ethiopia::01'}}"
ghana_biodigester,model4_biodigester_swap,whz,pooled,country_admin_region_nigeria::05,-0.20748407632146634,0.11663232878512399,-0.4360792401733436,0.02111108753041091,0.07524656087753501,37088,4434,114,model_specific_equal_total_country_weight,cluster_robust_country_psu,True,"{'child_sex': {'reference': 'Male', 'reference_column': 'child_sex_Male'}, 'maternal_education': {'reference': 'No education', 'reference_column': 'maternal_education_No education'}, 'literacy': {'reference': 'Cannot read at all', 'reference_column': 'literacy_Cannot read at all'}, 'wealth_quintile': {'reference': 'Poorest', 'reference_column': 'wealth_quintile_Poorest'}, 'residence': {'reference': 'Rural', 'reference_column': 'residence_Rural'}, 'country_admin_region': {'reference': 'ethiopia::01', 'reference_column': 'country_admin_region_ethiopia::01'}}"
ghana_biodigester,model4_biodigester_swap,whz,pooled,country_admin_region_nigeria::06,0.07890269879497744,0.09188381557649473,-0.10118627049707266,0.25899166808702756,0.390493640076777,37088,4434,114,model_specific_equal_total_country_weight,cluster_robust_country_psu,True,"{'child_sex': {'reference': 'Male', 'reference_column': 'child_sex_Male'}, 'maternal_education': {'reference': 'No education', 'reference_column': 'maternal_education_No education'}, 'literacy': {'reference': 'Cannot read at all', 'reference_column': 'literacy_Cannot read at all'}, 'wealth_quintile': {'reference': 'Poorest', 'reference_column': 'wealth_quintile_Poorest'}, 'residence': {'reference': 'Rural', 'reference_column': 'residence_Rural'}, 'country_admin_region': {'reference': 'ethiopia::01', 'reference_column': 'country_admin_region_ethiopia::01'}}"
ghana_biodigester,model4_biodigester_swap,whz,pooled,country_admin_region_nigeria::07,0.0755338676330401,0.11259919707412355,-0.1451565033203699,0.2962242385864501,0.5023347847681127,37088,4434,114,model_specific_equal_total_country_weight,cluster_robust_country_psu,True,"{'child_sex': {'reference': 'Male', 'reference_column': 'child_sex_Male'}, 'maternal_education': {'reference': 'No education', 'reference_column': 'maternal_education_No education'}, 'literacy': {'reference': 'Cannot read at all', 'reference_column': 'literacy_Cannot read at all'}, 'wealth_quintile': {'reference': 'Poorest', 'reference_column': 'wealth_quintile_Poorest'}, 'residence': {'reference': 'Rural', 'reference_column': 'residence_Rural'}, 'country_admin_region': {'reference': 'ethiopia::01', 'reference_column': 'country_admin_region_ethiopia::01'}}"
ghana_biodigester,model4_biodigester_swap,whz,pooled,country_admin_region_nigeria::08,-0.08411519319274545,0.12690274343836314,-0.33283999987126384,0.16460961348577297,0.5074381870864476,37088,4434,114,model_specific_equal_total_country_weight,cluster_robust_country_psu,True,"{'child_sex': {'reference': 'Male', 'reference_column': 'child_sex_Male'}, 'maternal_education': {'reference': 'No education', 'reference_column': 'maternal_education_No education'}, 'literacy': {'reference': 'Cannot read at all', 'reference_column': 'literacy_Cannot read at all'}, 'wealth_quintile': {'reference': 'Poorest', 'reference_column': 'wealth_quintile_Poorest'}, 'residence': {'reference': 'Rural', 'reference_column': 'residence_Rural'}, 'country_admin_region': {'reference': 'ethiopia::01', 'reference_column': 'country_admin_region_ethiopia::01'}}"
ghana_biodigester,model4_biodigester_swap,whz,pooled,country_admin_region_nigeria::09,0.127755062323687,0.09650423835330683,-0.06138976920426337,0.31689989385163736,0.18556000439479303,37088,4434,114,model_specific_equal_total_country_weight,cluster_robust_country_psu,True,"{'child_sex': {'reference': 'Male', 'reference_column': 'child_sex_Male'}, 'maternal_education': {'reference': 'No education', 'reference_column': 'maternal_education_No education'}, 'literacy': {'reference': 'Cannot read at all', 'reference_column': 'literacy_Cannot read at all'}, 'wealth_quintile': {'reference': 'Poorest', 'reference_column': 'wealth_quintile_Poorest'}, 'residence': {'reference': 'Rural', 'reference_column': 'residence_Rural'}, 'country_admin_region': {'reference': 'ethiopia::01', 'reference_column': 'country_admin_region_ethiopia::01'}}"
ghana_biodigester,model4_biodigester_swap,whz,pooled,country_admin_region_nigeria::10,-0.16081678914121242,0.1366369174437171,-0.4286202262894706,0.10698664800704574,0.2392097111246244,37088,4434,114,model_specific_equal_total_country_weight,cluster_robust_country_psu,True,"{'child_sex': {'reference': 'Male', 'reference_column': 'child_sex_Male'}, 'maternal_education': {'reference': 'No education', 'reference_column': 'maternal_education_No education'}, 'literacy': {'reference': 'Cannot read at all', 'reference_column': 'literacy_Cannot read at all'}, 'wealth_quintile': {'reference': 'Poorest', 'reference_column': 'wealth_quintile_Poorest'}, 'residence': {'reference': 'Rural', 'reference_column': 'residence_Rural'}, 'country_admin_region': {'reference': 'ethiopia::01', 'reference_column': 'country_admin_region_ethiopia::01'}}"
ghana_biodigester,model4_biodigester_swap,whz,pooled,country_admin_region_nigeria::11,-0.29911842662205496,0.1177351124181181,-0.5298750066773409,-0.068361846566769,0.011066082995396192,37088,4434,114,model_specific_equal_total_country_weight,cluster_robust_country_psu,True,"{'child_sex': {'reference': 'Male', 'reference_column': 'child_sex_Male'}, 'maternal_education': {'reference': 'No education', 'reference_column': 'maternal_education_No education'}, 'literacy': {'reference': 'Cannot read at all', 'reference_column': 'literacy_Cannot read at all'}, 'wealth_quintile': {'reference': 'Poorest', 'reference_column': 'wealth_quintile_Poorest'}, 'residence': {'reference': 'Rural', 'reference_column': 'residence_Rural'}, 'country_admin_region': {'reference': 'ethiopia::01', 'reference_column': 'country_admin_region_ethiopia::01'}}"
ghana_biodigester,model4_biodigester_swap,whz,pooled,country_admin_region_nigeria::12,-0.17996583388343396,0.1160189326047213,-0.40735876331346754,0.0474270955465996,0.1208594085773389,37088,4434,114,model_specific_equal_total_country_weight,cluster_robust_country_psu,True,"{'child_sex': {'reference': 'Male', 'reference_column': 'child_sex_Male'}, 'maternal_education': {'reference': 'No education', 'reference_column': 'maternal_education_No education'}, 'literacy': {'reference': 'Cannot read at all', 'reference_column': 'literacy_Cannot read at all'}, 'wealth_quintile': {'reference': 'Poorest', 'reference_column': 'wealth_quintile_Poorest'}, 'residence': {'reference': 'Rural', 'reference_column': 'residence_Rural'}, 'country_admin_region': {'reference': 'ethiopia::01', 'reference_column': 'country_admin_region_ethiopia::01'}}"
ghana_biodigester,model4_biodigester_swap,whz,pooled,country_admin_region_nigeria::13,-0.27602226828708853,0.098687064492358,-0.46944536043209184,-0.08259917614208526,0.005158835206979732,37088,4434,114,model_specific_equal_total_country_weight,cluster_robust_country_psu,True,"{'child_sex': {'reference': 'Male', 'reference_column': 'child_sex_Male'}, 'maternal_education': {'reference': 'No education', 'reference_column': 'maternal_education_No education'}, 'literacy': {'reference': 'Cannot read at all', 'reference_column': 'literacy_Cannot read at all'}, 'wealth_quintile': {'reference': 'Poorest', 'reference_column': 'wealth_quintile_Poorest'}, 'residence': {'reference': 'Rural', 'reference_column': 'residence_Rural'}, 'country_admin_region': {'reference': 'ethiopia::01', 'reference_column': 'country_admin_region_ethiopia::01'}}"
ghana_biodigester,model4_biodigester_swap,whz,pooled,country_admin_region_nigeria::14,-0.3439850443374473,0.11182709316989667,-0.5631621194462498,-0.12480796922864476,0.002097669798205204,37088,4434,114,model_specific_equal_total_country_weight,cluster_robust_country_psu,True,"{'child_sex': {'reference': 'Male', 'reference_column': 'child_sex_Male'}, 'maternal_education': {'reference': 'No education', 'reference_column': 'maternal_education_No education'}, 'literacy': {'reference': 'Cannot read at all', 'reference_column': 'literacy_Cannot read at all'}, 'wealth_quintile': {'reference': 'Poorest', 'reference_column': 'wealth_quintile_Poorest'}, 'residence': {'reference': 'Rural', 'reference_column': 'residence_Rural'}, 'country_admin_region': {'reference': 'ethiopia::01', 'reference_column': 'country_admin_region_ethiopia::01'}}"
ghana_biodigester,model4_biodigester_swap,whz,pooled,country_admin_region_nigeria::15,0.011489930961830581,0.09968077268506921,-0.18388079345202907,0.2068606553756902,0.9082332768007294,37088,4434,114,model_specific_equal_total_country_weight,cluster_robust_country_psu,True,"{'child_sex': {'reference': 'Male', 'reference_column': 'child_sex_Male'}, 'maternal_education': {'reference': 'No education', 'reference_column': 'maternal_education_No education'}, 'literacy': {'reference': 'Cannot read at all', 'reference_column': 'literacy_Cannot read at all'}, 'wealth_quintile': {'reference': 'Poorest', 'reference_column': 'wealth_quintile_Poorest'}, 'residence': {'reference': 'Rural', 'reference_column': 'residence_Rural'}, 'country_admin_region': {'reference': 'ethiopia::01', 'reference_column': 'country_admin_region_ethiopia::01'}}"
ghana_biodigester,model4_biodigester_swap,whz,pooled,country_admin_region_nigeria::16,-0.2758467702702078,0.1091874125410879,-0.4898501664158571,-0.06184337412455851,0.011525113706489976,37088,4434,114,model_specific_equal_total_country_weight,cluster_robust_country_psu,True,"{'child_sex': {'reference': 'Male', 'reference_column': 'child_sex_Male'}, 'maternal_education': {'reference': 'No education', 'reference_column': 'maternal_education_No education'}, 'literacy': {'reference': 'Cannot read at all', 'reference_column': 'literacy_Cannot read at all'}, 'wealth_quintile': {'reference': 'Poorest', 'reference_column': 'wealth_quintile_Poorest'}, 'residence': {'reference': 'Rural', 'reference_column': 'residence_Rural'}, 'country_admin_region': {'reference': 'ethiopia::01', 'reference_column': 'country_admin_region_ethiopia::01'}}"
ghana_biodigester,model4_biodigester_swap,whz,pooled,country_admin_region_nigeria::17,0.2385399667578204,0.15872717569892492,-0.07255958097983373,0.5496395144954745,0.13288287904627893,37088,4434,114,model_specific_equal_total_country_weight,cluster_robust_country_psu,True,"{'child_sex': {'reference': 'Male', 'reference_column': 'child_sex_Male'}, 'maternal_education': {'reference': 'No education', 'reference_column': 'maternal_education_No education'}, 'literacy': {'reference': 'Cannot read at all', 'reference_column': 'literacy_Cannot read at all'}, 'wealth_quintile': {'reference': 'Poorest', 'reference_column': 'wealth_quintile_Poorest'}, 'residence': {'reference': 'Rural', 'reference_column': 'residence_Rural'}, 'country_admin_region': {'reference': 'ethiopia::01', 'reference_column': 'country_admin_region_ethiopia::01'}}"
ghana_biodigester,model4_biodigester_swap,whz,pooled,country_admin_region_nigeria::18,-0.06773558362555847,0.10077921048274266,-0.26525920656211555,0.12978803931099864,0.5015081851127922,37088,4434,114,model_specific_equal_total_country_weight,cluster_robust_country_psu,True,"{'child_sex': {'reference': 'Male', 'reference_column': 'child_sex_Male'}, 'maternal_education': {'reference': 'No education', 'reference_column': 'maternal_education_No education'}, 'literacy': {'reference': 'Cannot read at all', 'reference_column': 'literacy_Cannot read at all'}, 'wealth_quintile': {'reference': 'Poorest', 'reference_column': 'wealth_quintile_Poorest'}, 'residence': {'reference': 'Rural', 'reference_column': 'residence_Rural'}, 'country_admin_region': {'reference': 'ethiopia::01', 'reference_column': 'country_admin_region_ethiopia::01'}}"
ghana_biodigester,model4_biodigester_swap,whz,pooled,country_admin_region_nigeria::19,-0.38095488575480213,0.10514394558451527,-0.5870332322928913,-0.17487653921671295,0.0002910091034534761,37088,4434,114,model_specific_equal_total_country_weight,cluster_robust_country_psu,True,"{'child_sex': {'reference': 'Male', 'reference_column': 'child_sex_Male'}, 'maternal_education': {'reference': 'No education', 'reference_column': 'maternal_education_No education'}, 'literacy': {'reference': 'Cannot read at all', 'reference_column': 'literacy_Cannot read at all'}, 'wealth_quintile': {'reference': 'Poorest', 'reference_column': 'wealth_quintile_Poorest'}, 'residence': {'reference': 'Rural', 'reference_column': 'residence_Rural'}, 'country_admin_region': {'reference': 'ethiopia::01', 'reference_column': 'country_admin_region_ethiopia::01'}}"
ghana_biodigester,model4_biodigester_swap,whz,pooled,country_admin_region_nigeria::20,-0.09182968618776266,0.11136901093908326,-0.31010893662221317,0.12644956424668782,0.4096252402303928,37088,4434,114,model_specific_equal_total_country_weight,cluster_robust_country_psu,True,"{'child_sex': {'reference': 'Male', 'reference_column': 'child_sex_Male'}, 'maternal_education': {'reference': 'No education', 'reference_column': 'maternal_education_No education'}, 'literacy': {'reference': 'Cannot read at all', 'reference_column': 'literacy_Cannot read at all'}, 'wealth_quintile': {'reference': 'Poorest', 'reference_column': 'wealth_quintile_Poorest'}, 'residence': {'reference': 'Rural', 'reference_column': 'residence_Rural'}, 'country_admin_region': {'reference': 'ethiopia::01', 'reference_column': 'country_admin_region_ethiopia::01'}}"
ghana_biodigester,model4_biodigester_swap,whz,pooled,country_admin_region_nigeria::21,-0.27207322650082283,0.11055410452918825,-0.48875528972110827,-0.05539116328053739,0.013855184975293469,37088,4434,114,model_specific_equal_total_country_weight,cluster_robust_country_psu,True,"{'child_sex': {'reference': 'Male', 'reference_column': 'child_sex_Male'}, 'maternal_education': {'reference': 'No education', 'reference_column': 'maternal_education_No education'}, 'literacy': {'reference': 'Cannot read at all', 'reference_column': 'literacy_Cannot read at all'}, 'wealth_quintile': {'reference': 'Poorest', 'reference_column': 'wealth_quintile_Poorest'}, 'residence': {'reference': 'Rural', 'reference_column': 'residence_Rural'}, 'country_admin_region': {'reference': 'ethiopia::01', 'reference_column': 'country_admin_region_ethiopia::01'}}"
ghana_biodigester,model4_biodigester_swap,whz,pooled,country_admin_region_nigeria::22,-0.38220669904433696,0.0966962171544248,-0.5717278021082737,-0.19268559598040022,7.728912376252791e-05,37088,4434,114,model_specific_equal_total_country_weight,cluster_robust_country_psu,True,"{'child_sex': {'reference': 'Male', 'reference_column': 'child_sex_Male'}, 'maternal_education': {'reference': 'No education', 'reference_column': 'maternal_education_No education'}, 'literacy': {'reference': 'Cannot read at all', 'reference_column': 'literacy_Cannot read at all'}, 'wealth_quintile': {'reference': 'Poorest', 'reference_column': 'wealth_quintile_Poorest'}, 'residence': {'reference': 'Rural', 'reference_column': 'residence_Rural'}, 'country_admin_region': {'reference': 'ethiopia::01', 'reference_column': 'country_admin_region_ethiopia::01'}}"
ghana_biodigester,model4_biodigester_swap,whz,pooled,country_admin_region_nigeria::23,-0.23257343172041905,0.09651330040784666,-0.4217360245488934,-0.04341083889194469,0.015963225593264296,37088,4434,114,model_specific_equal_total_country_weight,cluster_robust_country_psu,True,"{'child_sex': {'reference': 'Male', 'reference_column': 'child_sex_Male'}, 'maternal_education': {'reference': 'No education', 'reference_column': 'maternal_education_No education'}, 'literacy': {'reference': 'Cannot read at all', 'reference_column': 'literacy_Cannot read at all'}, 'wealth_quintile': {'reference': 'Poorest', 'reference_column': 'wealth_quintile_Poorest'}, 'residence': {'reference': 'Rural', 'reference_column': 'residence_Rural'}, 'country_admin_region': {'reference': 'ethiopia::01', 'reference_column': 'country_admin_region_ethiopia::01'}}"
ghana_biodigester,model4_biodigester_swap,whz,pooled,country_admin_region_nigeria::24,-0.09924152150190478,0.09968895159348753,-0.2946282762816972,0.09614523327788761,0.319487438037501,37088,4434,114,model_specific_equal_total_country_weight,cluster_robust_country_psu,True,"{'child_sex': {'reference': 'Male', 'reference_column': 'child_sex_Male'}, 'maternal_education': {'reference': 'No education', 'reference_column': 'maternal_education_No education'}, 'literacy': {'reference': 'Cannot read at all', 'reference_column': 'literacy_Cannot read at all'}, 'wealth_quintile': {'reference': 'Poorest', 'reference_column': 'wealth_quintile_Poorest'}, 'residence': {'reference': 'Rural', 'reference_column': 'residence_Rural'}, 'country_admin_region': {'reference': 'ethiopia::01', 'reference_column': 'country_admin_region_ethiopia::01'}}"
ghana_biodigester,model4_biodigester_swap,whz,pooled,country_admin_region_nigeria::25,-0.4795784708481434,0.10278555577099135,-0.6810344582902196,-0.27812248340606727,3.0739497413820223e-06,37088,4434,114,model_specific_equal_total_country_weight,cluster_robust_country_psu,True,"{'child_sex': {'reference': 'Male', 'reference_column': 'child_sex_Male'}, 'maternal_education': {'reference': 'No education', 'reference_column': 'maternal_education_No education'}, 'literacy': {'reference': 'Cannot read at all', 'reference_column': 'literacy_Cannot read at all'}, 'wealth_quintile': {'reference': 'Poorest', 'reference_column': 'wealth_quintile_Poorest'}, 'residence': {'reference': 'Rural', 'reference_column': 'residence_Rural'}, 'country_admin_region': {'reference': 'ethiopia::01', 'reference_column': 'country_admin_region_ethiopia::01'}}"
ghana_biodigester,model4_biodigester_swap,whz,pooled,country_admin_region_nigeria::26,-0.5106877766908269,0.10133154752028807,-0.7092939603283005,-0.31208159305335326,4.6608963987108024e-07,37088,4434,114,model_specific_equal_total_country_weight,cluster_robust_country_psu,True,"{'child_sex': {'reference': 'Male', 'reference_column': 'child_sex_Male'}, 'maternal_education': {'reference': 'No education', 'reference_column': 'maternal_education_No education'}, 'literacy': {'reference': 'Cannot read at all', 'reference_column': 'literacy_Cannot read at all'}, 'wealth_quintile': {'reference': 'Poorest', 'reference_column': 'wealth_quintile_Poorest'}, 'residence': {'reference': 'Rural', 'reference_column': 'residence_Rural'}, 'country_admin_region': {'reference': 'ethiopia::01', 'reference_column': 'country_admin_region_ethiopia::01'}}"
ghana_biodigester,model4_biodigester_swap,whz,pooled,country_admin_region_nigeria::27,-0.42671680120642097,0.10174951822943556,-0.6261421923804164,-0.22729141003242556,2.7432377127036645e-05,37088,4434,114,model_specific_equal_total_country_weight,cluster_robust_country_psu,True,"{'child_sex': {'reference': 'Male', 'reference_column': 'child_sex_Male'}, 'maternal_education': {'reference': 'No education', 'reference_column': 'maternal_education_No education'}, 'literacy': {'reference': 'Cannot read at all', 'reference_column': 'literacy_Cannot read at all'}, 'wealth_quintile': {'reference': 'Poorest', 'reference_column': 'wealth_quintile_Poorest'}, 'residence': {'reference': 'Rural', 'reference_column': 'residence_Rural'}, 'country_admin_region': {'reference': 'ethiopia::01', 'reference_column': 'country_admin_region_ethiopia::01'}}"
ghana_biodigester,model4_biodigester_swap,whz,pooled,country_admin_region_nigeria::28,-0.19755037581980767,0.10905709164464919,-0.41129834770200413,0.016197596062388797,0.07007277209796828,37088,4434,114,model_specific_equal_total_country_weight,cluster_robust_country_psu,True,"{'child_sex': {'reference': 'Male', 'reference_column': 'child_sex_Male'}, 'maternal_education': {'reference': 'No education', 'reference_column': 'maternal_education_No education'}, 'literacy': {'reference': 'Cannot read at all', 'reference_column': 'literacy_Cannot read at all'}, 'wealth_quintile': {'reference': 'Poorest', 'reference_column': 'wealth_quintile_Poorest'}, 'residence': {'reference': 'Rural', 'reference_column': 'residence_Rural'}, 'country_admin_region': {'reference': 'ethiopia::01', 'reference_column': 'country_admin_region_ethiopia::01'}}"
ghana_biodigester,model4_biodigester_swap,whz,pooled,country_admin_region_nigeria::29,-0.6215998363754973,0.1187650043059533,-0.8543749674389103,-0.3888247053120844,1.660029480010897e-07,37088,4434,114,model_specific_equal_total_country_weight,cluster_robust_country_psu,True,"{'child_sex': {'reference': 'Male', 'reference_column': 'child_sex_Male'}, 'maternal_education': {'reference': 'No education', 'reference_column': 'maternal_education_No education'}, 'literacy': {'reference': 'Cannot read at all', 'reference_column': 'literacy_Cannot read at all'}, 'wealth_quintile': {'reference': 'Poorest', 'reference_column': 'wealth_quintile_Poorest'}, 'residence': {'reference': 'Rural', 'reference_column': 'residence_Rural'}, 'country_admin_region': {'reference': 'ethiopia::01', 'reference_column': 'country_admin_region_ethiopia::01'}}"
ghana_biodigester,model4_biodigester_swap,whz,pooled,country_admin_region_nigeria::30,-0.4761597459110891,0.09873311156938662,-0.6696730886686618,-0.2826464031535164,1.4163100592848748e-06,37088,4434,114,model_specific_equal_total_country_weight,cluster_robust_country_psu,True,"{'child_sex': {'reference': 'Male', 'reference_column': 'child_sex_Male'}, 'maternal_education': {'reference': 'No education', 'reference_column': 'maternal_education_No education'}, 'literacy': {'reference': 'Cannot read at all', 'reference_column': 'literacy_Cannot read at all'}, 'wealth_quintile': {'reference': 'Poorest', 'reference_column': 'wealth_quintile_Poorest'}, 'residence': {'reference': 'Rural', 'reference_column': 'residence_Rural'}, 'country_admin_region': {'reference': 'ethiopia::01', 'reference_column': 'country_admin_region_ethiopia::01'}}"
ghana_biodigester,model4_biodigester_swap,whz,pooled,country_admin_region_nigeria::31,-0.6271506336996001,0.10353397682617589,-0.8300734994551094,-0.4242277679440908,1.3830672005889228e-09,37088,4434,114,model_specific_equal_total_country_weight,cluster_robust_country_psu,True,"{'child_sex': {'reference': 'Male', 'reference_column': 'child_sex_Male'}, 'maternal_education': {'reference': 'No education', 'reference_column': 'maternal_education_No education'}, 'literacy': {'reference': 'Cannot read at all', 'reference_column': 'literacy_Cannot read at all'}, 'wealth_quintile': {'reference': 'Poorest', 'reference_column': 'wealth_quintile_Poorest'}, 'residence': {'reference': 'Rural', 'reference_column': 'residence_Rural'}, 'country_admin_region': {'reference': 'ethiopia::01', 'reference_column': 'country_admin_region_ethiopia::01'}}"
ghana_biodigester,model4_biodigester_swap,whz,pooled,country_admin_region_nigeria::32,-0.2044330119010914,0.11033721827056578,-0.42068998586573514,0.011823962063552351,0.06391075229543415,37088,4434,114,model_specific_equal_total_country_weight,cluster_robust_country_psu,True,"{'child_sex': {'reference': 'Male', 'reference_column': 'child_sex_Male'}, 'maternal_education': {'reference': 'No education', 'reference_column': 'maternal_education_No education'}, 'literacy': {'reference': 'Cannot read at all', 'reference_column': 'literacy_Cannot read at all'}, 'wealth_quintile': {'reference': 'Poorest', 'reference_column': 'wealth_quintile_Poorest'}, 'residence': {'reference': 'Rural', 'reference_column': 'residence_Rural'}, 'country_admin_region': {'reference': 'ethiopia::01', 'reference_column': 'country_admin_region_ethiopia::01'}}"
ghana_biodigester,model4_biodigester_swap,whz,pooled,country_admin_region_nigeria::33,-0.3614413574838725,0.12317965557603033,-0.6028690460409404,-0.12001366892680462,0.003343420736143614,37088,4434,114,model_specific_equal_total_country_weight,cluster_robust_country_psu,True,"{'child_sex': {'reference': 'Male', 'reference_column': 'child_sex_Male'}, 'maternal_education': {'reference': 'No education', 'reference_column': 'maternal_education_No education'}, 'literacy': {'reference': 'Cannot read at all', 'reference_column': 'literacy_Cannot read at all'}, 'wealth_quintile': {'reference': 'Poorest', 'reference_column': 'wealth_quintile_Poorest'}, 'residence': {'reference': 'Rural', 'reference_column': 'residence_Rural'}, 'country_admin_region': {'reference': 'ethiopia::01', 'reference_column': 'country_admin_region_ethiopia::01'}}"
ghana_biodigester,model4_biodigester_swap,whz,pooled,country_admin_region_nigeria::34,-0.6158533463893723,0.1238006022044972,-0.8584980679745569,-0.3732086248041877,6.539649070106208e-07,37088,4434,114,model_specific_equal_total_country_weight,cluster_robust_country_psu,True,"{'child_sex': {'reference': 'Male', 'reference_column': 'child_sex_Male'}, 'maternal_education': {'reference': 'No education', 'reference_column': 'maternal_education_No education'}, 'literacy': {'reference': 'Cannot read at all', 'reference_column': 'literacy_Cannot read at all'}, 'wealth_quintile': {'reference': 'Poorest', 'reference_column': 'wealth_quintile_Poorest'}, 'residence': {'reference': 'Rural', 'reference_column': 'residence_Rural'}, 'country_admin_region': {'reference': 'ethiopia::01', 'reference_column': 'country_admin_region_ethiopia::01'}}"
ghana_biodigester,model4_biodigester_swap,whz,pooled,country_admin_region_nigeria::35,-0.4035255422861164,0.141255222538943,-0.6803806910906351,-0.1266703934815977,0.00428053534365391,37088,4434,114,model_specific_equal_total_country_weight,cluster_robust_country_psu,True,"{'child_sex': {'reference': 'Male', 'reference_column': 'child_sex_Male'}, 'maternal_education': {'reference': 'No education', 'reference_column': 'maternal_education_No education'}, 'literacy': {'reference': 'Cannot read at all', 'reference_column': 'literacy_Cannot read at all'}, 'wealth_quintile': {'reference': 'Poorest', 'reference_column': 'wealth_quintile_Poorest'}, 'residence': {'reference': 'Rural', 'reference_column': 'residence_Rural'}, 'country_admin_region': {'reference': 'ethiopia::01', 'reference_column': 'country_admin_region_ethiopia::01'}}"
ghana_biodigester,model4_biodigester_swap,whz,pooled,country_admin_region_nigeria::36,-0.42826900198374945,0.13507137981335054,-0.6930040417600469,-0.16353396220745192,0.001520791683306416,37088,4434,114,model_specific_equal_total_country_weight,cluster_robust_country_psu,True,"{'child_sex': {'reference': 'Male', 'reference_column': 'child_sex_Male'}, 'maternal_education': {'reference': 'No education', 'reference_column': 'maternal_education_No education'}, 'literacy': {'reference': 'Cannot read at all', 'reference_column': 'literacy_Cannot read at all'}, 'wealth_quintile': {'reference': 'Poorest', 'reference_column': 'wealth_quintile_Poorest'}, 'residence': {'reference': 'Rural', 'reference_column': 'residence_Rural'}, 'country_admin_region': {'reference': 'ethiopia::01', 'reference_column': 'country_admin_region_ethiopia::01'}}"
ghana_biodigester,model4_biodigester_swap,whz,pooled,country_admin_region_nigeria::37,-0.6665818974913271,0.09218299514309357,-0.8472572479588212,-0.485906547023833,4.791953352668515e-13,37088,4434,114,model_specific_equal_total_country_weight,cluster_robust_country_psu,True,"{'child_sex': {'reference': 'Male', 'reference_column': 'child_sex_Male'}, 'maternal_education': {'reference': 'No education', 'reference_column': 'maternal_education_No education'}, 'literacy': {'reference': 'Cannot read at all', 'reference_column': 'literacy_Cannot read at all'}, 'wealth_quintile': {'reference': 'Poorest', 'reference_column': 'wealth_quintile_Poorest'}, 'residence': {'reference': 'Rural', 'reference_column': 'residence_Rural'}, 'country_admin_region': {'reference': 'ethiopia::01', 'reference_column': 'country_admin_region_ethiopia::01'}}"
ghana_biodigester,model4_biodigester_swap,whz,ghana,const,-0.33143144042126094,0.19142761361322538,-0.706622668749632,0.04375978790711016,0.08338634028461439,4408,616,16,weight_original,cluster_robust_psu,True,"{'child_sex': {'reference': 'Male', 'reference_column': 'child_sex_Male'}, 'maternal_education': {'reference': 'No education', 'reference_column': 'maternal_education_No education'}, 'literacy': {'reference': 'Cannot read at all', 'reference_column': 'literacy_Cannot read at all'}, 'wealth_quintile': {'reference': 'Poorest', 'reference_column': 'wealth_quintile_Poorest'}, 'residence': {'reference': 'Rural', 'reference_column': 'residence_Rural'}, 'country_admin_region': {'reference': 'ghana::01', 'reference_column': 'country_admin_region_ghana::01'}}"
ghana_biodigester,model4_biodigester_swap,whz,ghana,water_rate_loo,0.18168284129336568,0.0928700846211413,-0.0003391798052584105,0.36370486239198974,0.0504284363988384,4408,616,16,weight_original,cluster_robust_psu,True,"{'child_sex': {'reference': 'Male', 'reference_column': 'child_sex_Male'}, 'maternal_education': {'reference': 'No education', 'reference_column': 'maternal_education_No education'}, 'literacy': {'reference': 'Cannot read at all', 'reference_column': 'literacy_Cannot read at all'}, 'wealth_quintile': {'reference': 'Poorest', 'reference_column': 'wealth_quintile_Poorest'}, 'residence': {'reference': 'Rural', 'reference_column': 'residence_Rural'}, 'country_admin_region': {'reference': 'ghana::01', 'reference_column': 'country_admin_region_ghana::01'}}"
ghana_biodigester,model4_biodigester_swap,whz,ghana,sanitation_rate_loo_robustness_biodigester,-0.03814816929655919,0.12771380746858585,-0.28846263226347,0.21216629367035167,0.765168628400203,4408,616,16,weight_original,cluster_robust_psu,True,"{'child_sex': {'reference': 'Male', 'reference_column': 'child_sex_Male'}, 'maternal_education': {'reference': 'No education', 'reference_column': 'maternal_education_No education'}, 'literacy': {'reference': 'Cannot read at all', 'reference_column': 'literacy_Cannot read at all'}, 'wealth_quintile': {'reference': 'Poorest', 'reference_column': 'wealth_quintile_Poorest'}, 'residence': {'reference': 'Rural', 'reference_column': 'residence_Rural'}, 'country_admin_region': {'reference': 'ghana::01', 'reference_column': 'country_admin_region_ghana::01'}}"
ghana_biodigester,model4_biodigester_swap,whz,ghana,b19_raw,-0.0033051797312760745,0.0016074798361413348,-0.006455782315987438,-0.00015457714656471081,0.03977045390074627,4408,616,16,weight_original,cluster_robust_psu,True,"{'child_sex': {'reference': 'Male', 'reference_column': 'child_sex_Male'}, 'maternal_education': {'reference': 'No education', 'reference_column': 'maternal_education_No education'}, 'literacy': {'reference': 'Cannot read at all', 'reference_column': 'literacy_Cannot read at all'}, 'wealth_quintile': {'reference': 'Poorest', 'reference_column': 'wealth_quintile_Poorest'}, 'residence': {'reference': 'Rural', 'reference_column': 'residence_Rural'}, 'country_admin_region': {'reference': 'ghana::01', 'reference_column': 'country_admin_region_ghana::01'}}"
ghana_biodigester,model4_biodigester_swap,whz,ghana,birth_order_raw,0.032969334449479595,0.02017882780672726,-0.0065804413019412075,0.0725191102009004,0.10228872031740496,4408,616,16,weight_original,cluster_robust_psu,True,"{'child_sex': {'reference': 'Male', 'reference_column': 'child_sex_Male'}, 'maternal_education': {'reference': 'No education', 'reference_column': 'maternal_education_No education'}, 'literacy': {'reference': 'Cannot read at all', 'reference_column': 'literacy_Cannot read at all'}, 'wealth_quintile': {'reference': 'Poorest', 'reference_column': 'wealth_quintile_Poorest'}, 'residence': {'reference': 'Rural', 'reference_column': 'residence_Rural'}, 'country_admin_region': {'reference': 'ghana::01', 'reference_column': 'country_admin_region_ghana::01'}}"
ghana_biodigester,model4_biodigester_swap,whz,ghana,maternal_age,-0.004784227685329339,0.005952176929102665,-0.01645028009598078,0.006881824725322103,0.42152531228469725,4408,616,16,weight_original,cluster_robust_psu,True,"{'child_sex': {'reference': 'Male', 'reference_column': 'child_sex_Male'}, 'maternal_education': {'reference': 'No education', 'reference_column': 'maternal_education_No education'}, 'literacy': {'reference': 'Cannot read at all', 'reference_column': 'literacy_Cannot read at all'}, 'wealth_quintile': {'reference': 'Poorest', 'reference_column': 'wealth_quintile_Poorest'}, 'residence': {'reference': 'Rural', 'reference_column': 'residence_Rural'}, 'country_admin_region': {'reference': 'ghana::01', 'reference_column': 'country_admin_region_ghana::01'}}"
ghana_biodigester,model4_biodigester_swap,whz,ghana,household_size_raw,-0.010817143273521878,0.009957842605067269,-0.030334156143172232,0.008699869596128477,0.27734900295427,4408,616,16,weight_original,cluster_robust_psu,True,"{'child_sex': {'reference': 'Male', 'reference_column': 'child_sex_Male'}, 'maternal_education': {'reference': 'No education', 'reference_column': 'maternal_education_No education'}, 'literacy': {'reference': 'Cannot read at all', 'reference_column': 'literacy_Cannot read at all'}, 'wealth_quintile': {'reference': 'Poorest', 'reference_column': 'wealth_quintile_Poorest'}, 'residence': {'reference': 'Rural', 'reference_column': 'residence_Rural'}, 'country_admin_region': {'reference': 'ghana::01', 'reference_column': 'country_admin_region_ghana::01'}}"
ghana_biodigester,model4_biodigester_swap,whz,ghana,child_sex_Female,0.03883685872684709,0.04339523563197827,-0.046216240212459576,0.12388995766615377,0.3708102122564547,4408,616,16,weight_original,cluster_robust_psu,True,"{'child_sex': {'reference': 'Male', 'reference_column': 'child_sex_Male'}, 'maternal_education': {'reference': 'No education', 'reference_column': 'maternal_education_No education'}, 'literacy': {'reference': 'Cannot read at all', 'reference_column': 'literacy_Cannot read at all'}, 'wealth_quintile': {'reference': 'Poorest', 'reference_column': 'wealth_quintile_Poorest'}, 'residence': {'reference': 'Rural', 'reference_column': 'residence_Rural'}, 'country_admin_region': {'reference': 'ghana::01', 'reference_column': 'country_admin_region_ghana::01'}}"
ghana_biodigester,model4_biodigester_swap,whz,ghana,maternal_education_Higher,0.27634143323820576,0.13163413926746778,0.01834326113803919,0.5343396053383723,0.035789202131000744,4408,616,16,weight_original,cluster_robust_psu,True,"{'child_sex': {'reference': 'Male', 'reference_column': 'child_sex_Male'}, 'maternal_education': {'reference': 'No education', 'reference_column': 'maternal_education_No education'}, 'literacy': {'reference': 'Cannot read at all', 'reference_column': 'literacy_Cannot read at all'}, 'wealth_quintile': {'reference': 'Poorest', 'reference_column': 'wealth_quintile_Poorest'}, 'residence': {'reference': 'Rural', 'reference_column': 'residence_Rural'}, 'country_admin_region': {'reference': 'ghana::01', 'reference_column': 'country_admin_region_ghana::01'}}"
ghana_biodigester,model4_biodigester_swap,whz,ghana,maternal_education_Primary,-0.06956785431388765,0.08650181992642579,-0.2391083059668514,0.0999725973390761,0.4212608472449707,4408,616,16,weight_original,cluster_robust_psu,True,"{'child_sex': {'reference': 'Male', 'reference_column': 'child_sex_Male'}, 'maternal_education': {'reference': 'No education', 'reference_column': 'maternal_education_No education'}, 'literacy': {'reference': 'Cannot read at all', 'reference_column': 'literacy_Cannot read at all'}, 'wealth_quintile': {'reference': 'Poorest', 'reference_column': 'wealth_quintile_Poorest'}, 'residence': {'reference': 'Rural', 'reference_column': 'residence_Rural'}, 'country_admin_region': {'reference': 'ghana::01', 'reference_column': 'country_admin_region_ghana::01'}}"
ghana_biodigester,model4_biodigester_swap,whz,ghana,maternal_education_Secondary,0.07891592707204066,0.0929972754113098,-0.10335538339447888,0.2611872375385602,0.3961132493983561,4408,616,16,weight_original,cluster_robust_psu,True,"{'child_sex': {'reference': 'Male', 'reference_column': 'child_sex_Male'}, 'maternal_education': {'reference': 'No education', 'reference_column': 'maternal_education_No education'}, 'literacy': {'reference': 'Cannot read at all', 'reference_column': 'literacy_Cannot read at all'}, 'wealth_quintile': {'reference': 'Poorest', 'reference_column': 'wealth_quintile_Poorest'}, 'residence': {'reference': 'Rural', 'reference_column': 'residence_Rural'}, 'country_admin_region': {'reference': 'ghana::01', 'reference_column': 'country_admin_region_ghana::01'}}"
ghana_biodigester,model4_biodigester_swap,whz,ghana,literacy_Able to read only parts of sentence,-0.0785266363562784,0.10106500252359263,-0.2766104013999696,0.11955712868741283,0.4371638526688647,4408,616,16,weight_original,cluster_robust_psu,True,"{'child_sex': {'reference': 'Male', 'reference_column': 'child_sex_Male'}, 'maternal_education': {'reference': 'No education', 'reference_column': 'maternal_education_No education'}, 'literacy': {'reference': 'Cannot read at all', 'reference_column': 'literacy_Cannot read at all'}, 'wealth_quintile': {'reference': 'Poorest', 'reference_column': 'wealth_quintile_Poorest'}, 'residence': {'reference': 'Rural', 'reference_column': 'residence_Rural'}, 'country_admin_region': {'reference': 'ghana::01', 'reference_column': 'country_admin_region_ghana::01'}}"
ghana_biodigester,model4_biodigester_swap,whz,ghana,literacy_Able to read whole sentence,-0.0054867168589193965,0.09720203719849475,-0.19599920899189172,0.18502577527405295,0.9549860974025528,4408,616,16,weight_original,cluster_robust_psu,True,"{'child_sex': {'reference': 'Male', 'reference_column': 'child_sex_Male'}, 'maternal_education': {'reference': 'No education', 'reference_column': 'maternal_education_No education'}, 'literacy': {'reference': 'Cannot read at all', 'reference_column': 'literacy_Cannot read at all'}, 'wealth_quintile': {'reference': 'Poorest', 'reference_column': 'wealth_quintile_Poorest'}, 'residence': {'reference': 'Rural', 'reference_column': 'residence_Rural'}, 'country_admin_region': {'reference': 'ghana::01', 'reference_column': 'country_admin_region_ghana::01'}}"
ghana_biodigester,model4_biodigester_swap,whz,ghana,literacy_Blind/visually impaired,-0.09732156731519888,0.3041333957663087,-0.6934120695130306,0.4987689348826328,0.748971120516594,4408,616,16,weight_original,cluster_robust_psu,True,"{'child_sex': {'reference': 'Male', 'reference_column': 'child_sex_Male'}, 'maternal_education': {'reference': 'No education', 'reference_column': 'maternal_education_No education'}, 'literacy': {'reference': 'Cannot read at all', 'reference_column': 'literacy_Cannot read at all'}, 'wealth_quintile': {'reference': 'Poorest', 'reference_column': 'wealth_quintile_Poorest'}, 'residence': {'reference': 'Rural', 'reference_column': 'residence_Rural'}, 'country_admin_region': {'reference': 'ghana::01', 'reference_column': 'country_admin_region_ghana::01'}}"
ghana_biodigester,model4_biodigester_swap,whz,ghana,literacy_No card with required language,0.49610957755594326,0.26093057845017587,-0.015304958671604585,1.0075241137834912,0.057261590868310765,4408,616,16,weight_original,cluster_robust_psu,True,"{'child_sex': {'reference': 'Male', 'reference_column': 'child_sex_Male'}, 'maternal_education': {'reference': 'No education', 'reference_column': 'maternal_education_No education'}, 'literacy': {'reference': 'Cannot read at all', 'reference_column': 'literacy_Cannot read at all'}, 'wealth_quintile': {'reference': 'Poorest', 'reference_column': 'wealth_quintile_Poorest'}, 'residence': {'reference': 'Rural', 'reference_column': 'residence_Rural'}, 'country_admin_region': {'reference': 'ghana::01', 'reference_column': 'country_admin_region_ghana::01'}}"
ghana_biodigester,model4_biodigester_swap,whz,ghana,wealth_quintile_Middle,-0.05358488674286922,0.08352535086527525,-0.21729156623488016,0.1101217927491417,0.5211716434722082,4408,616,16,weight_original,cluster_robust_psu,True,"{'child_sex': {'reference': 'Male', 'reference_column': 'child_sex_Male'}, 'maternal_education': {'reference': 'No education', 'reference_column': 'maternal_education_No education'}, 'literacy': {'reference': 'Cannot read at all', 'reference_column': 'literacy_Cannot read at all'}, 'wealth_quintile': {'reference': 'Poorest', 'reference_column': 'wealth_quintile_Poorest'}, 'residence': {'reference': 'Rural', 'reference_column': 'residence_Rural'}, 'country_admin_region': {'reference': 'ghana::01', 'reference_column': 'country_admin_region_ghana::01'}}"
ghana_biodigester,model4_biodigester_swap,whz,ghana,wealth_quintile_Poorer,-0.15998263245836208,0.06018522053121198,-0.2779434971011382,-0.042021767815585975,0.007856592275398849,4408,616,16,weight_original,cluster_robust_psu,True,"{'child_sex': {'reference': 'Male', 'reference_column': 'child_sex_Male'}, 'maternal_education': {'reference': 'No education', 'reference_column': 'maternal_education_No education'}, 'literacy': {'reference': 'Cannot read at all', 'reference_column': 'literacy_Cannot read at all'}, 'wealth_quintile': {'reference': 'Poorest', 'reference_column': 'wealth_quintile_Poorest'}, 'residence': {'reference': 'Rural', 'reference_column': 'residence_Rural'}, 'country_admin_region': {'reference': 'ghana::01', 'reference_column': 'country_admin_region_ghana::01'}}"
ghana_biodigester,model4_biodigester_swap,whz,ghana,wealth_quintile_Richer,-0.16210011870081215,0.09249319425464787,-0.343383448254989,0.019183210853364746,0.07967710514522798,4408,616,16,weight_original,cluster_robust_psu,True,"{'child_sex': {'reference': 'Male', 'reference_column': 'child_sex_Male'}, 'maternal_education': {'reference': 'No education', 'reference_column': 'maternal_education_No education'}, 'literacy': {'reference': 'Cannot read at all', 'reference_column': 'literacy_Cannot read at all'}, 'wealth_quintile': {'reference': 'Poorest', 'reference_column': 'wealth_quintile_Poorest'}, 'residence': {'reference': 'Rural', 'reference_column': 'residence_Rural'}, 'country_admin_region': {'reference': 'ghana::01', 'reference_column': 'country_admin_region_ghana::01'}}"
ghana_biodigester,model4_biodigester_swap,whz,ghana,wealth_quintile_Richest,-0.01145393694082691,0.11876761109911813,-0.24423417722495802,0.2213263033433042,0.9231712014761813,4408,616,16,weight_original,cluster_robust_psu,True,"{'child_sex': {'reference': 'Male', 'reference_column': 'child_sex_Male'}, 'maternal_education': {'reference': 'No education', 'reference_column': 'maternal_education_No education'}, 'literacy': {'reference': 'Cannot read at all', 'reference_column': 'literacy_Cannot read at all'}, 'wealth_quintile': {'reference': 'Poorest', 'reference_column': 'wealth_quintile_Poorest'}, 'residence': {'reference': 'Rural', 'reference_column': 'residence_Rural'}, 'country_admin_region': {'reference': 'ghana::01', 'reference_column': 'country_admin_region_ghana::01'}}"
ghana_biodigester,model4_biodigester_swap,whz,ghana,residence_Urban,-0.008899810205991603,0.05282242363565539,-0.11242985810799347,0.09463023769601026,0.8662013834604592,4408,616,16,weight_original,cluster_robust_psu,True,"{'child_sex': {'reference': 'Male', 'reference_column': 'child_sex_Male'}, 'maternal_education': {'reference': 'No education', 'reference_column': 'maternal_education_No education'}, 'literacy': {'reference': 'Cannot read at all', 'reference_column': 'literacy_Cannot read at all'}, 'wealth_quintile': {'reference': 'Poorest', 'reference_column': 'wealth_quintile_Poorest'}, 'residence': {'reference': 'Rural', 'reference_column': 'residence_Rural'}, 'country_admin_region': {'reference': 'ghana::01', 'reference_column': 'country_admin_region_ghana::01'}}"
ghana_biodigester,model4_biodigester_swap,whz,ghana,country_admin_region_ghana::02,-0.045863792977416266,0.12413873524846258,-0.2891712431507558,0.1974436571959233,0.7117879093263352,4408,616,16,weight_original,cluster_robust_psu,True,"{'child_sex': {'reference': 'Male', 'reference_column': 'child_sex_Male'}, 'maternal_education': {'reference': 'No education', 'reference_column': 'maternal_education_No education'}, 'literacy': {'reference': 'Cannot read at all', 'reference_column': 'literacy_Cannot read at all'}, 'wealth_quintile': {'reference': 'Poorest', 'reference_column': 'wealth_quintile_Poorest'}, 'residence': {'reference': 'Rural', 'reference_column': 'residence_Rural'}, 'country_admin_region': {'reference': 'ghana::01', 'reference_column': 'country_admin_region_ghana::01'}}"
ghana_biodigester,model4_biodigester_swap,whz,ghana,country_admin_region_ghana::03,0.09094940149437283,0.1328315405603763,-0.1693956340149361,0.3512944370036818,0.4935349326607792,4408,616,16,weight_original,cluster_robust_psu,True,"{'child_sex': {'reference': 'Male', 'reference_column': 'child_sex_Male'}, 'maternal_education': {'reference': 'No education', 'reference_column': 'maternal_education_No education'}, 'literacy': {'reference': 'Cannot read at all', 'reference_column': 'literacy_Cannot read at all'}, 'wealth_quintile': {'reference': 'Poorest', 'reference_column': 'wealth_quintile_Poorest'}, 'residence': {'reference': 'Rural', 'reference_column': 'residence_Rural'}, 'country_admin_region': {'reference': 'ghana::01', 'reference_column': 'country_admin_region_ghana::01'}}"
ghana_biodigester,model4_biodigester_swap,whz,ghana,country_admin_region_ghana::04,-0.08628788803351885,0.12806566240108305,-0.33729197399590694,0.16471619792886927,0.5004521550439247,4408,616,16,weight_original,cluster_robust_psu,True,"{'child_sex': {'reference': 'Male', 'reference_column': 'child_sex_Male'}, 'maternal_education': {'reference': 'No education', 'reference_column': 'maternal_education_No education'}, 'literacy': {'reference': 'Cannot read at all', 'reference_column': 'literacy_Cannot read at all'}, 'wealth_quintile': {'reference': 'Poorest', 'reference_column': 'wealth_quintile_Poorest'}, 'residence': {'reference': 'Rural', 'reference_column': 'residence_Rural'}, 'country_admin_region': {'reference': 'ghana::01', 'reference_column': 'country_admin_region_ghana::01'}}"
ghana_biodigester,model4_biodigester_swap,whz,ghana,country_admin_region_ghana::05,0.07069799566194382,0.10916987112527714,-0.14327101994047856,0.2846670112643662,0.5172461440486821,4408,616,16,weight_original,cluster_robust_psu,True,"{'child_sex': {'reference': 'Male', 'reference_column': 'child_sex_Male'}, 'maternal_education': {'reference': 'No education', 'reference_column': 'maternal_education_No education'}, 'literacy': {'reference': 'Cannot read at all', 'reference_column': 'literacy_Cannot read at all'}, 'wealth_quintile': {'reference': 'Poorest', 'reference_column': 'wealth_quintile_Poorest'}, 'residence': {'reference': 'Rural', 'reference_column': 'residence_Rural'}, 'country_admin_region': {'reference': 'ghana::01', 'reference_column': 'country_admin_region_ghana::01'}}"
ghana_biodigester,model4_biodigester_swap,whz,ghana,country_admin_region_ghana::06,-0.018833944795243314,0.1140212129842511,-0.24231141571794623,0.20464352612745962,0.8688028531794423,4408,616,16,weight_original,cluster_robust_psu,True,"{'child_sex': {'reference': 'Male', 'reference_column': 'child_sex_Male'}, 'maternal_education': {'reference': 'No education', 'reference_column': 'maternal_education_No education'}, 'literacy': {'reference': 'Cannot read at all', 'reference_column': 'literacy_Cannot read at all'}, 'wealth_quintile': {'reference': 'Poorest', 'reference_column': 'wealth_quintile_Poorest'}, 'residence': {'reference': 'Rural', 'reference_column': 'residence_Rural'}, 'country_admin_region': {'reference': 'ghana::01', 'reference_column': 'country_admin_region_ghana::01'}}"
ghana_biodigester,model4_biodigester_swap,whz,ghana,country_admin_region_ghana::07,0.1743554084373181,0.11869365609652993,-0.0582798827052636,0.40699069957989975,0.14184552343557436,4408,616,16,weight_original,cluster_robust_psu,True,"{'child_sex': {'reference': 'Male', 'reference_column': 'child_sex_Male'}, 'maternal_education': {'reference': 'No education', 'reference_column': 'maternal_education_No education'}, 'literacy': {'reference': 'Cannot read at all', 'reference_column': 'literacy_Cannot read at all'}, 'wealth_quintile': {'reference': 'Poorest', 'reference_column': 'wealth_quintile_Poorest'}, 'residence': {'reference': 'Rural', 'reference_column': 'residence_Rural'}, 'country_admin_region': {'reference': 'ghana::01', 'reference_column': 'country_admin_region_ghana::01'}}"
ghana_biodigester,model4_biodigester_swap,whz,ghana,country_admin_region_ghana::08,0.26703079690242,0.12005845794759688,0.03172054328571347,0.5023410505191265,0.026136797753585846,4408,616,16,weight_original,cluster_robust_psu,True,"{'child_sex': {'reference': 'Male', 'reference_column': 'child_sex_Male'}, 'maternal_education': {'reference': 'No education', 'reference_column': 'maternal_education_No education'}, 'literacy': {'reference': 'Cannot read at all', 'reference_column': 'literacy_Cannot read at all'}, 'wealth_quintile': {'reference': 'Poorest', 'reference_column': 'wealth_quintile_Poorest'}, 'residence': {'reference': 'Rural', 'reference_column': 'residence_Rural'}, 'country_admin_region': {'reference': 'ghana::01', 'reference_column': 'country_admin_region_ghana::01'}}"
ghana_biodigester,model4_biodigester_swap,whz,ghana,country_admin_region_ghana::09,0.14500431696933452,0.13116360178569947,-0.11207161861318998,0.40208025255185903,0.26893323720500395,4408,616,16,weight_original,cluster_robust_psu,True,"{'child_sex': {'reference': 'Male', 'reference_column': 'child_sex_Male'}, 'maternal_education': {'reference': 'No education', 'reference_column': 'maternal_education_No education'}, 'literacy': {'reference': 'Cannot read at all', 'reference_column': 'literacy_Cannot read at all'}, 'wealth_quintile': {'reference': 'Poorest', 'reference_column': 'wealth_quintile_Poorest'}, 'residence': {'reference': 'Rural', 'reference_column': 'residence_Rural'}, 'country_admin_region': {'reference': 'ghana::01', 'reference_column': 'country_admin_region_ghana::01'}}"
ghana_biodigester,model4_biodigester_swap,whz,ghana,country_admin_region_ghana::10,0.04034942812871303,0.1144247898311466,-0.1839190388788993,0.2646178951363254,0.7243670594261606,4408,616,16,weight_original,cluster_robust_psu,True,"{'child_sex': {'reference': 'Male', 'reference_column': 'child_sex_Male'}, 'maternal_education': {'reference': 'No education', 'reference_column': 'maternal_education_No education'}, 'literacy': {'reference': 'Cannot read at all', 'reference_column': 'literacy_Cannot read at all'}, 'wealth_quintile': {'reference': 'Poorest', 'reference_column': 'wealth_quintile_Poorest'}, 'residence': {'reference': 'Rural', 'reference_column': 'residence_Rural'}, 'country_admin_region': {'reference': 'ghana::01', 'reference_column': 'country_admin_region_ghana::01'}}"
ghana_biodigester,model4_biodigester_swap,whz,ghana,country_admin_region_ghana::11,0.028252230461048675,0.12081168778993295,-0.20853432651871734,0.26503878744081466,0.815098749685324,4408,616,16,weight_original,cluster_robust_psu,True,"{'child_sex': {'reference': 'Male', 'reference_column': 'child_sex_Male'}, 'maternal_education': {'reference': 'No education', 'reference_column': 'maternal_education_No education'}, 'literacy': {'reference': 'Cannot read at all', 'reference_column': 'literacy_Cannot read at all'}, 'wealth_quintile': {'reference': 'Poorest', 'reference_column': 'wealth_quintile_Poorest'}, 'residence': {'reference': 'Rural', 'reference_column': 'residence_Rural'}, 'country_admin_region': {'reference': 'ghana::01', 'reference_column': 'country_admin_region_ghana::01'}}"
ghana_biodigester,model4_biodigester_swap,whz,ghana,country_admin_region_ghana::12,-0.11779923955113697,0.11203224354427241,-0.33737840200513086,0.10177992290285692,0.2930399271876962,4408,616,16,weight_original,cluster_robust_psu,True,"{'child_sex': {'reference': 'Male', 'reference_column': 'child_sex_Male'}, 'maternal_education': {'reference': 'No education', 'reference_column': 'maternal_education_No education'}, 'literacy': {'reference': 'Cannot read at all', 'reference_column': 'literacy_Cannot read at all'}, 'wealth_quintile': {'reference': 'Poorest', 'reference_column': 'wealth_quintile_Poorest'}, 'residence': {'reference': 'Rural', 'reference_column': 'residence_Rural'}, 'country_admin_region': {'reference': 'ghana::01', 'reference_column': 'country_admin_region_ghana::01'}}"
ghana_biodigester,model4_biodigester_swap,whz,ghana,country_admin_region_ghana::13,0.13156122391699493,0.12156951066334022,-0.10671063860130997,0.36983308643529983,0.2791684210083113,4408,616,16,weight_original,cluster_robust_psu,True,"{'child_sex': {'reference': 'Male', 'reference_column': 'child_sex_Male'}, 'maternal_education': {'reference': 'No education', 'reference_column': 'maternal_education_No education'}, 'literacy': {'reference': 'Cannot read at all', 'reference_column': 'literacy_Cannot read at all'}, 'wealth_quintile': {'reference': 'Poorest', 'reference_column': 'wealth_quintile_Poorest'}, 'residence': {'reference': 'Rural', 'reference_column': 'residence_Rural'}, 'country_admin_region': {'reference': 'ghana::01', 'reference_column': 'country_admin_region_ghana::01'}}"
ghana_biodigester,model4_biodigester_swap,whz,ghana,country_admin_region_ghana::14,-0.17107081294617005,0.11112306608923099,-0.388868020332727,0.0467263944403869,0.12368918714454413,4408,616,16,weight_original,cluster_robust_psu,True,"{'child_sex': {'reference': 'Male', 'reference_column': 'child_sex_Male'}, 'maternal_education': {'reference': 'No education', 'reference_column': 'maternal_education_No education'}, 'literacy': {'reference': 'Cannot read at all', 'reference_column': 'literacy_Cannot read at all'}, 'wealth_quintile': {'reference': 'Poorest', 'reference_column': 'wealth_quintile_Poorest'}, 'residence': {'reference': 'Rural', 'reference_column': 'residence_Rural'}, 'country_admin_region': {'reference': 'ghana::01', 'reference_column': 'country_admin_region_ghana::01'}}"
ghana_biodigester,model4_biodigester_swap,whz,ghana,country_admin_region_ghana::15,0.03476264889193758,0.11284412546616263,-0.1864077728886603,0.25593307067253546,0.7580374353002216,4408,616,16,weight_original,cluster_robust_psu,True,"{'child_sex': {'reference': 'Male', 'reference_column': 'child_sex_Male'}, 'maternal_education': {'reference': 'No education', 'reference_column': 'maternal_education_No education'}, 'literacy': {'reference': 'Cannot read at all', 'reference_column': 'literacy_Cannot read at all'}, 'wealth_quintile': {'reference': 'Poorest', 'reference_column': 'wealth_quintile_Poorest'}, 'residence': {'reference': 'Rural', 'reference_column': 'residence_Rural'}, 'country_admin_region': {'reference': 'ghana::01', 'reference_column': 'country_admin_region_ghana::01'}}"
ghana_biodigester,model4_biodigester_swap,whz,ghana,country_admin_region_ghana::16,-0.013994137018560726,0.12211797831655578,-0.25334097638385333,0.22535270234673188,0.9087659658627439,4408,616,16,weight_original,cluster_robust_psu,True,"{'child_sex': {'reference': 'Male', 'reference_column': 'child_sex_Male'}, 'maternal_education': {'reference': 'No education', 'reference_column': 'maternal_education_No education'}, 'literacy': {'reference': 'Cannot read at all', 'reference_column': 'literacy_Cannot read at all'}, 'wealth_quintile': {'reference': 'Poorest', 'reference_column': 'wealth_quintile_Poorest'}, 'residence': {'reference': 'Rural', 'reference_column': 'residence_Rural'}, 'country_admin_region': {'reference': 'ghana::01', 'reference_column': 'country_admin_region_ghana::01'}}"
