development_family,model_label,outcome,sample_variant,term,coefficient,standard_error,ci_lower,ci_upper,p_value,estimation_n,psu_count,fe_region_count,weight_method,clustering_method,se_note
model_C_joint_household_community,joint_common_sample,haz,common_sample,const,-2.213255489214943,0.11588434214726641,-2.4403846261957023,-1.9861263522341837,2.5820264041174683e-81,36040,4426,114,model_specific_equal_total_country_weight,cluster_robust_country_psu,baseline cluster-robust SE (statsmodels default)
model_C_joint_household_community,joint_common_sample,haz,common_sample,_water_hh_binary,-0.08493288772688233,0.04205736445686124,-0.16736380734700534,-0.002501968106759317,0.04344011591052318,36040,4426,114,model_specific_equal_total_country_weight,cluster_robust_country_psu,baseline cluster-robust SE (statsmodels default)
model_C_joint_household_community,joint_common_sample,haz,common_sample,_sani_hh_binary,0.024184968942193876,0.0364888603449772,-0.047331883170873196,0.09570182105526095,0.5074559800118925,36040,4426,114,model_specific_equal_total_country_weight,cluster_robust_country_psu,baseline cluster-robust SE (statsmodels default)
model_C_joint_household_community,joint_common_sample,haz,common_sample,water_rate_loo,0.120103717122616,0.06537913887659237,-0.008037040415747543,0.24824447466097954,0.06620483988635159,36040,4426,114,model_specific_equal_total_country_weight,cluster_robust_country_psu,baseline cluster-robust SE (statsmodels default)
model_C_joint_household_community,joint_common_sample,haz,common_sample,sanitation_rate_loo_core,-0.018203423867853667,0.06638716373332487,-0.14831987382093406,0.11191302608522671,0.7839301922571363,36040,4426,114,model_specific_equal_total_country_weight,cluster_robust_country_psu,baseline cluster-robust SE (statsmodels default)
model_C_joint_household_community,joint_common_sample,haz,common_sample,b19_raw,-0.013474476498229058,0.0007614471542611464,-0.01496688549671142,-0.011982067499746696,4.5113801317440784e-70,36040,4426,114,model_specific_equal_total_country_weight,cluster_robust_country_psu,baseline cluster-robust SE (statsmodels default)
model_C_joint_household_community,joint_common_sample,haz,common_sample,birth_order_raw,-0.0574215098023582,0.009413789010090974,-0.07587219722019548,-0.03897082238452093,1.062521164823501e-09,36040,4426,114,model_specific_equal_total_country_weight,cluster_robust_country_psu,baseline cluster-robust SE (statsmodels default)
model_C_joint_household_community,joint_common_sample,haz,common_sample,maternal_age,0.026498461449479295,0.00298382793905621,0.02065026615286475,0.03234665674609384,6.6444788422277115e-19,36040,4426,114,model_specific_equal_total_country_weight,cluster_robust_country_psu,baseline cluster-robust SE (statsmodels default)
model_C_joint_household_community,joint_common_sample,haz,common_sample,household_size_raw,-0.00427360869448674,0.005142693708839658,-0.014353103147333186,0.005805885758359706,0.40597030946183177,36040,4426,114,model_specific_equal_total_country_weight,cluster_robust_country_psu,baseline cluster-robust SE (statsmodels default)
model_C_joint_household_community,joint_common_sample,haz,common_sample,child_sex_Female,0.1479951585444263,0.022435075223514813,0.10402321911589035,0.19196709797296224,4.2070119919208024e-11,36040,4426,114,model_specific_equal_total_country_weight,cluster_robust_country_psu,baseline cluster-robust SE (statsmodels default)
model_C_joint_household_community,joint_common_sample,haz,common_sample,maternal_education_Higher,0.2249417157004281,0.06481145225462337,0.097913603495629,0.3519698279052272,0.0005190854601639719,36040,4426,114,model_specific_equal_total_country_weight,cluster_robust_country_psu,baseline cluster-robust SE (statsmodels default)
model_C_joint_household_community,joint_common_sample,haz,common_sample,maternal_education_Primary,-0.05949064093457741,0.04736710024822276,-0.15232845147319227,0.03334716960403744,0.2091346240507409,36040,4426,114,model_specific_equal_total_country_weight,cluster_robust_country_psu,baseline cluster-robust SE (statsmodels default)
model_C_joint_household_community,joint_common_sample,haz,common_sample,maternal_education_Secondary,0.008111921476406173,0.05171022001567345,-0.09323824738695602,0.10946209033976836,0.87534518109411,36040,4426,114,model_specific_equal_total_country_weight,cluster_robust_country_psu,baseline cluster-robust SE (statsmodels default)
model_C_joint_household_community,joint_common_sample,haz,common_sample,literacy_Able to read only parts of sentence,0.16235159200562593,0.048489336201463104,0.06731423941650402,0.2573889445947478,0.0008134073190917227,36040,4426,114,model_specific_equal_total_country_weight,cluster_robust_country_psu,baseline cluster-robust SE (statsmodels default)
model_C_joint_household_community,joint_common_sample,haz,common_sample,literacy_Able to read whole sentence,0.14101463500637815,0.04480545434263774,0.05319755818385441,0.22883171182890188,0.0016480556393304203,36040,4426,114,model_specific_equal_total_country_weight,cluster_robust_country_psu,baseline cluster-robust SE (statsmodels default)
model_C_joint_household_community,joint_common_sample,haz,common_sample,literacy_Blind/visually impaired,0.9870914933692246,0.5155169072367582,-0.023303078236297403,1.9974860649747468,0.055523033672962005,36040,4426,114,model_specific_equal_total_country_weight,cluster_robust_country_psu,baseline cluster-robust SE (statsmodels default)
model_C_joint_household_community,joint_common_sample,haz,common_sample,literacy_No card with required language,0.3944558041447953,0.256256107537237,-0.10779693744661223,0.8967085457362028,0.12373033329886293,36040,4426,114,model_specific_equal_total_country_weight,cluster_robust_country_psu,baseline cluster-robust SE (statsmodels default)
model_C_joint_household_community,joint_common_sample,haz,common_sample,wealth_quintile_Middle,0.1658655624490955,0.04985807678081462,0.06814552762026613,0.26358559727792485,0.0008786386423529303,36040,4426,114,model_specific_equal_total_country_weight,cluster_robust_country_psu,baseline cluster-robust SE (statsmodels default)
model_C_joint_household_community,joint_common_sample,haz,common_sample,wealth_quintile_Poorer,0.05114578653510279,0.03948607425380382,-0.026245496893226992,0.12853706996343256,0.19522134799367208,36040,4426,114,model_specific_equal_total_country_weight,cluster_robust_country_psu,baseline cluster-robust SE (statsmodels default)
model_C_joint_household_community,joint_common_sample,haz,common_sample,wealth_quintile_Richer,0.28362273131544735,0.05929803731720379,0.1674007138198158,0.3998447488110789,1.7269495389390843e-06,36040,4426,114,model_specific_equal_total_country_weight,cluster_robust_country_psu,baseline cluster-robust SE (statsmodels default)
model_C_joint_household_community,joint_common_sample,haz,common_sample,wealth_quintile_Richest,0.562563346563665,0.07169966779510757,0.4220345799817678,0.7030921131455623,4.291469528314059e-15,36040,4426,114,model_specific_equal_total_country_weight,cluster_robust_country_psu,baseline cluster-robust SE (statsmodels default)
model_C_joint_household_community,joint_common_sample,haz,common_sample,residence_Urban,-0.026195419922857045,0.03641644868293334,-0.09757034778625748,0.04517950794054338,0.47193802353367065,36040,4426,114,model_specific_equal_total_country_weight,cluster_robust_country_psu,baseline cluster-robust SE (statsmodels default)
model_C_joint_household_community,joint_common_sample,haz,common_sample,country_admin_region_ethiopia::02,0.013013506966128009,0.1319852288583496,-0.2456727880875138,0.27169980201976984,0.9214572933898956,36040,4426,114,model_specific_equal_total_country_weight,cluster_robust_country_psu,baseline cluster-robust SE (statsmodels default)
model_C_joint_household_community,joint_common_sample,haz,common_sample,country_admin_region_ethiopia::03,-0.12437000035244909,0.10338317566991936,-0.32699730127286863,0.07825730056797044,0.2289761707464505,36040,4426,114,model_specific_equal_total_country_weight,cluster_robust_country_psu,baseline cluster-robust SE (statsmodels default)
model_C_joint_household_community,joint_common_sample,haz,common_sample,country_admin_region_ethiopia::04,0.22144895938738562,0.1117008357820582,0.002519344211528607,0.44037857456324264,0.04742125294763522,36040,4426,114,model_specific_equal_total_country_weight,cluster_robust_country_psu,baseline cluster-robust SE (statsmodels default)
model_C_joint_household_community,joint_common_sample,haz,common_sample,country_admin_region_ethiopia::05,0.79926197837525,0.1441065941784004,0.5168182438508558,1.0817057128996441,2.9173665241945617e-08,36040,4426,114,model_specific_equal_total_country_weight,cluster_robust_country_psu,baseline cluster-robust SE (statsmodels default)
model_C_joint_household_community,joint_common_sample,haz,common_sample,country_admin_region_ethiopia::06,-0.22906394649255793,0.15709407681980259,-0.5369626792439396,0.0788347862588237,0.14480408171635623,36040,4426,114,model_specific_equal_total_country_weight,cluster_robust_country_psu,baseline cluster-robust SE (statsmodels default)
model_C_joint_household_community,joint_common_sample,haz,common_sample,country_admin_region_ethiopia::07,0.2839332753745151,0.11581037703977708,0.056949107340547644,0.5109174434084827,0.014217982480906815,36040,4426,114,model_specific_equal_total_country_weight,cluster_robust_country_psu,baseline cluster-robust SE (statsmodels default)
model_C_joint_household_community,joint_common_sample,haz,common_sample,country_admin_region_ethiopia::08,0.21737293691713305,0.11885248138488051,-0.015573646070449948,0.4503195199047161,0.06741000946569235,36040,4426,114,model_specific_equal_total_country_weight,cluster_robust_country_psu,baseline cluster-robust SE (statsmodels default)
model_C_joint_household_community,joint_common_sample,haz,common_sample,country_admin_region_ethiopia::09,0.14872735836050177,0.13689658023135307,-0.1195850084996482,0.41703972522065175,0.27729264959996003,36040,4426,114,model_specific_equal_total_country_weight,cluster_robust_country_psu,baseline cluster-robust SE (statsmodels default)
model_C_joint_household_community,joint_common_sample,haz,common_sample,country_admin_region_ethiopia::10,0.091990470145583,0.1182820783550334,-0.13983814344682716,0.3238190837379932,0.43673344010847004,36040,4426,114,model_specific_equal_total_country_weight,cluster_robust_country_psu,baseline cluster-robust SE (statsmodels default)
model_C_joint_household_community,joint_common_sample,haz,common_sample,country_admin_region_ethiopia::12,1.1275498972020592,0.14917307670228178,0.8351760394025559,1.4199237550015624,4.072149617564397e-14,36040,4426,114,model_specific_equal_total_country_weight,cluster_robust_country_psu,baseline cluster-robust SE (statsmodels default)
model_C_joint_household_community,joint_common_sample,haz,common_sample,country_admin_region_ethiopia::13,0.20002317934786534,0.12922784975302312,-0.053258751967613316,0.453305110663344,0.12166241780510924,36040,4426,114,model_specific_equal_total_country_weight,cluster_robust_country_psu,baseline cluster-robust SE (statsmodels default)
model_C_joint_household_community,joint_common_sample,haz,common_sample,country_admin_region_ethiopia::14,0.20949337526069006,0.11730102425331224,-0.020412407625461315,0.43939915814684144,0.07410789120674224,36040,4426,114,model_specific_equal_total_country_weight,cluster_robust_country_psu,baseline cluster-robust SE (statsmodels default)
model_C_joint_household_community,joint_common_sample,haz,common_sample,country_admin_region_ethiopia::15,0.3335571725495168,0.15079119545179656,0.03801186027825554,0.629102484820778,0.02696343546465089,36040,4426,114,model_specific_equal_total_country_weight,cluster_robust_country_psu,baseline cluster-robust SE (statsmodels default)
model_C_joint_household_community,joint_common_sample,haz,common_sample,country_admin_region_ghana::01,0.7469031649788521,0.1159173392640464,0.5197093548376105,0.9740969751200937,1.168170802327448e-10,36040,4426,114,model_specific_equal_total_country_weight,cluster_robust_country_psu,baseline cluster-robust SE (statsmodels default)
model_C_joint_household_community,joint_common_sample,haz,common_sample,country_admin_region_ghana::02,0.6470056128434667,0.12993050215197152,0.3923465081323985,0.9016647175545349,6.370648993176861e-07,36040,4426,114,model_specific_equal_total_country_weight,cluster_robust_country_psu,baseline cluster-robust SE (statsmodels default)
model_C_joint_household_community,joint_common_sample,haz,common_sample,country_admin_region_ghana::03,0.6216714483543536,0.13442600451125514,0.3582013209266747,0.8851415757820325,3.7525534227091797e-06,36040,4426,114,model_specific_equal_total_country_weight,cluster_robust_country_psu,baseline cluster-robust SE (statsmodels default)
model_C_joint_household_community,joint_common_sample,haz,common_sample,country_admin_region_ghana::04,0.5747484829762778,0.13394864960768524,0.3122139539674395,0.837283011985116,1.7802092007956775e-05,36040,4426,114,model_specific_equal_total_country_weight,cluster_robust_country_psu,baseline cluster-robust SE (statsmodels default)
model_C_joint_household_community,joint_common_sample,haz,common_sample,country_admin_region_ghana::05,0.7445878619202777,0.10736955723317426,0.5341473967072441,0.9550283271333113,4.067572304350802e-12,36040,4426,114,model_specific_equal_total_country_weight,cluster_robust_country_psu,baseline cluster-robust SE (statsmodels default)
model_C_joint_household_community,joint_common_sample,haz,common_sample,country_admin_region_ghana::06,0.7215964452962997,0.12010789560109794,0.48618929565925095,0.9570035949333485,1.879395793179587e-09,36040,4426,114,model_specific_equal_total_country_weight,cluster_robust_country_psu,baseline cluster-robust SE (statsmodels default)
model_C_joint_household_community,joint_common_sample,haz,common_sample,country_admin_region_ghana::07,0.8193145996426866,0.12648289894410888,0.5714126730520139,1.0672165262333593,9.314921469284945e-11,36040,4426,114,model_specific_equal_total_country_weight,cluster_robust_country_psu,baseline cluster-robust SE (statsmodels default)
model_C_joint_household_community,joint_common_sample,haz,common_sample,country_admin_region_ghana::08,0.7790466208074217,0.1016037588211076,0.579906912824157,0.9781863287906865,1.7538371303829216e-14,36040,4426,114,model_specific_equal_total_country_weight,cluster_robust_country_psu,baseline cluster-robust SE (statsmodels default)
model_C_joint_household_community,joint_common_sample,haz,common_sample,country_admin_region_ghana::09,0.6913891887142114,0.14518407740875416,0.40683362586437793,0.9759447515640449,1.9153576155031287e-06,36040,4426,114,model_specific_equal_total_country_weight,cluster_robust_country_psu,baseline cluster-robust SE (statsmodels default)
model_C_joint_household_community,joint_common_sample,haz,common_sample,country_admin_region_ghana::10,0.8438366224070292,0.1081087923074268,0.6319472830723518,1.0557259617417065,5.929461044263649e-15,36040,4426,114,model_specific_equal_total_country_weight,cluster_robust_country_psu,baseline cluster-robust SE (statsmodels default)
model_C_joint_household_community,joint_common_sample,haz,common_sample,country_admin_region_ghana::11,0.6174549712436893,0.10712094794659453,0.4075017712785742,0.8274081712088044,8.20987515519621e-09,36040,4426,114,model_specific_equal_total_country_weight,cluster_robust_country_psu,baseline cluster-robust SE (statsmodels default)
model_C_joint_household_community,joint_common_sample,haz,common_sample,country_admin_region_ghana::12,0.363863260409205,0.1061836755725502,0.15574708054092112,0.5719794402774889,0.0006108861263816167,36040,4426,114,model_specific_equal_total_country_weight,cluster_robust_country_psu,baseline cluster-robust SE (statsmodels default)
model_C_joint_household_community,joint_common_sample,haz,common_sample,country_admin_region_ghana::13,0.6347560072108835,0.10802889442129336,0.4230232648554686,0.8464887495662985,4.2081014527769475e-09,36040,4426,114,model_specific_equal_total_country_weight,cluster_robust_country_psu,baseline cluster-robust SE (statsmodels default)
model_C_joint_household_community,joint_common_sample,haz,common_sample,country_admin_region_ghana::14,0.5594279451635764,0.11677101286823335,0.33056096550357583,0.788294924823577,1.6610788462607517e-06,36040,4426,114,model_specific_equal_total_country_weight,cluster_robust_country_psu,baseline cluster-robust SE (statsmodels default)
model_C_joint_household_community,joint_common_sample,haz,common_sample,country_admin_region_ghana::15,0.5058157680864214,0.11329143402060016,0.2837686376491493,0.7278628985236935,8.016944292461547e-06,36040,4426,114,model_specific_equal_total_country_weight,cluster_robust_country_psu,baseline cluster-robust SE (statsmodels default)
model_C_joint_household_community,joint_common_sample,haz,common_sample,country_admin_region_ghana::16,0.7672674878565564,0.11836588130614016,0.5352746234981789,0.9992603522149339,9.041408494268966e-11,36040,4426,114,model_specific_equal_total_country_weight,cluster_robust_country_psu,baseline cluster-robust SE (statsmodels default)
model_C_joint_household_community,joint_common_sample,haz,common_sample,country_admin_region_kenya::01,0.607293992069928,0.12146729679060586,0.3692224650609028,0.8453655190789531,5.743442271294204e-07,36040,4426,114,model_specific_equal_total_country_weight,cluster_robust_country_psu,baseline cluster-robust SE (statsmodels default)
model_C_joint_household_community,joint_common_sample,haz,common_sample,country_admin_region_kenya::02,0.6316693250985324,0.13436449680711443,0.368319750555741,0.8950188996413238,2.586846265746612e-06,36040,4426,114,model_specific_equal_total_country_weight,cluster_robust_country_psu,baseline cluster-robust SE (statsmodels default)
model_C_joint_household_community,joint_common_sample,haz,common_sample,country_admin_region_kenya::03,0.20845221058468302,0.10607728087308196,0.0005445604955028327,0.4163598606738632,0.049402941771914795,36040,4426,114,model_specific_equal_total_country_weight,cluster_robust_country_psu,baseline cluster-robust SE (statsmodels default)
model_C_joint_household_community,joint_common_sample,haz,common_sample,country_admin_region_kenya::04,0.9103241938167976,0.10707251902114703,0.7004659128013696,1.1201824748322258,1.8644725824809977e-17,36040,4426,114,model_specific_equal_total_country_weight,cluster_robust_country_psu,baseline cluster-robust SE (statsmodels default)
model_C_joint_household_community,joint_common_sample,haz,common_sample,country_admin_region_kenya::05,0.7590449136381768,0.11523115151424754,0.5331960067731736,0.9848938205031801,4.483483824347108e-11,36040,4426,114,model_specific_equal_total_country_weight,cluster_robust_country_psu,baseline cluster-robust SE (statsmodels default)
model_C_joint_household_community,joint_common_sample,haz,common_sample,country_admin_region_kenya::06,0.6635798763667001,0.13134601452625053,0.4061464183823743,0.921013334351026,4.368624946020821e-07,36040,4426,114,model_specific_equal_total_country_weight,cluster_robust_country_psu,baseline cluster-robust SE (statsmodels default)
model_C_joint_household_community,joint_common_sample,haz,common_sample,country_admin_region_kenya::07,1.4215068983241927,0.1088158616353092,1.208231728572293,1.6347820680760925,5.32819627576313e-39,36040,4426,114,model_specific_equal_total_country_weight,cluster_robust_country_psu,baseline cluster-robust SE (statsmodels default)
model_C_joint_household_community,joint_common_sample,haz,common_sample,country_admin_region_kenya::08,1.5768740242111225,0.1005177516163882,1.379862851236059,1.7738851971861862,1.841153142206586e-55,36040,4426,114,model_specific_equal_total_country_weight,cluster_robust_country_psu,baseline cluster-robust SE (statsmodels default)
model_C_joint_household_community,joint_common_sample,haz,common_sample,country_admin_region_kenya::09,1.1202902219638566,0.1090537133571151,0.9065488714035564,1.334031572524157,9.342347159828123e-25,36040,4426,114,model_specific_equal_total_country_weight,cluster_robust_country_psu,baseline cluster-robust SE (statsmodels default)
model_C_joint_household_community,joint_common_sample,haz,common_sample,country_admin_region_kenya::10,1.035433461606758,0.11842331025053675,0.8033280385856929,1.267538884627823,2.2601058336493874e-18,36040,4426,114,model_specific_equal_total_country_weight,cluster_robust_country_psu,baseline cluster-robust SE (statsmodels default)
model_C_joint_household_community,joint_common_sample,haz,common_sample,country_admin_region_kenya::11,1.089011460036472,0.12466088390616277,0.8446806172994641,1.3333423027734799,2.4195641750663995e-18,36040,4426,114,model_specific_equal_total_country_weight,cluster_robust_country_psu,baseline cluster-robust SE (statsmodels default)
model_C_joint_household_community,joint_common_sample,haz,common_sample,country_admin_region_kenya::12,0.461332654064077,0.1206379978478428,0.2248865231152845,0.6977787850128694,0.00013124672588372274,36040,4426,114,model_specific_equal_total_country_weight,cluster_robust_country_psu,baseline cluster-robust SE (statsmodels default)
model_C_joint_household_community,joint_common_sample,haz,common_sample,country_admin_region_kenya::13,0.4620569535513973,0.11944549523875726,0.22794808476788256,0.6961658223349121,0.00010957441449941387,36040,4426,114,model_specific_equal_total_country_weight,cluster_robust_country_psu,baseline cluster-robust SE (statsmodels default)
model_C_joint_household_community,joint_common_sample,haz,common_sample,country_admin_region_kenya::14,0.6108769098816634,0.13435656568370208,0.34754288005511724,0.8742109397082096,5.449760675049352e-06,36040,4426,114,model_specific_equal_total_country_weight,cluster_robust_country_psu,baseline cluster-robust SE (statsmodels default)
model_C_joint_household_community,joint_common_sample,haz,common_sample,country_admin_region_kenya::15,0.5355265820048705,0.11685799581769227,0.30648911889666136,0.7645640451130795,4.589831957967566e-06,36040,4426,114,model_specific_equal_total_country_weight,cluster_robust_country_psu,baseline cluster-robust SE (statsmodels default)
model_C_joint_household_community,joint_common_sample,haz,common_sample,country_admin_region_kenya::16,0.5520756962203571,0.12146686274056737,0.3140050199337749,0.7901463725069393,5.491635125713719e-06,36040,4426,114,model_specific_equal_total_country_weight,cluster_robust_country_psu,baseline cluster-robust SE (statsmodels default)
model_C_joint_household_community,joint_common_sample,haz,common_sample,country_admin_region_kenya::17,0.4819299050067207,0.1068753870317534,0.27245799559070494,0.6914018144227365,6.505128132382576e-06,36040,4426,114,model_specific_equal_total_country_weight,cluster_robust_country_psu,baseline cluster-robust SE (statsmodels default)
model_C_joint_household_community,joint_common_sample,haz,common_sample,country_admin_region_kenya::18,0.5853463283671069,0.1321375489718772,0.3263614913768299,0.8443311653573838,9.430922118201447e-06,36040,4426,114,model_specific_equal_total_country_weight,cluster_robust_country_psu,baseline cluster-robust SE (statsmodels default)
model_C_joint_household_community,joint_common_sample,haz,common_sample,country_admin_region_kenya::19,0.6005182323286351,0.12659506706407292,0.3523964602626194,0.8486400043946508,2.0993789162661457e-06,36040,4426,114,model_specific_equal_total_country_weight,cluster_robust_country_psu,baseline cluster-robust SE (statsmodels default)
model_C_joint_household_community,joint_common_sample,haz,common_sample,country_admin_region_kenya::20,0.6501378113778752,0.1271183567313809,0.4009904104104539,0.8992852123452965,3.146914093146834e-07,36040,4426,114,model_specific_equal_total_country_weight,cluster_robust_country_psu,baseline cluster-robust SE (statsmodels default)
model_C_joint_household_community,joint_common_sample,haz,common_sample,country_admin_region_kenya::21,0.7463521171656966,0.10997514406773883,0.5308047955983247,0.9618994387330685,1.1484452056779845e-11,36040,4426,114,model_specific_equal_total_country_weight,cluster_robust_country_psu,baseline cluster-robust SE (statsmodels default)
model_C_joint_household_community,joint_common_sample,haz,common_sample,country_admin_region_kenya::22,0.48227899736266483,0.1273391029758616,0.2326989417063389,0.7318590530189908,0.00015225655596315247,36040,4426,114,model_specific_equal_total_country_weight,cluster_robust_country_psu,baseline cluster-robust SE (statsmodels default)
model_C_joint_household_community,joint_common_sample,haz,common_sample,country_admin_region_kenya::23,0.7803101635255106,0.10346056269234784,0.5775311868282605,0.9830891402227607,4.6245419200795086e-14,36040,4426,114,model_specific_equal_total_country_weight,cluster_robust_country_psu,baseline cluster-robust SE (statsmodels default)
model_C_joint_household_community,joint_common_sample,haz,common_sample,country_admin_region_kenya::24,0.41345108047829493,0.10053121281273525,0.21641352404320222,0.6104886369133876,3.911197608198631e-05,36040,4426,114,model_specific_equal_total_country_weight,cluster_robust_country_psu,baseline cluster-robust SE (statsmodels default)
model_C_joint_household_community,joint_common_sample,haz,common_sample,country_admin_region_kenya::25,0.44323020102406535,0.11028732482083622,0.227071016423956,0.6593893856241747,5.847841807976377e-05,36040,4426,114,model_specific_equal_total_country_weight,cluster_robust_country_psu,baseline cluster-robust SE (statsmodels default)
model_C_joint_household_community,joint_common_sample,haz,common_sample,country_admin_region_kenya::26,0.6199219119379138,0.11339228238867025,0.3976771223313247,0.8421667015445029,4.575725707593659e-08,36040,4426,114,model_specific_equal_total_country_weight,cluster_robust_country_psu,baseline cluster-robust SE (statsmodels default)
model_C_joint_household_community,joint_common_sample,haz,common_sample,country_admin_region_kenya::27,0.5864345161271178,0.10719212910464503,0.3763418036558459,0.7965272285983898,4.4782433799650784e-08,36040,4426,114,model_specific_equal_total_country_weight,cluster_robust_country_psu,baseline cluster-robust SE (statsmodels default)
model_C_joint_household_community,joint_common_sample,haz,common_sample,country_admin_region_kenya::28,0.5306956308558696,0.10111050378587977,0.33252268497684445,0.7288685767348947,1.532015309034981e-07,36040,4426,114,model_specific_equal_total_country_weight,cluster_robust_country_psu,baseline cluster-robust SE (statsmodels default)
model_C_joint_household_community,joint_common_sample,haz,common_sample,country_admin_region_kenya::29,0.8403962995230527,0.11853814256894417,0.608065809293648,1.0727267897524575,1.3443228432704427e-12,36040,4426,114,model_specific_equal_total_country_weight,cluster_robust_country_psu,baseline cluster-robust SE (statsmodels default)
model_C_joint_household_community,joint_common_sample,haz,common_sample,country_admin_region_kenya::30,0.6901563739700296,0.0989280946481492,0.49626087140048747,0.8840518765395717,3.0296138527118594e-12,36040,4426,114,model_specific_equal_total_country_weight,cluster_robust_country_psu,baseline cluster-robust SE (statsmodels default)
model_C_joint_household_community,joint_common_sample,haz,common_sample,country_admin_region_kenya::31,0.7344720192861158,0.10409540374547825,0.5304487769888226,0.938495261583409,1.716618615303338e-12,36040,4426,114,model_specific_equal_total_country_weight,cluster_robust_country_psu,baseline cluster-robust SE (statsmodels default)
model_C_joint_household_community,joint_common_sample,haz,common_sample,country_admin_region_kenya::32,0.5266955115533714,0.1204488890640945,0.29062002700988576,0.762770996096857,1.2267891018296884e-05,36040,4426,114,model_specific_equal_total_country_weight,cluster_robust_country_psu,baseline cluster-robust SE (statsmodels default)
model_C_joint_household_community,joint_common_sample,haz,common_sample,country_admin_region_kenya::33,0.6134164647939532,0.09600980112618414,0.42524071242377914,0.8015922171641272,1.6686213809473827e-10,36040,4426,114,model_specific_equal_total_country_weight,cluster_robust_country_psu,baseline cluster-robust SE (statsmodels default)
model_C_joint_household_community,joint_common_sample,haz,common_sample,country_admin_region_kenya::34,0.8249503456070748,0.12159273507356494,0.5866329640811673,1.0632677271329822,1.1645981453566586e-11,36040,4426,114,model_specific_equal_total_country_weight,cluster_robust_country_psu,baseline cluster-robust SE (statsmodels default)
model_C_joint_household_community,joint_common_sample,haz,common_sample,country_admin_region_kenya::35,0.5691953392193416,0.11179550538398134,0.3500801750332845,0.7883105034053988,3.554342917485408e-07,36040,4426,114,model_specific_equal_total_country_weight,cluster_robust_country_psu,baseline cluster-robust SE (statsmodels default)
model_C_joint_household_community,joint_common_sample,haz,common_sample,country_admin_region_kenya::36,0.561696086160918,0.1111655785139428,0.3438155559530305,0.7795766163688056,4.3540740784874805e-07,36040,4426,114,model_specific_equal_total_country_weight,cluster_robust_country_psu,baseline cluster-robust SE (statsmodels default)
model_C_joint_household_community,joint_common_sample,haz,common_sample,country_admin_region_kenya::37,0.9161858162627489,0.10945755772172551,0.7016529452924528,1.130718687233045,5.750194380013358e-17,36040,4426,114,model_specific_equal_total_country_weight,cluster_robust_country_psu,baseline cluster-robust SE (statsmodels default)
model_C_joint_household_community,joint_common_sample,haz,common_sample,country_admin_region_kenya::38,0.7387539796515113,0.10574245294887752,0.5315025802347901,0.9460053790682326,2.8212605856868055e-12,36040,4426,114,model_specific_equal_total_country_weight,cluster_robust_country_psu,baseline cluster-robust SE (statsmodels default)
model_C_joint_household_community,joint_common_sample,haz,common_sample,country_admin_region_kenya::39,0.7180333328662809,0.11723564804356186,0.48825568499668603,0.9478109807358758,9.085385086153874e-10,36040,4426,114,model_specific_equal_total_country_weight,cluster_robust_country_psu,baseline cluster-robust SE (statsmodels default)
model_C_joint_household_community,joint_common_sample,haz,common_sample,country_admin_region_kenya::40,1.0163462978159796,0.10372061396599297,0.8130576299882513,1.219634965643708,1.1383600634517912e-22,36040,4426,114,model_specific_equal_total_country_weight,cluster_robust_country_psu,baseline cluster-robust SE (statsmodels default)
model_C_joint_household_community,joint_common_sample,haz,common_sample,country_admin_region_kenya::41,0.6304102108106954,0.11742980720388292,0.40025201797960264,0.8605684036417881,7.943808959049272e-08,36040,4426,114,model_specific_equal_total_country_weight,cluster_robust_country_psu,baseline cluster-robust SE (statsmodels default)
model_C_joint_household_community,joint_common_sample,haz,common_sample,country_admin_region_kenya::42,1.0620984882107811,0.10647468877417561,0.8534119329482858,1.2707850434732766,1.9585174825500168e-23,36040,4426,114,model_specific_equal_total_country_weight,cluster_robust_country_psu,baseline cluster-robust SE (statsmodels default)
model_C_joint_household_community,joint_common_sample,haz,common_sample,country_admin_region_kenya::43,1.0588650019107868,0.10643604245668932,0.8502541920386997,1.267475811782874,2.5635058010879932e-23,36040,4426,114,model_specific_equal_total_country_weight,cluster_robust_country_psu,baseline cluster-robust SE (statsmodels default)
model_C_joint_household_community,joint_common_sample,haz,common_sample,country_admin_region_kenya::44,0.9570723071305913,0.10995530077390078,0.7415638777044766,1.172580736556706,3.1983857399482634e-18,36040,4426,114,model_specific_equal_total_country_weight,cluster_robust_country_psu,baseline cluster-robust SE (statsmodels default)
model_C_joint_household_community,joint_common_sample,haz,common_sample,country_admin_region_kenya::45,0.7860553596454392,0.11273354570710764,0.5651016702100081,1.00700904908087,3.109511629975095e-12,36040,4426,114,model_specific_equal_total_country_weight,cluster_robust_country_psu,baseline cluster-robust SE (statsmodels default)
model_C_joint_household_community,joint_common_sample,haz,common_sample,country_admin_region_kenya::46,0.6340371853252611,0.12434917476784242,0.39031728127301313,0.8777570893775091,3.417319786933851e-07,36040,4426,114,model_specific_equal_total_country_weight,cluster_robust_country_psu,baseline cluster-robust SE (statsmodels default)
model_C_joint_household_community,joint_common_sample,haz,common_sample,country_admin_region_kenya::47,0.6259074347668361,0.11310230480513979,0.40423099078029057,0.8475838787533816,3.1302033937847934e-08,36040,4426,114,model_specific_equal_total_country_weight,cluster_robust_country_psu,baseline cluster-robust SE (statsmodels default)
model_C_joint_household_community,joint_common_sample,haz,common_sample,country_admin_region_nigeria::01,0.4152243569977709,0.13811345849075185,0.14452695257562953,0.6859217614199122,0.002643606415003135,36040,4426,114,model_specific_equal_total_country_weight,cluster_robust_country_psu,baseline cluster-robust SE (statsmodels default)
model_C_joint_household_community,joint_common_sample,haz,common_sample,country_admin_region_nigeria::02,0.6325462796143496,0.12847965165698175,0.3807307896204135,0.8843617696082857,8.508868070963605e-07,36040,4426,114,model_specific_equal_total_country_weight,cluster_robust_country_psu,baseline cluster-robust SE (statsmodels default)
model_C_joint_household_community,joint_common_sample,haz,common_sample,country_admin_region_nigeria::03,0.15962642043866976,0.20246525801444276,-0.2371981933902476,0.5564510342675871,0.4304546522803061,36040,4426,114,model_specific_equal_total_country_weight,cluster_robust_country_psu,baseline cluster-robust SE (statsmodels default)
model_C_joint_household_community,joint_common_sample,haz,common_sample,country_admin_region_nigeria::04,-0.08205014400453231,0.1243354749016983,-0.3257431968125448,0.16164290880348017,0.5093119955340877,36040,4426,114,model_specific_equal_total_country_weight,cluster_robust_country_psu,baseline cluster-robust SE (statsmodels default)
model_C_joint_household_community,joint_common_sample,haz,common_sample,country_admin_region_nigeria::05,0.12577450512507135,0.12149546460557772,-0.11235222978682188,0.36390124003696456,0.3005662949218091,36040,4426,114,model_specific_equal_total_country_weight,cluster_robust_country_psu,baseline cluster-robust SE (statsmodels default)
model_C_joint_household_community,joint_common_sample,haz,common_sample,country_admin_region_nigeria::06,-0.009468019236513591,0.1461527185707214,-0.2959220838777459,0.2769860454047187,0.948347824829513,36040,4426,114,model_specific_equal_total_country_weight,cluster_robust_country_psu,baseline cluster-robust SE (statsmodels default)
model_C_joint_household_community,joint_common_sample,haz,common_sample,country_admin_region_nigeria::07,-0.07277586498733642,0.12234388109464052,-0.31256546566168264,0.16701373568700978,0.5519458876052219,36040,4426,114,model_specific_equal_total_country_weight,cluster_robust_country_psu,baseline cluster-robust SE (statsmodels default)
model_C_joint_household_community,joint_common_sample,haz,common_sample,country_admin_region_nigeria::08,-0.18948862778351905,0.1774187952725399,-0.5372230766981825,0.15824582113114438,0.2855068984924519,36040,4426,114,model_specific_equal_total_country_weight,cluster_robust_country_psu,baseline cluster-robust SE (statsmodels default)
model_C_joint_household_community,joint_common_sample,haz,common_sample,country_admin_region_nigeria::09,-0.4939947549137873,0.11676720316352829,-0.7228542676897742,-0.2651352421378004,2.3307390255563954e-05,36040,4426,114,model_specific_equal_total_country_weight,cluster_robust_country_psu,baseline cluster-robust SE (statsmodels default)
model_C_joint_household_community,joint_common_sample,haz,common_sample,country_admin_region_nigeria::10,0.06280613775814453,0.16233757402899218,-0.25536966067628497,0.38098193619257403,0.6988405919297758,36040,4426,114,model_specific_equal_total_country_weight,cluster_robust_country_psu,baseline cluster-robust SE (statsmodels default)
model_C_joint_household_community,joint_common_sample,haz,common_sample,country_admin_region_nigeria::11,-0.20035404725590075,0.13009831655299037,-0.45534206214905304,0.05463396763725151,0.12355540758031601,36040,4426,114,model_specific_equal_total_country_weight,cluster_robust_country_psu,baseline cluster-robust SE (statsmodels default)
model_C_joint_household_community,joint_common_sample,haz,common_sample,country_admin_region_nigeria::12,-0.012926211538729413,0.13859637387822452,-0.2845701127278974,0.25871768965043856,0.9256929179905158,36040,4426,114,model_specific_equal_total_country_weight,cluster_robust_country_psu,baseline cluster-robust SE (statsmodels default)
model_C_joint_household_community,joint_common_sample,haz,common_sample,country_admin_region_nigeria::13,-0.2019866852610567,0.14225042767448484,-0.4807924002884668,0.07681902976635338,0.1556259416146774,36040,4426,114,model_specific_equal_total_country_weight,cluster_robust_country_psu,baseline cluster-robust SE (statsmodels default)
model_C_joint_household_community,joint_common_sample,haz,common_sample,country_admin_region_nigeria::14,-0.21541876031612944,0.11908833670454214,-0.4488276112358114,0.017990090603552528,0.07046671258946342,36040,4426,114,model_specific_equal_total_country_weight,cluster_robust_country_psu,baseline cluster-robust SE (statsmodels default)
model_C_joint_household_community,joint_common_sample,haz,common_sample,country_admin_region_nigeria::15,-0.04920091956559471,0.11610857222777478,-0.2767695394284008,0.17836770029721138,0.6717486985355092,36040,4426,114,model_specific_equal_total_country_weight,cluster_robust_country_psu,baseline cluster-robust SE (statsmodels default)
model_C_joint_household_community,joint_common_sample,haz,common_sample,country_admin_region_nigeria::16,-0.36629705764697723,0.1221885543877151,-0.6057822235699124,-0.12681189172404203,0.0027193453891315705,36040,4426,114,model_specific_equal_total_country_weight,cluster_robust_country_psu,baseline cluster-robust SE (statsmodels default)
model_C_joint_household_community,joint_common_sample,haz,common_sample,country_admin_region_nigeria::17,-0.40418448047623134,0.20502105832009476,-0.806018370855903,-0.002350590096559635,0.04867481527042163,36040,4426,114,model_specific_equal_total_country_weight,cluster_robust_country_psu,baseline cluster-robust SE (statsmodels default)
model_C_joint_household_community,joint_common_sample,haz,common_sample,country_admin_region_nigeria::18,-0.4239873553407955,0.12158994787007321,-0.6622992740482416,-0.18567543663334937,0.0004884231840430201,36040,4426,114,model_specific_equal_total_country_weight,cluster_robust_country_psu,baseline cluster-robust SE (statsmodels default)
model_C_joint_household_community,joint_common_sample,haz,common_sample,country_admin_region_nigeria::19,-0.10096747920088983,0.1191817803861681,-0.33455947637114153,0.13262451796936187,0.396899202035221,36040,4426,114,model_specific_equal_total_country_weight,cluster_robust_country_psu,baseline cluster-robust SE (statsmodels default)
model_C_joint_household_community,joint_common_sample,haz,common_sample,country_admin_region_nigeria::20,-0.6918335925955038,0.1880570099126815,-1.0604185590646515,-0.32324862612635613,0.00023428770502460374,36040,4426,114,model_specific_equal_total_country_weight,cluster_robust_country_psu,baseline cluster-robust SE (statsmodels default)
model_C_joint_household_community,joint_common_sample,haz,common_sample,country_admin_region_nigeria::21,0.36219166704310746,0.1715321944077841,0.025994743814727717,0.6983885902714873,0.03472863783892358,36040,4426,114,model_specific_equal_total_country_weight,cluster_robust_country_psu,baseline cluster-robust SE (statsmodels default)
model_C_joint_household_community,joint_common_sample,haz,common_sample,country_admin_region_nigeria::22,0.6051667460645871,0.14085107434802194,0.32910371315869064,0.8812297789704835,1.7351538429582587e-05,36040,4426,114,model_specific_equal_total_country_weight,cluster_robust_country_psu,baseline cluster-robust SE (statsmodels default)
model_C_joint_household_community,joint_common_sample,haz,common_sample,country_admin_region_nigeria::23,0.4029876156769773,0.10471421163189061,0.19775153220896646,0.6082236991449881,0.00011886658841326643,36040,4426,114,model_specific_equal_total_country_weight,cluster_robust_country_psu,baseline cluster-robust SE (statsmodels default)
model_C_joint_household_community,joint_common_sample,haz,common_sample,country_admin_region_nigeria::24,0.8164295846702267,0.12241716763287365,0.5764963450203919,1.0563628243200616,2.571298445728897e-11,36040,4426,114,model_specific_equal_total_country_weight,cluster_robust_country_psu,baseline cluster-robust SE (statsmodels default)
model_C_joint_household_community,joint_common_sample,haz,common_sample,country_admin_region_nigeria::25,0.5281334502344863,0.11084915118329096,0.31087310619840053,0.7453937942705722,1.8938461468802401e-06,36040,4426,114,model_specific_equal_total_country_weight,cluster_robust_country_psu,baseline cluster-robust SE (statsmodels default)
model_C_joint_household_community,joint_common_sample,haz,common_sample,country_admin_region_nigeria::26,0.23251895621049848,0.14897191398326345,-0.05946062990469678,0.5244985423256937,0.11856525530105938,36040,4426,114,model_specific_equal_total_country_weight,cluster_robust_country_psu,baseline cluster-robust SE (statsmodels default)
model_C_joint_household_community,joint_common_sample,haz,common_sample,country_admin_region_nigeria::27,0.3540930522264476,0.13597814595947108,0.08758078346135362,0.6206053209915416,0.009213097346716874,36040,4426,114,model_specific_equal_total_country_weight,cluster_robust_country_psu,baseline cluster-robust SE (statsmodels default)
model_C_joint_household_community,joint_common_sample,haz,common_sample,country_admin_region_nigeria::28,0.23009202817078572,0.15643312236356643,-0.07651125765095179,0.5366953139925232,0.14132758876206497,36040,4426,114,model_specific_equal_total_country_weight,cluster_robust_country_psu,baseline cluster-robust SE (statsmodels default)
model_C_joint_household_community,joint_common_sample,haz,common_sample,country_admin_region_nigeria::29,0.5143910393951461,0.12743320999299412,0.2646265373745479,0.7641555414157443,5.4242034505067e-05,36040,4426,114,model_specific_equal_total_country_weight,cluster_robust_country_psu,baseline cluster-robust SE (statsmodels default)
model_C_joint_household_community,joint_common_sample,haz,common_sample,country_admin_region_nigeria::30,0.5759187105601359,0.13925328398083753,0.3029872892287659,0.8488501318915058,3.537757225397826e-05,36040,4426,114,model_specific_equal_total_country_weight,cluster_robust_country_psu,baseline cluster-robust SE (statsmodels default)
model_C_joint_household_community,joint_common_sample,haz,common_sample,country_admin_region_nigeria::31,0.7351104607052941,0.12749576518157488,0.4852233527680315,0.9849975686425566,8.128886699126059e-09,36040,4426,114,model_specific_equal_total_country_weight,cluster_robust_country_psu,baseline cluster-robust SE (statsmodels default)
model_C_joint_household_community,joint_common_sample,haz,common_sample,country_admin_region_nigeria::32,0.36153942571434716,0.13752535206490857,0.09199468870593519,0.6310841627227591,0.008566332751121987,36040,4426,114,model_specific_equal_total_country_weight,cluster_robust_country_psu,baseline cluster-robust SE (statsmodels default)
model_C_joint_household_community,joint_common_sample,haz,common_sample,country_admin_region_nigeria::33,0.3744920215217544,0.1695973951778458,0.042087235101369636,0.7068968079421392,0.027235653876766543,36040,4426,114,model_specific_equal_total_country_weight,cluster_robust_country_psu,baseline cluster-robust SE (statsmodels default)
model_C_joint_household_community,joint_common_sample,haz,common_sample,country_admin_region_nigeria::34,0.33704182706420416,0.15590820626697588,0.03146735788668947,0.6426162962417188,0.03063385924279329,36040,4426,114,model_specific_equal_total_country_weight,cluster_robust_country_psu,baseline cluster-robust SE (statsmodels default)
model_C_joint_household_community,joint_common_sample,haz,common_sample,country_admin_region_nigeria::35,0.18679920276173,0.15770086630810917,-0.12228881553293003,0.49588722105639005,0.23620885794844548,36040,4426,114,model_specific_equal_total_country_weight,cluster_robust_country_psu,baseline cluster-robust SE (statsmodels default)
model_C_joint_household_community,joint_common_sample,haz,common_sample,country_admin_region_nigeria::36,-0.030459157978121175,0.14765516305396884,-0.3198579596952893,0.258939643739047,0.8365676988228075,36040,4426,114,model_specific_equal_total_country_weight,cluster_robust_country_psu,baseline cluster-robust SE (statsmodels default)
model_C_joint_household_community,joint_common_sample,haz,common_sample,country_admin_region_nigeria::37,0.3011462276941919,0.13325703270424535,0.03996724290719489,0.5623252124811889,0.023828082411548882,36040,4426,114,model_specific_equal_total_country_weight,cluster_robust_country_psu,baseline cluster-robust SE (statsmodels default)
model_C_joint_household_community,joint_common_sample,waz,common_sample,const,-1.5378180625617812,0.09738069896274154,-1.7286807253180916,-1.3469553998054709,3.542341940438551e-56,36308,4426,114,model_specific_equal_total_country_weight,cluster_robust_country_psu,baseline cluster-robust SE (statsmodels default)
model_C_joint_household_community,joint_common_sample,waz,common_sample,_water_hh_binary,-0.014739127583794196,0.03540331785128281,-0.08412835550553248,0.05465010033794408,0.6771754814001278,36308,4426,114,model_specific_equal_total_country_weight,cluster_robust_country_psu,baseline cluster-robust SE (statsmodels default)
model_C_joint_household_community,joint_common_sample,waz,common_sample,_sani_hh_binary,0.03918431513372048,0.02997624389392358,-0.019568043290158446,0.09793667355759941,0.19115194154982884,36308,4426,114,model_specific_equal_total_country_weight,cluster_robust_country_psu,baseline cluster-robust SE (statsmodels default)
model_C_joint_household_community,joint_common_sample,waz,common_sample,water_rate_loo,0.08143972798857783,0.052494667338194634,-0.021447929374694752,0.18432738535185042,0.12080813148473808,36308,4426,114,model_specific_equal_total_country_weight,cluster_robust_country_psu,baseline cluster-robust SE (statsmodels default)
model_C_joint_household_community,joint_common_sample,waz,common_sample,sanitation_rate_loo_core,0.021956002413632922,0.05829234381201006,-0.09229489203233308,0.1362068968595989,0.7064312881542989,36308,4426,114,model_specific_equal_total_country_weight,cluster_robust_country_psu,baseline cluster-robust SE (statsmodels default)
model_C_joint_household_community,joint_common_sample,waz,common_sample,b19_raw,-0.01049624883356932,0.000599176658633666,-0.011670613504868355,-0.009321884162270283,1.0482501351947604e-68,36308,4426,114,model_specific_equal_total_country_weight,cluster_robust_country_psu,baseline cluster-robust SE (statsmodels default)
model_C_joint_household_community,joint_common_sample,waz,common_sample,birth_order_raw,-0.03381763204844214,0.008077909039008537,-0.049650042835289426,-0.01798522126159485,2.8337143586822533e-05,36308,4426,114,model_specific_equal_total_country_weight,cluster_robust_country_psu,baseline cluster-robust SE (statsmodels default)
model_C_joint_household_community,joint_common_sample,waz,common_sample,maternal_age,0.01569007615575992,0.0025997403431205035,0.010594678714087931,0.020785473597431908,1.5871932525988118e-09,36308,4426,114,model_specific_equal_total_country_weight,cluster_robust_country_psu,baseline cluster-robust SE (statsmodels default)
model_C_joint_household_community,joint_common_sample,waz,common_sample,household_size_raw,-0.0026804150609475866,0.0039217826989062406,-0.01036696790599611,0.005006137784100936,0.49431082851444264,36308,4426,114,model_specific_equal_total_country_weight,cluster_robust_country_psu,baseline cluster-robust SE (statsmodels default)
model_C_joint_household_community,joint_common_sample,waz,common_sample,child_sex_Female,0.0936807171648924,0.018975895422383916,0.05648864556262145,0.13087278876716335,7.94037560805817e-07,36308,4426,114,model_specific_equal_total_country_weight,cluster_robust_country_psu,baseline cluster-robust SE (statsmodels default)
model_C_joint_household_community,joint_common_sample,waz,common_sample,maternal_education_Higher,0.24092438274791164,0.058562696030303334,0.12614360769095032,0.355705157804873,3.8893479400903335e-05,36308,4426,114,model_specific_equal_total_country_weight,cluster_robust_country_psu,baseline cluster-robust SE (statsmodels default)
model_C_joint_household_community,joint_common_sample,waz,common_sample,maternal_education_Primary,0.00748133364103378,0.040852598314920524,-0.07258828773109216,0.08755095501315971,0.8546960688340318,36308,4426,114,model_specific_equal_total_country_weight,cluster_robust_country_psu,baseline cluster-robust SE (statsmodels default)
model_C_joint_household_community,joint_common_sample,waz,common_sample,maternal_education_Secondary,0.06418245698053587,0.0465709288452427,-0.027094886282717348,0.15545980024378908,0.168152133100692,36308,4426,114,model_specific_equal_total_country_weight,cluster_robust_country_psu,baseline cluster-robust SE (statsmodels default)
model_C_joint_household_community,joint_common_sample,waz,common_sample,literacy_Able to read only parts of sentence,0.0837845391045173,0.04287702987026059,-0.00025289520524156284,0.16782197341427618,0.05069343208037441,36308,4426,114,model_specific_equal_total_country_weight,cluster_robust_country_psu,baseline cluster-robust SE (statsmodels default)
model_C_joint_household_community,joint_common_sample,waz,common_sample,literacy_Able to read whole sentence,0.09046311557375225,0.040608891323779706,0.010871151127042955,0.17005508002046155,0.025902682387643112,36308,4426,114,model_specific_equal_total_country_weight,cluster_robust_country_psu,baseline cluster-robust SE (statsmodels default)
model_C_joint_household_community,joint_common_sample,waz,common_sample,literacy_Blind/visually impaired,0.467621049279915,0.21557368617259653,0.045104388367085524,0.8901377101927445,0.030067992738263917,36308,4426,114,model_specific_equal_total_country_weight,cluster_robust_country_psu,baseline cluster-robust SE (statsmodels default)
model_C_joint_household_community,joint_common_sample,waz,common_sample,literacy_No card with required language,0.5211958975484661,0.2668787273740529,-0.0018767963445613933,1.0442685914414935,0.050827701812667395,36308,4426,114,model_specific_equal_total_country_weight,cluster_robust_country_psu,baseline cluster-robust SE (statsmodels default)
model_C_joint_household_community,joint_common_sample,waz,common_sample,wealth_quintile_Middle,0.13568475861153845,0.04091247762599782,0.055497775946281955,0.21587174127679493,0.0009116433643592069,36308,4426,114,model_specific_equal_total_country_weight,cluster_robust_country_psu,baseline cluster-robust SE (statsmodels default)
model_C_joint_household_community,joint_common_sample,waz,common_sample,wealth_quintile_Poorer,0.05921889098760007,0.03274037986016301,-0.004951074378479969,0.1233888563536801,0.07049113821644115,36308,4426,114,model_specific_equal_total_country_weight,cluster_robust_country_psu,baseline cluster-robust SE (statsmodels default)
model_C_joint_household_community,joint_common_sample,waz,common_sample,wealth_quintile_Richer,0.19557024540220475,0.04868239532079181,0.10015450389231154,0.290985986912098,5.88766678116292e-05,36308,4426,114,model_specific_equal_total_country_weight,cluster_robust_country_psu,baseline cluster-robust SE (statsmodels default)
model_C_joint_household_community,joint_common_sample,waz,common_sample,wealth_quintile_Richest,0.4245019915278189,0.06298912222606043,0.3010455805469491,0.5479584025086888,1.5916192786392344e-11,36308,4426,114,model_specific_equal_total_country_weight,cluster_robust_country_psu,baseline cluster-robust SE (statsmodels default)
model_C_joint_household_community,joint_common_sample,waz,common_sample,residence_Urban,-0.050923711732359184,0.03274853944055824,-0.11510966958214283,0.013262246117424464,0.11994801179385904,36308,4426,114,model_specific_equal_total_country_weight,cluster_robust_country_psu,baseline cluster-robust SE (statsmodels default)
model_C_joint_household_community,joint_common_sample,waz,common_sample,country_admin_region_ethiopia::02,-0.3411880006215165,0.10206527259662908,-0.5412322589831724,-0.14114374225986057,0.000829253331211137,36308,4426,114,model_specific_equal_total_country_weight,cluster_robust_country_psu,baseline cluster-robust SE (statsmodels default)
model_C_joint_household_community,joint_common_sample,waz,common_sample,country_admin_region_ethiopia::03,-0.056960089168653805,0.0854403660129019,-0.22442012937986164,0.11049995104255403,0.5049862329386581,36308,4426,114,model_specific_equal_total_country_weight,cluster_robust_country_psu,baseline cluster-robust SE (statsmodels default)
model_C_joint_household_community,joint_common_sample,waz,common_sample,country_admin_region_ethiopia::04,0.34367060559621126,0.09034114400165429,0.16660521703082212,0.5207359941616004,0.00014229612399760657,36308,4426,114,model_specific_equal_total_country_weight,cluster_robust_country_psu,baseline cluster-robust SE (statsmodels default)
model_C_joint_household_community,joint_common_sample,waz,common_sample,country_admin_region_ethiopia::05,0.21808113078085467,0.09544629320922059,0.031009833632932388,0.4051524279287769,0.022321214334767164,36308,4426,114,model_specific_equal_total_country_weight,cluster_robust_country_psu,baseline cluster-robust SE (statsmodels default)
model_C_joint_household_community,joint_common_sample,waz,common_sample,country_admin_region_ethiopia::06,-0.13551581024840983,0.12299462192871462,-0.37658083952081084,0.10554921902399117,0.2705474431616891,36308,4426,114,model_specific_equal_total_country_weight,cluster_robust_country_psu,baseline cluster-robust SE (statsmodels default)
model_C_joint_household_community,joint_common_sample,waz,common_sample,country_admin_region_ethiopia::07,0.4855894335083075,0.10093913611273012,0.28775236209677013,0.6834265049198449,1.5039120337667434e-06,36308,4426,114,model_specific_equal_total_country_weight,cluster_robust_country_psu,baseline cluster-robust SE (statsmodels default)
model_C_joint_household_community,joint_common_sample,waz,common_sample,country_admin_region_ethiopia::08,0.30787758483386213,0.08770762254097524,0.13597380348391724,0.479781366183807,0.0004476490383861076,36308,4426,114,model_specific_equal_total_country_weight,cluster_robust_country_psu,baseline cluster-robust SE (statsmodels default)
model_C_joint_household_community,joint_common_sample,waz,common_sample,country_admin_region_ethiopia::09,0.3302773314511289,0.10033010522730265,0.1336339386405019,0.526920724261756,0.0009951066868217908,36308,4426,114,model_specific_equal_total_country_weight,cluster_robust_country_psu,baseline cluster-robust SE (statsmodels default)
model_C_joint_household_community,joint_common_sample,waz,common_sample,country_admin_region_ethiopia::10,0.32260542748831333,0.09904487877614636,0.1284810322339309,0.5167298227426957,0.0011253134026010456,36308,4426,114,model_specific_equal_total_country_weight,cluster_robust_country_psu,baseline cluster-robust SE (statsmodels default)
model_C_joint_household_community,joint_common_sample,waz,common_sample,country_admin_region_ethiopia::12,0.35375696505629073,0.10610528327296535,0.1457944312718584,0.561719498840723,0.0008560099992677293,36308,4426,114,model_specific_equal_total_country_weight,cluster_robust_country_psu,baseline cluster-robust SE (statsmodels default)
model_C_joint_household_community,joint_common_sample,waz,common_sample,country_admin_region_ethiopia::13,0.25546397362103007,0.1021493308697684,0.055254964071418444,0.4556729831706417,0.012388256208096816,36308,4426,114,model_specific_equal_total_country_weight,cluster_robust_country_psu,baseline cluster-robust SE (statsmodels default)
model_C_joint_household_community,joint_common_sample,waz,common_sample,country_admin_region_ethiopia::14,0.3320320618046101,0.09882959128264039,0.13832962228382123,0.5257345013253989,0.0007804348642304509,36308,4426,114,model_specific_equal_total_country_weight,cluster_robust_country_psu,baseline cluster-robust SE (statsmodels default)
model_C_joint_household_community,joint_common_sample,waz,common_sample,country_admin_region_ethiopia::15,0.12874590471115743,0.13282658136403333,-0.131589410951927,0.38908122037424187,0.3324064218375251,36308,4426,114,model_specific_equal_total_country_weight,cluster_robust_country_psu,baseline cluster-robust SE (statsmodels default)
model_C_joint_household_community,joint_common_sample,waz,common_sample,country_admin_region_ghana::01,0.2953017334173603,0.09609307263649162,0.10696277188604536,0.4836406949486753,0.002118614336588991,36308,4426,114,model_specific_equal_total_country_weight,cluster_robust_country_psu,baseline cluster-robust SE (statsmodels default)
model_C_joint_household_community,joint_common_sample,waz,common_sample,country_admin_region_ghana::02,0.22069513236692936,0.12186254356594442,-0.01815106408676498,0.4595413288206237,0.07013822742257185,36308,4426,114,model_specific_equal_total_country_weight,cluster_robust_country_psu,baseline cluster-robust SE (statsmodels default)
model_C_joint_household_community,joint_common_sample,waz,common_sample,country_admin_region_ghana::03,0.29370599667867,0.11745723476678913,0.06349404681209739,0.5239179465452426,0.012400567001422502,36308,4426,114,model_specific_equal_total_country_weight,cluster_robust_country_psu,baseline cluster-robust SE (statsmodels default)
model_C_joint_household_community,joint_common_sample,waz,common_sample,country_admin_region_ghana::04,0.16753781277913513,0.12479408194836435,-0.0770540933233991,0.4121297188816694,0.17942936647223207,36308,4426,114,model_specific_equal_total_country_weight,cluster_robust_country_psu,baseline cluster-robust SE (statsmodels default)
model_C_joint_household_community,joint_common_sample,waz,common_sample,country_admin_region_ghana::05,0.3414939561394323,0.09841767137954241,0.1485988647932307,0.5343890474856339,0.0005207609362737354,36308,4426,114,model_specific_equal_total_country_weight,cluster_robust_country_psu,baseline cluster-robust SE (statsmodels default)
model_C_joint_household_community,joint_common_sample,waz,common_sample,country_admin_region_ghana::06,0.28319228721543704,0.10179041705609355,0.08368673581418204,0.482697838616692,0.005400648645067996,36308,4426,114,model_specific_equal_total_country_weight,cluster_robust_country_psu,baseline cluster-robust SE (statsmodels default)
model_C_joint_household_community,joint_common_sample,waz,common_sample,country_admin_region_ghana::07,0.48799804128941765,0.11008074114800803,0.27224375324784555,0.7037523293309897,9.289124984091846e-06,36308,4426,114,model_specific_equal_total_country_weight,cluster_robust_country_psu,baseline cluster-robust SE (statsmodels default)
model_C_joint_household_community,joint_common_sample,waz,common_sample,country_admin_region_ghana::08,0.5297746399114956,0.0982752644809999,0.33715866095758745,0.7223906188654039,7.01751255679807e-08,36308,4426,114,model_specific_equal_total_country_weight,cluster_robust_country_psu,baseline cluster-robust SE (statsmodels default)
model_C_joint_household_community,joint_common_sample,waz,common_sample,country_admin_region_ghana::09,0.3313734676760425,0.1315409525057802,0.07355793827261947,0.5891889970794655,0.011763325376234207,36308,4426,114,model_specific_equal_total_country_weight,cluster_robust_country_psu,baseline cluster-robust SE (statsmodels default)
model_C_joint_household_community,joint_common_sample,waz,common_sample,country_admin_region_ghana::10,0.4602308509296685,0.09764401698855685,0.2688520943262799,0.6516096075330571,2.4367193025664523e-06,36308,4426,114,model_specific_equal_total_country_weight,cluster_robust_country_psu,baseline cluster-robust SE (statsmodels default)
model_C_joint_household_community,joint_common_sample,waz,common_sample,country_admin_region_ghana::11,0.28014031237225795,0.1021880302574582,0.07985545341655056,0.48042517132796536,0.006117425116939339,36308,4426,114,model_specific_equal_total_country_weight,cluster_robust_country_psu,baseline cluster-robust SE (statsmodels default)
model_C_joint_household_community,joint_common_sample,waz,common_sample,country_admin_region_ghana::12,0.09432581262503287,0.09223690388849075,-0.08645519704189147,0.2751068222919572,0.30647467847618093,36308,4426,114,model_specific_equal_total_country_weight,cluster_robust_country_psu,baseline cluster-robust SE (statsmodels default)
model_C_joint_household_community,joint_common_sample,waz,common_sample,country_admin_region_ghana::13,0.3964572574522227,0.09757878245622051,0.20520635818276164,0.5877081567216837,4.845738391643286e-05,36308,4426,114,model_specific_equal_total_country_weight,cluster_robust_country_psu,baseline cluster-robust SE (statsmodels default)
model_C_joint_household_community,joint_common_sample,waz,common_sample,country_admin_region_ghana::14,0.1670085081330333,0.09541635207491621,-0.02000410546999612,0.3540211217360627,0.08006427068665387,36308,4426,114,model_specific_equal_total_country_weight,cluster_robust_country_psu,baseline cluster-robust SE (statsmodels default)
model_C_joint_household_community,joint_common_sample,waz,common_sample,country_admin_region_ghana::15,0.24471220081655087,0.09491950963605704,0.058673380499676464,0.4307510211334253,0.009934459825869232,36308,4426,114,model_specific_equal_total_country_weight,cluster_robust_country_psu,baseline cluster-robust SE (statsmodels default)
model_C_joint_household_community,joint_common_sample,waz,common_sample,country_admin_region_ghana::16,0.4040163975558904,0.10276550861855782,0.20259970181057657,0.6054330933012042,8.443868615208909e-05,36308,4426,114,model_specific_equal_total_country_weight,cluster_robust_country_psu,baseline cluster-robust SE (statsmodels default)
model_C_joint_household_community,joint_common_sample,waz,common_sample,country_admin_region_kenya::01,0.3223545227783615,0.10837484039271761,0.10994373877835831,0.5347653067783648,0.002935233006682291,36308,4426,114,model_specific_equal_total_country_weight,cluster_robust_country_psu,baseline cluster-robust SE (statsmodels default)
model_C_joint_household_community,joint_common_sample,waz,common_sample,country_admin_region_kenya::02,0.37481699588839373,0.09718690192215451,0.18433416835194433,0.5652998234248432,0.00011494610170836151,36308,4426,114,model_specific_equal_total_country_weight,cluster_robust_country_psu,baseline cluster-robust SE (statsmodels default)
model_C_joint_household_community,joint_common_sample,waz,common_sample,country_admin_region_kenya::03,0.14334312671487096,0.10075298290630758,-0.0541290911164716,0.34081534454621354,0.1548177927164095,36308,4426,114,model_specific_equal_total_country_weight,cluster_robust_country_psu,baseline cluster-robust SE (statsmodels default)
model_C_joint_household_community,joint_common_sample,waz,common_sample,country_admin_region_kenya::04,0.3681746007158836,0.09375810816786434,0.18441208544825882,0.5519371159835084,8.606342919321644e-05,36308,4426,114,model_specific_equal_total_country_weight,cluster_robust_country_psu,baseline cluster-robust SE (statsmodels default)
model_C_joint_household_community,joint_common_sample,waz,common_sample,country_admin_region_kenya::05,0.43492477794330603,0.09957743936277756,0.2397565831195409,0.6300929727670712,1.2555951416517572e-05,36308,4426,114,model_specific_equal_total_country_weight,cluster_robust_country_psu,baseline cluster-robust SE (statsmodels default)
model_C_joint_household_community,joint_common_sample,waz,common_sample,country_admin_region_kenya::06,0.39393933696157013,0.09656536187055623,0.20467470554120254,0.5832039683819377,4.5130773653368484e-05,36308,4426,114,model_specific_equal_total_country_weight,cluster_robust_country_psu,baseline cluster-robust SE (statsmodels default)
model_C_joint_household_community,joint_common_sample,waz,common_sample,country_admin_region_kenya::07,0.48806628481382947,0.11864370664462656,0.25552889279802593,0.720603676829633,3.8934365387973076e-05,36308,4426,114,model_specific_equal_total_country_weight,cluster_robust_country_psu,baseline cluster-robust SE (statsmodels default)
model_C_joint_household_community,joint_common_sample,waz,common_sample,country_admin_region_kenya::08,0.35289971231866973,0.09291415526339807,0.17079131434844683,0.5350081102888926,0.00014579393465126016,36308,4426,114,model_specific_equal_total_country_weight,cluster_robust_country_psu,baseline cluster-robust SE (statsmodels default)
model_C_joint_household_community,joint_common_sample,waz,common_sample,country_admin_region_kenya::09,0.17957268869048906,0.09196388145104566,-0.0006732068320715601,0.3598185842130497,0.0508618356874679,36308,4426,114,model_specific_equal_total_country_weight,cluster_robust_country_psu,baseline cluster-robust SE (statsmodels default)
model_C_joint_household_community,joint_common_sample,waz,common_sample,country_admin_region_kenya::10,0.056055211271389696,0.1177712560368696,-0.17477220897492013,0.28688263151769955,0.6340980100411548,36308,4426,114,model_specific_equal_total_country_weight,cluster_robust_country_psu,baseline cluster-robust SE (statsmodels default)
model_C_joint_household_community,joint_common_sample,waz,common_sample,country_admin_region_kenya::11,0.4252780752008794,0.10609486035164555,0.2173359699668476,0.6332201804349112,6.111337522265538e-05,36308,4426,114,model_specific_equal_total_country_weight,cluster_robust_country_psu,baseline cluster-robust SE (statsmodels default)
model_C_joint_household_community,joint_common_sample,waz,common_sample,country_admin_region_kenya::12,0.355739480441645,0.11183305378616122,0.13655072273963828,0.5749282381436517,0.0014677426026402996,36308,4426,114,model_specific_equal_total_country_weight,cluster_robust_country_psu,baseline cluster-robust SE (statsmodels default)
model_C_joint_household_community,joint_common_sample,waz,common_sample,country_admin_region_kenya::13,0.3913734553678766,0.10390905872264115,0.18771544260404238,0.5950314681317108,0.0001655521752561252,36308,4426,114,model_specific_equal_total_country_weight,cluster_robust_country_psu,baseline cluster-robust SE (statsmodels default)
model_C_joint_household_community,joint_common_sample,waz,common_sample,country_admin_region_kenya::14,0.37635036334896765,0.11375491100726932,0.15339483471016083,0.5993058919877745,0.0009382003733223216,36308,4426,114,model_specific_equal_total_country_weight,cluster_robust_country_psu,baseline cluster-robust SE (statsmodels default)
model_C_joint_household_community,joint_common_sample,waz,common_sample,country_admin_region_kenya::15,0.31702700546065166,0.11037957094826865,0.10068702177306144,0.5333669891482419,0.004076856543666928,36308,4426,114,model_specific_equal_total_country_weight,cluster_robust_country_psu,baseline cluster-robust SE (statsmodels default)
model_C_joint_household_community,joint_common_sample,waz,common_sample,country_admin_region_kenya::16,0.38064135572710434,0.09408763409395512,0.1962329815123694,0.5650497299418393,5.218827885939466e-05,36308,4426,114,model_specific_equal_total_country_weight,cluster_robust_country_psu,baseline cluster-robust SE (statsmodels default)
model_C_joint_household_community,joint_common_sample,waz,common_sample,country_admin_region_kenya::17,0.3752347066027754,0.1217247838972347,0.13665851413827426,0.6138108990672766,0.002051674260767011,36308,4426,114,model_specific_equal_total_country_weight,cluster_robust_country_psu,baseline cluster-robust SE (statsmodels default)
model_C_joint_household_community,joint_common_sample,waz,common_sample,country_admin_region_kenya::18,0.6728982492301805,0.11195951513981883,0.45346163182956867,0.8923348666307923,1.8530305370496958e-09,36308,4426,114,model_specific_equal_total_country_weight,cluster_robust_country_psu,baseline cluster-robust SE (statsmodels default)
model_C_joint_household_community,joint_common_sample,waz,common_sample,country_admin_region_kenya::19,0.7038154452003292,0.10710335031713743,0.4938967359551633,0.9137341544454951,4.985533421430527e-11,36308,4426,114,model_specific_equal_total_country_weight,cluster_robust_country_psu,baseline cluster-robust SE (statsmodels default)
model_C_joint_household_community,joint_common_sample,waz,common_sample,country_admin_region_kenya::20,0.5467791447214648,0.1066892266174801,0.33767210301277173,0.7558861864301579,2.9758425227264256e-07,36308,4426,114,model_specific_equal_total_country_weight,cluster_robust_country_psu,baseline cluster-robust SE (statsmodels default)
model_C_joint_household_community,joint_common_sample,waz,common_sample,country_admin_region_kenya::21,0.5680315799319934,0.10219662451099613,0.3677298765488777,0.7683332833151091,2.7253579482126298e-08,36308,4426,114,model_specific_equal_total_country_weight,cluster_robust_country_psu,baseline cluster-robust SE (statsmodels default)
model_C_joint_household_community,joint_common_sample,waz,common_sample,country_admin_region_kenya::22,0.5353508599729853,0.10319471475721669,0.33309293565395653,0.737608784292014,2.1282263739583952e-07,36308,4426,114,model_specific_equal_total_country_weight,cluster_robust_country_psu,baseline cluster-robust SE (statsmodels default)
model_C_joint_household_community,joint_common_sample,waz,common_sample,country_admin_region_kenya::23,-0.08080143267295092,0.10094751516288362,-0.27865492672101383,0.11705206137511198,0.42346163006062165,36308,4426,114,model_specific_equal_total_country_weight,cluster_robust_country_psu,baseline cluster-robust SE (statsmodels default)
model_C_joint_household_community,joint_common_sample,waz,common_sample,country_admin_region_kenya::24,-0.018127796597146063,0.08462268529226576,-0.18398521204505427,0.14772961885076216,0.8303761918784524,36308,4426,114,model_specific_equal_total_country_weight,cluster_robust_country_psu,baseline cluster-robust SE (statsmodels default)
model_C_joint_household_community,joint_common_sample,waz,common_sample,country_admin_region_kenya::25,-0.06736551411827796,0.09547742623889252,-0.25449783088308686,0.11976680264653095,0.4804588015226402,36308,4426,114,model_specific_equal_total_country_weight,cluster_robust_country_psu,baseline cluster-robust SE (statsmodels default)
model_C_joint_household_community,joint_common_sample,waz,common_sample,country_admin_region_kenya::26,0.41573289828588156,0.09774893930633706,0.22414849771846926,0.6073172988532939,2.1086139066010583e-05,36308,4426,114,model_specific_equal_total_country_weight,cluster_robust_country_psu,baseline cluster-robust SE (statsmodels default)
model_C_joint_household_community,joint_common_sample,waz,common_sample,country_admin_region_kenya::27,0.41696173733287345,0.09781120870216432,0.22525529099230066,0.6086681836734462,2.0176926560554615e-05,36308,4426,114,model_specific_equal_total_country_weight,cluster_robust_country_psu,baseline cluster-robust SE (statsmodels default)
model_C_joint_household_community,joint_common_sample,waz,common_sample,country_admin_region_kenya::28,0.22314231192938205,0.09851326662681985,0.030059857341423496,0.41622476651734064,0.023506598633964676,36308,4426,114,model_specific_equal_total_country_weight,cluster_robust_country_psu,baseline cluster-robust SE (statsmodels default)
model_C_joint_household_community,joint_common_sample,waz,common_sample,country_admin_region_kenya::29,0.5727600007890767,0.10810819382286063,0.36087183446259435,0.7846481671155592,1.1706142503782341e-07,36308,4426,114,model_specific_equal_total_country_weight,cluster_robust_country_psu,baseline cluster-robust SE (statsmodels default)
model_C_joint_household_community,joint_common_sample,waz,common_sample,country_admin_region_kenya::30,0.09912147899656047,0.11216633446952051,-0.12072049684157336,0.3189634548346943,0.37685775080931994,36308,4426,114,model_specific_equal_total_country_weight,cluster_robust_country_psu,baseline cluster-robust SE (statsmodels default)
model_C_joint_household_community,joint_common_sample,waz,common_sample,country_admin_region_kenya::31,0.5240974868120689,0.0887216026121786,0.3502063410415241,0.6979886325826137,3.479417980846522e-09,36308,4426,114,model_specific_equal_total_country_weight,cluster_robust_country_psu,baseline cluster-robust SE (statsmodels default)
model_C_joint_household_community,joint_common_sample,waz,common_sample,country_admin_region_kenya::32,0.4341986856455395,0.09031990916277624,0.2571749165995688,0.6112224546915102,1.5295027256173303e-06,36308,4426,114,model_specific_equal_total_country_weight,cluster_robust_country_psu,baseline cluster-robust SE (statsmodels default)
model_C_joint_household_community,joint_common_sample,waz,common_sample,country_admin_region_kenya::33,0.4888541208941001,0.0780089881742623,0.335959313602135,0.6417489281860651,3.6892549484365157e-10,36308,4426,114,model_specific_equal_total_country_weight,cluster_robust_country_psu,baseline cluster-robust SE (statsmodels default)
model_C_joint_household_community,joint_common_sample,waz,common_sample,country_admin_region_kenya::34,0.5172318720432998,0.09638936735118438,0.32831218354237746,0.7061515605442221,8.047174121011684e-08,36308,4426,114,model_specific_equal_total_country_weight,cluster_robust_country_psu,baseline cluster-robust SE (statsmodels default)
model_C_joint_household_community,joint_common_sample,waz,common_sample,country_admin_region_kenya::35,0.4277815354479497,0.08962078728621237,0.25212802010084834,0.6034350507950511,1.8128545307888029e-06,36308,4426,114,model_specific_equal_total_country_weight,cluster_robust_country_psu,baseline cluster-robust SE (statsmodels default)
model_C_joint_household_community,joint_common_sample,waz,common_sample,country_admin_region_kenya::36,0.47865243224931436,0.10155827651147606,0.2796018679548612,0.6777029965437675,2.4399857284513824e-06,36308,4426,114,model_specific_equal_total_country_weight,cluster_robust_country_psu,baseline cluster-robust SE (statsmodels default)
model_C_joint_household_community,joint_common_sample,waz,common_sample,country_admin_region_kenya::37,0.8038603745204174,0.09891666793809778,0.6099872678910379,0.9977334811497969,4.413454353436735e-16,36308,4426,114,model_specific_equal_total_country_weight,cluster_robust_country_psu,baseline cluster-robust SE (statsmodels default)
model_C_joint_household_community,joint_common_sample,waz,common_sample,country_admin_region_kenya::38,0.6997913605642042,0.1044343838495649,0.49510372947142556,0.9044789916569829,2.0731634064920933e-11,36308,4426,114,model_specific_equal_total_country_weight,cluster_robust_country_psu,baseline cluster-robust SE (statsmodels default)
model_C_joint_household_community,joint_common_sample,waz,common_sample,country_admin_region_kenya::39,0.5902617990422125,0.09158555080831621,0.4107574179536495,0.7697661801307756,1.1565931949399457e-10,36308,4426,114,model_specific_equal_total_country_weight,cluster_robust_country_psu,baseline cluster-robust SE (statsmodels default)
model_C_joint_household_community,joint_common_sample,waz,common_sample,country_admin_region_kenya::40,0.7340124783466312,0.09216343537820128,0.553375464313872,0.9146494923793904,1.6623124496930938e-15,36308,4426,114,model_specific_equal_total_country_weight,cluster_robust_country_psu,baseline cluster-robust SE (statsmodels default)
model_C_joint_household_community,joint_common_sample,waz,common_sample,country_admin_region_kenya::41,0.6835648539522431,0.09956467115309732,0.4884216843595983,0.8787080235448879,6.624196419676156e-12,36308,4426,114,model_specific_equal_total_country_weight,cluster_robust_country_psu,baseline cluster-robust SE (statsmodels default)
model_C_joint_household_community,joint_common_sample,waz,common_sample,country_admin_region_kenya::42,0.7838528467896577,0.09739309098762343,0.5929658961108832,0.9747397974684322,8.392356835579075e-16,36308,4426,114,model_specific_equal_total_country_weight,cluster_robust_country_psu,baseline cluster-robust SE (statsmodels default)
model_C_joint_household_community,joint_common_sample,waz,common_sample,country_admin_region_kenya::43,0.8871445972742656,0.08798040991004595,0.7147061625055047,1.0595830320430266,6.54001138315163e-24,36308,4426,114,model_specific_equal_total_country_weight,cluster_robust_country_psu,baseline cluster-robust SE (statsmodels default)
model_C_joint_household_community,joint_common_sample,waz,common_sample,country_admin_region_kenya::44,0.8140865651195119,0.08809126387475229,0.6414308605723831,0.9867422696666408,2.4329385498119012e-20,36308,4426,114,model_specific_equal_total_country_weight,cluster_robust_country_psu,baseline cluster-robust SE (statsmodels default)
model_C_joint_household_community,joint_common_sample,waz,common_sample,country_admin_region_kenya::45,0.6990379534138769,0.08854067897018883,0.5255014114655838,0.8725744953621699,2.90071029601104e-15,36308,4426,114,model_specific_equal_total_country_weight,cluster_robust_country_psu,baseline cluster-robust SE (statsmodels default)
model_C_joint_household_community,joint_common_sample,waz,common_sample,country_admin_region_kenya::46,0.682947350655132,0.10246241173993482,0.48212471387574574,0.8837699874345183,2.6404387697082586e-11,36308,4426,114,model_specific_equal_total_country_weight,cluster_robust_country_psu,baseline cluster-robust SE (statsmodels default)
model_C_joint_household_community,joint_common_sample,waz,common_sample,country_admin_region_kenya::47,0.5868498673188599,0.10385737916193048,0.38329314463275543,0.7904065900049644,1.5994823635984443e-08,36308,4426,114,model_specific_equal_total_country_weight,cluster_robust_country_psu,baseline cluster-robust SE (statsmodels default)
model_C_joint_household_community,joint_common_sample,waz,common_sample,country_admin_region_nigeria::01,0.05201152323667954,0.12232600477916886,-0.18774304050316595,0.29176608697652506,0.670699786700655,36308,4426,114,model_specific_equal_total_country_weight,cluster_robust_country_psu,baseline cluster-robust SE (statsmodels default)
model_C_joint_household_community,joint_common_sample,waz,common_sample,country_admin_region_nigeria::02,0.31448617021227543,0.1143915994599286,0.09028275513688386,0.538689585287667,0.005973967107789042,36308,4426,114,model_specific_equal_total_country_weight,cluster_robust_country_psu,baseline cluster-robust SE (statsmodels default)
model_C_joint_household_community,joint_common_sample,waz,common_sample,country_admin_region_nigeria::03,-0.018558318083663265,0.12038069904870026,-0.2545001526528709,0.21738351648554438,0.8774807672572807,36308,4426,114,model_specific_equal_total_country_weight,cluster_robust_country_psu,baseline cluster-robust SE (statsmodels default)
model_C_joint_household_community,joint_common_sample,waz,common_sample,country_admin_region_nigeria::04,-0.251768613675058,0.1243373392797893,-0.4954653205969824,-0.008071906753133573,0.04287933906047573,36308,4426,114,model_specific_equal_total_country_weight,cluster_robust_country_psu,baseline cluster-robust SE (statsmodels default)
model_C_joint_household_community,joint_common_sample,waz,common_sample,country_admin_region_nigeria::05,-0.06262040436643386,0.10833222657785388,-0.2749476668240603,0.14970685809119255,0.5632368389681249,36308,4426,114,model_specific_equal_total_country_weight,cluster_robust_country_psu,baseline cluster-robust SE (statsmodels default)
model_C_joint_household_community,joint_common_sample,waz,common_sample,country_admin_region_nigeria::06,0.023133006100250722,0.11029950804234807,-0.19305005717523754,0.23931606937573902,0.8338791860583854,36308,4426,114,model_specific_equal_total_country_weight,cluster_robust_country_psu,baseline cluster-robust SE (statsmodels default)
model_C_joint_household_community,joint_common_sample,waz,common_sample,country_admin_region_nigeria::07,-0.00011930271935660722,0.11038486892639568,-0.2164696702532667,0.21623106481455345,0.9991376555479903,36308,4426,114,model_specific_equal_total_country_weight,cluster_robust_country_psu,baseline cluster-robust SE (statsmodels default)
model_C_joint_household_community,joint_common_sample,waz,common_sample,country_admin_region_nigeria::08,-0.2630907295457201,0.14233109284575596,-0.5420545454036283,0.015873086312188145,0.06453846858046451,36308,4426,114,model_specific_equal_total_country_weight,cluster_robust_country_psu,baseline cluster-robust SE (statsmodels default)
model_C_joint_household_community,joint_common_sample,waz,common_sample,country_admin_region_nigeria::09,-0.27041716120114373,0.08752339667650164,-0.4419598664916996,-0.09887445591058786,0.00200388644832924,36308,4426,114,model_specific_equal_total_country_weight,cluster_robust_country_psu,baseline cluster-robust SE (statsmodels default)
model_C_joint_household_community,joint_common_sample,waz,common_sample,country_admin_region_nigeria::10,-0.14367554719925452,0.15464326335594744,-0.4467707738286542,0.15941967943014518,0.35284902219884795,36308,4426,114,model_specific_equal_total_country_weight,cluster_robust_country_psu,baseline cluster-robust SE (statsmodels default)
model_C_joint_household_community,joint_common_sample,waz,common_sample,country_admin_region_nigeria::11,-0.3033004603858187,0.12844672086849454,-0.5550514072203374,-0.05154951355130005,0.01821129076510818,36308,4426,114,model_specific_equal_total_country_weight,cluster_robust_country_psu,baseline cluster-robust SE (statsmodels default)
model_C_joint_household_community,joint_common_sample,waz,common_sample,country_admin_region_nigeria::12,-0.16117048494734892,0.11677654849977091,-0.3900483142457948,0.06770734435109693,0.16753695511183753,36308,4426,114,model_specific_equal_total_country_weight,cluster_robust_country_psu,baseline cluster-robust SE (statsmodels default)
model_C_joint_household_community,joint_common_sample,waz,common_sample,country_admin_region_nigeria::13,-0.361674147026911,0.11417752862202052,-0.5854579909698624,-0.13789030308395958,0.001536778050152826,36308,4426,114,model_specific_equal_total_country_weight,cluster_robust_country_psu,baseline cluster-robust SE (statsmodels default)
model_C_joint_household_community,joint_common_sample,waz,common_sample,country_admin_region_nigeria::14,-0.45226071754020963,0.11375670760032695,-0.6752197674367043,-0.22930166764371496,7.017727201970017e-05,36308,4426,114,model_specific_equal_total_country_weight,cluster_robust_country_psu,baseline cluster-robust SE (statsmodels default)
model_C_joint_household_community,joint_common_sample,waz,common_sample,country_admin_region_nigeria::15,-0.024762855599402302,0.10098139934217609,-0.22268276141852417,0.17315705021971955,0.8062845819851492,36308,4426,114,model_specific_equal_total_country_weight,cluster_robust_country_psu,baseline cluster-robust SE (statsmodels default)
model_C_joint_household_community,joint_common_sample,waz,common_sample,country_admin_region_nigeria::16,-0.44605362184977526,0.11009231543418138,-0.6618305950753939,-0.23027664862415664,5.086147272351853e-05,36308,4426,114,model_specific_equal_total_country_weight,cluster_robust_country_psu,baseline cluster-robust SE (statsmodels default)
model_C_joint_household_community,joint_common_sample,waz,common_sample,country_admin_region_nigeria::17,-0.10314203131488206,0.11194971548439278,-0.3225594417437979,0.1162753791140338,0.35688096049009566,36308,4426,114,model_specific_equal_total_country_weight,cluster_robust_country_psu,baseline cluster-robust SE (statsmodels default)
model_C_joint_household_community,joint_common_sample,waz,common_sample,country_admin_region_nigeria::18,-0.30895600561472,0.10699914564893136,-0.5186704774631811,-0.09924153376625888,0.0038836306968588257,36308,4426,114,model_specific_equal_total_country_weight,cluster_robust_country_psu,baseline cluster-robust SE (statsmodels default)
model_C_joint_household_community,joint_common_sample,waz,common_sample,country_admin_region_nigeria::19,-0.34417985891640074,0.08438530963613818,-0.5095720266274923,-0.17878769120530913,4.5294011064698965e-05,36308,4426,114,model_specific_equal_total_country_weight,cluster_robust_country_psu,baseline cluster-robust SE (statsmodels default)
model_C_joint_household_community,joint_common_sample,waz,common_sample,country_admin_region_nigeria::20,-0.5531573069687826,0.14433439044331153,-0.8360475139682154,-0.27026709996934983,0.00012686276776997246,36308,4426,114,model_specific_equal_total_country_weight,cluster_robust_country_psu,baseline cluster-robust SE (statsmodels default)
model_C_joint_household_community,joint_common_sample,waz,common_sample,country_admin_region_nigeria::21,0.028164133089427,0.14364673015630833,-0.253378284513881,0.309706550692735,0.8445590892088805,36308,4426,114,model_specific_equal_total_country_weight,cluster_robust_country_psu,baseline cluster-robust SE (statsmodels default)
model_C_joint_household_community,joint_common_sample,waz,common_sample,country_admin_region_nigeria::22,0.06252753818046321,0.11591963451851749,-0.16467077057687712,0.2897258469378035,0.5896079809122707,36308,4426,114,model_specific_equal_total_country_weight,cluster_robust_country_psu,baseline cluster-robust SE (statsmodels default)
model_C_joint_household_community,joint_common_sample,waz,common_sample,country_admin_region_nigeria::23,0.01839466299095612,0.0871026234732132,-0.15232334197549485,0.1891126679574071,0.8327438516321974,36308,4426,114,model_specific_equal_total_country_weight,cluster_robust_country_psu,baseline cluster-robust SE (statsmodels default)
model_C_joint_household_community,joint_common_sample,waz,common_sample,country_admin_region_nigeria::24,0.388969559050349,0.09578899669175775,0.20122657541927744,0.5767125426814206,4.892759912184094e-05,36308,4426,114,model_specific_equal_total_country_weight,cluster_robust_country_psu,baseline cluster-robust SE (statsmodels default)
model_C_joint_household_community,joint_common_sample,waz,common_sample,country_admin_region_nigeria::25,-0.021662884638538604,0.10382515104887226,-0.22515644138375926,0.18183067210668205,0.834723228138903,36308,4426,114,model_specific_equal_total_country_weight,cluster_robust_country_psu,baseline cluster-robust SE (statsmodels default)
model_C_joint_household_community,joint_common_sample,waz,common_sample,country_admin_region_nigeria::26,-0.2646529938904163,0.11923767345234498,-0.4983545394573602,-0.030951448323472408,0.02644989044150428,36308,4426,114,model_specific_equal_total_country_weight,cluster_robust_country_psu,baseline cluster-robust SE (statsmodels default)
model_C_joint_household_community,joint_common_sample,waz,common_sample,country_admin_region_nigeria::27,-0.11369485271631441,0.12225377312684459,-0.35330784501906054,0.1259181395864317,0.3523759815619707,36308,4426,114,model_specific_equal_total_country_weight,cluster_robust_country_psu,baseline cluster-robust SE (statsmodels default)
model_C_joint_household_community,joint_common_sample,waz,common_sample,country_admin_region_nigeria::28,-0.011545844460785876,0.12167719239504393,-0.25002875929502294,0.22693707037345118,0.9244028805523805,36308,4426,114,model_specific_equal_total_country_weight,cluster_robust_country_psu,baseline cluster-robust SE (statsmodels default)
model_C_joint_household_community,joint_common_sample,waz,common_sample,country_admin_region_nigeria::29,-0.12505458298550853,0.10857067350067065,-0.3378491928240802,0.08774002685306317,0.24939236041338297,36308,4426,114,model_specific_equal_total_country_weight,cluster_robust_country_psu,baseline cluster-robust SE (statsmodels default)
model_C_joint_household_community,joint_common_sample,waz,common_sample,country_admin_region_nigeria::30,0.011391939993485797,0.11678269783433325,-0.21749794177923115,0.24028182176620272,0.922291072052814,36308,4426,114,model_specific_equal_total_country_weight,cluster_robust_country_psu,baseline cluster-robust SE (statsmodels default)
model_C_joint_household_community,joint_common_sample,waz,common_sample,country_admin_region_nigeria::31,0.00047756487630967737,0.0937583689153764,-0.1832854614470478,0.18424059119966715,0.995935936190548,36308,4426,114,model_specific_equal_total_country_weight,cluster_robust_country_psu,baseline cluster-robust SE (statsmodels default)
model_C_joint_household_community,joint_common_sample,waz,common_sample,country_admin_region_nigeria::32,0.06341468205882689,0.1303693695656563,-0.19210458697705174,0.3189339510947055,0.6266671659125174,36308,4426,114,model_specific_equal_total_country_weight,cluster_robust_country_psu,baseline cluster-robust SE (statsmodels default)
model_C_joint_household_community,joint_common_sample,waz,common_sample,country_admin_region_nigeria::33,-0.05902071014583743,0.15471879544341566,-0.36226397694635193,0.24422255665467707,0.7028538985048461,36308,4426,114,model_specific_equal_total_country_weight,cluster_robust_country_psu,baseline cluster-robust SE (statsmodels default)
model_C_joint_household_community,joint_common_sample,waz,common_sample,country_admin_region_nigeria::34,-0.21515416803601073,0.13670842377521236,-0.4830977550186662,0.05278941894664474,0.11552954846388884,36308,4426,114,model_specific_equal_total_country_weight,cluster_robust_country_psu,baseline cluster-robust SE (statsmodels default)
model_C_joint_household_community,joint_common_sample,waz,common_sample,country_admin_region_nigeria::35,-0.17122755968336842,0.1325637930905188,-0.4310478197948049,0.08859270042806808,0.19647436489816206,36308,4426,114,model_specific_equal_total_country_weight,cluster_robust_country_psu,baseline cluster-robust SE (statsmodels default)
model_C_joint_household_community,joint_common_sample,waz,common_sample,country_admin_region_nigeria::36,-0.30866615519668866,0.1304072356321639,-0.5642596403591583,-0.053072670034219005,0.01793582061710907,36308,4426,114,model_specific_equal_total_country_weight,cluster_robust_country_psu,baseline cluster-robust SE (statsmodels default)
model_C_joint_household_community,joint_common_sample,waz,common_sample,country_admin_region_nigeria::37,-0.3015437252910996,0.10193272743947115,-0.5013281999184007,-0.1017592506637984,0.00309378935307387,36308,4426,114,model_specific_equal_total_country_weight,cluster_robust_country_psu,baseline cluster-robust SE (statsmodels default)
model_C_joint_household_community,joint_common_sample,whz,common_sample,const,-0.3654013637514861,0.10716458121315915,-0.5754400833475957,-0.15536264415537646,0.0006502927651922091,36145,4426,114,model_specific_equal_total_country_weight,cluster_robust_country_psu,baseline cluster-robust SE (statsmodels default)
model_C_joint_household_community,joint_common_sample,whz,common_sample,_water_hh_binary,0.03938367489762138,0.039420312043793676,-0.03787871696754475,0.11664606676278752,0.3177604909276158,36145,4426,114,model_specific_equal_total_country_weight,cluster_robust_country_psu,baseline cluster-robust SE (statsmodels default)
model_C_joint_household_community,joint_common_sample,whz,common_sample,_sani_hh_binary,0.03583691348802128,0.030785141634059234,-0.024500855373699365,0.09617468234974193,0.24438440855418764,36145,4426,114,model_specific_equal_total_country_weight,cluster_robust_country_psu,baseline cluster-robust SE (statsmodels default)
model_C_joint_household_community,joint_common_sample,whz,common_sample,water_rate_loo,0.019169603703516176,0.06017252762283804,-0.09876638329598794,0.13710559070302028,0.7500470399538423,36145,4426,114,model_specific_equal_total_country_weight,cluster_robust_country_psu,baseline cluster-robust SE (statsmodels default)
model_C_joint_household_community,joint_common_sample,whz,common_sample,sanitation_rate_loo_core,0.04480902156845916,0.05878219538572388,-0.07040196431975619,0.1600200074566745,0.4458875312297381,36145,4426,114,model_specific_equal_total_country_weight,cluster_robust_country_psu,baseline cluster-robust SE (statsmodels default)
model_C_joint_household_community,joint_common_sample,whz,common_sample,b19_raw,-0.0040349394057153055,0.0006570857395351743,-0.005322803789959114,-0.002747075021471497,8.217987256272553e-10,36145,4426,114,model_specific_equal_total_country_weight,cluster_robust_country_psu,baseline cluster-robust SE (statsmodels default)
model_C_joint_household_community,joint_common_sample,whz,common_sample,birth_order_raw,-0.0016490303281557154,0.008422920934596581,-0.018157652004593468,0.014859591348282035,0.8447832134901225,36145,4426,114,model_specific_equal_total_country_weight,cluster_robust_country_psu,baseline cluster-robust SE (statsmodels default)
model_C_joint_household_community,joint_common_sample,whz,common_sample,maternal_age,0.00018632113229063014,0.0026235531712253176,-0.004955748594836838,0.005328390859418099,0.9433829342963176,36145,4426,114,model_specific_equal_total_country_weight,cluster_robust_country_psu,baseline cluster-robust SE (statsmodels default)
model_C_joint_household_community,joint_common_sample,whz,common_sample,household_size_raw,0.001321370650131989,0.004206526146823746,-0.006923269097668602,0.009566010397932579,0.753426892622052,36145,4426,114,model_specific_equal_total_country_weight,cluster_robust_country_psu,baseline cluster-robust SE (statsmodels default)
model_C_joint_household_community,joint_common_sample,whz,common_sample,child_sex_Female,0.037723018713742076,0.019459657978139578,-0.00041721007487902084,0.07586324750236317,0.05255929627741394,36145,4426,114,model_specific_equal_total_country_weight,cluster_robust_country_psu,baseline cluster-robust SE (statsmodels default)
model_C_joint_household_community,joint_common_sample,whz,common_sample,maternal_education_Higher,0.15835732393535987,0.06025504443419527,0.040259606957476504,0.27645504091324324,0.008585890679617528,36145,4426,114,model_specific_equal_total_country_weight,cluster_robust_country_psu,baseline cluster-robust SE (statsmodels default)
model_C_joint_household_community,joint_common_sample,whz,common_sample,maternal_education_Primary,0.07157691022961087,0.04449795210285764,-0.015637473277778466,0.15879129373700018,0.10771610559787917,36145,4426,114,model_specific_equal_total_country_weight,cluster_robust_country_psu,baseline cluster-robust SE (statsmodels default)
model_C_joint_household_community,joint_common_sample,whz,common_sample,maternal_education_Secondary,0.06883418964241834,0.05046737252187636,-0.030080042894825673,0.16774842217966235,0.17258818681383414,36145,4426,114,model_specific_equal_total_country_weight,cluster_robust_country_psu,baseline cluster-robust SE (statsmodels default)
model_C_joint_household_community,joint_common_sample,whz,common_sample,literacy_Able to read only parts of sentence,-0.005732793836433894,0.04659087103828382,-0.09704922307982046,0.08558363540695267,0.9020711220523611,36145,4426,114,model_specific_equal_total_country_weight,cluster_robust_country_psu,baseline cluster-robust SE (statsmodels default)
model_C_joint_household_community,joint_common_sample,whz,common_sample,literacy_Able to read whole sentence,0.014812157743750541,0.04707505658045598,-0.07745325772412845,0.10707757321162953,0.7530275535089406,36145,4426,114,model_specific_equal_total_country_weight,cluster_robust_country_psu,baseline cluster-robust SE (statsmodels default)
model_C_joint_household_community,joint_common_sample,whz,common_sample,literacy_Blind/visually impaired,-0.038660363404802146,0.238082046207449,-0.5052925993370031,0.4279718725273988,0.8710046326070957,36145,4426,114,model_specific_equal_total_country_weight,cluster_robust_country_psu,baseline cluster-robust SE (statsmodels default)
model_C_joint_household_community,joint_common_sample,whz,common_sample,literacy_No card with required language,0.5352908242639735,0.28535646353413,-0.023997567018638644,1.0945792155465854,0.06067352045141035,36145,4426,114,model_specific_equal_total_country_weight,cluster_robust_country_psu,baseline cluster-robust SE (statsmodels default)
model_C_joint_household_community,joint_common_sample,whz,common_sample,wealth_quintile_Middle,0.05279277498691404,0.04444261654828945,-0.0343131528264571,0.13989870280028516,0.2348782109560753,36145,4426,114,model_specific_equal_total_country_weight,cluster_robust_country_psu,baseline cluster-robust SE (statsmodels default)
model_C_joint_household_community,joint_common_sample,whz,common_sample,wealth_quintile_Poorer,0.0439622639578027,0.03447866076309775,-0.0236146693730432,0.1115391972886486,0.20228900400461292,36145,4426,114,model_specific_equal_total_country_weight,cluster_robust_country_psu,baseline cluster-robust SE (statsmodels default)
model_C_joint_household_community,joint_common_sample,whz,common_sample,wealth_quintile_Richer,0.026942382059486236,0.05219262144894435,-0.07535327623917742,0.1292380403581499,0.6057073594797411,36145,4426,114,model_specific_equal_total_country_weight,cluster_robust_country_psu,baseline cluster-robust SE (statsmodels default)
model_C_joint_household_community,joint_common_sample,whz,common_sample,wealth_quintile_Richest,0.10882568168592566,0.06897624361837877,-0.026365271594957468,0.24401663496680878,0.11462834144822996,36145,4426,114,model_specific_equal_total_country_weight,cluster_robust_country_psu,baseline cluster-robust SE (statsmodels default)
model_C_joint_household_community,joint_common_sample,whz,common_sample,residence_Urban,-0.03283363685144755,0.038264612069388845,-0.10783089838984636,0.04216362468695126,0.3908549491432204,36145,4426,114,model_specific_equal_total_country_weight,cluster_robust_country_psu,baseline cluster-robust SE (statsmodels default)
model_C_joint_household_community,joint_common_sample,whz,common_sample,country_admin_region_ethiopia::02,-0.41096184232925453,0.09639582733153386,-0.5998941921590026,-0.22202949249950638,2.0145307361107524e-05,36145,4426,114,model_specific_equal_total_country_weight,cluster_robust_country_psu,baseline cluster-robust SE (statsmodels default)
model_C_joint_household_community,joint_common_sample,whz,common_sample,country_admin_region_ethiopia::03,0.05924453981811465,0.08462315670694359,-0.10661379958558392,0.2251028792218132,0.4838658313403491,36145,4426,114,model_specific_equal_total_country_weight,cluster_robust_country_psu,baseline cluster-robust SE (statsmodels default)
model_C_joint_household_community,joint_common_sample,whz,common_sample,country_admin_region_ethiopia::04,0.29429240652974514,0.1051281227968384,0.08824507208563764,0.5003397409738526,0.0051202590094662735,36145,4426,114,model_specific_equal_total_country_weight,cluster_robust_country_psu,baseline cluster-robust SE (statsmodels default)
model_C_joint_household_community,joint_common_sample,whz,common_sample,country_admin_region_ethiopia::05,-0.27940602192142766,0.13623491400127066,-0.5464215468008298,-0.012390497042025606,0.04027537291981237,36145,4426,114,model_specific_equal_total_country_weight,cluster_robust_country_psu,baseline cluster-robust SE (statsmodels default)
model_C_joint_household_community,joint_common_sample,whz,common_sample,country_admin_region_ethiopia::06,0.0685025892543034,0.09271802412871073,-0.11322139875568536,0.25022657726429215,0.46001199127139214,36145,4426,114,model_specific_equal_total_country_weight,cluster_robust_country_psu,baseline cluster-robust SE (statsmodels default)
model_C_joint_household_community,joint_common_sample,whz,common_sample,country_admin_region_ethiopia::07,0.4483890122924993,0.10760831840028186,0.23748058379102804,0.6592974407939705,3.088213245698871e-05,36145,4426,114,model_specific_equal_total_country_weight,cluster_robust_country_psu,baseline cluster-robust SE (statsmodels default)
model_C_joint_household_community,joint_common_sample,whz,common_sample,country_admin_region_ethiopia::08,0.3321298044912912,0.10095420424409256,0.13426320008496911,0.5299964088976132,0.0010022099034131394,36145,4426,114,model_specific_equal_total_country_weight,cluster_robust_country_psu,baseline cluster-robust SE (statsmodels default)
model_C_joint_household_community,joint_common_sample,whz,common_sample,country_admin_region_ethiopia::09,0.4065219892212385,0.09651928837402442,0.21734766019471508,0.5956963182477619,2.533199765085236e-05,36145,4426,114,model_specific_equal_total_country_weight,cluster_robust_country_psu,baseline cluster-robust SE (statsmodels default)
model_C_joint_household_community,joint_common_sample,whz,common_sample,country_admin_region_ethiopia::10,0.4273064698867398,0.11626583510187183,0.19942962045459822,0.6551833193188814,0.00023761294301950927,36145,4426,114,model_specific_equal_total_country_weight,cluster_robust_country_psu,baseline cluster-robust SE (statsmodels default)
model_C_joint_household_community,joint_common_sample,whz,common_sample,country_admin_region_ethiopia::12,-0.4065341873379269,0.12747580100174002,-0.6563821662017323,-0.1566862084741215,0.0014271219808110983,36145,4426,114,model_specific_equal_total_country_weight,cluster_robust_country_psu,baseline cluster-robust SE (statsmodels default)
model_C_joint_household_community,joint_common_sample,whz,common_sample,country_admin_region_ethiopia::13,0.20844995446389109,0.0994275775052793,0.01357548348347884,0.40332442544430336,0.036037825853167824,36145,4426,114,model_specific_equal_total_country_weight,cluster_robust_country_psu,baseline cluster-robust SE (statsmodels default)
model_C_joint_household_community,joint_common_sample,whz,common_sample,country_admin_region_ethiopia::14,0.25372495952319585,0.1056546461290024,0.046645658311026905,0.4608042607353648,0.016329983094202374,36145,4426,114,model_specific_equal_total_country_weight,cluster_robust_country_psu,baseline cluster-robust SE (statsmodels default)
model_C_joint_household_community,joint_common_sample,whz,common_sample,country_admin_region_ethiopia::15,-0.10011461906636043,0.11162417733897817,-0.3188939864546697,0.11866474832194882,0.36977756575015364,36145,4426,114,model_specific_equal_total_country_weight,cluster_robust_country_psu,baseline cluster-robust SE (statsmodels default)
model_C_joint_household_community,joint_common_sample,whz,common_sample,country_admin_region_ghana::01,-0.17492892034238974,0.10843609994811534,-0.3874597708646814,0.03760193017990196,0.10670145622172623,36145,4426,114,model_specific_equal_total_country_weight,cluster_robust_country_psu,baseline cluster-robust SE (statsmodels default)
model_C_joint_household_community,joint_common_sample,whz,common_sample,country_admin_region_ghana::02,-0.2299770876749593,0.11591826621158148,-0.45717271459998526,-0.002781460749933351,0.047260410601120545,36145,4426,114,model_specific_equal_total_country_weight,cluster_robust_country_psu,baseline cluster-robust SE (statsmodels default)
model_C_joint_household_community,joint_common_sample,whz,common_sample,country_admin_region_ghana::03,-0.06586195141140402,0.1254012954015004,-0.31164397401301314,0.1799200711902051,0.5994375629218576,36145,4426,114,model_specific_equal_total_country_weight,cluster_robust_country_psu,baseline cluster-robust SE (statsmodels default)
model_C_joint_household_community,joint_common_sample,whz,common_sample,country_admin_region_ghana::04,-0.2942167433894382,0.1226329770543111,-0.5345729617328148,-0.05386052504606159,0.016432509308878365,36145,4426,114,model_specific_equal_total_country_weight,cluster_robust_country_psu,baseline cluster-robust SE (statsmodels default)
model_C_joint_household_community,joint_common_sample,whz,common_sample,country_admin_region_ghana::05,-0.1262407300484063,0.09462159908518256,-0.3116956564149522,0.05921419631813962,0.18215011863136676,36145,4426,114,model_specific_equal_total_country_weight,cluster_robust_country_psu,baseline cluster-robust SE (statsmodels default)
model_C_joint_household_community,joint_common_sample,whz,common_sample,country_admin_region_ghana::06,-0.22151176533545514,0.10325697670790464,-0.42389172083543947,-0.019131809835470803,0.0319330681198003,36145,4426,114,model_specific_equal_total_country_weight,cluster_robust_country_psu,baseline cluster-robust SE (statsmodels default)
model_C_joint_household_community,joint_common_sample,whz,common_sample,country_admin_region_ghana::07,0.021462515040962856,0.1067731905758351,-0.18780909300210546,0.23073412308403118,0.8406904911280508,36145,4426,114,model_specific_equal_total_country_weight,cluster_robust_country_psu,baseline cluster-robust SE (statsmodels default)
model_C_joint_household_community,joint_common_sample,whz,common_sample,country_admin_region_ghana::08,0.12110377766943438,0.11152068476457246,-0.09747274800037235,0.3396803033392411,0.2775094850819747,36145,4426,114,model_specific_equal_total_country_weight,cluster_robust_country_psu,baseline cluster-robust SE (statsmodels default)
model_C_joint_household_community,joint_common_sample,whz,common_sample,country_admin_region_ghana::09,-0.03760235170909192,0.12567234636818816,-0.2839156244433838,0.20871092102519995,0.7647802510511892,36145,4426,114,model_specific_equal_total_country_weight,cluster_robust_country_psu,baseline cluster-robust SE (statsmodels default)
model_C_joint_household_community,joint_common_sample,whz,common_sample,country_admin_region_ghana::10,-0.10187040961421998,0.10537275017605623,-0.3083972049112268,0.10465638568278687,0.3336628402737566,36145,4426,114,model_specific_equal_total_country_weight,cluster_robust_country_psu,baseline cluster-robust SE (statsmodels default)
model_C_joint_household_community,joint_common_sample,whz,common_sample,country_admin_region_ghana::11,-0.1436172255344008,0.10676978960778737,-0.35288216780258297,0.06564771673378139,0.17858937008004294,36145,4426,114,model_specific_equal_total_country_weight,cluster_robust_country_psu,baseline cluster-robust SE (statsmodels default)
model_C_joint_household_community,joint_common_sample,whz,common_sample,country_admin_region_ghana::12,-0.21110967367014802,0.09163644818278308,-0.39071381177957376,-0.0315055355607223,0.021235329129601927,36145,4426,114,model_specific_equal_total_country_weight,cluster_robust_country_psu,baseline cluster-robust SE (statsmodels default)
model_C_joint_household_community,joint_common_sample,whz,common_sample,country_admin_region_ghana::13,0.01158986461814141,0.10658868623645447,-0.1973201215647495,0.22049985080103232,0.9134130985081189,36145,4426,114,model_specific_equal_total_country_weight,cluster_robust_country_psu,baseline cluster-robust SE (statsmodels default)
model_C_joint_household_community,joint_common_sample,whz,common_sample,country_admin_region_ghana::14,-0.24827838058668913,0.09102403062696121,-0.426682202343204,-0.06987455883017432,0.0063794294212413775,36145,4426,114,model_specific_equal_total_country_weight,cluster_robust_country_psu,baseline cluster-robust SE (statsmodels default)
model_C_joint_household_community,joint_common_sample,whz,common_sample,country_admin_region_ghana::15,-0.044658737881018186,0.08486055935811568,-0.21098237793084834,0.12166490216881198,0.5987074079678975,36145,4426,114,model_specific_equal_total_country_weight,cluster_robust_country_psu,baseline cluster-robust SE (statsmodels default)
model_C_joint_household_community,joint_common_sample,whz,common_sample,country_admin_region_ghana::16,-0.10306364875055615,0.09762109945428114,-0.2943974878121499,0.08827019031103761,0.2910816372369571,36145,4426,114,model_specific_equal_total_country_weight,cluster_robust_country_psu,baseline cluster-robust SE (statsmodels default)
model_C_joint_household_community,joint_common_sample,whz,common_sample,country_admin_region_kenya::01,-0.09255724677548166,0.11101451050718006,-0.310141689130898,0.12502719557993466,0.40442746785197836,36145,4426,114,model_specific_equal_total_country_weight,cluster_robust_country_psu,baseline cluster-robust SE (statsmodels default)
model_C_joint_household_community,joint_common_sample,whz,common_sample,country_admin_region_kenya::02,-0.02141212699444703,0.10226873220040175,-0.22185515885180618,0.17903090486291212,0.8341584750331894,36145,4426,114,model_specific_equal_total_country_weight,cluster_robust_country_psu,baseline cluster-robust SE (statsmodels default)
model_C_joint_household_community,joint_common_sample,whz,common_sample,country_admin_region_kenya::03,-0.025506931440980353,0.1053037297029803,-0.23189844909656246,0.18088458621460177,0.8086077706268542,36145,4426,114,model_specific_equal_total_country_weight,cluster_robust_country_psu,baseline cluster-robust SE (statsmodels default)
model_C_joint_household_community,joint_common_sample,whz,common_sample,country_admin_region_kenya::04,-0.2795226179468151,0.1109575525659345,-0.4969954247887566,-0.06204981110487362,0.011762678831137416,36145,4426,114,model_specific_equal_total_country_weight,cluster_robust_country_psu,baseline cluster-robust SE (statsmodels default)
model_C_joint_household_community,joint_common_sample,whz,common_sample,country_admin_region_kenya::05,-0.04483784219788692,0.09002737611648799,-0.22128825700884483,0.131612572613071,0.6184510907145973,36145,4426,114,model_specific_equal_total_country_weight,cluster_robust_country_psu,baseline cluster-robust SE (statsmodels default)
model_C_joint_household_community,joint_common_sample,whz,common_sample,country_admin_region_kenya::06,-0.019001177119015923,0.10865726601276703,-0.23196550516262737,0.19396315092459554,0.861179751356413,36145,4426,114,model_specific_equal_total_country_weight,cluster_robust_country_psu,baseline cluster-robust SE (statsmodels default)
model_C_joint_household_community,joint_common_sample,whz,common_sample,country_admin_region_kenya::07,-0.5393797188471271,0.1155129179934235,-0.7657808778633659,-0.3129785598308883,3.0203361083965688e-06,36145,4426,114,model_specific_equal_total_country_weight,cluster_robust_country_psu,baseline cluster-robust SE (statsmodels default)
model_C_joint_household_community,joint_common_sample,whz,common_sample,country_admin_region_kenya::08,-0.8336220467549398,0.10702431677788452,-1.0433858531095992,-0.6238582404002803,6.74934639899034e-15,36145,4426,114,model_specific_equal_total_country_weight,cluster_robust_country_psu,baseline cluster-robust SE (statsmodels default)
model_C_joint_household_community,joint_common_sample,whz,common_sample,country_admin_region_kenya::09,-0.7323758040863804,0.09409546613354829,-0.9167995288166434,-0.5479520793561173,7.064159979078934e-15,36145,4426,114,model_specific_equal_total_country_weight,cluster_robust_country_psu,baseline cluster-robust SE (statsmodels default)
model_C_joint_household_community,joint_common_sample,whz,common_sample,country_admin_region_kenya::10,-0.8046681443740665,0.11570303909927328,-1.031441933910472,-0.5778943548376612,3.5356835199907208e-12,36145,4426,114,model_specific_equal_total_country_weight,cluster_robust_country_psu,baseline cluster-robust SE (statsmodels default)
model_C_joint_household_community,joint_common_sample,whz,common_sample,country_admin_region_kenya::11,-0.36196123741021846,0.1068498127273142,-0.5713830221106038,-0.15253945270983316,0.0007051467904359887,36145,4426,114,model_specific_equal_total_country_weight,cluster_robust_country_psu,baseline cluster-robust SE (statsmodels default)
model_C_joint_household_community,joint_common_sample,whz,common_sample,country_admin_region_kenya::12,0.10664544347327791,0.1371090908163869,-0.16208343647987183,0.3753743234264277,0.43667835893172047,36145,4426,114,model_specific_equal_total_country_weight,cluster_robust_country_psu,baseline cluster-robust SE (statsmodels default)
model_C_joint_household_community,joint_common_sample,whz,common_sample,country_admin_region_kenya::13,0.14348443647569398,0.10381220125228646,-0.059983739134611386,0.34695261208599937,0.16692445850321214,36145,4426,114,model_specific_equal_total_country_weight,cluster_robust_country_psu,baseline cluster-robust SE (statsmodels default)
model_C_joint_household_community,joint_common_sample,whz,common_sample,country_admin_region_kenya::14,0.0017710047260782254,0.11631662525519894,-0.22620539157735378,0.22974740102951022,0.9878520999865881,36145,4426,114,model_specific_equal_total_country_weight,cluster_robust_country_psu,baseline cluster-robust SE (statsmodels default)
model_C_joint_household_community,joint_common_sample,whz,common_sample,country_admin_region_kenya::15,-0.047451050070387406,0.1203868084001911,-0.283404858748486,0.18850275860771118,0.6934666827316995,36145,4426,114,model_specific_equal_total_country_weight,cluster_robust_country_psu,baseline cluster-robust SE (statsmodels default)
model_C_joint_household_community,joint_common_sample,whz,common_sample,country_admin_region_kenya::16,0.08883816209283271,0.09939265737173977,-0.10596786668350675,0.28364419086917214,0.3714234985760967,36145,4426,114,model_specific_equal_total_country_weight,cluster_robust_country_psu,baseline cluster-robust SE (statsmodels default)
model_C_joint_household_community,joint_common_sample,whz,common_sample,country_admin_region_kenya::17,0.12103600988590171,0.12257418578009796,-0.11920497967741192,0.3612769994492153,0.3234215627899133,36145,4426,114,model_specific_equal_total_country_weight,cluster_robust_country_psu,baseline cluster-robust SE (statsmodels default)
model_C_joint_household_community,joint_common_sample,whz,common_sample,country_admin_region_kenya::18,0.44563598269595067,0.10568894545191974,0.23848945604616964,0.6527825093457317,2.4813843669532183e-05,36145,4426,114,model_specific_equal_total_country_weight,cluster_robust_country_psu,baseline cluster-robust SE (statsmodels default)
model_C_joint_household_community,joint_common_sample,whz,common_sample,country_admin_region_kenya::19,0.4709295180090735,0.11818354065856969,0.23929403475285177,0.7025650012652953,6.755685204268225e-05,36145,4426,114,model_specific_equal_total_country_weight,cluster_robust_country_psu,baseline cluster-robust SE (statsmodels default)
model_C_joint_household_community,joint_common_sample,whz,common_sample,country_admin_region_kenya::20,0.20715279215690313,0.11054991275207113,-0.009521055331201539,0.4238266396450078,0.06095255161056548,36145,4426,114,model_specific_equal_total_country_weight,cluster_robust_country_psu,baseline cluster-robust SE (statsmodels default)
model_C_joint_household_community,joint_common_sample,whz,common_sample,country_admin_region_kenya::21,0.1805754888501528,0.1033157354652741,-0.021919631698052028,0.3830706093983576,0.08049825220937312,36145,4426,114,model_specific_equal_total_country_weight,cluster_robust_country_psu,baseline cluster-robust SE (statsmodels default)
model_C_joint_household_community,joint_common_sample,whz,common_sample,country_admin_region_kenya::22,0.3575867096027517,0.1086489357784191,0.14463870851844496,0.5705347106870584,0.000997566112707252,36145,4426,114,model_specific_equal_total_country_weight,cluster_robust_country_psu,baseline cluster-robust SE (statsmodels default)
model_C_joint_household_community,joint_common_sample,whz,common_sample,country_admin_region_kenya::23,-0.7845851521060021,0.1081870082517937,-0.9966277918746553,-0.5725425123373489,4.102985092037232e-13,36145,4426,114,model_specific_equal_total_country_weight,cluster_robust_country_psu,baseline cluster-robust SE (statsmodels default)
model_C_joint_household_community,joint_common_sample,whz,common_sample,country_admin_region_kenya::24,-0.41786171511566517,0.08907112504918714,-0.5924379122745353,-0.24328551795679493,2.7143961101935854e-06,36145,4426,114,model_specific_equal_total_country_weight,cluster_robust_country_psu,baseline cluster-robust SE (statsmodels default)
model_C_joint_household_community,joint_common_sample,whz,common_sample,country_admin_region_kenya::25,-0.5347437603443235,0.0956535953815052,-0.7222213622838405,-0.34726615840480646,2.265211995984737e-08,36145,4426,114,model_specific_equal_total_country_weight,cluster_robust_country_psu,baseline cluster-robust SE (statsmodels default)
model_C_joint_household_community,joint_common_sample,whz,common_sample,country_admin_region_kenya::26,0.046793249530829154,0.0952200237623695,-0.1398345676504632,0.23342106671212148,0.6231277472553196,36145,4426,114,model_specific_equal_total_country_weight,cluster_robust_country_psu,baseline cluster-robust SE (statsmodels default)
model_C_joint_household_community,joint_common_sample,whz,common_sample,country_admin_region_kenya::27,0.06835702145699366,0.10397435786487579,-0.1354289752738418,0.2721430181878291,0.510897299307634,36145,4426,114,model_specific_equal_total_country_weight,cluster_robust_country_psu,baseline cluster-robust SE (statsmodels default)
model_C_joint_household_community,joint_common_sample,whz,common_sample,country_admin_region_kenya::28,-0.11594190969949787,0.11743098205484308,-0.3461024051961597,0.11421858579716394,0.3234859872703544,36145,4426,114,model_specific_equal_total_country_weight,cluster_robust_country_psu,baseline cluster-robust SE (statsmodels default)
model_C_joint_household_community,joint_common_sample,whz,common_sample,country_admin_region_kenya::29,0.08182222021580197,0.11129903684160754,-0.13631988350774543,0.29996432393934935,0.4622441341165133,36145,4426,114,model_specific_equal_total_country_weight,cluster_robust_country_psu,baseline cluster-robust SE (statsmodels default)
model_C_joint_household_community,joint_common_sample,whz,common_sample,country_admin_region_kenya::30,-0.4843435629504014,0.13887266755626587,-0.7565289897976866,-0.21215813610311623,0.0004872290287270992,36145,4426,114,model_specific_equal_total_country_weight,cluster_robust_country_psu,baseline cluster-robust SE (statsmodels default)
model_C_joint_household_community,joint_common_sample,whz,common_sample,country_admin_region_kenya::31,0.10792007124668845,0.09429884596437918,-0.07690227062718497,0.2927424131205619,0.2524381306816903,36145,4426,114,model_specific_equal_total_country_weight,cluster_robust_country_psu,baseline cluster-robust SE (statsmodels default)
model_C_joint_household_community,joint_common_sample,whz,common_sample,country_admin_region_kenya::32,0.14117396053204753,0.09016381083518944,-0.035543861413806055,0.3178917824779011,0.11740722408110466,36145,4426,114,model_specific_equal_total_country_weight,cluster_robust_country_psu,baseline cluster-robust SE (statsmodels default)
model_C_joint_household_community,joint_common_sample,whz,common_sample,country_admin_region_kenya::33,0.14445868777397183,0.08629706114546437,-0.024680444042789185,0.31359781959073285,0.09413650382678537,36145,4426,114,model_specific_equal_total_country_weight,cluster_robust_country_psu,baseline cluster-robust SE (statsmodels default)
model_C_joint_household_community,joint_common_sample,whz,common_sample,country_admin_region_kenya::34,0.007586664803391272,0.12049368512668018,-0.22857661840941149,0.243749948016194,0.9497958293918068,36145,4426,114,model_specific_equal_total_country_weight,cluster_robust_country_psu,baseline cluster-robust SE (statsmodels default)
model_C_joint_household_community,joint_common_sample,whz,common_sample,country_admin_region_kenya::35,0.11366815058080817,0.08763977519208514,-0.05810265240886561,0.285438953570482,0.19463369099144512,36145,4426,114,model_specific_equal_total_country_weight,cluster_robust_country_psu,baseline cluster-robust SE (statsmodels default)
model_C_joint_household_community,joint_common_sample,whz,common_sample,country_admin_region_kenya::36,0.17728123236895138,0.11198762068052255,-0.042210470879205764,0.3967729356171085,0.11341163672307016,36145,4426,114,model_specific_equal_total_country_weight,cluster_robust_country_psu,baseline cluster-robust SE (statsmodels default)
model_C_joint_household_community,joint_common_sample,whz,common_sample,country_admin_region_kenya::37,0.3656265927621077,0.089853020813574,0.18951790806537477,0.5417352774588406,4.7182319671418056e-05,36145,4426,114,model_specific_equal_total_country_weight,cluster_robust_country_psu,baseline cluster-robust SE (statsmodels default)
model_C_joint_household_community,joint_common_sample,whz,common_sample,country_admin_region_kenya::38,0.3612001944062849,0.10408186019561752,0.15720349697894156,0.5651968918336283,0.0005197859494449209,36145,4426,114,model_specific_equal_total_country_weight,cluster_robust_country_psu,baseline cluster-robust SE (statsmodels default)
model_C_joint_household_community,joint_common_sample,whz,common_sample,country_admin_region_kenya::39,0.2330730179163807,0.09330701747409212,0.05019462416231066,0.4159514116704507,0.012492607128769624,36145,4426,114,model_specific_equal_total_country_weight,cluster_robust_country_psu,baseline cluster-robust SE (statsmodels default)
model_C_joint_household_community,joint_common_sample,whz,common_sample,country_admin_region_kenya::40,0.19964459088556552,0.10975564531722971,-0.015472521036156955,0.41476170280728797,0.06891271996405722,36145,4426,114,model_specific_equal_total_country_weight,cluster_robust_country_psu,baseline cluster-robust SE (statsmodels default)
model_C_joint_household_community,joint_common_sample,whz,common_sample,country_admin_region_kenya::41,0.4208216540955786,0.10064691089749987,0.22355733358126695,0.6180859746098902,2.9001533872680553e-05,36145,4426,114,model_specific_equal_total_country_weight,cluster_robust_country_psu,baseline cluster-robust SE (statsmodels default)
model_C_joint_household_community,joint_common_sample,whz,common_sample,country_admin_region_kenya::42,0.22535838065413102,0.09683428261519657,0.03556667425957266,0.4151500870486894,0.019951525760812043,36145,4426,114,model_specific_equal_total_country_weight,cluster_robust_country_psu,baseline cluster-robust SE (statsmodels default)
model_C_joint_household_community,joint_common_sample,whz,common_sample,country_admin_region_kenya::43,0.3622687335808777,0.09422246941909314,0.17759608698502852,0.5469413801767269,0.000120639401177051,36145,4426,114,model_specific_equal_total_country_weight,cluster_robust_country_psu,baseline cluster-robust SE (statsmodels default)
model_C_joint_household_community,joint_common_sample,whz,common_sample,country_admin_region_kenya::44,0.3218894832567552,0.08996213490557979,0.14556693886948516,0.4982120276440253,0.00034616037454451447,36145,4426,114,model_specific_equal_total_country_weight,cluster_robust_country_psu,baseline cluster-robust SE (statsmodels default)
model_C_joint_household_community,joint_common_sample,whz,common_sample,country_admin_region_kenya::45,0.3324552052887728,0.08679843534507471,0.16233339809799793,0.5025770124795477,0.00012804011875213294,36145,4426,114,model_specific_equal_total_country_weight,cluster_robust_country_psu,baseline cluster-robust SE (statsmodels default)
model_C_joint_household_community,joint_common_sample,whz,common_sample,country_admin_region_kenya::46,0.41922792308040885,0.10023416370570952,0.22277257219672636,0.6156832739640914,2.8833957999851075e-05,36145,4426,114,model_specific_equal_total_country_weight,cluster_robust_country_psu,baseline cluster-robust SE (statsmodels default)
model_C_joint_household_community,joint_common_sample,whz,common_sample,country_admin_region_kenya::47,0.2839165819016433,0.10529336895162178,0.07754537094557667,0.49028779285770996,0.007008636116924441,36145,4426,114,model_specific_equal_total_country_weight,cluster_robust_country_psu,baseline cluster-robust SE (statsmodels default)
model_C_joint_household_community,joint_common_sample,whz,common_sample,country_admin_region_nigeria::01,-0.2753872177606409,0.13466393075703664,-0.5393236720610284,-0.011450763460253421,0.04085523926809895,36145,4426,114,model_specific_equal_total_country_weight,cluster_robust_country_psu,baseline cluster-robust SE (statsmodels default)
model_C_joint_household_community,joint_common_sample,whz,common_sample,country_admin_region_nigeria::02,-0.11354402032225716,0.12810140464771042,-0.3646181598007615,0.13753011915624716,0.37542331721496236,36145,4426,114,model_specific_equal_total_country_weight,cluster_robust_country_psu,baseline cluster-robust SE (statsmodels default)
model_C_joint_household_community,joint_common_sample,whz,common_sample,country_admin_region_nigeria::03,-0.1383578921993705,0.10398684075519603,-0.34216835494565656,0.06545257054691558,0.18334281912762784,36145,4426,114,model_specific_equal_total_country_weight,cluster_robust_country_psu,baseline cluster-robust SE (statsmodels default)
model_C_joint_household_community,joint_common_sample,whz,common_sample,country_admin_region_nigeria::04,-0.20833039627672986,0.13680664849639357,-0.476466500175292,0.059805707621832266,0.12780649639787672,36145,4426,114,model_specific_equal_total_country_weight,cluster_robust_country_psu,baseline cluster-robust SE (statsmodels default)
model_C_joint_household_community,joint_common_sample,whz,common_sample,country_admin_region_nigeria::05,-0.20446706255207897,0.11760915055053141,-0.43497676188346956,0.02604263677931165,0.08211742971815268,36145,4426,114,model_specific_equal_total_country_weight,cluster_robust_country_psu,baseline cluster-robust SE (statsmodels default)
model_C_joint_household_community,joint_common_sample,whz,common_sample,country_admin_region_nigeria::06,0.07798304455733948,0.09282759260939208,-0.10395569372862548,0.25992178284330447,0.4008608721893293,36145,4426,114,model_specific_equal_total_country_weight,cluster_robust_country_psu,baseline cluster-robust SE (statsmodels default)
model_C_joint_household_community,joint_common_sample,whz,common_sample,country_admin_region_nigeria::07,0.06471803917001606,0.11515494159772709,-0.16098149900334233,0.2904175773433745,0.5741103273924842,36145,4426,114,model_specific_equal_total_country_weight,cluster_robust_country_psu,baseline cluster-robust SE (statsmodels default)
model_C_joint_household_community,joint_common_sample,whz,common_sample,country_admin_region_nigeria::08,-0.08978633679079775,0.12850080903866723,-0.3416432944908445,0.16207062090924904,0.4847258091533714,36145,4426,114,model_specific_equal_total_country_weight,cluster_robust_country_psu,baseline cluster-robust SE (statsmodels default)
model_C_joint_household_community,joint_common_sample,whz,common_sample,country_admin_region_nigeria::09,0.11018786451501367,0.09683227579936246,-0.07959990859278623,0.29997563762281354,0.25515181371009943,36145,4426,114,model_specific_equal_total_country_weight,cluster_robust_country_psu,baseline cluster-robust SE (statsmodels default)
model_C_joint_household_community,joint_common_sample,whz,common_sample,country_admin_region_nigeria::10,-0.1678404815894659,0.13784545385473826,-0.4380126065773309,0.10233164339839906,0.22337640891818056,36145,4426,114,model_specific_equal_total_country_weight,cluster_robust_country_psu,baseline cluster-robust SE (statsmodels default)
model_C_joint_household_community,joint_common_sample,whz,common_sample,country_admin_region_nigeria::11,-0.30676298384345013,0.11972447737308886,-0.541418647562585,-0.07210732012431534,0.0103999076214704,36145,4426,114,model_specific_equal_total_country_weight,cluster_robust_country_psu,baseline cluster-robust SE (statsmodels default)
model_C_joint_household_community,joint_common_sample,whz,common_sample,country_admin_region_nigeria::12,-0.1803133640118266,0.11652669625413238,-0.4087014919073645,0.04807476388371129,0.12176691590747768,36145,4426,114,model_specific_equal_total_country_weight,cluster_robust_country_psu,baseline cluster-robust SE (statsmodels default)
model_C_joint_household_community,joint_common_sample,whz,common_sample,country_admin_region_nigeria::13,-0.2850888409975005,0.09997141643293711,-0.48102921668951293,-0.08914846530548803,0.004348563763246419,36145,4426,114,model_specific_equal_total_country_weight,cluster_robust_country_psu,baseline cluster-robust SE (statsmodels default)
model_C_joint_household_community,joint_common_sample,whz,common_sample,country_admin_region_nigeria::14,-0.3558217171831951,0.11203675767196139,-0.575409727164881,-0.13623370720150918,0.0014935323032646078,36145,4426,114,model_specific_equal_total_country_weight,cluster_robust_country_psu,baseline cluster-robust SE (statsmodels default)
model_C_joint_household_community,joint_common_sample,whz,common_sample,country_admin_region_nigeria::15,0.026714442694432766,0.10368301678989855,-0.17650053602223012,0.22992942141109565,0.7966732156762986,36145,4426,114,model_specific_equal_total_country_weight,cluster_robust_country_psu,baseline cluster-robust SE (statsmodels default)
model_C_joint_household_community,joint_common_sample,whz,common_sample,country_admin_region_nigeria::16,-0.2745220130363635,0.1109315608910297,-0.4919438771315937,-0.05710014894113327,0.013334921440053292,36145,4426,114,model_specific_equal_total_country_weight,cluster_robust_country_psu,baseline cluster-robust SE (statsmodels default)
model_C_joint_household_community,joint_common_sample,whz,common_sample,country_admin_region_nigeria::17,0.23385476842928685,0.1583891531546704,-0.07658226729566583,0.5442918041542395,0.13982125983795415,36145,4426,114,model_specific_equal_total_country_weight,cluster_robust_country_psu,baseline cluster-robust SE (statsmodels default)
model_C_joint_household_community,joint_common_sample,whz,common_sample,country_admin_region_nigeria::18,-0.07301835971355596,0.10197901567631276,-0.27289355761797457,0.12685683819086263,0.4739829660021335,36145,4426,114,model_specific_equal_total_country_weight,cluster_robust_country_psu,baseline cluster-robust SE (statsmodels default)
model_C_joint_household_community,joint_common_sample,whz,common_sample,country_admin_region_nigeria::19,-0.38272386700242533,0.1061083039381893,-0.590692321181906,-0.1747554128229447,0.0003098564768673223,36145,4426,114,model_specific_equal_total_country_weight,cluster_robust_country_psu,baseline cluster-robust SE (statsmodels default)
model_C_joint_household_community,joint_common_sample,whz,common_sample,country_admin_region_nigeria::20,-0.09603402591869177,0.11277796391091637,-0.3170747734338458,0.1250067215964623,0.3944739899744176,36145,4426,114,model_specific_equal_total_country_weight,cluster_robust_country_psu,baseline cluster-robust SE (statsmodels default)
model_C_joint_household_community,joint_common_sample,whz,common_sample,country_admin_region_nigeria::21,-0.2637366340301474,0.11402066547626472,-0.4872130318569158,-0.04026023620337904,0.020719343650449393,36145,4426,114,model_specific_equal_total_country_weight,cluster_robust_country_psu,baseline cluster-robust SE (statsmodels default)
model_C_joint_household_community,joint_common_sample,whz,common_sample,country_admin_region_nigeria::22,-0.355042663266419,0.09787994486145894,-0.5468838300036448,-0.1632014965291931,0.00028636943163445016,36145,4426,114,model_specific_equal_total_country_weight,cluster_robust_country_psu,baseline cluster-robust SE (statsmodels default)
model_C_joint_household_community,joint_common_sample,whz,common_sample,country_admin_region_nigeria::23,-0.23498711397449593,0.0969098495679126,-0.4249269288747991,-0.04504729907419272,0.015316774104372946,36145,4426,114,model_specific_equal_total_country_weight,cluster_robust_country_psu,baseline cluster-robust SE (statsmodels default)
model_C_joint_household_community,joint_common_sample,whz,common_sample,country_admin_region_nigeria::24,-0.09345879618115241,0.1000966537606795,-0.28964463252506,0.10272704016275516,0.35046613662695636,36145,4426,114,model_specific_equal_total_country_weight,cluster_robust_country_psu,baseline cluster-robust SE (statsmodels default)
model_C_joint_household_community,joint_common_sample,whz,common_sample,country_admin_region_nigeria::25,-0.46950464735243147,0.10136519854211547,-0.6681767857807298,-0.27083250892413313,3.6247743040593414e-06,36145,4426,114,model_specific_equal_total_country_weight,cluster_robust_country_psu,baseline cluster-robust SE (statsmodels default)
model_C_joint_household_community,joint_common_sample,whz,common_sample,country_admin_region_nigeria::26,-0.5158448609813644,0.10202644383897078,-0.7158130163764456,-0.3158767055862832,4.2815978447738957e-07,36145,4426,114,model_specific_equal_total_country_weight,cluster_robust_country_psu,baseline cluster-robust SE (statsmodels default)
model_C_joint_household_community,joint_common_sample,whz,common_sample,country_admin_region_nigeria::27,-0.41975454645630955,0.10270911718753443,-0.6210607170277809,-0.2184483758848382,4.373101502417316e-05,36145,4426,114,model_specific_equal_total_country_weight,cluster_robust_country_psu,baseline cluster-robust SE (statsmodels default)
model_C_joint_household_community,joint_common_sample,whz,common_sample,country_admin_region_nigeria::28,-0.1924530425304659,0.10931834635070693,-0.4067130642273271,0.02180697916639532,0.07832602149878222,36145,4426,114,model_specific_equal_total_country_weight,cluster_robust_country_psu,baseline cluster-robust SE (statsmodels default)
model_C_joint_household_community,joint_common_sample,whz,common_sample,country_admin_region_nigeria::29,-0.6167995369402303,0.12103481258634718,-0.854023410485026,-0.3795756633954346,3.4681235033009395e-07,36145,4426,114,model_specific_equal_total_country_weight,cluster_robust_country_psu,baseline cluster-robust SE (statsmodels default)
model_C_joint_household_community,joint_common_sample,whz,common_sample,country_admin_region_nigeria::30,-0.46881681675900283,0.1001388543971297,-0.6650853648304775,-0.2725482686875282,2.8455080101173494e-06,36145,4426,114,model_specific_equal_total_country_weight,cluster_robust_country_psu,baseline cluster-robust SE (statsmodels default)
model_C_joint_household_community,joint_common_sample,whz,common_sample,country_admin_region_nigeria::31,-0.6222599914079973,0.10501268114835395,-0.8280810643787593,-0.41643891843723524,3.1121600493011248e-09,36145,4426,114,model_specific_equal_total_country_weight,cluster_robust_country_psu,baseline cluster-robust SE (statsmodels default)
model_C_joint_household_community,joint_common_sample,whz,common_sample,country_admin_region_nigeria::32,-0.1982521008397973,0.11166288165730909,-0.4171073272980813,0.020603125618486734,0.07582326335986382,36145,4426,114,model_specific_equal_total_country_weight,cluster_robust_country_psu,baseline cluster-robust SE (statsmodels default)
model_C_joint_household_community,joint_common_sample,whz,common_sample,country_admin_region_nigeria::33,-0.3539497910556301,0.12384035227890941,-0.5966724213550454,-0.11122716075621489,0.004261678354609325,36145,4426,114,model_specific_equal_total_country_weight,cluster_robust_country_psu,baseline cluster-robust SE (statsmodels default)
model_C_joint_household_community,joint_common_sample,whz,common_sample,country_admin_region_nigeria::34,-0.6074717731377899,0.12432989123146522,-0.851153882153244,-0.3637896641223358,1.029223221320654e-06,36145,4426,114,model_specific_equal_total_country_weight,cluster_robust_country_psu,baseline cluster-robust SE (statsmodels default)
model_C_joint_household_community,joint_common_sample,whz,common_sample,country_admin_region_nigeria::35,-0.3966193631973762,0.1425404796378388,-0.6759935696266052,-0.11724515676814717,0.005394130714290682,36145,4426,114,model_specific_equal_total_country_weight,cluster_robust_country_psu,baseline cluster-robust SE (statsmodels default)
model_C_joint_household_community,joint_common_sample,whz,common_sample,country_admin_region_nigeria::36,-0.4231699615577366,0.13572361941263908,-0.6891833674579305,-0.15715655565754272,0.001821569400353508,36145,4426,114,model_specific_equal_total_country_weight,cluster_robust_country_psu,baseline cluster-robust SE (statsmodels default)
model_C_joint_household_community,joint_common_sample,whz,common_sample,country_admin_region_nigeria::37,-0.6624124427067392,0.09325732498332152,-0.8451934409685967,-0.4796314444448816,1.2202375215915914e-12,36145,4426,114,model_specific_equal_total_country_weight,cluster_robust_country_psu,baseline cluster-robust SE (statsmodels default)
